,logR,logI,logS,d_G,p,sigma
labels,$\ln\mathcal{R}$,$\log\mathcal{I}$,$\ln\mathcal{S}$,$d_\mathrm{G}$,$p$,$\sigma$
samples,,,,,,
0,6.542247615586286,6.155753636689214,0.3864939788973061,3.046254468539093,0.5262583035359749,0.6337280687967666
1,6.951586887014338,6.544279697562596,0.40730718945178523,1.8713969410198672,0.5572158492034578,0.5869819204541534
2,7.241626588587161,6.706094814075685,0.5355317745115826,2.8087325146112505,0.5923109614532522,0.5354901579986457
3,7.0187876862157115,6.609983592508003,0.40880409370765847,1.6886965938608505,0.5662306871046262,0.5736115603844272
4,6.475857210328224,6.112645640161746,0.36321157016664074,2.069340542833636,0.5276676978185949,0.6315703015823066
5,6.312228469295343,5.932607145355584,0.37962132394000037,2.3505655813385005,0.5310739159458926,0.6263675085740131
6,7.266789945676175,6.651422601991927,0.6153673436842837,3.04894285726078,0.6200077524043068,0.4958393602080843
7,7.320290851934653,6.8113741404725605,0.5089167114620068,2.367543877422527,0.5941152536290153,0.5328820180289235
8,6.712594808315254,6.18427716593685,0.5283176423783971,1.7262305357010987,0.6476229852743733,0.4570668656993707
9,6.470093427300464,5.964168882235926,0.5059245450647722,2.7713698418375508,0.5801186627652424,0.5532113983957861
10,6.822397946555549,6.455187760989441,0.3672101855663641,1.385320666080279,0.5545654397146023,0.5909328122292519
11,7.08722470718538,6.828875269090121,0.2583494380951379,1.3921313727262188,0.4777624868072414,0.7099059075264491
12,6.3567851169929614,6.184214063461328,0.1725710535320104,1.4291417759910239,0.4276248163591003,0.7932626441030531
13,6.913529087709259,6.406165254959058,0.5073638327501158,2.2834955794098164,0.5966776242895437,0.5291842746639861
14,6.89861498391627,6.434110476726284,0.4645045071899858,1.6632321778345478,0.6064193728335896,0.5151912643268838
15,6.900336911364713,6.573493856864696,0.3268430544999319,1.3331502987909722,0.5267154844655733,0.6330278069088154
16,7.228341675826352,6.9503620226992755,0.2779796531272041,2.5429277487489266,0.4852665035465764,0.6978571991254102
17,6.487626974082952,5.998147427129249,0.4894795469535893,2.32895318761512,0.5855638585303462,0.5452757810257982
18,7.155469437557878,6.734247459326314,0.4212219782316424,2.4232035465800372,0.5493444023610372,0.5987428134140326
19,6.567783702878097,5.928302568056035,0.6394811348222902,2.076936715578583,0.68889377088561,0.40035675529754156
20,6.323985122072537,5.761946198900576,0.56203892317194,1.9339291852356695,0.651022369469019,0.4523423525089216
21,6.671595894277454,6.3743873168739515,0.2972085774035804,1.9590884668822177,0.49546227264193055,0.6816468663339927
22,6.459481140195686,6.060604987458598,0.3988761527373299,2.3097656147352055,0.5409294455900682,0.6114080939304007
23,6.534489715655747,6.089766538582795,0.44472317707300135,2.8660720263621187,0.5518032160772657,0.5950602229608116
24,6.2447765591440945,5.956037222655661,0.2887393364885611,0.9095499158756652,0.5256553927819052,0.6346520198177383
25,6.637577448670919,6.149138751327699,0.4884386973428718,1.5502262958162945,0.6365259539918969,0.47256164210146934
26,7.1161548597269135,6.633263213896628,0.4828916458302501,2.1556815139099115,0.5888449217528714,0.5405106450961945
27,7.040119370916438,6.6136160043266745,0.42650336658971355,2.4340730623914304,0.5516102099223908,0.5953489979203248
28,7.109686689929896,6.805948975547723,0.30373771438212316,1.8283644108995105,0.499955647778084,0.6745595370677617
29,7.401242068811536,6.949477076050195,0.45176499276135473,2.9226041032282986,0.5538267712731462,0.5920355677231524
30,7.000286567397945,6.317792176713569,0.6824943906842691,2.2037251261605384,0.7037731772292275,0.3802320405730057
31,7.15933788263481,6.583211622839643,0.5761262597952737,2.4159682183030675,0.6269547114920484,0.48601756611201474
32,7.369587217806549,6.850719525497121,0.5188676923096409,2.8045790487991944,0.5850089184571338,0.5460829511758404
33,6.880340463298518,6.3011512280371225,0.5791892352615378,1.9896826377032895,0.6574353074339928,0.443456872182553
34,6.889303596827569,6.327216740720894,0.562086856106589,2.5283837179755366,0.6145652593047659,0.5035676087085056
35,6.975467639136179,6.439175590131834,0.5362920490044871,2.1579563618692816,0.6188518235192855,0.49747826904366554
36,6.882286738501245,6.544131327234,0.3381554112675076,2.626616943227468,0.5099138936630169,0.6589717748076624
37,6.579464503547962,6.338471658753344,0.24099284479461858,1.429949711840262,0.4668224598809184,0.7276588274328193
38,6.786317095350052,6.17039915975044,0.6159179355995548,2.34122559960149,0.6528930521280516,0.44974675798446856
39,6.600929497698127,6.014185121175048,0.5867443765232565,1.8177619203532274,0.6810478710068354,0.41103363580393504
40,6.97397224366585,6.495043714842611,0.4789285288231895,2.2588270430994797,0.5826297693508453,0.5495475102443099
41,6.831546016570821,6.379306412838469,0.4522396037325507,2.472824574044896,0.5629007872409293,0.5785382407453562
42,7.34836523373013,6.99756240572856,0.3508028280016333,1.7612152492760096,0.527489019199302,0.6318436936715495
43,6.3563254458214775,5.941071919844932,0.4152535259765955,2.5919740729985534,0.5435290960014545,0.60748499737108
44,7.0258042819079325,6.431113855288347,0.5946904266195361,1.9546507011464982,0.6712509830011818,0.4244317318313463
45,6.668117325698342,6.3892505600069445,0.27886676569141855,1.685765653197933,0.48764482902957096,0.6940596063981459
46,6.596892654065124,6.118562536713187,0.47833011735178843,1.886595131974353,0.5998862701656531,0.5245640691189761
47,7.069199549987326,6.46067066823244,0.6085288817548644,1.794900634222362,0.701044091366076,0.38391143413286166
48,7.335258236331521,6.991269648949144,0.3439885873824551,1.8674114970899431,0.5212392580935107,0.6414362950720585
49,6.76841753391721,6.48507842995428,0.2833391039630442,1.6046858721048238,0.49090265368752795,0.6888738550093672
50,6.6424284897086014,6.332124679061282,0.31030381064715584,1.943979647319658,0.5022404793325242,0.6709686842618127
51,7.430455950167181,6.995908200265129,0.4345477499023218,2.273041015846882,0.5593582800291745,0.5837949443946436
52,7.78169831038411,7.513330906445086,0.2683674039390098,1.9500707790822815,0.4811715605744995,0.7044195083134996
53,6.96914481106017,6.522668625522337,0.4464761855379038,1.5059280601083707,0.6071301473295931,0.5141742812277423
54,7.00527544660161,6.6042546093695,0.4010208372321813,1.879082534024942,0.5532495481918686,0.5928978033427688
55,6.715237750078751,6.1658299840600765,0.5494077660187031,2.604562482592897,0.6053507805924131,0.5167212203103049
56,6.679022413816876,6.259741774491312,0.41928063932573423,2.1095048587708582,0.556036845418659,0.5887382936895011
57,7.137340139917507,6.729777228618419,0.40756291129901,1.1419658614886181,0.6234167424108317,0.4910137218701992
58,7.082959070291674,6.585077070697617,0.49788199959402846,1.1507055394816526,0.7494903062914848,0.31931150890844323
59,6.585444759286412,6.210177247988009,0.3752675112982615,1.876821343551267,0.5385034909464261,0.6150775748162294
60,6.806782703857317,6.301049576337514,0.5057331275199886,2.8627890806510266,0.5778154267490807,0.5565785291977593
61,6.469306764454069,5.789380996984287,0.6799257674695127,1.7877635427762577,0.7621747405429848,0.3026262064714925
62,6.835400710696087,6.488050652513474,0.34735005818265563,1.5616570924023314,0.5314587148518256,0.6257808185184108
63,7.029715351354236,6.596630434774541,0.4330849165796735,1.8887043764865972,0.5718557969274438,0.5653204862069597
64,6.752792539620197,6.322233469649307,0.43055906997096827,2.729453868406253,0.5479900480170422,0.6007747139749827
65,7.013842918540769,6.489849074820549,0.5239938437202909,3.0528689102917816,0.5812389309297179,0.5515759305631658
66,6.907924023186235,6.4734694539052615,0.4344545692808879,2.037831965375233,0.5666410163574913,0.5730054315437294
67,6.63848007058453,6.390447580025141,0.2480324905593534,1.3936850765263422,0.4712487692909033,0.7204487084104638
68,6.814395687214239,6.469683992397849,0.344711694816624,1.633130009369097,0.5273839779553335,0.6320044369322566
69,6.98106354255736,6.579370519290359,0.40169302326717116,2.2703002047232275,0.5430852443323745,0.6081541445991784
70,6.56919654031338,6.181450623663894,0.38774591664946456,1.9330763751561335,0.5439505396764097,0.606849883916059
71,7.0529267053004165,6.6226669952602055,0.4302597100402181,1.6833209401445615,0.5809041906598837,0.5520644596635532
72,6.4101433438240125,6.211180494137787,0.1989628496860405,2.003014025628101,0.4488943018816033,0.7572596798069982
73,6.857848485472852,6.400765457462812,0.45708302801017453,1.6802742417640957,0.5997416091950394,0.5247721282934433
74,6.795424756981612,6.6268286261299085,0.16859613085171077,1.2274763381376417,0.4210325777658378,0.8046311210742658
75,6.948564303110908,6.640009697441807,0.30855460566885995,2.232221675821201,0.4992727021771135,0.6756345463723241
76,7.069636907247451,6.615475095204383,0.45416181204291206,1.7756596495051475,0.5911389488052343,0.5371862779535279
77,6.542010315279123,6.097534805684399,0.4444755095948949,1.274241362754701,0.637692883616739,0.47092697556091806
78,6.36403580474501,6.073456091667397,0.2905797130774772,1.5095582935828418,0.49653702331874405,0.6799485745866609
79,6.635529507232315,6.230029454666353,0.40550005256613986,2.3926840190800647,0.5425269438759632,0.6089962208064256
80,6.620328183738986,6.296256329069999,0.32407185466922783,2.904154308535009,0.5029630255523116,0.6698349273897992
81,6.492182460619398,5.865348536344721,0.6268339242747061,2.634081197560821,0.6420322316065099,0.46485928148191447
82,7.363275622552857,6.948397865522518,0.4148777570303537,1.711828333472738,0.569007011607646,0.5695145320551583
83,6.5414719747713495,6.112609535176171,0.42886243959515014,1.4893439970958653,0.5946495418523268,0.5321103897644285
84,6.7281319482962605,6.064583161532186,0.6635487867640677,2.9090745221424754,0.6468094367371242,0.4581990578042354
85,6.8362904732365966,6.504232882875124,0.33205759036150084,2.35782841854612,0.5091367477366079,0.6601824584997057
86,7.098166800185874,6.7513471252456885,0.34681967493997945,1.9656167484162843,0.5209651975690914,0.6418582911227392
87,6.545944728684782,6.318680411473425,0.22726431721139306,0.8800069127224184,0.4635585746256652,0.7329997618834281
88,6.9418657812886355,6.6426713429907185,0.29919443829794545,2.5856374334191834,0.49393219321797943,0.6840680542247206
89,6.9255897403103805,6.356346459298964,0.5692432810114951,2.002578008121791,0.6497998784540882,0.4540402202803218
90,6.8286102245826275,6.276059180056913,0.5525510445258988,2.819507351266335,0.5996176873991026,0.5249503773398758
91,6.3530568535958825,5.872008786218261,0.4810480673775146,2.1065681430455143,0.5899717799555868,0.5388769252464936
92,6.831603550048323,6.437504346193117,0.3940992038551485,1.7994985807946549,0.5520355055757543,0.5947127382208134
93,7.225091700414788,6.895251959790068,0.32983974062472043,2.183715191938667,0.5096060838104545,0.659451183510627
94,6.327057139431355,5.7943178418344505,0.5327392975968905,2.9009888981398895,0.5885750584335081,0.5409021071775652
95,6.547523224565731,6.1682096684743914,0.379313556091347,2.605911870429548,0.5275847063405107,0.6316972790821829
96,7.1591709224662115,6.692368307212783,0.46680261525330025,1.5110645695647378,0.6232345800893488,0.4912712940529481
97,6.625767211829663,6.127037746377981,0.4987294654517882,1.924602856528029,0.6103993775282119,0.5095034545220505
98,6.539895505347369,6.185388213124449,0.35450729222293376,2.149826956248166,0.5219773917400714,0.6403002907886512
99,6.931509337866766,6.569272431756163,0.3622369061106383,1.5337437661411286,0.5425825308762009,0.6089123604172844
100,6.817003805892847,6.172450383260662,0.6445534226322707,1.8673288361630753,0.7186249778855978,0.36029708646747005
101,6.926157616095617,6.4261377261085375,0.5000198899870156,1.6672038234407438,0.6324535479256914,0.4782763204033386
102,6.8822336186860245,6.420958757244735,0.4612748614413249,1.9331949975442058,0.586728888546812,0.5435823785570887
103,6.953331129988266,6.355030928178168,0.5983002018101615,1.8450285353202318,0.6863201493745218,0.4038539117101183
104,6.748887722753745,6.460507299242794,0.28838042351094373,1.3532566708131029,0.49827732975932615,0.6772027396464874
105,6.697732597703572,6.222783461214215,0.47494913648915826,1.940870863297011,0.5946361835472973,0.5321296781958684
106,6.90126498287753,6.354307185452621,0.546957797424966,2.1581508780757552,0.6250198356725941,0.48874839674280796
107,6.90266339959947,6.638745165650315,0.26391823394897074,2.4099422936194053,0.4793331449565862,0.7073755210429414
108,6.636221621146143,6.161655756101348,0.474565865044724,1.0175785968450057,0.7997418544255488,0.25368120627261526
109,6.843002118080159,6.041734617719664,0.8012675003606091,2.20310931753545,0.7824112268213403,0.2761781653419107
110,7.068868028163871,6.357181797801255,0.7116862303623748,3.0206517040269247,0.6637299565799777,0.4347692093593584
111,6.614091388330218,6.342255060533754,0.27183632779656364,1.6661896686246784,0.4838592909073074,0.700108911568998
112,6.8388597819593375,6.5856492432338545,0.25321053872562516,1.6139481006603447,0.4736753387180027,0.7165118732934519
113,6.546710765069912,6.1321428235272695,0.4145679415428276,1.131958150499237,0.6342307543270462,0.4757805129578508
114,6.610625962810156,6.304193565357481,0.30643239745268147,0.893440922661334,0.549985438022756,0.5977819469875576
115,6.798091919253858,6.5917769001334126,0.20631501912066597,2.083639457956277,0.45293668228523976,0.7505281400427618
116,7.299359692977243,6.83158991274251,0.467769780234903,2.4957372044417454,0.5696917781308409,0.5685054911941144
117,6.941239867799988,6.273750233639214,0.6674896341605745,2.597262442575655,0.6646605204214414,0.4334876718141719
118,6.987442554459614,6.558635774899956,0.4288067795596362,1.8065495553896795,0.5730980943766544,0.5634946613726594
119,6.810206231644935,6.299743218089107,0.5104630135556363,2.845911098608397,0.5802707843049671,0.5529892309988638
120,7.041250291581429,6.645367249333761,0.395883042247533,2.5434162858073464,0.535657077452703,0.6193936285864567
121,7.273406452217779,6.609731708044658,0.6636747441727948,1.7730056235263056,0.7508750855023332,0.31748570383460306
122,6.754547687514725,6.379231720334767,0.3753159671798585,2.6371371486589723,0.5255249028523238,0.6348520648469149
123,6.424343279073293,5.904036814857202,0.520306464216219,2.678666791239383,0.5891742092289236,0.540033094859203
124,6.397916930008188,6.001750946846956,0.3961659831613815,2.061346745501517,0.5450657071187053,0.6051705114811844
125,6.498622808975762,6.1534431220425265,0.3451796869333066,1.346247096854622,0.5399914056119597,0.6128259874459552
126,6.9670371076096504,6.406053661974058,0.5609834456356566,2.4885886163808912,0.6157140595396163,0.5019338411958257
127,6.650747076135696,6.248777818640336,0.4019692574954661,1.7253392573834603,0.5600078708073766,0.5828298164888035
128,6.851630239585967,6.548643394889909,0.30298684469630643,1.6290986338148912,0.5021172375550935,0.6711621506604422
129,7.347849639418593,6.7142891875251625,0.6335604518935725,2.07753528579331,0.6849279238626238,0.40574779031200836
130,6.64260764293129,6.063968057473149,0.5786395854579496,1.9158800151234203,0.6641063958443183,0.4342507054688607
131,7.049793695149612,6.499683873617522,0.55010982153226,2.649184744189636,0.6040803497135014,0.5185417340657926
132,7.040427512425305,6.52959291054834,0.5108346018769225,2.043092513479909,0.6105377867912414,0.5093059516946935
133,7.19920532941199,6.939276147261241,0.25992918215092686,2.290030785731883,0.47744446358925396,0.710418807599992
134,7.046958710168775,6.648031466001017,0.39892724416768033,2.4364088072956847,0.5386937531855518,0.6147894867252265
135,6.955610221145372,6.465240921695754,0.4903692994496396,1.8080590063543447,0.6130841727496427,0.5056759236688085
136,6.546689241405767,6.369418359788996,0.17727088161677784,2.0638415562079047,0.4400695486979843,0.7720757757359714
137,6.691180157106084,6.137643779104765,0.553536378001354,3.5438568747442147,0.58308926511673,0.5488778714977469
138,6.774227451423423,6.2906311634614145,0.48359628796197285,2.220890506200792,0.5865493086997848,0.54384330097662
139,7.294248901106522,6.649716930789326,0.6445319703173027,2.7796565975999066,0.6437123282928385,0.46251460913682446
140,6.501031051419824,6.127500977403715,0.3735300740161165,0.97435179104356,0.6227827795087861,0.49191026756572587
141,7.509128933956783,6.977147216963987,0.5319817169925045,2.061038088706926,0.6221643637110366,0.492785207788611
142,7.167497470876635,6.821756625461825,0.3457408454146389,3.042952255396635,0.510685783464568,0.6577702347763138
143,6.65404937116312,6.252371641625709,0.4016777295373686,1.0597677158725105,0.6368138941572763,0.4721581705430987
144,7.118064498270934,6.732197549021125,0.38586694924993026,2.045328802452037,0.5399932460258369,0.6128232043642943
145,7.367366637309653,6.96166285581422,0.4057037814955038,1.8851275549288538,0.5557680044014932,0.5891390429415722
146,7.022722728122909,6.582338061412289,0.44038466671077003,2.202479120822588,0.5643654399805104,0.5763695228688469
147,6.972386717952242,6.4239634432773745,0.5484232746746329,2.1993959628716873,0.6234333734748903,0.4909902076561184
148,7.202407282546966,6.728344338538891,0.47406294400821025,2.5282434781097436,0.5718143200751302,0.5653814779024408
149,7.2438079847119585,6.724784198934424,0.5190237857775628,2.560754894026399,0.5922589976338989,0.535565326631599
150,6.7379880274344774,6.1579729878836265,0.5800150395509718,2.5025796167111167,0.6247612011584293,0.48911370227040146
151,6.187926881842197,5.886841669634984,0.3010852122072265,1.2562727324390153,0.5106837676872049,0.6577733713409442
152,6.705036702283843,6.175413690470814,0.5296230118131007,1.6026813071251382,0.6641463478893974,0.43419568275354176
153,6.902407222705216,6.231619468511747,0.6707877541934977,2.474847180873592,0.6742602464799545,0.420308301145933
154,6.881222017730062,6.406172991427214,0.47504902630294055,1.9223647276204865,0.5957299679355292,0.530550986757232
155,6.685094167022891,6.332758538907536,0.3523356281152701,1.585076713461369,0.533857770707811,0.6221278998619367
156,6.853039375011287,6.431101292908375,0.4219380821029972,1.974130301160585,0.5619017261557834,0.5800191169626971
157,6.775521479273431,6.266806612780906,0.5087148664924825,1.5654769197783729,0.651601080940681,0.4515390586436354
158,6.98825771348441,6.617051654794034,0.3712060586901771,1.170160520040426,0.5789226481233004,0.5549590825403412
159,6.721129576674395,6.441309708475908,0.279819868198274,2.689862289461683,0.4860304455442662,0.6966362793605788
160,6.588414541710273,6.206546964382804,0.3818675773272844,2.3026375996853723,0.5328906110865869,0.623599542601607
161,7.151777219082925,6.795863015769493,0.3559142033136595,2.110648557767238,0.5232677071736729,0.6383164480203852
162,6.846198611635993,6.365645007413514,0.4805536042224503,2.598894551046719,0.573005723698676,0.5636303553649649
163,6.5599031610790295,6.335353783291859,0.22454937778707063,1.1031473649469312,0.4568510837889438,0.7440419711380682
164,6.563016541337385,6.386971570960492,0.17604497037677902,0.884329396210461,0.4187715761439932,0.8085542729346941
165,6.707973794661649,6.102612225680113,0.605361568981607,2.1073079906279766,0.6640314577808696,0.4343539151391538
166,6.948488618710764,6.6027009380816555,0.34578768062897325,1.0391956617275824,0.571470532850991,0.565887097885361
167,6.721497771296692,6.429141246103422,0.2923565251933269,2.147669391024806,0.4921536286186762,0.6868874935703654
168,6.751385709196194,6.306624648724602,0.4447610604715919,1.9243458599326075,0.5772327679006855,0.5574313252868204
169,6.6443106561050005,6.064823460821765,0.5794871952830363,2.997040419213924,0.6061358700727966,0.5155970514878434
170,6.580217550900381,6.25123011364297,0.3289874372574104,1.6512594705643835,0.5172280239625442,0.6476242266237047
171,6.594983805198519,6.182975289241414,0.4120085159570408,2.243313365361029,0.5487888834557622,0.5995759436644821
172,6.794058896776443,6.344023139030371,0.4500357577460363,2.0348846187106204,0.5755156012419551,0.5599469821820431
173,6.648191047967368,6.269628335058366,0.378562712908888,1.2194613105199679,0.5797357267360967,0.5537707820189705
174,6.526746504113982,6.131290833671239,0.3954556704427432,1.4390858129426576,0.5726372366069137,0.564171772078514
175,6.95134312920589,6.58498786249851,0.3663552667073873,1.86889493207158,0.5336716381475495,0.6224110168233665
176,6.902260599159655,6.364943371994956,0.5373172271647491,1.7913347169224885,0.6474154328150837,0.45735565476566403
177,6.355152306044539,5.7674863020072795,0.5876660040373736,1.8353022978667184,0.6795672266324118,0.4130537597710777
178,7.112334325797457,6.615029516879519,0.49730480891798834,2.3477672355293784,0.5888984558603383,0.54043299869349
179,6.500248895842725,6.095866597487602,0.40438229835513084,2.355661863428825,0.5426930464478755,0.6087456456849782
180,6.971027239272127,6.436328000271979,0.534699239000247,3.231711399340675,0.5818029064251129,0.5507531468614019
181,6.700189975755331,6.038421869071437,0.6617681066836667,2.803381963882906,0.6508141925753392,0.45263138864195407
182,6.6353123720338605,6.237440965637704,0.39787140639600693,2.2654109868856303,0.5413096492228566,0.6108337475088859
183,6.47597448277673,6.0832481982136475,0.39272628456274106,1.9197867421025983,0.5471470917413035,0.6020406310243652
184,6.784720731362251,6.436051556690915,0.3486691746713859,1.0235329091010499,0.577595371108869,0.5569005613011925
185,7.242172145053184,6.966660226015714,0.2755119190373989,1.5662982857118344,0.48669369309053623,0.6955771293992339
186,6.677508759570793,6.578381136160305,0.09912762341059533,1.2305670659893124,0.38198699631358546,0.8742410477613188
187,6.739764351235573,6.152625930281703,0.5871384209540338,2.0765932840716808,0.655109323995996,0.4466755691297874
188,6.219073230104351,5.939756307237923,0.2793169228662009,1.2929563239337512,0.493437427002022,0.6848518272199209
189,6.581069099290227,6.212518253278207,0.36855084601211274,2.4908003506855536,0.524180619413905,0.6369143740020918
190,7.063357894937946,6.558185381105583,0.5051725138323491,1.9717566743869064,0.6114154114715745,0.5080540887036247
191,6.909819515948977,6.557964875461559,0.3518546404875451,2.286908488920428,0.5189152165291624,0.645018469945714
192,6.707099406800063,6.345985496543905,0.3611139102561083,2.3361340108310564,0.5226402286842811,0.6392808735622376
193,6.550512232509556,6.075875644711809,0.4746365877977041,1.8132883298958618,0.6022045356289604,0.5212329032186569
194,6.38024707471339,5.983034726806915,0.39721234790658855,2.0060387397210384,0.5471137979919438,0.6020906500048407
195,7.11902373068636,6.644947161724348,0.47407656896211847,2.163062024242887,0.5837053343230212,0.5479804389602883
196,6.327709731339548,5.781811819685183,0.545897911654265,2.212466205725743,0.6212565483243777,0.49407027707143664
197,6.854690125545568,6.394502868081895,0.46018725746353084,2.0580073822210316,0.5803082855861805,0.5529344660782726
198,6.8661796312402945,6.620678422421493,0.24550120881895054,1.7391707369838905,0.46956668606231045,0.7231842626535372
199,6.917172683351675,6.396744017247139,0.520428666104408,2.4610464842315594,0.5964243698752831,0.5295494218640344
200,6.524557114601231,6.166471188631123,0.3580859259700446,2.005077660567835,0.5261886929703679,0.6338347182310871
201,7.0497455646233735,6.656326147204576,0.3934194174187269,2.8044087988699182,0.531324927548851,0.6259847751210417
202,6.382431146984056,5.993165676137702,0.38926547084633967,1.9897743393295677,0.5432227470083452,0.607946817564122
203,6.982621132007063,6.440450434708852,0.542170697298161,1.8068036691907672,0.6493541273670057,0.45465963125669906
204,6.98929116272455,6.579488399734567,0.4098027629900116,1.9988502351020188,0.5542542601604938,0.5913972834065736
205,6.454558886484557,6.046465982872599,0.4080929036119869,2.2257386415613034,0.5472334035082793,0.6019109672533858
206,7.538309883843732,7.079317007707056,0.4589928761365627,2.0149964733289814,0.5814877653779154,0.5512128600542929
207,6.881831930555274,6.331702489127347,0.5501294414277709,2.6675320389243353,0.6034478975203079,0.5194486720035552
208,7.27876099839221,6.796007169595464,0.48275382879683093,1.9708895237844253,0.5977315356240732,0.5276654813130853
209,6.774742546457839,6.315814681831279,0.4589278646265029,1.2632085733880416,0.6558357084499591,0.44566990254700994
210,7.636453542984947,6.786215569924105,0.8502379730607572,2.5894165339213124,0.7640686517371,0.30014225179228254
211,7.10703789990651,6.745237783083455,0.36180011682313307,2.284050574139698,0.5236320022869143,0.6377568039359044
212,6.836149675310873,6.489392641011586,0.346757034299344,1.6840351268042184,0.5271519539615235,0.6323595581475482
213,6.707380105163503,6.496027101017548,0.21135300414607627,1.4540818387309677,0.4495456239797154,0.756172757526272
214,6.942770911038162,6.710702308398746,0.2320686026396288,1.3525946435055438,0.46137374824775657,0.7365866625161481
215,6.476494429917176,6.038553430692831,0.43794099922433816,2.175103829096436,0.5639280919504197,0.5770168217631979
216,6.806914194285065,6.357494077468262,0.4494201168165546,2.1663592287666162,0.5702890293944308,0.5676258812285347
217,6.712962628529732,6.369014668058684,0.34394796047104137,3.0015088813481228,0.5101989425410993,0.6585279509725976
218,7.024720618589464,6.482273378684122,0.5424472399051865,2.6155357667977306,0.6016160573921647,0.5220779512874661
219,7.318641512023925,6.977911583400024,0.34072992862365936,2.3566718701345373,0.5130666625568012,0.6540700709830322
220,6.536664608902521,6.02791049964936,0.5087541092534593,1.499594261747287,0.6614430951729482,0.43792163015240704
221,6.705838936069023,6.381569495344118,0.32426944072494734,1.2088787678099635,0.5319112078082766,0.6250911930432971
222,6.646206957831902,6.229323067937587,0.4168838898942795,1.7658880305851063,0.5675732950081065,0.5716290728327402
223,7.179130731002653,6.897381859534038,0.28174887146860783,1.2924602482794505,0.49517974826189937,0.6820936299907134
224,6.8253358700496225,6.354755510468246,0.47058035958139044,1.0152376116405506,0.7908999191897385,0.265142200273656
225,6.113211506481258,5.710382761825189,0.40282874465606255,0.777202221493436,1.0,-0.0
226,6.735554806870988,6.339837589340172,0.39571721753100064,1.6669500883737491,0.5587209185102755,0.5847424315261361
227,6.712908399066629,6.2927063890780435,0.42020200998854307,3.1419061519498115,0.5383631182200596,0.6152901547685122
228,6.701805439210995,6.268029518754206,0.4337759204568101,1.8913709660952307,0.5721516875136601,0.5648854402027274
229,6.870836366059786,6.425175636759343,0.44566072930047085,2.610576365477346,0.5568011835638382,0.5875994451394732
230,7.016345516835537,6.584454205777343,0.4318913110582798,2.3389348538868866,0.5563545937219645,0.5882647624181846
231,6.975539206916148,6.540735515591814,0.43480369132453234,2.439496497505843,0.5554160441168863,0.5896638374274019
232,6.660569934256438,6.466982222430163,0.19358771182623968,1.7296695655271392,0.4432493725081207,0.766717708585498
233,5.986080949483204,5.627059514294439,0.3590214351886516,1.8437866133107192,0.5301532495346316,0.6277720939585466
234,7.270572188484659,6.694072252849873,0.5764999356347289,0.9467637473157673,1.0,-0.0
235,6.434164837264172,6.169452429742991,0.26471240752130143,1.9203054059002618,0.47940093080836066,0.7072664176134211
236,6.422087855076535,6.046886123133122,0.3752017319436618,1.5525291423517729,0.550582743956469,0.5968871247494677
237,7.002574140306416,6.688143514184974,0.3144306261215206,1.6275276453936556,0.508967653781059,0.6604460111894523
238,6.865837949972212,6.375495506585539,0.4903424433866803,2.5157834178258263,0.5799043679719007,0.5535244136676526
239,6.605168149690536,6.295479564959402,0.30968858473124783,1.5852641965928065,0.5069371308682895,0.6636144118607034
240,7.098609024363833,6.650258369697193,0.4483506546666831,2.0970136991243606,0.5721668026852935,0.5648632193348861
241,7.623744208852878,6.9244462493178975,0.699297959534988,2.460124263124065,0.6910691970804261,0.3974045007474905
242,7.031854926094576,6.701970186061098,0.3298847400333216,2.2234347428071146,0.5092597404590674,0.6599907887733711
243,7.0803240175941315,6.615084659937944,0.4652393576561735,2.7451252657681557,0.5627651799932025,0.5787391725466758
244,7.219390226843808,6.72588813547072,0.4935020913731023,2.2820901158169526,0.5894080066788419,0.539694104099014
245,6.942728119043233,6.597394839155877,0.3453332798874271,2.656674568738204,0.5127112750580269,0.6546218151131985
246,7.035713433936445,6.648502782162817,0.3872106517735574,1.267642781069899,0.5820651920411988,0.5503706254612293
247,6.777266832923653,6.365955789389448,0.4113110435341696,2.4288493049109867,0.5445809599558364,0.6059003004233103
248,7.555501612030122,6.977322921617672,0.578178690412642,2.0864719933858176,0.6487101263451558,0.4555548364776173
249,6.589076115981408,6.266250452987238,0.3228256629943189,1.451352437218361,0.5189712091058449,0.6449320682739782
250,7.234766592643092,6.64150177482251,0.5932648178206819,3.322399190765065,0.6030653279492026,0.519997485090698
251,6.792619148138266,6.353059505024598,0.4395596431136255,1.7055685639857963,0.5858170007410972,0.5449076991920291
252,7.113487058440052,6.759683926580722,0.35380313185919476,2.0827367018201635,0.5226425498149152,0.6392773049219947
253,6.547935621238077,6.169323936705533,0.3786116845324159,1.4561591030204895,0.5585371459662849,0.5850157210993016
254,6.835813654580699,6.1450412316136696,0.6907724229672567,2.7882872766031923,0.665528518843648,0.43229293845861905
255,6.601338991139466,6.090326509925292,0.5110124812140384,2.8554873490115398,0.5802781961549137,0.5529784069872024
256,6.543560876671046,6.109686844056656,0.43387403261431245,1.4455619659214705,0.6031112728864579,0.5199315667594686
257,7.153122923365055,6.498162021874451,0.65496090149054,1.8895202219588008,0.7233546397455661,0.35397897527281086
258,7.246571465421249,6.86641644532884,0.38015502009238844,1.2045353174260853,0.5831959259061195,0.5487224663175189
259,6.550038537176926,6.172681728271607,0.37735680890523327,1.5359999087884084,0.5529367555540461,0.5933652262016975
260,7.387367512659631,6.916077075032918,0.4712904376267488,2.2206160740911827,0.5800006705298069,0.5533837401199999
261,6.914980405928583,6.537868290162054,0.3771121157667494,1.8084967664956935,0.5415893204645461,0.6104113967729642
262,6.920859164407995,6.536861825496901,0.3839973389108309,2.7641137532482496,0.5278558395112982,0.631282481272204
263,6.879575031619817,6.381819236695053,0.4977557949248421,0.8953967234821079,1.0,-0.0
264,7.378361732141622,6.828023070661404,0.5503386614802821,2.773270316978781,0.6000510282977716,0.5243271327828667
265,6.563193787261236,6.225498838471177,0.3376949487901584,0.943913810961778,0.5804190469773625,0.5527727255843992
266,6.538146927750796,6.193714645517945,0.34443228223290134,1.3133092502878583,0.5414567222640541,0.610611628836992
267,6.592948951559203,6.2871650109164765,0.3057839406428684,1.2185722438186595,0.5161220946963669,0.6493346486862049
268,7.0847155851124,6.653764050054074,0.4309515350582842,1.7693923422243607,0.5763778509970916,0.5586833404546145
269,6.85676205957696,6.393067300629314,0.4636947589474403,2.4814951669200056,0.5681255061906065,0.5708143328373512
270,7.090063885628917,6.46493617295908,0.6251277126698369,1.2860403084728809,0.9169004919923768,0.10433879495185074
271,6.588593432515546,6.089388334902262,0.499205097613185,1.9436527083446045,0.6094741137689322,0.5108242689700423
272,6.60413298021029,6.406088746053223,0.19804423415712336,1.8807755272647952,0.4471685109906114,0.7601440055914385
273,6.861039821357446,6.434525280100063,0.42651454125734745,2.4647813546017083,0.5509799668592033,0.5962923108403766
274,7.163564386212494,6.720658858674321,0.442905527538187,2.24802606602497,0.5643051541473519,0.576458734829054
275,7.086268246325455,6.709535736932482,0.376732509392923,1.8303942508353686,0.5406898050610955,0.6117702053685434
276,6.8037079887366705,6.247929091065567,0.5557788976709617,1.437200542286682,0.7218071604082215,0.35604460589730463
277,6.749327520697699,6.149476421099694,0.5998510995980268,2.4810639587140173,0.6360528900568552,0.47322468247723
278,6.979710638574199,6.516554178814269,0.4631564597598299,1.5945450834046007,0.611511476746364,0.5079171074689472
279,7.1819635113380915,6.6531365745460125,0.5288269367920293,2.225533147485759,0.610998204198912,0.5086491028561989
280,6.61458120862647,6.302225982628132,0.3123552259985445,2.324843561276939,0.5005003633547629,0.6737026710884273
281,6.572841557269777,6.074896056093374,0.49794550117644576,2.23701473094955,0.5935957444929745,0.5336326064396533
282,6.591332370166748,6.10780161236516,0.48353075780164545,1.2733792703285154,0.6820123003259143,0.40971871428384765
283,6.8697274814066365,6.446811298533996,0.42291618287254096,2.435583297425584,0.549889508318443,0.5979257035927679
284,7.171053538215512,6.849665969498242,0.3213875687172276,1.7948706226774611,0.5100224064018422,0.6588028041362292
285,6.8063354753964465,6.356144359460268,0.4501911159363772,2.201777298667043,0.5695167822152873,0.5687633021344778
286,7.061758354001251,6.478993178370887,0.5827651756301293,1.8226263825630191,0.6774476474751403,0.4159485562424838
287,6.9592475671953995,6.446930406126301,0.5123171610689496,2.1716950087259583,0.6044785195544762,0.5179709763307133
288,6.930541228148224,6.507260531606116,0.42328069654195133,2.594900647943689,0.5470556279841186,0.602178045534359
289,7.598398653118631,7.1516692109845525,0.4467294421342558,1.8617369820220944,0.5814841376075416,0.5512181527561174
290,6.927702781942282,6.442250934271025,0.48545184767112914,0.922568185895539,1.0,-0.0
291,7.053519350453309,6.53582272271902,0.5176966277340398,2.768429983165852,0.5854491773630798,0.545442557674559
292,6.9271259219082655,6.5750975977846355,0.3520283241234665,1.4577475881844855,0.539051094878995,0.6142485509153143
293,6.5784677613013915,5.917105670682071,0.6613620906193773,1.828566451205429,0.738438088272052,0.3339224371114109
294,6.982002190745272,6.56922402288644,0.41277816785895993,2.2745398299838158,0.5484559980935166,0.6000753824032735
295,6.818568097664121,6.494618051441401,0.32395004622276247,1.6398368297633752,0.5144459153381803,0.6519306438781481
296,6.521995214318105,6.151295455761444,0.3706997585566114,2.1212633536005043,0.5305406150333414,0.6271809713535077
297,7.2519787862603895,6.691526904343464,0.5604518819168334,1.8819507625147516,0.6548261514316192,0.44706773895568047
298,6.949038263348195,6.681264803870173,0.267773459477894,2.0475108024974205,0.48081174522020564,0.7049975751055421
299,7.037429573904939,6.579994368481438,0.4574352054235078,2.7049060351565792,0.5601493585781039,0.5826196733933816
300,6.767368283582465,6.247986307101963,0.5193819764804175,2.47295879869462,0.595468521006445,0.5309282204745436
301,7.418063084955913,6.948721522000406,0.4693415629556057,3.1693899482616175,0.5570994128041427,0.5871552962249086
302,6.62047123536666,6.24260437766023,0.37786685770652184,2.7814735057928672,0.5251537497565887,0.6354211927893731
303,6.871198867425784,6.366860652702018,0.5043382147237025,2.422743505974978,0.5897631849443037,0.5391792378577944
304,6.562018761237306,6.062548637552384,0.4994701236846595,2.0602227754101428,0.6028436194559956,0.5203156074852924
305,7.008757885755296,6.59097717930319,0.41778070645204934,2.2039917304340513,0.5526667341900219,0.5937688379309777
306,6.860823945755721,6.405089550580714,0.45573439517488623,1.9464616813371656,0.58274297113951,0.5493825145761569
307,6.987456544279377,6.576038762190359,0.41141778208907454,2.0434967771568964,0.5537654077323468,0.5921272095139428
308,6.835793404740281,6.339790593580775,0.49600281115954203,1.7749303518119746,0.6195553581561875,0.4964806187795225
309,6.8409949227467965,6.472130907998215,0.36886401474885133,1.7389982039261298,0.5388948202269448,0.6144850938419913
310,6.753525680552849,6.3386829413811245,0.41484273917171777,1.8965488530511365,0.5606939292308035,0.5818110959679622
311,6.5598657289166855,6.178389404990144,0.38147632392656305,2.5065721185333985,0.5297406680495681,0.6284019376867783
312,7.291691594463538,6.780877697012892,0.5108138974505891,1.2524023205363335,0.7239285269742926,0.3532133143576616
313,7.314611607270246,6.819645385395953,0.49496622187416506,2.411830181443566,0.5854530787065635,0.5454368838434284
314,7.434614344926951,6.909354072648705,0.5252602722780466,2.519771126660963,0.5966871126077475,0.529170595591478
315,7.162427606121293,6.736625432303059,0.42580217381828334,1.3069841393653192,0.613279701486332,0.505397461450673
316,6.5196260813128735,6.116845987906922,0.4027800934059087,2.2922460623066385,0.5431684012144766,0.608028757226232
317,6.814346859579183,6.292861099197411,0.5214857603816654,1.6766693573525657,0.6479674313295353,0.45658768660021287
318,7.0646360658687914,6.481205775203479,0.5834302906653193,2.7389250516718597,0.6165236900644661,0.5007832288138478
319,6.865795807945625,6.520914622920218,0.34488118502531506,2.0771825780580464,0.5182222373613565,0.646088199210846
320,6.664797437643466,6.09104412418222,0.5737533134613386,1.6338559849258978,0.6975117838962703,0.38868148022225374
321,6.704381997229968,6.2005154708966135,0.5038665263336952,1.7004896328431407,0.6319659116538041,0.47896164954221554
322,6.897792373435488,6.482850416468908,0.41494195696645875,1.4876836537177986,0.5838712347786856,0.5477388459844587
323,6.665505827855606,6.172278182432729,0.4932276454228486,1.895426616017044,0.6088110122231782,0.5117713950838536
324,6.484878023443736,6.001743706520822,0.4831343169230422,2.0692087096909155,0.5928972266986221,0.5346423013005684
325,7.303028856946577,6.625002661279085,0.6780261956673712,1.6051629611369265,0.8091392324207182,0.2415366269641787
326,6.663873037261903,6.1625219667774775,0.5013510704843611,1.386192859202044,0.6751315981675414,0.4191156712467019
327,6.822339038910906,6.36831297083957,0.45402606807124357,2.6698607289193994,0.5593462737608937,0.5838127877947843
328,7.187804092371545,6.602109918253641,0.5856941741178616,1.9021384994121178,0.6704834519949203,0.4254845912395064
329,7.023353702217884,6.766367880999825,0.2569858212177678,1.856927935874495,0.4755651637680012,0.7134535221436265
330,6.828138749063266,6.332773454394458,0.49536529466877255,2.9677920588746787,0.5711275295943016,0.56639170907629
331,6.903617080927171,6.371539076359122,0.5320780045681204,1.7556216602797647,0.6472758919883994,0.45754983370144314
332,7.11674515799694,6.848884340716497,0.2678608172807344,1.9690152140505575,0.4809044083459082,0.7048486832449542
333,7.085648316339013,6.820651426139479,0.26499689019942707,2.2651982313425023,0.479622815565384,0.7069093460832947
334,7.1938160153858295,6.82599850130609,0.3678175140796611,1.6827054978314813,0.5401825561397497,0.6125369541569293
335,6.833777741201795,6.41596282211041,0.41781491909137003,2.179945383573614,0.5533098803492027,0.5928076606595107
336,7.019568608401352,6.455763388934203,0.5638052194669854,2.7781920004475786,0.6060406036532268,0.5157334286169527
337,6.5094873989693784,6.049745847786726,0.4597415511825602,1.3983733490604067,0.6319139946516255,0.4790346274887074
338,7.25369895571219,6.834824203454163,0.4188747522580343,2.3640553049346558,0.5494625521630206,0.5985656738121621
339,6.565848154203815,6.291659680000835,0.2741884742029015,1.4192201827647892,0.4875719416336133,0.694175840559535
340,6.688473121934459,6.183662464454928,0.5048106574795383,2.2891634376251417,0.5950889250525055,0.5314760623117554
341,7.107164446945427,6.628074246293169,0.47909020065208097,2.0341278943160574,0.5922594480572099,0.5355646750555495
342,6.964038345776709,6.560295030836004,0.40374331494058424,3.3335055893286807,0.5304239276138611,0.627359014142073
343,7.003700002699981,6.574667072656988,0.42903293004314946,1.6963128826609548,0.579275616931169,0.5544431284916435
344,6.816968370072283,6.485016912283614,0.3319514577888185,1.2649026918180475,0.5345505940421796,0.6210745186717268
345,7.053524671432735,6.675095931388244,0.3784287400444555,1.682482682142549,0.5468774184610161,0.6024458189450912
346,6.468524382767038,6.052497407988335,0.4160269747787879,1.5207705593608303,0.5820350741505633,0.550414545765293
347,7.3128372262705685,6.76166980168882,0.5511674245815357,2.5451894718144175,0.6084636415245437,0.5122677374206643
348,7.299412778517246,6.860772755152057,0.4386400233652239,2.282511196955017,0.5611625613636213,0.5811155763156794
349,7.000368733796842,6.580953977917249,0.4194147558794157,2.5850847030420887,0.5454980526295296,0.6045198852816794
350,7.126673877387185,6.588963126839774,0.5377107505476033,2.129476729811696,0.6213429625363369,0.49394791725737164
351,7.847599257424628,7.332021985612032,0.5155772718126173,1.7451617733849112,0.6361962418274183,0.47302374050775725
352,6.9224060371388365,6.466790460214748,0.4556155769241741,2.214245901898199,0.5719533403987701,0.5651770568571012
353,6.471226419124543,6.120001653051711,0.3512247660730736,2.340165620867886,0.5180242372609518,0.6463939812831032
354,7.6551385193944785,7.26213302707094,0.39300549232348203,1.643352747899005,0.5580875253168572,0.5856845397702468
355,7.030299393592879,6.5231402886743,0.5071591049186281,1.5250645724476612,0.6560449395648805,0.4453803093644098
356,6.549805656371456,5.878595434778164,0.6712102215933555,2.510851206208006,0.6720546100349869,0.4233298617025346
357,6.86169421890798,6.317097336775577,0.5445968821322822,2.4093675897585136,0.6107898428720645,0.5089463317817089
358,6.987513394940999,6.572488849589293,0.4150245453517982,1.9529838933230081,0.5587220168748932,0.5847407982709123
359,7.185312461162022,6.728554677393264,0.4567577837688077,1.6192957579533633,0.6044490719470675,0.518013182310585
360,6.970332754932935,6.635415107654682,0.33491764727841655,2.1498074945779173,0.5123941203668556,0.6551143705949435
361,7.033288224657264,6.831621113698093,0.20166711095907885,1.886011076453574,0.44891742375527144,0.7572210788553507
362,6.806406624773837,6.39922345319208,0.4071831715816643,2.7448854921448813,0.5377879960590469,0.6161614082547249
363,6.757643683740463,6.260375479593792,0.49726820414662143,2.0760689338724987,0.6007245323300956,0.5233588820143236
364,6.870687096791409,6.314317400934863,0.5563696958565743,2.914594867320595,0.5984969460730583,0.5265632097570924
365,7.384816823111061,7.004869947731963,0.37994687537911886,1.50874421915589,0.556290220759426,0.5883606849582947
366,7.169747073873788,6.736087035986992,0.4336600378867388,2.265254755442804,0.5591197209439343,0.5841495194894071
367,7.037760639138179,6.49805835522343,0.5397022839147212,2.292172591529333,0.6136445176053751,0.5048780133666209
368,6.994835921896248,6.7259600211294615,0.26887590076671586,2.2460860163305902,0.4813205317974232,0.704180245241891
369,7.008733170664238,6.61087480622645,0.39785836443775224,2.1829376703924908,0.5430415574020444,0.6082200213837636
370,6.847628038250543,6.508637477066239,0.33899056118411863,2.3090994939056664,0.512709201871781,0.6546250343487975
371,7.3975075552252125,7.04692834477102,0.350579210454498,1.193080384755028,0.5564224091846067,0.5881637160421561
372,6.8838887763199015,6.457302274205448,0.42658650211456006,1.5012856628184075,0.5917711762462986,0.5362711357797494
373,6.680235599153486,6.0286035829758,0.6516320161774729,2.0114898518965525,0.7044438134432369,0.3793286682597157
374,6.85773566868391,6.527382088695598,0.3303535799882411,2.7784122434714114,0.5059188205044214,0.6652058794142086
375,6.605281916697033,6.207659453745281,0.3976224629518583,1.9639209139811378,0.5485601933627889,0.5999190387629029
376,7.155465977755677,6.506858566056609,0.6486074116990039,1.849682889023022,0.7245545829089004,0.3523782877947399
377,7.046393428082348,6.465127164894357,0.5812662631881267,2.0498018638536664,0.6535919936578798,0.44877774621300187
378,7.041748227215459,6.6651663642502985,0.3765818629651676,1.3180998428211232,0.5674881858171268,0.5717546778481837
379,7.456132909886202,6.884600587764426,0.5715323221218114,2.648306078820937,0.6143431305846838,0.5038836643087403
380,7.144910726120026,6.704520658524553,0.44039006759544463,1.6924021186190288,0.5872424215418355,0.5428364395160177
381,6.803352971711485,6.16959596996155,0.6337570017499274,2.4687565907390336,0.654648713778089,0.44731350999829533
382,6.508211379904816,6.180373401643736,0.32783797826095906,1.9625630402106502,0.5110768297526268,0.657161886154676
383,6.540303661022273,6.222657466876649,0.31764619414570916,1.960881231994808,0.5058369865778175,0.6653338467774431
384,6.985417742120427,6.499217999947456,0.48619974217285744,2.6453902646573404,0.5744160146287696,0.5615597436334059
385,6.934877638784821,6.735147475914575,0.19973016287030987,1.3727529139234598,0.44199799481765245,0.7688236707357788
386,6.646782926738462,6.291220384946657,0.3555625417918691,2.513629853599827,0.5182240454809045,0.6460854071141635
387,6.846252994793014,6.514203248151199,0.33204974664181464,2.3846164010233863,0.5089289005492024,0.6605064190913913
388,6.649513888923531,6.513034661263449,0.13647922766017473,2.969858249895889,0.4353306601924549,0.7801023043705562
389,6.878300580505249,6.386984245257397,0.49131633524780227,2.220581352007052,0.5907107632797106,0.5378063273051218
390,6.81622521687421,6.508356694911159,0.3078685219632007,2.088635527763877,0.49983870581929857,0.6747435574347194
391,7.285384290706071,7.196138437403123,0.08924585330282753,1.3317448776345948,0.38122925287204723,0.8756336005674784
392,6.853425348137927,6.401694378846694,0.4517309692910203,2.0900055594310523,0.5742931923026289,0.5617399775321229
393,6.657047754159914,6.133220743197308,0.5238270109625773,2.4914598934229524,0.5969991674816626,0.5287207689909246
394,6.234874911397521,5.8901050832211315,0.3447698281763678,1.6400260632847186,0.5272115867835272,0.6322682803180899
395,6.4873195984745795,6.120894789526064,0.3664248089485227,2.480729921164876,0.523349480611895,0.6381908071409412
396,7.476187685336919,7.102210864921156,0.3739768204156917,1.951326559125608,0.5358534115028267,0.6190955548680905
397,6.916041512694557,6.417926263815788,0.4981152488785483,3.2193228513507,0.5675862906415251,0.5716098945375663
398,7.262226405522307,6.741949488981314,0.5202769165407517,2.541879546697409,0.5934943867600266,0.533779083449559
399,6.96796894029597,6.48420150363461,0.4837674366610827,1.7712068613897074,0.611387471594755,0.508093930475136
400,6.5416148355026795,6.252653198907888,0.28896163659487684,1.3687167584547417,0.49829832932559404,0.6771696379775087
401,7.115053499165407,6.445071135876846,0.6699823632886819,2.4564278805252755,0.6751004558778866,0.4191582858053659
402,6.676146485073724,6.309517231321609,0.36662925375208033,2.3316658502816487,0.5252653467208808,0.635250047836254
403,6.881588195682008,6.548151936985507,0.33343625869656535,2.337280379929499,0.5099239455613331,0.6589561216979791
404,6.37218631840704,5.898593541145319,0.47359277726172877,2.298560012241733,0.5784569922732137,0.5556399835898722
405,6.528069252126608,6.186668645865071,0.34140060626168633,1.2173051466276235,0.545984999919449,0.6037873964743288
406,6.934666233885929,6.334342228323608,0.6003240055622427,2.0385590912081284,0.6668796136060006,0.4304344862510306
407,7.0459735854748775,6.761326482822719,0.2846471026521158,1.1562410975079302,0.5020749405232817,0.6712285548312033
408,7.11871029434422,6.93086597501391,0.1878443193302246,1.479042970264782,0.43678988548097,0.7776253949739872
409,6.3671058282038135,6.199859819785582,0.16724600841826032,1.2905854219796886,0.4216935680689644,0.8034865493032716
410,6.562197424881953,6.094312210222144,0.4678852146598729,1.5447506825814763,0.6203036764161312,0.49542000494083777
411,7.022129069550084,6.648678033173782,0.3734510363763093,1.5872721245453292,0.5477187216581911,0.6011820755757926
412,6.584279121996298,6.310123612416271,0.2741555095799413,1.3619480200694838,0.48844960944974647,0.6927768387161528
413,7.262136535893825,6.939251038184588,0.3228854977089668,1.7198812799970682,0.5121661691894854,0.6554684872014136
414,7.035348114276468,6.569922606971426,0.46542550730487164,2.583591100609521,0.5663997590858723,0.5733617856660197
415,7.430824840171846,6.981088119046335,0.4497367211254186,2.1102035913875277,0.5724413878532817,0.5644595992346703
416,6.764589016675865,6.367715446494389,0.3968735701814694,2.402280138647221,0.5383125853699873,0.6153666883415091
417,7.133619897753471,6.753948765359619,0.37967113239392347,1.3223626186227335,0.5697218353745555,0.5684612134703525
418,6.942768596682237,6.578384104697692,0.3643844919845378,2.276691795240591,0.5249571037759431,0.635722814102417
419,6.614055148609561,6.2034677469022075,0.41058740170728925,2.2107209330621913,0.5488433715750551,0.5994942076114947
420,6.9040363622092915,6.334520522072589,0.5695158401367735,1.8560968496553194,0.6638918510368862,0.4345462031451503
421,6.866281010878248,6.471541409192712,0.3947396016856146,1.255785621893775,0.5905778289336028,0.5379988696926679
422,6.795837625617134,6.284258555347053,0.5115790702700451,2.1392593045259822,0.6056982298656916,0.5162236275855089
423,6.5974363765253035,6.154083556703805,0.44335281982148445,2.049359024467382,0.5711825091534921,0.566310815882113
424,7.399244724753482,6.74175184601493,0.6574928787383669,2.8522833655081747,0.6465244642555861,0.45859578468070034
425,6.404857652573066,6.071689647662945,0.3331680049102488,1.1364475286907947,0.5458395142807855,0.6040062088009664
426,6.800564200808532,6.2995648919039855,0.5009993089047384,2.2904928365902997,0.593022679653693,0.5344609211887571
427,6.853977968066539,6.48197685649391,0.372001111572672,2.555737488291122,0.5249720973741318,0.6356998144497866
428,6.174278223487301,5.719607317995491,0.4546709054918665,1.4680583711357862,0.6181098025401051,0.4985310318376617
429,7.046382492249387,6.689081943377618,0.3573005488715353,2.080225245355379,0.5244579316417821,0.6364887187145396
430,7.250155108031715,6.887654662071329,0.3625004459606771,2.5095166179355175,0.5213047685315124,0.6413354395763254
431,7.456135086682872,6.945243242693346,0.5108918439893841,1.812337093209468,0.626762551421505,0.4862886131814384
432,7.013104998980845,6.464217887100071,0.548887111880731,3.0128970515452096,0.592614330685167,0.5350513774466344
433,6.426517545894905,5.898642764046629,0.5278747818481406,2.015929026896419,0.6225995224345764,0.49216950203087906
434,6.875677998088287,6.536076695315225,0.3396013027731897,2.27498622867974,0.5133198409854531,0.6536771293082805
435,6.766162622003941,6.350823399829531,0.4153392221744525,2.101514470538614,0.554171650606218,0.5915206090714843
436,7.085257263945261,6.572680407456376,0.5125768564887494,2.625091026896399,0.5871786855883623,0.5429290035810435
437,6.680861292699712,6.30042023141838,0.38044106128131716,1.5303224775564246,0.5554150201874272,0.5896653644062285
438,6.7933322233449704,6.374658658572708,0.4186735647722344,1.8886541743907266,0.5632611864151493,0.5780043440110616
439,7.159835293727776,6.656483601046462,0.5033516926814627,2.126803705615128,0.601643785856273,0.5220381251617863
440,6.624358524628116,6.176229696725928,0.44812882790211006,1.649666815912198,0.5956994898379546,0.5305949587764937
441,6.6037736541442715,5.9973878958229765,0.606385758321494,2.6018494173491753,0.6333984953918541,0.4769489200971082
442,6.646205784571913,6.128760973491248,0.5174448110806225,2.408578889558953,0.5968956098571745,0.5288700352758554
443,6.823460893686553,6.343589462454775,0.4798714312316861,2.2171920549874535,0.5847002217841195,0.5465321099630464
444,6.962917083876102,6.45069745745692,0.5122196264192098,1.758377714874225,0.6324942158424482,0.47821917543733355
445,7.157639814061605,6.624155161358795,0.5334846527027821,2.6499428433695797,0.596204758119077,0.5298661195857435
446,6.672489959050319,6.275995541398801,0.3964944176514109,2.42718641104511,0.5377214812374719,0.6162622018334919
447,6.849560216596439,6.519296971818379,0.33026324477805247,1.5970085099972238,0.5193909989558247,0.6442844473736794
448,6.969830550402486,6.546668571021778,0.4231619793806658,2.839570618339934,0.5432086654740147,0.6079680485516431
449,6.912328198540701,6.5435009844087535,0.3688272141316702,1.6817436015128848,0.5408496668790322,0.6115286355185694
450,7.057560145610006,6.459787814307861,0.5977723313019396,2.6972155867904952,0.6249690174338484,0.4888201692655389
451,6.731586224599761,6.560923979191374,0.17066224540849362,1.605773451494727,0.4299810508592192,0.7892240791089288
452,6.525975675424599,6.096851207988076,0.4291244674366226,1.3821447108339946,0.6062835610370694,0.5153856457889963
453,7.1211797448131,6.877096217069608,0.24408352774366904,2.201852396731855,0.4702925977447049,0.7220030574714041
454,6.676939288557088,6.278560483542174,0.39837880501499967,2.617290948116338,0.5357194214097446,0.6192989722311942
455,6.659318304951677,6.2776930428905064,0.3816252620611067,2.1149974490061467,0.5362307492830045,0.6185228362510965
456,6.877271658900947,6.606027511212149,0.27124414768877614,2.247714387076808,0.4823706683425504,0.702494760113336
457,7.128048505877297,6.902920817659437,0.22512768821775353,1.8238246161762284,0.4596296777724448,0.7394567751449458
458,6.615617564573251,6.264686748855057,0.35093081571812945,1.8133387000590346,0.5262854013939301,0.6336865544732104
459,6.582198739474217,6.375391487692463,0.20680725178181092,1.1870056795590074,0.4445201261454468,0.7645826124903772
460,6.3247185052666115,5.837779954142144,0.48693855112446727,1.695175664796686,0.6199792634528469,0.4958797366317751
461,6.973386902259273,6.452404776869331,0.5209821253897644,1.917516358074021,0.625179816112543,0.4885224667456316
462,6.792436306774727,6.38298357361162,0.40945273316310704,1.923345874323818,0.5565761026097529,0.5879347320331473
463,7.092157331458731,6.663112557371919,0.42904477408683306,1.9283635795459304,0.5677611615329408,0.5713518494090561
464,6.988710950102979,6.5019714780535995,0.4867394720492939,1.637872822065063,0.6253214145804903,0.488322517216398
465,6.864098368785045,6.438608774225054,0.4254895945600765,2.348435769126855,0.553005906866767,0.5932618785173198
466,6.4395594012998405,5.88872499238874,0.5508344089112143,1.689924934708916,0.6695936981684382,0.42670570026869514
467,6.362610406564437,5.948296831590719,0.4143135749736757,1.6840076932215986,0.5701296897442556,0.5678605078979603
468,6.449163610116267,6.158438073884726,0.2907255362313208,1.3743487925793545,0.4993641972711127,0.6754904807276748
469,7.26249032125582,6.861939798497724,0.400550522758067,2.868175075573557,0.5335463026009805,0.622601686587091
470,6.81707840881216,6.311371700784308,0.5057067080279012,2.1300458613051205,0.6028219871039822,0.5203466498714796
471,6.649760898635288,6.363450877459373,0.2863100211757228,2.7000195330629317,0.4885959175320609,0.692543755614657
472,6.835735292766168,6.367266274646029,0.46846901812000397,2.699297634790973,0.5651533766314153,0.5752039426712965
473,7.088711443575386,6.7364913943499705,0.35222004922547967,2.168636379009346,0.5205880531023057,0.6424392019027756
474,6.489926259403939,6.215334709688948,0.27459154971506905,1.1982438800345925,0.4925978281427722,0.6861828229662382
475,6.749533887401805,6.283057869926234,0.4664760174755429,1.9514143133552793,0.5889368224619866,0.5403773533965754
476,6.868666093969461,6.349131192537728,0.5195349014318253,1.8518831399817728,0.6293796432496483,0.48260019131566423
477,7.117074794554975,6.415226217760251,0.7018485767948732,2.776527334625019,0.6715735876668296,0.4239893398711348
478,6.948127110750585,6.479306725784641,0.4688203849659658,2.6858106090076355,0.5656045075753542,0.5745369446914104
479,7.023095616203756,6.411271546067775,0.6118240701357536,2.81508165893667,0.6268270933054555,0.486197571093732
480,7.232748085424811,6.619532639914583,0.61321544551015,2.7437921345454868,0.6303882869670749,0.4811804039456269
481,6.973232301543414,6.697168207087346,0.2760640944559327,1.5829754708003456,0.4868670585819036,0.6953004080812091
482,7.187039432525291,6.711083045454808,0.47595638707070975,2.090556747116249,0.5878158224886092,0.5420038952468448
483,6.995825652781997,6.3669989407289,0.6288267120530691,2.556525475782827,0.6470488260459948,0.45786584566102767
484,7.465705866543368,6.896819467930323,0.5688863986133583,2.388114116638757,0.6245295005327406,0.4894410207550724
485,7.043320055122132,6.455285918473551,0.5880341366485027,2.0056953534624284,0.6618233482746387,0.4373971532856314
486,6.630919987764793,6.133131309386096,0.4977886783788108,3.5856317405914595,0.5619692149555181,0.5799190404447055
487,6.7805248093888455,6.311778337674555,0.468746471714212,1.7406365170400662,0.6033568731836665,0.5195792362784994
488,7.075732326910094,6.512818912326219,0.5629134145838179,2.46950417893132,0.6175412944313633,0.4993379923803022
489,7.21771460375947,6.791484596290582,0.4262300074688028,1.4574531197958969,0.595579238245426,0.5307684607622264
490,7.408649761840644,6.859869513377484,0.5487802484631175,2.0237980986047006,0.6350690528090654,0.4746042831482254
491,6.280825371828934,5.805319220098697,0.47550615173031474,1.9098874052649357,0.5967276420355294,0.5291121664376035
492,6.7608091633086875,6.388980724764858,0.37182843854361636,2.084136334139682,0.5318196582248931,0.6252306959136144
493,7.163423974883637,6.641778832380682,0.5216451425028481,2.9177911956225238,0.5833655337539301,0.5484753743175307
494,6.8583932026949075,6.376504164602652,0.4818890380922767,2.225475489567252,0.5854566203976612,0.5454317330798601
495,6.9562616046518375,6.4602016130139095,0.49605999163782144,1.558889197081065,0.6417964154934889,0.46518858086094617
496,6.910057997835503,6.449107824438224,0.46095017339712285,2.8761281915617296,0.5584381328644024,0.5851629823627504
497,7.133024026991899,6.584640673867698,0.5483833531241089,2.7863081598138493,0.5987566523433543,0.5261893507971511
498,6.8629885493805265,6.291188005123212,0.5718005442574849,2.6035321594205243,0.616254806415744,0.5011652811911976
499,6.555466755532217,6.246665889090027,0.30880086644219773,2.3594324021234243,0.49875023008876307,0.6764574853393052
500,6.757414923781136,6.33514421211394,0.4222707116671245,2.3925681666025653,0.5504805823622327,0.5970401388318703
501,6.855722725738753,6.408119541986851,0.44760318375188035,2.690466437569807,0.5560987696108977,0.5886459994706053
502,6.526957365035679,6.021418337567299,0.5055390274685578,2.317308517805426,0.5943319311289248,0.5325690504274445
503,7.016421323231436,6.49034287193547,0.5260784512959162,2.4481911623746555,0.5997393457231854,0.5247753839206692
504,7.2716049479992595,6.871654675574286,0.39995027242503056,2.356375437679848,0.5405699945081068,0.611951276492992
505,6.791534924373019,6.4847333295417915,0.3068015948313132,1.6618539997026005,0.5038343364559215,0.6684688859230279
506,6.561063105320438,6.085614991853072,0.4754481134675643,3.091041944050396,0.5607378224272099,0.5817459400064706
507,6.676156547438206,6.231150243991985,0.4450063034460072,2.3050834550633397,0.5637388132483421,0.577297039507499
508,6.90073398199973,6.44494227770433,0.45579170429550686,2.9900685664727753,0.5544136736282133,0.5911593245889654
509,6.813322816777992,6.380165519763567,0.43315729701453165,2.018025330183974,0.566639424769636,0.5730077821935455
510,6.7486054866966985,6.304050164933523,0.4445553217631186,1.850432549814574,0.5807173315833132,0.5523372242142083
511,7.073732388186437,6.577942885207834,0.4957895029785959,1.417659630136093,0.6632653799595791,0.4354092740098647
512,6.464202446165865,6.171878678336933,0.2923237678287478,1.8183401851801229,0.4939577201376012,0.6840276277193318
513,6.594124095826311,6.189000324265601,0.40512377156073853,2.5392113142958976,0.5398515991175021,0.6130374172978116
514,6.5632496989975895,6.226216150082964,0.3370335489144054,1.4714827687167862,0.5279528089291493,0.6311341572865772
515,6.966250550006118,6.4771373007533,0.48911324925279587,1.889755728218045,0.606549444945575,0.5150051160710265
516,6.454500814694876,6.08538903900808,0.3691117756868607,2.328989559385537,0.5264624439607335,0.633415349483935
517,6.735500120791523,6.12498106796364,0.6105190528278399,2.618507575306051,0.6346697452290286,0.47516447591278965
518,6.68005732610157,6.4125684370716005,0.26748888902989165,1.9256456292200816,0.48076790753746834,0.7050680192951321
519,6.544615594541648,6.154330623318822,0.39028497122285444,1.4362631822101122,0.5688254332172764,0.5697821949803358
520,6.879723959930681,6.645240602677896,0.23448335725288416,0.6456546050568157,0.4998538698184214,0.674719694011538
521,6.717053080792477,6.493660641828784,0.2233924389636286,1.3480568751860496,0.4559864936023159,0.7454718978310609
522,7.374591056596666,6.90041672283988,0.4741743337569915,2.484781855699431,0.5730440201464774,0.5635740960159309
523,6.827002408336677,6.499911607683318,0.3270908006534228,1.7825722929060568,0.5134177787284777,0.6535251536172243
524,6.835081202641442,6.202592261144135,0.6324889414975132,2.0385036283043156,0.6882415616446832,0.4012425427192959
525,7.110231969400667,6.486307628258112,0.6239243411425832,2.1357497724585706,0.6732479906978361,0.4216945394250161
526,6.800180085086987,6.24023253589907,0.559947549187882,2.2799697727359955,0.6253786040150655,0.48824176622423193
527,5.854900296262878,5.531479279513954,0.3234210167488527,1.8764543581397177,0.5099144588767992,0.6589708946359661
528,6.880446069799229,6.546102925885522,0.3343431439136566,1.7518275205506093,0.5181443350943247,0.6462085006098631
529,6.792248373226522,6.322118917613304,0.4701294556132325,2.2899406554619546,0.576965707430509,0.5578223380928973
530,7.23727916807996,6.846143317860788,0.3911358502193707,2.730301000119759,0.5312025816823038,0.6261713122341883
531,6.578459185838648,6.195797393371821,0.38266179246693355,2.805135901381707,0.5268946797665102,0.6327534189820406
532,7.005072223326062,6.710062962674913,0.29500926065111344,1.8717282356284315,0.4949570582862166,0.6824458718086488
533,7.026447209544296,6.593994405202922,0.43245280434121014,2.3178776563959644,0.5571510079030368,0.5870784680714276
534,7.068419701243267,6.765488622740628,0.3029310785027519,2.29439152432969,0.4964170315661063,0.6801380849727806
535,6.664248049272311,6.313823634152884,0.3504244151195053,2.1092761275485223,0.5205402868025737,0.6425127911869859
536,6.744919878557022,6.3817304627538025,0.3631894158031628,1.8682258938850858,0.5319053917456982,0.6251000551731208
537,6.45638765422421,6.0400285460036205,0.41635910822060396,1.6487890988843326,0.573530787547183,0.5628591662943574
538,6.833872146565165,6.47425622573085,0.3596159208343579,2.6716160853197337,0.5185610609504493,0.6455650760277855
539,6.649969501205698,6.284501780413139,0.36546772079259426,2.3134590761553255,0.5249656247717961,0.6357097431530216
540,6.838713033423284,6.2781240836037515,0.560588949819703,2.525625215115518,0.6139327698041142,0.5044676781260609
541,7.469588834570169,6.792376753674462,0.6772120808957425,2.3695320009498353,0.6856741303486864,0.40473252674016963
542,6.828097286531085,6.368508957208592,0.45958832932251426,2.631557685162548,0.562645528601543,0.5789164816623508
543,6.912856691417739,6.369573453412828,0.5432832380049604,2.178151792882659,0.6217152577870142,0.4934208433822712
544,6.799852532612869,6.441714569165592,0.35813796344723414,2.299143761634003,0.5217125193813807,0.640707840179677
545,7.23290527280704,6.613364205051427,0.6195410677555628,2.676866213989946,0.6363907028410667,0.47275118716974474
546,7.116305537501313,6.56876028505439,0.5475452524467528,2.7204562518724416,0.6004614591799167,0.5237370258791829
547,6.7905100626632535,6.511091320160476,0.2794187425029122,2.0137236611349785,0.4864320993272998,0.6959947791573049
548,7.167951363246113,6.8041280909034985,0.36382327234264267,3.168988217696583,0.5168172943487594,0.6482592366131493
549,6.9318817312297885,6.522827181231344,0.4090545499984728,2.4777049161867772,0.5426545711863051,0.608803684390658
550,7.320224353835721,6.8038470336223416,0.5163773202134507,2.3873273383452016,0.5971743652259618,0.5284682686142164
551,6.68438572088615,6.0901157758732385,0.5942699450126838,2.533368664042719,0.6305607775760003,0.48093769983389545
552,6.539064473961782,5.988371067685266,0.550693406276423,2.9554998023816665,0.5948947439292687,0.5317563707618357
553,7.08553925321865,6.5969575036547585,0.4885817495637639,1.6108587576930127,0.6295888036214599,0.48230569306498916
554,6.579904544692846,5.954321485593036,0.6255830590998812,2.3640763658730606,0.6567979921204756,0.4443383311478821
555,7.214184073496364,6.732078869524161,0.48210520397219625,2.6789044782748874,0.5717283321161211,0.5655079298638835
556,6.789032828818955,6.359426040915965,0.4296067879029124,1.695481834026193,0.5797127074157732,0.5538044136015028
557,7.237639356449728,6.602210454131027,0.6354289023188358,2.738449990267636,0.6412509730435074,0.46595044340957137
558,7.023935621988523,6.614981547089984,0.4089540748984746,2.188370968174457,0.5485526358751376,0.5999303781811302
559,6.629752282061128,6.234493685912058,0.3952585961490058,1.6957233390362916,0.5570672359381549,0.5872032112359133
560,7.127668854473251,6.689447159451854,0.4382216950216389,1.9888198056356217,0.5706374656729039,0.5671129197525829
561,6.708887205108278,6.265320383749627,0.4435668213586723,1.5357992414606763,0.6018955881892953,0.5216765017861759
562,6.521538388518531,6.104839090213149,0.4166992983057298,2.3137678445987326,0.5495049731448352,0.5985020774769106
563,6.941417155200208,6.617626467622239,0.32379068757791174,2.28187843235969,0.5059536623913267,0.6651513989069128
564,7.376890513070004,6.892859488082381,0.48403102498764383,2.4537391210758166,0.5787106868667478,0.555268989046093
565,7.1068541374460725,6.709961270019258,0.3968928674266863,0.983638062821516,0.6562749147011978,0.44506204782202513
566,6.795010618122598,6.401661031554257,0.39334958656831986,1.5503616538217067,0.5633991018878584,0.5778000790831073
567,6.712367660701995,6.297457266305047,0.41491039439688393,2.350514481418383,0.5478420156335749,0.6009969531803631
568,6.829823922278985,6.386757335488136,0.4430665867910193,0.6496119627321733,1.0,-0.0
569,6.741445871335083,6.238386221062557,0.5030596502726894,2.2617361615453504,0.5952981803618281,0.5311740403932346
570,6.397611299438205,5.94818736311605,0.4494239363220913,1.3758676458268475,0.625608625853359,0.4879170095023609
571,6.7541629096057765,6.375389518928509,0.37877339067745197,2.071041206523546,0.5356836836516446,0.6193532319184171
572,6.88479526442705,6.519867451730393,0.36492781269657826,1.9133779841022367,0.5317899945269813,0.6252758999417832
573,7.231646754922332,6.656155616735036,0.5754911381873171,2.214261086055437,0.6380887784297068,0.4703726813872136
574,7.252086137295629,6.648332484161751,0.6037536531339356,1.5535653128572768,0.7432186945114647,0.32759395320987245
575,6.905770463094706,6.229483261119414,0.6762872019751285,2.3330095188080477,0.688116031876002,0.4014130650547438
576,6.561976262014406,6.161021559350745,0.4009547026637392,1.8501728758816327,0.5542502022591149,0.5914033411324127
577,6.574698796963213,6.193521973270963,0.381176823692158,2.1019045929054947,0.5362738159513709,0.618457483095031
578,6.426718072472278,5.884105585529527,0.5426124869425166,2.191367604610111,0.6205765943659209,0.49503332888288465
579,6.718241107043179,6.244824761041238,0.47341634600206817,1.120169247106304,0.722969528348942,0.35449289421105257
580,6.585213007967406,6.115309879516213,0.46990312845127846,1.8972616615558806,0.5939627007819956,0.5331023957028636
581,6.655470583130574,6.11386352177813,0.5416070613523516,2.2017487439411667,0.619423471099652,0.4966676041164896
582,6.70466288268579,6.305724149928894,0.3989387327571876,1.5981924057893906,0.5645121444631072,0.5761524463406128
583,6.951275035016517,6.459548623631457,0.4917264113851161,1.6092841141759493,0.6322436765890826,0.4785712482309594
584,6.9517167879782225,6.472728386422888,0.478988401555398,2.229032695447483,0.5837743288532808,0.5478799616096832
585,6.996492538023569,6.535765761106676,0.46072677691722674,2.1627235716178355,0.5764792203410758,0.5585348405777338
586,6.79137442933432,6.528873617845571,0.2625008114889624,2.1169065671656853,0.47837108851274424,0.7089248898126375
587,7.263027574726204,6.711752953968729,0.55127462075734,2.4595203361704456,0.6120384114139776,0.5071659110713136
588,6.365108352196268,6.139977351922257,0.22513100027413202,1.4557949780802169,0.45747717756765427,0.7430074374805944
589,6.854124264458671,6.431776553197588,0.4223477112609544,2.2376471256940356,0.5541271591029864,0.5915870330123487
590,6.036542478212761,5.6904138099845785,0.34612866822817523,1.2662904101472492,0.5461370345575095,0.6035587652514239
591,6.328907650275079,5.958104835606877,0.3708028146681954,1.6788192512908928,0.5421986687099333,0.6094915549607426
592,7.18775948589103,6.656415792430559,0.5313436934604852,2.359829166122431,0.6060589504836772,0.5157071637576723
593,6.717020469992741,6.225305304465154,0.4917151655276939,0.8323965582969883,1.0,-0.0
594,6.82144944275222,6.396492024917714,0.4249574178345483,1.9056885687539449,0.5662850351782021,0.5735312665686378
595,6.8456264358402965,6.304712309055889,0.5409141267844007,1.5880887054791017,0.676110668526351,0.41777631622882494
596,6.817157353409749,6.3549991375548505,0.46215821585496997,2.4859802924806225,0.5672787514131381,0.5720638017049285
597,7.117378185299396,6.549217977229171,0.5681602080703669,2.9056891250978225,0.6039377299998048,0.5187462138023652
598,6.8251701662904285,6.410284586413264,0.4148855798771365,1.4511135660765113,0.5870080856419564,0.5431767896873941
599,7.014356104101063,6.584503024208717,0.4298530798923821,2.4866633317485842,0.5520882028523093,0.5946339177052913
600,7.032806718643707,6.513237248521422,0.5195694701221782,3.297547599585389,0.5745966810419794,0.5612946603864527
601,6.9208694158466475,6.594584470658036,0.3262849451884904,1.8361572635057115,0.5120692192349234,0.6556191215105773
602,6.560238500783663,6.223012851889026,0.3372256488946732,2.1239165996335387,0.5138136969018328,0.6529109381279259
603,6.771773366766803,6.511130840879675,0.2606425258870786,1.238398126294534,0.48133352830892917,0.7041593734226258
604,7.319766783487177,6.892779704464404,0.42698707902263777,1.521106296764625,0.5903589707849346,0.5383159077559507
605,7.314063792887675,6.743604401275094,0.5704593916127578,2.597572462072037,0.6158417865987524,0.5017522768309352
606,6.567169800823814,6.196583154237603,0.3705866465861618,0.7636687392298072,0.7977581453253776,0.2562495562425335
607,7.061121453571042,6.643228239603596,0.41789321396731793,2.235182422660749,0.551939517797172,0.5948563188205003
608,6.723585014368547,6.32165299443829,0.4019320199302001,1.442697719378259,0.5774329932316564,0.5571382240983996
609,6.977966771092889,6.640722803031062,0.33724396806178447,2.40455995537393,0.5110913581650816,0.6571392890675025
610,6.739002536822619,6.384494102657159,0.3545084341653819,2.0860288811239336,0.5229473357216947,0.6388087801626935
611,7.161546829784749,6.831537222239989,0.3300096075447527,1.8363774547329292,0.5141101865864866,0.652451134247046
612,6.912769242673614,6.432870568759471,0.47989867391424923,1.4021561795065764,0.6504712752560131,0.45310758301248444
613,6.764579602365012,6.141407179409393,0.623172422955804,2.1419954139869297,0.6722272958539002,0.423093155620128
614,6.725450084864571,6.096969497718208,0.6284805871464414,1.8241646056790195,0.7125214438521348,0.36847183321844446
615,7.013505799968863,6.364701862852323,0.6488039371165542,2.2527091658784286,0.6785015505864291,0.4145087632253139
616,6.6412053578839565,6.172985465800865,0.4682198920831979,2.427271818986185,0.5717783595701738,0.5654343595135142
617,7.321875715344897,6.913581366864465,0.4082943484804673,1.440010638231687,0.5827199626082062,0.5494160491248452
618,7.196044976417335,6.804050132589177,0.39199484382811534,2.5456347956707255,0.5338970922225073,0.6220680962458295
619,6.862168225303714,6.411324739794752,0.4508434855088126,1.2137260857749723,0.6582043497952248,0.4423936824552858
620,6.452116900840958,6.038498697154155,0.41361820368683766,2.0354275341193784,0.5552119693679918,0.5899681998484902
621,6.279357278880235,5.625487283632106,0.6538699952479874,1.5443476506286515,0.8021816450622528,0.2505246491499651
622,6.624489972168641,6.010978257958245,0.6135117142102899,2.5284640636568128,0.6406573145741021,0.4667799605828379
623,6.85998242463773,6.380858372634487,0.47912405200327157,2.0844258808013514,0.5898893605021461,0.5389963682383756
624,6.911380266369571,6.5869029165902635,0.32447734977904474,2.2177762977054734,0.5067691624983297,0.6638768055897751
625,7.01880680888433,6.5969015185228645,0.42190529036156477,1.773404068997582,0.5703889421003947,0.567478776313402
626,7.234470051201635,6.640990455330149,0.5934795958712584,2.3212932322414055,0.6416127012258912,0.4654451589108948
627,6.443382537006011,5.975079824924572,0.468302712081595,1.7793545862993803,0.6002998897955525,0.5239693043828464
628,6.565410144119079,6.328119981877537,0.2372901622416066,1.3960201377368797,0.4645977764625623,0.7312969771656441
629,6.975577414473884,6.444035095584384,0.5315423188894783,2.9642195772912068,0.5864666936353355,0.5439633498345071
630,7.440891173838219,6.892941486752351,0.5479496870857474,1.9808754702808251,0.6377951870813177,0.47078372614571184
631,6.885890297554335,6.737294181790995,0.14859611576321186,1.8328638202408705,0.42379282869407875,0.7998584237590309
632,6.936521819822184,6.4327026140970265,0.5038192057252218,1.574302328047544,0.6462935709740991,0.458917277674869
633,7.423902710903741,6.915315067342982,0.5085876435607588,1.9100719135768678,0.6176854285913042,0.4991333724992039
634,6.458510294419677,5.953712558638395,0.5047977357814943,1.789796874439542,0.6244390145554792,0.4895688625840177
635,6.8414018186307946,6.479561331304035,0.3618404873266172,2.47883152714725,0.521334197379266,0.641290135010981
636,6.906908950022336,6.4394333702119955,0.46747557981029786,1.5799705572122953,0.6162783418149325,0.5011318372069237
637,6.866210606974102,6.602782119690319,0.26342848728381796,2.2185899201204826,0.4788838712566157,0.7080988539768133
638,6.664891669643504,6.155188063109174,0.5097036065342309,1.9382425135810237,0.6164488051760189,0.5008896241805406
639,7.007364460974879,6.716524990264164,0.2908394707105799,1.2746126370311615,0.5022992607041589,0.6708764174153964
640,7.193369547747972,6.73241017621149,0.4609593715365463,2.525562164887752,0.5657227801734465,0.574362120718293
641,6.347365426145581,6.101137621846123,0.2462278042996786,1.2869376197651512,0.47074746915340193,0.7212634028246
642,6.559123430700248,6.157230138778283,0.4018932919220788,1.686272977166567,0.5618198407250412,0.5801405494858762
643,7.48901285320988,7.073811381266866,0.4152014719429644,1.8976933308071082,0.5608604483937639,0.5815639245910251
644,6.792612262636959,6.420393001006838,0.3722192616303346,2.0683473160835675,0.5323341587842326,0.624446859956658
645,6.848712727784397,6.408056627922543,0.4406560998618261,1.626609104057966,0.5920807242948358,0.5358232322042056
646,6.628161315448262,6.355989135706091,0.27217217974225605,2.0870181500519145,0.48285569145542406,0.7017169641503129
647,7.230766048032757,6.685752958701821,0.5450130893309506,1.7389636822855294,0.6588706457483098,0.44147294230921225
648,6.924269547451724,6.503318008446287,0.42095153900527293,2.6631198120782535,0.5448906378300369,0.6054340418487728
649,6.943595110403004,6.578622145193245,0.36497296520974487,1.1914281959568847,0.5701136154116337,0.5678841789910921
650,6.516944652366584,6.082113300037202,0.43483135232941095,1.5833553358454466,0.5911693606473101,0.5371422468558522
651,7.188999458034397,6.795436259918512,0.39356319811577123,2.0388905117735874,0.544255423984001,0.6063905773919949
652,6.989515092701987,6.7930031772780755,0.19651191542402557,1.3797286825299295,0.44021662256179517,0.7718274649970752
653,6.815795431167254,6.421335896760384,0.39445953440667836,1.8296016116598004,0.5511441355524076,0.5960465411540925
654,6.578896344188189,6.10262497358511,0.47627137060294444,2.8744211975364884,0.5649429095316149,0.5755152062336713
655,6.612500510024512,6.27178243574747,0.3407180742769924,2.1076896747815823,0.515734176183093,0.6499350506559713
656,6.417133198686253,5.963467617803937,0.45366558088244346,1.2434468841346948,0.6543482012312838,0.4477298152144291
657,7.270505728602922,6.918839390710021,0.351666337892766,2.07983828247648,0.521606416894202,0.6408711260419933
658,7.068324280289909,6.7657934896726974,0.30253079061708377,1.6769835755462843,0.5011298069229206,0.6727131391709555
659,6.796487450195565,6.483592336465984,0.3128951137293825,1.0347637560165026,0.536564969651196,0.6180157300897242
660,7.310703178906516,6.755396737536502,0.5553064413700213,1.2145771557610132,0.8179607868298481,0.23016856600883773
661,6.687944733689102,6.538946480448518,0.14899825324050653,1.6593156303549108,0.42045592839908474,0.805630509563028
662,6.87190197086232,6.37677395311267,0.49512801774949367,2.380552832036802,0.5866116339939893,0.5437527405933672
663,7.3848868107917784,6.993560147272328,0.3913266635195214,2.489946373473252,0.5343890732120525,0.621320036237677
664,7.207614238870912,6.669287464808635,0.5383267740623978,1.7722224941789761,0.650138654988645,0.45356957650001317
665,6.445803868391232,6.173224571717073,0.2725792966739391,2.0688038364794785,0.48306454613568994,0.7013821699709897
666,6.693543854123783,6.271167105414138,0.42237674870966657,2.6822883021271693,0.5452063112829639,0.6049588916116292
667,6.709727513510808,6.185822768846139,0.5239047446646055,2.1595856919571155,0.6116576402741144,0.5077087084970094
668,7.04936827856721,6.486370452676889,0.5629978258905339,2.316295595146755,0.6250871841426069,0.48865328182765905
669,6.456800545387916,6.1225561282928656,0.33424441709507846,1.6482041033613832,0.520497808588077,0.6425782365122888
670,6.792168928628991,6.530629203251282,0.2615397253775882,2.211467738891006,0.4780355673621991,0.7094656388672107
671,6.772968554694609,6.401149747983739,0.37181880671096224,2.609687275004436,0.5243147945863906,0.6367084098917971
672,6.616739032567631,6.090708884113143,0.5260301484543106,2.1236654521242713,0.6148619945769156,0.5031454777201806
673,6.703796273790823,6.2009879767351865,0.5028082970554806,2.198286354459249,0.5979346667137706,0.5273728887319812
674,7.155813593258637,6.714621438799826,0.44119215445903137,1.91016290670661,0.5757500728685605,0.5596032715774335
675,6.903826313603242,6.122794022343671,0.7810322912596348,2.597791160853113,0.7249434766979612,0.35185970923611554
676,6.906792281906002,6.3051762521188355,0.6016160297872375,2.840028642590738,0.6211733309086311,0.4941881173144802
677,6.477076059990333,6.1027329781388335,0.37434308185152076,1.9308198329255468,0.5365614594425256,0.618021055236131
678,7.173465016365691,6.6349175695440525,0.5385474468218945,2.8786226212306474,0.5917012371063881,0.5363723498005653
679,7.029462064014462,6.679273369478496,0.3501886945359729,1.759732402210762,0.5271674074487843,0.6323359035411528
680,7.03105705083629,6.520044139613264,0.511012911222906,1.5318611939739277,0.6584363336126882,0.4420730664532353
681,7.084273921391452,6.669193729852241,0.41508019153934583,1.1226267640795697,0.6372186195955112,0.47159118538577094
682,7.108377614052353,6.674895714947107,0.4334818991051179,2.9647410862732464,0.5457285897375708,0.6041730602143146
683,6.741218461003365,6.440522911780954,0.3006955492223824,1.3252947071757148,0.507773549234853,0.662308470700777
684,6.046043221602924,5.825958246719418,0.22008497488332068,1.7410064740324351,0.4565501256097543,0.744539546506573
685,6.654376696505034,6.165268331216568,0.4891083652883026,2.30312383671637,0.5863140713456426,0.544185147582705
686,6.745578241309824,6.3355656404412475,0.4100126008686402,2.185369331120924,0.5491663793718158,0.5990097551591118
687,6.708947225468984,6.389705395183208,0.31924183028581865,1.7417259236848217,0.5096864637729162,0.6593259784440912
688,6.553872371749941,6.184320001985656,0.3695523697642784,1.915379479469042,0.5342963931568478,0.6214609302207814
689,6.540373908811427,6.1339465553229235,0.40642735348865244,2.5635960138623233,0.5400527504500637,0.6127332240794264
690,6.928960881786162,6.463543648825409,0.4654172329605899,1.922188797445493,0.5898209002587818,0.5390955872677174
691,6.961566469289375,6.768899129198404,0.19266734009102038,0.7322623280317337,0.4343083405451764,0.7818404585963118
692,6.653434204279785,6.303896931389447,0.34953727289007475,2.025872752145773,0.521374573064562,0.6412279803570775
693,7.06847645971987,6.582523242997015,0.48595321672269165,2.9960607498642204,0.5666699249601996,0.5729627363670587
694,6.6926021305382,6.159858648604827,0.5327434819332666,1.8721090004764953,0.6366489453378518,0.4723892930340223
695,7.005518431303864,6.500945225360981,0.5045732059429611,1.735957771673835,0.6290656188227906,0.48304241699574524
696,7.114612379796364,6.657502104039283,0.45711027575725893,1.7746798635576084,0.5931511103299727,0.5342752540944042
697,7.153159900164093,6.691173757388656,0.4619861427754586,1.8317486749904823,0.5927871772373247,0.5348014254961949
698,6.865080719537383,6.385012059917516,0.4800686596199739,2.2664850308307436,0.5829470378698984,0.5490851177691128
699,6.641000219434028,6.13878154378096,0.5022186756530118,1.3446776220531156,0.6854808547328877,0.4049954510015402
700,6.870141266297361,6.38509027772532,0.48505098857208395,2.7585081947917303,0.5711830767713925,0.566309980746963
701,7.138877908351498,6.702757259147278,0.4361206492042129,2.375242354785513,0.5575367308360166,0.5865042135460722
702,6.930112676534401,6.5396962482197285,0.390416428314893,2.0449437133630255,0.5424206090550636,0.6091566529721832
703,6.3836336624569245,6.003619870170157,0.38001379228671794,2.2087234652600287,0.5336054919708082,0.6225116404913102
704,7.073285923527857,6.7180794853978245,0.355206438129926,2.345065534426194,0.519802559866371,0.6436497836971348
705,6.297149238025151,6.053689312364108,0.24345992566099994,2.1508758293814054,0.4698292374123805,0.7227569220860751
706,6.762775590874691,6.313067834888374,0.4497077559863101,1.8656178325735482,0.5831301859479595,0.5488182481222482
707,7.145538387370772,6.695664828334289,0.4498735590364049,1.9481919795635925,0.5791752161000343,0.5545898749191093
708,6.55669899965431,6.066453771996729,0.49024522765739675,1.66827172680836,0.624955091833052,0.48883983735835684
709,6.772685436398826,6.310793422813051,0.4618920135856115,1.6199028767718175,0.6082232183426848,0.5126113411780384
710,7.076076090753469,6.509009630793715,0.567066459959733,1.8074240289598684,0.6675274732764932,0.4295438724921312
711,7.561980201167154,6.934098946057519,0.6278812551095143,2.802475877019816,0.6348306904483585,0.4749386662585843
712,7.307105380688592,6.68700670861884,0.6200986720698438,2.9033873730657724,0.6272155122447169,0.48564975657333825
713,6.8003329249117375,6.162044514774999,0.6382884101367381,1.0234944231898595,1.0,-0.0
714,6.8155356980575394,6.306835186549906,0.5087005115078682,2.1553259221291086,0.6032547558864131,0.519725722713258
715,6.757286241972617,6.301608510938005,0.45567773103448417,1.9138772179038561,0.5843151886455313,0.5470924941594487
716,7.028579754382855,6.480456124746768,0.5481236296359384,2.0478850321264055,0.632922397880197,0.47761760550898924
717,6.9923602098182815,6.625194293582171,0.36716591623599015,2.1387760935753306,0.5284489457280412,0.6303754857827366
718,7.096780765543764,6.620524059968128,0.47625670557545163,2.279174243950713,0.5805032490580623,0.5526497782793389
719,6.71936173122088,6.168003696306522,0.5513580349143012,1.2811083106771797,0.7714166268572621,0.2905223866795104
720,6.639797083277637,6.367576855109052,0.272220228168635,1.6211621521633433,0.4843532409158764,0.6993181273104042
721,6.649069390094775,6.1629664368263395,0.4861029532685279,1.7395171058309273,0.6155422095432082,0.5021781525488654
722,6.944990995921154,6.506689978418992,0.4383010175022264,1.6750637356483367,0.5869611593197905,0.5432449531809499
723,7.068680674199124,6.552784793610167,0.5158958805886869,2.79796996102629,0.5838641122025496,0.547749217597839
724,6.778874864710071,6.647303687600862,0.13157117710943567,2.067920972677218,0.42088308570335775,0.80489012791738
725,6.928970025913424,6.612378525200073,0.3165915007134572,1.2598454860051014,0.5225580871512248,0.6394071679400443
726,7.238610093223025,6.663153225913442,0.5754568673098674,2.7576805565159717,0.6121183164555701,0.5070520236924936
727,6.796427698689223,6.2819386089345475,0.5144890897545338,2.2032710006581517,0.6041482564895515,0.5184443809534054
728,6.6831293953973105,6.412427329080986,0.27070206631628935,1.9586322482710798,0.482303994540225,0.7026017132188681
729,6.633726266592641,6.274753023181569,0.35897324341112835,2.2473671907352255,0.5227806848551527,0.6390649427924465
730,7.120630892511537,6.928770419988696,0.19186047252287608,1.7525598987384896,0.44269746883464933,0.7676460958247502
731,6.600878719976601,6.348686969728783,0.25219175024790275,2.7855747059623077,0.475487790666955,0.7135786058455056
732,7.104489379479157,6.698635384204026,0.40585399527526533,2.5073474737682986,0.5406934071027338,0.6117647618704499
733,6.972896802679935,6.708283389592866,0.2646134130870905,1.9732677231298474,0.4793259738493927,0.7073870636547498
734,6.6816319554822545,6.280211315113357,0.40142064036876945,2.2669373902713197,0.5430208169543006,0.6082512974282407
735,7.430767387986117,7.156245521222504,0.2745218667635072,1.5948519458694648,0.48586940973013104,0.6968935577737417
736,6.767718983870219,6.144259127288189,0.6234598565820306,2.496268501968938,0.6475830349601224,0.45712244971404636
737,6.805400925766827,6.459378199959632,0.3460227258071882,2.798170164558254,0.5120896512301807,0.6555873744154467
738,6.671055301296912,6.493364170287977,0.1776911310091691,1.6334759676939186,0.4339786808267623,0.782401451871451
739,6.915101423137168,6.376164520296635,0.53893690284076,2.1422465145237055,0.6212993585800619,0.49400965816752074
740,6.8734749378604025,6.510549626468974,0.36292531139133644,1.8705832139877643,0.5316991005590819,0.6254144197419413
741,7.282362482947002,6.9276586075423925,0.35470387540453885,2.324032577568236,0.5198115505199741,0.6436359222006016
742,6.640697568663592,6.1452597913920375,0.49543777727126326,1.8580186567834822,0.6128094160958558,0.5060672845906278
743,7.214287885458754,6.7346411180080015,0.4796467674507312,1.648818402480007,0.6188712673019361,0.4974506900559596
744,6.8547637168537054,6.502431269910511,0.35233244694313726,2.0622652533915833,0.522221062484671,0.6399254574456401
745,6.8298966626081725,6.32180462867367,0.5080920339344175,2.6611255687287994,0.5840467115565475,0.547483342250457
746,6.285363692373204,5.8324542600996825,0.45290943227337266,1.4436251559110858,0.6195810777373776,0.49644415638583095
747,7.1710449587612235,6.752187259724801,0.4188576990363799,1.9096958679491252,0.5625391499670684,0.5790741374173919
748,6.994313531661129,6.466804079995528,0.5275094516655372,2.294271269661124,0.6069635223045631,0.5144126421882401
749,7.246106890351195,6.807109019903509,0.4389978704475652,2.041610718651171,0.5690389677681138,0.5694674300148101
750,6.496125563191919,6.155712455893033,0.3404131072989003,1.9985360653061086,0.5170867821946836,0.6478425644919527
751,7.135977112801067,6.476497431404164,0.6594796813967605,3.283330061777903,0.6309869536400784,0.4803381672453187
752,7.178574111558357,6.711396136079019,0.4671779754792169,1.7204160257380892,0.6037822650570797,0.5189691349820796
753,6.780020582658546,6.42180875866177,0.3582118239964984,2.449790225970464,0.5200251146468944,0.6433066923421307
754,7.285784106151306,6.75051523865041,0.5352688675009176,2.0968855590635798,0.6218833867713003,0.49318286111548887
755,6.6224110558779845,6.075178110846567,0.5472329450312827,1.8442282386857833,0.6492405864707622,0.4548174343500846
756,7.280442493694801,6.701275925823198,0.5791665678716527,2.2508700982971916,0.6378844820445196,0.470658699651759
757,7.105303284365329,6.570447035666776,0.5348562486985884,2.1921013866074723,0.616128034263889,0.5013454350426245
758,7.002610434302307,6.734715016482001,0.2678954178204549,1.7735565091749166,0.48127645441604483,0.7042510338399383
759,7.276588267722156,6.797190758382863,0.47939750933915093,2.187315709147569,0.5856245887592839,0.5451874694058577
760,7.16675715230229,6.841619917919298,0.32513723438319175,2.060355559597852,0.5085547470321948,0.6610897674917819
761,6.884665373632226,6.283164123928097,0.6015012497039152,2.0505211618287724,0.6665528307999198,0.43088384464155854
762,6.997880743449224,6.573980318577329,0.42390042487181745,0.681239772994914,1.0,-0.0
763,6.813846891893201,6.287460551105527,0.5263863407874396,2.588437983906399,0.5948680206470642,0.5317949501908508
764,6.846310686757471,6.463754431495923,0.3825562552615338,0.8737211812437593,0.6889609856955398,0.40026548645554405
765,7.2002745812312074,6.740191840728338,0.46008274050268483,2.318460310914368,0.5709353936419892,0.5666744339994273
766,7.012169949735773,6.62951426018399,0.38265568955193885,2.0934362025141446,0.5372183716456911,0.6170247944704847
767,6.7770477494502135,6.176622804788105,0.6004249446623362,2.623580389382404,0.6294417224764224,0.48251277926486813
768,6.458524475657606,6.213609240990076,0.24491523466758736,1.8487571106833158,0.4695208951903823,0.7232588074929415
769,7.405819005336918,6.8342621373763865,0.571556867960453,1.6472020375357204,0.69332052403971,0.3943528842435986
770,6.958455378629589,6.490806627094509,0.46764875153508,2.5405708769653614,0.5684822003427255,0.5702882627499014
771,6.737781925091605,6.23602173735342,0.5017601877382276,2.314330040682929,0.592475479660272,0.5352521929645896
772,7.1748053250202535,6.708082013724438,0.4667233112959366,1.2136109776606183,0.6779346009716952,0.4152831962241627
773,7.014949252625167,6.6160511067759575,0.39889814584921623,2.4325955923361704,0.5387437728423741,0.6147137572695219
774,7.465174544749454,7.084590522090716,0.3805840226586952,2.4792170572555747,0.5296987313555294,0.6284659718772547
775,6.65664332388331,6.1620842403286336,0.4945590835548046,1.7902571726311614,0.6173153091304562,0.4996588542282385
776,6.76166698092373,6.253584998849762,0.5080819820741453,1.8212091704258278,0.6240949191208203,0.4900550860333139
777,6.833286926958801,6.442211006955533,0.39107592000323166,2.1893624381723242,0.5394852667387906,0.6135915530791283
778,7.5425773421897535,7.034962194782887,0.507615147407023,1.5335639902632607,0.6551853693558045,0.44657026450168524
779,6.650287571123892,6.0806610176465075,0.569626553477292,1.5641404236269807,0.7067288745397045,0.3762529225005911
780,7.27475240715051,6.428119787131559,0.8466326200189087,3.5150343740992227,0.6987049591204496,0.38706922638531843
781,6.912614716526997,6.362178964178101,0.550435752348676,2.1991817417701185,0.6245952877052036,0.48934807930389435
782,7.0922896687351855,6.395627419374067,0.6966622493609975,2.7527760603916676,0.6703607712286115,0.4256529220784876
783,7.549214172098965,7.045182442193218,0.5040317299058188,2.253045314441639,0.5961873536835351,0.5298912204466614
784,6.348448623360975,5.847531399526931,0.5009172238339943,2.0454405190421774,0.6044995615795496,0.5179408182730368
785,6.592476259571805,6.275060089032829,0.3174161705389906,1.8564786046259236,0.5069636720185497,0.6635729544766457
786,7.279461831663122,6.83423359869658,0.44522823296642855,2.1231422076929114,0.5695256204162178,0.5687502804391508
787,6.955230093263419,6.531799636380834,0.4234304568826701,1.7662009576063937,0.5717227458998166,0.5655161451409211
788,7.283747343207716,6.836233228269451,0.447514114938258,2.223402898259593,0.5674276529891322,0.5718440183050277
789,7.1652880246280635,6.768254195269984,0.3970338293579516,1.5989201269011666,0.5631561618491276,0.5781599107939279
790,7.054004659338654,6.725301357490418,0.3287033018484635,1.4526326113757335,0.5229474825024426,0.6388085545613282
791,7.218486988091792,6.604902950486023,0.6135840376057331,1.7650642497793605,0.7097006240639738,0.3722581909520946
792,7.19423333733692,6.838870706904659,0.3553626304321824,2.540639961788319,0.5178884088441429,0.6466037832779397
793,6.7165390987281,6.327416629892534,0.38912246883569424,2.1721564028404288,0.5388583013529601,0.6145403750772965
794,6.529852757930422,6.0347606296599725,0.4950921282704712,1.957928074104231,0.606030835381214,0.5157474127736899
795,6.777863569755647,6.361600553778581,0.4162630159771652,1.974643616199117,0.5586689916416219,0.584819647947138
796,7.136162326363939,6.643334913429195,0.4928274129347301,2.0141316050787275,0.6014107002573494,0.5223729295434358
797,7.374924436259954,6.849211210187102,0.5257132260728667,2.1124164569827144,0.6153201646946131,0.5024938680425303
798,6.409001953604212,5.929101790724944,0.47990016287940307,2.1104343928140104,0.5891526652960649,0.5400643352520188
799,6.881853461213433,6.5225502276910365,0.35930323352249616,1.2600133594575844,0.5578859756743575,0.5859844334748169
800,6.5503234772858665,6.057475988814696,0.49284748847094306,2.255933232006253,0.5900930837008938,0.5387011447816571
801,6.875309188917237,6.701283501836267,0.17402568708098443,2.058255651174992,0.43859919002933145,0.7745608646310038
802,6.648356217427983,6.282008617713986,0.3663475997138903,1.7336885441336456,0.5375421195756613,0.6165340296661201
803,6.841551080126857,6.547741083115584,0.2938099970112944,0.90258642065956,0.5326383754774313,0.6239835696224209
804,6.908979407695989,6.451646806869897,0.457332600826021,1.798463585242171,0.5918007379800008,0.5362283564946486
805,6.517695015497958,6.169467286102391,0.3482277293956031,1.671707163165486,0.5284054866360788,0.6304419270927841
806,6.887825876562767,6.6179828586970135,0.2698430178656963,1.7485371077070262,0.4823915827755003,0.7024612124066603
807,7.120741073146911,6.4691512747303594,0.6515897984165804,2.7710556832953763,0.6474894487285889,0.45725266444417967
808,6.816685249758558,6.367510673878302,0.4491745758800789,2.201149090240399,0.5690034237647824,0.5695198204639648
809,7.208617896486823,6.7136381044355975,0.49497979205125375,1.2832015100992358,0.6931943431631544,0.39452382184171975
810,6.910330632434745,6.505955990537766,0.4043746418969931,1.9976494294144658,0.5512886829380852,0.5958301754609995
811,7.217730787759757,6.5499051852878925,0.6678256024717939,2.440829080841727,0.6750116857439835,0.41927976146512935
812,7.606821347295119,7.0768275439885375,0.5299938033067519,1.6305119754857884,0.6605820557458254,0.4391096933422012
813,6.688932638578928,6.127380128220141,0.5615525103587515,2.870650479497616,0.6020794851218392,0.5214124431660067
814,6.177446731067613,5.606123924156764,0.5713228069109846,2.2245508654309596,0.6350353780731575,0.47465152003350014
815,6.4652372258551,5.7691092378119695,0.6961279880431448,2.764204207618068,0.6694573529452517,0.42689287830799244
816,6.932122722372862,6.565610279493258,0.3665124428796389,1.6191278922821404,0.541767083744711,0.6101430008371495
817,6.662192029574436,6.111232697967099,0.5509593316073733,0.9661517696020141,1.0,-0.0
818,6.962452037005216,6.331020890904918,0.6314311461003399,1.9197700534398692,0.701379152029423,0.3834594214613732
819,6.442125691077019,5.956636460542734,0.4854892305343128,1.8391710193435458,0.6075895221334309,0.5135172861321985
820,6.759344145731513,6.597470555432098,0.16187359029936488,1.740181806068577,0.42816502835294046,0.7923355841596552
821,7.213423035795296,6.8225324005509,0.3908906352444319,1.721563393137803,0.5531535001988663,0.5930413192379906
822,6.617528154009671,6.231003447098255,0.3865247069113593,1.947699224545108,0.5428584075042122,0.608496227142245
823,6.636309688544026,6.236319441058891,0.3999902474852206,2.3947940787107385,0.5398993368114446,0.6129652203351622
824,6.744378701498755,6.334782389361807,0.409596312136955,1.7615003641403248,0.5631773214087583,0.5781285672431659
825,7.0739469344372825,6.471121534666574,0.6028253997706088,1.7242405473382405,0.7073684570049878,0.37539266795277487
826,6.620284714894234,6.29579447862527,0.32449023626872986,1.0434180700499596,0.5475560983101366,0.6014262814192927
827,6.957636699918504,6.356905827651902,0.6007308722666949,2.3370459373143255,0.6446822280636466,0.4611622153059725
828,6.828092707647949,6.277171367466524,0.5509213401815032,2.1902039501869304,0.6253994566739527,0.4882123232404223
829,7.115943345734815,6.667278308608198,0.44866503712660233,3.1740702838065964,0.5489787816503315,0.5992911002122542
830,7.029654412722659,6.4744475976962494,0.5552068150266223,2.609483653206688,0.6079646935348411,0.5129808826384253
831,6.964978618986544,6.697484725496347,0.26749389349015473,2.2293764589925296,0.480699985857312,0.7051771717495325
832,6.603932340770763,6.192950478999011,0.4109818617716883,1.4397072900957326,0.5849045959077549,0.5462347298894848
833,7.114409812338119,6.602192943835371,0.5122168685027191,2.7995951581533873,0.5821928010583937,0.5501845476174951
834,6.941501444588477,6.605790757316955,0.3357106872715576,1.7316218439826585,0.5193750012592411,0.6443091224893865
835,7.085272753466535,6.627620682262988,0.4576520712037109,2.4203232149828473,0.5668333369665032,0.5727214124625833
836,6.762581855692071,6.4307138454574915,0.3318680102345297,3.085786347861113,0.505307832023725,0.6661615725665331
837,7.095464397560301,6.800289725067602,0.2951746724925215,2.4157414534690176,0.4926188207631972,0.6861495290617826
838,6.765814933901931,6.344842801909239,0.42097213199258476,2.4607077794862704,0.5484776730988636,0.600042858132751
839,7.020772692550901,6.569780828217064,0.4509918643339006,2.8747758586530594,0.5542834202648346,0.5913537531896065
840,6.733417262280165,6.254509360187365,0.4789079020927147,1.6574448630864964,0.6175111801055179,0.4993807467858122
841,6.73877882309028,6.083056542099699,0.6557222809906307,2.369788190898028,0.6733666764927853,0.42153196273274424
842,6.716566861536359,6.271173578794604,0.4453932827416338,2.0124924904400636,0.5737855744615543,0.5624850678891945
843,6.428158151461668,6.075039832236799,0.3531183192246772,2.3998380687420244,0.5182566961983117,0.6460349887704955
844,6.7383894296253235,6.2338798907796065,0.5045095388459231,1.1679490482797839,0.751768207852298,0.31630870054227284
845,6.460474066919852,6.153574216454951,0.30689985046478796,1.7520761178451671,0.5025801946673502,0.670435525079979
846,6.857351885436794,6.450898499764891,0.4064533856719663,1.218982010604055,0.6075868632580914,0.513521088201833
847,6.740197506183614,6.342158916510828,0.3980385896727512,1.5646031691446218,0.565862753857983,0.5741552420851974
848,6.899664994029701,6.513130813917131,0.38653418011244867,1.6398376112270583,0.5539740892088916,0.5918155798603298
849,6.669824565556093,6.408399459577881,0.2614251059781054,2.2817625984633985,0.47808153180835145,0.7093915471309268
850,6.354769349214786,5.887915816222675,0.4668535329919905,1.0759522682171578,0.7349884867616079,0.33849726637443267
851,6.7878705487191215,6.375877858899971,0.4119926898192716,1.2827499105127877,0.6034575355852607,0.5194348477910926
852,6.729318782307184,6.4418129247941724,0.28750585751299695,1.4831832019617543,0.4950502922342285,0.6822983878935949
853,6.908925664494911,6.531185389059582,0.3777402754351442,2.1902961945923067,0.532813334574129,0.623717185798772
854,7.281881624992986,6.9199818607081145,0.36189976428477166,2.3995500860502084,0.5222401077380152,0.6398961643402372
855,7.28802400460375,6.784920959364884,0.5031030452389587,2.1760903401737437,0.5991207580762703,0.5256653278662888
856,7.074224568924302,6.761141024959729,0.313083543964467,2.4427484597983486,0.5002488341535751,0.6740982781191696
857,6.830099916970477,6.283936705156323,0.5461632118142461,2.104349871341409,0.6279110389534629,0.48466917028263107
858,7.158723630792503,6.744159849460852,0.414563781331708,2.8657816613225613,0.5393078126165733,0.6138600483076336
859,6.53382722537088,6.107303064734689,0.42652416063606324,1.2392646170925374,0.6251568351020853,0.48855491980190274
860,7.111155712190049,6.745971406102635,0.36518430608725794,1.4656146552276432,0.5480924314256739,0.6006210243736437
861,7.039799829474697,6.408256202907397,0.6315436265672361,2.514454665237867,0.6507931248234742,0.4526606415527731
862,7.09640098262974,6.744439250911983,0.3519617317178927,1.8464771345840134,0.526109594186494,0.6339559131911058
863,6.94117205778951,6.269546530017431,0.6716255277722212,2.9938334396064867,0.6468497737264264,0.45814290814713904
864,6.908532387901625,6.556530729434707,0.35200165846686104,2.688215515327162,0.5152583440866128,0.6506718412398609
865,7.273487574082475,6.824012597212354,0.44947497687007854,2.907203989620143,0.5531249259667735,0.5930840175058019
866,6.997088381435725,6.639884258492545,0.35720412294290327,1.9488643362264924,0.5268129992169299,0.6328784841905826
867,6.850347581535681,6.510042898353435,0.34030468318246676,0.8678946863509545,0.6072385999110106,0.5140191529907223
868,6.850561802240401,6.112558669968047,0.7380031322722971,2.6331381652159784,0.6990908975502789,0.38654795038487033
869,6.858577193144294,6.477965410107403,0.38061178303701126,1.5710453506495874,0.5533621232335931,0.5927296081048566
870,6.72213975467019,6.329855286587497,0.3922844680826074,2.220484014359826,0.539454548259484,0.6136380282083316
871,6.743325692938635,6.307977068435784,0.43534862450292167,2.2925773051967653,0.5592408502879547,0.5839694733704082
872,6.688189316136851,6.13897220266737,0.5492171134692398,1.9214094871401244,0.6435161743575695,0.46278822201562153
873,6.673450040095014,6.155083333402731,0.5183667066921771,1.948534090562827,0.6212476843060384,0.4940828286616988
874,6.610748337156048,6.257011733626301,0.3537366035300238,1.257899273615834,0.5532605958948261,0.5928812965349469
875,6.897231270955155,6.370583823853872,0.5266474471011406,1.945473752875717,0.6267704562036152,0.48627746256418036
876,6.700976245696603,6.2465987810180525,0.45437746467837314,2.4859102654509897,0.5635939780937554,0.5775114913982315
877,6.6930582615943255,6.229193399870001,0.46386486172445984,2.309964572038144,0.5731130744159691,0.563472656434892
878,6.931729588198488,6.514488104408196,0.41724148379034887,1.6993661421771975,0.5712296787069441,0.5662414167540704
879,7.216713320024093,6.8539177319500215,0.3627955880740501,2.760704016355156,0.5191503964634145,0.6446555981271815
880,6.907767466703882,6.636016220841045,0.27175124586301536,1.3721864858144457,0.48668627354021643,0.6955889734736699
881,7.2479008209424425,6.8309979432360155,0.4169028777064341,2.4062373658310783,0.5476480748438238,0.6012881590422701
882,6.482141969214519,5.911009926961812,0.5711320422526569,2.712537520943137,0.6117307448526219,0.5076044847542119
883,6.743508731249841,6.148686421421234,0.594822309828487,2.2113369152633346,0.6495731357432053,0.4543552777595634
884,6.638583907081676,5.889083553537619,0.7495003535441356,3.01318329723194,0.6813442882948746,0.41062941921370255
885,6.357722785070729,5.9709779709992805,0.38674481407156236,1.696872750787442,0.5515687841328563,0.595410985475537
886,6.556842850503864,6.145564698185369,0.4112781523185731,1.907753854590176,0.558191986560891,0.5855291284676589
887,7.036111954226891,6.569253292508984,0.46685866171787893,1.416097570554662,0.6358750121433168,0.4734740477053376
888,6.885078540847809,6.430024718513055,0.45505382233477576,1.5423716476659948,0.6102911938276081,0.5096578408810643
889,6.892068234031905,6.487968307748995,0.4040999262826972,1.6520961362700142,0.5650403818937982,0.5753710456818252
890,7.060643595912035,6.673480082233349,0.3871635136788427,2.6126174181630084,0.5309030056511506,0.6266281589487519
891,7.23969431339304,6.634315952933571,0.6053783604593264,2.4614244430969947,0.6399963164476159,0.4677039493438636
892,6.8701215964098825,6.518804063132501,0.3513175332775518,1.9729394968433702,0.5232130966224936,0.6384003600671486
893,7.233233972768568,6.863077666133551,0.3701563066349536,2.320968396973484,0.5270642678638073,0.6324937856938697
894,6.996712168185633,6.4645682135177385,0.5321439546680722,2.1110336674955725,0.6191750950606636,0.4970197910410939
895,6.883897494676768,6.5477973592540355,0.33610013542283923,1.4297463407551092,0.5290240896555947,0.6294964537376431
896,6.985431764438255,6.381630650261053,0.6038011141770312,2.3405861866829802,0.6461697307670402,0.4590897308142673
897,6.8436040649439125,6.666287523845847,0.17731654109820738,2.1658813644816917,0.44136698391546425,0.7698869024015161
898,7.058745136713634,6.564913775966781,0.4938313607467535,2.6787557719567943,0.5770429478510177,0.5577092388609548
899,7.548170219232981,7.073431855676668,0.4747383635560709,2.1293277116093314,0.5854543747193939,0.5454349990202092
900,6.826712752098212,6.345227018161632,0.4814857339365517,1.4891143237661808,0.6385772730356231,0.4696889369090579
901,6.451700736945606,6.107385317491735,0.34431541945355093,1.242568401324121,0.5464460110989704,0.6030942203855288
902,6.750579848113768,6.197332743689872,0.55324710442369,1.9269047084245123,0.6457389607833822,0.45968970407439097
903,6.6716391803406,6.172186645815119,0.49945253452551697,1.8711282675130008,0.6145096933981113,0.5036466658776431
904,6.943232470708546,6.454814877200471,0.4884175935080748,2.0655635218355393,0.5961247335532696,0.5299815346222313
905,6.733789534837053,6.126247221362698,0.6075423134741413,2.8787773688122478,0.622445029244953,0.4923880729581332
906,7.468701609437341,6.757932132305465,0.710769477131862,3.5611529041184724,0.6427174146438412,0.4639027609452098
907,6.899366895561281,6.322241403702423,0.5771254918590785,2.721478581292711,0.6142172385028759,0.5040628120637648
908,7.271161073093873,6.942456296608492,0.32870477648543783,1.5887847355440066,0.5186372025434899,0.6454475423133463
909,7.28327218328007,6.945100733940537,0.33817144933937016,1.9756558449056918,0.5162658071795395,0.6491122767062377
910,6.8275188100675965,6.326072685878801,0.5014461241889876,2.028842819540973,0.605741263220114,0.5161620071004849
911,6.7794367855453235,6.22984424472506,0.5495925408201856,2.9436560093713346,0.5947403190229505,0.5319793193038095
912,6.948755686966871,6.516548013029643,0.4322076739374552,2.497813198980417,0.5529522066442123,0.5933421337635918
913,7.035389893613166,6.452493072234455,0.5828968213786538,2.1173896311479226,0.6492581507062893,0.45479302222318874
914,6.56690884581638,6.157072396026139,0.4098364497901912,1.6613584834757837,0.568385742617209,0.5704305077753915
915,6.688394640501139,6.1832687887864655,0.5051258517148653,2.539750339208201,0.5862628393732638,0.5442596062483792
916,7.003365572249033,6.506929512148263,0.4964360601009048,2.1134452021509844,0.5983665390736846,0.5267509643065088
917,6.5991067513261275,6.102869439537743,0.49623731178826347,3.005696023156542,0.5707337781318289,0.5669711566494928
918,6.820224829908449,6.181548366291432,0.6386764636167754,1.7214893977550112,0.739038008458929,0.3331275441544728
919,6.538918412853201,6.287236916326195,0.25168149652699867,1.9581273845788267,0.4730775625973852,0.7174806648726425
920,6.740952837100787,6.446806135635464,0.29414670146547905,0.9672841186158543,0.52452289987891,0.6363890135916236
921,7.0838045147024165,6.683238571090756,0.40056594361158204,1.9857319129164672,0.5495424782715252,0.5984458528685869
922,7.129256023300451,6.799271833384674,0.3299841899158764,1.1340634985318303,0.5430781959337365,0.6081647729045875
923,6.83163817807934,6.31941330273896,0.51222487534028,2.706463580502163,0.5846714392093519,0.5465739947061177
924,6.306730831527995,5.763276223242025,0.5434546082860834,0.8428839984687571,1.0,-0.0
925,7.081010976420595,6.698669377579849,0.38234159884063956,2.108814634399259,0.5367280370077041,0.6177683687968281
926,6.508474571418384,5.999713283369319,0.5087612880490724,2.2033669287920254,0.600978440035128,0.5229939836059676
927,6.597525908196014,6.3032068522291045,0.2943190559667528,2.6462728011917562,0.4918427284939697,0.6873809032289565
928,7.063365505667145,6.710741688624816,0.35262381704228574,2.0499027354072332,0.5225699771005491,0.6393888862553949
929,6.450432125647405,6.111561925856323,0.3388701997912449,1.4794694935328359,0.5288978186586876,0.629689400700453
930,6.946623893554653,6.704844421833018,0.2417794717216566,1.1336807458953722,0.4693309893323516,0.7235680059412738
931,6.654961457374322,6.316032928904102,0.33892852847043287,1.383305922647537,0.5332349508241128,0.6230754360787548
932,6.782902560442091,6.11540948222831,0.667493078213738,2.1002807416626474,0.7050098403751774,0.3785664494551537
933,6.951034758608495,6.551409030304038,0.3996257283044997,1.5938992701557027,0.5652353271947246,0.5750827595901714
934,6.739758127589477,6.2785012149722395,0.4612569126170456,1.5203598797737854,0.6175990049619765,0.4992560611880208
935,7.179211160177994,6.698309919015388,0.48090124116242805,2.1504571582579857,0.5879695382948766,0.5417807728493333
936,6.947824850384615,6.398363266690533,0.5494615836942103,0.9955844179679225,1.0,-0.0
937,7.247796587214845,6.73409453020326,0.5137020570114146,1.515045222744778,0.6634657902081704,0.4351331394243623
938,6.807256773214641,6.479077405566494,0.32817936764831757,2.059433115510142,0.510079599658507,0.6587137531941719
939,6.337825613236356,5.831809584259114,0.5060160289772284,1.2516880780490034,0.7175586664168252,0.36172349691134464
940,7.290868342166215,6.936342954409136,0.3545253877571213,1.8134076317072712,0.5283365689482288,0.6305472958259947
941,7.264571597843707,6.837607539210682,0.4269640586330752,1.1007741919643692,0.6593321181883127,0.4408354627482121
942,6.953212471989838,6.356442580566254,0.596769891423719,3.132777010552555,0.6095285337109744,0.5107465598293753
943,6.786280077833391,6.459603709218543,0.3266763686149261,2.411477447257461,0.506356279143279,0.6645219904639054
944,7.156446768875805,6.658242704469801,0.4982040644058543,3.4712845943625794,0.5636969403657538,0.5773590363594179
945,6.452756225564764,6.0730864332715,0.37966979229304343,2.188868587963025,0.5337974655633212,0.6222196215499802
946,6.475454279877278,6.072380578506136,0.4030737013711132,1.7599729100371277,0.5591539966588062,0.5840985702982248
947,6.8304706847335925,6.510205914111532,0.32026477062231606,1.8507436645700075,0.508576211247969,0.6610562962272584
948,6.956536937828497,6.569371487385505,0.38716545044326267,2.123365028481004,0.538896515176998,0.614482528120293
949,7.103218483745133,6.594972217688182,0.5082462660568581,2.489563896055447,0.5894012777335247,0.5397038597554681
950,7.028329846818844,6.746743728378435,0.28158611844060033,2.0554032726808096,0.4873628908861958,0.6945092676357296
951,7.063602910926813,6.682677477621732,0.38092543330526496,2.049156200254629,0.5372924619549424,0.616912468932595
952,6.8031974217689655,6.329384692704005,0.4738127290650027,2.0384853639441687,0.5889818030177562,0.5403121176309055
953,6.852699828315446,6.465868382095339,0.38683144622018517,2.401663628314747,0.5336544570154641,0.6224371527020679
954,6.687798496457782,6.182712156104261,0.5050863403535004,1.355097484994083,0.6861631339205573,0.4040674311111016
955,7.095505037773075,6.555312739016701,0.5401922987564376,2.325327827558091,0.612308512870156,0.5067809662344985
956,7.126855734631528,6.794185688661644,0.3326700459699623,1.8643374839051887,0.5150972620792231,0.650921344767729
957,6.591716128502577,6.419987346516786,0.1717287819858484,2.0255404803363817,0.4371616247231086,0.7769951619437963
958,6.750072637070099,6.384180934617996,0.36589170245201785,1.6683822355396103,0.5394910103707755,0.613582863471867
959,6.776981031774023,6.232632083880803,0.5443489478932406,1.9956541853428007,0.6343599484497747,0.47559919577789833
960,6.66645501443457,6.248181052608993,0.4182739618256619,1.7080049996010231,0.5714400781878894,0.5659318956057526
961,7.036922745220574,6.661459419122396,0.37546332609827004,1.496778238762488,0.5537586798716503,0.5921372573657488
962,6.750993167071266,6.491191777732377,0.25980138933891794,2.313197207383123,0.47742888058215194,0.7104439442955984
963,6.929542728029839,6.459035207648045,0.4705075203814886,1.947048794745097,0.5915996821179883,0.5365193272002806
964,6.98409731388295,6.575093806344336,0.40900350753850034,1.7657412656111724,0.562610918929171,0.5789677724694506
965,6.49337162139471,6.169683689583495,0.3236879318112642,2.0192897062306336,0.5082726031227542,0.6615298111449973
966,6.522480602131219,6.05905569735736,0.46342490477377396,1.5221489761592153,0.6191742324038021,0.497021014360165
967,7.313981506027114,6.900703446000337,0.41327806002664147,2.810631667252462,0.5394838670459139,0.6135936706976917
968,7.2191393778049875,6.703461251754449,0.5156781260504886,2.4013335281165524,0.5962751493328926,0.5297646040383158
969,6.624068764487612,6.18119898021722,0.44286978427021495,1.8414780613498962,0.5801300520475807,0.5531947638609759
970,6.651438594881194,6.341434049890902,0.3100045449903064,1.002016705019944,0.5373603637970541,0.6168095323326763
971,7.029667637784707,6.317577299154303,0.7120903386305599,2.387788669857205,0.7043476287493542,0.3794582136446463
972,6.654248899810392,6.4494680915921965,0.20478080821840194,0.8127753772327004,0.44421266594636766,0.7650988813555478
973,6.523719419621722,6.027266639821038,0.49645277980084757,2.2327178936138026,0.5929728092470898,0.5345330218079233
974,7.25140469420233,6.750484732655055,0.5009199615474245,1.881133770525686,0.614757631431484,0.5032939328845549
975,6.625473123184003,6.256170635481427,0.3693024877024982,2.778349205821474,0.5216686777709505,0.6407753079232957
976,6.628199208106645,6.2803431397954785,0.3478560683111027,2.053906210723035,0.5200705306097136,0.6432366882125922
977,7.3547637157268415,6.711190851311196,0.6435728644155461,2.0322245110924975,0.6964557776314506,0.39010923041553147
978,6.6548255358961175,6.173935915638397,0.48088962025781257,2.252005920096817,0.583914311031926,0.547676121305566
979,7.1894243047599335,6.653566066385553,0.5358582383744306,2.4442732887515746,0.6048362765558328,0.5174582923820948
980,6.770771649651062,6.353974523668187,0.41679712598283913,1.9678948204087021,0.5592057666059911,0.5840216196518022
981,6.744089367515182,6.282555691799368,0.4615336757158275,1.7206536075724337,0.599843832737813,0.524625102552064
982,6.82473418644093,6.440757165906982,0.38397702053407556,2.326109401351175,0.5335111228875903,0.6226552086541329
983,7.537851978735199,7.248468653106295,0.28938332562893265,2.0643630621362554,0.4910654524671202,0.6886152011225244
984,7.335719611459746,7.034103224521603,0.3016163869378943,1.900323339119339,0.4981576934892562,0.677391336757011
985,7.118698065534483,6.778145794731843,0.3405522708026183,1.4478064946404032,0.5313835633884341,0.6258953825169392
986,6.867578720851663,6.433865615919773,0.4337131049317122,2.2863220417851373,0.55858689276907,0.5849417379314621
987,7.021118987621941,6.69760890295016,0.3235100846718524,1.9406801169791166,0.5091071874147897,0.6602285284077275
988,6.821287914413171,6.218168386701331,0.6031195277116694,1.6952208246243359,0.712577644815172,0.3683964490636981
989,6.790079712036169,6.478695625731278,0.3113840863047699,2.2253165205804706,0.5006180136909635,0.6735176659396741
990,7.027856518534174,6.6992690866862095,0.3285874318480637,2.050027389580272,0.5103899957023392,0.658230551965761
991,6.30421464666045,5.883045475244758,0.42116917141561316,2.0515943788127338,0.5588328272261114,0.584576032601804
992,6.85273315540365,6.383116310485656,0.46961684491793676,2.429108339373613,0.572406874159689,0.5645103267844139
993,6.786140906596467,6.22224990565652,0.5638910009399751,1.8603595984408159,0.6594215777789432,0.4407119037086392
994,7.080599320014864,6.610017697841387,0.4705816221735404,2.475198302188762,0.5715853470391106,0.5657182205298937
995,6.9448103923163504,6.564072614680166,0.380737777636341,2.837410972986131,0.5258032703883841,0.6344253496458697
996,6.6535298845450885,6.298484233417861,0.35504565112728415,0.9090638484635711,0.6163929148082887,0.5009690361020973
997,6.5717348318436795,6.125810594741781,0.44592423710173534,1.620057382866527,0.5964089873712524,0.5295716029353665
998,6.267204404803971,5.861085391605892,0.40611901319812205,1.232917906820699,0.6050188280003244,0.5171967392996674
999,7.053609698566271,6.409484816547058,0.6441248820192413,2.6277562644740016,0.6510208621073772,0.45234444521811934
