,logR,logI,logS,d_G,p,sigma
labels,$\ln\mathcal{R}$,$\log\mathcal{I}$,$\ln\mathcal{S}$,$d_\mathrm{G}$,$p$,$\sigma$
samples,,,,,,
0,8.084128046367422,7.252852760025309,0.8312752863421338,2.6994097403701645,0.7431482420669832,0.32768712112923737
1,8.17879883164829,7.3229010703852815,0.8558977612628951,2.1770830174238895,0.8255893858332655,0.22036180966971522
2,8.054712630586035,7.418897665036443,0.6358149655495708,3.082508099831866,0.6277050246239998,0.4849595703657114
3,7.328825270819205,6.734164887149785,0.5946603836691793,2.490504521729452,0.6328733730692612,0.4776864736449988
4,7.930049760569826,7.203090220248729,0.7269595403211042,3.2508875577914154,0.6603966801051464,0.43936555591027515
5,8.202805932814098,7.380512426417884,0.8222935063963632,2.2889378438454955,0.7838384971929773,0.27432028480330983
6,7.98312394486862,7.311283607407031,0.6718403374616173,2.3895462692061145,0.6810377714067125,0.411047409550254
7,7.37391074847579,6.61685093451592,0.7570598139598133,3.0546161959375446,0.6826401188425577,0.4088631150832198
8,7.838941346819691,7.088522280535319,0.7504190662841665,3.1188555259318385,0.6764451057597723,0.4173189824020642
9,7.876376780111112,7.333811955988626,0.5425648241225645,1.7268798792479352,0.6584167652799282,0.442100109345621
10,8.469784000698663,7.650070612229907,0.8197133884684717,3.0255256655989378,0.7131848894114747,0.36758206580210173
11,7.6099003106383485,6.800306554383614,0.8095937562547988,2.8305789439311937,0.7214647538258556,0.3565018674433996
12,7.755218130392276,7.089730581929491,0.6654875484628064,3.119360436684964,0.6391925344203737,0.4688280696330754
13,8.116145246845061,7.480876737047698,0.6352685097972426,3.2038688393879227,0.6234812390931113,0.4909225332611044
14,8.570697070864124,7.563729769519629,1.0069673013445026,2.704030122377702,0.8377704843572827,0.20474612093398847
15,8.28588067925767,7.428592160702625,0.8572885185549239,3.6646896281958554,0.696342587467986,0.39026231384886456
16,8.293487263598134,7.547060421017083,0.7464268425810587,3.1422589648927612,0.6735656192393006,0.4212594744515493
17,7.737030684408008,6.898102287199496,0.8389283972082922,1.9160945399446092,0.8749314492235961,0.1573976705290499
18,8.264310111372705,7.48755949581815,0.7767506155544197,2.932174951422411,0.6986710969794568,0.3871149680281196
19,7.9672060740625135,7.168355831667345,0.7988502423952468,2.7881182545416188,0.7191747488627525,0.35956194144731274
20,7.96843349574311,7.161139618408267,0.8072938773348142,2.9025587344157238,0.7152738780121313,0.3647823543287167
21,8.137965762965731,7.421573257676339,0.7163925052893774,3.0893376523789797,0.6627029792371546,0.4361843533739396
22,8.005867403791225,7.0733222132699645,0.9325451905215232,2.979702110067958,0.7703561555792705,0.29190906076546363
23,7.83824776187549,7.0498965867106556,0.7883511751647347,1.8511619260512227,0.8464619025725716,0.19363472955577346
24,8.006732361073826,7.429255796382254,0.5774765646915512,2.745510352102098,0.6134966875303206,0.5050884866800535
25,8.082659393863477,7.340867713786746,0.741791680076858,2.742352131528815,0.6935112169685669,0.3940945738439349
26,8.209465822757064,7.532331478452871,0.6771343443042497,2.535108596268966,0.6736193855290582,0.4211858371065411
27,8.255721098397142,7.23735977428667,1.0183613241104013,3.3086555928616903,0.7836318265831488,0.27458924955436603
28,7.85914741937955,7.033530989593512,0.8256164297858959,2.597630746369365,0.7494883519586842,0.31931408640999964
29,7.858451068522353,7.0532191220868405,0.8052319464354696,2.910109610412121,0.713764899986663,0.36680443399827917
30,8.152283948364865,7.515620009290853,0.6366639390739692,2.3840654394290866,0.6616420618503456,0.4376471836614776
31,7.936434585201649,7.300431759691531,0.6360028255101042,2.0185747568430443,0.6927958154244924,0.39506378425918764
32,8.0356890807148,7.130757407757347,0.9049316729574457,3.061619529822252,0.7506767029462036,0.3177472023821303
33,7.728932030956738,7.0117598794010085,0.7171721515555873,2.2234851657935835,0.7237714392488062,0.353422874883251
34,8.125438100125447,7.156037342580266,0.9694007575449177,2.9966872472261414,0.7867452297881138,0.27053950396786364
35,8.306065154769893,7.628169982300175,0.677895172469789,2.819448553053288,0.6577213300121098,0.44306139169925807
36,8.464571472484803,7.536447381535911,0.9281240909488133,3.2091930496886327,0.7507944550920576,0.3175919844263718
37,7.989132197758234,7.250855220123835,0.7382769776345413,2.6002720086816318,0.7016625695631477,0.38307713897070744
38,7.932197209828072,7.143889467405,0.7883077424230578,2.5604278147175137,0.7322548519055105,0.3421276208331955
39,8.516440644288476,7.703444068900421,0.8129965753878423,3.143529848617195,0.7031292753863112,0.38109969275914657
40,8.254628238119775,7.48543626490677,0.7691919732128554,2.8375168760543836,0.7009527680748762,0.3840346471695118
41,8.130463250194506,7.379269542877434,0.7511937073170429,2.554223616679124,0.712279304495193,0.3687966464592166
42,8.24515521878089,7.359475593757001,0.8856796250238403,2.573247238851753,0.7859707543202253,0.2715464824542829
43,7.646560816501559,7.191747465404379,0.4548133510970729,3.213860406639448,0.5508377951195796,0.5965051789661437
44,8.42863582463411,7.6123164508069046,0.8163193738271275,2.666047727331293,0.7381023188651226,0.3343674229296631
45,7.933492420842466,7.06126186282,0.8722305580224656,2.598457965672523,0.775478078581082,0.2852167628837473
46,8.041079374186719,7.30186082254512,0.7392185516416703,2.66762446430592,0.6972660330420432,0.38901367145661075
47,8.461631687320558,7.729071377848765,0.7325603094716371,4.097639736696216,0.6359558107850778,0.4733607732671486
48,7.357793575154627,6.742223522583789,0.6155700525707744,3.203693917605726,0.615303347517436,0.5025177816636938
49,8.557901455905547,7.797132820052855,0.760768635852628,2.371799728059557,0.7347998306257688,0.3387476639389429
50,7.690201271176246,6.878130726080901,0.8120705450953665,2.3677045608768736,0.7667687687606068,0.29660411513620805
51,8.337056474657,7.683692861792114,0.6533636128649505,3.1424356991226823,0.6331542049100882,0.4772920027333151
52,7.832038730642406,6.927014013048929,0.9050247175932782,3.4021991359349038,0.7286968087602282,0.3468595870743385
53,8.058714577150166,7.289102158285129,0.769612418864881,2.575724819067073,0.7205832877504574,0.3576793508934572
54,7.8275427680394465,7.08363115821059,0.743911609828956,2.12098289583108,0.7547163968251074,0.3124265219443514
55,8.297356399738927,7.524629909743734,0.7727264899951933,3.001776160543834,0.6926993998712183,0.395194434311108
56,8.292875748830792,7.303858050808206,0.9890176980227352,3.524597239767356,0.756567125932988,0.3099918869783865
57,7.631160480681327,6.983151914601205,0.648008566080307,1.7648078166878918,0.7388105298193932,0.33342892806104085
58,7.689896898721198,6.631626041544276,1.0582708571766943,3.180824232012128,0.8118949171882269,0.23798217781412123
59,8.38756190806026,7.7169340884662,0.6706278195938467,3.1798156421988004,0.6391820180242513,0.4688427811441758
60,7.541521558692974,6.504612172650614,1.0369093860422254,1.890286607351463,1.0,-0.0
61,7.755252607323936,6.766044812617178,0.9892077947065445,3.2231224989630185,0.7772128019085558,0.28295308334022173
62,7.687135256659129,6.924176477869597,0.7629587787896526,1.4854284229419292,1.0,-0.0
63,8.40006589864748,7.481371708367444,0.9186941902798935,3.1283068562315535,0.7522019279959269,0.31573727960808917
64,8.092670345342238,7.150778559624644,0.9418917857176439,3.4152417623118936,0.7435315645965175,0.3271802410130429
65,8.270753863888157,7.46056237813983,0.8101914857484189,2.1191429661183427,0.8028087849870459,0.24971367120672644
66,7.849278032937544,7.060024079418849,0.7892539535184824,3.257727779288544,0.6867626889381041,0.4032522178529802
67,7.867352430552554,7.003076007325607,0.864276423227011,3.1504321360608003,0.7258532630330701,0.35064690485826794
68,8.046000203308775,7.353542990914573,0.6924572123941743,2.1184999234284376,0.7196534617044854,0.35892197248318136
69,7.880829330027208,7.001545417561534,0.8792839124655529,3.3087870851313816,0.7229993455026602,0.3544531008232962
70,8.17960689499392,7.354187245243391,0.8254196497503017,2.805156361501087,0.731349938343171,0.3433303666653728
71,7.997522113267959,7.245886182687155,0.7516359305807327,2.910866743432482,0.6879708550513943,0.4016102909300928
72,7.87485796939205,7.009843473807198,0.8650144955847736,2.7941634805154862,0.7525009732796493,0.3153433511886323
73,8.029779010469664,7.268561927787193,0.7612170826823785,3.118993249779841,0.6812469582755643,0.41076213824266605
74,8.2275715569595,7.353800542820732,0.8737710141388106,3.100842909135743,0.7334071124440055,0.3405968349957092
75,8.157979657219865,7.283958139032055,0.8740215181878739,2.527920330255082,0.7845864910208424,0.2733469982466686
76,7.774535292708887,7.106165656777829,0.6683696359311853,2.894511436276197,0.6496830966386737,0.45420248220079434
77,7.667697111962578,7.019509294543052,0.6481878174192843,2.2138450682205395,0.6814458670132343,0.4104909143798016
78,7.610651290303675,6.959051009983508,0.6516002803200536,2.269170130177578,0.6788107879293184,0.4140864608036082
79,8.431488607070431,7.501916063530114,0.9295725435401891,3.2312750925431715,0.7499355894514736,0.3187242957000348
80,7.560156874265029,6.877976648317709,0.6821802259471497,3.1146955875290274,0.6466059775057507,0.458482297944887
81,7.843611280176045,6.964436724827909,0.8791745553480723,3.6256791955336176,0.7067173905276031,0.3762683713295647
82,7.662362397222804,6.925367900767117,0.7369944964557362,2.140432908749201,0.7471872527025014,0.3223504035326384
83,7.611582319482576,6.876739904724818,0.7348424147576225,2.749333788859296,0.6895619392658752,0.3994496188573475
84,8.137390629791351,7.3086136301343565,0.8287769996568386,3.1288474115383273,0.7110852395604138,0.37039897212189377
85,7.980498332317492,7.258404092485808,0.7220942398314492,2.615980883721175,0.6919352868328232,0.39623010160265054
86,8.200842369782603,7.439613139550975,0.7612292302317201,3.1390198219320418,0.6802650731033426,0.4121014402166431
87,8.071275531796626,7.081207527583022,0.9900680042135264,4.042419696380545,0.7302164167605449,0.34483766304994456
88,7.912890471919635,6.886897414222052,1.025993057697633,3.542217692574031,0.7706451638767426,0.29153109748130407
89,8.106472406657357,7.202450018674536,0.9040223879826499,2.6398564326518645,0.7886870777158881,0.268015902842822
90,8.131531051168903,7.55017519124392,0.5813558599249973,1.4579544505066124,0.7449885742820977,0.3252543542299925
91,8.5156111469426,7.615450618731185,0.900160528211245,3.3125332181911205,0.7318256987610103,0.3426979584292442
92,8.317473517630614,7.374500982178322,0.9429725354525544,2.637284867142885,0.8107858082847614,0.23941240962304938
93,7.915584127395558,7.111431288195821,0.8041528391997872,3.1572033836572118,0.6984205936013813,0.3874533780618553
94,7.92026435061285,7.214740523110965,0.7055238275017928,3.2170420864467104,0.6526324874815934,0.45010811256683303
95,7.299002671455863,6.514124271534438,0.7848783999215811,2.3726899023158268,0.7493762079125807,0.3194619928459405
96,7.851263704322545,7.002291284004695,0.8489724203177502,2.229152021897157,0.811261978533678,0.23879831285990877
97,8.037172741832418,7.206411721420491,0.8307610204117282,3.6533558370010333,0.6864019342818588,0.4037427027884701
98,8.402884487206219,7.527117887029885,0.8757666001761208,3.216748582243749,0.7269030111538599,0.349248162786106
99,8.106202771893603,7.659512911929664,0.4466898599637261,2.5789626859723924,0.5579199211868962,0.5859339209107817
100,7.834995191453171,7.267686455236561,0.5673087362167735,2.641492265558025,0.6125769794417704,0.506398425813717
101,8.51252371662832,7.710856624778241,0.8016670918500495,3.914084386633771,0.6659327623756366,0.43173673883125374
102,8.0155222090612,7.141174512385145,0.8743476966760682,3.4266600369329048,0.7144633224909611,0.36586833916871836
103,7.7042431683797155,6.902592344970483,0.8016508234090907,2.5253487911845056,0.7430960612155815,0.3277561281107381
104,8.31384303093915,7.552879382004004,0.7609636489351033,2.994640284328675,0.6876346637096662,0.40206707418059356
105,8.00226045909363,7.115658115738899,0.8866023433547525,2.8894145375790714,0.7553346696592489,0.3116129784596912
106,8.191111692401645,7.39162186143032,0.7994898309714245,2.439038671596574,0.7507991115872575,0.31758584650728094
107,7.842526503201778,7.084098356928461,0.7584281462732179,2.467515034264739,0.7239280884562529,0.35321389933448544
108,8.090135206723115,7.29528599507702,0.7948492116458965,2.127989723155828,0.7899996111256395,0.26631111817883185
109,8.134965076562874,7.326362740850751,0.8086023357120666,3.1158398170875543,0.7027037941541336,0.3816731824789848
110,8.295689930718307,7.524791501126902,0.7708984295913979,2.696749238480429,0.7116225440505868,0.36967784132069914
111,8.137334804723931,7.327588600499848,0.8097462042242114,2.597991420222886,0.7406732546181622,0.3309619132570962
112,7.94479249270108,7.080813924603259,0.8639785680977639,2.8047434963565756,0.751054501943156,0.3172492242225717
113,7.872390937915323,7.317002297637341,0.5553886402781245,2.650685461522272,0.6065349006768948,0.515025929717623
114,7.717207860441302,7.034124084300505,0.6830837761410748,1.4629321067648107,0.8831440101796766,0.1469848097167299
115,8.1610150778377,7.405819000790803,0.7551960770467758,2.708891302072484,0.7026184462066204,0.3817882347920493
116,8.21305827617908,7.138678958288697,1.0743793178901342,3.6532612629010295,0.7830295919832471,0.2753731215786915
117,8.038715842314385,7.200432504892948,0.8382833374214442,3.2814151508386367,0.7067577007410744,0.37621414454493746
118,7.596951228277529,6.770871215463291,0.8260800128141454,2.8268949340462193,0.7300069539225904,0.3451162812121812
119,8.263384896273063,7.551403592938744,0.7119813033343689,2.1556134715858484,0.7282808492555564,0.347413291561977
120,7.985573663771273,7.209671493253179,0.7759021705180658,2.9840758094877735,0.6951928798970746,0.39181774879548964
121,7.659779605561251,6.997714732769385,0.6620648727916887,2.869401460080084,0.6478865649981755,0.4567001750732231
122,8.260707369325072,7.511881608907341,0.7488257604177306,2.959119028479595,0.6839311043524394,0.40710468259810034
123,8.173110141328205,7.111532674787721,1.0615774665404842,2.7454120993677478,0.8617111654809948,0.1741963353435661
124,7.7623337682835505,7.027629538918557,0.7347042293649793,2.918171131847995,0.6795358218397511,0.41309662527610275
125,7.8713778442182125,6.928912885234144,0.9424649589843739,3.217193834521332,0.7566733443308602,0.30985221250520273
126,7.810567482341238,7.1670301370666785,0.6435373452745807,3.068592569892161,0.6315375696165484,0.4795638315754707
127,7.465412980736627,6.78096759541307,0.6844453853234427,2.774826397851143,0.663171564828545,0.4355385482798816
128,7.93759709034185,7.342632455399137,0.5949646349426985,2.457789917845009,0.6347130907194034,0.475103658860599
129,8.509481135786753,7.76209224670286,0.7473888890840499,2.910498754839228,0.6859716934700582,0.4043277886942013
130,8.361156333551488,7.722594066569311,0.6385622669822624,2.8713453929088715,0.6369112103241168,0.47202182519842156
131,7.73306422460001,6.919877570481216,0.813186654118681,3.1761780710875485,0.7014145091643829,0.38341172758640746
132,8.287080140457018,7.441557714010603,0.8455224264464505,2.5454643584931524,0.7660820955027636,0.29750355342550844
133,7.887886956440806,7.123960379050789,0.7639265773898387,3.1642923998915364,0.6802284756374022,0.41215137383257044
134,7.6118978416794185,7.061832244743133,0.5500655969365198,2.548728752487044,0.6077825738726004,0.5132412508412729
135,8.463631948812743,7.779246182447647,0.684385766365267,3.00811425018167,0.6519780849076031,0.4510159062765234
136,7.869986579624591,7.318040037123058,0.5519465425015824,2.9412240121915403,0.5958249430865433,0.5304139687342325
137,8.609909700641136,7.869054287352629,0.7408554132887275,2.916824972558384,0.6825168177181122,0.4090311278144079
138,8.350288620859882,7.455057489621698,0.8952311312382335,3.6222189299993985,0.7132735422470989,0.36746319278818257
139,8.696015403599002,7.990914539572703,0.7051008640262353,2.816791959589235,0.6709285158972618,0.4248740181796405
140,7.93547963208999,7.218443161698335,0.717036470391804,2.4854130087410233,0.6989716998813447,0.3867089360506561
141,8.401526244971645,7.850522978210197,0.5510032667614269,3.0725742501763023,0.5920050507001957,0.535932718921548
142,7.9982481321258625,7.216710734518866,0.7815373976070532,2.802835713046999,0.7094049073252732,0.3726554368303655
143,8.391483939572762,7.584903800390318,0.8065801391821878,2.3734007844129827,0.7626582570091363,0.30199187470005756
144,8.051542573761761,7.248107884062268,0.803434689699543,2.362310281528533,0.7620566532114025,0.3027811453272548
145,8.555030001514577,7.684506510965921,0.8705234905487487,3.3640402449923634,0.7161665227711058,0.36358688358084607
146,7.986752656378311,7.367410189347165,0.6193424670311742,2.660203608401261,0.637068155952462,0.471801954157003
147,7.8622721837314735,7.102226405840046,0.7600457778914915,2.25340596710204,0.7479045332445498,0.32140362914189297
148,8.580562792508143,7.695686580665122,0.8848762118429931,3.497753324521071,0.7151838634113007,0.3649029349179201
149,8.11130095152549,7.304801194444639,0.8064997570809282,3.242715452630403,0.6949751053037405,0.3921124819051634
150,7.6674795448100745,7.015061740268973,0.6524178045410736,2.9615031699622847,0.6395373826549938,0.4683457135425611
151,8.195706330621586,7.318951005745188,0.8767553248765125,2.8664477706447435,0.752321561892008,0.31557968157370353
152,7.94183490261349,7.293385309248425,0.6484495933650578,3.6141143802964457,0.6172626489221704,0.49973363042651414
153,8.642236877139393,7.712192724166822,0.9300441529724139,3.1570557420736023,0.7553332976275876,0.3116147835950208
154,7.942654161111076,7.426579891741017,0.5160742693699376,2.2454666016575864,0.6030320544851784,0.5200452247584172
155,8.093396626497732,7.411211040132091,0.6821855863656765,2.7165857874574364,0.6652264680297254,0.4327086181875474
156,8.466819459792358,7.609757848754068,0.857061611038489,1.947728377698521,0.8820360290523094,0.1483886852859784
157,8.344505610910627,7.4875648808626885,0.8569407300478815,2.9246554535860803,0.7379029895810568,0.33463161978016875
158,8.113187883992222,7.515827537917989,0.5973603460743107,2.776272565012455,0.62161441213004,0.4935636012324167
159,8.45241168782837,7.628150159739906,0.8242615280885275,2.999319268453636,0.7169912777412049,0.36248279563980224
160,7.738306441960102,7.0357973094394985,0.7025091325203903,2.6293566307154066,0.680791741367037,0.41138296726346474
161,8.296047477695137,7.518133219238887,0.7779142584563488,1.8492102004726974,0.8370406798969932,0.20568025900018516
162,7.902828666397735,7.221330205335949,0.6814984610616648,3.1313401280440267,0.6456595207492063,0.4598003656362641
163,8.313441925792684,7.688686811699927,0.6247551140927499,3.1187586793915045,0.6217606560586235,0.49335658053910963
164,7.781598713308366,7.251046571260165,0.5305521420482364,2.6721607493729636,0.5941227729959316,0.5328711562291155
165,8.51883194880821,7.634162866825843,0.884669081982338,3.2128736046314152,0.7311065630590697,0.3436539282336892
166,7.892080030939777,7.117165429472532,0.7749146014671169,3.0226246280691385,0.6925416128571695,0.3954082616888429
167,8.354473895041846,7.456285502699135,0.8981883923427176,2.410828269947288,0.8148810965357536,0.23413381280929466
168,8.023186691709551,7.330468663465258,0.6927180282441441,2.5977762359938374,0.6777440325357972,0.41554356184217545
169,7.8472207426466944,7.146713125553408,0.700507617093308,1.9220608527283574,0.7537675262034578,0.3136754792588897
170,7.876667365129432,7.159773816997447,0.7168935481320204,2.896743164793552,0.6722761997051576,0.423026125824339
171,8.076959739829189,7.3878949137322785,0.6890648260966827,2.815179529069553,0.6632868864336469,0.4353796397971607
172,7.901291966568859,7.196074277436434,0.7052176891322688,2.843702140861584,0.6695337994440403,0.4267879288531283
173,7.675314116704666,7.179517362698814,0.49579675400605083,1.9713772920080892,0.6056567167657887,0.5162830730394347
174,7.813770472101677,6.940024350449523,0.8737461216521751,2.419961717224073,0.7982915202314652,0.25555881905618383
175,8.341881395503204,7.505112316042311,0.8367690794609643,2.2557617625729414,0.7985037693655188,0.25528398371828026
176,7.9556035234004945,7.25090546855731,0.7046980548434476,3.4924479701694615,0.642512912847314,0.46418820247827897
177,8.111132571202287,7.409329705546828,0.7018028656555089,2.3075009973000817,0.7055688167608696,0.37781394078893366
178,7.849910562217072,7.081395678896879,0.7685148833199946,2.9491048430068965,0.6937543055074109,0.39376532708599915
179,8.009462721983535,7.001202072120034,1.0082606498633595,3.3215565148639854,0.7782671449150356,0.2815779562346551
180,8.126092493762425,7.339667711933071,0.7864247818292824,2.9018673258236305,0.7052041728056291,0.37830480975433944
181,7.866924480356882,6.981326559440131,0.8855979209165525,2.931782907431991,0.7513828231874664,0.3168165267465177
182,7.968948472407245,7.267742155031225,0.7012063173758634,3.472264280187364,0.6417777446703461,0.46521465540907503
183,7.456822601850316,6.701588889568566,0.7552337122820063,2.843404565913243,0.6937391627305838,0.39378583569189973
184,7.839212111957803,7.104775236148125,0.7344368758097062,2.373934977100493,0.7187883974584861,0.3600785440893612
185,8.334233910093698,7.497961413532796,0.8362724965609232,3.018981616487114,0.7213674729009161,0.3566317933360936
186,8.124029002850701,7.511295741516694,0.6127332613336876,1.671392516149627,0.7255712461650815,0.3510227964525485
187,7.934138160314259,7.161859163170714,0.7722789971435304,2.7513088071470975,0.708352027681923,0.37407028222682
188,7.601827757654117,7.011480387955263,0.5903473696987476,2.3117031239411574,0.6404492818999092,0.4670707199903609
189,8.090990666595697,7.321034001040719,0.769956665555128,1.428891114672151,1.0,-0.0
190,8.250134634925924,7.482458551677976,0.767676083248034,2.276893469459697,0.7499256065852244,0.31873745931112485
191,8.633460454365203,7.889179378328787,0.7442810760367138,2.9298270129378885,0.6834127643709701,0.40781055436466634
192,8.090343130178834,7.313789727053983,0.7765534031250354,2.7639361614317757,0.7096260127272223,0.3723584132353547
193,8.246848724951459,7.454144101442214,0.7927046235090529,2.6581339457957505,0.7261506073733244,0.3502506373968084
194,7.846235985094207,7.195996814962381,0.6502391701317265,3.768489568551093,0.614249346338899,0.5040171202290876
195,8.048376600798118,7.176941320854073,0.8714352799440803,2.1706315794894486,0.8382597130614816,0.20412001606092134
196,8.148511474364621,7.2359121419424675,0.9125993324221326,3.0511282035776546,0.7550755056749858,0.3119539697139422
197,8.016958032853207,7.278982687838994,0.7379753450143198,2.862814565842342,0.684205800842672,0.40673068507505916
198,8.327896159179144,7.533425271990229,0.7944708871887087,3.6068023540881136,0.6739678909556472,0.4207085856859603
199,7.960757229631152,7.280983227065274,0.6797740025658641,1.6074651310168164,0.8103517399541196,0.2399722879806565
200,8.402965363882057,7.659483169256195,0.7434821946258126,3.7831368636235077,0.6484134423350563,0.45596737025347595
201,8.169503581217267,7.473977119393485,0.695526461823647,2.8862721101241497,0.6627462320969786,0.4361247346252352
202,8.31153215368391,7.4253779096594705,0.8861542440245103,2.465928339979893,0.7996632651925393,0.2537829254688839
203,7.9092905456912455,7.19303339277408,0.7162571529170236,2.6955807188724954,0.683596838095651,0.407559860802841
204,7.781641338718654,7.079289793395393,0.7023515453233813,2.0709491210092104,0.7324731399905051,0.3418375622007533
205,8.075830579948441,7.357814396001682,0.7180161839467019,3.000039480806727,0.6675853192515628,0.4294643681114167
206,7.810373049712833,7.058947425336047,0.7514256243769069,1.9834812009417568,0.7829888387105925,0.27542617238067946
207,8.417231832026399,7.5723738663904605,0.844857965636038,3.3485930761369396,0.7060606039890641,0.3771520608117326
208,8.159434383599827,7.396503712164982,0.762930671435015,1.9967465565339957,0.7895619868411775,0.26687944044670797
209,7.836265254465669,7.03849761531708,0.7977676391485602,2.663970593504324,0.7283637028162768,0.3473029925560926
210,7.737603647181285,7.0790753197961145,0.6585283273850564,1.6790627738313226,0.7670413626913368,0.2962471248091951
211,8.300661142723637,7.49422283196056,0.8064383107632693,2.8616591657332293,0.7176743847108341,0.361568664388508
212,7.882004510775285,6.9322517511275485,0.9497527596474811,3.6437816935708653,0.7339403301360073,0.33988872197563474
213,7.853653210814681,7.0113272670054805,0.8423259438091009,2.7017399358168497,0.7488157023369155,0.32020134675704004
214,8.099865432530404,7.244839080538302,0.8550263519919099,2.2926288550783447,0.8049857321908938,0.24689985029131994
215,8.244005818907734,7.395761787611274,0.8482440312966446,3.7012644481980033,0.6912825245051221,0.39711518251376887
216,7.931424237194786,7.156380184182783,0.7750440530121523,3.4993539124361526,0.6703772077729302,0.42563036872144916
217,8.296628008114848,7.483857030351107,0.8127709777636483,2.307823912198529,0.774991599221655,0.285851842747823
218,7.507129488896279,6.9408286375136505,0.5663008513827208,3.3823343683325042,0.5910954453055741,0.5372492653220513
219,8.159526430892864,7.361809023309963,0.7977174075826952,3.1749980438071965,0.6946135445712525,0.3926018884236687
220,8.44329060075739,7.777455179314092,0.665835421443262,2.5352969062734303,0.6676043039537648,0.42943827584200756
221,8.523200011004118,7.68475236395069,0.8384476470534992,2.65923428606013,0.7506471775028669,0.3177861232889378
222,7.6325860980160165,6.956300588216667,0.6762855097995271,3.3264069145477144,0.6364836531494728,0.4726209219611547
223,7.880454755152922,7.071117876041431,0.8093368791112425,2.8223570339583546,0.7219377385581669,0.355870246948906
224,7.682815598713031,6.926434117445819,0.7563814812672263,2.550881132460532,0.7154099005571182,0.3646001530773187
225,7.817841822072122,7.280915440839646,0.5369263812324334,2.750378926427466,0.5946494770812671,0.5321104832887013
226,8.509765952997494,7.84700406361166,0.6627618893860472,2.7208401267346787,0.6554060952267234,0.4462646400228141
227,8.458724496699741,7.697896040869129,0.7608284558305058,2.6379492154514104,0.7108033265699185,0.3707774121601235
228,7.935601587418031,7.3244733359289675,0.6111282514891627,2.7163039391631365,0.6305637051170894,0.4809335808613517
229,8.003402683412158,7.4924541817881085,0.5109485016241706,1.846465702138854,0.6240076762941917,0.49017838276480197
230,8.332141182208314,7.4875136759686605,0.8446275062397035,2.5313938772527216,0.7671100054839703,0.296157235828744
231,7.773082629129757,6.949530878044467,0.8235517510854606,3.2211222101137302,0.7035618064920661,0.3805168292299868
232,8.32060367201262,7.406199006203206,0.9144046658095704,4.272108015710916,0.6943987517216134,0.3928926753080976
233,7.688101104704682,6.984094948425973,0.7040061562786377,3.2607542374394285,0.6503085267374267,0.45333362075553624
234,8.171814396454973,7.258939537268933,0.912874859186104,3.3610604866026677,0.7344178998942836,0.3392546540588298
235,8.541620539878576,7.816225571251653,0.7253949686269152,3.339148764336283,0.6562664779441181,0.4450737226149456
236,7.773845622323105,6.88652244298947,0.8873231793334071,3.529746159536039,0.714580840876863,0.36571086094818134
237,7.999749757729713,7.072904672475918,0.9268450852534897,2.574402740516579,0.8095308123092357,0.24103135850145885
238,7.971532079558354,7.173371195591518,0.7981608839670571,2.851532220329382,0.7142936045824896,0.3660957823570904
239,8.047339957038329,7.2702111181731475,0.7771288388653375,2.6311067721476995,0.7200457799853393,0.3583976099843273
240,8.108248333085893,7.570673549560592,0.5375747835253151,2.1093780647951625,0.6224819605320386,0.4923358218772885
241,8.343687244558676,7.600108858816153,0.7435783857424667,3.3731090628518245,0.6624779703698918,0.4364945254478366
242,7.718527895832775,6.882443702569017,0.8360841932637868,3.5340470700823587,0.6935690106657704,0.39401629237403213
243,8.670322069253924,7.956588188444389,0.7137338808097411,2.5334991832053255,0.693438534884768,0.3941930250380625
244,7.813271374597715,6.967876834724631,0.8453945398732685,2.5447281588224264,0.7660889045269376,0.2974946334515714
245,8.237469754984485,7.28826118869679,0.9492085662875525,3.114568547828892,0.7673320413562869,0.2958664922158378
246,8.107527839165922,7.3569539957443375,0.7505738434217619,3.3737174295040013,0.6653443099038722,0.43254643632426987
247,8.169155234648596,7.222828489084538,0.9463267455639652,3.703033063539401,0.7295602942244939,0.3457104976184156
248,7.701294029154777,6.986587337355122,0.7147066917993925,2.891917771031384,0.6714969234632661,0.4240944629677709
249,8.058989636917712,7.30561611175251,0.753373525165216,1.6598754957915887,0.8781388789172841,0.15332894097406452
250,8.244533409465529,7.434185687231032,0.81034772223461,2.7374750932200733,0.7289635991769352,0.34650450499512764
251,7.949807425386606,7.117189321884158,0.8326181035026821,2.7189961653283206,0.7421473424157264,0.32901104138272597
252,7.860784922181718,7.223260900019486,0.6375240221623244,2.146013551317072,0.6808989266551473,0.41123677271485615
253,7.975324169320455,7.18903079778671,0.7862933715337022,2.4067304251152706,0.746436821639358,0.3233412443514404
254,7.761988758250535,7.090554963781802,0.6714337944688396,1.7269587302962357,0.7679080762762723,0.295112323085894
255,8.471364716134357,7.442300262382201,1.0290644537521985,4.20978507002992,0.7369343140354014,0.33591586362457626
256,8.048068705598606,7.353788929050108,0.6942797765484556,2.9692104013825045,0.6581992273912838,0.4424007624478147
257,8.041235733097263,7.40465273324509,0.636582999851953,2.0268838111717358,0.6922736043946264,0.3957714987167475
258,7.999854451156406,7.15129239900828,0.8485620521480541,3.0444290357936303,0.7254530700818804,0.3511803244571009
259,7.778250551620484,6.884050593308306,0.8941999583121287,2.8625440697815847,0.7614327525741292,0.3035998674519043
260,7.991894076220486,7.257574240310948,0.7343198359094458,3.499824166863821,0.6540390180208193,0.4481582130533283
261,8.030850467001354,7.308577302803972,0.7222731641973041,3.2030060045912983,0.6603664268367411,0.43940731536130745
262,7.684692113581658,6.895701272755222,0.7889908408267274,3.6757382617718193,0.6692705712802807,0.4271493210040268
263,8.120735838897698,7.279285719737533,0.8414501191600721,3.100490219864607,0.7185697334393226,0.3603709692246317
264,7.657026451918963,7.013446075196196,0.6435803767228663,2.8350258566438598,0.6407842032447915,0.46660263245781686
265,7.799087034344264,7.175956875967021,0.6231301583773075,2.3831756554601284,0.6541946908495371,0.447942505737479
266,8.301525684416955,7.695944980373493,0.6055807040434047,3.290036191523704,0.6088244912053185,0.5117521381152756
267,8.282076878151255,7.401289845139434,0.8807870330117566,3.8084497506118318,0.6994228817117156,0.38609963289820004
268,7.938229313040946,7.185010396934398,0.753218916106789,3.8324523375036605,0.650564829032827,0.4529776587628607
269,8.013286892822233,7.343039382816276,0.6702475100059928,3.314112572012231,0.6344131628665373,0.4755245166796454
270,7.945970342391146,7.428019858398645,0.5179504839925357,2.9632510217535035,0.5807205350329494,0.5523325476836267
271,8.260119529507445,7.621124690038226,0.6389948394692055,1.6730657665763715,0.7496266387408396,0.31913171001723156
272,8.025004393661728,7.146997765570145,0.878006628091498,2.9787060318378877,0.7440596653659156,0.32648205344637704
273,8.607071746429536,7.748817315688417,0.8582544307412263,3.6987699891346466,0.6952818521554602,0.3916973447709773
274,8.306833120740574,7.411021897283543,0.8958112234570308,3.5864985621929257,0.7152251654671564,0.36484760738807775
275,7.769271850392723,7.026648642201113,0.7426232081916169,2.6250594560232905,0.7021239482475978,0.3824549365759131
276,8.11290626122587,7.259614947721662,0.8532913135040872,1.7375207932592183,0.9721018040280789,0.034972331009002856
277,8.106808784005633,7.249527165570104,0.8572816184355361,2.902454978375296,0.7397566227353025,0.3321756587333344
278,8.568877323827618,7.5279612854347455,1.0409160383928793,3.536645658222035,0.7771199395396639,0.2830742247101366
279,8.398235253309448,7.55056070568406,0.8476745476252745,2.8817054237227993,0.7365992769702989,0.3363601755772563
280,7.766530315063218,7.0234855288630875,0.7430447862002438,4.007342728818141,0.6419527799696345,0.4649702240554691
281,8.044738476530082,7.283229767903226,0.7615087086267067,2.998148368543589,0.6876945304085347,0.40198572714674613
282,8.191776504909566,7.457290603842676,0.7344859010668188,3.6488751738918985,0.6491414192955032,0.45495526961158933
283,7.478968937866565,6.672770960392665,0.8061979774740848,3.051403881597203,0.7053312310347178,0.378133758756448
284,7.95898200818311,7.156035965764968,0.8029460424179433,1.9507042643899446,0.8327440269423994,0.2111835750501127
285,7.721141374657062,6.825895152504042,0.8952462221529913,3.2075026672294484,0.736170747989723,0.33692856935528886
286,8.327098224151595,7.581546215769077,0.7455520083824467,2.749831451041011,0.6949158374875206,0.3921927000400975
287,8.041466059868807,7.063170540101179,0.978295519767471,3.128467682785246,0.7797030945953072,0.2797059740301437
288,7.799087149734131,7.34163092487621,0.45745622485765125,1.9020891806667528,0.5860055970359775,0.5446335184345855
289,8.11506978876724,7.422160070861974,0.6929097179051951,2.9140020132561055,0.6601669457558623,0.43968268398716204
290,8.038028575925917,7.094528288667792,0.9435002872580753,2.657058901547561,0.8086601303119744,0.2421549121403359
291,8.623373448887886,7.768566029412742,0.8548074194752644,3.199931419136096,0.718586313267215,0.3603487955059528
292,8.069514203545904,7.3978149775699045,0.6716992259757717,3.7388446404002806,0.6228718561654203,0.4917842721490007
293,8.077706411925927,7.402375086726462,0.6753313251995223,2.369063983834522,0.6846290164883284,0.406154590970721
294,7.89533125031431,7.064029044704785,0.8313022056095178,2.679547752214628,0.7449314900266362,0.32532978589602046
295,7.989307742514082,7.180609339324359,0.8086984031897373,3.024634595597078,0.7080995364946823,0.37440968770248406
296,7.9822843006270965,7.171126287915943,0.8111580127110756,2.534956810394487,0.747549908993143,0.32187167933168986
297,8.224863037751046,7.37590277971567,0.8489602580352766,2.304012128110557,0.7991966927954193,0.25438687107331115
298,7.887936931937528,7.181035156550603,0.7069017753869957,2.192384608970624,0.7206348683745427,0.35761043461672104
299,8.398924211899892,7.3054590042917305,1.093465207608233,3.569552658554745,0.7962787425737594,0.2581660701936309
300,7.920329437855624,7.1700573387036535,0.7502720991521983,2.704163218805828,0.7004186363750997,0.38475541247941186
301,8.312585462216756,7.705711303484822,0.6068741587318982,2.3615799083892135,0.6465750390456033,0.45852537128775395
302,7.7103778939638765,6.88696938180075,0.8234085121632688,2.998091394821934,0.7166681503390682,0.36291530905341046
303,8.264775194590637,7.518156982893377,0.7466182116972959,3.255164535214462,0.6685866706431334,0.42808852527275604
304,8.167301170053914,7.474033526052043,0.693267644001935,3.6071321087755237,0.6345535902650818,0.4753274589149195
305,8.06683992132508,7.510681218817918,0.5561587025072185,2.6720477829205116,0.6061351533117402,0.5155980775199387
306,8.0972872047094,7.304994504180851,0.7922927005283782,3.3823436431067613,0.6823058547771739,0.40931861718173435
307,7.796491947882995,7.009172453411221,0.7873194944716033,1.0402209753189524,1.0,-0.0
308,7.808716235253822,7.0763879810034815,0.732328254250433,2.305187500732444,0.724447842841859,0.3525206391400671
309,7.169927972032664,6.704618662336667,0.46530930969584006,1.9589910614600718,0.587851561919038,0.5419520161485845
310,7.694132033397008,7.091414728484242,0.6027173049126304,2.46134770424176,0.6385984533319189,0.4696592958784707
311,8.087002378999895,7.407942934892706,0.6790594441072244,2.5073523555838264,0.6765168593973748,0.41722087262745683
312,8.3246685122927,7.409526328155085,0.9151421841377214,2.553339262212024,0.8054436673967516,0.24630819402182924
313,7.713408458085549,7.044413204973228,0.6689952531123708,2.3698593313736573,0.6809300593973369,0.4111943110981064
314,7.890540651499858,7.053731306374427,0.8368093451254026,2.7049699716964817,0.7455939603767969,0.3244545051944559
315,7.635835706371207,6.808330228331545,0.8275054780394839,2.4880946174956087,0.761943297546877,0.30292988274200655
316,8.005443795695836,7.182610458961388,0.8228333367344476,3.2882957338606893,0.6997238285109516,0.3856932958831839
317,7.8518406292233145,7.169352189545467,0.682488439677627,2.9675026193084797,0.6528990506442279,0.4497384398526382
318,8.222668542244545,7.424829668788281,0.797838873456385,3.022563820323537,0.7031688034910917,0.38104642071879014
319,8.291851605571818,7.531640888422583,0.7602107171492207,3.5765279477582723,0.6615909904566069,0.4377176263061293
320,8.098447206458385,7.391376166456563,0.7070710400018925,2.637569307988617,0.6826217774647658,0.4088881067033587
321,8.34884515066943,7.63183740071506,0.7170077499542913,3.37550579747667,0.6514628622083338,0.4517308898546721
322,8.212706639144752,7.350860065637466,0.8618465735073642,3.1239284574398702,0.7264258643520871,0.34988385453144066
323,7.752356246545613,6.948067254956808,0.8042889915886917,3.138811307765266,0.699482301012447,0.38601940017675307
324,7.90308529888085,7.152465904998916,0.7506193938818342,2.327172806822894,0.7333830463566383,0.34062879878203095
325,7.849021013926002,7.159515199635198,0.6895058142906692,3.045463718754231,0.6526666933174139,0.45006067209975165
326,7.9236236926404295,7.177864091571546,0.7457596010688121,2.918463992730846,0.6847471682281259,0.4059937832765181
327,8.38928049441898,7.574003597809135,0.8152768966099302,3.4655244099674114,0.6881300136550293,0.4013940713280846
328,7.889378779076932,7.0555139451058615,0.8338648339711199,2.5569412557783586,0.7582083882498523,0.3078343423360304
329,8.236574271062235,7.297573767956823,0.9390005031057171,2.943087082271795,0.7766869450962632,0.2836391320760652
330,8.019707674508535,7.143772970935171,0.8759347035734208,2.5489620672051387,0.783203793284283,0.2751463627893539
331,7.589407763920288,6.930562196120771,0.6588455677995171,2.623312932282211,0.6587188624384446,0.4416826554794526
332,7.793255986145422,7.144990521418212,0.6482654647272739,1.2267068271926824,1.0,-0.0
333,7.688486322022353,6.987982052130864,0.7005042698915531,2.9579901435781046,0.6615769763411163,0.43773695632007037
334,8.029047674689135,7.3457905992237436,0.6832570754654625,2.4366399394198055,0.6839001507807316,0.4071468292580059
335,8.28313143370843,7.5771617558777,0.7059696778305806,2.114197141096394,0.7293524775185642,0.34598700942088967
336,8.4967485766802,7.8096277151860996,0.6871208614943498,3.5306660365530824,0.6344143791694337,0.4755228097972008
337,8.472674361146854,7.820343559147023,0.6523308020000513,2.85577623831211,0.6439584363121154,0.4621713648440043
338,8.276178726134102,7.56735368657036,0.7088250395636351,2.980359346620588,0.664329304155001,0.43394372869890635
339,8.483202984645512,7.8094319312436475,0.6737710534018788,3.2370857567859517,0.6384757164091828,0.46983106733405927
340,7.9031870965073345,7.182434861639489,0.7207522348678594,2.742810513337705,0.6829112358702012,0.40849372584025756
341,7.7852750180427925,7.03250666697301,0.7527683510697898,2.1773054383696646,0.7529546620741254,0.31474580630644344
342,7.933437563285732,7.06327520483519,0.8701623584504432,3.795405864129627,0.695902545961693,0.39085753257617084
343,7.988660201623414,7.265103696427193,0.7235565051960293,2.249296527993021,0.724978152646792,0.351813474463187
344,8.316111552596393,7.693918187654216,0.6221933649421771,2.9207020806573354,0.6275110469676631,0.48523304080877433
345,8.557456081862991,7.847044041149839,0.7104120407129813,2.8953591849839633,0.6692907480242807,0.4271216179028895
346,7.797885893722931,7.157020217623245,0.6408656760997928,1.8984484999475626,0.7112725897809165,0.370147502500578
347,7.341022783476372,6.5156768318285465,0.8253459516481598,3.085009117117192,0.7121333050438818,0.36899251345249384
348,8.085999444959096,7.184022887425474,0.9019765575335441,3.613123669976357,0.7164044046234725,0.3632683890473717
349,7.949091161984423,7.178043160372372,0.7710480016119163,3.2394753971871033,0.6797710403900996,0.41277558565258937
350,8.043715253575836,7.469617274979537,0.5740979785962281,2.2775823543741858,0.6334004837155325,0.4769461279168813
351,7.775966142402748,7.010446933411107,0.7655192089919183,2.5903093965415174,0.7171284860575933,0.3622991596847297
352,8.263807334531347,7.314543879455325,0.9492634550758794,2.8247814757031477,0.7931210590058393,0.2622599212921427
353,7.936613425376262,7.177719880812202,0.7588935445642164,2.7488988006524337,0.7017216217806016,0.3829974945297963
354,7.855054724363125,7.084567814947217,0.7704869094161495,2.38254869294607,0.7395292916717845,0.33247675170527735
355,7.840364974403936,7.249947189989474,0.5904177844145124,2.2056879870846515,0.647374985399596,0.4574119378519485
356,8.078300025900088,7.2447178865871855,0.833582139312739,2.186143870846344,0.8078502173428097,0.2432003221120003
357,8.108087684422625,7.253765274070762,0.8543224103518696,2.4633598208321246,0.7807658347013366,0.27832115939953506
358,8.037169590621996,7.388461769463763,0.648707821158041,3.2853356516812724,0.6264967343606576,0.4866636143689859
359,7.457265694948372,6.583440151838236,0.8738255431103426,2.5579081993975628,0.7809459960526723,0.2780864512374122
360,7.992609450562494,7.098267247291876,0.8943422032705257,2.3472371620274934,0.8222775259003414,0.2246166308741414
361,7.658050986893894,6.925996114816105,0.7320548720776969,2.6968500952983803,0.6915727490586256,0.396721628464286
362,7.968521474977532,7.313821359137588,0.6547001158401144,3.2204771751778054,0.6310587047273708,0.48023724680345115
363,8.053105539634142,7.256011895903104,0.7970936437309319,3.063539434468286,0.7004354086866812,0.38473277663312905
364,7.88420870610349,7.086972620907172,0.7972360851961184,3.4222321009720744,0.6826067646035592,0.4089085631387964
365,7.925763944649187,7.154590339550094,0.7711736050989657,2.8164079080097864,0.7033183778426457,0.380844849099999
366,7.812778892818013,7.135139634682599,0.677639258135514,2.6871908124113943,0.6646065144681719,0.4335620273061437
367,7.8402924747438725,7.123893739770818,0.7163987349729268,2.846213642169392,0.6747610922720819,0.419622714330651
368,8.093824408364124,7.140368774699642,0.9534556336643618,3.150101480107402,0.7665618238989518,0.2968751563663671
369,7.919051477405045,6.952990184757443,0.9660612926475096,3.328763177701642,0.7594051809163406,0.30626198507419883
370,8.258195042337146,7.5917500361338845,0.6664450062032756,2.065101821113828,0.7083217845756251,0.37411093355510855
371,8.435033849366217,7.6800062157816775,0.7550276335844046,2.5533137287675025,0.7144611291553856,0.36587127839151073
372,8.11808652601172,7.381002102166679,0.7370844238453174,2.301244202663966,0.7278111993139138,0.34803859413211596
373,8.051432591828469,7.180911108234017,0.8705214835945299,3.045421881610231,0.7356759199266896,0.33758503660018
374,8.1340898685126,7.380157819156619,0.7539320493558535,1.9468151341015556,0.7922478313187014,0.26339281062901354
375,7.772778342594446,6.886525398246615,0.8862529443476888,2.5133068416413025,0.7935714152171165,0.26167577947352305
376,8.295753197252505,7.56642141404858,0.7293317832040884,2.562864417756252,0.6996829352697029,0.3857485060135856
377,8.519820746546483,7.909255707741334,0.6105650388051345,2.5248736940447465,0.6393260991190801,0.4686412332204031
378,8.17088694487762,7.503731624452616,0.6671553204250813,2.6331593099781614,0.6623878864536066,0.4366187168366633
379,8.24923122472347,7.540606184076157,0.7086250406471208,1.9921372842058744,0.7484628061456317,0.32066693624477366
380,8.076174992128298,7.273255737449684,0.8029192546784998,2.767294271075663,0.7228072164318727,0.354709522354907
381,8.093720316502012,7.395833934028328,0.6978863824735981,2.735861338417628,0.6719302749185827,0.42350030658804105
382,8.037911945548839,7.289500036810626,0.748411908738035,2.3731433418289924,0.7272170322293747,0.3488298767142675
383,7.930662352300313,7.038942190854765,0.8917201614456189,2.7768059319044696,0.767927088136355,0.2950874348230342
384,7.46383300329995,6.768692751363513,0.6951402519364365,3.085543923066247,0.6534677910767587,0.44894990972440335
385,7.7353597527388125,6.9356876706694415,0.7996720820694918,2.4529980927524093,0.7493965889520893,0.31943511183634604
386,8.068399141390781,7.257796759017449,0.8106023823731903,2.722674924511491,0.7302914246628258,0.34473789738041655
387,8.123670751889048,7.311231380681701,0.812439371207347,2.7784239091718668,0.7268176545961312,0.3493618709988898
388,8.03188259411905,7.187768318709519,0.8441142754097655,2.557164076912702,0.7640147845979506,0.3002128754558539
389,7.489470875797277,6.715433224047114,0.7740376517501772,3.078058888669233,0.6891182244025995,0.4000519900621103
390,7.866802766538793,7.33391897996437,0.53288378657453,3.202005154687093,0.5816859678780623,0.5509237178218904
391,7.913090800759218,7.251784476359564,0.6613063243996748,2.2745181693411745,0.684161556184831,0.40679092005016476
392,7.957777778268618,7.109021932962509,0.8487558453061865,2.600411462690065,0.7620971362181042,0.30272802796640863
393,7.980704837112679,7.2567950297514265,0.7239098073614514,2.8153554965196115,0.6801391034431236,0.4122733176553891
394,8.129968867351689,7.422832705454237,0.7071361618975516,2.2291697041636667,0.7167442786067417,0.36281340351667274
395,8.052478280476233,7.432970791119526,0.6195074893566925,2.4770754018201906,0.6465851924505219,0.4585112353549836
396,8.283585674491459,7.527559153571378,0.7560265209201589,1.1543150604739978,1.0,-0.0
397,8.214111749723141,7.469776629722265,0.7443351200010966,2.0424706400119987,0.7671177472086351,0.29614709805022366
398,7.756143178950477,6.980529047893068,0.7756141310574094,1.60605979052389,0.9409970236428933,0.07401679223101582
399,7.927980106470212,7.137787110207018,0.790192996262931,3.0085450858631155,0.7004383863432724,0.38472875802001477
400,7.756084069629932,6.798227106067873,0.9578569635618805,3.03616954456718,0.7777559576886947,0.2822446056342992
401,7.851473009691116,7.09856861094951,0.7529043987415207,1.866779634366086,0.8093088133910838,0.2413178034751471
402,7.591240751173753,6.97859210771529,0.6126486434584422,2.1842697993810702,0.6622375039654813,0.43682605198208646
403,7.461475696418173,6.710718364488631,0.7507573319294352,1.7559984144439795,0.8383426233576549,0.2040139170980176
404,8.630907362390015,7.8429294189457615,0.7879779434442753,2.6743764291769487,0.7223143774704543,0.35536738751802976
405,7.923042818475377,6.9496569782353355,0.973385840239871,2.957828784300311,0.7922563354453069,0.2633817761004761
406,8.389671444039148,7.6927819491336855,0.6968894949054629,2.7948770752438676,0.6681430080217319,0.4286980113911979
407,7.942752077616486,7.459927546271889,0.48282453134470416,1.5623817850526578,0.630435307231098,0.48111424094631206
408,8.145581938461245,7.346258276139789,0.7993236623217399,2.9865602140875467,0.7060394650242584,0.3771805076370551
409,7.690668222788471,6.957180179701073,0.7334880430871635,1.3078824419602455,1.0,-0.0
410,7.978377833686462,7.083775786592387,0.8946020470941676,2.601272760394579,0.78779950061622,0.26916917411809643
411,8.261775512021867,7.578502633698566,0.6832728783231232,2.628088077446705,0.6709346074317232,0.4248656624410652
412,8.145792740364467,7.218327334487146,0.9274654058772285,2.737547841629624,0.7907626653625613,0.26532038078361414
413,8.333652102287768,7.637924406134044,0.6957276961536536,3.7459346682193093,0.631627543626005,0.4794373277433802
414,7.625626781382206,6.893261795049508,0.7323649863326409,2.4827670742428722,0.7077672859933879,0.37485637353857887
415,8.385838157517181,7.555322390831524,0.8305157666857212,2.9719795577474635,0.721768294370327,0.3560965051961549
416,8.074927164468416,7.384607717870917,0.6903194465974138,3.0378813618619986,0.6533540168777814,0.4491076296038932
417,7.908959453310725,6.924273263337984,0.9846861899729902,3.47565731504584,0.757792802166872,0.30838052104648594
418,7.686826593156692,7.070288641371352,0.6165379517854035,2.511660056964118,0.6431166876972635,0.4633455685614043
419,8.07199199716393,7.1549055927252105,0.9170864044383507,3.622888103145435,0.7219665347219264,0.35583179734081705
420,7.679194297438752,7.126340539047828,0.5528537583909383,2.099466466056832,0.6322537069552315,0.47855715181882996
421,8.235973360855322,7.416418486927366,0.8195548739279275,3.2059714980188296,0.7026192198338082,0.3817871918901758
422,7.536373182990072,6.735862229311284,0.8005109536786676,1.3103296157714652,1.0,-0.0
423,7.948958818794434,7.130554725450832,0.8184040933435881,2.8055034622614983,0.7277682512374735,0.34809578296202703
424,8.697689318903311,7.835478663078359,0.862210655825038,2.922785397648429,0.7406226009688386,0.3310289728467814
425,8.204568718762001,7.391166387588964,0.8134023311729379,3.206751405098043,0.6998655524141766,0.3855019629643497
426,8.141440109079266,7.270773436093936,0.8706666729854078,3.9940865970732986,0.6885166589474616,0.4008688854205646
427,8.32457817787309,7.617166657657808,0.7074115202153735,2.606653302505343,0.6848565583611658,0.4058449097238736
428,7.797561453850047,7.194648180500611,0.6029132733494862,2.2892906795462906,0.6489526576459024,0.45521765865628533
429,8.097586535918762,7.264410380381275,0.8331761555375579,2.78545452751127,0.7368701163365078,0.3360009947528426
430,7.822686341576681,7.118809560501571,0.703876781074996,2.8961394645140004,0.6661753644853687,0.43140300614677607
431,8.416144265968622,7.493392111913888,0.9227521540547059,3.8148280113775,0.7151614922549903,0.3649329034038622
432,7.841815742574962,6.910196386675739,0.9316193558991017,3.301484972970499,0.7462029735489037,0.3236500733729497
433,8.323750942632213,7.456274771373156,0.8674761712591135,3.2542523416986278,0.7210028755711815,0.35711879370823235
434,8.256488657098597,7.594882914906027,0.6616057421924779,3.7119818438650114,0.6197846320173772,0.49615560279023235
435,8.467657422957071,7.600406047716273,0.8672513752410396,2.622784520424947,0.7700797686816696,0.2922705568725796
436,7.842761558796209,7.059027568329686,0.7837339904665441,2.138147471981476,0.7803095544834283,0.2789156545794609
437,7.714648945176631,7.260671751714835,0.4539771934616965,1.8053830559987105,0.5892003335928526,0.5399952131890213
438,7.947587528476159,7.223425194757564,0.724162333718823,2.394990430697746,0.7107501121563158,0.3708488531530013
439,8.067309719347858,7.33617769543476,0.7311320239130055,3.100740289346163,0.668728595148687,0.4278935885920433
440,7.771848249461581,7.040990213748206,0.7308580357134815,3.685721907569466,0.6466013868529426,0.458488689119452
441,7.803411349815686,7.050605416174005,0.7528059336416391,3.0648777519790116,0.6801851663010618,0.4122104664582639
442,8.155162066889314,7.474411192240975,0.6807508746480835,2.1835830483748495,0.7047274283609999,0.3789467214152281
443,8.533724945238017,7.633769015352232,0.8999559298858912,3.3176474708689128,0.7314318430724971,0.34322148438871375
444,7.802569577297671,7.006593122863993,0.7959764544336849,2.6909920249447055,0.7251935862557128,0.3515262454124426
445,8.264974850752932,7.458269171468562,0.8067056792842777,3.4556103480540585,0.685050648133904,0.4055807870653536
446,7.901372563252888,7.291683776659145,0.6096887865937788,2.1429512656431484,0.6637512634617702,0.43473985834183115
447,8.408285983999857,7.4090164430855445,0.9992695409143835,2.6005725697456974,0.8477506167130787,0.19198926191313123
448,8.093104744398087,7.43875389487842,0.6543508495196875,1.8698590413700877,0.7259121208873349,0.35056846128818614
449,8.211084517385014,7.469714756317597,0.7413697610675172,2.782052738521635,0.6907458491526886,0.3978430940741046
450,8.036288884494123,7.188255973304987,0.8480329111891933,3.155050313610012,0.7182270509005784,0.36082930959099013
451,7.998072008079188,7.279231313617341,0.7188406944619601,3.5635137579784093,0.6457958757827402,0.45961042379937095
452,7.789673730379544,6.8125306126389695,0.9771431177407521,2.8102399569738097,0.8091276891723242,0.2415515225338924
453,8.112627012932133,7.453996030573254,0.658630982359,2.821945234093665,0.6484493279316483,0.45591746785319975
454,7.971655327152856,7.170864705244018,0.8007906219088454,3.3900973435806954,0.6855026157454943,0.4049658468095732
455,7.879878140783202,6.996999069527124,0.8828790712559567,2.8579317412938643,0.7561194111585319,0.3105806869511378
456,7.7924243575371825,6.956123429927043,0.836300927610182,2.084422617624135,0.8294588138103085,0.21539571080552794
457,8.06208978321666,7.202946950008556,0.859142833208125,2.613988895939041,0.7664870607776602,0.29697308099152303
458,7.842860595042847,7.2051256175585685,0.6377349774843424,2.532699001048499,0.6529876808753485,0.4496155400931928
459,8.187648497724748,7.41250405444195,0.7751444432828976,3.752207805764229,0.6613190758802592,0.4380927139763215
460,7.854460167287524,7.041626910491477,0.8128332567960115,2.831376813336618,0.7230261436354654,0.35441733704046635
461,7.871286900883259,7.230798884624132,0.6404880162590416,3.3610778859695287,0.6209078133302228,0.4945641500811781
462,8.128997226841474,7.5535475650844965,0.5754496617571476,1.8635782816179187,0.6673482735978218,0.4297901844711425
463,8.282146071356745,7.338286728692598,0.9438593426639272,3.4043069013450484,0.745028425292493,0.32520169583121705
464,7.896289307807191,7.212746505198812,0.6835428026083719,2.7447467700000594,0.6643467556307432,0.4339196972358314
465,8.149642795248209,7.485948764892957,0.6636940303551455,2.3793077892624126,0.6771855737141068,0.4163067229201327
466,8.151063788169548,7.510132178140946,0.6409316100284741,2.581231165231344,0.651915115905799,0.45110327709139747
467,8.007580179754822,7.148407012918344,0.8591731668366265,3.5563883573923256,0.7018861517292645,0.38277560380688636
468,7.506694240080204,6.530600838062174,0.976093402018023,2.8423970735266195,0.8051202000643266,0.24672610767485112
469,7.4633688111660454,6.861443457936399,0.6019253532294897,2.611871081641141,0.6307153830749781,0.4807201851642889
470,7.889149091331145,7.157219136739844,0.7319299545913509,3.275297102864524,0.661509605891869,0.43782988431988784
471,7.816693381396416,7.1168193297466935,0.6998740516496582,2.792503689200206,0.6697231425913919,0.42652800964893406
472,8.773347188951956,7.826284442558357,0.9470627463938399,3.123817777327595,0.7656244272479069,0.29810316338344217
473,7.925467227372163,7.230577108412749,0.6948901189596199,2.9255174427051323,0.6605336128713711,0.43917655328006244
474,7.596819099098919,6.958801316991238,0.6380177821076813,2.272110240063242,0.670523933974585,0.42542904837622475
475,7.400133130122693,6.835631518694274,0.5645016114285681,2.756486744944862,0.6070923605198559,0.5142283335732332
476,7.582030049804015,6.977891898899113,0.6041381509048733,2.2693007875599776,0.650991528105902,0.45238517076632556
477,8.221943974320137,7.358927996260238,0.8630159780602753,3.5925292024736883,0.7017820087727453,0.38291605237444737
478,8.36350911254777,7.686885607079706,0.6766235054678873,2.2048572718692157,0.6999528291429141,0.38538414292295886
479,8.296442779427988,7.495004343939019,0.8014384354887625,3.794179304374076,0.6698494631052749,0.426354620256369
480,7.8780278068223275,7.194405816356433,0.6836219904662357,1.9732951972364177,0.73261461577831,0.34164958620345715
481,8.457334200149997,7.569688604292157,0.8876455958579754,2.6804225141716174,0.7752829849275209,0.2854714362228049
482,8.225135995057425,7.555218841812259,0.6699171532450237,2.6803241747897175,0.6611235292150466,0.4383624954081804
483,8.263266739102672,7.543294022585794,0.7199727165170771,2.479746752431211,0.7010667978584861,0.38388079952457027
484,8.369029928754397,7.5797766612931206,0.7892532674613904,2.4601600842527844,0.7425193675748241,0.3285188852317529
485,8.508287069302067,7.637542885906438,0.8707441833955727,2.9820994241692844,0.7403156787929965,0.33143533426046384
486,7.772534598941373,7.2221015422322346,0.5504330567091529,2.0467172354241825,0.6344363030104484,0.4754920435049087
487,8.275590532164923,7.648769718038476,0.626820814126404,2.655979854470825,0.6409537129397869,0.4663657639350708
488,7.460469890800194,6.681550675553762,0.7789192152463329,3.1949554207207456,0.6853200751112818,0.4052141903715005
489,7.699267086963172,7.056167470962098,0.6430996160011091,1.4406310839841048,0.8322856105264801,0.2117711070282286
490,8.412506682466354,7.492526700169922,0.9199799822961268,4.035948422757748,0.7049407961957651,0.37865941340760095
491,7.717457960708597,7.16968858843342,0.5477693722752974,3.2808226917369687,0.5859702407743269,0.5446849161484353
492,7.673019106919181,7.125224722532064,0.5477943843870889,1.7050009038099958,0.6651924713644064,0.43275540878583346
493,8.165610314641125,7.41037702643985,0.7552332882012252,2.5304080325287863,0.7165095495203372,0.3631276247110493
494,7.669510221065419,6.946812175942615,0.7226980451227973,2.694431748691308,0.6869509605241602,0.402996280816699
495,7.805514925799397,7.07930957835266,0.7262053474466938,2.5284752594382773,0.7006350287396022,0.3844633853191032
496,7.9294142994645505,7.295437602066674,0.633976697397884,2.5178294141732884,0.6518748391570841,0.45115916373340176
497,7.802642349534661,7.105939946221763,0.6967024033128837,2.714543984294931,0.6725777574236316,0.42261283936796934
498,7.585881876782704,6.837049170268738,0.748832706514122,2.174489030512362,0.7506655811467635,0.317761863257705
499,8.143221077956067,7.401380106407455,0.7418409715485268,2.4570109529374875,0.7153780087986095,0.36464287077921503
500,7.723153600532495,7.053339004952544,0.6698145955799646,3.2241393096515942,0.6372675249521251,0.47152268350121224
501,8.407641866014327,7.595168146030819,0.8124737199834726,2.6055002578145867,0.7414784511556054,0.3298961255277046
502,7.61798971951708,6.841016059679166,0.7769736598381769,3.01885714074254,0.6937048363073148,0.39383232626505255
503,8.302918106987189,7.698524007175795,0.6043940998113158,1.8701419551122846,0.6877158082910471,0.4019568153426588
504,8.29513697183307,7.456189019182961,0.8389479526499599,3.049251479031888,0.7206516167698136,0.35758805764432533
505,7.896956672722407,7.157008962440148,0.7399477102819674,3.7082648809350403,0.6493653602168201,0.45464402006617344
506,7.671225714255623,6.899866336520571,0.7713593777352798,2.81923231096901,0.7032227479253715,0.38097372153103287
507,8.177059218325947,7.27795856605783,0.8991006522680891,2.901759587229389,0.760521137085973,0.30479651350116965
508,8.05135944938598,7.330646471710576,0.7207129776754755,3.01904790581478,0.6678978176440802,0.4290349125324908
509,8.014681875230107,7.209510740574732,0.8051711346554384,2.8740568821880927,0.7161869612563214,0.36355951751583665
510,7.261469533968974,6.665527148490131,0.5959423854787929,2.3063113234581287,0.6439155358702683,0.46223119372411636
511,8.332203530695605,7.563835779766446,0.7683677509289737,1.8328347852378641,0.8325989873924768,0.21136945791200393
512,8.275023635071246,7.433572874053187,0.8414507610182227,2.6579282061810687,0.7523986348036555,0.31547815480645247
513,7.9902886136408675,7.276341917314976,0.7139466963260475,2.8493551525625804,0.6734119958348707,0.4214698868975098
514,7.979735116295441,7.31929559873522,0.6604395175602349,2.11045720359564,0.6992209371990996,0.3863723332124544
515,7.590062842991809,6.882599611459394,0.7074632315323015,2.4961488420604674,0.6928278725491762,0.3950203460292711
516,7.9096734217951585,6.955990304573145,0.953683117221999,3.123028476628864,0.7687477099256335,0.2940133398564714
517,7.795429160590455,6.8813612587323085,0.9140679018578339,3.179404676577427,0.7465020581477063,0.3232550959452374
518,7.69975866419173,6.819974801136549,0.8797838630550814,2.260323606527333,0.8272171979667228,0.21827198882766533
519,8.258834915841415,7.527851469290926,0.7309834465504537,3.523943448243049,0.6518814632822025,0.4511499722266334
520,7.96661315137322,7.049106881693621,0.917506269679734,3.276188932027239,0.7416422195872001,0.32967940150347314
521,8.140290164532242,7.441236380082746,0.6990537844494611,3.02034212033373,0.6580411331039551,0.44261928528457506
522,7.571432842480643,6.9562729523438485,0.6151598901367379,2.822104430325897,0.6280953968721618,0.48440933196659103
523,8.22628038040676,7.324879817450391,0.9014005629564963,3.032478539966238,0.7511893088527788,0.3170715538195347
524,8.068980444152029,7.3764823595305735,0.6924980846215476,2.892045670759927,0.6610405303095106,0.43847701257208155
525,8.017278391004819,7.241736827516991,0.7755415634878773,2.2196612530747295,0.7625246308907466,0.3021671684453743
526,8.329515727415863,7.765042256144891,0.5644734712709578,2.5493212749930727,0.6148778710299814,0.5031228946520074
527,8.18253313931137,7.730362263574033,0.4521708757374654,2.480809354311795,0.562674802454289,0.5788730996166551
528,7.895236369767471,7.1358339424523045,0.7594024273150808,3.33065325088905,0.670784468963799,0.4250716155495031
529,7.944812077903688,7.292220325462463,0.6525917524411398,2.892390136384467,0.6424877847277195,0.46422327866148827
530,8.057038679550086,7.538495332586688,0.5185433469634972,2.7839269887445575,0.5854117915034205,0.5454969298489243
531,8.077565791861442,7.388471170012107,0.6890946218493355,2.4059649185093086,0.689571758783373,0.3994362898764954
532,8.119225210355406,7.310164402844816,0.8090608075103773,3.5338407757744825,0.6826807889819493,0.4088076996188419
533,8.22924780595309,7.31129148643954,0.9179563195134506,3.4261604679415782,0.7327923543852695,0.3414134456451828
534,7.712079281831901,6.905049086195934,0.807030195635889,4.058576720634431,0.663377009905908,0.4352554609698871
535,8.402503333788498,7.681453798284405,0.7210495355038802,2.7483078040466182,0.6827224176016577,0.4087509794685771
536,7.758419935371702,7.227481974885773,0.530937960485744,2.0346071579057607,0.6232452470536058,0.49125621037991724
537,7.926470809877909,7.129965044515874,0.7965057653620988,3.299963942710505,0.6878569149489023,0.4017650919806678
538,8.281429595425887,7.459360889750823,0.8220687056748375,2.7425445914884286,0.7346395123699602,0.338960466189092
539,7.539887629649964,6.952105388191708,0.5877822414583989,2.487998316732927,0.6294448810853717,0.48250833181310127
540,7.6116381322054245,6.80214427599606,0.8094938562094285,3.175426333497324,0.6998144037055165,0.3855710141320573
541,7.896046881898936,7.177105815805998,0.7189410660928388,2.6545718808848022,0.6876453056279554,0.402052613718546
542,7.834877232064681,7.076115097267287,0.7587621347975073,1.3594762327234555,1.0,-0.0
543,7.880383390818277,7.095765612973867,0.7846177778442325,3.5260650867411876,0.6731788082978802,0.4217893111374893
544,7.996466340135893,7.516792914001943,0.4796734261340134,1.162272613496178,0.7139792429903149,0.36651711618388844
545,7.7742657279985075,7.014212933909146,0.7600527940894608,2.2325748057926873,0.7505346080693175,0.317934518515418
546,7.9911313779151065,7.376007472749205,0.6151239051660014,3.1579234995185175,0.6164757680031425,0.5008513151324614
547,8.083665985922433,7.169191198303874,0.9144747876187012,2.0746169638282623,0.8949476471230238,0.13204632923522278
548,7.742732373834368,7.080754549929093,0.6619778239050902,2.241969717444416,0.6873956773378747,0.4023918360330703
549,8.172919528082101,7.309892258604389,0.8630272694774703,3.05659859314445,0.7313984801543839,0.34326583579889497
550,7.99834108515989,7.260146196602594,0.7381948885570182,3.1747437204504756,0.6684741448558946,0.4282430936777213
551,8.065579606682885,7.194240478641451,0.8713391280414271,2.8573020648559933,0.7503597007839553,0.318165104823662
552,7.7552448745671505,7.002893985586528,0.7523508889805726,2.9034334094674215,0.6887423215323948,0.40056241575842444
553,8.00831816931196,7.324717112914843,0.683601056397265,4.2695570810467025,0.6154195459027734,0.502352556222475
554,8.330457687438692,7.291062512066869,1.0393951753719648,2.475933619458658,0.892219643445411,0.13549610522005462
555,8.316290360516003,7.468198275985539,0.8480920845304354,2.7540936436340644,0.7472127133180448,0.32231679185361667
556,7.837551824101009,6.941843443110049,0.8957083809909818,3.0957135040420134,0.7439059091518642,0.3266853138895161
557,8.226478907204008,7.510176041618028,0.7163028655861581,2.6942317019204367,0.6837058628297594,0.4074113899894987
558,8.243022023706143,7.408412587698532,0.8346094360074403,2.7981628570205146,0.7365778905372395,0.33638853961195264
559,7.5519622046522805,6.836449669355584,0.7155125352965115,1.8598198901832355,0.7780528105826148,0.28185745863649797
560,8.063267143922356,7.276016789683855,0.7872503542384948,3.2709236515116125,0.6852707242450649,0.4052813357129834
561,7.818128985185066,7.154626788947429,0.6635021962374594,2.130851009631641,0.6990746984956681,0.3865698278720019
562,8.504717291263258,7.7925110115715235,0.7122062796915998,2.161334082747519,0.7277392412589823,0.3481344127338558
563,7.899713468730905,7.117749441894592,0.7819640268364765,3.2078333680434348,0.6860203669551912,0.4042615905201987
564,7.56680974409738,6.862675617876132,0.7041341262213336,3.442656281025222,0.6439172627811826,0.46222878534525863
565,8.44609691647275,7.736870247375311,0.7092266690974611,2.408048157203268,0.7009309576140816,0.3840640746225701
566,8.36269879348134,7.377861411524119,0.9848373819572771,2.9232777838312707,0.8012555028059185,0.2517225796826532
567,8.08770029352564,7.27162407056014,0.8160762229656484,2.422450807842189,0.7626222339451912,0.30203912965112584
568,7.652609989905894,6.866209981556299,0.7864000083498013,2.0247788199509458,0.8026058107889905,0.24997612668468985
569,7.950981356570136,7.231486507870773,0.719494848699469,1.9928768392540697,0.7565623676494168,0.30999814414094173
570,8.086404789117577,7.25828425868777,0.8281205304299419,2.5683761085527586,0.7537867278736399,0.3136502000871555
571,8.135113122963784,7.381655644658689,0.7534574783051085,2.0496562704688834,0.7727383800516938,0.28879484128163163
572,8.004516704437773,7.296792586349159,0.7077241180886631,2.216218534205744,0.7185196331328856,0.36043797401862493
573,7.996994695200609,7.219928710365604,0.7770659848351897,2.6982544262576305,0.7147196728581802,0.36552483354468507
574,7.8971451662496825,7.1865599958756015,0.7105851703743156,2.6060167448029823,0.6865678118885237,0.40351716220297185
575,8.127832555441554,7.371162437847662,0.7566701175940125,3.068345442221805,0.681757061462875,0.41006664284871247
576,8.318565993188994,7.438820625095342,0.8797453680938361,2.8250722302186055,0.7573627707674804,0.3089457811938454
577,7.774048076226389,7.217207963455085,0.5568401127713969,1.771778915995327,0.6640134495509,0.434378717957137
578,7.9922647216336,7.279779167021321,0.7124855546123854,3.755259928184742,0.6376286962336069,0.4710168582434992
579,8.569873447873814,7.59005522956971,0.9798182183042172,3.0308316365143106,0.7887094431806695,0.2679868469376304
580,7.696651588621588,6.9057245282221835,0.7909270603993264,2.7691497408238206,0.7165512674827603,0.36307177614564545
581,7.9698810320726885,7.2150209592149075,0.7548600728578094,2.995108150264066,0.6847795748716512,0.4059496787982745
582,7.8913803691958115,7.160253745774778,0.7311266234212326,2.9182526592068996,0.6778441515393534,0.41540676995843445
583,7.981281140061409,7.0926795069246005,0.8886016331368864,3.0453113659607354,0.7441888935136369,0.32631122869818036
584,8.150768554213581,7.38543150545409,0.7653370487596476,2.8556534209833515,0.697904379648447,0.38815088184174523
585,8.24599943524191,7.577659482481383,0.668339952760789,1.9209240837466837,0.7288927612939884,0.3465987817164214
586,7.522171720059131,7.038650981925951,0.48352073813316565,1.6658763779533814,0.6201588824045612,0.49562518230516156
587,7.981101005269974,7.045246868027373,0.9358541372428135,2.049483874649674,0.920784449963024,0.09944563608033609
588,7.608777006330509,6.929084720165736,0.679692286164709,2.617843519787918,0.669715963861969,0.42653786366340324
589,7.650521112609621,6.93721971697131,0.713301395638382,4.030803345111998,0.6307987980223586,0.48060283801660525
590,7.705555232360492,7.003313477006795,0.7022417553537252,2.8988152844425095,0.665272723076541,0.43264495754390025
591,7.982782127584695,7.400586591311697,0.5821955362728204,3.297949419962915,0.5992488672202649,0.5254809868275276
592,7.700618105109523,7.031840019816716,0.66877808529307,1.6910413215628104,0.7740855391845906,0.28703497646464354
593,8.077013343517873,7.5184854523659475,0.558527891151698,1.3888015295064307,0.7391851214407693,0.3329326519218324
594,8.63913693008777,7.851670971800747,0.7874659582871573,2.87829201969366,0.7072390987901074,0.3755666355838703
595,7.647329039937002,7.00878758788345,0.638541452053687,2.9138373690775197,0.6351722944384419,0.47445946862679006
596,7.888701457998703,7.139093643175361,0.749607814823321,2.979493819248898,0.6831869830295646,0.4081180853397299
597,7.726101552101962,6.861496597043509,0.8646049550584394,2.5660365790458926,0.7747369440655067,0.2861843311008539
598,7.881922661412826,6.888367539347076,0.9935551220657999,2.111991163644948,0.9494823530407355,0.06335684228074302
599,7.725077003572832,7.122944418381206,0.6021325851916117,2.0796570808259958,0.6643653340745244,0.4338941141627197
600,7.954166413464971,7.1784494772861684,0.7757169361789238,2.848695103123738,0.7034309651269322,0.38069313275185346
601,8.585038859316281,7.512402367523787,1.0726364917925366,3.2997004813049173,0.8080560661092682,0.24293459390565444
602,8.246098856349644,7.6413552334590555,0.6047436228907372,1.9333935315579147,0.6805267767650902,0.41174440143604657
603,8.208387084874683,7.40666403848569,0.8017230463890428,3.0422489377892603,0.7038047767645434,0.3801894678443101
604,7.423837376483387,6.876102688864851,0.5477346876184583,2.410047767170674,0.6123856195357873,0.5066710886676065
605,8.100863830393845,7.429512353024041,0.6713514773698535,3.059028690094504,0.6440674339689054,0.46201936434541235
606,8.513082346367863,7.679420284418146,0.8336620619497808,2.5821157741645315,0.7555130971372538,0.31137823615319316
607,8.068450053082923,7.4736738879662745,0.5947761651166275,1.561872046465254,0.7319524653578449,0.3425294760771927
608,8.175068801049346,7.441657081039207,0.7334117200100536,2.307177666344007,0.7249070796357066,0.3519082396446983
609,7.66160588171152,6.736591944818105,0.925013936893265,2.131793599932312,0.8880937452445632,0.14071670814518705
610,8.19035949726577,7.406143036922938,0.7842164603428046,2.475183392503375,0.7380632580763438,0.33441919339991155
611,7.829239697498732,6.964252942933495,0.8649867545652796,1.723524537110663,1.0,-0.0
612,7.96499396654718,7.432320680043592,0.5326732865034955,3.1025372924829533,0.5837213613861019,0.5479570981119257
613,8.221349585830293,7.565449132447792,0.6559004533824009,3.41053914000279,0.6256399409667948,0.4878728011866157
614,7.86989316649402,6.929383414897625,0.9405097515962098,3.0963285864562664,0.7647010201218685,0.2993132835402599
615,7.788179065805988,6.88000940048666,0.9081696653195195,3.6821355385727124,0.7155690449614713,0.36438699561960736
616,8.117750511479297,7.318040431424645,0.7997100800544104,2.3856657443330533,0.7569641642464859,0.309469822684997
617,8.037106242164153,7.272693516042363,0.7644127261216909,2.4076601106710065,0.7332585324193448,0.34079417966062664
618,8.008950137199516,7.339169356708265,0.6697807804914646,1.7904716633777298,0.752715248797448,0.3150611189612425
619,8.42603257804154,7.664229071553958,0.7618035064874675,2.8244637896277247,0.6981579892257908,0.3878081832214
620,7.744143029539654,7.049379383144188,0.694763646395586,1.3466576655339182,1.0,-0.0
621,7.882434969762979,7.112302393239911,0.770132576522883,1.6764470277208332,0.8917619171458333,0.13607509315356595
622,8.243505945409478,7.388442654241,0.8550632911685625,2.5902922384770832,0.7666901384362088,0.2967070968111223
623,8.11195829685499,7.235485995176365,0.8764723016788594,3.024868984902671,0.7399354062522161,0.33193888664115295
624,8.251022767290404,7.456111512298957,0.7949112549915753,2.347252739388267,0.7585756176411635,0.3073517922087176
625,7.8854891686524375,7.121315137237826,0.7641740314145409,1.6852741300278105,0.880203659446331,0.15071104584185924
626,8.056733808804264,7.388675350790212,0.6680584580140021,2.1483501763256214,0.7002113907278263,0.3850351266692266
627,8.406118054913858,7.520152724078191,0.8859653308356883,3.2565162256760125,0.7289955457200257,0.3464619889876979
628,8.37050911015859,7.464493583401865,0.9060155267566188,2.9009091788719665,0.7640356217954744,0.3001855562253223
629,7.528475341501515,6.736242118578229,0.7922332229234144,2.4891048956926483,0.741306422828478,0.33012379702705547
630,8.119517297564979,7.6967755058169764,0.4227417917477396,2.1590811410173067,0.5564366031340144,0.5881425675377886
631,8.296754342957737,7.53317338513099,0.7635809578266617,3.4468029580397292,0.6677914783129404,0.4291810420594985
632,7.849926975956176,7.1917229666967195,0.658204009259407,1.874726435576715,0.7281790320401437,0.3475488417684444
633,7.796093670120452,7.032773206143236,0.763320463977152,2.1813938053352366,0.7595699628863017,0.30604555237836145
634,7.8034400726156115,6.9540213606590875,0.8494187119563321,3.1972797905866237,0.716342834228877,0.36335082069490476
635,8.649136449642409,7.725339379055253,0.9237970705871703,3.5325737498768177,0.7293372592726624,0.3460072591913335
636,7.930099469591195,7.18014843477761,0.7499510348134208,3.383714675104482,0.664690516487941,0.4334463742120158
637,7.926727160789422,7.181182788508135,0.7455443722813015,2.707358286529164,0.697770040351664,0.3883324308818995
638,8.181491946865943,7.530951509795106,0.6505404370709584,2.764282579254573,0.6473080259082641,0.45750511600961447
639,8.129627106520783,7.4120458262760245,0.7175812802447581,2.561152298753207,0.6934706249709571,0.3941495570831895
640,7.658353704687496,6.881688081812225,0.7766656228752709,3.070528692842686,0.6907152602054605,0.3978845892805396
641,7.945679732015659,7.0994238994392695,0.846255832576162,2.602210861213301,0.7605169772779024,0.30480197493618544
642,8.62094434000738,7.917157403989929,0.7037869360176501,3.1456785773244462,0.6547515116337201,0.4471711201522317
643,8.381034584466132,7.619468585588688,0.761565998877586,2.2606312651931155,0.747994207663873,0.32128528367519216
644,8.091015175330138,7.269960276631796,0.8210548986983213,2.25208322889328,0.7884429527638447,0.26833307043842786
645,8.101430073708169,7.376921919685618,0.7245081540224874,3.1798085336927073,0.662308717005593,0.4367278668933075
646,8.276491089667669,7.582342180592999,0.6941489090745563,2.8506776178228,0.6638887615270503,0.4345504586777637
647,8.05655228330971,7.287065622175074,0.7694866611345788,3.3697349277113346,0.6733519368109028,0.42155215265356205
648,8.094059388589866,7.389091349642467,0.704968038947527,3.585892944994619,0.6396980141105144,0.46812106767211514
649,7.867965295102575,7.127108849651467,0.7408564454510724,3.495035368732129,0.6568179578890754,0.4443107116289638
650,8.489917085907845,7.930602628684223,0.559314457223536,2.0717073647064304,0.6381309163851303,0.47031369235110254
651,7.843232874279746,7.076039496151598,0.7671933781280131,2.0370607256152837,0.7853404109458976,0.27236626262709357
652,8.067195528259216,7.368031361759424,0.6991641664997132,3.293943255960066,0.647053699939639,0.4578590620911101
653,8.146857786945755,7.46468519791846,0.6821725890274593,2.8548104288536216,0.6580064524553593,0.4426672247813691
654,8.256025031462794,7.4611274425426295,0.7948975889200938,3.047698741868796,0.7003362464769939,0.38486660842755194
655,7.906580402160042,7.236296203052323,0.6702841991077548,2.0818027021598873,0.7089874522316215,0.37321631792281384
656,7.8950022790305034,7.101433554630052,0.7935687244007568,2.700453808217233,0.7231706146565782,0.354224539242821
657,8.173452635980365,7.419577472896105,0.7538751630841034,2.3865687005476346,0.7291264302146293,0.3462878080984481
658,7.866346661032875,6.945008426383527,0.9213382346492835,2.626002641909249,0.7999908333059711,0.25335896658210705
659,7.924772398012291,7.271190880507017,0.6535815175052448,3.133096474106182,0.6335757298316479,0.4767000464009737
660,7.731574494331706,6.9358183154278485,0.7957561789039573,3.0132617686307164,0.7027522971440352,0.3816078008361325
661,8.172365949864396,7.273157298297459,0.8992086515668234,3.3603425075562967,0.7286104354108418,0.3469745542032706
662,7.879501217680453,7.279475715519187,0.6000255021613157,2.7420630110148565,0.6242102639309978,0.4898920853484411
663,8.18320135285904,7.399250060349846,0.7839512925093004,2.632743989452088,0.7235733418446146,0.35368716588660404
664,7.853530159888177,7.1879467281053415,0.665583431783034,1.958631395743776,0.7213321362452134,0.35667898955196653
665,7.950593975477485,7.2817115109711885,0.668882464506396,2.7524749165257134,0.6567655912308437,0.44438315343372375
666,7.683615769819479,6.93715073287672,0.7464650369429364,2.502428349194634,0.7140134673424008,0.36647124267580633
667,7.2845112183195475,6.605291648338902,0.6792195699806598,2.8400451431400455,0.6573327214514416,0.44359873366565344
668,7.755247963376231,6.888178019797909,0.8670699435781444,2.589683732685561,0.7735259398052692,0.2877659023108238
669,8.356108725438897,7.5825786704978775,0.7735300549411477,3.6176639240017963,0.6653455921623681,0.43254467165700555
670,8.38021676386239,7.392393555572372,0.9878232082899103,2.9717024435800212,0.798019779199017,0.2559107169360301
671,8.046262699875395,7.105203888161196,0.9410588117139014,3.2350629521226715,0.7547987473259163,0.312318150553798
672,7.934914357664692,6.981881327694477,0.9530330299703564,3.702173259435572,0.7322381789368273,0.3421497768603012
673,8.26785910810582,7.534890443204784,0.7329686649009091,2.946202024213264,0.677214621578422,0.41626702162954143
674,7.767495345175401,7.014723294063824,0.7527720511113785,2.825158347864601,0.6936703135541631,0.39387908359946117
675,7.824429470379808,7.129712762176279,0.6947167082034866,1.666476522747132,0.8075660001137226,0.24356724364833354
676,7.846195689800705,7.066531955918226,0.7796637338826713,2.840829400627971,0.7058915273326443,0.377379596775331
677,8.156189771561511,7.435373729835103,0.7208160417264935,2.790813805957665,0.6800574159869203,0.41238478140593754
678,7.714318485177099,6.844526106668521,0.8697923785086914,2.826465587493118,0.752168178119369,0.31578174095249617
679,7.987075078059032,7.0652508514688215,0.9218242265901608,3.8864074294640822,0.7116984014462964,0.3695760465639566
680,8.153450414614607,7.367429113446203,0.7860213011686028,1.7526821467084979,0.8777499713228335,0.15382214644075515
681,7.858801721975222,6.985161144708176,0.8736405772672242,1.8916663504592108,0.9178305276159381,0.10316687739335943
682,7.992931103230202,7.372732139323293,0.6201989639071144,3.003651080660209,0.6236384490003009,0.490700279194137
683,7.630392393274459,7.0353143028019325,0.5950780904724979,1.699490989113162,0.7049025998268879,0.37871084399194305
684,8.357774236812983,7.5105950187789325,0.8471792180341708,2.4612982320004058,0.7767291066431914,0.2835841219254057
685,7.982174692985662,7.189445938584722,0.7927287544009687,3.1483467642311673,0.693798072539654,0.3937060521771096
686,7.832110376118234,7.276370896169087,0.5557394799491249,2.49913879717813,0.6126136108923202,0.5063462350782683
687,7.909681138774939,7.328913420174533,0.5807677186003275,2.792595388720237,0.613328825366288,0.5053275078452046
688,8.270520913515664,7.281945098578863,0.9885758149366666,3.8446879652862407,0.7388670679319441,0.3333540185205158
689,8.276543542964017,7.418213244104368,0.8583302988595278,3.0738017492870675,0.7280612822543633,0.34770561111759424
690,8.323571751066137,7.30849674581793,1.0150750052482636,3.9098365157342627,0.7456573563620863,0.3243707570791658
691,8.24038602112665,7.562689289927857,0.677696731198921,2.8094732390798782,0.6581254486437735,0.4425027390957122
692,7.871553113111585,7.088919164242089,0.7826339488697158,3.191722081163622,0.6871088922733688,0.40278160821650083
693,7.708225898529516,6.897125994326569,0.8110999042030471,2.8233705820717816,0.7227471947503619,0.35478963396911706
694,7.96751090222352,7.255265862266331,0.7122450399572244,2.2372521457881795,0.7191173378759872,0.35963870141425797
695,8.14260025332106,7.2962684846494845,0.8463317686714618,2.79098797434893,0.7431632091178635,0.3276673281218817
696,8.322247479385904,7.488267154304463,0.8339803250814839,2.5904653188735054,0.7548516712900957,0.3122485057539187
697,8.672551900344214,7.797722810384624,0.8748290899595759,3.4819358785301375,0.7118432537507628,0.3693816766139343
698,7.990291992212459,7.388149731471746,0.6021422607409477,1.765055447790722,0.7003596456319886,0.38483502772235273
699,8.600004401379746,7.8354120226491695,0.7645923787304127,2.9409078440492777,0.6923782140562804,0.39562971301811756
700,8.082909450648966,7.436870788232351,0.6460386624166858,2.4038619239894565,0.6655119499414506,0.4323157385022598
701,7.969672307506524,7.061829840154555,0.9078424673518839,3.2044845626039233,0.742010017702052,0.3291927298811597
702,8.015836318083583,7.100399542479369,0.9154367756043484,2.2446148436069215,0.8552109266518461,0.1824737835442451
703,7.992897845709702,7.364580905463537,0.6283169402461226,2.691124476934341,0.6400105428129991,0.467684058547042
704,8.580099738977932,7.646894350861157,0.9332053881166757,3.586094529171877,0.7303233332640331,0.3446954577862837
705,7.8702172399894685,6.972209544593536,0.8980076953960179,2.7485794683832694,0.7739552933269143,0.2872050845764927
706,8.24157371461575,7.484778813232449,0.7567949013835005,2.426646901257662,0.7268708850352811,0.3492909592435011
707,7.8754441106296404,7.09440849594456,0.7810356146851518,3.345424882743668,0.6792262980151935,0.41351914584512006
708,8.269353694629952,7.474729413450969,0.7946242811790398,3.36266680896588,0.6841596022293726,0.4067935802123114
709,7.801304090721995,6.993892251832154,0.8074118388897205,2.639843776377667,0.7356114031252939,0.3376706389991392
710,8.157356750474772,7.128748075806552,1.0286086746682486,2.5761482950526116,0.8684528211685003,0.16562404791267882
711,7.630814775987172,6.879095267184123,0.7517195088030348,3.0084361192931937,0.6826155470635495,0.40889659619024926
712,8.312830999236265,7.46169147487964,0.8511395243567677,2.694347635880682,0.7542004807331864,0.31310553937931823
713,7.841754572322142,7.114630729438868,0.7271238428834295,2.421875141773942,0.7100506103153867,0.3717881189652266
714,8.23159049643169,7.441554561085656,0.7900359353461681,2.9686591076389632,0.7027548038340967,0.3816044218822916
715,8.183711545307968,7.36574627362803,0.8179652716801229,3.487719134830428,0.6882530458139355,0.40122694295956396
716,7.670795182546325,6.872830081142556,0.7979651014034062,2.9735148539024294,0.7062039512257665,0.37695916566940163
717,8.061123072901918,7.2207532020352225,0.8403698708668799,3.4992074391187913,0.6968784465659157,0.38953767483169394
718,8.088347865340719,7.359130468493166,0.7292173968476163,2.243372173848808,0.7292454885752766,0.34612937453515435
719,7.54673039693699,6.833477817458341,0.7132525794784215,3.2062304729814457,0.6563636343748205,0.4449392811211857
720,7.96884643372351,7.233585664531478,0.7352607691921094,3.2393942840319276,0.6644083945559046,0.4338348196829517
721,8.60908337738675,7.805373992864087,0.8037093845227901,2.838287506932275,0.7179750522996461,0.3611664079045413
722,8.006253705106072,7.13765837599647,0.8685953291096666,2.1123329957869075,0.848513320029537,0.1910156652591239
723,7.418428275534605,6.782165478240291,0.636262797294421,1.9447370452970922,0.70172059217477,0.3829988831508405
724,8.1542455566269,7.348406477975583,0.8058390786513883,2.5371479630050544,0.7443111929604476,0.3261495716652964
725,7.797736296872525,6.867422287747967,0.9303140091244586,1.9562515851176734,0.9496334260974959,0.06316712102257126
726,8.16121128964215,7.442334874353346,0.7188764152888325,3.2956814607502523,0.655214977650967,0.44652926543662463
727,8.309625030212427,7.430401250359953,0.8792237798525093,2.7396184189548443,0.7648833672182184,0.299074283956926
728,7.584518409190476,7.087644749602152,0.49687365958811824,2.1621546376995937,0.5963030773827771,0.5297243287733273
729,8.229696602254815,7.269655183283351,0.9600414189712865,3.2629704081026496,0.761290032980928,0.3037871817699383
730,8.093210716033635,7.375227274925354,0.7179834411081174,2.8175620648923214,0.677128666711114,0.41638450270762123
731,8.382827182797026,7.629504295674391,0.7533228871225219,3.228573704958368,0.6726254781177821,0.42254744451958876
732,7.909243033954279,7.062243573590212,0.8469994603638042,2.8500313866995945,0.738720661327114,0.33354800216673236
733,7.7366954436743605,7.013622494628155,0.7230729490461272,2.028931311391723,0.7534836567314163,0.3140492193723493
734,8.008639947398077,7.207811158131751,0.8008287892662338,2.614115532330093,0.7343150041238169,0.3393912569245799
735,8.072888583514267,7.462677381931744,0.6102112015826151,2.7919450570264495,0.6269946968991389,0.4859611700828858
736,8.514822501803163,7.62428520008088,0.890537301722361,4.008085564528837,0.6952644050286922,0.39172095510176996
737,8.048441494466768,7.361655330244343,0.6867861642224398,2.0196159665200213,0.7283565007090266,0.3473125802113351
738,8.084784322241656,7.278483342097477,0.8063009801442149,2.465667053873375,0.7519411401348394,0.3160808520249726
739,7.95488975709878,7.2454737318113125,0.7094160252877373,2.715622423687389,0.6788902865248925,0.4139779074236084
740,8.259132101240137,7.456100622272711,0.8030314789673412,3.3126046495406385,0.6900378408417622,0.3988037131853586
741,7.853096663450568,7.039094424077486,0.814002239373167,2.9495425912528788,0.7153697138934592,0.3646539815733348
742,7.785653905544049,6.945179087751324,0.8404748177927104,2.9098626418372717,0.7309468698439625,0.3438662560585201
743,7.290599661309724,6.494797935381914,0.7958017259279586,2.089928124772733,0.7974083874886151,0.25670256994176366
744,8.080387447116944,7.3848014221879374,0.6955860249292982,2.474635207276794,0.6878986929543902,0.40170833052137245
745,8.518288924631232,7.600065586220023,0.9182233384110532,2.4535667727711434,0.8210334463576217,0.2262159750289895
746,8.161295043730942,7.414914363152693,0.7463806805783406,3.1347809797239954,0.6738962774026716,0.42080664712216304
747,7.946144280938423,7.171749579283588,0.7743947016549555,3.5344511241583447,0.6687647563205108,0.42784392296274515
748,7.967923210216721,7.207386204819652,0.760537005397282,2.5186171630851035,0.7204949673498781,0.35779735870673146
749,7.972484359181461,7.354255350066726,0.618229009114657,2.133356366221143,0.6698808765146511,0.42631150373955096
750,8.021502663048121,7.305683818986733,0.7158188440612321,2.3875127825259383,0.7065479210406482,0.3764963600349063
751,8.07364878001641,7.547004243056204,0.5266445369602479,2.142214601783902,0.6141759550204814,0.5041215630710103
752,8.188606629357135,7.661879342416523,0.5267272869405133,2.2510516109087,0.6085805261423997,0.5121007121755056
753,8.153874144573418,7.035184942613103,1.118689201960251,2.628493899213197,0.9108243254569631,0.11199884110203277
754,7.991469840001908,7.119843449726876,0.8716263902749688,3.1515363417541202,0.7291150483962157,0.3463029545881833
755,8.314605432539391,7.403930379190594,0.9106750533487684,2.42105447999856,0.8211968933557131,0.22600582048359127
756,8.251247318030035,7.502872786074921,0.7483745319550508,3.21055500903001,0.6712943244641159,0.42437229229279855
757,7.52592851986611,6.852426938565348,0.673501581301025,3.059291692949081,0.645004412560555,0.4607131593568424
758,8.101384969229965,7.512557484843146,0.5888274843869112,2.553669440434014,0.6268529854962894,0.4861610489803041
759,7.987595703167525,7.150098542613282,0.8374971605542214,2.953568352030633,0.7263780644574324,0.34994754502328884
760,7.548940193368306,6.751200238702932,0.7977399546653032,2.3562490046675606,0.7592490783251898,0.3064670310829359
761,7.466238145237011,6.610807783733332,0.8554303615035224,2.723918436153454,0.7537559901224823,0.3136906667097823
762,7.891872707595493,7.123937090853918,0.7679356167416245,1.7495415758911825,0.8588599537868739,0.17782558482780658
763,8.14305585496987,7.353397387468046,0.7896584675020222,2.987478950930832,0.7014397586639868,0.38337766861627853
764,8.08696805977075,7.2902434132526714,0.7967246465182143,2.7758096551863645,0.7190077478633624,0.3597852319654959
765,7.892515584194651,7.225109655159596,0.6674059290353398,3.1417947043634378,0.639189705172244,0.46883202749181885
766,8.21366662119254,7.2869087019322585,0.9267579192603534,3.710440640501048,0.7215243615414076,0.35642225989037796
767,7.933031968000304,7.19799302865712,0.7350389393432124,2.4726064839613855,0.7101397666277783,0.37166838486556764
768,7.99024623599308,7.27974683238887,0.7104994036044445,2.226905295671706,0.7191275959518508,0.35962498594733305
769,8.299768935716028,7.505777080773424,0.7939918549423055,3.402644060688637,0.6821192298854513,0.40957296811974103
770,7.6843570393439755,6.998830686205562,0.6855263531383571,2.6972068008682335,0.6679878966731996,0.4289111347765131
771,8.286365242085193,7.542080631326787,0.744284610758541,2.5702600071314308,0.707213384447355,0.3756012189187747
772,8.178677578007235,7.2863576068587115,0.8923199711484813,2.8418069745419494,0.7622995254068001,0.3024624878781545
773,8.013723808818266,7.3164308221312275,0.6972929866872164,2.887906200822762,0.6634950317246844,0.43509285187348135
774,7.965775772068863,7.183866446199591,0.7819093258692646,2.712317891459204,0.7161687493216028,0.36358390233271987
775,8.19476902822117,7.49284783822748,0.7019211899935272,3.041749988014317,0.6583734512848816,0.4421599692336942
776,8.37471059828118,7.426863222165789,0.9478473761153055,2.8679986045571333,0.7880902212937748,0.26879138751688225
777,7.451935979120034,6.625561469515052,0.8263745096046478,1.9956603445392638,0.8416737784709031,0.19975297763942013
778,7.843102966281375,7.1028617582221365,0.7402412080591603,2.43671354135088,0.7162919066074194,0.3634190054554836
779,8.836338711534662,7.892992347615621,0.9433463639193178,4.271336106919129,0.7044872031649485,0.3792702313342609
780,8.050216491482669,7.218547651765125,0.8316688397173948,3.2816931567645717,0.7038800502073205,0.3800880578672355
781,8.259240001195902,7.44515641685101,0.8140835843448713,2.8071516665597684,0.7254584779654636,0.35117311559073083
782,7.815451657225648,7.106547771166834,0.7089038860585788,1.8296022431574102,0.7787919016511198,0.28089374070678913
783,8.463644676153816,7.546401494887963,0.9172431812658033,3.4830544337166636,0.7293175191234063,0.34603352612843313
784,8.20496688429267,7.294972898987776,0.9099939853049364,2.9423305572916334,0.7624907350205736,0.3022116352858333
785,7.879679950730004,7.118901590452143,0.7607783602777545,2.743678425239821,0.703038275559977,0.3812223373676052
786,8.693771001341755,8.008442277701075,0.6853287236406231,2.6374574497976866,0.6714191719127582,0.42420108183772626
787,8.30798041463623,7.494787119343481,0.813193295292649,3.1647279072643606,0.7020434517539025,0.3825634812279039
788,7.781400213377591,7.066108992401265,0.7152912209764963,2.610536227144877,0.6887330297432909,0.4005750340834245
789,8.044037880275535,7.249105111303361,0.7949327689721031,2.949238019941305,0.7062799365389285,0.37685692175631164
790,8.08076577338289,7.334202400618306,0.7465633727645127,2.422317604457575,0.7213022215336777,0.3567189447514406
791,7.758232515632297,7.0630656405888,0.6951668750436966,1.6966043097111978,0.7990256812143339,0.25460825693054856
792,7.891820808572046,6.893647290055039,0.9981735185169782,2.3185772832710505,0.8974272732333067,0.12891201016284892
793,8.072506669668936,7.2257700775933635,0.8467365920755583,2.976243049001642,0.7292280193076577,0.3461526207275069
794,8.181100732315425,7.382551530928222,0.7985492013872317,2.4790915587958438,0.7459884681454799,0.3239333848240414
795,8.02861229797605,7.293935784279622,0.7346765136965132,2.422697257085197,0.7143489365050526,0.36602162859197657
796,7.884466466449165,7.063668375048525,0.8207980914005475,2.8290765006620937,0.7271876665899566,0.34886899009316946
797,8.245621908529127,7.237933980645632,1.007687927883353,3.121679714303159,0.7938863830896159,0.2612672983583635
798,8.270274277941834,7.394074372637984,0.8761999053037925,2.1146361965400757,0.8539141532026809,0.18412658245160604
799,7.69687582428929,6.951459850628812,0.7454159736605561,2.2387915547195583,0.7402082204950527,0.3315776207378838
800,8.302752516705649,7.2797744111068035,1.0229781055988951,3.406902676015946,0.7784723967903575,0.2813103184165127
801,8.003031378529212,7.205131470364616,0.7978999081647089,2.8853049107188546,0.7118619145978572,0.36935663758586307
802,8.197398470757488,7.373248435364335,0.8241500353929041,3.2765037382016615,0.7008985243686805,0.38410783533124093
803,7.918343258662215,7.180888406431858,0.7374548522302575,2.293032471579277,0.7289298258867325,0.34654945280722876
804,8.026082344017421,7.284979555373834,0.7411027886437296,2.7903037160743906,0.6900953071063316,0.3987257297780779
805,8.21537878477653,7.351007009483869,0.8643717752925113,2.758872670667259,0.7552897986442615,0.3116720142523914
806,7.973604689142629,7.237403891520824,0.7362007976216773,2.3134802741285796,0.7259624860261202,0.3505013382077368
807,7.683825173678368,6.936491035272379,0.747334138405904,3.1538551747426986,0.673424007975691,0.42145343362833415
808,7.819746550012777,7.121191237970809,0.6985553120421173,2.578462908913494,0.6820968743861843,0.4096034381913692
809,7.949690642008189,7.130478539008781,0.8192121029994723,2.9017700844124157,0.7211337279150803,0.35694400172408003
810,8.036885736263283,7.261207215278215,0.7756785209851387,2.76143685562381,0.7093597674076114,0.3727160799167783
811,7.941434474451679,7.203576523182324,0.7378579512696888,2.684669658034924,0.6953779682926942,0.39156727948680536
812,8.283182206899081,7.580027911529239,0.7031542953698136,2.3866096126409957,0.6992540879846547,0.3863275653329149
813,8.056526860577204,7.255316284719033,0.8012105758582493,2.500478283252594,0.7453359827814122,0.3247953252924929
814,7.484613148714342,6.911001091654359,0.5736120570600178,2.619708035385816,0.616481819285144,0.5008427175128963
815,8.250272107259033,7.584593643533385,0.665678463725726,1.6620497321830996,0.7785517460051935,0.2812068565503907
816,8.03062525826709,7.325896337912557,0.7047289203546825,2.6446144243245016,0.6809527296932847,0.41116339178848244
817,8.317233654189575,7.622838985563586,0.694394668626046,2.298060795131665,0.7019750038047964,0.3826557826923503
818,7.825159290528116,6.945196233469243,0.8799630570588306,2.3595580105276426,0.8109900100317262,0.23914904816604565
819,7.674597217954723,7.076014718629406,0.5985824993254028,2.687935493312981,0.6257453925638825,0.4877239395843149
820,7.493565308691867,6.693556148821255,0.800009159870342,3.4436084891978105,0.6828221226467119,0.40861513392222887
821,8.502797737859336,7.775253059217452,0.7275446786418343,2.735099340262618,0.6867996458173171,0.4032019764621748
822,8.52818248054069,7.668325958196117,0.8598565223446712,2.2253020584065517,0.8195485374768623,0.22812567892101718
823,8.18995661285663,7.6083060797770266,0.5816505330797099,1.3637429823715443,0.7789324399193779,0.2807105191532485
824,8.495622872917519,7.742804241631749,0.7528186312858907,1.9613223120451586,0.788403746192384,0.26838401020452846
825,7.697737436479255,6.885187491942826,0.8125499445366131,3.408770176431272,0.6895524125026656,0.39946255052231383
826,8.295222811463244,7.6366396491274635,0.6585831623358445,2.7489301130933335,0.6519393774983151,0.4510696132135597
827,7.70846462642481,6.9902853737148085,0.7181792527098878,2.9444995159501346,0.6704104529241666,0.425584752144527
828,7.490711315644202,7.043961944772466,0.4467493708718848,1.2605573458480848,0.6428591417844232,0.4637049618136452
829,8.133162419508206,7.365776583411748,0.7673858360963095,3.012832348300151,0.689606630763203,0.3993889553388978
830,7.771629741687146,6.980064942643285,0.7915647990439538,1.4067806481277003,1.0,-0.0
831,7.806513462560414,7.060135821394201,0.7463776411661911,2.1816342785972225,0.7480548435427826,0.32120526361185914
832,7.935791558101126,7.22692253857662,0.7088690195243998,3.1104488012111595,0.6584544228996307,0.4420480678486532
833,7.809246309065255,7.176489067201086,0.6327572418640557,2.8532607524152525,0.6349793860968392,0.47473006454011896
834,7.762404610830398,6.946871931835279,0.815532678995396,3.3453401158158123,0.6937766983278237,0.3937349996937586
835,7.8232600682354665,7.103711397152406,0.7195486710829755,2.0471756492064443,0.7481205507442865,0.3211185533384899
836,8.180798784055977,7.411592320303139,0.7692064637528802,3.024220156533616,0.6898200050344387,0.3990993447953993
837,8.104148406613884,7.218177921872641,0.8859704847411649,2.567610309990336,0.7867982098302606,0.2704706289774913
838,7.987747471642987,7.142353435682669,0.8453940359602257,2.16047146453273,0.8210716480175757,0.22616685575025922
839,7.899205620147367,7.308681501649243,0.5905241184982515,3.0120475078522517,0.6104484541577182,0.5094334224477274
840,8.374620864210154,7.815037634337433,0.5595832298727146,2.678127196759146,0.6075359708856471,0.5135938633882994
841,7.963029013400099,7.236800906574185,0.7262281068260563,2.3350697304153165,0.7176703933073647,0.36157400479185586
842,8.181649407296444,7.385513955089618,0.7961354522069541,2.3185327559979854,0.7629144754898853,0.30165578748652644
843,8.164172900974162,7.4376145976664,0.726558303307911,2.949710943534111,0.6740414413758462,0.42060787628144497
844,8.044234428865419,7.169869282288698,0.8743651465767925,2.395977127941709,0.8020429843957729,0.2507039786365769
845,8.125983096420494,7.278639210847974,0.8473438855726272,3.0535007560882335,0.7242874175295154,0.3527345999707254
846,8.315326042169598,7.411591748636557,0.9037342935330344,2.7175478043898487,0.7801415183897608,0.27913461646306537
847,7.570245801418249,6.825988660397503,0.7442571410206256,2.396682410150614,0.7224063739237481,0.35524457455792874
848,7.955395108549336,7.224159311359049,0.7312357971902657,2.3093765799646135,0.723335788992347,0.354004128827694
849,8.138303174215306,7.250013325726922,0.8882898484882844,3.2194694906393444,0.7323069146705559,0.342058437832068
850,8.499082681031549,7.732008980516095,0.7670737005155388,2.880952945675407,0.6971667470261929,0.389147892499484
851,7.8039547826800195,6.933339646064201,0.8706151366156973,2.010926370278419,0.8755341153865802,0.15663297198317086
852,7.8760467170596336,7.001723783980157,0.8743229330796112,2.5987162796354433,0.7766290542578623,0.283714666370578
853,8.294336999951891,7.331414799888467,0.9629222000633035,2.4119116298544974,0.8558156677020589,0.18170318323408238
854,7.489992277091741,6.812306839357259,0.6776854377346808,1.944272967918927,0.7324775810373085,0.3418316612887326
855,8.214404466446293,7.608867139598676,0.6055373268477524,2.5263925170430213,0.6366623994190732,0.4723704405399156
856,8.221526302076708,7.339904823148476,0.8816214789280821,3.7129371312097703,0.70378064660485,0.38022197733428986
857,7.89634488163011,7.241448344422945,0.6548965372071507,2.9334476148722857,0.6418092649172227,0.46517063631267175
858,8.005430475181637,7.204520746214282,0.8009097289673264,2.314132921676787,0.7665254258738601,0.29692283008987574
859,7.93047251064996,7.190688192756159,0.7397843178937364,3.5972488837148617,0.6528719850263088,0.4497759719439654
860,7.7338736075815255,7.159727543782299,0.5741460637991622,2.82704902231497,0.6091209812339585,0.5113286007581728
861,8.334262486236465,7.579519187460843,0.7547432987757929,1.820356893778083,0.8230746354656446,0.22359219750318227
862,7.753106133291393,7.035983103026513,0.7171230302649292,1.9697996811885226,0.7585915943026001,0.3073308000350459
863,7.786315507577736,6.935716612379192,0.8505988951985728,2.261911653512513,0.8069175395667536,0.24440452244063796
864,7.7927180531071905,7.155888397000393,0.636829656107011,2.29475031461784,0.6680958119631389,0.4287628568336553
865,7.984241645308028,6.972748906063078,1.0114927392448863,2.37266872046645,0.8948176557024228,0.1322106776701668
866,7.850551126810668,7.191288570683756,0.6592625561268051,2.943398014441989,0.6433782565331247,0.46298062275494345
867,8.072194845834982,7.375065527887553,0.6971293179472013,2.3369648231570928,0.7000650166815552,0.3852327021566838
868,7.572643048890594,6.946775419285903,0.6258676296044996,2.807878617548784,0.6336598442957078,0.47658194268225745
869,7.892142709749859,7.092813945648619,0.7993287641011193,3.109321561524002,0.6988739594983457,0.3868409494716771
870,8.234401284781423,7.4382748814360475,0.7961264033453972,3.2100491782044642,0.692105425510824,0.3959994614599518
871,7.93822553593105,7.223831373563041,0.7143941623680803,2.64645947913478,0.6858308699390746,0.40451932514111894
872,7.921341233230404,7.155505805017238,0.7658354282129949,2.0484140168056904,0.7822726141727505,0.2763586483819707
873,8.479692093260663,7.448215812912782,1.0314762803477606,3.0557422314015064,0.8110222710351813,0.23910744227832498
874,8.258347706233788,7.448503275260418,0.8098444309732713,3.2622706665285968,0.695436078139243,0.391488647894892
875,8.272169592861072,7.313532648144584,0.9586369447163179,2.4326756306277737,0.8495431351700088,0.18970138535140385
876,8.342644696299939,7.549182566830002,0.7934621294698445,3.309911527456201,0.6860913761716232,0.40416501790368026
877,7.924844747527512,7.251585273050441,0.6732594744771632,2.210529859817896,0.6972848603492992,0.38898822031624203
878,8.005429551273036,7.284516442959262,0.7209131083136526,2.4892964931851687,0.7008199576272782,0.3842138449254157
879,8.190378555291826,7.509436262296408,0.6809422929954962,1.9629275757980977,0.7321422249004184,0.3422772895254032
880,8.4621629213114,7.386066964508107,1.0760959568031012,2.5844404437913013,0.894514187170566,0.1325943675008602
881,7.83639855321513,7.167956407859261,0.668442145356039,2.3870651296587546,0.6792967387097559,0.4134229831346504
882,8.552856690004827,7.595863841157037,0.9569928488479036,3.4228635882009186,0.7494506165718522,0.3193638547151555
883,7.842848698249153,7.125147239275169,0.7177014589738064,2.5382592040170096,0.6952387870008027,0.3917556231032631
884,8.5247059659776,7.708030595030753,0.8166753709469958,3.2967670957180353,0.6966471002598947,0.3898504979284719
885,7.644074754422316,6.838026500396527,0.8060482540256544,3.0824445347771565,0.7034484454501638,0.38066957802864065
886,8.213903698095972,7.379332473698259,0.8345712243976777,2.779280366135133,0.7380888712248379,0.3343852460902186
887,8.290176869521755,7.583287191052452,0.7068896784692242,2.3887877639672155,0.7012344923305827,0.38365456461629494
888,7.97067356940698,7.1007272982211695,0.869946271185654,2.687792943081778,0.7649423454676876,0.29899698571350203
889,8.329078623313361,7.531125672684045,0.7979529506292238,2.315797559958561,0.7644215467481459,0.29967961825765627
890,8.260220597498172,7.3869621930652265,0.8732584044330451,3.2651779638666767,0.7229009336512732,0.3545844414786568
891,8.044514352724544,7.315654983270026,0.7288593694545398,3.429898337151286,0.6543258524311372,0.4477607784921609
892,8.150928963012856,7.356158361190101,0.7947706018228473,3.1287315692398323,0.6957586410056283,0.3910522145385414
893,8.035186573351265,7.344473701220689,0.690712872130689,2.338600375197366,0.696124802930693,0.39055688111814274
894,7.813050027730522,6.93815199822998,0.8748980295006277,1.5720601530437683,1.0,-0.0
895,8.21614371449942,7.463757257747371,0.7523864567519922,2.3922819923918865,0.7276624324432333,0.3482366940854306
896,8.500102243089312,7.680005933149783,0.8200963099395722,2.867421196344999,0.7240103870143673,0.3531041163462302
897,8.28841875922313,7.422660696244069,0.8657580629790118,2.773309278872791,0.754720265739751,0.31242143045833093
898,7.761544610003792,7.010534834565124,0.7510097754386607,3.1278553422490596,0.6762745776040894,0.41755216410777757
899,8.70467605371692,7.83892632205669,0.8657497316601166,3.776765091526837,0.6949692958953928,0.39212034474407326
900,7.624695738011322,7.10318728832058,0.5215084496910549,2.4892501728759484,0.5959334660684453,0.5302574178192414
901,7.853422444659653,7.209616025479907,0.6438064191797821,2.8362195375893435,0.6408378339902865,0.46652768739190414
902,8.031771001010892,7.140524772757313,0.8912462282535216,3.27156020926941,0.7304041509039887,0.3445879701782779
903,8.21826718640801,7.406503849436074,0.8117633369718078,2.8357120876253497,0.7221741149400758,0.35555464479884497
904,8.103576578397504,7.340110237720662,0.7634663406768141,3.7803809755549302,0.6559948370163494,0.4454496520368766
905,8.50868716634687,7.613901441159964,0.8947857251869209,2.223730778669978,0.8446387244671212,0.19596351324365127
906,7.514576931862219,6.799875817709175,0.7147011141530584,2.279431929380923,0.716222590594612,0.36351181234237545
907,8.19731944171718,7.585138047016745,0.612181394700201,2.8284805904318056,0.6264674042703271,0.48670499596006145
908,7.530957978065597,6.850745647046484,0.6802123310189927,2.5568238647369235,0.6738307547018487,0.4208963718146261
909,8.069329428600494,7.324210065830673,0.7451193627698558,2.9014451841875335,0.6854080067619228,0.4050945576731213
910,8.30489415493781,7.450359298260057,0.8545348566774464,3.336660558836982,0.7108121959399412,0.37076550510775785
911,7.9889783607855485,7.20106309838388,0.7879152624016115,2.6456853290927747,0.7246244717076725,0.35228508613296683
912,8.302124968809547,7.387964490994722,0.9141604778146757,3.3383945216863147,0.7363256881344836,0.33672304674652626
913,7.657414067219687,7.101412384720906,0.5560016824986178,1.8312169865068455,0.6568068036848753,0.4443261416845667
914,7.70709606428937,6.939343990787268,0.7677520735021517,2.4798170783451923,0.7281249385381308,0.347620859548591
915,7.54577533622324,6.892213519231969,0.6535618169914414,2.223548708434052,0.6838854264843797,0.40716687824536885
916,8.209298915682947,7.289809651728969,0.9194892639538921,3.9721410947114926,0.7072834749249926,0.37550695497742725
917,7.521888108440233,6.928189188337665,0.5936989201024971,1.8110570968833244,0.6872129611800732,0.4026401601504028
918,8.190447914201112,7.405046449926683,0.7854014642744005,3.068647482198756,0.6947986347507915,0.39235133968568114
919,7.985275570408984,7.2744538643357295,0.7108217060731477,2.0947337923745586,0.7352235639131481,0.3381852852989723
920,8.160366652000274,7.307275401010596,0.8530912509897917,3.1631263596979124,0.720018508724236,0.35843405686032903
921,7.8352468012999985,7.083198689182186,0.7520481121177909,2.5919957481456066,0.7096965726286965,0.37226363297937753
922,7.618546437452149,6.859053741593218,0.759492695858853,3.1022428075040835,0.6813120385294325,0.4106733941310776
923,7.711744144153098,6.976192554962164,0.7355515891908908,2.9515887731762724,0.6781351144519574,0.41500927350189015
924,8.2989327834112,7.478154448699964,0.8207783347113491,2.7786393565234206,0.731064656230312,0.3437096459815547
925,8.517482315658352,7.692480898221337,0.8250014174368516,3.3769879061982486,0.6962484022735931,0.390389701084446
926,8.06694571922554,7.15321023742565,0.9137354817996766,2.3900664322738656,0.8279595396814335,0.2173192712337079
927,8.103024720379207,7.3157806397123615,0.7872440806668237,2.5116317443608374,0.7362304216461966,0.33684941268103225
928,8.231280827172267,7.555585214621917,0.6756956125502711,2.6072421406689266,0.6682986388812873,0.42848419376469565
929,7.91316176526362,7.198777911140201,0.7143838541232981,2.4635738907668276,0.6992457061709796,0.3863388843286521
930,7.925735366100351,7.173241598833076,0.7524937672671967,3.404091047073937,0.6649347146363216,0.4331101976943308
931,7.839300172218426,7.025453840360665,0.8138463318580307,2.675450592517567,0.7359615392138323,0.3372060999645124
932,8.273977617773934,7.6259518649602605,0.6480257528135098,2.360583489895152,0.6696705586225715,0.4266001909566637
933,8.127925623442533,7.391221095884784,0.7367045275577766,3.1192872733290393,0.6703406787136241,0.42568049225927723
934,7.72304017325683,6.961054829161558,0.7619853440953648,2.8868537789698543,0.6943484754486238,0.39296074419998384
935,7.767570779561591,7.252635430210514,0.5149353493511626,2.4452758070569978,0.5942584497875205,0.5326751805621991
936,8.215365244316498,7.391049814115096,0.8243154302012954,2.9487014968562804,0.7203736802284323,0.35795942256818497
937,8.121881172112861,7.555031077408682,0.5668500947040229,2.0709160196114276,0.6428533109354017,0.46371309918342285
938,7.910295380726492,7.124684243103378,0.7856111376231638,2.639799648353769,0.7238783763044787,0.3532802154210224
939,7.8821125889601795,7.221141987340946,0.6609706016192831,2.7367860980370935,0.6537111412867578,0.44861260212784004
940,7.701590891184704,7.009496179858612,0.6920947113260354,2.799691423573222,0.6655609264860147,0.43224834377828913
941,8.152356497713807,7.455272855289255,0.697083642424559,2.424940543359842,0.692595390514418,0.3953353820804421
942,8.101410488797963,7.23710484368134,0.8643056451167013,2.9220388182254595,0.7417059243758813,0.3295951015387124
943,7.869994515765992,7.2127639520196745,0.657230563746225,3.0514946270856953,0.6381503670448132,0.470286463872834
944,8.564825034539407,7.807731694402296,0.7570933401370894,2.5523138669077277,0.7156818092143065,0.3642359695961116
945,8.086179953334575,7.237435244915961,0.8487447084187352,2.980920532912698,0.729861129722756,0.34531026590279895
946,8.136422309505686,7.189604586708558,0.9468177227972774,3.071666383763752,0.7696008861231186,0.2928969946097461
947,8.131382578505107,7.272862700608126,0.8585198778971517,3.533524881948903,0.7026799631728466,0.3817053070490959
948,8.14377075475505,7.2123510311295185,0.931419723625595,3.1229620213612925,0.7584604433223556,0.30750312691343634
949,8.009266458894043,7.202921994368868,0.806344464525182,2.7934969472676983,0.7225704574270895,0.355025540491127
950,8.145303955935614,7.200298059573594,0.9450058963620904,2.384396145705029,0.8490750112408212,0.1902987779099519
951,7.604255910098171,6.840477495904782,0.763778414193439,1.9717894582988507,0.7951829815742415,0.25958620096011076
952,8.449620710385542,7.639392681346575,0.8102280290390809,3.006294541521598,0.709944143182749,0.3719311079307662
953,7.615328073872487,6.822240068402831,0.7930880054698264,2.4430861364448653,0.7465653476684895,0.32317152093613
954,8.827837216656516,7.840520665854829,0.9873165508017792,3.53242921211136,0.7553931289606223,0.3115360664910445
955,8.514266133776626,7.735633731824574,0.7786324019521089,3.3831163394991997,0.6765872295070814,0.41712465847073693
956,8.37294459605624,7.388842027280386,0.9841025687758247,3.6042837910519907,0.7498671235883456,0.318814577293525
957,7.156698018306596,6.325227719074352,0.8314702992322509,3.0334681745670125,0.7181763030186876,0.3608971916909709
958,8.056651848604869,7.384488277328398,0.6721635712763145,2.0960141671800088,0.708620562541556,0.3737093576916587
959,8.082439372787174,7.379501253902308,0.702938118884731,2.9992473321932636,0.6607576983507204,0.43886729120299756
960,7.954491298019374,7.136003581061548,0.8184877169578613,2.882573135920314,0.7221314512807138,0.35561160532596314
961,7.900310244378996,7.026224963960399,0.8740852804185124,2.961137329116397,0.743491333454073,0.32723343603893573
962,7.529246826565267,6.768593146232714,0.7606536803327799,2.329908783970133,0.739281944367003,0.33280438981410276
963,8.014150380394593,7.173817513101948,0.8403328672927728,2.2185723120907035,0.8070344867424448,0.24425351002885842
964,8.230745358781686,7.511572891222816,0.719172467558792,2.950425208899741,0.6705716278552675,0.42536361218593316
965,7.9631683325010805,7.4918145934269695,0.47135373907440226,2.1590618764454383,0.5823802078596071,0.5499113079322632
966,8.01037290363325,7.193097125180497,0.8172757784527676,2.507504955335289,0.7538830182584375,0.3135234359506399
967,7.938457630569072,7.184792754640068,0.7536648759291893,3.486595333788948,0.6622605340012215,0.4367942988241462
968,7.751852946033804,6.699977809851912,1.051875136181934,3.1668501372354427,0.8102369681461614,0.24012033772801897
969,7.831179814907781,7.021051380267867,0.8101284346400917,1.6279186976523157,0.9884847693835859,0.014432702372632422
970,8.193538203539273,7.296005663499056,0.8975325400404017,3.54872951132074,0.7177888675509964,0.3614154934474956
971,7.910930353342845,7.067745417536738,0.8431849358062209,1.9535153352178263,0.8675990760585881,0.16670893341732546
972,8.078711061258044,7.208299222327252,0.870411838930977,2.705398063931394,0.7634752152857605,0.30092037201816485
973,7.761348819775375,6.978187978434502,0.7831608413409867,2.780304924975681,0.7118057299696312,0.3694320265303562
974,8.383137769232743,7.621934449902643,0.7612033193299794,2.625445839666753,0.7119765097748514,0.3692028794469432
975,8.03849153636639,7.167704110361409,0.8707874260048811,2.8290585267332062,0.7524537574941479,0.31540554466727405
976,8.316913234420607,7.384858219126219,0.9320550152942815,2.1165571348500407,0.8977453559391247,0.12851003670821237
977,8.183247486468243,7.536937968440622,0.646309518027465,2.2175944375565564,0.6799702673481236,0.4125037026705583
978,8.039177777064705,7.381401321588623,0.6577764554760961,2.551859134112167,0.6623358570857256,0.43669044857406253
979,7.546736220072997,7.052634745294082,0.4941014747787449,2.6954838841246627,0.5767383469352025,0.5581552919647873
980,7.956399275115299,7.140674093798648,0.8157251813167932,3.0982273338472623,0.7069490837213974,0.3759567041979038
981,8.242219649438137,7.469471951903049,0.7727476975348964,2.3406784360698865,0.7455564406202071,0.32450407105957596
982,8.489111356126212,7.624129466249006,0.8649818898772992,3.114001404341252,0.7284990753760838,0.34712278659430584
983,7.458637956080619,6.655167141235797,0.8034708148447862,2.713006717299823,0.7273481850869848,0.34865519500270137
984,7.750555782356567,6.907528867847095,0.8430269145094371,2.227603111894169,0.8073878091005937,0.24379730314630288
985,8.42133816261531,7.8762774053567135,0.545060757258625,2.7228342538133816,0.5992365510596094,0.5254987082358249
986,8.93925389942802,8.143520564307064,0.7957333351209854,4.126108726008887,0.6573970593828022,0.4435097626270306
987,8.196216938113874,7.351129890986183,0.8450870471278904,2.163736087423171,0.8202289728433945,0.22725048529174519
988,8.115062346145177,7.4094299685291425,0.7056323776159843,2.616858445745823,0.6832399577485104,0.40804592636890086
989,7.616935199452254,6.869760280329505,0.7471749191229264,2.4096570992499267,0.7228708615606947,0.354624576971454
990,7.54927202625532,6.863755253286673,0.68551677296864,3.0893893439203133,0.6490759548279521,0.4550462652628846
991,7.737540945833924,6.834021384610022,0.9035195612239022,2.3898162674166024,0.821460688794116,0.22566666240425262
992,7.744281086840655,6.932610650555734,0.8116704362851124,3.3792315007897678,0.6905464246267903,0.39811363424486146
993,8.561360880507035,7.762674614441298,0.7986862660659426,2.6086841897534576,0.7336286433911787,0.34030262121140065
994,7.818201819662189,7.063132838548153,0.7550689811141638,2.7253763202337495,0.7013988996122873,0.3834327834843118
995,8.065066600296912,7.325703121526022,0.7393634787708834,3.3846978810404806,0.6602930238454456,0.43950863879335755
996,7.942140119186032,7.046288981516131,0.8958511376697516,2.1584825516965402,0.8591222769020995,0.17749158193587852
997,7.868454444193102,7.014832608216633,0.8536218359765826,2.7983254543582206,0.7462888553598823,0.323536650877382
998,7.115712340108356,6.52087281419001,0.5948395259181325,2.831532571223672,0.6183851592649421,0.4981402974502614
999,7.7725853236291265,7.12622183586922,0.6463634877600271,2.677438671358999,0.6495523614560181,0.4543841457475545
