,logR,logI,logS,d_G,p,sigma
labels,$\ln\mathcal{R}$,$\log\mathcal{I}$,$\ln\mathcal{S}$,$d_\mathrm{G}$,$p$,$\sigma$
samples,,,,,,
0,2.9512939544546977,3.9202067739766924,-0.9689128195220746,1.087000039513112,0.09209974705451457,1.68442404522496
1,2.8258450482441755,3.7226934051001854,-0.8968483568559122,1.122744901835103,0.10288401532081477,1.6310298776465586
2,2.7487206746034896,3.6612188862451,-0.9124982116416049,1.0344889218872115,0.09514749158446026,1.6688480789031734
3,2.8640353120675424,3.8165465582136124,-0.9525112461460594,1.0061043040270723,0.0887078901871835,1.7022533259675545
4,2.7570642237298695,3.6938168580449537,-0.9367526343149848,1.0607425638828878,0.094065538908977,1.6743311340426255
5,2.861350245189626,3.769000703293878,-0.9076504581042855,1.1515712008335306,0.10339988740224183,1.628589788584794
6,2.7147640308722454,3.6827347877252854,-0.967970756852992,0.9372701931859253,0.08246219510399808,1.7365751152183684
7,2.7310558277211636,3.6815165274679695,-0.9504606997467135,1.0811231831507175,0.09380960191109633,1.6756355453740448
8,2.8047419306496546,3.7636557640761397,-0.9589138334264362,0.9940599710929843,0.08721365774175027,1.7102824378473167
9,2.9440955371420183,3.8425455873433543,-0.8984500502012907,1.1495872741603799,0.10442029436039811,1.6237915956027695
10,2.8933271283478486,3.8308241638590634,-0.9374970355112282,1.0218910847196259,0.09142584886840492,1.6879238439475088
11,2.8403274455314,3.7933399763353983,-0.9530125308040169,1.032765592240506,0.0904022323168059,1.69327974170258
12,2.8374778288821996,3.7922712917547616,-0.9547934628725443,1.0566676832469968,0.09175173182903235,1.686228835979847
13,2.875966753984542,3.8089695663147354,-0.9330028123301872,1.0419498472619768,0.09326441117548787,1.6784237151436299
14,2.795327535593699,3.7132321860749165,-0.9179046504813186,1.1334128926815235,0.10098269064368783,1.6401081091780771
15,2.6668043134332744,3.6128911796097074,-0.9460868661764152,1.005839940181003,0.08939919369725767,1.6985755119225185
16,2.6862843111209282,3.6652400134890697,-0.9789557023682391,0.9387336590408548,0.08142851360569925,1.7424569759842652
17,2.827947058327893,3.749946524051697,-0.9219994657238431,1.0917192942123188,0.0978064765343457,1.6555821052662016
18,2.895975726127815,3.812636570418053,-0.916660844290277,1.1427990567645616,0.10173224165625154,1.6365131221571347
19,2.7421453228808583,3.6448963981773432,-0.9027510752965782,1.1032614907343277,0.10088250964154273,1.6405902048510774
20,2.809342228472772,3.777066285562752,-0.9677240570899812,0.9390850159429478,0.08261012247491646,1.7357382753421253
21,2.8992056346385904,3.8237446817605067,-0.9245390471220389,1.124745475468348,0.09962809887696428,1.6466592776278277
22,2.6701449323027897,3.5849698169491364,-0.9148248846463503,0.994917204841119,0.09219082178223033,1.683952640564899
23,2.686122734580479,3.6425004806059227,-0.9563777460253959,0.9668534613896322,0.08567471231756212,1.718668711749327
24,2.7692888029100255,3.7361940416360215,-0.9669052387259853,1.0268645384899244,0.0884904482089695,1.7034149162937051
25,2.8385959268328658,3.7985645502457213,-0.9599686234129194,0.9151198417178676,0.08178532069534275,1.7404198604062338
26,2.8162611106969986,3.745045779510711,-0.9287846688137051,1.1403561481589815,0.10010835368878471,1.6443285567161467
27,2.848297891054201,3.7951686282982124,-0.9468707372440122,1.064100209121666,0.0931257006255716,1.679135183485256
28,2.9189131926963934,3.890668535012257,-0.971755342315987,1.030776889276168,0.08821584908231188,1.7048851360312103
29,2.7593643955123777,3.6952596488952207,-0.935895253382796,1.0731009487317884,0.09496769184937796,1.6697557838787318
30,2.9667899714574584,3.9111244375906327,-0.9443344661332276,1.1424852596028854,0.09839093112188026,1.6527049272900354
31,2.7968761971689697,3.7224850216405883,-0.9256088244716238,1.1023037630029342,0.098061866231281,1.6543231771178581
32,2.714136000184865,3.6670647337557116,-0.9529287335707295,1.0499605717759795,0.09152810999666747,1.6873914332888862
33,2.893678418775678,3.7956623179956703,-0.9019838992198856,1.2042553844889228,0.10743431433571267,1.6098330208537468
34,2.924993463688295,3.862317103612179,-0.9373236399238749,1.0528333484104933,0.093483723645176,1.6773005573603008
35,2.9720772812335805,3.8783891465176477,-0.9063118652840103,1.0697097783656848,0.09823726804702863,1.6534600607920793
36,2.647492950647418,3.6695308027935973,-1.0220378521462408,0.9058706636272018,0.07501957520681257,1.7803446432930998
37,2.965059784309872,3.9169506358464967,-0.951890851536632,1.0346616770654553,0.09065073873205097,1.6919750088381755
38,2.8610651857046174,3.7937674282217775,-0.9327022425171663,1.0854058354878942,0.09613552517766442,1.6638844395956198
39,2.762716607412201,3.6866037968482526,-0.9238871894360727,1.1109632401415894,0.09882410466436693,1.6505812765482049
40,2.7021632525654264,3.648072059308056,-0.9459088067427501,1.0216525277363713,0.09046532451998356,1.6929482157763
41,2.8210874775372328,3.7733704192321578,-0.9522829416948753,1.0330598223482799,0.09050259989712432,1.6927524350205247
42,2.704559301185284,3.683836380541075,-0.9792770793558248,1.0328483009790563,0.0875370338756091,1.7085354528432712
43,2.6678545484174516,3.6121386741586803,-0.9442841257413193,1.0064855064590863,0.08964211646264021,1.6972885734643617
44,2.7303370254648622,3.6919420362104476,-0.9616050107456431,0.9818996140755742,0.08611845459545295,1.7162381978476244
45,2.7604352417632323,3.7027871565753503,-0.9423519148122068,1.0612190422891492,0.09345441731066256,1.6774505204789032
46,2.7206092874077537,3.6403201475563622,-0.9197108601485979,1.0084209339589387,0.09254917512739078,1.682101419786965
47,2.634507166577762,3.5624647031843693,-0.927957536606641,1.1839292323974415,0.10293102222520326,1.6308071313531274
48,2.864598374175969,3.822982941599665,-0.95838456742365,1.0446650899459153,0.09057725303180997,1.6923605307588758
49,3.004440802106003,3.8971053055505736,-0.892664503444621,1.1502531487090588,0.10519144940543093,1.6201900906906361
50,2.8004095547563135,3.737052457226832,-0.936642902470453,1.0700924102053448,0.09468609238245017,1.6711801876204289
51,2.8533322553401628,3.7878593768352427,-0.9345271214951936,1.0871372482374568,0.09603400926051674,1.6643925432131395
52,2.798187551880076,3.7251737447923428,-0.9269861929122953,0.9979126554785003,0.0910071781747588,1.6901086089855883
53,2.726748082407951,3.6527575814144346,-0.9260094990064545,0.9517413284241338,0.08795198299308106,1.7063013708640453
54,3.048834249326958,3.9944098125618326,-0.945575563234911,1.094768016521413,0.09524015955120098,1.668380788340085
55,2.8770171177990984,3.7692924680900037,-0.8922753502909018,1.176692010381614,0.10693459496729465,1.6121256737813654
56,2.8415540449505694,3.7679552059111345,-0.9264011609606086,1.0280230488437423,0.09309843638184082,1.6792751260962868
57,2.6627196508471367,3.570489468995189,-0.90776981814804,1.0810220750328408,0.09881048620334218,1.6506479283403916
58,2.665319729858154,3.6134240950486407,-0.9481043651904884,0.9498016155531119,0.08540878422137103,1.720130161712336
59,2.8183477571451045,3.697401801041847,-0.8790540438967582,1.1065547272254002,0.10405056186522015,1.625525843105901
60,2.846910846057838,3.7647843231069724,-0.9178734770490564,1.2157725816519023,0.106141090519976,1.6157836833866306
61,2.7008403149977336,3.6439040127358626,-0.9430636977381255,0.9137995894838529,0.08346544470619081,1.730923303358558
62,2.825761833161962,3.749514939241775,-0.9237531060798574,1.1333146647033545,0.10026824945963755,1.6435545462518335
63,2.8757083612669727,3.7873763993284837,-0.9116680380615207,1.1206138949766713,0.10092064751429833,1.6404066310625625
64,2.857821680457348,3.8006861574399555,-0.9428644769825496,1.056903859710368,0.09311580422906346,1.679185976161749
65,2.895350324270751,3.8263055002121686,-0.9309551759414489,1.1069042366850734,0.0977234151335916,1.655992117468909
66,2.8097719243665575,3.773646637168176,-0.9638747128016121,0.9945764531107428,0.08671231480012995,1.713001221890289
67,2.8012676376893775,3.713518986890253,-0.9122513492008011,1.1311272479413579,0.10152579951983437,1.6375011467861145
68,2.891121966868084,3.831252411963604,-0.9401304450955195,1.1226064036231487,0.09763933253041342,1.656407454324973
69,2.792445184761234,3.737862041870637,-0.9454168571094215,1.0838663693471804,0.09456244488294423,1.6718067017094176
70,2.8119181394965405,3.759089665055407,-0.9471715255588151,1.0580347100170253,0.09269953673452798,1.6813263793272273
71,2.8895419049344606,3.817775826354771,-0.9282339214203148,1.0403023396030857,0.09370398622410683,1.676174659453207
72,2.8955968841977007,3.7917604044347573,-0.8961635202369962,1.1321955890272484,0.10358385918248593,1.627721938109686
73,2.739475357702488,3.676024150440743,-0.9365487927382219,1.0241148123558514,0.09168062509972053,1.6865982687054162
74,2.8092246857530223,3.703150697777786,-0.8939260120248491,1.0644609004321526,0.09938687338617583,1.647833349954874
75,2.9866221479708908,3.882480125448621,-0.8958579774777036,1.0929566574371958,0.10105067273318188,1.6397811795823514
76,2.750922624423836,3.713438198632766,-0.9625155742088509,0.9917680371590207,0.08667350381182401,1.7132122227230828
77,2.745865161187069,3.6685918211347066,-0.9227266599476707,1.2106663456512188,0.10522246780093392,1.6200456653424682
78,2.5427158510968435,3.489310568295488,-0.94659471719865,1.0099697185119452,0.08961685233376467,1.6974222849834268
79,2.8369714389671823,3.7932672771038063,-0.9562958381367253,1.0513740167607275,0.09124259648812266,1.6888791248141621
80,2.874675862550887,3.8106238339864986,-0.9359479714356667,1.1469706803806219,0.0996660081953761,1.646474974847383
81,2.882385629152125,3.833609222595236,-0.9512235934431601,1.0935134771845232,0.09451093899860118,1.6720678724974962
82,2.7853699601281074,3.7305295414972277,-0.9451595813691256,1.096584830601306,0.09540386937831213,1.6675561489217392
83,2.697593977223462,3.6287039340102374,-0.9311099567868268,1.0428994992018996,0.09354448673740715,1.67698974734403
84,2.9351520393641546,3.864676791027811,-0.9295247516636209,1.0469820317852019,0.0939966168440805,1.6746821227111746
85,2.844427993085517,3.74437842975718,-0.8999504366715882,1.1353264321991847,0.1033142259311766,1.6289942984995236
86,2.633116112275004,3.58953660425627,-0.9564204919812482,1.0140918232540508,0.08880452387266108,1.7017378383907253
87,2.7976776814567326,3.7346730874529963,-0.9369954059962993,1.1554830500765965,0.10007226708857474,1.6445033781191498
88,2.8538017621761607,3.7878882826599063,-0.9340865204836746,1.070868975073958,0.09503251752826355,1.6694283579066063
89,2.7373470589519253,3.642000142208809,-0.9046530832567896,1.1273456667620143,0.10221570922908553,1.6342054945637323
90,2.8932994612432164,3.8399949656803005,-0.9466955044371161,1.0399726871455297,0.09157913749971554,1.6871259433219443
91,2.702557284775892,3.62687205787704,-0.9243147731011732,0.960931157966765,0.08877686380816656,1.7018853434321466
92,2.767678687394166,3.7117994443549516,-0.9441207569608423,1.02053418575019,0.0905913956621377,1.6922863159062493
93,2.798540969394437,3.7088227832405942,-0.9102818138461544,1.2008890844546676,0.10617480792063982,1.615627807838029
94,2.894776467709064,3.84596755029547,-0.9511910825863197,1.054544141514648,0.0920196441329989,1.684838969205394
95,2.751725593605627,3.647974990897312,-0.89624939729174,1.0793942539235775,0.10010223852713634,1.6443581780580283
96,2.811904861332621,3.740553298401607,-0.9286484370690005,1.067840018028643,0.09546783938692638,1.6672342269927816
97,2.8485192211988557,3.7727645268170806,-0.9242453056182285,1.1465178716144442,0.10104504220350322,1.639808250451904
98,2.8207659909086966,3.7018276437352973,-0.8810616528265882,1.2151332515933573,0.11081921036208102,1.5945218073349445
99,2.63250712609188,3.6123227625169974,-0.9798156364250872,0.9663121824140144,0.08316765747517071,1.7325951186968938
100,2.9687561237801243,3.8556920876823377,-0.8869359639022605,1.0349429792675164,0.09823352320739852,1.6534784755141392
101,2.959356360373661,3.8802679128510174,-0.9209115524773779,1.075514882811799,0.09687884313783171,1.6601770350646197
102,2.8187066437950103,3.6781904916252235,-0.8594838478302336,1.1302931985661597,0.10815155526933727,1.606557120098556
103,2.8763160537709633,3.8008842714821722,-0.9245682177113395,1.1262244232419238,0.0997188815134072,1.6462180153266903
104,2.8659672193488883,3.8064600982838637,-0.9404928789349469,1.0476655209929822,0.09278384521310712,1.6808922519269436
105,2.8566689208990534,3.8494047504969706,-0.9927358295979047,0.9537612555535837,0.08101938383362267,1.744801751532355
106,2.7130255423682708,3.676074196728121,-0.9630486543597954,1.0160131521346059,0.08820581000529508,1.7049389557044499
107,2.866182201900258,3.8028250491458766,-0.93664284724548,1.0391404818037406,0.09266306770650523,1.6815142665406488
108,2.7126840453486945,3.687063579010711,-0.9743795336621588,0.9035383929395691,0.07952000458945861,1.7534779300574612
109,2.715700262511248,3.6586808661361387,-0.9429806036249602,1.0663496191009465,0.09371481428777112,1.6761193653092343
110,2.778611848973085,3.699500736960706,-0.920888887987644,1.1465361933347196,0.10145376662981499,1.637846270088876
111,2.897268825096105,3.8314921619108335,-0.9342233368148527,1.1123185019241786,0.09768303863395424,1.6561915267367218
112,3.0513880661022337,4.010035720764121,-0.9586476546618314,1.0219635745033753,0.08907502239036023,1.7002972769973157
113,2.56841946114271,3.5410821648296014,-0.9726627036869786,1.014941762553376,0.08709665773423028,1.710915798487135
114,2.856856823231126,3.791575366563244,-0.9347185433321101,0.9640709665555423,0.08783932806094832,1.7069070617384532
115,2.6669803759135244,3.623226357529109,-0.9562459816156661,1.0197293916323473,0.08919305949494248,1.6996697652897126
116,2.7998097301616123,3.74718713493592,-0.9473774047743291,1.075543959517908,0.09380441552318548,1.6756620078637605
117,2.7782850233829346,3.7569890072504175,-0.9787039838673763,0.9258773608191642,0.08059348109645223,1.7472528891885402
118,2.908815435219551,3.8671942318381567,-0.9583787966186037,0.9603171471705836,0.08502197920341983,1.7222624907666637
119,2.7684484496309802,3.6739532956083223,-0.9055048459773616,1.0615422685798435,0.0977904690088165,1.6556611008346793
120,2.690020062565693,3.620042209737839,-0.930022147172167,1.0400296263858533,0.09347994423761369,1.6773198948061898
121,2.587341499389779,3.5467788323456406,-0.9594373329558721,1.0108262942332205,0.08826032334436645,1.7046467680867885
122,2.915374680724042,3.8098380909779155,-0.8944634102538203,1.0245248481228066,0.09661029534956966,1.6615138215540106
123,2.8439434594266255,3.849788794967633,-1.0058453355410393,0.9009193958809507,0.07624032534707237,1.7729298882577749
124,2.812718704329043,3.7066000165428226,-0.8938813122136935,1.0284286618601612,0.09694763729763331,1.65983506601228
125,2.7181346440622316,3.6730749407661265,-0.9549402967039669,0.9553943510113014,0.08505668555940606,1.7220708460533494
126,2.918367519157598,3.8687161732849167,-0.9503486541273105,1.0373521807843902,0.09099834277374058,1.6901548020856665
127,2.892294081514208,3.7868317970252074,-0.8945377155109782,1.1167667092981017,0.102781163699699,1.6315175314152457
128,2.9888059426533142,3.9314026977227514,-0.9425967550695304,1.0701570360266786,0.09400482550929996,1.6746403088966153
129,2.8266197402380864,3.746614764388695,-0.9199950241505803,1.185337426209271,0.10399714929797557,1.6257767817599496
130,2.8375723202794485,3.7771226700343363,-0.9395503497549953,1.107060129996001,0.09672251733608632,1.6609548380230466
131,2.762693151060105,3.698329327396521,-0.9356361763364021,1.0280035867561743,0.09204193424620388,1.6847234798384088
132,2.922951600454055,3.859550552454038,-0.9365989519999403,1.1158645734386947,0.09762837074967877,1.6564616225123077
133,2.7403364220068194,3.6375106862039757,-0.8971742641971332,1.1986720121246544,0.10769828919384311,1.6086253433200688
134,2.6614366654254833,3.5997192248626466,-0.9382825594370843,0.9535456300871825,0.0867275157984572,1.7129186005267216
135,2.6117018300112274,3.5425625186735608,-0.9308606886622783,1.06982087415441,0.09533923674729676,1.6678815810284677
136,2.7831216854855962,3.702129098860499,-0.9190074133748567,1.0629614168654635,0.09627842811615651,1.6631699143733518
137,2.8331792879967703,3.7670081293246134,-0.9338288413277951,1.179452945344264,0.10193974419909244,1.6355216297346824
138,2.774170585267441,3.66053235161406,-0.8863617663466812,1.1803555494085929,0.10792617242802745,1.607584667610001
139,2.7206831928134103,3.6347694954630305,-0.9140863026495936,1.144575032401636,0.1021604305978082,1.6344689032607416
140,2.918884510487103,3.8383048210449853,-0.9194203105578254,1.073414435423784,0.09691759453930605,1.6599843817548066
141,2.75186492366852,3.6786682470246093,-0.9268033233560118,1.0876640672441913,0.0969744777299168,1.6597016974674534
142,2.725986004832023,3.6323368475711564,-0.9063508427391298,1.1324443691366877,0.1023352357675336,1.6336363249244374
143,2.7362029139812445,3.6626706748889526,-0.9264677609077125,0.9883570807433324,0.09041695320535137,1.693202372293933
144,2.9781048507208676,3.890946630506503,-0.9128417797857082,1.0522080855478277,0.09629358817101487,1.6630941627829232
145,2.8053045475885052,3.714653059134632,-0.9093485115459998,1.191852091624226,0.10572919669810242,1.6176910456701408
146,2.7807164818809293,3.673473964482621,-0.8927574826017235,1.157405513233598,0.10563996878380068,1.6181050110254078
147,2.704942640112861,3.67127966043823,-0.9663370203253407,1.0201834227231508,0.08811950379320868,1.7054018487220401
148,2.8142908867666416,3.725503914066097,-0.9112130272993682,1.074737065021523,0.0979819245004777,1.6547169631424485
149,2.60791859401759,3.558066059812322,-0.950147465794771,1.0085582669925581,0.08913033277209188,1.700003151262078
150,2.9710576164422515,3.9246646293937206,-0.9536070129514655,1.1452731270396008,0.09747663668312169,1.6572119237563165
151,2.8489084431843845,3.7903153759602266,-0.9414069327757488,1.0836468604628209,0.09501044822411406,1.6695398069629808
152,2.8235685627614227,3.7567622362908426,-0.9331936735294448,1.006411501211553,0.0908785852566319,1.6907812724203963
153,2.8108295031625654,3.738633482347088,-0.9278039791845458,1.0516342896483375,0.09450254007076783,1.6721104717416855
154,2.77147544102452,3.7671329588689644,-0.9956575178443927,0.9103621681026106,0.07786051083051408,1.7632370888601583
155,2.841384321616331,3.802013464035936,-0.9606291424196343,1.0408921809546532,0.09008507266703303,1.6949491228468951
156,2.7409788601609786,3.7151509013675352,-0.9741720412065433,0.9637754401126966,0.08358756132013383,1.7302391217304585
157,2.680321701400046,3.612665138970024,-0.932343437569898,1.03587771607073,0.09293880066225223,1.6800951691686257
158,2.9853189811683047,3.9044007495957387,-0.919081768427418,1.1045007655912833,0.09898315108747764,1.6498034101202097
159,2.7510466996009906,3.695451648897714,-0.9444049492966542,1.064859624925252,0.09345569471480146,1.6774439831020245
160,2.7129849814720752,3.6847559185039134,-0.9717709370319199,0.9268670254435833,0.08136805708253586,1.7428028571750565
161,2.7839365716992712,3.7473039062565214,-0.9633673345572333,1.0592209911749306,0.09095850701941287,1.6903631155285102
162,2.832193216825956,3.750137257625766,-0.9179440407998527,1.1438466949146766,0.10164213094160154,1.6369441922758905
163,2.726059817725129,3.709978729579991,-0.9839189118549712,0.8453267419058208,0.07457467403043837,1.783071444925475
164,2.6859807884581666,3.6194059350209637,-0.933425146562854,0.973357927532009,0.08861676347225213,1.7027398516356969
165,2.860546469573094,3.8190925629037316,-0.9585460933307104,1.0406160723953146,0.09029773263429028,1.6938292581937158
166,2.8499064245056185,3.750815138649424,-0.9009087141437249,1.121217662529053,0.10228098339937668,1.6338946019591796
167,2.7160290621631726,3.677531677525463,-0.9615026153622921,1.0528959960948407,0.09076073256361737,1.6913984268250206
168,2.720728022734718,3.6621369321780857,-0.9414089094433393,1.0796575803695416,0.09475379718164549,1.6708374094128822
169,2.973896386418985,3.876923766573324,-0.9030273801544126,1.1004638641499582,0.10066533767292947,1.641636601102028
170,2.9106244497581453,3.8044756930447323,-0.8938512432865764,1.0701559906201765,0.09977832475549035,1.6459292563074863
171,2.4506219277206607,3.4153941874361293,-0.9647722597154598,0.8500033542634347,0.07676719224445545,1.7697596261986923
172,2.7799429872843144,3.736899631993888,-0.9569566447095212,0.948647638913958,0.08438598494666928,1.72578563582112
173,2.6988888942177733,3.664815184195237,-0.9659262899773466,0.9894709488199889,0.08615606380011794,1.716032666084926
174,2.7164679531177423,3.67714400229672,-0.9606760491790283,0.9152172728878596,0.08171874511078533,1.7407994118731231
175,2.6791020375873837,3.591523826887767,-0.9124217893004243,1.1202529481901873,0.10080551331954306,1.64096098944237
176,2.6131822860567833,3.5237914259632093,-0.9106091399064553,0.9983915933291632,0.09291546199661202,1.6802151537792274
177,2.8862248210799204,3.8459031166371953,-0.9596782955572962,0.9264461522289289,0.08259070754824338,1.735848038230562
178,2.8532589277709373,3.812706403320568,-0.9594474755496094,1.0047780034998846,0.08786222639754018,1.7067838977918153
179,2.895055244984817,3.818392090755131,-0.9233368457702227,1.0398909071838442,0.09424326463830421,1.6734270083608267
180,2.823795944607539,3.7459090938232102,-0.9221131492156474,1.028772067198865,0.09364300019880123,1.676486183935896
181,2.6266686192748945,3.5875430468106955,-0.960874427535714,1.0426645504425798,0.09017230876243339,1.694489481605044
182,2.698327663024045,3.633674484045041,-0.9353468210210849,1.1017241797914918,0.09687462103674696,1.6601980290411553
183,2.93719761710777,3.8412643649360168,-0.904066747828324,1.112567561469455,0.10132899585584783,1.638444532666815
184,2.956667877343605,3.8735708231761783,-0.9169029458324758,1.1390266182585007,0.10146258912621481,1.6378039893431442
185,2.735029510382176,3.6757206547398185,-0.9406911443576291,1.018064616709612,0.09081232236273751,1.6911281893533632
186,2.9778818649072742,3.892282131166286,-0.9144002662590083,1.1323743902847083,0.10134314515259546,1.6383766588113664
187,2.5556682673123556,3.492576166121649,-0.9369078988092951,1.0280509968632656,0.09190078121510206,1.6854552006107784
188,2.875624107071715,3.7700037098645374,-0.8943796027929238,1.1396259830924234,0.10428887351959631,1.6244074716206327
189,2.9276149669495477,3.8652947023184576,-0.9376797353689881,1.1111429335322194,0.09720132808581904,1.6585756686289448
190,2.6853478923425906,3.6067493069425853,-0.9214014146000409,1.075667871216397,0.0968309409643215,1.6604152668010137
191,2.8964033999129266,3.825019364212538,-0.9286159642996381,1.1367183208246459,0.09989883802107308,1.6453442566100154
192,2.896668017634695,3.817820603935148,-0.9211525863004226,1.0914320756720082,0.0978885715613343,1.6551771366280328
193,2.826440638582269,3.736166607309823,-0.9097259687275709,1.1433134755855636,0.10261623209439721,1.6323003379397878
194,2.917803491987072,3.856079885461701,-0.9382763934746663,1.12771031221424,0.09817977845438838,1.65374281956516
195,2.6699959635953543,3.671450418002254,-1.0014544544069395,0.8634312662504406,0.07414567555747592,1.7857133940546146
196,2.725174485784421,3.667965568655569,-0.9427910828711674,0.9933816055139526,0.08893294992259201,1.7010534550907142
197,2.9889886802124717,3.87857400295507,-0.8895853227426187,1.1766703588641345,0.10727713397946471,1.6105532332644508
198,2.7944701791448803,3.7375536453995113,-0.9430834662546204,1.0722412702547004,0.09408349349638039,1.6742397333682513
199,2.7979521990491345,3.7422109341543917,-0.9442587351052225,0.9818537994228729,0.08799709980938236,1.7060589750989519
200,2.702969625683138,3.677057898623976,-0.9740882729407758,1.0178117395955084,0.08712906145014288,1.7107403174867633
201,2.9938470962279804,3.8992099383462047,-0.9053628421181656,1.0739858864926992,0.09863540060071899,1.65150549032525
202,2.731973279352203,3.6602955416684124,-0.9283222623162146,1.0683347287384308,0.0955382400955117,1.6668801428768558
203,2.8682157641517985,3.8314578595135234,-0.9632420953616929,1.1114414378133883,0.09426720163875005,1.6733053406160425
204,2.8222164454059135,3.781272755261004,-0.9590563098551002,1.0738668422496345,0.09237380990485371,1.6830066199466225
205,2.912410835312883,3.8186236096423287,-0.9062127743295605,1.1104987208374164,0.10093132583474297,1.640355241673119
206,2.8842771228324433,3.798376740188855,-0.914099617356328,1.1048112367770082,0.09960304032269364,1.6467811348839003
207,2.7774376771471476,3.6845579980466314,-0.9071203208993666,1.1768700911796153,0.10506899229445035,1.6207605959305131
208,2.8076155264979685,3.736048998343542,-0.9284334718455511,1.042446807854227,0.09382295549719277,1.6755674168156962
209,2.6983269315990834,3.6637345214789767,-0.9654075898799874,1.053683417658315,0.09037874591056815,1.6934032015297429
210,2.713206044666506,3.6410687038852525,-0.9278626592188175,0.9856416907418883,0.09007498714742121,1.6950022858840705
211,2.8375016374732946,3.795315598712628,-0.9578139612392533,1.020794311872303,0.08909026902876273,1.700216184789628
212,2.862982064828159,3.7998893971353573,-0.9369073323071007,1.1150764233102894,0.0975420190565867,1.6568885037674417
213,2.742108673612122,3.711579892448437,-0.9694712188362473,1.071288114604192,0.09104812766872819,1.6898945645826833
214,2.765323743363822,3.6872638731349894,-0.9219401297713148,1.0053472447458258,0.09208523082673507,1.684499216112758
215,2.8847819985991943,3.829013711806208,-0.9442317132071594,1.0264892640206744,0.09097173033673889,1.6902939585916508
216,2.7312789486878297,3.649242374807837,-0.9179634261200817,1.136758570191903,0.10118889634073953,1.6391169946026005
217,2.793749535161353,3.7542966603629497,-0.9605471252017423,1.0464088620601224,0.09044980427283225,1.6930297516132613
218,2.9019394010496877,3.820106125378222,-0.9181667243285574,1.0807441385377838,0.09754682308263898,1.6568647470398887
219,2.802610004480655,3.6939547024629324,-0.8913446979821629,1.0444926905952583,0.09835045101199794,1.6529037638522
220,2.7760098850370265,3.7435417074947757,-0.9675318224577723,0.9907859023282735,0.0860709096814042,1.7164981313942982
221,2.852605509823959,3.8038580340472756,-0.9512525242232641,1.08532600911511,0.09398724702730439,1.6747298548513225
222,2.7709800557549467,3.7551163586294947,-0.9841363028746173,1.0573538947652583,0.0885660563321199,1.7030107517646473
223,2.836401015227309,3.784586439865891,-0.9481854246384955,1.0269162397292815,0.09055738645178146,1.6924647983503693
224,2.9742990083604606,3.9162167347364947,-0.9419177263760048,0.9889129198464848,0.08872964439391597,1.7021372397820274
225,2.984048886214921,3.9106623863894217,-0.926613500174426,1.1505265607164292,0.10101092329508429,1.6399723155273422
226,2.603238504009212,3.5658967900325798,-0.9626582860232702,1.006160500295392,0.08760432250713411,1.7081725920122597
227,2.687318396230537,3.6291881203331324,-0.9418697241026166,1.0330180670294342,0.09166722332523297,1.686667922980294
228,2.8288714104467796,3.777150490578712,-0.9482790801320107,1.0176205944499204,0.08993549684974353,1.695738062360547
229,2.818063038916605,3.7424562995459145,-0.9243932606292447,1.002386284393435,0.0916046173880849,1.6869934190272502
230,2.697192313922258,3.6840623430386663,-0.9868700291164032,0.8975422401115347,0.07786617989837716,1.7632034632181928
231,2.9684195891840797,3.914363563966203,-0.9459439747821534,0.9023397827410355,0.08236189559694648,1.7371432121071075
232,2.872783623618218,3.8434941978203585,-0.970710574202144,0.9936016810710775,0.08591647094048314,1.7173432670529083
233,2.881719525201063,3.8134479865767754,-0.9317284613756556,1.0138407241198983,0.09154216130804842,1.6873183141379393
234,2.7085724934341466,3.6315235782244577,-0.9229510847903839,1.0435105370928703,0.09452869737381886,1.671977812256336
235,2.884952050733616,3.775156934591403,-0.8902048838576775,1.0863385778474213,0.10130873895379393,1.638541717706826
236,2.906555315759945,3.83371557973232,-0.9271602639722687,1.1026315608073187,0.09789873203574342,1.655127034639397
237,2.6407997953419478,3.594689171795179,-0.9538893764532759,1.0250114892930144,0.08979864928985057,1.6964607922462298
238,2.8213422207190457,3.743886071489109,-0.9225438507700119,1.100742796204243,0.09832608725293576,1.6530234691001515
239,2.801848741888264,3.7354351109845454,-0.9335863690962469,1.0494012118185667,0.09368781918338671,1.6762572269368543
240,2.8396642132766625,3.777810620658292,-0.9381464073816232,1.0875328193488858,0.09563788260211493,1.6663793425209976
241,2.8881014865897465,3.8480145498606473,-0.9599130632709603,1.086530793522822,0.09308052950139183,1.6793670568887185
242,2.9541161406690004,3.9120303400772714,-0.9579141994082647,1.0269178676360966,0.0894786174674431,1.6981544369802386
243,2.79037127265947,3.72121968206253,-0.9308484094030973,1.0633970607901888,0.09492135010764717,1.6699899596884222
244,2.719402521610348,3.6591900952709184,-0.9397875736605101,1.0118859567428267,0.0905031679444463,1.6927494519782393
245,2.770170467699543,3.662915015862676,-0.8927445481631366,1.1618882420343983,0.10592925930075692,1.616763878431613
246,2.8479514953136937,3.7392500246392033,-0.8912985293253541,1.1732271928901812,0.10683844690049436,1.6125677629830615
247,2.794416692890152,3.757753967732295,-0.963337274842047,1.0496410083127146,0.09034869899808452,1.6935611852877193
248,2.966354859206674,3.8794301374439164,-0.9130752782373293,1.1054152894864184,0.09976607224528138,1.645988764424004
249,2.58341536370888,3.558548472599877,-0.9751331088909865,0.9580593010901652,0.08310859804317482,1.732927261920941
250,2.789696378092074,3.7162409135418577,-0.9265445354496933,0.9289141392160647,0.08630073944474018,1.7152426984835867
251,2.7485955911467523,3.691478908964189,-0.9428833178174045,0.98677670614854,0.08847950442351309,1.7034734395455637
252,2.668580662908837,3.6594545517368444,-0.9908738888279913,0.9315988482108146,0.07974703310064671,1.7521557327830588
253,2.658543883793939,3.5923602920207958,-0.9338164082269031,1.0232142326016072,0.09193064403690875,1.6853003199736638
254,2.778352164092851,3.728727141888766,-0.9503749777958319,1.031111269977348,0.0905879324241456,1.6923044887286676
255,2.8427695206474506,3.753303502286107,-0.9105339816387641,0.9984811130245339,0.09293030927203662,1.6801388207995493
256,2.6740564566279796,3.613149780452925,-0.9390933238249772,1.0785574108038436,0.09495033599296622,1.6698434764113852
257,2.834526919440307,3.7663992952747,-0.9318723758344731,1.0527995995720678,0.09410846139775,1.674112653551234
258,2.8712536396964903,3.7935667063579888,-0.9223130666614452,1.1267105015112737,0.1000213051772903,1.644750348551964
259,2.649951804884679,3.6159318404872614,-0.9659800356025698,0.9213571698629113,0.08159023093974811,1.7415327890830026
260,2.9266453361637583,3.841628121569826,-0.9149827854060959,1.0915928403120607,0.09863639996829589,1.6515005920170651
261,2.735475050159905,3.7005577985545623,-0.9650827483947069,1.1051861226311825,0.09366837539177032,1.676356544414233
262,2.806715621138053,3.7231693748487227,-0.916453753710698,1.1324372332937898,0.10109686146120905,1.6395591554090945
263,2.8205063290415207,3.7283141653282414,-0.907807836286679,1.1107711392873343,0.10075414735186722,1.6412084736424903
264,2.7957339643015326,3.742851660875868,-0.9471176965743098,1.1218119624561413,0.09677139798967838,1.660711523129832
265,2.984309754471908,3.924191139417481,-0.9398813849455792,1.0750452210844288,0.09463271400462354,1.6714505720206319
266,2.5767952699653303,3.542507514360407,-0.9657122443951494,0.9923676678038387,0.08636965448638215,1.714866780050735
267,2.7556024397814123,3.6613081702166475,-0.9057057304353293,1.1690550155375954,0.10475262237649108,1.6222369524160911
268,2.6510585751147597,3.6487176449722614,-0.997659069857491,0.9026477303147584,0.0771496651678941,1.7674693050783605
269,2.8395331905687295,3.752738787370792,-0.9132055968021859,1.2007902278589266,0.1058015694051824,1.6173554821212426
270,2.658538044500872,3.584006207088089,-0.9254681625872081,1.0370924783264934,0.09381026378327426,1.675632168390268
271,2.7489916958489427,3.659186823075427,-0.9101951272265296,1.1260808271888512,0.10145302121623612,1.637849842527338
272,2.9756627115555854,3.9076900570930486,-0.9320273455373353,1.0559064035001264,0.09429439633550736,1.6731671445983831
273,2.776820538292284,3.688242027868051,-0.9114214895757868,1.1323410008370822,0.1017052709971088,1.6366421120532475
274,2.7235240816705324,3.678643206834433,-0.9551191251639466,1.0335561165469547,0.09021973557290831,1.694239743008218
275,2.8046060226244687,3.7272515686611487,-0.9226455460366196,1.1514466408698243,0.10155023095107946,1.6373841354263314
276,2.8796272601517354,3.8174643154127197,-0.9378370552610704,1.0559870616815061,0.09363086055407331,1.6765482142270278
277,3.0349439512333016,3.9730650846391247,-0.9381211334058435,1.0514966135832988,0.09330501185463418,1.678215628488534
278,2.9642802294265063,3.8883003138128545,-0.9240200843862567,1.0813639625697944,0.09689356223374317,1.6601038515496442
279,2.682457064379221,3.645231153658933,-0.9627740892797192,0.9629416650096516,0.08473104884111372,1.7238714695860826
280,2.904633740040324,3.8687515417719767,-0.9641178017316179,1.050466582030997,0.09031536061615884,1.6937365247564007
281,2.6000396195000373,3.5452816072455557,-0.9452419877455895,1.0090013617820675,0.08970282409878849,1.6969673996232848
282,2.8816503102523963,3.7983764116927525,-0.9167261014403039,1.193295912583805,0.10489693813648733,1.6215630570799757
283,2.808419067037178,3.7417408044359433,-0.9333217373987281,1.1478846607883806,0.1000373520064668,1.644672571959572
284,2.6864499740430143,3.6581263930263765,-0.9716764189834066,1.0443543379176488,0.08909445959652754,1.700193898399727
285,2.7513714153911475,3.6820771229532254,-0.9307057075619696,1.0189402630052935,0.09199940152640142,1.6849438695205683
286,2.6419315303182453,3.5519377083419985,-0.9100061780237638,1.07328755855995,0.09803076543325939,1.654476346459211
287,2.8288808591004933,3.7599088188606546,-0.931027959760172,1.1035031578188783,0.09749692093215777,1.657111567285801
288,2.9059028226204897,3.821549345594836,-0.9156465229743844,1.0878439854534239,0.09831198444492108,1.6530927705518217
289,2.6550692109747867,3.6215967071290023,-0.9665274961542991,0.9936504670622859,0.08636661365998106,1.7148833620699455
290,2.667132229163783,3.6405210997625903,-0.9733888705987965,0.8840708665282593,0.07828587618350283,1.7607195851944544
291,2.8563202074725065,3.7938094817122088,-0.9374892742397378,1.1175264328852814,0.09762889969873942,1.6564590085724797
292,3.0107479611023815,3.954428578305276,-0.9436806172028582,1.1279484971715164,0.09755855095126903,1.6568067546583733
293,2.8912970045375483,3.850233393804315,-0.9589363892667961,1.0028470619204315,0.08779080329635193,1.7071681489037072
294,2.654396196788482,3.58178172921887,-0.9273855324303213,1.111587324529519,0.09844680474399986,1.6524305857477772
295,2.9291883987908274,3.8420661381668952,-0.9128777393761993,1.088197059524535,0.09866715973046933,1.65134984524991
296,2.7977079332558357,3.761064128651127,-0.9633561953952494,0.9434487479020921,0.08336013790597491,1.7315139561149488
297,2.7768735816978984,3.7335959374615046,-0.9567223557636453,0.9914580900861667,0.08727888217473695,1.7099296535465356
298,2.8252718401096923,3.797439546489708,-0.9721677063799916,0.9452104385435967,0.08256028710965382,1.7360200631882112
299,2.825315804638833,3.7546960968352265,-0.9293802921964698,1.1140374997599525,0.09836625432135297,1.652826130899108
300,2.7678994034863105,3.7025735380288993,-0.9346741345426608,1.1421482954706093,0.09951580258465464,1.6472055541879587
301,2.7758581924367287,3.67231222210918,-0.8964540296724408,1.0870500281625601,0.1005860534130288,1.6420190634755987
302,2.7178560895052466,3.6570327124953983,-0.9391766229902032,1.062790035846306,0.09392011156294001,1.6750719710057673
303,2.8381487035060924,3.7731493076376803,-0.9350006041315737,1.1549754063682405,0.1002795028178226,1.6435001089845216
304,2.785207818553729,3.7686643954725034,-0.9834565769187975,0.9327638652423558,0.08057205147691944,1.747376497739569
305,2.982149819104009,3.865974539380255,-0.8838247202762659,1.220991552349354,0.11082508983154721,1.5944955357788808
306,2.6473614260077762,3.6295704633319104,-0.9822090373240826,0.9353403539733394,0.08087041879538795,1.7456578766045237
307,2.601913030907738,3.5369648501699174,-0.9350518192622985,0.9928119734342222,0.08975508440082645,1.6966910565533275
308,2.83226591643627,3.7509276907509856,-0.9186617743146144,1.079339111378955,0.09739597694359839,1.6576111536419602
309,2.8900894354978415,3.8045412163495507,-0.9144517808517776,1.0829551419094852,0.09813490747208664,1.6539636064437853
310,2.663411732128409,3.644545453137574,-0.9811337210090869,0.9487651867827287,0.08187261948307473,1.7399225443186637
311,2.7884289281058297,3.7151521207176486,-0.9267231926118029,1.0643555204319475,0.09546453802695169,1.667250836490436
312,2.8906989242979786,3.8462818520209594,-0.9555829277229577,1.0635467647529402,0.09210502643261999,1.684396708833927
313,2.645903284448607,3.6139904852079776,-0.9680872007594417,0.9678780978713764,0.08449825635049715,1.7251621409252869
314,2.8056109753242278,3.7059520449156653,-0.9003410695913772,1.1612477081701216,0.10492919288735958,1.6214125412834752
315,2.8811269905657606,3.816278705902153,-0.9351517153363602,1.0522849588883152,0.0936970559248025,1.6762100521240824
316,2.7764617999184362,3.6719071223733315,-0.8954453224548615,1.1649825165625871,0.1057849660080202,1.6174324493934502
317,2.744518305861632,3.6778130495909207,-0.9332947437292205,1.0278457905200278,0.09229776206508344,1.6833995927089216
318,2.690409579001041,3.6239000042472003,-0.9334904252461911,1.0610012931185488,0.09445868778604229,1.6723329392110329
319,2.8885584438082357,3.834785327069523,-0.9462268832611471,1.0667420198562698,0.09336944793049297,1.6778855297300461
320,2.692214764451435,3.6230737838083864,-0.9308590193569444,1.0552826732290563,0.09438858084221073,1.6726887714813423
321,2.7189484371252344,3.644667931704672,-0.9257194945794254,1.0817228389773945,0.0967164682918665,1.660984955394526
322,2.872901091863653,3.849654734933932,-0.9767536430703103,0.9317798064884308,0.08118841614974287,1.7438318430358846
323,2.643038495566159,3.5794048318844456,-0.9363663363182013,1.1168112974533093,0.097715871229006,1.656029369893845
324,2.6839078105438854,3.661807230947781,-0.9778994204039009,0.8851632679022661,0.07791192240122072,1.7629322179778766
325,2.7653662103485455,3.73359197364363,-0.968225763295095,0.962454649246963,0.08412296368976956,1.7272489468985208
326,2.783155741570297,3.758648994470842,-0.9754932529004918,0.9805467392290366,0.08455457498454072,1.7248496299919924
327,2.855343024678248,3.8034262168499313,-0.9480831921717936,1.1154266335900833,0.09625768744929604,1.6632735665653233
328,2.7644818026883082,3.6863514766599272,-0.9218696739716279,1.0638182890307448,0.0959979246448278,1.664573256121107
329,2.7443532080947786,3.6931740933686377,-0.9488208852739035,1.0626113790844862,0.09280821065888414,1.680766846574508
330,2.847856129145114,3.7704254955548477,-0.9225693664096752,0.9346400063174034,0.08713907252253687,1.7106861135833167
331,2.7279154617702512,3.6493312931083115,-0.9214158313379812,1.1295573136742358,0.1003112077992997,1.6433467647243438
332,2.9002512192277687,3.828960529128078,-0.9287093099003414,0.9838535771543999,0.08985812285017795,1.6961465870391401
333,2.8438064965067293,3.7968140976237037,-0.9530076011169513,0.9880540934037332,0.08745618364070973,1.7089717437589598
334,2.883972477883233,3.818681929796601,-0.9347094519134771,1.0382586769188669,0.09282557020830726,1.6806775156585687
335,2.6836560484577627,3.6352676875495162,-0.9516116390916523,0.9651343426265511,0.08607107888829926,1.7164972061149646
336,2.8209534784493395,3.7561712770174744,-0.9352177985681465,1.0958569077375633,0.09651391938957293,1.6619942899242486
337,2.7060962485341657,3.6511370479654706,-0.94504079943124,1.028405390733358,0.09100706337744043,1.6901092091439402
338,2.8624129553448507,3.823170973968891,-0.9607580186241194,1.0439779951427335,0.0902698587928329,1.6939759205441502
339,2.77430335171455,3.71135007518178,-0.937046723467347,0.9892095905016403,0.0892896661452509,1.699156680268173
340,2.710184038964783,3.6253186007815787,-0.9151345618168989,1.0687032723857688,0.09711585812981292,1.6589996733249546
341,2.9683156261042565,3.8540112429236166,-0.8856956168193619,1.1225469140494246,0.10426855357034831,1.6245027517880413
342,2.8591110376372195,3.804372822005788,-0.9452617843686539,1.0461357713140682,0.092142936817661,1.6842004474649523
343,2.905990987905582,3.8057402260518063,-0.899749238146228,1.2525824599892232,0.11070443989683897,1.5950348630698497
344,2.693708583647392,3.6638941984470583,-0.9701856147995613,1.0383453226644157,0.08887239812314242,1.7013760367587099
345,2.7834892322092197,3.6942339009374723,-0.9107446687282845,1.173410116349402,0.10439855037545266,1.6238934516778054
346,2.82008716460173,3.811046483002212,-0.9909593184005416,0.9702276898734616,0.0822752110898875,1.7376346456164014
347,2.6615351650466006,3.5662827982784644,-0.9047476332318638,1.1549632205412848,0.103977030708373,1.6258713278578596
348,2.9531899625375924,3.8444974829060024,-0.8913075203685139,1.203753410920712,0.10877070157892885,1.6037430536741268
349,2.919638888165721,3.8489193764773897,-0.9292804883118606,1.1769822655520585,0.10233936690039167,1.6336166624733217
350,2.6533120845839018,3.58099724866536,-0.9276851640813675,1.0652079945539994,0.0954080767448191,1.6675349705095766
351,2.5497359227935728,3.509417210331143,-0.9596812875375917,0.9938636526768738,0.0871176376184233,1.7108021767685815
352,2.819892976125018,3.760576065081136,-0.9406830889561206,1.0994655517192937,0.09610669149616492,1.6640287131665659
353,2.8953996381582807,3.821008373602718,-0.9256087354444844,1.112822841828557,0.09873776210054583,1.65100398055019
354,2.834949227950872,3.83355297423353,-0.9986037462826971,0.9548389746553299,0.0804977931538638,1.7478050351101524
355,2.856636101661777,3.792327025849987,-0.9356909241881795,1.1073959420348793,0.09719644415936574,1.6585998890848177
356,2.7018673988330444,3.6654253715106004,-0.9635579726775632,0.8994400020659297,0.08033756524875715,1.7487307893820891
357,2.7769020954602435,3.712382808358425,-0.9354807128980838,1.0659430324128503,0.09455082092133531,1.671865633345489
358,2.770551367643477,3.6986553600058145,-0.9281039923622529,1.0516969348935818,0.09447187674746148,1.6722660214544378
359,2.813720387913761,3.748092156381071,-0.9343717684672583,0.9378124748281316,0.08606804164271636,1.7165138150031174
360,3.0872758874628086,3.979776242244706,-0.892500354781987,1.1959159840096423,0.10812372294432068,1.6066839192328028
361,2.574635271195191,3.5114468771483938,-0.9368116059532667,1.0917171515125903,0.09606203070201266,1.6642522484227285
362,2.8325640000014825,3.769732010932923,-0.9371680109314866,0.9227247221833446,0.08471658621423436,1.7239515710942592
363,2.921552023406164,3.852290232911917,-0.9307382095057619,0.9766026935594243,0.08913689040411807,1.699968289288834
364,2.8701203898709333,3.8126146117553357,-0.9424942218843171,0.96080263438919,0.08676472989532949,1.7127163816081474
365,2.91262852389714,3.863878920363938,-0.9512503964667758,1.0888281973390557,0.09421032721375935,1.6735944642516551
366,2.79749120890672,3.735166827388484,-0.937675618481876,0.9616820818472864,0.08735099053840684,1.7095398831386501
367,2.88802012194931,3.829683986492887,-0.9416638645435569,1.0482963375661598,0.09269182997736411,1.6813660793365195
368,2.893864545311501,3.848849364135561,-0.954984818824073,1.1229248730567285,0.09592886744046479,1.6649192484472117
369,2.7426449593019266,3.73411848049131,-0.9914735211895049,0.9868312289120555,0.08329846695439756,1.7318601414836154
370,2.865831641863863,3.8546115657342823,-0.9887799238704247,0.9030392029962835,0.078048188147021,1.7621249531359378
371,2.771985224688549,3.6990906569780697,-0.9271054322895225,1.0572818550374519,0.0949555161639937,1.669817301635638
372,2.843869113341,3.7780689804068976,-0.9341998670658995,1.0570788765990375,0.09412040850493052,1.6740518555920707
373,2.8075234189838763,3.7294785064802425,-0.9219550874963716,1.0389461551440302,0.09434085839540984,1.6729311110134428
374,2.994405401698216,3.8595992223231748,-0.8651938206249952,1.2375107624514663,0.11433729891260809,1.5789945858312757
375,2.7416678374635945,3.6849173760339577,-0.9432495385703987,0.9809991099596278,0.08805035743799483,1.7057729707393345
376,2.5467169614638148,3.4714551729306335,-0.9247382114668881,1.126781217734108,0.0997339306359368,1.6461448978269917
377,2.727407811610831,3.6974037665973785,-0.9699959549865298,0.9787842737824004,0.08501853257302942,1.7222815261369682
378,2.737683457150481,3.653142103927818,-0.9154586467773242,1.0801120220905227,0.0978280811674824,1.655475504899382
379,2.8213434647511373,3.7896190360875432,-0.9682755713363349,0.9768968391578443,0.08507606385037578,1.721963868753756
380,2.7086389877725447,3.6521493626724806,-0.9435103748999154,1.031310066077575,0.09136998714173428,1.688214883711947
381,2.7214787010846773,3.638251130454076,-0.9167724293693027,1.0847048771587566,0.09797214634231476,1.6547651471162326
382,2.7045757301793425,3.62595933082356,-0.9213836006442762,1.1706173022725594,0.10290828720003307,1.6309148531376636
383,2.878628824284149,3.816616113545346,-0.9379872892610592,1.0341532635892192,0.09218148769330434,1.684000936791792
384,2.8229599002792862,3.8096899390378716,-0.9867300387584237,1.0077728541663178,0.08514040778664106,1.7216088011753625
385,2.8201009903851424,3.728243451960339,-0.908142461575153,1.0367778816295097,0.09581509128528921,1.6654897279780916
386,2.895158555747187,3.846956239459223,-0.9517976837120159,1.0651069137647613,0.09263187533798327,1.681675015692264
387,2.9345794917630452,3.8562259524459956,-0.9216464606830641,1.1292601124144892,0.10026439513672555,1.643573192366612
388,2.9132856645262133,3.832961389290309,-0.9196757247641472,1.1737434450945017,0.10331369208626566,1.628996820253565
389,2.775716954236557,3.6779827800506513,-0.9022658258140837,1.250471547237357,0.11024993078665031,1.5970707795339947
390,2.8301074508359103,3.7145358351631113,-0.8844283843271796,1.2302437722843094,0.11132430625401407,1.5922688620161753
391,2.977564270885821,3.859465842407444,-0.8819015715215528,1.1727016469403269,0.10801131199966472,1.607196306593927
392,2.7115254210430773,3.6724324416821523,-0.9609070206391834,0.9574870898410122,0.084563310317714,1.7248011728968407
393,2.6823168705092963,3.6202478199735917,-0.9379309494643167,1.083508948310015,0.09540406520445498,1.6675551631847976
394,2.900451553856399,3.8386251459828142,-0.938173592126418,1.0901251856151195,0.09580119922847091,1.6655594206121098
395,2.8311088997135836,3.786043641189076,-0.9549347414755402,0.9619510939651112,0.08549963552722369,1.7196304608503774
396,2.8158866219072958,3.745485975729998,-0.9295993538227094,1.1125328663693963,0.09824409918886451,1.6534264710572766
397,2.8018725481582147,3.7509325505254787,-0.9490600023673323,1.0867090877352257,0.09432604492253144,1.6730063553500394
398,2.852098673853859,3.812768028221338,-0.9606693543673828,1.0055884739360592,0.08778263401719645,1.7072121151012152
399,2.8258340204074126,3.7980203456000408,-0.9721863251926379,0.9210082266891892,0.08092934738952073,1.7453190519350796
400,2.7532048259093496,3.702379722028837,-0.9491748961195299,1.016363767384297,0.08975320327283667,1.6967010013717256
401,2.6372712581965767,3.6076709667161615,-0.9703997085194942,1.0073825760493222,0.08684914731366754,1.7122579224469072
402,2.975299565547132,3.9407316617218204,-0.9654320961745952,1.1420769189481348,0.09591183395060365,1.6650046207625557
403,2.8510815179869975,3.7537944641508516,-0.9027129461638879,1.1326165733830449,0.10279608656311656,1.6314467530883199
404,2.6765304432728523,3.65854011035587,-0.9820096670829344,0.9731063379882441,0.0833859925829419,1.7313688844939192
405,2.853795994768873,3.8148812043421043,-0.9610852095731843,1.0610598236077438,0.0913298925784865,1.688423864693233
406,2.7662564339089637,3.6912856123132607,-0.9250291784043156,1.0415424157231066,0.09415673399341551,1.6738670358246572
407,2.6612571082572027,3.601402820547072,-0.9401457122899046,0.9975760522838701,0.08950745415133568,1.6980016302108871
408,2.906108392907711,3.8653879129063182,-0.9592795199986313,1.0254150447121053,0.08923053070248362,1.699470699837468
409,2.804708856972368,3.7426554747867686,-0.9379466178143048,1.0679635753029735,0.09439750647795059,1.672643457080838
410,2.6196827214512974,3.549711013037354,-0.9300282915860407,1.0221455879560921,0.09229067401500071,1.6834362330396555
411,2.655809447323193,3.5802380965696705,-0.924428649246579,1.0164917100643942,0.09255236378202575,1.6820849733443917
412,2.736328983190631,3.68231463699635,-0.9459856538056783,0.9726914315615123,0.08719062221600425,1.7104070827072126
413,2.703921497037484,3.6768470645205604,-0.9729255674830029,0.9764738755702127,0.08455695784087479,1.724836411285512
414,2.7923077753523127,3.750509510395142,-0.958201735042735,0.903021109802618,0.08113456044398792,1.7441406893374753
415,2.7943473799259233,3.725624768677243,-0.9312773887513686,1.072778269652861,0.09548326970558664,1.6671566014956127
416,3.0078251437664245,3.9210298157586627,-0.9132046719922755,1.1170327873701866,0.10050250149075167,1.6424223728908127
417,2.784787088996111,3.670347002656729,-0.8855599136605861,1.1730066607350838,0.10755946283871458,1.609260177377272
418,2.829750342337277,3.733707093514409,-0.9039567511770201,1.1016912484886332,0.10063212022855884,1.6417968107717125
419,2.8651229056467424,3.771431373428164,-0.9063084677815141,1.0670881297029988,0.0980634364258791,1.654315445044076
420,2.6599841097274317,3.5762071169850347,-0.9162230072577131,1.125453574392128,0.1006777244282734,1.6415768698436854
421,2.8039823109554187,3.7164973085345774,-0.912514997579251,1.119581902806569,0.10075088199922871,1.6412242096987337
422,2.851560322603816,3.7646794088320763,-0.913119086228221,1.1057785143416103,0.09978435286575937,1.6458999810591601
423,2.950845084990035,3.860791892523737,-0.909946807533629,1.2346593826500425,0.10829905757190655,1.6058855565802759
424,2.7291463678861443,3.6922339224211025,-0.9630875545349227,0.9962643876622803,0.08690815749240481,1.7119376600283351
425,2.6172643403589997,3.582215907372706,-0.9649515670137134,1.0138918175142622,0.08786079299299161,1.7067916069267917
426,2.9544846865079104,3.866037130103504,-0.9115524435956104,1.188326293443414,0.1052328794325856,1.6199971951180978
427,2.6325181369772532,3.602248042756823,-0.969729905779559,0.9018263819159591,0.07987333800334828,1.751421466459411
428,2.7761826804515546,3.7248807645684816,-0.948698084116927,1.1170149240697982,0.09628623004874892,1.6631309285730103
429,2.6428029178350267,3.5852300608792764,-0.9424271430441422,1.0590321374795597,0.09330391043502463,1.678221272526938
430,2.5738021774628375,3.5446682259156552,-0.9708660484528764,0.9521365301957392,0.08315852818389016,1.7326464482570882
431,2.6874038361124373,3.6177593814045017,-0.9303555452920591,1.0433100890376894,0.09365842960901227,1.6764073531441948
432,2.606308499881336,3.5203784456476757,-0.9140699457663004,1.0612894524445957,0.0967518152592548,1.6608089889489084
433,2.991063012851057,3.901647324422983,-0.9105843115719381,1.0812068457188044,0.0984838104711647,1.6522489547040293
434,2.5168024440202568,3.4548618576156147,-0.938059413595397,1.0128371300003742,0.09076045556939424,1.6913998781084247
435,2.7981347220824797,3.71692331030243,-0.9187885882198543,1.0706865001136676,0.09681316512311833,1.6605036953169268
436,2.825363989015457,3.7054351770052913,-0.8800711879897563,1.1708942433191112,0.10813167760865781,1.6066476765570998
437,3.019094535358661,3.940776042374415,-0.9216815070157054,1.13664399882381,0.10073022131983123,1.6413237849713573
438,2.740000734582693,3.699438339604423,-0.9594376050217761,1.0073451444474977,0.08803194053952577,1.705871857468406
439,2.6235940738537944,3.5897649850172813,-0.9661709111634309,1.028912820265976,0.08870287124408628,1.7022801116288138
440,2.8269140708494684,3.7656245771250387,-0.9387105062755836,1.028520856427704,0.0917277232039386,1.6863535462847452
441,2.735138145411454,3.649628743187566,-0.9144905977759663,1.0649546967304913,0.09694464038324636,1.6598499593377527
442,2.9057466112759154,3.8540898842917746,-0.9483432730158938,0.9668095299289869,0.08653720814411588,1.713953816218949
443,2.7490706686755426,3.676774625799433,-0.9277039571237538,1.1070558738789282,0.09811845147632137,1.6540445980913074
444,2.8470601401501905,3.772543334882226,-0.9254831947320099,1.1325779934086568,0.10001301555321016,1.6447905310237079
445,2.7440615854993236,3.681976179663017,-0.9379145941637717,1.1197197879361573,0.0977177237739314,1.6560202216608635
446,2.8997428973660386,3.8349913654689938,-0.9352484681029409,1.0638045862243102,0.09443843132529642,1.6724357304191666
447,2.778315207056792,3.6692810578107866,-0.8909658507539007,1.1458928766079581,0.10512459451552447,1.6205014899978138
448,2.625164694399771,3.5369363642647937,-0.9117716698649474,1.104213117881965,0.09984575881777934,1.6456018461348998
449,2.7690514211584083,3.7209010653939303,-0.9518496442356081,1.0516966685951268,0.09176149507361255,1.6861781293216895
450,2.644773856663462,3.625017679855327,-0.9802438231919268,0.8994761119901518,0.07865518637918639,1.7585428555110372
451,2.765360279111476,3.6908389400216826,-0.9254786609102439,1.043649276688592,0.09424439054651845,1.6734212850036534
452,2.7647371466161554,3.7097551344685047,-0.9450179878523386,1.0516537278913511,0.09252977265476015,1.6822015036670375
453,2.7142761998860148,3.667076041767588,-0.9527998418816424,0.9804281962684116,0.08696975919574289,1.711603520003272
454,2.828912623980457,3.7574658356366606,-0.9285532116562081,1.0726996464995542,0.09579616540903191,1.6655846758987158
455,2.8209028511483463,3.767196202820672,-0.9462933516722387,1.06647576147901,0.09334470101771795,1.678012283750702
456,2.8449305749674774,3.757662055264667,-0.9127314802971114,1.1362883279814169,0.10179768047533401,1.636200267537535
457,2.7825493236641274,3.67987380510255,-0.8973244814384316,1.107112597948967,0.10180271945004674,1.6361761834840918
458,2.8102439027732795,3.724066702369272,-0.9138227995960051,1.144078695673155,0.10216115447851061,1.634465453157503
459,3.1630642699371516,4.081832425770917,-0.9187681558337317,1.1380261795085826,0.10117171090849585,1.6391995338017809
460,2.6336103407157476,3.626370243901292,-0.9927599031855152,0.9253014339809689,0.07914093856118275,1.7556924389074056
461,2.7034913300846735,3.6312316288878566,-0.9277402988033145,1.0866199365759308,0.09679637492339226,1.660587232541649
462,2.8336075558563176,3.767333330679947,-0.9337257748236425,1.0560037735028924,0.09410471995239367,1.6741316947668996
463,2.901346840319959,3.848102756370571,-0.9467559160506198,1.1146437301426069,0.0963625372620064,1.6627497590923082
464,2.6645866444827813,3.6002656300133826,-0.9356789855305578,1.0783098791943944,0.0953300100422494,1.6679280528710592
465,2.4832382401795736,3.3985602388591416,-0.9153219986794738,1.097820338539602,0.09900147184788166,1.6497138707872543
466,2.866999719770049,3.801935391081875,-0.934935671311905,1.0359153282055322,0.09264505465560932,1.6816070910816423
467,2.7599106820293424,3.721163862236043,-0.9612531802067679,0.9386472442657818,0.08325584055229832,1.7320995430326884
468,2.8351576978810296,3.8310446299944316,-0.9958869321134216,0.9874469822419061,0.08288370452544616,1.7341937895727848
469,2.843343781810361,3.787219528069674,-0.943875746259323,1.0199128167583589,0.09057775534662127,1.6923578946525195
470,2.6561908309284514,3.5882045978120654,-0.9320137668836423,1.0246763459094717,0.09223299234072059,1.683734491581826
471,2.937795814545623,3.8745895604440093,-0.9367937458983988,1.022358855223594,0.0915363799405435,1.6873483976884227
472,2.9012529694658293,3.8791956087320876,-0.9779426392663026,1.0018509114646097,0.0856854765657166,1.7186096323706512
473,2.656580057637441,3.561466918682061,-0.9048868610445879,1.1405026851396578,0.10303441399795511,1.630317484977491
474,2.8193522054890106,3.770041717927064,-0.950689512438089,0.9692503151598957,0.08644800673262469,1.714439677639589
475,2.698778967205683,3.646741232927837,-0.9479622657221398,1.135586918557452,0.09753475389099271,1.6569244330260007
476,2.762704150081006,3.727204170327894,-0.9645000202469873,0.9690201281471573,0.08495369271586584,1.7226397460777754
477,2.8994183588827833,3.8634775009812583,-0.9640591420984492,0.9585516322597942,0.08430136694551688,1.726256002374683
478,2.881243441049562,3.8709872505958134,-0.9897438095462121,0.9234409948263624,0.0793181916100534,1.7546558530451695
479,2.8659043994322952,3.7983260966522905,-0.9324216972199793,1.0996672358592454,0.09708657872184137,1.659144993051239
480,2.750804869139372,3.677273455886215,-0.9264685867468643,1.1541454399391051,0.10125591811970057,1.6387952051300678
481,2.824450657571972,3.770886773066407,-0.9464361154944072,1.064222685560841,0.09318305239013615,1.6788409141684522
482,2.6743770858260656,3.6382442132561343,-0.963867127430035,1.0355305152020975,0.0893823701796838,1.698664742545127
483,2.887215262055818,3.7997732193510134,-0.912557957295121,1.152611907005911,0.10285928668743866,1.6311470889115347
484,2.684095428611115,3.600611404127713,-0.9165159755165178,1.0795530449141069,0.0976653180072557,1.6562790652056096
485,2.774412175265254,3.6963663169155514,-0.9219541416503034,1.051080191261848,0.09514700162441272,1.668850550560587
486,2.673317076065089,3.6042950989812907,-0.9309780229161788,1.087594232753938,0.09647885521408843,1.6621691925116355
487,2.909061794368952,3.8367189614549457,-0.9276571670858402,1.0668015652536629,0.09551565303346264,1.666993722939669
488,2.5370783703993562,3.5281489623480087,-0.9910705919486418,0.959800700255196,0.08158365814892661,1.7415703224674217
489,2.6127668132671285,3.567649805132699,-0.954882991865702,1.062090894641509,0.09209030597488967,1.6844729338645414
490,2.7696653329245033,3.7101778908725147,-0.9405125579479545,1.1557813505933763,0.09967105566033156,1.6464504399324036
491,2.934254067331906,3.871844569763288,-0.9375905024313624,1.0746962563762354,0.0948747579129428,1.6702254934558243
492,2.7277174844388834,3.689485624555697,-0.9617681401168738,1.0183070613819059,0.08849492824539341,1.7033909604254591
493,2.864050142274962,3.8056289292727894,-0.9415787869978658,1.0744278152376232,0.09439735268862134,1.672644237822055
494,2.715840661571931,3.649519648710736,-0.9336789871389328,1.014950993454274,0.09139544880523326,1.688082210634397
495,2.7666909620549656,3.7183191038328807,-0.95162814177786,1.0546940929230235,0.09198013050512557,1.6850437521611308
496,2.791383069960673,3.730071945804387,-0.9386888758436953,1.0872380216141222,0.09555592428150343,1.666791232154198
497,2.798462789295129,3.731387192819844,-0.9329244035246802,1.0586782065111127,0.09437224957078555,1.6727716923139557
498,2.71247061946606,3.687960710524639,-0.975490091058532,1.056120591518318,0.08942676623265877,1.6984292985888936
499,2.7672032440463705,3.732206181296712,-0.9650029372503468,1.005990139268987,0.08733945943178913,1.7096021952760287
500,2.905089391736467,3.8153999634889053,-0.9103105717523476,1.1837888550197653,0.105104366189085,1.6205957412564935
501,2.809708786791887,3.7417538174816074,-0.9320450306896646,1.080978231690577,0.09592597180046328,1.6649337606177275
502,2.923774564123803,3.839203669923347,-0.9154291057996033,1.0608666827669326,0.09656273324850664,1.6617508875668017
503,2.7495907303611626,3.664893209070781,-0.9153024787094637,1.0305835863436752,0.09455628333216015,1.6718379390684874
504,2.8355403252404154,3.7868363528461475,-0.9512960276058493,1.0705457571847603,0.09303781413953792,1.679586407412137
505,2.8352433078258197,3.7593842055412865,-0.9241408977153469,1.0669659974646242,0.09593804724702507,1.6648732440381802
506,2.9007263026985153,3.8416954351282855,-0.9409691324297,1.01375075444213,0.09049480844309034,1.6927933525630565
507,2.8256118900964817,3.737461140378469,-0.9118492502818754,1.1638062784214391,0.10365579592858604,1.6273829239047102
508,2.688040966028964,3.632308792188087,-0.9442678261591482,1.0899252599630458,0.09508223879240746,1.6691773435730561
509,2.7586051013368684,3.6819298314981643,-0.9233247301613119,1.0754885000270085,0.09659216314004608,1.6616041877630316
510,2.758743732851897,3.716484998282658,-0.9577412654307409,0.9815564486022386,0.08651094205134648,1.714096840100884
511,2.7968065221874236,3.716344367031344,-0.9195378448439442,1.116314643074631,0.0996899382791917,1.6463586633485
512,2.9390870153483344,3.7987499001459955,-0.8596628847976717,1.1617393488319083,0.11020777125810703,1.597259963647052
513,2.704189461054241,3.6653834034431783,-0.9611939423889453,0.9674696500611661,0.08520161199329271,1.7212712607922722
514,2.8481375207290536,3.801917098188142,-0.953779577459045,1.0482097035001936,0.0913195770125401,1.6884776434394966
515,2.8537255850673797,3.7836509389883664,-0.9299253539210213,1.0796832036837962,0.09608991091793524,1.6641126932076635
516,2.916493062235943,3.840289531158906,-0.9237964689230012,0.9644067038588744,0.08907492366952735,1.7002978020996737
517,2.815120634517441,3.756569965413074,-0.9414493308955798,1.1184383300137546,0.0972213350647862,1.6584764598144814
518,2.792638126706222,3.7387116589778766,-0.9460735322716118,1.0067338690054992,0.08946003326807299,1.6982529364294214
519,2.751234907375149,3.652614359783039,-0.9013794524078094,1.0672940863098204,0.09867130938017975,1.6513295116102034
520,2.544523205713588,3.4697810185635585,-0.9252578128499636,1.129956403455902,0.0998735536093543,1.645466946409756
521,2.7989256850505195,3.735754382178438,-0.9368286971280213,1.1520500152036803,0.09987819783866074,1.6454444089458782
522,2.8373540884208093,3.807631282098398,-0.9702771936775889,0.9999931005324751,0.08638063031229182,1.7148069313763334
523,2.4705430090563847,3.4167427075714474,-0.9461996985151018,0.903213356698993,0.08239613355492956,1.7369492251271028
524,2.784390780566198,3.758617866744261,-0.9742270861780753,0.9843887004108374,0.08493995302083047,1.7227156819878893
525,2.841125099751778,3.7964024871518567,-0.9552773874000877,1.0799648575549297,0.09318830692916656,1.6788139606345949
526,2.753748833496345,3.6574665212025983,-0.903717687706262,1.1445875776264416,0.10344169122435633,1.6283924796276905
527,2.6945495704269002,3.648949222093408,-0.9543996516664492,1.0319463430714906,0.09019475314403695,1.6943712815192562
528,2.6357613355896343,3.55712516673128,-0.9213638311416616,1.1054135810071712,0.09876865334598585,1.6508527135665358
529,2.960673695523567,3.9163100500745602,-0.9556363545510749,0.941049932041826,0.08401031667895874,1.7278767880443195
530,2.930526849100104,3.8795897072990946,-0.9490628581989995,0.9294447307100038,0.08391267881294742,1.7284215268765573
531,2.6632517639013282,3.592969782358002,-0.9297180184566969,1.05526723758374,0.0945196886896805,1.6720234974138264
532,2.628169274474501,3.570021149125034,-0.9418518746505242,1.0547711353461098,0.09309254182050168,1.679305386176332
533,2.7583490235316073,3.6887009934203445,-0.9303519698887612,1.0996817307732598,0.09733141483979701,1.6579308978551255
534,2.710838045631888,3.6983237191284393,-0.9874856734966215,0.8888124613427706,0.07721442175881707,1.767082446639205
535,2.7844946524767944,3.702398929078711,-0.9179042766019165,1.1000082870068306,0.09883346582824705,1.6505354651719903
536,2.751813682740774,3.6631970146402026,-0.9113833318995148,1.2048007730012538,0.10627898166949143,1.6151464604158403
537,2.77353444696196,3.7227364302624886,-0.9492019833005543,1.049949685520844,0.09194623894797564,1.6852194545413786
538,2.5946023105364726,3.5936301345617454,-0.9990278240252337,0.9091129720293534,0.07744674914559495,1.7656966855930964
539,2.8024643699806826,3.7349738824519982,-0.9325095124712561,1.1014439940501284,0.09719019704597774,1.658630871300166
540,2.907893309382828,3.8423070332341394,-0.9344137238512076,1.05566592239137,0.09400332406905541,1.6746479568084591
541,2.9736467810015053,3.9330157784323636,-0.959368997430829,0.9723180749428291,0.08572026217709913,1.7184187531834205
542,2.8859468763998417,3.7680291294177715,-0.8820822530178702,1.212195071596505,0.11050046221376396,1.595947737316457
543,2.706653467653339,3.634772610090035,-0.9281191424366853,1.0477359204415875,0.09420887319433024,1.673601857657466
544,2.837614982813036,3.765477827773656,-0.927862844960714,1.0939779415471347,0.09725785831342804,1.6582953936890914
545,2.782208055247977,3.719693024736386,-0.9374849694884233,1.1009986987103124,0.0965777505889475,1.6616760258436043
546,2.6107591326039734,3.5878514239904624,-0.9770922913863842,0.9675086316026698,0.08352963402479606,1.7305635694615271
547,2.83846522485301,3.7653609812168294,-0.9268957563638196,1.0197054542902575,0.09248545637133382,1.6824301638106316
548,3.1052981788565854,3.9871576804097013,-0.8818595015530946,1.2542521954064159,0.11315293188068791,1.5841792587058041
549,2.7590928542133066,3.6508029540040865,-0.8917100997906573,1.1430701601705455,0.10484791107938264,1.621791910705994
550,2.907693242604594,3.836660601680712,-0.9289673590760685,1.0370247497282823,0.09340223705322719,1.6777176249130448
551,2.783260928297366,3.6714499217921417,-0.8881889934947367,1.1546518362941334,0.10604283085547658,1.6162381618840689
552,2.8960219410607375,3.8306189822652486,-0.9345970412044835,1.133030523105537,0.09895133369294759,1.649958943199491
553,2.68006534941567,3.6604270947961086,-0.9803617453804918,1.0690096248646035,0.08970758447545947,1.6969422222434591
554,2.6380525280763574,3.553833397246185,-0.9157808691699074,1.1119559467362097,0.09986247172328036,1.6455207278390171
555,2.8911879361853177,3.8106938404082693,-0.9195059042228877,1.0728296173637606,0.0968690734563079,1.660225614943988
556,2.727914031690673,3.6806291950163383,-0.9527151633255926,1.0651732631130753,0.09253248016591233,1.6821875364858994
557,2.661642806930629,3.6170784331998163,-0.9554356262691499,1.0833448150398963,0.09338529587029823,1.6778043705264933
558,2.748143360131919,3.685685339528454,-0.937541979396542,1.1212495592173397,0.09785844969621513,1.6553256940107135
559,2.914227623294735,3.852112339389899,-0.9378847160951409,1.126037469182332,0.09812053179736045,1.6540343587542372
560,2.8262696134765544,3.7649930566544616,-0.9387234431779916,1.0787255077458104,0.09500395798253468,1.6695725863558843
561,2.658914708107161,3.6167768817156962,-0.9578621736085324,0.9400890419844838,0.08371003029564869,1.7295537784072719
562,2.8402207599389864,3.809487023109028,-0.9692662631699704,1.0135394514975542,0.08737126827950888,1.7094303217743927
563,2.8137270199443516,3.7320733768572247,-0.918346356912707,1.137288611128842,0.10117606553420408,1.639178618094374
564,3.0556545521461227,3.992265853916989,-0.9366113017709949,1.1324494749385001,0.09867547723204882,1.6513090894655862
565,2.740874328179373,3.688537399124822,-0.9476630709455094,1.0933532147065768,0.09490951542093909,1.6700497778490562
566,2.8288471730424614,3.74819163615297,-0.9193444631105194,1.1324859160881742,0.10074873193045349,1.641234571314005
567,2.8492096466922727,3.7584064602587044,-0.9091968135664956,1.2767625585469968,0.11094587829929764,1.5939560534166635
568,2.738689878629955,3.6962689758222544,-0.9575790971923652,0.9860177846608529,0.08682510077354945,1.7123884791772352
569,2.9190087540205947,3.8507747332395525,-0.9317659792189943,1.1719908431048085,0.10172791453982996,1.6365338151938083
570,2.683878577801195,3.6180021465696943,-0.9341235687685412,1.1358577127204967,0.09918587382136163,1.6488133758365808
571,2.8253388578960563,3.735036666421841,-0.9096978085257206,1.064419968996617,0.09748003775922051,1.6571950957427797
572,2.7412519608465824,3.7125941433395924,-0.9713421824931174,0.9356351315172904,0.08200319373394899,1.7391795025756893
573,2.781570452001986,3.7045323014122737,-0.9229618494101715,1.0752500422430191,0.09661936108545978,1.6614686453751248
574,2.802442823687627,3.748830780864498,-0.9463879571769667,1.073618075652765,0.09379378185999303,1.6757162676375108
575,2.7189522448355343,3.6793129847066663,-0.9603607398712484,1.0005784753287248,0.08748683314118261,1.7088063120343218
576,2.9522671689956748,3.8928615304784286,-0.9405943614827947,1.0217927542605705,0.0910702156313227,1.689779142184345
577,2.8573389173565853,3.7841220110553873,-0.9267830936987593,1.1678632693660482,0.10207631490283423,1.6348699414163526
578,2.7819945984312677,3.7220192119231945,-0.940024613492028,1.0487785939417322,0.09290995510040155,1.6802434683852325
579,2.786884552823224,3.7168653208382403,-0.9299807680150707,1.0913364411819881,0.09683767645770802,1.6603817634979994
580,2.8397750442171197,3.7374648552216487,-0.8976898110045113,1.2155710930702122,0.10868847140378314,1.6041160649644266
581,2.772320420141639,3.7001499506986355,-0.9278295305571191,1.1628309498806246,0.10163495050454775,1.6369785550171394
582,2.815142648886606,3.709958996885869,-0.8948163479992672,1.0859906460553677,0.1007168763982141,1.641388110201435
583,2.790522586701584,3.754778123130085,-0.9642555364284817,1.0946319942416434,0.0931010717360343,1.679261597846713
584,2.8453630543912847,3.7372444173086783,-0.8918813629173883,1.1541102825758012,0.10553903457637286,1.618573621229656
585,2.8228521497082535,3.763462676758445,-0.9406105270502394,1.1363213552293878,0.09844525710841773,1.652438183020916
586,2.839479670032986,3.752543896761271,-0.9130642267282383,1.1665810617496326,0.10368039848145125,1.627267023081978
587,2.6686434813967277,3.6690185584549115,-1.0003750770581519,0.9926072694493921,0.08275438065405306,1.7349233614722288
588,2.868063049084483,3.765983817763295,-0.8979207686788868,1.1164197982420707,0.1023382784277122,1.6336218430831995
589,2.9170850013160385,3.8163248214684127,-0.8992398201523883,1.1594282244444736,0.104951460674507,1.6213086507736232
590,2.806713550320367,3.7234972705358476,-0.9167837202155624,1.1353672461265403,0.10124381403124615,1.6388533075380405
591,2.6411642988543487,3.6081165253478864,-0.966952226493504,1.0539039459738868,0.09022236529620041,1.6942258985862333
592,2.861332252814534,3.807747573947323,-0.9464153211328039,1.0416622477224746,0.09172098061121808,1.6863885746986143
593,2.9392203223292905,3.874958204384575,-0.935737882055264,1.0455666842473834,0.0931891053146958,1.6788098653656425
594,2.8286093981194678,3.7889525767165266,-0.9603431785970997,1.0808092267656355,0.09266990352337912,1.681479044120007
595,2.8189741524640364,3.7390059145968197,-0.9200317621326803,1.0105796296133054,0.09265846745552764,1.681537971096486
596,2.7693816724195837,3.685952759918678,-0.9165710874990509,1.1361335123587777,0.10131861792078391,1.6384943201846618
597,2.8119566023176072,3.7370505783732475,-0.9250939760556776,1.0917833264532262,0.09744340982250609,1.6573763499636982
598,2.627990712161434,3.592892944141711,-0.9649022319802043,1.075634590636373,0.09183110050595321,1.6858167501872192
599,2.8456010249712587,3.7566916154692307,-0.9110905904979063,1.151051748566298,0.10294117248232591,1.6307590441002258
600,2.8875954760289484,3.8144017570997373,-0.9268062810706397,1.0514992881691378,0.09460943318568661,1.6715685376431586
601,2.9133801148162344,3.8249381993001266,-0.9115580844839997,1.0990050765676658,0.0995324764796585,1.6471244112784265
602,2.9134217085871366,3.8599840708504876,-0.9465623622634212,1.068617300330653,0.0934520846781119,1.677462458387932
603,2.7631066489822866,3.6951548301714934,-0.9320481811892023,0.9857478048624255,0.08961291398069951,1.6974431316255159
604,2.65661645182395,3.5543048097649934,-0.8976883579409787,1.2049899656549776,0.10802843170010396,1.6071182449766712
605,2.7140899446715845,3.698676698759822,-0.9845867540881272,0.847188085272117,0.07463986506229818,1.7826710592784583
606,2.8145605056112823,3.785334595285057,-0.970774089673796,0.9738127569717183,0.08460806155166833,1.7245529900192704
607,3.0044079997442874,3.91830596824494,-0.9138979685006916,1.091158997272176,0.09873832458008538,1.6510012258857603
608,2.694117900771246,3.698233993450162,-1.004116092678828,0.8807673257904172,0.07506175016164938,1.7800868386897952
609,2.891713617444068,3.8269407431385427,-0.9352271256943823,1.0865917652717316,0.09591718025790716,1.6649778236179709
610,2.806145593282124,3.7470668742874564,-0.9409212810054441,1.03877978165138,0.09215307744077152,1.6841479606405545
611,2.5905702574736575,3.5341070027757584,-0.9435367453020262,1.0842149936180012,0.09480115151509899,1.670597778872272
612,2.73595911761636,3.7424952908676485,-1.0065361732512201,0.9207082251869219,0.07747990417385862,1.7654992023399865
613,2.8659667048281814,3.813024102778795,-0.9470573979505161,1.0415546669917952,0.09164166330237355,1.6868007911286529
614,2.696347845947528,3.626561930137695,-0.9302140841901974,1.0928442309386264,0.09690749537323415,1.6600345840098762
615,2.876159325315896,3.841448859992536,-0.9652895346766854,0.9086591954767571,0.08079406229134604,1.746097205684842
616,2.72354725499413,3.665318484411745,-0.9417712294176681,0.9874612408440011,0.08864823395529611,1.7025717851198603
617,2.7638018924972836,3.7026449324364132,-0.9388430399391154,1.092810883251368,0.09589551392046165,1.6650864285833888
618,2.773270210648732,3.74227864589329,-0.969008435244632,1.038343788091451,0.08900070017888652,1.7006927342996199
619,2.7662475706204783,3.7310427315136514,-0.9647951608932317,0.9490897558724982,0.08358918438153834,1.730230033671756
620,2.8114856177416665,3.735412414912362,-0.9239267971706795,0.9889952408060712,0.09074759912754252,1.691467242064162
621,2.652803128249118,3.584384272171183,-0.931581143922017,1.105230485255916,0.0975422794560635,1.65688721602368
622,2.860655764683045,3.805723753820366,-0.9450679891373284,1.0733700804006874,0.09392880362304047,1.675027666017328
623,2.782091907037468,3.6968835622300857,-0.9147916551926301,1.036487207419766,0.09501260928738098,1.6695288927685974
624,2.9506055462298515,3.9201565403337377,-0.9695509941038836,0.9900716926239796,0.08580858465762238,1.7179343820777797
625,2.7115560055490984,3.6856965159539405,-0.9741405104048226,0.9199325574486985,0.080657136522358,1.7468858745915667
626,2.7583240801688613,3.734872711165377,-0.9765486309966036,1.03753956317396,0.08813038130455521,1.7053434883673986
627,2.762515837638332,3.715899913990899,-0.9533840763525632,1.0479249700604725,0.0913454191553992,1.6883429282824711
628,2.6573913204915267,3.598049037578009,-0.9406577170864239,0.9297806389629302,0.08483239092310672,1.7233104947729168
629,2.987442677437755,3.869805918484721,-0.88236324104696,1.1068118232825788,0.10364979217006566,1.6274112104893974
630,2.8100446156169734,3.738246379533965,-0.928201763917059,1.03740740530266,0.09351575493001037,1.6771366935618208
631,2.7846864749231623,3.7065276215980307,-0.9218411466748648,1.1344270966575447,0.10056995264327502,1.642096761942657
632,2.741642915207606,3.7282524236254972,-0.9866095084178141,0.8321557834589361,0.07340087790492685,1.790329989338092
633,2.710901008969088,3.6270340896156,-0.9161330806465457,1.1222261776884945,0.10048144037957245,1.6425240781249355
634,2.6606591654310274,3.627239529847715,-0.9665803644166999,0.919961387706882,0.08143337422284877,1.742429176688031
635,2.8642083102934772,3.7881361251667474,-0.9239278148731955,1.0827325449511085,0.09699359921051234,1.6596067019481828
636,2.8939963371887667,3.8759768845700013,-0.9819805473813403,1.0096917775231293,0.08576445561816723,1.718176340648717
637,2.8421246676519583,3.834589992319558,-0.9924653246677053,0.9840113201830467,0.08301413467587086,1.7334589104321627
638,2.801805819953827,3.691277502317764,-0.8894716823639328,1.2649916630352345,0.11280615815294838,1.5857053801158407
639,2.6238414835475647,3.6011047570644386,-0.9772632735168827,0.9863948950938146,0.08475130833521967,1.723759280624823
640,2.857848261084953,3.7998006046525243,-0.9419523435675501,1.1076485416368316,0.09647937966516197,1.6621665761379938
641,2.7128926021132,3.6565268068470185,-0.9436342047338258,1.0781801853576287,0.09440259788394713,1.6726176101510597
642,2.8337520690783573,3.770148924723791,-0.9363968556453983,1.1533614186409014,0.1000116257771654,1.6447972679747425
643,2.6159674181916013,3.5669594915510277,-0.9509920733594299,1.0115094280828147,0.0892320240100689,1.6994627680496657
644,2.935140333559573,3.8618009009129888,-0.9266605673533377,1.035041763908902,0.09353622260534966,1.677032009786529
645,2.86914425545531,3.8112913276362046,-0.942147072181001,1.0520272304355716,0.09288022155095478,1.680396371561601
646,2.8115770625523306,3.722410910687493,-0.9108338481352121,1.0554146940522129,0.0967454615718428,1.660840615475058
647,2.899811136457472,3.852663361329871,-0.9528522248722311,0.9868574906873948,0.08739334546974027,1.70931106124874
648,2.845105214023604,3.773956371715492,-0.9288511576918381,1.0356111965344124,0.0933218169253251,1.6781295203772606
649,2.9332408453661425,3.8653224584463026,-0.9320816130800722,1.1533293925181187,0.10052717302876345,1.6423032543153575
650,2.7572241838704055,3.660331805832605,-0.9031076219623628,1.1428406893589056,0.10340542715408244,1.6285636379853445
651,2.802067036322526,3.7482891304354458,-0.9462220941128408,1.0786969182687483,0.09413883486459967,1.6739580973184662
652,2.642124988887829,3.580950571234824,-0.938825582346908,1.0671019214552713,0.09424037302015269,1.673441707646329
653,2.7995103279684623,3.7375717334983123,-0.9380614055297656,1.0765524015192631,0.09494027142551648,1.6698943347206143
654,3.027483463460683,3.920473733367507,-0.892990269906818,1.1535518643285567,0.10536273555382596,1.6193929835004168
655,2.708035797878963,3.6597040200743858,-0.9516682221953943,1.0210170280501027,0.08978289802872937,1.6965440359092296
656,2.6188941812462896,3.578212760243536,-0.9593185789972267,0.9940072335382197,0.08716636210247454,1.7105383825283398
657,2.8722415890330946,3.7977738435791824,-0.9255322545460558,1.127101463498902,0.09965894689014808,1.6465093003791302
658,2.8647702832216306,3.7958134358032924,-0.9310431525816512,1.1340436741371855,0.09943904473397415,1.6475792334579105
659,2.68667998701251,3.633538538582736,-0.9468585515702443,1.0696482235643898,0.09348470479625857,1.6772955373755296
660,2.73283159128114,3.700795498576498,-0.9679639072953705,0.9583607772006242,0.08387757146224752,1.728617522387022
661,2.82912573195297,3.7621143075223187,-0.9329885755693113,1.0458800790151455,0.09352500248702722,1.6770893938197
662,2.706940330314367,3.6231702053466512,-0.9162298750322861,1.1413962701573237,0.10169564729403095,1.6366881449758794
663,2.702836436035866,3.6772045324213773,-0.9743680963854331,0.9852145249870703,0.08497920054697303,1.7224987969110326
664,2.8918484162976053,3.8555821281182925,-0.963733711820737,0.9700363048494749,0.08510271696638103,1.7218167631755559
665,2.8109062314367317,3.7230360765327535,-0.9121298450960467,1.11677830779611,0.10061675796421087,1.641870918120909
666,2.7914501122622393,3.7081315414322584,-0.9166814291701257,1.0699282824054825,0.09701296613181812,1.6595105023431118
667,2.833169859308057,3.769775911475296,-0.9366060521672352,1.1311622622178608,0.09859501076602575,1.6517034905534154
668,2.8558258555888894,3.819956359603147,-0.9641305040144061,1.0934157016781931,0.09303878395357147,1.6795814263583342
669,2.88602572055818,3.803508074049526,-0.917482353491323,1.094723462792965,0.09854075088440509,1.6519695868999988
670,2.601382132741676,3.56232827344147,-0.9609461406998889,1.0286572334108208,0.08925818256436858,1.699323842744522
671,2.644839913417925,3.585045562722296,-0.9402056493044029,1.118174962914711,0.09735057187084441,1.6578360048565632
672,2.744358593871041,3.683396509320827,-0.9390379154497168,1.0489803114120917,0.09303568717159552,1.679597331860442
673,2.7334624843796997,3.6914850216803594,-0.9580225373007352,0.9360653636408944,0.08341964343430706,1.731180122787017
674,2.977432891442461,3.920937365803517,-0.9435044743610206,1.0785740175707712,0.09444282142019336,1.6724134514264855
675,2.9995772599019825,3.9375947583124167,-0.9380174984104315,1.0810688711638217,0.0952368161431912,1.6683976415862316
676,2.723487747624588,3.6438081006048395,-0.920320352980184,1.0581206806490457,0.09580421007821469,1.6655443153191298
677,2.6833817840411736,3.6559431057683383,-0.9725613217270848,0.9947548957274459,0.08579489508684551,1.718009430938203
678,2.9803533612311663,3.853502602022149,-0.8731492407910082,1.2133231252830734,0.11174748217840082,1.590387517778943
679,2.8907444589812736,3.81787755308807,-0.9271330941069209,1.1014859771572514,0.09782823753047865,1.6554747334504387
680,2.50714632895945,3.4523103303521636,-0.9451640013926408,1.019009681962613,0.09037410488366589,1.6934276008401516
681,2.6813244095665847,3.615691028099769,-0.934366618533204,1.0283315834052793,0.09220797883501063,1.6838638771834302
682,2.741031003567016,3.693807757551546,-0.9527767539843808,1.0191312574348628,0.08953645792837302,1.697847977991154
683,2.8857022777356884,3.796959466143727,-0.911257188408058,1.1646786628692165,0.10378430624469165,1.6267777621829784
684,2.8668410291393935,3.8097325422287613,-0.9428915130894211,1.0861799735012885,0.09500148545095193,1.6695850745115235
685,2.601927604987466,3.516414805962739,-0.9144872009752589,1.0471156533469341,0.0957595983941071,1.6657681689730577
686,2.9140231373144867,3.827565735489259,-0.9135425981747858,1.093677402953727,0.09894552893629505,1.6499873229169617
687,2.902410055823523,3.7979230506557013,-0.8955129948321883,1.2091970555620104,0.10857054098183842,1.6046514090697563
688,2.775760138488024,3.702407476742398,-0.9266473382544973,1.0230931020614413,0.09274072002640456,1.6811142757173365
689,2.6600153610316535,3.649455869339913,-0.9894405083082347,0.9639277204621699,0.08201979671744776,1.7390850909392646
690,2.872716897976559,3.831976979656583,-0.9592600816799859,1.0812890051956519,0.09282233467586065,1.6806941644446023
691,2.7487211554543616,3.6838272525763958,-0.9351060971220022,1.0608007576484166,0.09425903703118411,1.6733468371587161
692,2.726995235849429,3.708942754018849,-0.981947518169477,0.9291999616155673,0.08048703066629527,1.74786717098945
693,2.8768969595266323,3.8439159668463208,-0.9670190073197773,0.985319570132174,0.08576578585312411,1.718169045528653
694,2.804244852761442,3.7579535504054262,-0.9537086976440605,0.9580109228470741,0.08536507787357342,1.7203707087078313
695,2.6253102198106286,3.563694237460703,-0.9383840176500371,1.0723180730412678,0.09462920441985806,1.671468353855991
696,2.697781042628392,3.66363524262334,-0.9658541999949648,0.9739667083629922,0.08513879738340566,1.7216176851765226
697,2.798950365198223,3.740340227439773,-0.9413898622416355,1.032923943251969,0.09171521455051845,1.686418531576714
698,2.904673542739331,3.790833500688754,-0.8861599579493031,1.1237528484086745,0.10428913384710926,1.6244062510415511
699,2.931966064709243,3.8681874569521644,-0.9362213922430556,1.0779695819894128,0.09524504175621816,1.6683561792714896
700,2.7100197446153085,3.681085867431317,-0.9710661228159552,1.0227608606442784,0.08777404494806554,1.7072583441231188
701,2.8624526801380195,3.762253417139917,-0.8998007370018968,1.1456796250854422,0.10400010403239941,1.6257628973876648
702,2.874116986387278,3.79631778262295,-0.9222007962356429,1.1192621347873848,0.09955858537362494,1.6469973750682039
703,2.7820150430444097,3.7116741331320413,-0.9296590900876254,1.1654139949505746,0.10157426580450239,1.6372690452991188
704,2.728870312621282,3.6934138480581757,-0.9645435354368601,1.0228436986814324,0.0884872621314698,1.7034319536368119
705,2.82332921447319,3.7358137836427905,-0.9124845691695782,1.0829497270005275,0.09837024155543335,1.6528065453881895
706,2.7693136940199135,3.749506431063358,-0.9801927370433532,0.9676497642201418,0.08321652348597003,1.7323204464905644
707,2.9333484993406524,3.8808873227366862,-0.9475388233960302,1.0184369301790621,0.09007162427315064,1.6950200134140496
708,2.871776731784919,3.8198064269044036,-0.9480296951193168,1.1413215949659223,0.09788395721344455,1.6551998916625168
709,2.7823394430966597,3.6969606209690666,-0.914621177872391,1.1160842229947263,0.1002693505394918,1.6435492196465247
710,2.6749987742751524,3.6464913162384884,-0.971492541963471,0.9389069870741755,0.0822075901321975,1.738018295248981
711,2.708326122416295,3.6335875688315613,-0.9252614464153339,1.0817417932399715,0.0967716919792316,1.6607100600254405
712,2.767732544476942,3.7027172697260116,-0.9349847252490235,1.1039022180153624,0.09705639465605645,1.6592948394675622
713,2.879245202701284,3.790772046684594,-0.9115268439833244,1.2290736549856769,0.10775642392616597,1.6083596935661326
714,2.9823912501725114,3.8786158709840204,-0.8962246208114948,1.1411441336385129,0.10415551900362613,1.625033039845319
715,2.899117213830507,3.8098063736871226,-0.910689159856588,1.179082252711418,0.10476195909990033,1.622193331458487
716,2.75687565216306,3.7440784900007684,-0.9872028378376854,1.0286360539517754,0.08642282757943984,1.7145768964875838
717,2.733163802661536,3.6782781095183483,-0.9451143068569081,1.0529578822529138,0.09260362018275377,1.68182066550208
718,2.9338074790479847,3.845320861767871,-0.9115133827198179,1.1109782157872887,0.10031632887262246,1.6433219997742958
719,2.787464948964796,3.719498058357505,-0.9320331093928189,1.0788089522298363,0.09578679921357906,1.6656316700721396
720,2.9421926636741342,3.884330848813565,-0.9421381851394699,1.1595649419969882,0.09971218892457746,1.6462505346919503
721,2.7037785114357145,3.6396122775928865,-0.9358337661572023,1.0481919258932744,0.0933504689156527,1.677982738090191
722,2.7639309332775635,3.7291915152116277,-0.965260581934217,0.9556963603727335,0.08398355766995562,1.7280260302591246
723,2.7804181457764368,3.70943430437558,-0.9290161585992109,1.1396609713458858,0.1000366689339203,1.6446758825077943
724,2.7141519870534263,3.6294682187462812,-0.9153162316928274,1.0387559894203906,0.09510319323544189,1.6690715880234734
725,3.0383944372957354,3.961264757724002,-0.9228703204281601,1.2309388874810099,0.10644166599488857,1.6143955054776014
726,2.801537808114474,3.7663902907905586,-0.9648524826761786,0.8849674518934241,0.0792053045080216,1.7553158050861692
727,2.8908690819868776,3.847472320257538,-0.9566032382706453,1.1315284727820922,0.09627740566868677,1.6631750236708394
728,2.8287952058548878,3.755040189512274,-0.9262449836573978,1.0372603327830023,0.09373167197595197,1.676033290731334
729,2.792111600780643,3.7418542407446895,-0.949742639964029,0.8658000749963359,0.07939492434377943,1.7542076998364207
730,2.729910023449818,3.6508540449933418,-0.9209440215435052,1.1048667634813836,0.09878360831331662,1.6507794962640379
731,2.7205057769147767,3.7154885732993264,-0.9949827963845337,0.9307746728903008,0.07928185484312086,1.754868198897526
732,2.6254512953724567,3.603164113702792,-0.9777128183303603,0.9853246094291281,0.08463410129362457,1.7244086268276893
733,2.7934175109415516,3.712885913864882,-0.9194684029232576,1.0721017368400492,0.09682571706076118,1.6604412525243883
734,2.7337528666112827,3.724447257925027,-0.9906943913136956,0.969959489154673,0.08228488966635335,1.737579754826412
735,2.843953888297008,3.7894231753465664,-0.9454692870496046,1.0623038523936572,0.0931691167553923,1.6789124039111476
736,2.8306101929064904,3.747436454711463,-0.9168262618049994,0.9851314200571941,0.09129016615386933,1.6886309996130837
737,2.8401570672701406,3.7985182628354432,-0.9583611955653168,1.072110016610952,0.09234007913507634,1.6831808896493057
738,2.869278129464035,3.7805368135236166,-0.9112586840595895,1.0599306705515281,0.09699559513586428,1.6595967870538342
739,2.672707916322295,3.5950272212046896,-0.9223193048824214,1.0154671433696891,0.09272552964631213,1.6811925009331599
740,2.7708441415627045,3.703864113449914,-0.9330199718872336,1.1152450295603287,0.09801160923380323,1.6545707087751935
741,2.95083588241205,3.8647783771730775,-0.913942494761045,1.1974834352284183,0.10550414954368834,1.6187356656751606
742,2.7001557024414775,3.6197273930747182,-0.9195716906332336,1.1322836522735829,0.10070827815807604,1.6414295590615484
743,2.8558791345648866,3.776482208066693,-0.9206030735017521,1.118742997494953,0.09971754782401357,1.6462244955997332
744,2.9567971856375403,3.885441239235146,-0.9286440535977363,1.0827651263873053,0.09644015189598763,1.6623623064552764
745,2.800146166814059,3.7172096874577654,-0.917063520643751,1.0702304832008982,0.09698754590706837,1.6596367731407309
746,2.7665240044284043,3.66978186908004,-0.903257864651664,1.1332394895200877,0.10276877562414703,1.631576293590925
747,2.7517965881349506,3.659705888889835,-0.907909300754909,1.155582223869563,0.10362315723990217,1.6275367161197034
748,2.8302997251335706,3.783067266515418,-0.9527675413818315,1.0470144230780123,0.09135549866806202,1.688290392062314
749,2.8708358165357164,3.8069069529491375,-0.9360711364133749,1.0316536832219843,0.09223412189548919,1.6837286494784547
750,2.8845643993029877,3.8544918839151,-0.9699274846121853,1.0499066187189625,0.08964016960132913,1.6972988762348504
751,2.802382460656602,3.729322747333286,-0.9269402866766541,1.1214384374124746,0.09912944449379286,1.6490887966628538
752,2.5779094272719045,3.5338846491247913,-0.9559752218530093,1.0040441434556466,0.08819242096871109,1.7050107422576208
753,2.825675234344501,3.7527049859650314,-0.9270297516204664,1.0884742188298802,0.09700026196251874,1.6595736049130738
754,2.79142885507845,3.71358446939993,-0.9221556143215821,1.0557560211656565,0.09543273106363846,1.6674108843171775
755,2.7770154538996645,3.728302190096319,-0.9512867361966073,1.054425338580269,0.09200119763266237,1.6849345610707915
756,2.917940478768585,3.8148814371559445,-0.896940958387404,1.2231388968860224,0.10925509559374241,1.6015502683457352
757,2.6386520154241704,3.5940818592841803,-0.9554298438599744,1.0771907752657184,0.09299439658136714,1.6798094466782914
758,2.856704744792253,3.8043422613467217,-0.9476375165544368,1.063353651503721,0.09299037280210361,1.6798301213669569
759,2.734391353599974,3.6968589222791954,-0.9624675686792443,1.0891545285178112,0.09295801792383479,1.679996390944256
760,2.54008167541572,3.495751068800295,-0.9556693933845963,1.0311419577085574,0.0900016198620843,1.6953891655669067
761,2.6866764878601113,3.6097158506213094,-0.9230393627611875,1.0910854103205971,0.09764178178574867,1.6563953518715984
762,2.77922896908133,3.7051309116194537,-0.9259019425381894,0.9862825337697791,0.09033943648480981,1.693609895210734
763,2.786731916953911,3.728167097976368,-0.9414351810224844,1.0525179045873805,0.09299327713282102,1.6798151984749403
764,2.9773012479849537,3.914385952814414,-0.9370847048294308,1.0837443218374572,0.09551749236642326,1.6669844729663836
765,2.9011904741782497,3.834392818801432,-0.9332023446231688,1.0725484484307932,0.09524430533604171,1.6683598911800772
766,2.657113193961052,3.6055603405585486,-0.9484471465974593,1.114015736021065,0.09612664921961601,1.6639288480688992
767,2.8628194847146484,3.8149253251788795,-0.9521058404642417,1.042768317936445,0.0911541923306272,1.6893405206551795
768,2.7954519978413397,3.7568698906595004,-0.96141789281819,1.0556459967283707,0.0909464262088418,1.690426304310201
769,2.840322444972528,3.751724938409065,-0.9114024934365261,1.1692149706623474,0.10405252177767173,1.6255166371485894
770,2.827955225541998,3.782944223748926,-0.9549889982068862,0.9384921999903899,0.08390465522417082,1.7284663147018802
771,2.8212999135946144,3.744918979734622,-0.9236190661400769,1.0500719406966397,0.09488594202052351,1.670168946886519
772,2.720961925260965,3.646713537013897,-0.9257516117529576,1.051726654115348,0.09474701281647809,1.6708717486826166
773,2.823128925900121,3.712369976910528,-0.8892410510104582,1.0841724606088454,0.10128344035096797,1.638663112678598
774,3.1537356837940957,4.081491767143592,-0.9277560833494363,1.1265432733226284,0.09935685407024654,1.647979616451704
775,2.93102402112477,3.878307382685986,-0.9472833615612899,1.1613527144137943,0.0992121164152185,1.6486853333187876
776,2.682042650593601,3.5963005823809264,-0.9142579317873469,1.1168581521421208,0.10036333774757539,1.643094717074488
777,2.8752791394955035,3.8218384010333852,-0.9465592615378,1.046726151614042,0.09203481431567062,1.6847603671265075
778,2.7263440629823914,3.6636904925908484,-0.9373464296085103,1.0597402568982737,0.09393193095701893,1.6750117262397217
779,2.7482872494536674,3.6757258522875484,-0.927438602833945,0.9951751696818552,0.09077050662784825,1.6913472188779715
780,2.8473569662264278,3.7780287422912084,-0.9306717760648553,1.1412096016217654,0.09993561234808421,1.6451658574667374
781,3.0307885747593697,3.9443559449178154,-0.9135673701584892,1.1356300195225666,0.10165324267038825,1.636891019731791
782,2.8330187460148433,3.744623441013293,-0.9116046949984593,1.0160309836482408,0.09400414817812003,1.6746437590179002
783,2.8919507339168855,3.771766005197492,-0.8798152712806768,1.07567157692794,0.10188415909915012,1.6357870698079287
784,2.7909721535363157,3.7569270596189246,-0.9659549060826293,1.050185505648405,0.09009463504962326,1.6948987218061475
785,2.8547071791217173,3.7582684291679906,-0.9035612500462094,1.1107292930113877,0.10127123465405304,1.6387216901718518
786,2.8806634644960947,3.8603484341114416,-0.9796849696153913,0.9709962564376031,0.08348920278788857,1.73079013068372
787,2.8509758374470517,3.8207394244251565,-0.9697635869781607,0.9535121606619759,0.08336541363030052,1.7314843508565347
788,2.8449230709654354,3.7766266982964702,-0.9317036273309895,1.1873358988381966,0.10268405919818559,1.6319782925191209
789,2.5874001158282023,3.5341737502017536,-0.9467736343734714,1.0857611159772682,0.09452774503222462,1.6719826416397465
790,2.7121193700672417,3.6649946017787047,-0.9528752317114595,0.9651922823719168,0.08593897149671992,1.7172200608326906
791,2.7473845081927517,3.682060222047872,-0.9346757138550856,1.0519526623508815,0.09372998619348963,1.6760418977000129
792,2.9131846890522435,3.827275638251041,-0.9140909491986804,1.0851188460531953,0.09831994519504365,1.6530536503069762
793,2.674733564947658,3.588316498719261,-0.9135829337716359,1.1634094085675981,0.10341618111766193,1.6285128766894694
794,2.7532025092200025,3.7398736267561588,-0.9866711175360479,1.0236039400398909,0.08615898837248057,1.7160166865319388
795,2.843342038808444,3.8350789314563847,-0.9917368926479639,0.9553602539253037,0.0812253518003805,1.743620124288952
796,2.7777200861849702,3.7159557721484773,-0.938235685963491,1.0326555035835692,0.09205451295329116,1.6846583170526956
797,2.89926848853743,3.8185598293842813,-0.9192913408469394,1.0786773170196948,0.09727788457641216,1.6581961354012213
798,2.7082962218601803,3.680135315348869,-0.9718390934885974,1.0265019684324375,0.08793172354316348,1.7064102499294773
799,2.737161270540198,3.6768967792379104,-0.9397355086977086,0.9908733406161265,0.08910304210660358,1.7001482573000255
800,2.665880134306192,3.6123172162974355,-0.9464370819912347,1.058894840887372,0.09283853151906397,1.680610826487188
801,2.7218621674725934,3.6770936448269906,-0.9552314773544595,1.06424295029141,0.09218918601340076,1.6839611040382625
802,2.6801214539793388,3.6230815982587443,-0.9429601442794819,1.0456060608196514,0.09236895026678497,1.6830317240693051
803,3.0193342469381856,3.914766019866446,-0.8954317729283048,1.0216273643484115,0.09629564775790578,1.6630838721987729
804,2.701561903559948,3.605909762692932,-0.9043478591329404,1.0376402879303699,0.0963233685780476,1.662945384162868
805,2.7746400197530217,3.709878069854985,-0.9352380501019297,1.0922613381428223,0.09628070822475665,1.6631585205427548
806,2.9631045811216405,3.8677393609515494,-0.9046347798299621,1.2251162186874531,0.1083902613238905,1.6054706769274245
807,2.8639116084817284,3.7743924319737876,-0.9104808234919801,1.1012284245119075,0.09980782312305214,1.6457860122383914
808,2.7939372097674346,3.7743354846938506,-0.9803982749265288,0.9893860471791358,0.08461692390302315,1.7245038534961252
809,2.8945421406840093,3.806914469380111,-0.9123723286960512,1.1903718248709683,0.1052580222970282,1.6198801609241216
810,2.8335216319637335,3.7757663821454774,-0.9422447501817715,1.0347560632508928,0.09173913210193874,1.6862942806809675
811,2.846144073806229,3.7479725084543136,-0.9018284346482233,1.2263710420230522,0.10882683638273073,1.6034885439173567
812,2.8978259188476865,3.838791597285956,-0.9409656784381468,1.0396852687460978,0.09220746710415784,1.6838665244718793
813,2.9398434033572154,3.9292889653016094,-0.9894455619444216,0.8982805079081042,0.07766198565957515,1.7644158851062401
814,2.999569711963161,3.9495456546588623,-0.9499759426956871,0.9861428465574567,0.08765902654895392,1.7078777605306135
815,2.7211354875839358,3.6607048612049744,-0.9395693736211115,1.080179117751566,0.094999810148811,1.6695935362031424
816,2.9220338741135516,3.8472693518198953,-0.9252354777063374,1.0777810972985058,0.09651674962034065,1.6619801747503102
817,2.7656397160545363,3.6767239578806765,-0.9110842418261882,1.1080172287627001,0.10017633097867129,1.6439993774127653
818,2.8382263414353726,3.7892296092816378,-0.9510032678463176,0.9933845633937217,0.08802978631271911,1.7058834253506412
819,2.8751526802644345,3.845216926864921,-0.9700642466004865,0.9742152903017369,0.08470956400469844,1.723990467712324
820,2.732842190015233,3.6521029046255857,-0.9192607146103455,1.1082349889785348,0.09920290247546291,1.6487302867729308
821,2.7539938152470564,3.678557496784554,-0.9245636815375065,1.0623664058616473,0.0955864620372673,1.6666377285967373
822,2.792001686017286,3.716590675831346,-0.9245889898141968,1.0229997586007835,0.09297081830274231,1.679930605092106
823,2.6159253949027312,3.575547648647546,-0.9596222537447829,0.9811653547435379,0.08628251857968067,1.7153421303604064
824,2.702044191600478,3.7081075140196087,-1.0060633224190951,0.888061099848342,0.07536374555136748,1.7782442664524134
825,2.7347404395970467,3.7100277895485543,-0.9752873499514862,1.0254460475282245,0.08749186050387033,1.7087791811368092
826,2.753036789696196,3.6948539637126045,-0.9418171740163643,1.1393533278984929,0.09849249578476416,1.6522063334540944
827,2.648340922468449,3.5817479043054194,-0.9334069818370381,1.06593332989186,0.0947901244959887,1.6706535711221813
828,2.9023757354990063,3.859009805927878,-0.9566340704288905,1.0041246979700102,0.08812578649361796,1.7053681398781977
829,2.8824690593572337,3.852792918487171,-0.9703238591299623,1.1048514487806607,0.0930570299490061,1.6794877210189163
830,2.920875255810486,3.8594674797636848,-0.938592223953151,1.012825005468039,0.09069979138915958,1.6917178078490247
831,2.8459870048670406,3.76431518115452,-0.9183281762874458,1.0871280416210474,0.09794482263484855,1.6548998109225488
832,3.0245786956770213,3.9104330154720714,-0.8858543197950439,1.1954072670749578,0.1089487239507338,1.6029362748360962
833,2.7007874188820575,3.636921438603387,-0.936134019721294,1.0120139593405537,0.09092217326967317,1.6905531798936433
834,2.738417742478148,3.6839829663810124,-0.9455652239029178,1.1207358461277324,0.09688479035404177,1.660147464366387
835,2.7269170190150613,3.6250714013893677,-0.8981543823742868,1.1596963953068742,0.10510516307885043,1.6205920279797714
836,2.918839728744231,3.825532312071821,-0.9066925833275263,1.101313207259341,0.10027357113755944,1.6435288024312045
837,2.961963370602873,3.8695294748170146,-0.9075661042141974,1.1018075396961515,0.10019953614285701,1.643887047426802
838,3.078333599711598,3.9970225157281116,-0.9186889160165492,1.1315862416484619,0.10077084576382758,1.6411280087015885
839,2.900838249028268,3.8030664429215313,-0.9022281938933929,1.0648325903499913,0.09840442085167084,1.6526386808294733
840,2.7913251802583114,3.638785280235133,-0.8474600999768427,1.1972980693734816,0.11416750506140899,1.579735269152205
841,2.7136729812614955,3.6463993408380833,-0.9327263595764634,1.0601054182714769,0.09448849132054551,1.6721817335892026
842,2.6219624358370335,3.516990863606368,-0.8950284277692617,1.0727014492611093,0.09980484505682846,1.6458004721950932
843,2.944671554198137,3.9162467750259258,-0.9715752208277308,1.0195709695119364,0.08751305194363783,1.7086648322580287
844,2.7828095331118017,3.7214736846861096,-0.9386641515743577,1.1539531810103039,0.09977768184988224,1.6459323786331084
845,2.6919707028739164,3.6354056391778733,-0.9434349363039018,1.0073280981103783,0.08979257595676332,1.6964928877435383
846,3.004872042925015,3.9600659301564103,-0.955193887231303,1.1092444231095313,0.09504859249464655,1.6693471930540242
847,2.7853658770295193,3.7070552991175343,-0.9216894220879794,1.0526317764179223,0.09528068512864243,1.6681765471657442
848,2.79778446122755,3.768543776858818,-0.9707593156313123,1.0105186004106248,0.08701438643774348,1.7113615721838997
849,2.976550221863888,3.9494179221832835,-0.972867700319398,1.0678618235140205,0.09045664344214253,1.692993820553895
850,2.545370496380158,3.46208695022298,-0.9167164538428096,1.075937633213619,0.09740414710150533,1.6575707029628743
851,2.7599912999144887,3.6973026380013505,-0.937311338086829,0.9708437229581368,0.08801590089212438,1.7059579935024967
852,2.7025447795314927,3.6379903002122247,-0.935445520680787,1.0236110284375486,0.091772167375309,1.6861227063185422
853,2.9620109810587816,3.860588242331295,-0.8985772612725214,1.101000725382455,0.10124663693555563,1.638839756453523
854,2.8106647134790843,3.7394273201699284,-0.9287626066908388,1.0066357824007701,0.09139487304682693,1.6880852104100985
855,2.80012139536889,3.710669900128065,-0.9105485047592765,1.0644499207762483,0.09738045084780665,1.6576880312495652
856,2.588652713916488,3.5496580303158676,-0.9610053163993371,0.9341656267997922,0.08297773952003769,1.7336638765293524
857,2.8402166895463803,3.777035176108304,-0.9368184865619469,1.1125086954688774,0.09738936602219049,1.6576438864831096
858,2.6694189666131503,3.5576311561926057,-0.8882121895795763,1.1333122702162484,0.10465545279504838,1.6226911098093326
859,2.945012343902547,3.84854395244184,-0.9035316085393106,1.16814334513001,0.10496722190995295,1.6212351271992995
860,2.7380178184357216,3.6222541770767642,-0.8842363586411466,1.168789014893887,0.10745900614557166,1.6097199569557492
861,2.8404019927983906,3.7598441920203007,-0.9194421992219759,1.1551949848276137,0.10217738895953858,1.634388082761957
862,2.954211398598502,3.843539358103333,-0.8893279595048398,1.2019637036528048,0.10891361794459352,1.6030952890160717
863,2.933025710345603,3.8669365097395487,-0.9339107993939706,1.1359733912992511,0.09921851566357683,1.648654114289526
864,2.869503944387318,3.784895077302275,-0.9153911329150333,1.024457210360598,0.09413328997232662,1.6739863096738017
865,2.833838891576718,3.774327560971279,-0.94048866939454,1.1541118007801041,0.09957015827875434,1.6469410740980397
866,2.782141460399614,3.730240503546374,-0.9480990431468399,1.0220715740695767,0.09024865814138174,1.6940874953170877
867,2.768776042617176,3.732128234647265,-0.9633521920302428,1.0271563803717685,0.08889709196924118,1.7012444621969438
868,2.833168607109726,3.7531723147792255,-0.9200037076694798,1.0742131867053226,0.09690094067703568,1.660067169189708
869,2.8344636585417926,3.773583567533239,-0.939119908991529,1.1294169918660761,0.09818766513159473,1.6537040216374863
870,2.777144058857018,3.706158881748196,-0.9290148228911903,1.0441036671613129,0.09386542979701767,1.6753507692053078
871,3.005013376206264,3.8790722850066186,-0.8740589088004072,1.2917877072640305,0.11650103938457175,1.569630754220886
872,2.599903523384071,3.5415188658067556,-0.941615342422665,0.99625864065136,0.08925593061571058,1.699335801314643
873,2.8356805484526855,3.7510557289594755,-0.9153751805067714,1.1335536551608105,0.10129964956247071,1.6385853302374354
874,2.7452483691443628,3.6317349524253877,-0.8864865832809983,1.1663321221308818,0.10701231631412271,1.611768540861819
875,2.6273114148705896,3.6042340568185254,-0.9769226419480219,0.8875343246531777,0.07817151697337554,1.761395317802077
876,2.9086483510922814,3.8271039520984647,-0.9184556010062579,1.0856811878774824,0.09783519580542811,1.6554404043698572
877,2.698225301048708,3.6420932906448207,-0.9438679895960149,1.057662207736502,0.09305073397320517,1.6795200533817416
878,2.60576533060221,3.526561142469786,-0.9207958118676061,1.1063925172713125,0.09889983386960895,1.6502107745819203
879,2.795118531681353,3.7392246778555385,-0.9441061461741356,1.0606744719264574,0.09321892552816,1.6786569245953276
880,2.932201640726546,3.7902300070157513,-0.8580283662890906,1.3043836700875695,0.11946648847290223,1.5570168349628217
881,2.803625296420321,3.7400349468663943,-0.9364096504460804,1.0430468152030326,0.09294669559014103,1.6800545866392074
882,2.7805196141477633,3.7271748001366034,-0.9466551859889023,1.0839345414039987,0.0944245901495072,1.6725059774915711
883,2.844585708966022,3.7502677387659484,-0.9056820297998911,1.165188984262448,0.10451066933709399,1.6233684294950412
884,2.8914477004280594,3.792263417575573,-0.9008157171475659,1.1167293714780178,0.10200036595403485,1.6352322690218322
885,2.8675211494969086,3.8004051571618844,-0.9328840076650522,1.0636043867861897,0.09469881954415713,1.6711157371173453
886,2.813879534135324,3.7858370494363593,-0.9719575153010283,0.9674879259789027,0.08406517274922858,1.7275709611951708
887,2.804199390304532,3.731683067804203,-0.9274836774995947,1.0689736849068332,0.09567798396427975,1.6661779121265923
888,2.7199134333166763,3.6812369460959338,-0.961323512779245,0.943046683491128,0.08354625021357179,1.7304704844302914
889,2.9133656685422262,3.886644617515119,-0.9732789489727338,1.0039496956007952,0.08631770283249054,1.7151501439434862
890,2.992195285314281,3.926213082108767,-0.9340177967944783,1.119682550222888,0.09817559330807517,1.6537634090952569
891,3.063252998087321,3.950209354517004,-0.8869563564297778,1.195070681187456,0.10878479112955759,1.6036791632530938
892,2.789507709778334,3.742875572830924,-0.9533678630525628,1.1007713101025403,0.09472455345207523,1.6709854414953789
893,2.7751664119895874,3.734434955822993,-0.9592685438333319,1.0390928430973314,0.09011924178923017,1.6947690453342348
894,2.9387187342512813,3.8741307262189575,-0.935411991967726,1.1085130644914345,0.09730047844040146,1.658084170650082
895,2.87214438831252,3.806595532194709,-0.9344511438822565,1.0199033745274533,0.09163829343107036,1.686818310884294
896,2.8993268300279875,3.868394640089272,-0.9690678100612331,1.0049843045833304,0.08683593223374851,1.7123296679349604
897,2.832600668349485,3.7461630433316766,-0.9135623749822344,1.1425919472437125,0.10209837505165385,1.6347647398719904
898,2.726568738205017,3.6086786804865905,-0.882109942281545,1.1671478920122953,0.10762715956049201,1.6089505284631285
899,2.923814989987775,3.8775737186435193,-0.9537587286557709,0.9948048251381425,0.08782318936212322,1.7069938829835725
900,2.9400366778510967,3.881536144619957,-0.9414994667688461,1.089158515721955,0.09535321091878181,1.6678112046355478
901,2.945186998109491,3.8802358817654796,-0.9350488836560089,1.0733097171288106,0.09507933136847498,1.6691920186050373
902,2.7397426590595866,3.726128915157075,-0.9863862560974894,1.03972906665517,0.087213026520995,1.7102858530186211
903,2.7943958281620804,3.6914180903026055,-0.897022262140581,1.2376238224467364,0.11014018326394127,1.5975633732544279
904,2.839271969082304,3.796722126275093,-0.9574501571927385,1.0212295393729398,0.08915868348596635,1.6998524467836917
905,2.949182669257723,3.898820771647395,-0.9496381023898266,1.0899646989157257,0.09446714266197476,1.6722900402537353
906,2.8864072763885384,3.796288325307002,-0.9098810489184643,1.1785267875448657,0.10482795203600113,1.6218851019496712
907,2.75556051394183,3.6296357509653148,-0.8740752370234759,1.0777770122421602,0.10274648387520982,1.6316820475054619
908,2.8672877201876896,3.800971802452757,-0.9336840822649037,1.0305487813563865,0.0924327082877847,1.6827024444976553
909,3.0065732251783426,3.9134840849044275,-0.9069108597261675,1.1379636243765865,0.10262098180185743,1.6322777806526598
910,2.8040397126272434,3.7681066929826934,-0.9640669803554829,0.988979658994873,0.08632285924947733,1.7151220127459776
911,2.5388896909327765,3.522396654887412,-0.9835069639544827,1.003531854545056,0.0852064967122671,1.7212443300812974
912,2.66095569276554,3.5907227132196327,-0.9297670204542783,1.0938456808910584,0.09702471085988638,1.6594521712680748
913,2.846159876443451,3.760181348614705,-0.9140214721712709,1.0981060579919648,0.09917660022488388,1.6488586299110033
914,2.6976571375285654,3.6543236699378006,-0.9566665324092583,1.0479193186624485,0.09097841992130505,1.690258975655828
915,2.8549270296256988,3.829014264490698,-0.97408723486501,0.9785886823877308,0.08457386814046955,1.7247426113976128
916,2.8201282101874336,3.7637214010487514,-0.9435931908614066,1.0308977362893637,0.09133355908209226,1.6884047510707065
917,2.8635085711072885,3.773376970137155,-0.9098683990298468,1.0779291758155756,0.09835383762146663,1.6528871264668417
918,2.9079690998760976,3.791827191839515,-0.8838580919634751,1.1064849757224682,0.10343994803248024,1.628400706014806
919,2.5838442319288357,3.5490559986017582,-0.9652117666729509,0.9390970233459193,0.08287243571709701,1.7342573250902742
920,2.7778425112310994,3.700598000915184,-0.9227554896841639,1.1307676991663438,0.10022658743561565,1.6437561255413453
921,2.8831353103922335,3.8179621351755126,-0.9348268247832721,1.0953616216528412,0.09652791841026806,1.6619244760176792
922,2.9502921155845594,3.9013184639567666,-0.9510263483722383,1.0984722303953827,0.0948477850904736,1.6703618893499013
923,2.7072282974778115,3.66205638257621,-0.9548280850982565,1.0422340932331837,0.09081560855331537,1.6911109798269424
924,2.898403222103141,3.8156233937206774,-0.9172201716174868,1.1513388290092375,0.10220566591559194,1.6342533436173048
925,2.6074802039348266,3.58180794699726,-0.9743277430625312,0.919324370968341,0.08059693696857134,1.7472329578136634
926,2.813874861791262,3.7646239999864295,-0.9507491381951922,1.0568693223938204,0.09221963962648702,1.683803556720166
927,2.715262937301261,3.689569448500777,-0.9743065111995293,0.8963794580850399,0.07903863121901752,1.7562915977526463
928,2.8774677916837414,3.829879492512798,-0.9524117008290887,1.0053917626364919,0.08867174222654929,1.7024462717639124
929,2.8655510153525507,3.749192266607665,-0.8836412512550851,1.1838621440606503,0.108501051232263,1.6049670726255152
930,2.7903566085700073,3.705613576185885,-0.9152569676159601,1.1704372685563473,0.10365171092262022,1.627402170184655
931,2.6848467374055214,3.620632769725748,-0.9357860323202658,1.0502262889065,0.09348934164809654,1.6772718138482114
932,2.681704422769783,3.603626770803333,-0.9219223480334904,1.0233381220575217,0.09330069942030783,1.6782377271335964
933,2.7377865134693162,3.601298923096809,-0.8635124096275604,1.109252616847079,0.10621883238856156,1.615424341786593
934,2.6109733440517426,3.520113370973671,-0.9091400269219321,1.1505499713673046,0.10315029773412426,1.6297691428849619
935,2.8085449429302822,3.7554281166552417,-0.9468831737249275,1.0886966535344569,0.0947025669792664,1.6710967613827596
936,2.8856405937653586,3.806430221390382,-0.9207896276250267,1.1332207507397638,0.10062043811931339,1.6418531642826497
937,2.9547282249466913,3.92132632075494,-0.9665980958083082,1.0657744282237345,0.09101728806370829,1.690055757052219
938,2.8146135810556667,3.7726913964310724,-0.9580778153753045,1.046300712763743,0.09071688664201807,1.6916281974888407
939,2.8974156357994185,3.8255020473148913,-0.9280864115154372,1.1013112500738007,0.0977040167344928,1.656087913011919
940,2.8043059798425953,3.725338946418345,-0.9210329665758081,1.0528759899697104,0.09537368632822844,1.6677081017777617
941,2.764824202618072,3.7167423892408453,-0.9519181866228337,0.9721676123683003,0.08651146164587761,1.7140940104696514
942,2.8938765373536195,3.834183329263021,-0.9403067919093928,1.0109378059870446,0.09038189861574826,1.6933866273608533
943,2.8490090610686845,3.7805353609999774,-0.9315262999311926,1.0669523370626828,0.0950747775274383,1.669215004542053
944,2.774680369090063,3.7197370773615144,-0.9450567082715224,1.0675065128789476,0.09355224679941271,1.6769500654223546
945,2.758325250832811,3.6997908472113674,-0.9414655963785208,1.023972055095624,0.09111636936384114,1.6895380348375595
946,2.794374930507345,3.7295286993013543,-0.9351537687940663,1.1936782054238464,0.10265372241119287,1.6321223117032455
947,2.8279774810581126,3.7500224798085617,-0.9220449987503798,1.084449458281306,0.09732825883569063,1.6579465323306948
948,2.8899606066932644,3.788706470327863,-0.8987458636346446,1.173393551915595,0.10590297900998333,1.6168855921506509
949,3.018262580766375,3.979775549712269,-0.9615129689459536,1.048363115571805,0.09046852643567535,1.6929313958675398
950,2.764655320328259,3.678931410524283,-0.9142760901960401,1.0766700167957257,0.09774308046927317,1.6558950192163848
951,2.945746101427815,3.8766747471190226,-0.9309286456912105,1.1415164414895431,0.09992413559451054,1.6452215277258515
952,2.625759238811454,3.5726825248738696,-0.9469232860624288,0.989995454820539,0.08825084060404975,1.7046975844444598
953,2.8318449053441124,3.7892210027356357,-0.9573760973916023,0.9955590554120217,0.08747950316764229,1.708845871561894
954,2.8170460361570373,3.7474556127608643,-0.930409576603779,1.058392782134103,0.0946446487848341,1.6713901066284205
955,2.6854706800252894,3.6231863942665377,-0.9377157142411079,1.0334594055815052,0.09216655285689329,1.6840782204481248
956,2.934072247528618,3.868254696612382,-0.9341824490836643,1.05513283081182,0.09399507071223562,1.67468999882239
957,2.86638644418322,3.7915473089971026,-0.9251608648138472,1.1341661261627844,0.10015263011762472,1.6441141283519614
958,2.7618559946951815,3.7018413810186863,-0.9399853863236558,1.0510167068163128,0.09306065701378852,1.679469095382462
959,2.5309710114509723,3.4892276859221467,-0.9582566744711585,0.9611486346496361,0.0850908664912016,1.7218821644736397
960,2.67160199381108,3.615631875565984,-0.9440298817550001,1.0445742727089546,0.09218040281501358,1.6840065503987427
961,2.7248594104955397,3.6771835722142696,-0.9523241617187068,1.0319564374269792,0.09042602457765658,1.6931547004149596
962,2.8071571243504674,3.7878079573565677,-0.9806508330061661,0.8844217866721045,0.0775886159848227,1.764852158305491
963,2.805680954158745,3.7077099591945273,-0.9020290050358426,1.073673724282986,0.09901773495599155,1.6496343989298303
964,2.9162246144926054,3.8840912090340223,-0.9678665945414195,1.0141923721113142,0.08756476465539462,1.708385884526181
965,3.0410393462007757,3.928237215690133,-0.8871978694893414,1.1925833423385181,0.10859599285305117,1.604535831609085
966,2.7757903225429597,3.728129245252599,-0.9523389227096004,1.0148132113067017,0.08930104419340108,1.6990962800541516
967,2.689349877538873,3.632495399645254,-0.9431455221064198,1.0570548045686499,0.09309358448200755,1.6793000334997437
968,2.6227164055107575,3.5710982462649077,-0.9483818407541094,0.9768888373440425,0.08721240381328148,1.7102892221503139
969,2.656183238320025,3.6075905553916807,-0.9514073170716983,1.0400560139722121,0.09105603356526065,1.689853249107126
970,2.8060966872454425,3.765380207886746,-0.9592835206414065,1.0080144316850506,0.08809266277273692,1.7055458818366207
971,2.948709468951122,3.8405346372557863,-0.8918251683046492,1.1333291930882659,0.10420127050624403,1.6248183471375708
972,2.676583295508251,3.647588901631494,-0.9710056061231853,1.0010579753814084,0.0863722365029893,1.7148527003507692
973,2.7267051224753938,3.6732373021005897,-0.9465321796251374,1.119744655062285,0.09670970348228905,1.6610186382493881
974,3.013631985336317,3.922678972267707,-0.9090469869313438,1.1630175153757971,0.10395369142287494,1.6259810276347193
975,2.5765484090746464,3.5219538441583462,-0.9454054350836714,0.9764886614668147,0.08751011765527658,1.7086806643274082
976,2.7922101138997983,3.765589082660895,-0.9733789687611534,0.9766102029971848,0.08451821235420248,1.7250513862015628
977,2.9014754268614094,3.8154411046015277,-0.913965677740066,1.1240969208131313,0.10086505407813341,1.6406742443419833
978,2.8443976919125613,3.751982546806088,-0.907584854893571,1.1957242158313774,0.10619272809190344,1.615544978856883
979,2.8571026554267998,3.7710324643195787,-0.9139298088928172,1.113752420266853,0.10020261255425515,1.6438721569001873
980,2.835466124676216,3.7784420487576775,-0.9429759240813382,1.0581753709461752,0.09318568085454212,1.6788274311197888
981,2.7159522191806924,3.6721934963518854,-0.9562412771712161,0.9912683946434457,0.08731848914812713,1.7097155321351782
982,2.7792979756789715,3.7098554552155414,-0.9305574795365601,1.1795914501292395,0.10234553127289232,1.6335873238328136
983,2.723365882131318,3.6577590392946564,-0.9343931571632993,1.0991413526207414,0.09682116766194859,1.6604638839128665
984,2.6673349055055975,3.596558254582431,-0.9292233490768922,1.108178784805999,0.09801012547838026,1.654578018282245
985,2.7547256448594477,3.6903505090440683,-0.9356248641846605,0.9922317918825714,0.08965195441774146,1.6972365138600949
986,2.898655342600207,3.8371550276339152,-0.9384996850337757,1.0555762139885005,0.09352810486940691,1.6770735264815742
987,2.724542412865801,3.6525616072497935,-0.9280191943839782,1.069745416273917,0.09566580992457212,1.666239055561746
988,2.685504560474967,3.6033069121751455,-0.9178023517001748,1.0141241604480304,0.09315536516175615,1.6789829579361277
989,2.7296986218904773,3.6566202436239528,-0.926921621733527,1.0562733034952028,0.09491056036930202,1.67004449594028
990,2.7329771008122203,3.659923013117305,-0.9269459123050865,1.0262063307493685,0.09291455905102662,1.6802197963290557
991,2.921650780069015,3.839483985562356,-0.9178332054933662,1.0865639267140512,0.09796704091358166,1.6547903067392022
992,2.8775053122789838,3.8365401158350516,-0.9590348035561647,1.0003788999642782,0.0876175640903551,1.7081012118984746
993,2.837778199689367,3.771831807767723,-0.9340536080782158,1.12472184970666,0.09849086066392618,1.652214357217577
994,2.7947904339899448,3.744184984806117,-0.9493945508161232,1.0019326574679404,0.0887744441682892,1.7018982486009488
995,2.763907706464422,3.7031702322526567,-0.9392625257881946,1.0215398008611292,0.09120338860171914,1.6890837128500773
996,2.9780000235696913,3.884294898483042,-0.9062948749133284,1.1436996596499893,0.10306496900597273,1.6301728563004072
997,2.822726628398598,3.7267712076130217,-0.9040445792143146,1.1304130552267306,0.10248900874051838,1.6329048557792074
998,2.9100174490391306,3.8597998373122677,-0.9497823882732064,1.092021551860103,0.09458138884348638,1.6717106712832281
999,2.677361397215193,3.65137634562936,-0.9740149484140375,0.9333117515804097,0.08157184473141889,1.7416377881901481
