,logR,logI,logS,d_G,p,sigma
labels,$\ln\mathcal{R}$,$\log\mathcal{I}$,$\ln\mathcal{S}$,$d_\mathrm{G}$,$p$,$\sigma$
samples,,,,,,
0,7.308089340741728,6.7499489239972705,0.5581404167442088,1.7798284085064893,0.6640529829620367,0.43432426875867886
1,7.605248370259116,7.061441862928452,0.5438065073303733,2.4621553803557905,0.608133100759982,0.5127401494268484
2,7.7199806515849305,7.191890581115691,0.5280900704701708,2.7482618877840057,0.5906968802487552,0.5378264345839896
3,7.670926650749945,7.165087504191601,0.5058391465581735,2.336324975657746,0.5937367261328907,0.5334288860222322
4,7.050723523297504,6.555758185945305,0.4949653373523688,2.26367571012614,0.5909079028910842,0.5375208265765645
5,7.762224538355778,7.356138284950814,0.4060862534042826,2.0398373595334593,0.5509782085956003,0.5962949432539406
6,7.6766918012384595,7.133985586054163,0.5427062151848077,1.9739108359614068,0.6349608958628424,0.4747560029409272
7,7.436042373117172,6.8501840583052855,0.5858583148119578,2.543788803126656,0.6258131782746188,0.4876282550425348
8,7.194464631007006,6.627276400942063,0.5671882300648576,2.432919250279028,0.6214392583221959,0.4938115741561191
9,7.3349776603566825,6.902509292610131,0.43246836774687836,0.8494871071540278,1.0,-0.0
10,7.137713932312519,6.533100222851201,0.6046137094617734,2.8418546455939087,0.6224774968113839,0.4923421371619625
11,7.686533227620541,7.156912237487217,0.52962099013439,2.367662669451997,0.6048208807540527,0.517480352546426
12,7.44170388085183,6.883765994224842,0.5579378866268598,2.334866730727411,0.6213712520921008,0.4939078617404468
13,6.794076769503929,6.354831632555961,0.43924513694764755,1.9177336612836289,0.5742430261337474,0.5618135984212698
14,7.492686166700307,7.083821855917404,0.40886431078251917,1.8494540017127452,0.5589844880799377,0.5843505513923711
15,7.248164518780297,6.719777976171675,0.5283865426090415,2.433690694353114,0.6014706160236543,0.5222868608882825
16,7.427244722237785,7.05473764342845,0.37250707880866685,1.2765996123562449,0.5678742359630621,0.5711850133848102
17,7.7272834377139334,7.136885742270505,0.5903976954441532,2.2561004303546284,0.6439736680051571,0.4621501231498644
18,6.751894294302812,6.324086763704483,0.4278075305974198,1.9552423587331802,0.5659705401203723,0.5739959526390395
19,7.325602510316796,6.803612745056864,0.5219897652596046,2.661389686125027,0.5904727911323422,0.5381510207725876
20,7.443372387708561,6.874228569909744,0.5691438177991586,2.6110682675003627,0.6146560830361438,0.5034383947530617
21,7.272507310755256,6.784958631267995,0.4875486794871904,1.590285372863967,0.631049456126844,0.4802502550125651
22,7.164182328831314,6.678583128768008,0.4855992000639162,1.967470936962636,0.5996500494835157,0.5249038261256762
23,7.6669493540606455,7.034609474892652,0.6323398791682848,2.161701944423026,0.6762277675836552,0.4176161765141588
24,7.46507296522702,7.052219338223947,0.41285362700273254,2.2554861237877795,0.5489284945749331,0.5993665250745541
25,7.536356888529892,7.088213281951394,0.44814360657892394,2.467419308947635,0.5610903763032762,0.5812226913386459
26,6.78804793256256,6.256498178750012,0.5315497538122145,1.5402608461641432,0.6755609283737742,0.4185282609085351
27,7.031965120539437,6.564467411432628,0.46749770910719235,1.9875174244162697,0.5877388446424865,0.5421156406856723
28,7.502679300181055,6.999772650245913,0.50290664993463,1.5509283878982494,0.6486424921413917,0.45564887379586005
29,7.477934235067889,6.8553468153292885,0.6225874197389203,2.308702885496551,0.6588658651969115,0.4414795471173209
30,7.559434319708427,7.129328216780569,0.43010610292731144,1.7988526674556962,0.5743016551260752,0.5617275582953358
31,7.458847086277612,7.036658992352945,0.42218809392488765,2.1944146939264524,0.5551769682248123,0.5900204069596627
32,7.213708827045932,6.6386470409633604,0.5750617860821876,2.0884550347740767,0.6466228688781418,0.4584587816882734
33,7.077930151686243,6.768943740122393,0.3089864115636374,1.6117756105026402,0.5059965469559713,0.6650843451789918
34,7.265282283053577,6.760228379614216,0.5050539034391477,2.355228263143802,0.5926009527994371,0.5350707244886775
35,7.415652438038134,6.923639379998254,0.49201305803944706,1.6501000569856945,0.6281088992001733,0.4843903027586269
36,7.082151228071209,6.632444494893197,0.4497067331776634,1.1331743055692325,0.6806858712113184,0.41152737667913986
37,7.8348548648685865,7.323681530990979,0.5111733338771955,1.7763847677752391,0.6300922421263518,0.48159702198798043
38,7.618428893260327,6.9449276225900265,0.6735012706694761,2.0956044500256894,0.7095675722047061,0.3724369165533372
39,7.136410516087719,6.594528746894196,0.5418817691943332,2.6080863573767044,0.6016079025911478,0.5220896641071264
40,7.012111863313632,6.513784902220114,0.4983269610938805,2.054577311041193,0.6024745766397888,0.5208452519835416
41,7.421430061241492,7.016794439461454,0.4046356217804714,1.9101906504533837,0.5542615042508996,0.5913864693205216
42,7.962074786744208,7.267372165870225,0.6947026208736133,2.3276897519231348,0.6994534703820369,0.38605832930362116
43,7.398250780959072,7.075278865156254,0.3229719158025546,1.7528913266103956,0.5116143790295145,0.65632602032199
44,7.535583371614277,7.1932243750661415,0.34235899654777313,2.350743734161446,0.5138613979483115,0.6528369527939891
45,7.776684457858548,7.241931739863017,0.534752717995616,2.247126718311195,0.6131842754970165,0.5055333574604607
46,7.716235548086272,7.117797048528584,0.5984384995581422,1.8860262868738413,0.6814272219731096,0.4105163367151392
47,7.22652422102544,6.7590300163125905,0.46749420471314806,1.8582081414390554,0.594723603443104,0.5320034537465552
48,7.687433021374429,7.0923837959317995,0.5950492254423807,2.3239421852952784,0.6423253569946143,0.46445002428792687
49,7.1940098780290755,6.753994193246517,0.4400156847823382,1.6268974824020521,0.5915978604667904,0.5365219637256321
50,7.328951091805149,6.770971944105466,0.55797914770028,1.855956096462478,0.6556747270799659,0.44589273953115943
51,7.373258702388168,6.882015805866954,0.4912428965217259,2.6071781203725024,0.5777431049481973,0.5566843594326633
52,7.70426611712571,7.177193486070434,0.5270726310545797,2.1749890627048067,0.6126365554454813,0.5063135454808713
53,7.826334132273016,7.3563099649383235,0.47002416733539576,2.010168284032858,0.5881265677288756,0.5415528684837063
54,7.264646305854851,6.951021061139866,0.31362524471569486,1.8353196794750755,0.5051946464134178,0.6663386815040625
55,7.364068085160736,7.000334416499425,0.36373366866155266,1.3949924979930035,0.5512346562780729,0.5959110419792607
56,7.677052901627005,7.335226305637609,0.341826595989005,1.377514900818447,0.5356862432858838,0.6193493456332363
57,7.4277979277015875,6.779161147924246,0.6486367797779167,2.704307600077666,0.6493145082783207,0.4547146939602427
58,7.5276804408680364,7.078833652656589,0.44884678821199486,1.6912386991256252,0.593159260975112,0.5342634716541274
59,7.407262530495584,6.960738860925393,0.44652366957143386,1.9684609218069316,0.5762941391178429,0.5588059825163101
60,7.580933248571793,7.2535576954363465,0.32737555313451594,2.466268723157482,0.5063161134493648,0.6645847694371337
61,7.389522160966746,6.854396759809181,0.5351254011575293,2.053043214397139,0.6245906048473582,0.4893546949159386
62,7.677097931370892,7.2699778145698675,0.4071201168007974,1.399141234907317,0.5855389029516044,0.5453120717246994
63,7.534374524082861,7.1372711532807545,0.3971033708030518,1.146003077390322,0.6104668702679226,0.5094071434067328
64,7.609856680292407,7.023422813620248,0.5864338666724507,2.7968230391127857,0.6157848452813418,0.501833217026182
65,7.189165428028329,6.643241873554335,0.54592355447312,2.1754079742024643,0.623394022483944,0.49104584540242685
66,7.32262936760196,6.938446364883359,0.3841830027186006,2.8113452563656907,0.527456893370978,0.6318928536790677
67,7.339032916385233,6.880481125047784,0.4585517913374133,2.4967398254586257,0.5652996617822182,0.5749876317678074
68,7.261644850655441,6.867512198730243,0.39413265192524705,1.4926048163010055,0.567682773083755,0.5714675172277135
69,7.727502918773436,7.355115881460731,0.37238703731236455,0.9890802945622976,0.6165540364545699,0.5007401147156977
70,7.678417013208102,7.168407042727023,0.5100099704804961,1.480876543333995,0.6657190698580029,0.43203074221791804
71,7.600381179713051,7.045536578110945,0.554844601600962,2.6369383964599784,0.6067744967682871,0.5146830829894508
72,7.543856806631422,7.080838320991373,0.46301848564053216,2.518462648218451,0.5668639915272198,0.5726761460755126
73,7.333457706242709,6.7872448466455895,0.5462128595972899,2.2968446862707257,0.6169488235236107,0.5001793127287184
74,7.486190706544559,6.98454612848239,0.5016445780620415,2.9252694231185963,0.5746600243038089,0.5612017291656857
75,7.234365147365108,6.705788677908882,0.5285764694563113,1.8782187861439432,0.6333111812238397,0.4770715380531614
76,7.355921170964732,6.980142249786366,0.37577892117769807,2.643016373467084,0.525660494988905,0.6346441984952605
77,7.604699938311907,6.987296306478929,0.6174036318325307,2.9430774290278716,0.6245427257545484,0.48942233635815535
78,7.476694324444336,6.907870165211901,0.568824159232463,1.9599842630810063,0.6532228234434764,0.4492895108287466
79,7.147254576107454,6.746146664175694,0.40110791193274054,2.053916220799435,0.54790045778768,0.6009092111441652
80,6.798550068026427,6.283057838642589,0.5154922293831987,1.7865953356603583,0.6322300900798826,0.47859034250442095
81,7.613456069971446,7.09029939600924,0.523156673961239,2.5584323720760036,0.5943253840273868,0.5325785062548278
82,7.419591938475034,7.102457231621057,0.3171347068537216,2.2142680393657574,0.5033613652651172,0.669210255333087
83,7.286148106161247,6.75691859131084,0.529229514850158,2.7701302383593394,0.5905834528441105,0.537990723604806
84,7.269155925187417,6.858239280137224,0.41091664504892833,2.010641701716395,0.5544994086870296,0.5910313604532778
85,7.133075023922513,6.610066647748877,0.5230083761734932,2.4059410369809218,0.599832664835111,0.5246411645346377
86,7.386742573103558,6.869108438935837,0.5176341341684747,2.286314918392531,0.6020304867476022,0.521482796648285
87,7.587999367959466,7.049631141501206,0.5383682264582603,2.050642153079032,0.6267300742441746,0.4863344266630704
88,7.862614586391257,7.34092506635852,0.5216895200328509,2.2778839019899078,0.6045853863949036,0.5178178164674659
89,7.375065763594987,6.969247981355079,0.40581778223986475,2.0438958436067427,0.5507160676765052,0.5966874581355145
90,7.520953304411134,7.114177796253142,0.40677550815689756,2.1866301008665356,0.5474842781135387,0.6015341427364836
91,7.110931246933771,6.464549169457148,0.6463820774770284,1.9449006783465705,0.7090686206091842,0.3731072531507784
92,7.179813507359879,6.702834573608027,0.4769789337524344,1.8890847631207084,0.5988807430128096,0.526010742613793
93,7.476640617069617,7.033505520747679,0.443135096322294,2.199716608949867,0.565885538060871,0.5741215697614118
94,7.115016855321639,6.623263540711304,0.4917533146099231,2.261724895002489,0.5892825577332061,0.5398759890173027
95,6.774350978757295,6.176114570779501,0.5982364079782201,1.4853799897436595,0.7561984106011181,0.3104767851537068
96,7.01390099161051,6.631647591436416,0.38225340017379494,1.373330587058975,0.567423998283684,0.571849412434281
97,7.836320914243854,7.14725285421535,0.6890680600281485,2.16061024517432,0.7125655574437622,0.3684126620660299
98,7.5754663751844165,6.968217729552127,0.6072486456323531,3.0207110411880453,0.6174153174791877,0.4995168525274782
99,7.170921392347165,6.780739211232988,0.3901821811141417,1.945922261018115,0.5449425992686501,0.605355820333392
100,7.263455658082759,6.58696223930512,0.6764934187767722,2.4070524272002007,0.6823385038125633,0.4092741225554944
101,7.369647954878357,6.748619104214559,0.6210288506636061,2.2170524270358953,0.6647180106418004,0.43340852181057304
102,7.230861231650462,6.908393874817006,0.3224673568338403,1.864854573854421,0.5095658458561702,0.6595138646527716
103,7.046848351231685,6.567958184508432,0.4788901667234313,1.3013132433557768,0.6696083020613458,0.42668565257572133
104,7.186122534115722,6.763272975499494,0.42284955861669005,1.7429518039203558,0.5725559027067385,0.5642912979530887
105,7.073149390658156,6.6201538241337206,0.45299556652389583,1.1529555507505371,0.6785615025507956,0.41442688551558937
106,7.408594732947106,6.956085214213357,0.4525095187336774,2.2991218181636057,0.5676883511675029,0.571459286109586
107,7.70714729202916,7.16802277732828,0.5391245147011432,2.3506774557613817,0.610560505591826,0.5092735350448353
108,7.906720615363494,7.408402348502432,0.49831826686113345,2.23282322784908,0.5939737019409018,0.5330865025747631
109,7.5425366671000775,6.985602638270305,0.5569340288302556,1.7057937860561871,0.6723690619816143,0.42289884988457505
110,7.630153191855581,7.244825230588565,0.3853279612667393,2.3026793853009853,0.5345442932001817,0.6210840954800918
111,7.704594925662943,7.2381723002576495,0.4664226254053574,1.29555986325105,0.6570493015640138,0.4439907085370789
112,7.191374671650348,6.710016989943523,0.4813576817059584,1.812136876899876,0.6067418221402736,0.5147298347351928
113,7.4080018203488835,6.847635376417725,0.5603664439322529,2.019578422308605,0.6427140054956908,0.46390751908976513
114,6.949556807917699,6.459418429795069,0.4901383781225377,1.9268094311208213,0.6048513991386093,0.5174366239499103
115,7.327627659953916,6.826225716293341,0.5014019436603121,2.199307725025035,0.5971158233075702,0.5285526372782665
116,7.846057692601218,7.343075252092523,0.5029824405091858,2.1880423757791814,0.5984991229163747,0.5265600757865582
117,7.327527176018859,6.929073511244252,0.3984536647758432,1.8397612496865285,0.5531489508442691,0.5930481172332078
118,7.445288572026922,7.024790052230107,0.420498519796638,1.919713798014472,0.5631091266630941,0.5782295858164694
119,7.5432507088001985,7.001007250216763,0.5422434585834708,2.9774357759949606,0.5906965517370959,0.5378269103815392
120,7.23314247698215,6.6565300490721,0.5766124279098221,1.9298262885598838,0.661318081360933,0.43809408596121446
121,7.451000251222806,6.95368842461269,0.49731182660980267,1.3441661639443492,0.6801374795519126,0.41227553342922657
122,7.316869372072117,6.58332311969949,0.7335462523724345,2.122903152151409,0.7472070400034465,0.322324281414352
123,7.539256639053176,7.191283935431447,0.34797270362196286,2.257350272823313,0.5174323914161383,0.6473083608765645
124,6.866993378145136,6.39747624052993,0.46951713761518477,2.3553087604638723,0.5745509046463505,0.5613618221861485
125,7.721051645098098,7.13765465547871,0.5833969896202689,1.9347784215777164,0.6654926821269711,0.4323422527328747
126,7.490300056506723,6.960815220604066,0.5294848359035313,1.8656479285241012,0.6349859622849472,0.4747208394335449
127,7.23643304478662,6.645488202440032,0.5909448423471986,2.1825502353358743,0.6493212585704848,0.4547053122907297
128,7.782241837232843,7.413555715544267,0.3686861216892794,2.036457228617607,0.5311358921442306,0.6262730009699816
129,7.780903314174222,7.358201582537473,0.42270173163706204,1.7367649369364084,0.5727886614267115,0.5639492641463999
130,7.440126649955684,7.0587628988488165,0.381363751106619,1.8463379623549887,0.542893702377321,0.6084429958351522
131,7.493603837750354,7.158700876044382,0.3349029617065753,2.3716420181118743,0.5103078488039804,0.6583584171237153
132,7.597360995343817,7.1669676513770115,0.4303933439668981,2.3658345503234095,0.5549829809414669,0.5903097842623057
133,7.289563023126331,6.724345868328901,0.5652171547972102,2.829071536151817,0.6050187166695494,0.5171968987995762
134,7.721304778112764,7.246691534520953,0.47461324359210266,2.04808169491743,0.5889923019564789,0.5402968912423857
135,7.196564740060578,6.667525274312372,0.5290394657477009,2.1427128277185403,0.6155301989327142,0.5021952286101136
136,7.263952410860267,6.8117437225416255,0.4522086883189331,2.199464708265099,0.5706542211131491,0.5670882564629725
137,7.762972619614058,7.329323509332522,0.43364911028220376,2.094278311233513,0.5642343321914584,0.5765635441768097
138,7.350493518736013,6.719901763363372,0.6305917553718245,2.100282315776777,0.6807627015365729,0.4114225774303634
139,7.602717686878688,7.093190060758137,0.509527626119052,1.5755239996934325,0.6509229061339967,0.45248044428028167
140,7.495752077884728,6.947193524186024,0.548558553698058,1.536583006099617,0.6920496167876504,0.39607511349236113
141,7.201852229126755,6.4945685227343946,0.7072837063933548,2.8254171864441506,0.6715120138483819,0.4240737704367402
142,7.05906164976511,6.335465587587085,0.7235960621783306,2.228542334792987,0.7273261744284591,0.34868451012493873
143,7.634997906589317,7.0096569974180385,0.6253409091714275,2.213385718610377,0.6675985105982674,0.4294462381056422
144,7.2503311150807095,6.852044202587824,0.39828691249385884,2.526850196079719,0.5369748126844076,0.6173940999506321
145,7.189898881845122,6.730098693752962,0.4598001880922311,2.3264148293177644,0.5705527583501419,0.567237610580525
146,7.517062805064936,7.055820392249072,0.4612424128163184,2.031025718210202,0.582073661732243,0.5503582744752279
147,7.358886405044697,6.7316878059578515,0.6271985990870235,2.083035505511681,0.6802211219255481,0.41216140736772267
148,7.080388228121021,6.693951816386755,0.3864364117334844,1.8491015883954987,0.5457567154873298,0.6041307521956829
149,7.462040328108171,6.923326362832744,0.5387139652757469,2.107458685069629,0.6232756920960334,0.49121316003334425
150,7.230177816047555,6.697029822930358,0.5331479931164722,2.118798209234342,0.6193034766049625,0.49683774364003863
151,7.329279302677034,6.862035651128129,0.46724365154932457,1.931328262362916,0.5904497599192233,0.5381843839886855
152,6.787196638379439,6.3058456787540935,0.4813509596251606,1.3093792459855376,0.670491880494226,0.42547302689981065
153,7.477555485471723,6.837776669887664,0.6397788155845774,1.985376364522745,0.6992470546972333,0.3863370632441574
154,7.540404084402664,6.934835139842858,0.6055689445602184,2.561454506771897,0.6349295802938381,0.4747999336587699
155,7.85008996824615,7.27896468675218,0.5711252814944601,2.391298851552685,0.6255575168574419,0.4879891633770594
156,7.245074747310693,6.794839604562026,0.4502351427490794,1.645409483350626,0.5975396596894209,0.5279419033213003
157,7.662855429736166,7.12872362824992,0.5341318014861827,1.9346199669308515,0.6324490545484462,0.47828263441711066
158,7.364282984975373,6.869971017016003,0.49431196795922006,2.7394937751864017,0.5757386581460029,0.5596200028222674
159,7.185297403644083,6.590004387263808,0.5952930163803103,1.142668291687876,1.0,-0.0
160,7.48584955832973,6.975670697179905,0.5101788611500524,2.9419241565603844,0.577911880830538,0.5564373953147826
161,7.811884124731816,7.301497353006259,0.5103867717252797,2.650099998513509,0.5854226485750252,0.5454811396863432
162,7.0079338876734,6.56030336918369,0.44763051849076874,2.232427394664006,0.5672075655849351,0.5721688839851394
163,7.381095856399381,6.731601023873556,0.6494948325262158,2.184011432115277,0.6849271239586564,0.40574887885882266
164,7.315091451392957,6.925267274956664,0.38982417643637746,2.490803766494256,0.5336988335700036,0.6223696481098625
165,7.521665102494237,6.955579795791675,0.5660853067020071,2.20110226758222,0.6334792482771074,0.476835522733702
166,7.759395329730407,7.47918938329568,0.28020594643567165,1.9213257314368075,0.48711336394402094,0.6949073536381901
167,7.4156369925443615,6.9045114728331685,0.5111255197116407,2.089100451672474,0.6081026579967698,0.5127836642674788
168,7.530786362887167,7.073274347722372,0.4575120151639567,2.3260845094640388,0.5694123547386163,0.5689171668563285
169,7.013167311975278,6.794318444999239,0.21884886697625916,0.9493082272008682,0.45404174232633654,0.7486938648541699
170,7.525259995531425,6.898870135729557,0.6263898598008382,2.4857441373693128,0.6497273598290073,0.4541409795210467
171,6.858864271292416,6.5446491875767,0.314215083714771,1.5991556728545397,0.5094179716755528,0.6597442396440996
172,7.47264753285651,7.038576828783602,0.43407070407192805,1.1576971775879592,0.6520632231019079,0.450897780714687
173,7.352672881744522,6.813737465397769,0.5389354163462485,2.525717752758265,0.6031855645705706,0.5198249834331695
174,7.327390657428052,6.777395858390801,0.5499947990383589,2.878352056995384,0.5967381286767577,0.5290970486901954
175,7.072077580049492,6.749220356189075,0.32285722386131965,1.6699580493967972,0.5131379002796121,0.6539594973662043
176,7.519429480648225,6.917249729747415,0.6021797509010867,2.880569450665959,0.6199537478149191,0.49591589976540934
177,7.4539299657147895,6.764662415746973,0.6892675499684628,2.2967784461916683,0.698997628832803,0.38667391614462604
178,7.1139653655676485,6.604679155154824,0.5092862104120286,2.562481915852386,0.5875414841630109,0.5424021713660651
179,7.8998923532839145,7.434847878582429,0.4650444747012443,2.426661698297476,0.5702498631356763,0.5676835504103988
180,7.566375489710819,7.317932317399273,0.24844317231145396,1.9093644350217769,0.4714079895600106,0.7201900495786485
181,7.637443045818483,7.273390275663563,0.36405277015546744,1.8758092062902954,0.5322035722528462,0.6246457707573378
182,7.4861031904778175,7.110329333738702,0.37577385673921526,2.046409352155166,0.5346438624212038,0.6209327643759079
183,7.214663004617589,6.913726340860099,0.300936663757966,1.657908060961656,0.5004798588602017,0.6737349167648006
184,7.387456241406082,6.923671750177346,0.46378449122858,2.3023497440650633,0.5733125210129799,0.5631797052283924
185,6.992262642337093,6.521696859245307,0.4705657830927521,1.8825701461304298,0.5952263481496716,0.5312777116428836
186,7.70189110654371,7.2172575471130616,0.4846335594302218,2.445756980883191,0.5792490024203232,0.5544820272493824
187,7.330953095205925,6.807036484509294,0.5239166106966877,1.7981527755376874,0.6371378524998559,0.47170432095249815
188,7.247540403451578,6.762307560663783,0.4852328427878092,2.0867089537949006,0.5932647149373139,0.5341110358051954
189,7.487498646134893,7.168581282656494,0.31891736347824917,1.4450667020301395,0.5165223165152925,0.6487154494679462
190,7.111854921604729,6.6513646713911685,0.46049025021329726,2.381325245096445,0.5692936121857893,0.5690921399530732
191,7.602676756811317,7.1159033883465,0.4867733684650375,2.3829210492680772,0.5823205943530949,0.5499982201520939
192,7.737877635358356,7.314667101094156,0.42321053426439903,1.6454870568659956,0.5784495421903117,0.5556508794992848
193,7.794813618417149,7.244836953614656,0.5499766648026707,2.012575541806548,0.6366579835381684,0.4723766282623129
194,7.3405661227028505,6.829073915540694,0.5114922071625188,2.307853278621357,0.5978439086682432,0.5275036121831961
195,7.013985375270178,6.452735108880941,0.5612502663889245,1.5362991297078121,0.7043112218502288,0.3795072495708663
196,7.405947678079767,6.910008713102845,0.4959389649766308,2.0826965172978102,0.5996145088890513,0.5249549495264435
197,7.769185202521268,7.311144813984645,0.45804038853566453,2.2553803769192395,0.5718665635985077,0.5653046541650788
198,7.2388077592644295,6.767601337734267,0.47120642153004155,1.925480272712777,0.5931897459025501,0.5342194037954433
199,7.417807370984858,6.885506276510033,0.5323010944748603,2.9973059567607105,0.5859872205483367,0.544660232319486
200,7.623621860254727,7.1237988834266845,0.4998229768270903,2.5097947172433503,0.5846484525976674,0.5466074457838808
201,7.412729856102826,6.910824907901788,0.5019049482016271,1.606075732590016,0.6407524101853481,0.46664706218320895
202,7.899852233448994,7.3675944075722315,0.5322578258774229,2.2072132196189145,0.6138557826847647,0.5045772631740112
203,7.837704166793057,7.358234754399629,0.4794694123938825,1.3976716932613709,0.650827219494385,0.4526133007500568
204,7.339895766282436,6.832941574919642,0.5069541913626381,2.2358560243638426,0.5985127330943023,0.5265404815231428
205,6.953075663015963,6.374094081788056,0.5789815812277084,1.782989313034843,0.679546413783768,0.4130821678747004
206,7.332318753581942,6.922838279898248,0.40948047368419793,2.383554096137839,0.5445808304900692,0.6059004953776741
207,7.451466816709737,6.8671051266059395,0.5843616901038331,2.967437549716081,0.609148181255846,0.511289749997083
208,7.609490114954835,7.128242636267804,0.4812474786867824,0.8699849136082367,1.0,-0.0
209,7.057774776068411,6.548676688669926,0.5090980873983426,1.8240621338250502,0.6245567282400957,0.48940255404078925
210,7.488405151314848,7.197142692689401,0.29126245862516953,2.168403797633138,0.4915714083965881,0.6878116347462455
211,7.301491746714757,6.747464644009729,0.554027102704822,2.2513140588568596,0.6236660378159782,0.4906612782588518
212,7.347310574282685,6.935012216874019,0.4122983574088721,1.4887332044447046,0.581740138094123,0.5508447011159923
213,7.728238936933278,7.325719557027921,0.4025193799052431,1.3414753973454339,0.5875201691666481,0.5424331194374493
214,7.779045930281765,7.368810904373402,0.4102350259081504,2.0683659889204282,0.5523948662447543,0.5941753075636268
215,7.118419087708728,6.715637957975706,0.40278112973282987,1.764304950423286,0.5587833302486879,0.5846496284813083
216,7.391848023389113,7.044569697505456,0.3472783258839627,1.5679015785171995,0.531185224162178,0.6261977784949823
217,7.898665806694564,7.476413658944314,0.4222521477504415,2.2798463557149677,0.5530307554297618,0.5932247435110705
218,7.328413150209028,6.855163293562602,0.4732498566463619,1.6119977435764952,0.6175646345261203,0.499304856225321
219,7.249800742917043,6.973033469247821,0.2767672736690656,1.658475475959511,0.48666651397728977,0.6956205167957902
220,7.6980078155214615,7.22127523939523,0.47673257612677844,2.2503254768911614,0.58178722765284,0.5507760155777338
221,7.917979626916687,7.388794420083376,0.5291852068330627,2.284539862163829,0.6083191116950104,0.512474286756841
222,7.289164129908724,6.734640279243661,0.554523850665646,1.9151927236377162,0.6476370802732678,0.45704725526134016
223,6.945109330128955,6.592097139127529,0.35301219100165326,2.17078558568417,0.5209457826703472,0.641888190352785
224,7.55564979914777,7.050977700892571,0.5046720982554689,2.4705596010497537,0.5882849296535743,0.5413230586942243
225,7.500800367074928,7.082292806722873,0.4185075603527366,2.1664263831284973,0.5540293496205206,0.5917330676285483
226,7.234688288796289,6.86261283235049,0.37207545644650963,2.0431617328873024,0.5327733424925978,0.6237780718057451
227,6.887247419214302,6.42471093694157,0.4625364822722986,2.18287830202358,0.576714100686402,0.5581908025861415
228,7.431168595037318,6.881644890331612,0.5495237047052797,1.9621377650614686,0.6403075667719179,0.4672688124819506
229,7.719917459471046,7.223075190248385,0.496842269222725,2.233647521370127,0.5931435063200775,0.5342862463945246
230,7.055670554139735,6.5553018890837835,0.5003686650561576,1.6392513145522916,0.6357172460710502,0.47369524298793947
231,6.969077929164425,6.365793552807948,0.6032843763568962,1.834704228961776,0.6914240670697607,0.3969232384562082
232,7.455825157338379,6.904616478939613,0.5512086783992345,2.597599147674728,0.6064777752642005,0.515107681477211
233,7.482045667587383,7.081549829004136,0.40049583858308324,1.9100669769763012,0.5518855337551398,0.5949370747086493
234,6.992597241355154,6.300071074818139,0.692526166537391,2.4469978281186204,0.6882973528925029,0.4011667584344937
235,7.290540563047554,6.702928222030015,0.5876123410171203,2.8801611045812727,0.6134093796561245,0.5052128019198048
236,7.7737903142455,7.278015880343998,0.4957744339017154,2.2961652414947,0.5900540871947525,0.5387576525482897
237,7.91350712040946,7.2633966486203905,0.650110471789958,2.425135790510266,0.6663185520019941,0.43120605450424454
238,7.686051318360453,7.294502736210828,0.39154858214988053,1.603155377829859,0.5591667942669576,0.5840795476618655
239,7.564552661566606,6.980731793390508,0.5838208681761898,2.4669692276291126,0.6284317168446159,0.483935399040591
240,7.598984522796283,7.257309562136602,0.3416749606594749,2.4686460310375153,0.5125369287282915,0.6548925631309453
241,7.179571342007304,6.700253876997718,0.47931746501035377,1.05937824646049,0.7725722688335479,0.2890119029472438
242,7.37884533356316,6.991142719146635,0.38770261441641196,1.4565875022584152,0.5653559852631538,0.5749043537754843
243,7.519760446996199,7.054192931476071,0.46556751551997877,2.2081623841707945,0.5774163948630591,0.5571625199114838
244,6.95867358747216,6.546002494875023,0.41267109259661083,1.8978155326511494,0.5593733477403557,0.5837725514215881
245,7.443393808690755,6.884110737789659,0.5592830709010741,2.2527474969906276,0.6265287215731252,0.4866184848154551
246,7.466422497806318,6.983920347663866,0.4825021501428637,1.7767406173106792,0.6100982404605837,0.5099332301546581
247,8.07186985575424,7.42938299032446,0.6424868654294187,2.9927022652380195,0.6338743911341962,0.47628073113257713
248,7.396447431596582,6.874072658504393,0.5223747730924515,2.4029840123543043,0.5996261994813947,0.524938133031722
249,7.49895764915652,7.067156835435282,0.43180081372156565,2.1936988326268327,0.5601639056546778,0.5825980689727693
250,7.692653313741514,7.148613490803162,0.54403982293843,1.9556676857731858,0.6372521362590113,0.47154423825275316
251,7.425939979082952,6.7903488927534115,0.6355910863294412,2.571253084281203,0.6497236511007428,0.4541461326472971
252,7.273497288665905,6.7444402435453386,0.5290570451197709,2.2774876981850927,0.6085828506543962,0.5120973906499074
253,7.4948365050371395,6.906381876656259,0.5884546283814416,2.740804352596742,0.6188097673912243,0.4975379225908846
254,7.276739632251858,6.89215601554307,0.38458361670927843,2.1087684026416067,0.537883631525353,0.616016497525856
255,7.1965730759032995,6.653668635232553,0.5429044406710091,2.2544110690094517,0.6173133148915295,0.4996616859474787
256,7.1751845312350016,6.691883096812281,0.48330143442217377,2.2508668673896732,0.5852306409308989,0.545760409266962
257,7.555790666814002,7.057160896629424,0.4986297701843796,2.739447400505764,0.5776681389605572,0.5567940655511994
258,7.083853906515626,6.700003623516321,0.3838502829985373,2.410121217852808,0.5321499181664999,0.6247275043986376
259,7.116237134727609,6.678186103496391,0.43805103123122535,1.6784311588150445,0.5865622352212454,0.5438245180153919
260,6.789865507965598,6.396529573056793,0.39333593490937346,1.8611433461126001,0.5493834777096033,0.5986842264573898
261,7.341228354599818,6.815783252248505,0.5254451023511137,1.8033723105767763,0.6377349427700252,0.4708680814775818
262,7.064997024142369,6.716096283048015,0.3489007410944396,1.595682074036814,0.5312561290296434,0.6260896675014158
263,7.38256429960563,6.878984206257987,0.5035800933483188,1.4113075981648482,0.6722793587712708,0.42302179593303585
264,7.643864217412895,7.0982813120675035,0.5455829053453272,2.350642817424223,0.6139836047063616,0.5043953220021232
265,7.378718102162904,6.694821056433587,0.6838970457292817,2.4220071167391204,0.6853721012965601,0.40514340704743473
266,8.083873500156525,7.4947733291369945,0.5891001710197088,2.152441008581663,0.6504109733596914,0.45319133225446734
267,7.505143274503436,6.985271910183603,0.5198713643194424,2.653957805378729,0.5897129863036834,0.5392519971074444
268,7.478833524277772,6.9079584340572895,0.5708750902203974,2.1384019386144644,0.640436667761247,0.4670883515648523
269,7.267818234649323,6.756222364016414,0.5115958706328456,2.23930802806235,0.6008781922230739,0.5231380444332165
270,6.827547792044581,6.437952006215075,0.3895957858285328,2.0751203014261907,0.5412530291719949,0.6109192665953265
271,7.973379155385712,7.337257791753292,0.6361213636319007,2.92192212927794,0.6337537361753598,0.4764501185081002
272,7.54467585639338,6.914032844128006,0.630643012265864,1.8413532829914718,0.7116400061797123,0.3696544081549036
273,7.487789683110688,7.059931292052288,0.42785839105818013,2.665018007034929,0.5478809042100142,0.6009385673622464
274,7.269894659646863,6.783131631945293,0.4867630277012722,2.129133674373806,0.5921641147436385,0.5357025879604037
275,7.383829174814648,7.004422326048311,0.37940684876684827,1.6154089116528443,0.5503957724580332,0.5971671747761637
276,7.253453490421973,6.604293886396317,0.6491596040259537,1.9389568831838275,0.7119025340880187,0.3693021353647467
277,7.063946236945751,6.566742652849958,0.49720358409649634,1.6206481841751934,0.6353041005542898,0.4742746018538665
278,6.980760847126814,6.557645790657763,0.42311505646830483,1.2149256639964694,0.6260738951203606,0.48726027553556933
279,7.489361112670278,7.037870964535924,0.45149014813432586,1.749962098244568,0.5909993343351274,0.5373884289737577
280,7.668284668957651,7.060281202435282,0.60800346652195,2.332197099124155,0.6490427672466429,0.45509239746113817
281,7.447566411441014,7.007311520093336,0.4402548913476494,2.247814044936,0.5629551492417999,0.5784576981081033
282,7.847199656602581,7.35472703192193,0.49247262468088593,2.05238335904761,0.5991561622801125,0.5256143816472906
283,7.224002734794678,6.633976895113851,0.5900258396804929,1.9478245404703056,0.668739210470449,0.4278790088490121
284,7.405117985671834,6.80232901214475,0.6027889735269127,2.1474186596331393,0.6591376846159368,0.4411040320770698
285,7.764320047949124,7.282331679770448,0.48198836817846313,1.4042544858946808,0.6521399568971504,0.4507913212834875
286,7.4330547731755106,6.883834014307017,0.5492207588686142,2.501490844758143,0.6092446946351096,0.5111519027228516
287,7.435948174884627,7.0902137844910955,0.34573439039286313,2.0215202485660857,0.519482958842358,0.6441426145088864
288,7.4370187786029165,6.813886890216769,0.6231318883865242,1.6299897608121618,0.744197272296959,0.326300153239064
289,7.422819196510656,6.966867431806354,0.45595176470487786,1.8843341202475798,0.5860124549659158,0.5446235491670892
290,7.104513990548523,6.577889820190312,0.5266241703584456,2.061493511850557,0.6189041787794016,0.4974040094031122
291,7.104805396311687,6.68809620727549,0.41670918903673737,1.3180910821241465,0.6031200245985648,0.5199190107190735
292,7.319879624421785,6.960998803110354,0.3588808213125958,1.6408866124398411,0.5360466693811422,0.6188022050934957
293,7.337674289018989,7.052558619522398,0.2851156694960082,1.7385523173382165,0.49069710432355107,0.6892004966562565
294,7.116355524312323,6.62977125347538,0.4865842708368291,1.7061008758482217,0.6187442568630313,0.4976308480195002
295,7.078885426621466,6.584188921836383,0.4946965047847698,1.7538013943495798,0.6204085476124064,0.49527141240013184
296,7.169644134468737,6.674798197811616,0.49484593665602006,1.8979210050545454,0.609682193242912,0.5105271578261507
297,7.169964942239287,6.677939151057584,0.4920257911808221,1.7487340988329194,0.6189521048565519,0.4973360344305707
298,7.946336902401865,7.186364058772999,0.7599728436289297,2.6465669654998667,0.7096876181744001,0.37227566094964176
299,7.236032922415117,6.762086787660313,0.47394613475444203,1.39005817054462,0.6467541977820135,0.4582759535514022
300,7.529292700609742,7.018744669273279,0.5105480313359294,2.007720240120376,0.612485064515002,0.5065293878704313
301,7.048198559025306,6.548086414915308,0.5001121441100622,1.7987658996890268,0.6204519070368288,0.495209979402663
302,7.412091336050591,6.908510404299538,0.5035809317505482,2.5092806450918097,0.5864830382925752,0.5439395986114708
303,6.971995543386012,6.4900792627351835,0.4819162806497843,1.452782694405311,0.6442079926936064,0.46182336674845587
304,7.30147286992212,6.879142128504687,0.42233074141768157,1.975354686827112,0.5620805358118675,0.5797539797633747
305,7.297356613577333,6.803875715278548,0.493480898298003,2.80513974184675,0.5738204651446751,0.5624338447428466
306,7.685507262073199,7.173691836208971,0.5118154258634604,1.3568120952631215,0.693280058658414,0.3944077015572297
307,7.565658051919283,7.0464291292771835,0.5192289226424691,2.086385861462505,0.6130113792061598,0.5057796025976364
308,7.002548203652961,6.623843502526033,0.37870470112738985,1.4642979499850401,0.5580843923101717,0.5856892010920357
309,7.79471600501017,7.274113306193873,0.5206026988171288,2.0567327759504934,0.6155791288504973,0.5021256635149973
310,7.570002287975851,6.8883847948031915,0.6816174931727801,2.4927748846558107,0.678914328023051,0.4139450803089924
311,7.847756648766674,7.26754787602236,0.58020877274339,2.2005714514259616,0.6417317371970308,0.46527890802793415
312,7.8931879338355175,7.155322545919877,0.7378653879159174,2.9933753927788835,0.677021180574539,0.4165314203020384
313,7.64394428639059,7.233140397186792,0.41080388920363475,2.4841492355342503,0.5433445651231171,0.6077631615962795
314,7.477408951501613,6.98282073672235,0.4945882147794691,2.2273807644079273,0.5921918283165026,0.5356624953702238
315,7.074692092007692,6.700032809086342,0.374659282922039,2.1932896865799574,0.5312350717320059,0.6261217734947343
316,6.848857992852001,6.306415828586087,0.5424421642655943,2.65488771519761,0.6002564364617339,0.5240317794288574
317,7.178559140425361,6.661070868044317,0.517488272380433,2.6055151198401614,0.5900878037702776,0.5387087955481031
318,7.68338535713917,7.21834854376034,0.4650368133779921,1.1742182400163301,0.6881144046204538,0.4014152756302767
319,7.702574184177476,7.130935502041422,0.5716386821359265,2.2449831188027787,0.6339609930543173,0.4761591592080767
320,7.583567114090667,7.204588982197454,0.37897813189283625,1.5295657237353186,0.5544243098773768,0.5911434488953964
321,7.666327350421281,6.8518124236026,0.8145149268184468,2.264831971069878,0.782171418197646,0.27649041806841224
322,7.117832000879727,6.565290076384476,0.5525419244950172,2.230889477365661,0.6239743817013844,0.49022543862048934
323,7.938791287581236,7.508431232687255,0.43036005489466334,1.4700838261729192,0.5976937838366909,0.5277198644408128
324,7.4105946678859,6.915406702553921,0.4951879653317519,1.5649875231260726,0.6402942838532473,0.4672873805746562
325,6.961010400108873,6.339294661578674,0.6217157385308383,1.7225617197480219,0.7238540460811334,0.35331267254246246
326,7.395868443093943,7.018152700164198,0.3777157429294675,1.3322238149284278,0.5671834296408326,0.5722045141407811
327,7.288038918103095,6.86918164272041,0.4188572753828339,2.1991532208641544,0.553342092745856,0.5927595338728664
328,7.75206780796668,7.40435287608106,0.3477149318850934,2.2748406755209025,0.5171128716933677,0.6478022318479247
329,7.868021969553749,7.348619123864364,0.519402845689001,2.1658362555300883,0.6087701582701279,0.5118297629123191
330,7.407409041410912,7.202741391510341,0.2046676499012392,2.1127669162829097,0.4524773301943431,0.7512913560445745
331,7.60177673574469,6.963062141142243,0.6387145946027886,2.5462712244846095,0.6527244590114784,0.4499805584938473
332,7.003606415034821,6.41878129172972,0.5848251233055635,2.32121988595992,0.6368117800423188,0.4721611326327604
333,7.631270892912082,7.158031730426051,0.4732391624856973,2.1329313224884974,0.5844741405681604,0.5468611318422946
334,7.633559265294363,7.129332364981264,0.5042269003124602,1.5661975631774556,0.6477029787802677,0.4569555726913436
335,7.362380794028806,6.922477526104221,0.4399032679239099,1.7752906037851623,0.5818343640021106,0.5507072643922438
336,7.474685447082604,7.048930875042854,0.42575457203929545,2.1729800329188382,0.5576147115240733,0.5863881413799328
337,7.208902330139037,6.661745281865071,0.5471570482732204,2.116579415298924,0.6277180188967006,0.48494125228659
338,7.508263924487776,6.94513117493963,0.5631327495475489,2.120077500096249,0.6370487308743803,0.4718291662434693
339,7.345600661488217,6.851667331503134,0.4939333299853388,2.54274488164881,0.5808251416155772,0.5521798452288873
340,7.6485270626675375,7.258244520273895,0.39028254239292437,1.7675024265470949,0.550931131427862,0.5963654271542804
341,7.917619055660336,7.404258304649322,0.5133607510106231,2.344547768335941,0.5973169824226707,0.5282627491996693
342,7.584216692192396,7.0979606784836635,0.4862560137089531,1.8632577411474198,0.6064547407477927,0.5151406469788354
343,7.315115014740852,6.867437137852645,0.4476778768876102,1.8762412193058644,0.581327999427734,0.5514459637376059
344,7.393369566835983,6.834525461106826,0.5588441057298041,2.6343207588358073,0.6087854124881165,0.5118079690871036
345,7.087264437687165,6.6608857194323265,0.4263787182544547,1.8751718542086806,0.5684205998643321,0.570379102888628
346,7.124400220409709,6.655558763015994,0.4688414573938644,2.3808691414538927,0.573436028086453,0.5629983197645875
347,7.3488634534982085,6.872768075727255,0.4760953777713439,1.6463111566797402,0.6164454135966133,0.5008944430217278
348,7.949705976609377,7.443521386550555,0.5061845900590924,1.8935234717664056,0.6173041457834059,0.49967470567263095
349,7.210371231315887,6.5537704817735944,0.6566007495421218,1.388361140448371,0.8887675742034333,0.1398638370888712
350,7.777329557262758,7.292762081766651,0.48456747549698775,2.615705976852844,0.574426961247221,0.5615436810572025
351,6.900191733868607,6.305882520211289,0.5943092136576524,2.5704977566118696,0.6288272056662019,0.48337822600863994
352,7.016064354890088,6.493005415852356,0.5230589390366731,1.8100933392420586,0.6354342391281205,0.47409208981965556
353,7.316081871461731,6.708594800801937,0.6074870706597721,2.096371076673597,0.6663166814345547,0.4312086273255125
354,7.778349021254482,7.387968304322148,0.3903807169326683,1.578599858480496,0.5596916343255796,0.5832995961967959
355,7.343413157066036,6.899224021020932,0.44418913604476984,1.4274046473519046,0.6139953125629802,0.5043786579373196
356,7.175031331620969,6.70091917507482,0.47411215654665284,2.1896176729240047,0.5826776993080269,0.5494776487862642
357,7.10592760012548,6.63321162682571,0.4727159732992732,2.5787327424110273,0.5698865008112284,0.5682186624077299
358,7.974713072095594,7.338804513631065,0.6359085584645072,2.5441875803560503,0.6513857053973742,0.4518379815890888
359,7.217278182626953,6.632973556350518,0.5843046262771168,1.5952181680384285,0.7144154264257171,0.36593252395902565
360,6.928182891105618,6.504466346632751,0.42371654447288165,2.1205140271023097,0.5580701417358593,0.5857104034137469
361,7.027329882387105,6.623812412677812,0.4035174697091861,2.22236018425626,0.5450156017834563,0.6052459303386336
362,7.446760805940696,6.8258716050114545,0.6208892009290139,2.44929687995176,0.648922966499667,0.45525893383009025
363,7.038209976597838,6.457144326485666,0.5810656501125777,1.4742126909095248,0.7399496212858572,0.33192006174885835
364,7.032274782037686,6.557217544819108,0.47505723721860704,2.949866441179907,0.5630117104301784,0.57837390114192
365,7.386378475918147,6.93171642098918,0.454662054929031,1.4859738477384177,0.6160106254468677,0.5015122973247728
366,7.7231163717573255,7.176777909566543,0.5463384621907608,2.4504894952658844,0.6099083397676777,0.5102043003183958
367,6.839892384073548,6.22668702020187,0.6132053638721118,2.0789508349420984,0.671533861647438,0.4240438121950396
368,7.387442653427908,6.821190639499531,0.5662520139285334,1.7058316281086938,0.6798867225122663,0.41261771173590056
369,7.3683883751504,7.039990556236956,0.3283978189137997,1.970619814180301,0.5112618787169761,0.6568740912368611
370,7.158484347488749,6.618923579609022,0.5395607678792658,1.954339033892106,0.6344444251442316,0.4754806456190705
371,7.556237655313791,6.904045238115271,0.652192417198421,3.076384403239155,0.6350176767516189,0.47467635080271875
372,7.230618647933054,6.8273392171214455,0.40327943081229023,2.027316069512171,0.5498149866477486,0.598037387461793
373,7.432084163359261,6.994568967979437,0.4375151953800014,2.616031219052724,0.5530350267609243,0.5932183602903582
374,7.664238275822183,7.2948819041704995,0.3693563716524295,2.089198151132976,0.5304528951986214,0.6273148132667634
375,7.459494652639816,6.819594760901556,0.6398998917384233,2.5221748184957047,0.6547291903497381,0.4472020375769829
376,7.6764452471664955,7.0827931965503526,0.5936520506156739,2.463317755682958,0.6337378747657597,0.47647238734171954
377,7.366973261143696,6.9166159559096885,0.45035730523341044,1.8924712088054179,0.5821514135740613,0.5502448962324564
378,7.311929731397297,7.065892427439484,0.2460373039575643,1.7439164691084894,0.4698542630976765,0.7227161960282551
379,7.550632242753065,6.984673212817481,0.5659590299346746,2.4563332147052126,0.619704406486959,0.496269323616888
380,7.760976109880514,7.160589010426553,0.600387099452746,2.1358359003717915,0.6585823019758347,0.4418713524278493
381,7.509360879569042,7.1564531120752735,0.3529077674929795,2.197773776973529,0.5205285807609703,0.642530826173649
382,6.887313126042838,6.330679446666534,0.556633679377228,2.9337523739212,0.5980669447851827,0.527182378002926
383,7.304827449960951,6.689927662985444,0.6148997869759114,2.644100607263688,0.6356354669425868,0.4738099102043277
384,7.292362738471067,6.950411788983918,0.3419509494869999,1.4463381636973907,0.5324345878436902,0.6242939021451159
385,7.404441284713696,6.900729676112758,0.5037116086004971,1.9062882456986152,0.6148072171747296,0.5032233964518402
386,7.637379568895423,7.133316941510839,0.5040626273848829,1.9305356486922935,0.6133872589267713,0.5052443002471974
387,7.335498469229035,6.997643543824457,0.33785492540482664,1.7607340523832278,0.5199786040539844,0.6433783870012536
388,6.970420785646067,6.540336337535298,0.43008444810948276,2.0438147104924447,0.5639999518794725,0.5769104485631963
389,7.313939135612938,6.829865890845189,0.4840732447682967,1.2908503312027761,0.6780947622168328,0.41506439643985554
390,7.517885777417516,7.08322545862507,0.43466031879233924,2.1840853728040326,0.5619354274601482,0.5799691418822768
391,7.4186723768910925,6.741317538600041,0.6773548382907393,3.181158743902774,0.6419965156563836,0.4649091528669291
392,7.071813706722762,6.698394545961553,0.37341916076093185,1.5327126956292858,0.5503584112844708,0.5972231407785482
393,7.869986309949465,7.198746996495541,0.6712393134539525,2.7884952163306913,0.6560781785499483,0.4453343072962802
394,7.393709150826337,6.89950541754946,0.4942037332766631,2.4042446714104333,0.5853289487905096,0.5456174180043498
395,7.189908824346614,6.642109950552428,0.5477988737948181,2.0166577435694055,0.6349785590599042,0.47473122471415125
396,7.81417240795906,7.266849094336199,0.5473233136235649,2.3223952008900213,0.6162762098186951,0.5011348667669779
397,6.853524105199878,6.449863559597941,0.4036605456021789,1.7323771303668014,0.5607610754881396,0.5817114236863702
398,7.500718096622561,6.984134432433049,0.5165836641899659,2.0427501084781845,0.6140094475771734,0.5043585394292759
399,7.396583585283563,6.849215430764301,0.5473681545181535,2.4143864500928007,0.612002723211803,0.5072167790206328
400,7.230380100660452,6.671056685668835,0.5593234149919226,2.5752383266453798,0.6112867510445976,0.5082375628981741
401,7.582902918439115,6.987276117223279,0.5956268012159853,1.9756582603375854,0.6697694430673307,0.4264644554472612
402,7.2611552440606575,6.842203397699142,0.41895184636177873,1.85097047462917,0.5649860938036941,0.575451335694639
403,7.504871127352428,6.9728906790131875,0.5319804483397093,1.5437265328697727,0.6753697023667292,0.4187898788170495
404,7.307087469146947,7.065251581735841,0.24183588741107087,1.3652285208361672,0.46747518661665344,0.7265932138285907
405,7.726370657379786,7.222057440030047,0.5043132173505,1.8735569330978858,0.6175237273448934,0.4993629329020275
406,7.810508260146318,7.24088663681965,0.5696216233272935,1.9805229466124956,0.6519350922067001,0.4510755591806882
407,7.131928744604349,6.668775713295344,0.46315303130904795,1.8417924350843151,0.5929337410044662,0.534589507035961
408,7.545303461599699,7.0786716589509,0.46663180264840776,1.9575083016493586,0.5887193900213158,0.5406927303516023
409,7.7037671200199584,7.261099150627186,0.4426679693933693,2.6231302791873734,0.5552060777319341,0.5899769876002907
410,7.285742090400501,6.647597216695165,0.6381448737056417,1.97836028605591,0.6989328723802497,0.3867613777561009
411,6.702107619721002,6.372510897573304,0.32959672214838065,1.674079015159247,0.517062428763793,0.6478802142407131
412,7.576108686760901,6.971318937089703,0.6047897496719088,3.0489902856884488,0.6154476519243379,0.5023125936149694
413,7.7038663186616505,7.252765259687242,0.4511010589749276,2.9621788644312677,0.5529325590026888,0.5933714982152378
414,7.1672035067653015,6.724590635005545,0.44261287176050246,1.2199036481756167,0.6469983277286663,0.45793613133725386
415,7.13268060024927,6.535722529090468,0.5969580711589515,2.1538956118667194,0.6550689926271622,0.4467314204357153
416,7.828852212611648,7.410953667182189,0.4178985454300346,1.5041902061339858,0.5847877730331974,0.5464047102436758
417,7.552894332892149,7.085150842614351,0.4677434902778259,2.0016292321515206,0.5872000057945606,0.5428980396141708
418,7.675976138592316,7.212198625468152,0.4637775131241142,2.245869250989358,0.5751597549924408,0.5604687415699238
419,7.484082338204982,7.063825945649637,0.4202563925555296,3.186851904125298,0.5379160640495617,0.6159673573899415
420,7.008002674267456,6.431849409791039,0.5761532644764884,1.5167695524890306,0.7236148406289424,0.35363179837431813
421,7.530155565866491,7.073746835373929,0.4564087304925124,2.04904740747803,0.5785442527972351,0.5555123680729291
422,7.067679195028515,6.543917369402938,0.5237618256251153,1.3561088563060206,0.7072123292310841,0.37560263809346556
423,7.87865424308836,7.354647837628531,0.5240064054596587,2.1410408344186607,0.6127210172222943,0.5061932156356247
424,7.599988297385036,7.0782340858651525,0.521754211519692,1.7213878241090352,0.6432007887730179,0.4632282224147825
425,7.253651524336758,6.834144722501681,0.41950680183526856,2.360294480231202,0.5498475060603178,0.5979886504684331
426,7.19421777748664,6.6085161000884485,0.5857016773989017,2.1031590482208298,0.6520841365844967,0.45086876512483925
427,7.296969037377832,6.820653608982053,0.4763154283955373,1.70602029140694,0.6113692421594299,0.5081199257631416
428,7.298571659175079,6.825942284490009,0.47262937468531163,1.4372451401890185,0.63803892847747,0.4704424685818058
429,7.4773004928223346,6.93079833973727,0.5465021530853846,2.5428888751873426,0.606255717041225,0.5154255000832176
430,7.620390001258213,7.165480999183356,0.4549090020746007,2.1953505231079475,0.5722176825427896,0.5647884227239887
431,7.6538975293373115,7.188989527650212,0.4649080016870357,2.108740019307385,0.5808540303068701,0.552137676403419
432,7.834164862850568,7.365248342305205,0.46891652054546284,1.8027577294533366,0.5991311068438178,0.5256504359744619
433,7.42707968257798,6.905888771829507,0.5211909107474639,2.392456721999663,0.5994386107342371,0.525207990592351
434,7.181847029642424,6.802217621848169,0.37962940779470955,1.5117438292676564,0.5558892637668611,0.588958275331888
435,6.72105630594194,6.291711459129165,0.4293448468124552,1.676950933350298,0.5806793050874087,0.5523927378159001
436,7.5360516584890975,6.873921823404811,0.6621298350837606,2.4660374601276605,0.6701413870261932,0.4259539702182716
437,7.4377983968182635,6.812306041378773,0.6254923554397465,1.8608861807413053,0.7048303493705692,0.3788081304079786
438,7.5350361920467295,7.020692299759827,0.5143438922868881,2.2843360197349423,0.6003591028192579,0.5238841741291809
439,7.774958733356809,7.327598951164203,0.4473597821925068,1.4400465040195112,0.6152077085209839,0.5026537834795054
440,7.296704461140846,6.718538814628912,0.5781656465114793,1.7077394089897222,0.6893738890692022,0.3997048912743959
441,7.3299020847838365,6.9098987239361565,0.4200033608467493,1.445918332394763,0.591628919311352,0.5364770119249518
442,7.73617623991083,7.274946755829139,0.46122948408083175,1.5978650942509045,0.609728182938873,0.5104614964446319
443,7.780360834490577,7.1289051158906505,0.6514557186001184,1.999123255577036,0.7058221562421816,0.37747295900473715
444,7.472323919670427,6.981420456959772,0.4909034627098663,2.7501681631634867,0.5739657479591636,0.5622205703458085
445,7.789069298402294,7.099513637475067,0.6895556609269988,2.262763407589169,0.702359025770555,0.3821379745448573
446,7.560521840785779,7.201480249242235,0.3590415915432459,1.9442843956948757,0.5278970880256095,0.6312193860329666
447,7.228811533035125,6.855771173440464,0.37304035959459725,2.2008022095180184,0.5303079577905786,0.6275359817213577
448,7.033989422292845,6.664018441819022,0.3699709804732265,2.0687910854107727,0.531161513673744,0.6262339322928494
449,7.478639917560369,7.038887015677223,0.4397529018824571,1.7408493813411337,0.5837511671153794,0.547913691638648
450,7.566246768051653,7.167909911698378,0.39833685635312577,2.1327983715968895,0.5444380137801901,0.6061155681141609
451,7.210754677739144,6.470730520102937,0.7400241576360713,2.653631529027715,0.6986766941019733,0.3871074072696049
452,6.832690351823996,6.530094318374421,0.302596033449845,1.7914448690840121,0.49973483124382323,0.6749070340753603
453,7.098946133853471,6.665333563503727,0.43361257034939626,2.1967125308266002,0.5610165465512909,0.5813322538095191
454,7.249182149710916,6.724449247885663,0.524732901824791,1.6242637140074088,0.6570783009904022,0.44395059866969716
455,7.36795822251531,6.888645376635314,0.47931284587957634,2.1894845178135114,0.5854917672875193,0.5453806189264568
456,7.4184429217015095,7.053007681190796,0.36543524051103304,2.311310093932363,0.5249793308622526,0.6356887186534991
457,7.895046453874213,7.337308500049436,0.5577379538244713,2.683759895125492,0.6064650568613235,0.5151258831589383
458,7.220567044908759,6.87886538598583,0.34170165892282967,1.9473054808328882,0.5185678425109559,0.6455546075110584
459,7.234681719480588,6.803711246304023,0.43097047317678516,1.6721299866666985,0.582098619051737,0.5503218807782801
460,7.3247190186051485,6.780656285721119,0.5440627328835035,2.9132942691185537,0.5931668370956527,0.5342525198037932
461,7.580780354623468,7.071173914729937,0.5096064398940143,1.7899501097369015,0.6277860974071747,0.4848452843925209
462,7.339538632945161,6.80304544998683,0.536493182958111,2.283949209126405,0.6123054332621716,0.5067853548256337
463,7.2228344318131095,6.61686778142882,0.6059666503842891,2.2521323805846407,0.6532331875906613,0.44927514185729867
464,7.705194560331958,6.953598664331499,0.751595896001163,3.473948207006833,0.661898572689701,0.43729341174209363
465,7.487825578603744,6.900452686389248,0.5873728922151713,2.1691143102223123,0.6481533476397503,0.4563290910878504
466,7.636458651464065,7.162475083070494,0.4739835683940328,2.1892442036686006,0.582622880294216,0.5495575517743957
467,7.6659439534217855,7.28774687556511,0.37819707785729406,1.9621802699751356,0.5378926834076293,0.6160027824176587
468,7.113577203038742,6.611601568678705,0.5019756343599511,2.456817555351682,0.5874175003394435,0.5425821955757606
469,7.339342743638892,6.824293798284931,0.5150489453544651,2.0421013224246547,0.6131250422935666,0.5056177160738208
470,6.913223702845582,6.437925662736316,0.4752980401090099,1.4698933566712569,0.6357759145070898,0.4736129844385438
471,7.177819669527136,6.786565412692956,0.39125425683414505,1.44975814180129,0.5685629971839672,0.5701691215188536
472,7.7144328286952915,7.319461779752875,0.39497104894235235,2.239438419105163,0.5404037519498323,0.6122025541034452
473,7.557574280709898,7.097603493633305,0.45997078707659966,2.491214279556191,0.5661084293899875,0.5737921973872491
474,7.461096085040819,6.95033229234915,0.5107637926912503,1.9355136772479522,0.617309425410681,0.4996672088267057
475,7.981553424083697,7.4367941237425415,0.5447593003409565,2.2907047557586733,0.6164672909545459,0.5008633593266669
476,7.060971691265306,6.452156493334354,0.6088151979311078,1.7334547076726619,0.7108924192709571,0.37065780836906803
477,7.614042619299082,7.075930413125936,0.5381122061726273,2.3187521514713296,0.6115064997284985,0.5079242040557639
478,7.191000882104501,6.5399186665418485,0.6510822155623828,2.099031245140921,0.6942603486490055,0.393080063197042
479,7.872959187244644,7.311872806823819,0.56108638042042,2.402750354287015,0.6196905637558268,0.49628894653372263
480,7.41741431302614,6.9641078621586745,0.4533064508668758,2.210511676998504,0.5708654585481248,0.5667773535945694
481,7.5424122561274745,7.08078448316562,0.4616277729619469,1.6023084430636327,0.6096195768437538,0.5106165613748469
482,7.5256621942456805,7.0042830699078324,0.5213791243377273,2.636570857826932,0.5909500709399982,0.5374597638243025
483,7.457895383832121,6.85241442927789,0.6054809545557873,2.0734930900984736,0.6670542809322035,0.4301943372009233
484,7.26751223278404,6.834783879485447,0.43272835329935333,2.522621800634006,0.5526883441706258,0.5937365330687775
485,7.312683907051334,6.94249305179945,0.3701908552520763,1.6435979063762716,0.5431670494823944,0.6080307953471219
486,7.651104327518962,7.030100847674963,0.6210034798432389,2.759045285344788,0.6334373612931609,0.4768943418299074
487,7.33678996994274,6.989351968246237,0.34743800169690076,1.7347144701869528,0.5261914163317001,0.633830545669417
488,6.568295221753371,6.205773628459451,0.3625215932934225,1.2074088140104546,0.5659819875143249,0.5739790362270177
489,7.428936604419843,7.007083227099412,0.4218533773200761,1.6671527602889125,0.5761755465116319,0.5589797409654399
490,7.00883515816565,6.620839167323877,0.38799599084268266,1.7818860362732423,0.548998129028192,0.5992620822661933
491,7.7519722739283425,7.348562355229785,0.40340991869834397,1.65733780820368,0.5642994812111743,0.5764671299688018
492,7.612346083448185,7.138079261419326,0.4742668220296764,1.8641566290539657,0.598680877156361,0.5262984250161178
493,7.517884468579152,7.170456468799228,0.34742799977902905,1.9976832164609242,0.5207430286728456,0.6422004687924997
494,7.451929183651711,7.030351188835977,0.4215779948153795,2.2176999899612717,0.5542497091360759,0.5914040772789815
495,7.829435784752943,7.349062281075047,0.48037350367849285,2.4474768413879193,0.5771150212735403,0.5576037118358873
496,7.541272197535702,7.095269417174532,0.4460027803606863,1.8442125556196594,0.5819461104203765,0.5505442859546711
497,7.490329016382359,6.993525463919018,0.49680355246346153,1.4142156501892291,0.6649111409767672,0.4331426483474527
498,7.663372145031073,7.014790357177721,0.6485817878538,3.037927428223963,0.6348638162819487,0.47489219299668284
499,7.322131596940719,6.80980294359652,0.5123286533444116,2.238720513502324,0.6013033312306841,0.5225271742168281
500,7.451816952900455,6.726579112280288,0.7252378406210482,2.22501921030503,0.7287852610899701,0.3467418574726827
501,7.362531998572533,7.044867007042552,0.3176649915294547,1.2064144464842883,0.5265298241772809,0.6333121444507848
502,7.724933096848301,7.181587814028394,0.5433452828201553,2.0602578783586925,0.629126281137312,0.48295698178113566
503,7.237374640150276,6.727884289083595,0.5094903510671429,1.380744023203075,0.6849776011248971,0.405680188106917
504,7.4016501548206834,6.826189221814535,0.5754609330051608,1.8246500378035453,0.6717578263581611,0.4237367281923732
505,7.737852202700535,7.2044938217467775,0.5333583809533593,1.8219388569220243,0.6415886910729629,0.4654786941075854
506,7.024784881349999,6.56047519130068,0.4643096900490491,1.5963325618098274,0.6122251216014005,0.5068998062943659
507,7.0846461845152335,6.543552163249598,0.541094021265053,1.2246062960443016,0.784248083604195,0.27378730048527455
508,7.593838526280135,6.999374380082199,0.5944641461983338,1.9894849303181932,0.667628400299356,0.4294051586331587
509,7.232504106956523,6.744193896435452,0.4883102105213766,2.488169608872072,0.5797488804087794,0.5537515645812344
510,7.681869769224588,7.146503205478514,0.5353665637458107,2.317822167855523,0.6100810829522965,0.5099577197763939
511,7.550710184491774,7.215078367702543,0.335631816789828,2.2054524452624236,0.5121497704475759,0.6554939654168576
512,7.719742298326648,7.130890424798058,0.588851873528256,1.4353754957752027,0.7611196147171284,0.3040108635580554
513,7.153742579095135,6.611467737614466,0.5422748414803209,2.3479665421804032,0.6123536488051167,0.5067166464520565
514,7.673335051143451,7.21568509743683,0.4576499537060954,2.456313060053777,0.5658903403048637,0.5741144727028514
515,7.507658430477361,6.980709849241667,0.5269485812359562,2.0965542355907942,0.6169721378647912,0.5001461992167237
516,7.611274770272186,7.062995537514962,0.548279232756613,2.117027909881717,0.6283571588001797,0.4840404548210623
517,7.5042041717555295,7.001673782128596,0.5025303896272817,2.431807793774313,0.5885438711400208,0.5409473526173239
518,7.244172231763852,6.806627289503656,0.43754494226050156,1.8069698601583877,0.5785866230074943,0.5554504063597078
519,7.369934298716882,6.871860529150372,0.4980737695668722,1.3870951667668496,0.6715295530603245,0.42404972020598375
520,7.376809295711948,6.948201252632555,0.42860804307929357,1.821929343977441,0.5722219964104671,0.5647820812107714
521,7.68946150589488,7.099176331699764,0.5902851741948325,2.5706699398709496,0.6268050826592116,0.4862286186218649
522,7.5051558125245466,6.95017109516601,0.554984717357911,2.4561993497079353,0.6140768557846084,0.5042625994566554
523,7.38416505465045,6.940546170978711,0.443618883671661,1.5229458081879734,0.6031572964377414,0.5198655379037045
524,7.147739034142771,6.562526616302738,0.5852124178400118,2.1408284528039996,0.6489160349404468,0.45526856985507985
525,7.840663148252472,7.129857046158908,0.7108061020935565,3.0729121036324045,0.660953685523586,0.43859684221921297
526,7.570963503370305,6.99438162196584,0.5765818814043087,2.544891373327287,0.6211039284026496,0.4942864001661516
527,7.372529033059775,6.7004006674460586,0.6721283656142987,2.6064022934855906,0.666507822302794,0.43094574255245116
528,6.962323780895869,6.440738596535273,0.5215851843595374,1.8004057512432574,0.6352795425134644,0.4743090448974337
529,7.096064071717021,6.648101334226337,0.4479627374912525,1.6294725776734307,0.5971470385585744,0.5285076504294377
530,7.472166986111344,7.115535452824706,0.35663153328641783,1.6497531183615983,0.5343191001857392,0.6214264094225596
531,7.35341405094766,6.867122601882461,0.48629144906590227,2.0380230839365083,0.5962754457062125,0.5297641766314604
532,7.450719575942796,6.997264120569267,0.4534554553747512,1.7883267768845101,0.5898901655274407,0.5389952015515014
533,7.692976372534187,7.1374118796408625,0.5555644928945185,1.8329533310760926,0.6563110321523562,0.44501206914252156
534,7.270176010074803,6.873942252120782,0.39623375795417815,1.9494960983276979,0.5482184500395484,0.6004318750099222
535,7.157139117622475,6.663583838544409,0.4935552790784641,2.2119045141377693,0.5922845897005429,0.5355283058671844
536,7.9652986882923615,7.36632952223668,0.598969166056122,1.962746782181478,0.6733592323545605,0.4215421594415976
537,7.4235020643303615,6.97699248346012,0.44650958087004256,2.6620463503156735,0.5561611710496961,0.5885529990169726
538,6.9970875420243575,6.564640715932531,0.43244682609201845,1.9384461840719442,0.5693389070904206,0.5690253935881041
539,7.726478641379228,7.2148480241051915,0.5116306172731129,2.250326673950978,0.6004012441509479,0.5238235900700943
540,7.407269993355269,6.967020141611177,0.4402498517438289,2.4500311658721277,0.5577577873400216,0.5861751974006539
541,7.40894141364731,7.102472768608718,0.3064686450379668,2.4517264091454027,0.4973630343312774,0.6786446662502541
542,7.214320529111657,6.668540048908274,0.5457804802035753,2.0945953600064833,0.6283158047601906,0.48409872690570716
543,7.238436009576955,6.997742705896049,0.2406933036800183,1.855764583884314,0.4674512866203946,0.7266322173788515
544,7.460435897928957,6.842121289706161,0.6183146082230451,2.0752517934811703,0.6751851770175645,0.419042356676513
545,7.563934855165255,6.992599972156175,0.5713348830095129,2.996041372270742,0.6026526400302401,0.5205896799485288
546,7.343190638320604,6.9531960217834525,0.3899946165365691,1.3353549046062607,0.5772988407127617,0.5573345988666216
547,7.240879366563942,6.672105753791077,0.5687736127729295,2.3615485281784583,0.6258304824173813,0.48760382968114
548,7.68402121087581,7.058649832048471,0.6253713788282766,2.3335849802835043,0.6587299134519784,0.4416673860628824
549,7.302992889866229,6.625389733427352,0.6776031564386358,2.8672435715711586,0.6552541531037601,0.4464750197336848
550,7.393341379106798,7.025333294653383,0.3680080844533222,1.8134062351358171,0.5361136625099976,0.6187005273901794
551,7.52016735381346,7.027732521085963,0.4924348327276675,2.166663847290227,0.5936363188349945,0.5335739736854892
552,7.2594727033323325,6.869678116958011,0.38979458637550124,1.7147577465696173,0.5527480043522252,0.5936473499976004
553,7.128706746860527,6.708777761251075,0.4199289856087489,2.1009676992744772,0.5566346110560043,0.5878475698567664
554,7.518221769084787,6.898350711236891,0.6198710578473765,2.554960408087414,0.6425381017671365,0.4641530419975898
555,7.693377362611838,7.169076448195701,0.5243009144169264,2.41273428333602,0.600222947173519,0.524079930060437
556,7.602707563073065,7.081039736576419,0.5216678264960137,2.331679924690473,0.6021967563397049,0.521244071761052
557,8.092090975753646,7.495205618699868,0.5968853570539068,2.176844490823603,0.6532929958983122,0.44919222475184845
558,7.53569555195497,6.826277105831861,0.7094184461229815,2.9254528955500056,0.6672922760697697,0.4298671590516609
559,7.20970105138201,6.64579249729069,0.5639085540906308,2.2511458551901615,0.6292207302020896,0.48282396920901227
560,7.442388989755611,6.863694902735131,0.578694087020267,1.7476992178386315,0.6840406749096739,0.40695549615789445
561,7.707904473397659,7.262086196907437,0.44581827649017214,1.959977261354334,0.5762532083451476,0.5588659511911842
562,7.476118032795395,6.99886446496667,0.47725356782848394,1.6592738271996055,0.6161140046947828,0.5013653732359443
563,7.086437889961755,6.721113451546178,0.36532443841588247,1.5712895972529441,0.5429896126330671,0.6082983538371092
564,7.195981872747663,6.62436676971807,0.5716151030292167,2.443128014619493,0.6232538170197888,0.49124409205824937
565,7.0497167648521755,6.734727356102302,0.31498940875007975,1.851062333264295,0.5057298119651401,0.6655014569828368
566,7.027175956898984,6.567056978481195,0.4601189784179951,2.035492970065331,0.5812339024321362,0.5515832683158937
567,6.904837763067346,6.579327827456479,0.32550993561108044,1.2570479262786005,0.5298278984058147,0.6282687517199756
568,7.807042885827625,7.368527546491838,0.438515339335936,2.1145561299789346,0.5661896858221741,0.5736721381053467
569,7.955429919799255,7.449854044515459,0.5055758752832844,2.714703818201494,0.5814297588005859,0.5512974900610237
570,7.802126520514659,7.376981000346118,0.42514552016837115,1.2211461879681451,0.6270904045325602,0.48582618885090045
571,7.548667344907128,7.098749049455191,0.44991829545324435,2.1447725556586654,0.5713010167089365,0.566136464504166
572,7.82174079071626,7.1258911974895485,0.6958495932276492,2.065569480429085,0.728621890699374,0.34695930639333566
573,7.6155064092775975,7.050606058795144,0.5649003504822758,2.2414104137308115,0.6303511914196757,0.48123260319675026
574,7.5320504547438505,7.034259080857507,0.4977913738866846,2.2879093451341337,0.591436188755805,0.536755970449289
575,7.33378707877034,7.0119731091681645,0.321813969602772,2.1428782231243027,0.5061371141455804,0.6648645771748987
576,7.353057290012996,6.611390681304383,0.7416666087083286,2.494073053279031,0.7120361679932292,0.36912283645605504
577,7.213862104908341,6.624319578549621,0.589542526358855,1.6240911810447916,0.7135813773062079,0.3670504625246432
578,7.292403211504618,6.857960378121757,0.4344428333834003,1.5155528882692533,0.5966339216702274,0.5292472809224019
579,7.573162361693332,6.916140978452813,0.657021383240135,2.790742227988364,0.649152787620521,0.4549394680165337
580,7.128437967971306,6.781914899819047,0.3465230681522371,0.899180895275073,0.6061270869484701,0.515609624428578
581,7.623527136933601,7.224253387587521,0.3992737493454115,1.6754892328772861,0.560636698006873,0.5818960548812738
582,7.539886206929961,6.976096175107625,0.5637900318224638,1.9249014733766572,0.6530331534828969,0.44955248780469315
583,7.455870588599621,6.96780488320474,0.48806570539545646,2.7262431789725294,0.5732712255056673,0.5632403569386973
584,7.3220288176029245,6.8291392888866485,0.4928895287157502,2.434902942207369,0.5836545178047026,0.5480544470477464
585,7.062273964034259,6.722326428175738,0.3399475358583004,1.325077993647124,0.5371948455348263,0.6170604631529005
586,7.161824702783972,6.497268928869251,0.6645557739147989,2.4287396601593656,0.6740581632455127,0.4205849803448401
587,7.340226755588785,7.020083510127866,0.32014324546071293,1.7230725219862357,0.5105266791023453,0.658017822258655
588,7.4274905156138376,6.818960825510321,0.6085296901037509,2.401033453509692,0.645105603881315,0.46057213957624193
589,6.918055470814918,6.374692402515831,0.5433630682991861,2.762722617703572,0.5972037422898447,0.5284259327850958
590,8.044260908645239,7.584485445073196,0.4597754635715319,2.3013093150955246,0.571305282564544,0.5661301887880749
591,7.132595999560519,6.664111951781625,0.4684840477793841,2.1093144904945067,0.5828173087049298,0.5492741730428662
592,7.339952743255137,6.8978589235235335,0.44209381973178097,1.4996113707761438,0.6042381031605981,0.5183155817256326
593,7.8443312910134155,7.323363064315896,0.520968226698642,1.882501488685076,0.6278656167060399,0.48473319447304986
594,7.519858139681102,6.892602011455492,0.6272561282248716,1.3345952056217492,0.8726747236052776,0.1602619592722067
595,7.534830959043004,7.0116711436323245,0.5231598154114181,2.269802942768834,0.6057508382951826,0.5161482965890298
596,7.16148870411632,6.582457979463645,0.5790307246525117,2.578547772197492,0.6208566427138631,0.4946366272495404
597,7.235927988946398,6.797332724051903,0.4385952648935927,1.7796612033493648,0.5807420785126192,0.5523010979192134
598,7.267329594219857,6.682743624510377,0.5845859697101332,2.3598693091753606,0.6344677480309253,0.4754479166812893
599,7.295614721390277,7.021044444717515,0.2745702766733302,1.2194311686697699,0.49194685928385595,0.6872156252942835
600,7.706657083741786,7.200620580405745,0.5060365033368726,2.153270424959697,0.6018545637403316,0.5217354139809459
601,7.874490174531613,7.548620046959177,0.32587012757267075,2.164263498325507,0.5078913017982225,0.662124708550204
602,7.427071303889872,6.989749588157811,0.4373217157317413,2.0983246102227096,0.5660927062668886,0.5738154298184381
603,7.215175510384481,6.63639126390697,0.5787842464778805,2.7236842648172566,0.6149145248320551,0.5030707583373586
604,7.564535544314251,6.91001493154963,0.6545206127648271,2.7056026694848647,0.6521398430720466,0.4507914791991154
605,7.593168119259073,6.937290326127706,0.6558777931313671,2.7411437328660604,0.6510129306890129,0.45235545664424
606,7.323388794182731,6.7932774507366505,0.5301113434452418,2.1355582621154436,0.6165560905695169,0.5007371964017752
607,7.495966977448345,7.216908636844981,0.27905834060311463,1.9620880532255356,0.48640375641591305,0.6960400375636602
608,7.501953357082468,7.000108640365473,0.5018447167167324,2.706981570343279,0.5799449327655175,0.5534651574846113
609,7.338847208287345,6.819579168489018,0.5192680397994991,1.8627242959583068,0.6283113356081855,0.48410502449777104
610,7.708366726862889,7.229943937298754,0.47842278956431983,2.7215737959252664,0.5690854692849665,0.5693988909859453
611,7.335853942082733,6.867348989235137,0.46850495284706994,1.8074606494302472,0.598550375437179,0.5264862897514858
612,7.0804697011984645,6.669696200292035,0.41077350090654363,1.0724196228513865,0.6456171752328543,0.459859356091046
613,7.570416151400761,6.9927959289671735,0.5776202224333247,2.6320051090502368,0.6179302709829606,0.49878583019285283
614,7.127294580666214,6.649340167589362,0.4779544130769864,2.098139316962861,0.588605590711549,0.540857813084057
615,7.666030151272364,7.240322762153508,0.4257073891185428,2.3137494114105,0.5539247977501394,0.5918891829341741
616,7.170352570879342,6.662479701820499,0.5078728690587013,1.7639969471761496,0.6288627216437102,0.48332819769178026
617,7.37044662343794,6.732517182169869,0.6379294412681702,2.0908201676802722,0.6864628596131875,0.4036598614036437
618,7.4430685771243335,6.794338770422191,0.6487298067022493,2.730276936301454,0.6480745303996485,0.4564387161746787
619,6.901378411781818,6.39717935816707,0.5041990536155936,1.6162103632747513,0.6413901983607421,0.46575595072273557
620,7.388367936665756,6.870227217091174,0.518140719575058,2.028069072318866,0.6158512991832746,0.5017387553278059
621,7.156510756615146,6.6638997077679365,0.49261104884772067,1.4098008669053161,0.6615733959620798,0.437741894851107
622,7.119735329327679,6.709935475479544,0.40979985384728934,2.0269726308344627,0.5533817693671095,0.5927002570818918
623,7.672446791376726,7.073323364947453,0.5991234264283776,2.108379173789226,0.6600262335557444,0.4398769466484314
624,7.165248161386782,6.658177666470562,0.5070704949166611,2.2682813930468395,0.5971649918304306,0.5284817769868919
625,7.105118056153853,6.650946464718371,0.4541715914356246,2.294727310840308,0.568660915616588,0.5700247440153354
626,7.597376447295912,7.130658486850163,0.46671796044574876,2.71313327763065,0.5640802439106501,0.5767916011672226
627,7.3116199969421105,6.9141110856762795,0.39750891126641363,2.2753420022179007,0.5409349116209792,0.611399835359986
628,7.1838643124605115,6.606751924473454,0.5771123879876541,2.274759168801477,0.6352611583164001,0.4743348293950329
629,7.390185729723609,6.759583298287251,0.630602431436273,2.10204962310614,0.6806006065942353,0.41164368588828043
630,7.599754670773447,6.9617198168388486,0.6380348539350962,2.593356576517049,0.6497752427526274,0.45407444923979723
631,7.440439375730759,7.067812623696267,0.372626752035103,2.0057695855091726,0.5338648195679596,0.622117179172117
632,7.24829437266578,6.538634254385021,0.709660118280226,2.9458395384132867,0.6663901145730522,0.43110762784934314
633,7.431374028859293,6.951792541095085,0.4795814877634257,1.751315356781646,0.6100355958770685,0.5100226468419146
634,7.401790153277372,6.901831653406885,0.49995849987044494,1.2671855157147665,0.7042828968756929,0.3795454007008332
635,7.450161889027524,6.913365792829926,0.5367960961975768,2.1764280338786257,0.6180960566087286,0.49855053946804173
636,7.201272488504739,6.634483312684243,0.5667891758203041,1.7423773169007717,0.6753379560344348,0.4188333140152014
637,7.437388532215093,7.000079236405893,0.43730929581033706,1.984169221611161,0.5702998160379553,0.5676099990906585
638,7.1956045845339505,6.839361110808601,0.35624347372504417,1.3824420478564452,0.5462941332294663,0.6033225518215879
639,7.086819120152879,6.485402869733702,0.6014162504188789,2.4380592127793985,0.6391775125122465,0.4688490839893353
640,7.62787757672447,6.948253980095129,0.6796235966294262,2.8353360652817123,0.6577563743198085,0.44301294106092987
641,7.243226368958287,6.800931775359584,0.4422945935984899,1.7290684054971663,0.5861703009522223,0.5443941058365581
642,7.463394226758621,6.825413323667836,0.6379809030913748,2.1959317623165475,0.6767365504897821,0.41692051082057907
643,7.15393971459832,6.662303502655679,0.4916362119429323,2.0612207547603294,0.5982126451192944,0.5269725582822541
644,7.3492038338584935,6.803970288190617,0.5452335456684523,2.5938629702849276,0.6037292038899829,0.5190452252920261
645,8.058725956553072,7.520201563193251,0.5385243933596939,2.551443023158269,0.6020251019280247,0.5214905285073035
646,7.888062099891042,7.28347843217166,0.6045836677185434,2.62672280404348,0.6313501810078814,0.47982732538135886
647,7.692814730353686,7.2172557504259744,0.4755589799278823,1.9264737119400799,0.5958124359828847,0.5304320118173138
648,7.362292956605754,6.780501461821676,0.581791494783829,2.616425763712151,0.6206048109466429,0.4949933552431145
649,7.433770516437446,6.870981582529265,0.5627889339075409,2.1761164281831764,0.6331387543733973,0.47731370342423046
650,7.138720674072258,6.817147286692927,0.32157338737943064,1.881436257211389,0.5088575916850948,0.6606175804772113
651,7.4294436200246965,7.035579982182253,0.39386363784251444,2.3395583587537025,0.537979000357835,0.6158720036919595
652,7.368025815714984,7.004666347834413,0.3633594678804002,1.3493183366595165,0.5540708169483466,0.5916711532225774
653,7.015662543751543,6.7852329361513855,0.23042960760085407,1.3595305963731512,0.4603607446327035,0.7382529618320913
654,7.235625908210179,6.653317155501154,0.5823087527096504,2.8588765613330374,0.6117423517359987,0.5075879375587974
655,7.629516046412729,7.100526557573393,0.5289894888392155,2.170377989837897,0.61397430516219,0.5044085583595844
656,7.691122932351729,7.260253706678609,0.4308692256727227,2.282272777402518,0.5572688070138724,0.5869030712148351
657,7.558459753530198,7.180642966545254,0.3778167869859317,1.3150962342515857,0.5688133448753967,0.5698000157357349
658,7.230624132347995,6.697215288523677,0.5334088438239633,2.2506576384995576,0.6122660493675751,0.5068414796512407
659,7.041019732034667,6.720779889941885,0.3202398420917234,1.179024496826674,0.5305701739734535,0.6271358731940254
660,7.382830194403479,6.916258986005578,0.46657120839881827,1.728865478486643,0.6027263317247537,0.5204839211798926
661,7.5928265097439835,7.029321135247035,0.5635053744972538,2.146667088196267,0.6354749776551202,0.47403495957132447
662,8.075959628008942,7.613915988268926,0.4620436397399317,2.205226365948688,0.5756523396730588,0.55974653006754
663,7.292920059586661,6.813598211050814,0.4793218485356192,1.9963155903824763,0.5943086410818591,0.5326026879205623
664,7.865860205475085,7.309192209504393,0.5566679959711109,2.532104567837351,0.6117108481258048,0.5076328505755161
665,7.247264943581624,6.75624900655225,0.4910159370292604,1.7164224250381608,0.6210335498439874,0.4943860701096368
666,7.7662824235970875,7.235469067171093,0.5308133564267337,1.8765508199097098,0.6349613254445499,0.47475540031310104
667,7.357048865952831,6.900398212976737,0.4566506529754406,1.4203225170716678,0.6259475688519054,0.48743856600570346
668,7.5409621962556885,6.912038610625854,0.6289235856302184,3.2310590807382713,0.6200129368185321,0.4958320126007534
669,7.174346630456395,6.67644547751996,0.4979011529367199,2.2014872958447516,0.5951007985745106,0.5314589237485927
670,7.903403692621734,7.236131703410895,0.6672719892112582,2.8131980059383324,0.6529638540134218,0.449648579118367
671,7.494857739674782,6.910376454105195,0.5844812855693817,2.1249914063572604,0.6496544705974056,0.45424225833824405
672,6.941384813576744,6.5302841719056035,0.41110064167150995,1.798230626610854,0.5624686349786228,0.5791786502989459
673,7.296004982918359,6.781963266758834,0.5140417161601363,2.1093975596287535,0.6086918634858138,0.5119416271334614
674,7.211512293813368,6.700573019808236,0.5109392740059775,1.8152217606781882,0.6265526935486314,0.48658466430760267
675,7.207966264525905,6.734034227506503,0.47393203701903985,1.7894057208822254,0.6033761975306648,0.519551516914056
676,7.688216303515557,7.148495424846826,0.5397208786689589,2.1962638528407528,0.618657723108708,0.497753601078817
677,7.78319284524093,7.236184541595461,0.5470083036452706,2.1316574510810575,0.626676833111974,0.48640953273925547
678,7.632650840730432,7.065198551966486,0.5674522887647981,2.0944156942960976,0.6414887333769872,0.46561831154798605
679,7.537969716527525,6.870089085931963,0.6678806305953913,2.0726240910919422,0.708421733253329,0.3739765897058707
680,8.007687113974836,7.385650759342757,0.6220363546317458,2.246722439836873,0.6630416065372141,0.43571763870287994
681,7.519463347257781,7.048863609141105,0.4705997381161069,2.6520355730776988,0.5671630588753609,0.5722345865997207
682,7.162744287312646,6.6241149821402106,0.5386293051715256,2.263749368538713,0.6144764039077446,0.5036940304724737
683,7.1800614624875125,6.687549955465511,0.4925115070218453,2.437440687551412,0.5833851625906579,0.5484467803469727
684,7.609172892089529,7.105576765128018,0.5035961269613836,2.315383961976435,0.5933928502073178,0.5339258303643655
685,7.724873597051894,7.256144571441891,0.4687290256097185,2.355593204971859,0.5741473042206524,0.561954082663501
686,7.8183777821917575,7.384615433340497,0.43376234884999576,1.407331459550118,0.6073311875305599,0.5138867274408037
687,7.659190620958154,7.017301547295252,0.6418890736631511,1.705152812726224,0.7453144954853788,0.3248237143520217
688,7.624579940318992,7.028028490920382,0.5965514493982482,2.2527038409041076,0.6477390105277443,0.45690544445135367
689,7.4784692276265305,6.894626082374647,0.5838431452511941,1.8713541835504657,0.6725383978330159,0.42266677779887946
690,7.069166686425317,6.665604034460043,0.4035626519644211,1.647905974780432,0.5649050842257264,0.5755711526664274
691,7.527897653403099,6.972794380126648,0.5551032732764725,2.011265163044497,0.6400114413860969,0.4676828022003891
692,7.3657799329824885,6.826998001651124,0.5387819313300497,2.017233884653905,0.6292834360781813,0.4827356652723277
693,7.236506807924681,6.8327465397578395,0.40376026816738886,2.088090782342368,0.5483973172077221,0.6001634387624644
694,7.738773382748488,7.2051835767310495,0.5335898060175168,1.701887158736044,0.6544350622653772,0.447609477155291
695,7.11686719132683,6.640516240179456,0.47635095114674186,2.0296383141967436,0.590881414085567,0.5375591855386396
696,7.2133115953605484,6.834028487183734,0.3792831081773329,2.470694421443538,0.5292256932107213,0.6291884442813682
697,7.129950194971909,6.671795904233801,0.45815429073900305,1.9497390401068788,0.5840295669173188,0.5475083042021736
698,8.021701369742342,7.492429125888134,0.5292722438543933,2.045553319636575,0.6215141178363787,0.4937055885457031
699,7.267120039304584,6.72798267076598,0.5391373685379222,2.2867240841709275,0.6136060498346625,0.5049327797656142
700,7.543826378726746,7.186924590291686,0.35690178843560716,2.1658213573904046,0.5229234551584747,0.6388454849165295
701,7.405573797055124,7.028263798316655,0.377309998738383,1.6531995264744772,0.5473616316061061,0.6017183524247427
702,7.531118832106924,7.168571015829568,0.3625478162775835,1.7987414126459118,0.5333477410723106,0.62290379951008
703,7.0777815402074085,6.536056643812718,0.5417248963949532,1.9787339160901123,0.633962421205039,0.47615715442662426
704,7.6583997838901015,7.180070278334381,0.4783295055549388,1.4460928404131685,0.6419347382486352,0.4649954174735624
705,7.705015671879093,7.298235378116108,0.4067802937643137,2.3014607922294648,0.5449286270047129,0.6053768534835239
706,7.4937691085355,6.903481810900975,0.590287297634859,1.7660029970620634,0.6907041423775734,0.3978996712561427
707,7.673647668607711,7.039236277307386,0.6344113913010005,2.9612768848693065,0.6314662998851148,0.47966404256218564
708,7.483687869454454,7.052076612401206,0.43161125705228187,2.6646499583836274,0.549534060243023,0.5984584723214865
709,7.563602874575165,7.075996193767584,0.4876066808074029,1.283550357186547,0.6841690349563488,0.406780738296612
710,7.337147813042404,6.904362498655279,0.43278531438772916,2.448268650311398,0.5542692001094114,0.5913749809040751
711,7.856171146739482,7.390542197409208,0.46562894932958443,2.0291204726739345,0.5846846546057423,0.5465547633860027
712,7.461615865431097,6.6422771972431365,0.819338668187811,2.1657504663888894,0.8012076841754706,0.2517844410944642
713,6.923891866047026,6.25634599141402,0.6675458746340155,2.0593093710743346,0.7097595164692072,0.3721790858915555
714,7.337224353468057,6.761369237543438,0.5758551159242415,1.5643676674310356,0.7126762322519501,0.3682642156287128
715,6.945567624657426,6.5473913478248535,0.3981762768326007,1.813921771157709,0.5539483579201245,0.5918540019780358
716,6.962215676809476,6.567053249445782,0.3951624273640846,1.977760326234689,0.5467907939785918,0.6025759944440504
717,7.420769994154736,6.967250085872824,0.4535199082820327,1.6623388534774381,0.5985834529073333,0.5264386710717829
718,7.044479361821115,6.566761506495031,0.47771785532586364,2.202727423894265,0.5841082866357337,0.5473936940570275
719,7.762774467618667,7.19903907098561,0.563735396633092,2.537805670954697,0.6149919304455007,0.5029606611983212
720,7.6088202972317704,7.305941070471808,0.30287922675961454,1.0957243727172816,0.5212994519204568,0.6413436244324363
721,7.395871882751064,6.842281460971823,0.5535904217795178,2.5050471822744313,0.6112875834881148,0.5082363757500998
722,7.994394625102697,7.336690108839702,0.6577045162630384,2.727700399169283,0.6525769535250361,0.4501851354073461
723,7.333549311726867,7.032481418111563,0.30106789361525443,1.6824022564844476,0.5002141455080726,0.6741528449608766
724,7.763116341098223,7.238608553290004,0.5245077878080338,2.390588794772457,0.601217314026901,0.522650754163251
725,7.698980337434816,7.1068685243212615,0.5921118131127514,2.92365030661003,0.613961584588004,0.5044266641285202
726,7.372800126287413,6.931474573818325,0.4413255524696069,1.4746583437290806,0.60619001815246,0.5155195409390341
727,7.124453850556503,6.535014076060816,0.5894397744950766,2.7351265734998407,0.6194917395071182,0.4965708131395703
728,7.68944463473724,7.072606278966231,0.616838355771506,2.1817154908162557,0.6649862815755565,0.43303921408769713
729,7.567273905580234,6.916827951684302,0.6504459538964511,2.3815578634550754,0.6695310092376014,0.4267917593009599
730,7.639036075642591,7.1109068201183705,0.5281292555246182,2.2554304597280783,0.6091353066252261,0.511308139194852
731,7.681113424974112,7.130761127635158,0.550352297338577,2.382339865065534,0.6150161143673731,0.5029262646767187
732,7.150096161810663,6.612434508391847,0.5376616534185814,1.4524538244260778,0.6985812444470147,0.38723634651398686
733,7.167590135523253,6.818556676666309,0.34903345885777526,1.7013684033769891,0.5280430923374333,0.6309960726719952
734,7.09802730308945,6.622929547807307,0.4750977552830591,1.734354559084828,0.6082358334949673,0.5125933105732794
735,7.2636427860555814,7.014215547757748,0.24942723829826718,1.7704118960721829,0.47165022435523907,0.7197966231664545
736,6.78814596000336,6.270049247303629,0.5180967126998439,1.9235558780559945,0.6228613551814528,0.4917991249706018
737,6.938418889131182,6.581286721817105,0.3571321673134662,1.5515770866445067,0.5383422885672062,0.6153217014889247
738,7.369235793528216,6.872006521138585,0.49722927238963166,1.9282418565627868,0.609216421422902,0.5111922835298732
739,7.109636749636931,6.5953701553769095,0.5142665942603344,2.340419206716515,0.5979560500766512,0.5273420904934507
740,7.689069540678585,7.249397204472989,0.4396723362060584,2.199487188879404,0.5640854669749222,0.5767838703262219
741,7.670866100289797,7.135862191570479,0.5350039087197729,2.1165973621261767,0.6205255933862572,0.495105582549697
742,7.070639338753947,6.444287600310081,0.6263517384441002,2.1834263860064596,0.6706593495816244,0.4252432623905927
743,7.451662295267281,7.157244578998392,0.29441771626898117,2.1579011218896937,0.49307622462413403,0.685424283772728
744,7.36859679459246,6.829849656172375,0.538747138420149,2.5681897275768595,0.601522797488482,0.5222119056648846
745,7.042412965646119,6.721943716038052,0.32046924960832257,1.1751773783401003,0.5310483584075871,0.6264064829342986
746,7.512382110533847,7.100850850468913,0.41153126006520324,1.6497709613291747,0.570183532326903,0.5677812215249304
747,7.228692892507181,6.708217118383023,0.5204757741239519,2.6526675921403466,0.5900335506569394,0.5387874116464384
748,7.291430672080762,6.98709733018119,0.30433334190001915,1.299002314037601,0.5113934374478211,0.656669519372225
749,6.827269249556022,6.297401122459481,0.5298681270960515,1.8954995073643595,0.6327550989284388,0.4778526298571769
750,7.503506038356474,7.117396615213662,0.3861094231433526,2.2125134202216064,0.5365487460990679,0.6180403421038023
751,7.313842917587292,6.957258492091836,0.3565844254953845,1.0067961085167134,0.5907264614000366,0.5377835914308243
752,7.321015982729816,6.6802647511941915,0.6407512315354325,2.5282623954811907,0.6548205965607804,0.4470754326650159
753,7.419944766492674,6.997129188254829,0.42281557823753246,1.2859251676343124,0.6135272002804979,0.5050450422693566
754,7.495394319282579,7.0198847026088815,0.4755096166745716,2.4041316714609007,0.5760347279727304,0.5591860861272426
755,7.962684539588165,7.413465076666225,0.5492194629223377,2.082008577780668,0.6312319545597812,0.47999358494659805
756,7.509401472361216,6.996850689756752,0.5125507826051034,2.3391187518352616,0.597114804315625,0.52855410584885
757,7.428425188585945,7.074108157657077,0.354317030929451,2.2950828272059454,0.5199718806601931,0.6433887511811116
758,7.464202446999818,6.969418298185457,0.4947841488137783,2.104260582564553,0.5978741101384621,0.5274601104615382
759,7.48001150573725,6.936845170908005,0.5431663348290385,2.376581389154145,0.6115084501223,0.5079214230422165
760,7.284312773459871,6.715245280389124,0.5690674930701789,2.8104331507817797,0.6073692310858536,0.5138323173922744
761,7.198175713325665,6.737297575411685,0.4608781379138236,1.9662181214134709,0.5848528745153672,0.5463099839281353
762,7.359376052663149,6.767393125977837,0.5919829266849774,2.2433061142740076,0.6457288268955409,0.45970382047025005
763,7.352332739358983,6.992277146311449,0.36005559304885537,2.0821300441849644,0.5258280705354232,0.6343873386060326
764,7.303947224450323,6.771409976520087,0.5325372479310317,2.3019152679803785,0.6093086846438982,0.5110605129946479
765,7.101340736862196,6.632112944982755,0.46922779187934793,1.7503430132030537,0.6029762209257292,0.5201253355694835
766,7.375050278439969,6.896366593083447,0.47868368535637273,2.059924190144814,0.5907792158507033,0.5377071882333859
767,7.6951275139693935,7.16101184864385,0.5341156653257713,2.20076995275409,0.6152422762406129,0.5026046259662195
768,6.9897275450670096,6.581344750111978,0.40838279495528695,1.7543569211145282,0.5627410663130576,0.578774904685389
769,7.477623026787453,7.014590683181777,0.4630323436049366,1.8159962162792294,0.5944270862254152,0.5324316254962356
770,7.157417297095319,6.576734727746701,0.5806825693489372,2.3577237948475744,0.6324664386509649,0.4782582066913104
771,7.0227075306214575,6.621409726086367,0.40129780453480635,1.5740869111678055,0.5675881090405972,0.5716072110534202
772,7.973375664174793,7.588935425367734,0.384440238807656,2.0117898129451817,0.5400449873213061,0.6127449629005541
773,7.534007975544566,6.894325126457692,0.6396828490869666,2.9214376096138324,0.6353872536107038,0.47415798254472336
774,7.790923161490693,7.408465036219771,0.3824581252720236,2.8901547113508457,0.5260151891281373,0.6341005725769002
775,7.613505516061534,7.107605622053666,0.5058998940085075,2.6896751347731147,0.5822495356053181,0.5501018241412831
776,7.170194135384347,6.617360301274492,0.5528338341109702,2.2262775630614193,0.6244003993747613,0.4896234219299816
777,7.558812067700612,6.985946067803103,0.5728659998976582,2.189474427503262,0.6381687989253411,0.4702606618790511
778,7.157370736564528,6.687518996469419,0.46985174009478214,1.7179411506075972,0.6058416642566857,0.5160182480849034
779,7.207547095788297,6.851149969425568,0.3563971263629355,1.5595222557101014,0.537523094455147,0.6165628654636481
780,8.049745843553293,7.3058784715507175,0.743867372002569,3.122732872618778,0.6733519367859728,0.4215521526877104
781,7.305287401643338,6.738126884135402,0.5671605175084551,1.9898455594979634,0.6495196673757273,0.4544295782690673
782,7.414203148266435,6.851762639270423,0.5624405089965876,2.252262806881049,0.6283298000037608,0.48407900598780457
783,7.774361534173633,6.983388547307816,0.7909729868651993,2.991863551644748,0.701793823378692,0.3829001186609254
784,7.887916040948196,7.3530549634537765,0.5348610774935878,2.654584511803888,0.596699874364989,0.5291521974394243
785,7.369514495285668,6.968452287990577,0.4010622072946717,1.821845727721879,0.5553816326115257,0.5897151558175598
786,7.460638782219005,7.069479501804847,0.3911592804142856,2.6523765083086897,0.5321377898262881,0.6247459806136825
787,7.310424667049458,6.8892670745941205,0.4211575924555291,2.2935405979891055,0.5521604945106011,0.5945257954368389
788,7.440992797587907,6.952331934476452,0.48866086311227264,2.2931417639593246,0.5864519968894655,0.5439847066587283
789,7.366693323842239,6.797042067250364,0.5696512565918965,3.01240151522739,0.601466467683812,0.5222928198300381
790,7.323201642010983,6.931647775352968,0.3915538666587963,1.6614127882301144,0.5562566291618266,0.5884107421502537
791,7.031755566090735,6.512171688005982,0.5195838780855411,1.9956653243973221,0.6188101393151391,0.49753739503620564
792,7.225475401076776,6.759559782532077,0.46591561854529573,2.2759943182975118,0.575259186767809,0.5603229344232756
793,7.156519276604169,6.825293519797012,0.3312257568077257,1.540182009520775,0.5216582475556818,0.6407913593847403
794,7.454758132282561,7.064356659810291,0.3904014724721492,1.9769337501008373,0.5441924287821441,0.6064854688274373
795,7.363994797979442,6.836849181615524,0.527145616364578,1.4547311970610792,0.687319405993915,0.40249549113924576
796,7.4627678753244,7.081912753293222,0.3808551220317895,2.154668683858427,0.535040236959036,0.6203304721626588
797,7.23411510230778,6.676080052565671,0.5580350497421023,1.8642504288244837,0.654881259049671,0.4469914142227681
798,6.822013056277112,6.519243181282609,0.3027698749938281,1.890285628045854,0.49884463945296853,0.676308748483098
799,7.537741658816569,6.961600018942971,0.5761416398736401,2.6474978857742517,0.616593172358,0.5006845144457908
800,7.837096344890026,7.412950265895984,0.4241460789935445,1.9847035079806368,0.5627720406159913,0.5787290064721594
801,7.749068553085974,7.18664852087768,0.5624200322072284,1.6213179119359964,0.6896273773195485,0.39936079479708164
802,7.233633015321513,6.862123094544612,0.37150992077749834,2.3697105161505476,0.5270229245143287,0.6325570769469145
803,7.561417154682542,7.195273280055187,0.36614387462759623,2.302716743385492,0.52542983459567,0.6349978233728063
804,7.826235461130975,7.314702346955021,0.511533114176018,2.8417668870660293,0.580838627882297,0.5521601592018629
805,7.079032695956241,6.50350295945361,0.5755297365021761,1.983416076092876,0.6555779790793073,0.4460266727152834
806,6.90211755594589,6.3709129067533015,0.5312046491926594,2.0909949830849275,0.61982807244071,0.4960940280521839
807,7.346046580198501,6.963475098791851,0.3825714814065577,1.340445725578867,0.5705220850945327,0.5672827643848036
808,7.406174730818177,6.860507078540604,0.5456676522771886,1.8320977369985556,0.6493235063771279,0.4547021882601569
809,7.211183005765972,6.698617338185099,0.5125656675800201,1.7998197056647918,0.6289974097598038,0.4831384850644546
810,7.427342870797813,6.968786990906328,0.4585558798917191,2.118732954443404,0.5769534189776993,0.5578403321092419
811,7.468789907961193,6.98759742847079,0.48119247949034616,1.8501349155972697,0.6040395885202756,0.5186001728482141
812,7.084554116535739,6.584828585366897,0.4997255311691333,1.929543584017006,0.6107075181894053,0.5090637809230568
813,7.305861545339551,6.7771252301964156,0.5287363151437603,2.6234865821283684,0.5948290579912954,0.5318512005759628
814,7.417084593900083,6.86904256707425,0.5480420268249873,1.8511222412454558,0.6491403165020445,0.45495680246399717
815,7.703574651175924,7.21924053635188,0.48433411482437805,2.0195244695145984,0.5960758661340423,0.5300520168891446
816,7.50942490537943,6.9423529858739785,0.5670719195049969,1.834084798325705,0.6645182110216197,0.4336836088118172
817,7.261288085118733,6.7131980508504485,0.5480900342681707,2.0026875364897183,0.6362077425937993,0.4730076202464904
818,7.51359328912383,7.147958999510661,0.365634289612899,2.197923626300458,0.5267206631186846,0.6330198765684965
819,7.458377545884443,6.942982898920197,0.5153946469645234,2.6257051601835393,0.588479569397429,0.5410406428427648
820,7.032549387204537,6.571844099657409,0.4607052875471709,1.9401649703340471,0.5860327308884679,0.5445940746862521
821,7.03582213622428,6.658566950196634,0.3772551860274689,2.053028822445752,0.5352781040849799,0.6199691404274275
822,7.353890675556042,7.003452888543809,0.35043778701310657,1.502469048801787,0.5358844851811748,0.619048383952393
823,7.78073071043161,7.461530811135018,0.3191998992961089,2.3813597269272524,0.5032373900878852,0.6694046438744173
824,7.226628211217187,6.683286329955391,0.5433418812617674,2.692024251100948,0.5994404728851122,0.5252053115897275
825,7.401896278336946,7.013559789106194,0.38833648923082364,1.4981202893388463,0.5630299664205117,0.5783468552538967
826,6.9177054589976,6.603141954185742,0.31456350481221307,1.8750337124565846,0.5052070320896278,0.6663192998069078
827,7.655549269138075,7.129043988595346,0.5265052805425512,1.8143993720712484,0.6374633059809192,0.47124847456086333
828,7.618889332423689,7.28163841255616,0.3372509198679836,1.7737610211503245,0.5193534315514203,0.6443423925898033
829,7.850358204582673,7.3149609694596025,0.5353972351231278,1.7687793299016406,0.648342726901824,0.4560657102411223
830,7.174900930426131,6.91440283216058,0.26049809826508863,1.4100858429085754,0.4789634581228268,0.7079706917248508
831,7.574972363835852,6.944011000248648,0.6309613635876303,1.8514376638216028,0.7104016350830049,0.37131673463569526
832,7.2542813705198315,6.681278301938325,0.5730030685808742,2.436477525132984,0.6242985641723646,0.48976731176516974
833,8.058275400776775,7.5252365374830505,0.5330388632937684,3.0650365501523584,0.5847138547276904,0.5465122714770124
834,7.107557401552524,6.573972104881638,0.5335852966709353,1.9049636099059999,0.6344600699771374,0.4754586912151813
835,7.474623986732124,7.094043275541158,0.3805807111912145,2.033180089424542,0.5374744854546083,0.6166365429783524
836,7.586829785621714,7.080576469606602,0.506253316015318,2.1321361183256915,0.603027812034977,0.5200513117711013
837,7.0420943257371365,6.479038437229936,0.5630558885077335,2.324761073576374,0.6246688706042542,0.4892441293739123
838,7.673044536832433,6.993861255377991,0.6791832814542431,2.053034201330256,0.7185794771174798,0.3603579380921214
839,7.564743457762572,7.022629525742251,0.5421139320205839,2.330200866039819,0.6131044965127924,0.5056469777591558
840,7.377244646884148,6.925566410110837,0.4516782367736596,1.778082165735933,0.5893533794767664,0.5397733043568063
841,7.466854902718635,6.862324464267641,0.6045304384515475,1.8328090802227717,0.6926266150612179,0.395293067464253
842,7.282386308297075,6.743520538178662,0.538865770117809,2.716982225319212,0.596565545702623,0.5293458630709075
843,7.080726905616186,6.778106130257858,0.3026207753591734,1.572627733588135,0.5028605281737355,0.6699957049574004
844,7.492941676845814,6.9840273602153475,0.5089143166305803,2.036864192061371,0.6097512768243345,0.5104285251840335
845,7.630538858056181,6.978967497856506,0.6515713602002506,3.704516832880689,0.61623264538835,0.5011967726949377
846,7.618557184320136,7.140171074075437,0.4783861102441733,2.447023039729757,0.576159645024524,0.5590030406465404
847,7.655940022484512,7.245336378451822,0.41060364403256244,1.767348964834678,0.5635421497226094,0.5775882381436662
848,7.721835926487413,7.291541303752145,0.4302946227344364,1.905461053678442,0.5694553457406051,0.5688538217571149
849,7.523618590331691,6.983961041355724,0.5396575489767201,1.851693678046992,0.6432244066458066,0.46319526956779583
850,7.721896731840727,7.154115002211339,0.5677817296300418,1.4933654327994557,0.720519903210609,0.3577640405723561
851,8.128766193920793,7.555102165060863,0.5736640288605486,2.3629671519370827,0.6283872916938062,0.4839979955179025
852,7.57235781791712,6.952586574276833,0.6197712436405709,2.893316521557189,0.6274477788864627,0.48532224423983045
853,7.387017691825688,7.076034545661398,0.3109831461633803,1.454617859760706,0.510890653780638,0.6574514887747651
854,7.187637339033583,6.744549643904077,0.44308769512917934,2.1137503627568233,0.5686928225562509,0.5699777008505508
855,7.542414873633217,7.207913660118781,0.33450121351415874,1.7334024692919385,0.5186305674395371,0.6454577840403476
856,7.253029306113942,6.681216639139426,0.5718126669735284,2.6434722925520244,0.6146666173257642,0.503423408275427
857,7.340208700431842,6.9028481311856185,0.4373605692462661,2.40349697288986,0.5574613062489737,0.5866164885423317
858,8.036193113551573,7.482617537660642,0.553575575890136,2.2980039107614907,0.6209049577598819,0.494568194592749
859,8.144458814176115,7.675627303261909,0.46883151091424224,2.447036561361948,0.5715197349355903,0.5658147257776533
860,7.12674003169229,6.782086464369319,0.34465356732289365,1.4070310321787698,0.5362477501749384,0.6184970372845966
861,7.656971360873624,7.342281323683797,0.3146900371893935,2.204170664172546,0.5022897145238296,0.6708914012971189
862,7.563918707637069,7.014361848151606,0.5495568594860742,2.4364089957729824,0.6121616840513061,0.5069902153046564
863,7.530618546874732,6.9536433354775555,0.5769752113965296,2.1677735590242726,0.6420479215628023,0.46483737343260934
864,7.457810021102316,7.057303044574195,0.40050697652804956,2.06710205369035,0.547225862340498,0.6019222957368697
865,6.9203546601542,6.422053669398513,0.49830099075552425,1.7547967184981648,0.622872954624194,0.4917827184711328
866,7.461814123008819,7.030600119193271,0.4312140038146026,2.0488452153650467,0.5644497790102768,0.5762447242925692
867,7.394832010705952,7.023886403041783,0.3709456076639981,1.5242507048992469,0.5490675407885864,0.5991579799739588
868,7.475878674400858,6.8423905144729575,0.6334881599277651,2.6133877978186,0.646414268706369,0.45874921370717386
869,8.079957759340115,7.415223739646575,0.6647340196932419,3.236018270471,0.6347310455829612,0.475078467322704
870,7.63293405175352,7.203153728870814,0.4297803228819248,3.165915229642435,0.5417866369822271,0.6101134810596497
871,6.996774514272485,6.4863460002090365,0.5104285140632783,2.138641617141058,0.6050744770464979,0.5171170144036752
872,7.522405991964999,6.8799588997849925,0.6424470921792818,2.5384782739887903,0.6551140180447316,0.4466690688519979
873,6.88327875260745,6.372814898565882,0.5104638540415181,2.6617558989655485,0.5851229639615174,0.5459170409421303
874,6.9747096671056825,6.375031340280526,0.5996783268255967,3.0441551020512723,0.6134018279924901,0.5052235548892561
875,7.6713026367737,7.258929376231774,0.41237326054215373,2.6146730793857813,0.5418925533774217,0.6099535869361702
876,7.427210232341506,6.741850424027864,0.6853598083134784,2.9580976315105634,0.6546300184420375,0.4473394067078542
877,6.880861214507033,6.508682590836412,0.37217862367015186,1.720480796724953,0.54154665614835,0.6104758200451295
878,7.411585480347978,6.874605017865325,0.536980462482461,2.287796460469231,0.6123821953207875,0.50667596806942
879,7.496178547506472,6.99935559582772,0.49682295167895063,2.1305699949533317,0.5977570896441116,0.5276286704970731
880,7.51188873654007,6.9104323181788105,0.6014564183615221,1.9650762580914591,0.6748273003054281,0.41953209969346117
881,7.12053825323562,6.581601177689433,0.5389370755465279,2.165743459787432,0.6199299738494446,0.4959495950226235
882,7.099878860330475,6.553617704064142,0.5462611562652455,2.222495548757058,0.6209037880316848,0.49456985134966025
883,6.751618544204004,6.285075584746875,0.4665429594570014,1.6043160499453766,0.6131737722004593,0.5055483157598233
884,7.105782709118441,6.784902724806945,0.32087998431143205,2.0111314428472404,0.506943784264452,0.6636040191218667
885,6.992215546363124,6.40066377632805,0.5915517700350392,2.0077179046681124,0.6639607958255007,0.4344512397083531
886,7.223172060231602,6.750291326721698,0.4728807335095553,1.74275579060515,0.6060516859966663,0.5157175633713297
887,7.358654197404914,6.793280195393753,0.5653740020115947,2.111337029913118,0.6390108890692016,0.4690821897299679
888,7.773864071987529,7.328218673703366,0.4456453982838866,1.8799234124229027,0.5798948070862389,0.5535383802879965
889,7.834239212132499,7.28446599964806,0.549773212484979,2.8610892071793668,0.5971390556535267,0.5285191551443923
890,7.409469450864319,6.9416929143291,0.4677765365358937,1.7322925872089243,0.6033057747422248,0.5196525351844942
891,7.509187753880153,7.085650219490231,0.42353753438965214,2.090196377051159,0.5588982804910176,0.5844787165591544
892,6.906108559752622,6.427917051393838,0.47819150835948676,1.342545591827509,0.65986839943091,0.4400948670339593
893,7.418392908035796,6.896605520452764,0.5217873875835721,2.217749559783048,0.6074854248839321,0.5136661459632931
894,7.4396931480763415,7.102759883353518,0.3369332647225747,1.3403905496670845,0.5339930871230874,0.6219221081069504
895,7.525526482040161,7.073874476070334,0.45165200597057265,1.632255852094577,0.5996104459833029,0.5249607939043377
896,7.390378855972242,6.9263957407692915,0.46398311520351854,1.4501570959835224,0.6284513627323978,0.48390771795267534
897,7.459568003795877,6.821691983685402,0.6378760201114346,1.8565872797073002,0.7150281935284906,0.3651114776799291
898,7.321911189293471,6.871833201199192,0.4500779880945629,2.203216907167599,0.5694103987973631,0.5689200488925937
899,7.802243199619963,7.091215829375291,0.7110273702446648,3.0158326610988606,0.6636565003191581,0.43487040094652774
900,7.770973382878194,7.042182632891294,0.7287907499867288,2.3257200132345837,0.7201610753564404,0.3582435279041677
901,7.424710172872776,7.162572322579753,0.26213785029358405,1.9677138213271235,0.4781284669159619,0.709315894768962
902,6.772746140491447,6.199892932011946,0.5728532084795006,2.216262692337194,0.6364362127136188,0.47268740635721107
903,7.852147587753618,7.240975540995689,0.6111720467579289,2.7561705616008645,0.6289017828008734,0.48327317698065764
904,7.1943520380067385,6.720732165707003,0.47361987229942315,1.907305313577984,0.5957026513047063,0.5305903975492051
905,7.1866269667001434,6.73232537617248,0.4543015905273933,2.0522118725528493,0.5772221458514978,0.5574468757819737
906,7.21651663657519,6.592808054673353,0.6237085819029744,1.700419297875614,0.7297923311535113,0.3454017906772765
907,7.4580174370433925,7.0570365939680615,0.40098084307555837,2.2984468819979647,0.5421689206459259,0.6095364491812183
908,7.722490849117432,7.154010124764452,0.5684807243524119,2.9020884316310855,0.60418897382073,0.5183860097696372
909,7.838736819701237,7.312577595332908,0.5261592243678024,2.2121140784801767,0.6101938369946655,0.50979678686312
910,7.1422180160556055,6.8254096687786445,0.316808347276492,2.0029360436098713,0.5049733946545012,0.6666849490010771
911,7.7254039628345454,7.201799247513809,0.523604715320289,2.0939849927216283,0.6151502709579739,0.5027354660621876
912,7.154118516258106,6.628862632070157,0.5252558841875725,1.8568534642330299,0.6328545690122739,0.47771288944957696
913,7.616450191465785,7.12578710408106,0.4906630873847462,1.8829560560248506,0.6079904080863581,0.5129441225149748
914,7.837532218833414,7.222437539665873,0.6150946791676688,1.9360590217341365,0.6875645257479626,0.4021623812190738
915,7.401043863836432,6.990604960034514,0.41043890380205994,1.884646999451748,0.558560855580936,0.584980459893177
916,7.248285511897277,6.898577963072218,0.3497075488257906,1.4522717714461812,0.5376629147919121,0.6163509559831226
917,7.412817543079993,6.8532093590298375,0.5596081840503757,1.823413287603394,0.6602482856342997,0.4395703963793763
918,7.551783272492114,7.270728415687199,0.2810548568040758,1.571460899050523,0.489915310044553,0.6904435303863263
919,7.927006904196216,7.277750414662113,0.6492564895343094,2.327413233949347,0.6728329397968582,0.4222631669495831
920,7.675519742361186,7.148740910713369,0.526778831647789,1.5865784148056967,0.664051544299679,0.4343262501996273
921,7.504139974770962,7.084459455491431,0.41968051927869965,1.66542994211113,0.5748015840784644,0.5609940636179169
922,7.498425745869437,7.120230852136314,0.3781948937339621,1.3305380536489775,0.5677344250614391,0.5713913001448365
923,7.040274753332025,6.613588768830167,0.4266859845010913,1.9512809754847549,0.5654768056334751,0.574725726313624
924,7.303008264705906,6.945314943866845,0.3576933208387345,1.9368213501873583,0.5273231355781225,0.6320975507062807
925,7.0279148517068935,6.645082556688753,0.38283229501848837,1.475148912952653,0.560451041565129,0.5821716880676382
926,7.481450814672255,6.929730069521857,0.5517207451503054,1.829067313166533,0.6539517677529885,0.4482791200914625
927,7.609381959462891,7.197139328795726,0.41224263066760614,2.2941188260468977,0.5477564310118306,0.601125453867638
928,7.488881898432166,6.849910877929102,0.6389710205030497,1.8524023211936793,0.7165147588474496,0.3631206508319184
929,7.4133967637939095,6.7989074338418165,0.6144893299524483,2.5127045831813675,0.6419964679796812,0.4649092194402884
930,7.112191288536789,6.648397743129164,0.4637935454084072,1.3721276852366753,0.6398909873081455,0.46785122254857336
931,7.314599190459714,6.771446507332539,0.5431526831271185,2.313452574968627,0.6144682629123219,0.5037056137280256
932,7.321405990931791,6.904003198421937,0.4174027925100745,2.141499002305494,0.5541349093385701,0.5915754620492396
933,7.5507101909819285,6.951360616888739,0.5993495740931394,2.1360343889799136,0.6579271427317506,0.44277685943370293
934,7.408206903088623,6.971300872137339,0.4369060309518318,1.5046394652329145,0.5995959228968102,0.5249816851104235
935,7.165876505681237,6.609566640061989,0.5563098656193688,2.021214891634271,0.6400112461471816,0.46768307517506624
936,7.410451209960567,6.886261019194596,0.5241901907666033,1.7201558264894388,0.6451674831300243,0.46048590943968176
937,7.630754972020779,7.046730129458443,0.5840248425638492,2.3972970475457913,0.6321191167610212,0.4787463092536132
938,7.267865407574729,6.656285341911979,0.6115800656625652,2.0009209088058597,0.6780328239961698,0.41514900924258075
939,7.3335394471154105,6.883480258073139,0.45005918904189457,1.6978957230307312,0.593531236681802,0.5337258285031435
940,7.229279975891925,6.611392427656523,0.6178875482346484,1.646541443519876,0.7354641032618697,0.3378660891734764
941,7.184660915988727,6.57067924224688,0.6139816737422734,2.6263158629644696,0.6360191913067239,0.47327192215069813
942,7.759027858236888,7.21657785870205,0.5424499995351653,2.161840355234041,0.6221842813055118,0.49275702232066154
943,7.243394216702993,6.775430321549774,0.4679638951538436,1.9377557070597131,0.5905475643672708,0.5380427077416042
944,7.190306415327879,6.700447400335475,0.48985901499236206,2.223216918174222,0.5898175738936633,0.5391004082843722
945,7.2093833854572695,6.754059211748502,0.45532417370850453,1.4619910773223737,0.6193994708818745,0.496701632740808
946,8.092824752052703,7.425892815519409,0.6669319365328192,3.3549497936772976,0.6317536101227753,0.4792600906288762
947,7.331384528008468,6.71108243676179,0.6203020912462307,1.9116473228349982,0.6942560947989442,0.3930858228252323
948,7.759438092835237,7.22352481187986,0.5359132809553557,2.5499879830616496,0.6008048793809759,0.5232434053135603
949,7.314730716114693,6.8694508340263924,0.4452798820884709,2.0107410709686278,0.5737921042597653,0.5624754813550232
950,7.463214845316881,6.94047890062721,0.522735944690794,2.4461567810520553,0.5981360397205897,0.5270828730730124
951,7.481812393435004,7.036226810992585,0.44558558244261803,1.4976577871569443,0.6072617851578668,0.513985990917845
952,7.381668073931334,7.005821646860672,0.37584642707042804,2.1948020649460673,0.5317953151822737,0.6252677917874402
953,7.403767515199772,6.846194260383929,0.5575732548159067,2.6418046018980217,0.6079000927451266,0.5130732354702262
954,7.989349353334885,7.379733739412569,0.6096156139219602,3.1226844372977816,0.6152254122974343,0.502628607422754
955,7.011407836179726,6.665283679342747,0.3461241568384139,2.243633610070562,0.5167156695368784,0.6484163943558453
956,7.342781396221992,6.956088579865434,0.38669281635611696,2.3316641838573258,0.5347079019511032,0.6208354408804235
957,7.119238377840131,6.77519331158089,0.34404506626015063,1.7766537686690658,0.5231901581862264,0.638435607547837
958,7.5324537793907185,7.076729372170353,0.4557244072202593,2.0376148262390963,0.5786344994082393,0.5553803950223001
959,7.259318187030087,6.7568975407232275,0.5024206463067458,2.5376871815455075,0.5850299878985483,0.5460522988055122
960,6.939062436030665,6.580357634335987,0.35870480169432994,2.0014217336522755,0.5265829262802544,0.6332308136931745
961,7.626861583028014,7.2545939128285015,0.37226767019910767,2.3719252535031004,0.5273434961820636,0.6320663900271518
962,7.170639230610843,6.658812268839957,0.5118269617705664,2.2874154066554393,0.5988845620476052,0.5260052460052301
963,7.500989405129414,7.170606708057851,0.3303826970723094,1.7951716309864771,0.515040744559839,0.6510088956218394
964,7.477241718015077,6.945198431656135,0.5320432863591122,2.0572031221382137,0.6224473813995106,0.4923847450454631
965,6.79881017656987,6.298134632832611,0.5006755437370884,1.7697490123955593,0.623260626045945,0.4912344638372386
966,6.979286558297983,6.442915338467661,0.5363712198295616,1.9802130005519967,0.6304330610188338,0.4811174015812239
967,7.389899276353728,6.871405756274851,0.5184935200795735,2.207418685173474,0.6061667400802397,0.5155528620763965
968,6.795676652132326,6.463041863676641,0.3326347884558345,1.521850074395953,0.523169367209925,0.6384675559006607
969,7.626975626580472,7.2156182500505155,0.4113573765298497,1.5910634150332612,0.5736352536268116,0.5627057713657008
970,7.202629211662836,6.727543565660594,0.47508564600138925,1.6568425355364251,0.6147284110058663,0.5033355005327426
971,7.085811253119911,6.6950093175671315,0.3908019355521901,1.2812867871035163,0.5837772162651196,0.5478757567666241
972,7.229747071567883,6.668528483340599,0.5612185882264384,1.806284695989616,0.6633197347658806,0.43533437814289383
973,7.68837543860752,7.128784900073268,0.559590538534394,2.5590514532068056,0.6120644035960494,0.5071288641077859
974,7.542903676880425,6.967282672674249,0.5756210042063685,2.3594526713146085,0.6296310914169783,0.48224615684247607
975,7.629246194875461,7.155404363190432,0.4738418316846946,2.2035908710177896,0.5819959268307126,0.5504716350883401
976,7.292986101460312,6.8922534078098225,0.4007326936507525,1.8392072325637052,0.5545250120544641,0.5909931479421572
977,7.46755396228252,7.148135498451471,0.319418463830516,1.5495266714724778,0.5138144471443586,0.6529097744582069
978,7.425222648333485,6.887989430030584,0.537233218304209,2.352360688966659,0.6094853421603574,0.510808235097895
979,7.911418605364244,7.399638832073532,0.5117797732900726,2.6630170435211795,0.5856943149032401,0.5450860815068372
980,7.57975693150581,7.0557125979306905,0.5240443335751479,2.6266928086469044,0.5925120708702953,0.5351992702468854
981,7.354235242487786,6.861069810757184,0.4931654317306311,1.459027780035358,0.6536102526244711,0.4487524376528108
982,7.133155447799592,6.734262353216633,0.39889309458339994,1.9105424458224043,0.5509512482874432,0.5963353078446602
983,7.3404157837325075,6.76479407163404,0.5756217120988367,2.639340511923322,0.6166672838283531,0.5005792287250626
984,7.072396652207655,6.622986009864651,0.4494106423426274,2.9514674048794927,0.5524056609376106,0.5941591665523634
985,7.055119196238931,6.581035486994996,0.47408370924404153,2.085059298272583,0.5870014334326683,0.5431864522946358
986,7.272995581786174,6.694219421776741,0.5787761600104204,2.436316092148541,0.6273249439313022,0.4854954436954161
987,7.381543549879436,6.802384324604152,0.5791592252744522,1.8250593176195569,0.6744587618816915,0.42003653811574665
988,7.6283832930261015,7.118935225284365,0.5094480677425963,2.2527309044369552,0.5991157726109637,0.5256725019998556
989,8.155964946985815,7.46524528028849,0.6907196666979871,2.9732338635825215,0.656390469353695,0.44490214928230276
990,8.052474876752395,7.417895730672041,0.6345791460807959,2.288459740420869,0.6672579504023778,0.4299143446052048
991,7.4463519320901215,6.9946384615369555,0.45171347055384103,1.9904009094794937,0.5783572729430714,0.555785830762713
992,7.377814228256622,6.988131970198222,0.3896822580591106,2.636877568540635,0.5316931238955303,0.6254235284262398
993,7.185055444293877,6.72815413172511,0.4569013125683341,1.8472725604701328,0.5886379548281622,0.5408108626457919
994,7.623537115632073,7.053609442279101,0.5699276733521401,3.0920375470148045,0.5994145648557805,0.525242584782805
995,7.221162458680166,6.687525692182672,0.5336367664976933,2.3986940367107668,0.6055849816443106,0.5163857997786131
996,7.200735744433925,6.82557811674008,0.3751576276936248,1.6571942080260094,0.5458110689807064,0.6040489942886383
997,7.167259954174708,6.697976623276237,0.469283330898179,1.8968236981637023,0.5936013891642589,0.5336244493860953
998,7.361655671350829,6.899815148682497,0.4618405226683535,1.8241207549591856,0.5931550112295831,0.5342696150080094
999,7.51320182017241,6.9795397257518745,0.5336620944208335,1.6238856056980673,0.6645431144276028,0.43364931965301273
