,logR,logI,logS,d_G,p,sigma
labels,$\ln\mathcal{R}$,$\log\mathcal{I}$,$\ln\mathcal{S}$,$d_\mathrm{G}$,$p$,$\sigma$
samples,,,,,,
0,2.7144725542297716,3.571658423546063,-0.857185869316254,0.951507092226636,0.09593332166842386,1.6648969257366713
1,2.8785567316301264,3.723200985553597,-0.8446442539235477,0.9684145399266506,0.09872339642554877,1.651074338669213
2,2.4496713031312107,3.3077965272100296,-0.8581252240787762,0.8571778993227417,0.08871183999149158,1.7022322470654465
3,2.785033383451903,3.5830572302357333,-0.798023846783849,1.0484165750889387,0.11070579546900469,1.5950288008366142
4,2.7064900306269943,3.4929267185429462,-0.7864366879158524,1.0814875067807388,0.11472216595606897,1.5773188989091034
5,2.86124579925179,3.708677342582139,-0.8474315433304582,1.0661670239993617,0.105357047005733,1.6194194395444201
6,2.8759069634638332,3.716261654914367,-0.8403546914505569,0.9245590239419306,0.09598658920959233,1.664630035564765
7,2.748156524997355,3.588422869725617,-0.8402663447282066,1.0057342995707583,0.10199672669158477,1.6352496361437987
8,2.7535980425316917,3.6276559223607365,-0.8740578798290244,0.9159339716838701,0.09129984755541509,1.6885805137816214
9,2.6464431586782236,3.4718317739998246,-0.8253886153216854,1.0479679328295681,0.106969922347858,1.6119633174663301
10,2.591510153193624,3.4488587336273144,-0.8573485804337224,0.9377003693009289,0.09489574994382159,1.6701193626654185
11,2.546265737348292,3.422521883006248,-0.876256145657976,0.9104374546296752,0.09063762762046679,1.6920437741428997
12,2.7512167195223607,3.574437686163894,-0.8232209666415429,0.9737897003258711,0.1018426867991626,1.6359851909752916
13,2.775281351229139,3.628845091159628,-0.8535637399305642,0.9971302756688702,0.09969471380964345,1.6463354546828322
14,2.681213687971265,3.5217913099733376,-0.8405776220021153,0.9450365395346201,0.09749790561985765,1.6571066959609393
15,2.8539981713749536,3.7060326775969945,-0.8520345062219121,0.9079471329666009,0.09331135412823345,1.678183129620905
16,2.877752634856463,3.7155318429174478,-0.8377792080609652,0.9528381200432356,0.09842935530787975,1.6525162497663723
17,2.8374150890641228,3.6408836383910814,-0.8034685493270217,1.0388316006066307,0.10926066325576528,1.6015251090344507
18,2.877155860721657,3.7052742391802442,-0.8281183784586119,1.066555246615286,0.10792571536166755,1.6075867531557466
19,2.812967618151631,3.6226004879048026,-0.809632869753159,1.0158372835359,0.10674335549294117,1.6130053038689287
20,2.6501413564543124,3.5393661214986722,-0.8892247650443323,0.8256257067111452,0.08279869244191135,1.7346732755160212
21,2.812497492013065,3.6724523212319053,-0.8599548292188501,0.9542691363444131,0.09579885380141127,1.6655711877737975
22,2.691995280956419,3.547371243120924,-0.855375962164544,0.9856727555764748,0.09864370886247315,1.6514647693496223
23,2.6753521500424564,3.543114336755346,-0.8677621867128664,0.8972946285259646,0.09064781136187654,1.6919903616482626
24,2.8305154887686537,3.6522345935920586,-0.8217191048233872,1.0639031384548137,0.1085944304727272,1.6045429257921995
25,2.8381469530231267,3.6966083430468824,-0.8584613900237628,0.9707270429451669,0.09718079357339525,1.658677510307561
26,2.8391689887349254,3.6988772261824905,-0.8597082374475349,0.9992935646258765,0.09908380893958803,1.649311626658274
27,2.7740390825169494,3.6080865156516997,-0.8340474331347423,1.0420076405640954,0.10540293362774812,1.6192060643997475
28,2.9216560285974107,3.7044554117972788,-0.782799383199972,1.1971321576044394,0.12333054874899328,1.540943453972581
29,2.7287190278379536,3.5817591249223653,-0.8530400970844312,1.0334672012542856,0.10234652657098767,1.6335825869548435
30,2.668109601155336,3.4901720012881685,-0.8220624001327224,0.9355432401207269,0.09910766892815552,1.64919511251959
31,2.725643181156513,3.5530659989421216,-0.8274228177856457,1.0240994748219532,0.10498726240085131,1.6211416542555266
32,2.7768455322294154,3.5785246316747457,-0.8016790994453231,1.0161984921079892,0.10784139820419418,1.607971603159899
33,2.7651608625552195,3.5793451298391843,-0.8141842672840767,0.976833076504823,0.10324487041505702,1.6293220039440681
34,3.17666204305506,3.982791615115372,-0.8061295720603994,1.0884029531039263,0.11245728166694349,1.587244491514747
35,2.792235091559362,3.623654393211265,-0.831419301651863,1.030373224940085,0.10491543961210648,1.6214767160244326
36,2.6464630107962672,3.514055641750199,-0.8675926309539364,0.9614896112699385,0.0953995170568289,1.6675780577736445
37,2.674289146147387,3.51044962778906,-0.8361604816417412,0.9456977300338196,0.0980982442532591,1.6541440670378371
38,2.5627437282624466,3.40406190017142,-0.8413181719090517,0.9285639007380229,0.09617023725164903,1.6637107985540394
39,2.8139998369496904,3.693265417439615,-0.8792655804900278,0.7859626887663276,0.08078700808752308,1.7461378101587088
40,2.850861789569947,3.6613814550762522,-0.8105196655062628,1.040958714618063,0.10845807160601598,1.605162391590962
41,2.7466174907913934,3.5968481427241907,-0.8502306519327476,0.992329674354059,0.09976639947959848,1.6459871750332766
42,2.745857764471182,3.57498777276492,-0.8291300082936459,0.9584419660995693,0.09993940837466078,1.6451474452124233
43,2.8501429413835946,3.7069036890478393,-0.8567607476641115,1.0290636821491055,0.10156460801390035,1.6373152887142592
44,2.8106302053635797,3.63176820217384,-0.8211379968103074,0.9654471914960907,0.10148764426784053,1.6376839315720602
45,2.7227540640837584,3.5580283139459774,-0.8352742498622092,0.9681517829221611,0.09988277383710588,1.6454222034093842
46,2.798373624859962,3.6085065547596646,-0.8101329298996234,1.0246066466538575,0.10731953895245033,1.6103588481490132
47,2.808951797013108,3.6768574124135536,-0.8679056154004456,0.9440519219441406,0.09409308609867505,1.674190906437111
48,2.8212569449078297,3.656758843817458,-0.8355018989096834,1.0080541973611394,0.10277620344963906,1.6315410594205872
49,2.998699834370725,3.856125243672953,-0.8574254093022091,1.0064803343524649,0.09988091511753314,1.6454312229529988
50,2.9243719480580945,3.713715138463631,-0.7893431904055888,1.0692669281772522,0.11342885313412332,1.5829675834841572
51,2.753145848014881,3.56087716339909,-0.8077313153841033,1.0979992794700415,0.11291271666980716,1.585236032205221
52,2.728709763803138,3.5420310304371605,-0.8133212666340341,0.9711892229165842,0.10293400667144702,1.6307929920271729
53,2.8588525282388697,3.713546457785364,-0.8546939295464426,1.0004407719166122,0.09979085185459408,1.6458684205902139
54,2.642131912809375,3.466588625954769,-0.8244567131454232,0.9671391660611612,0.10118713695714657,1.639125444159947
55,2.6812606365229636,3.4854827389558465,-0.8042221024328455,1.0569798204925471,0.11047412650349596,1.5960656961735264
56,2.886700921795366,3.723956122976299,-0.8372552011810512,0.9310027929492506,0.09685637326457527,1.6602887726846802
57,2.739050928041777,3.5999487307156017,-0.8608978026738896,0.9425785688771153,0.09482686882016099,1.6704676799286957
58,2.8594196631438105,3.699929497224798,-0.84050983408099,0.9510654904430877,0.09795602754373607,1.6548445843445172
59,2.744586028969436,3.6031590187243103,-0.8585729897548617,0.8992631993113283,0.09187601277593967,1.6855836904051906
60,2.7890222932054054,3.636621120390893,-0.8475988271854931,1.02414462640342,0.10237973382978018,1.633424566132939
61,2.59327951428618,3.4599548738238695,-0.8666753595375667,0.9799075808210871,0.0968386699704729,1.6603768217817905
62,2.80553682316777,3.6498125557774075,-0.8442757326096171,0.9298115007040191,0.0959004892660212,1.6650614873642293
63,2.8336414110051034,3.702397776486056,-0.8687563654809765,0.9354906250386286,0.0933645638006246,1.6779105441738522
64,2.7023727829568567,3.555917285494695,-0.8535445025378294,1.005046919198442,0.1002646917641505,1.6435717573474486
65,2.6506198992355645,3.477339634571486,-0.8267197353359279,0.9385434598299605,0.09874586345046342,1.6509643065376276
66,2.742479424516844,3.55359453526242,-0.8111151107455044,1.0469860709138252,0.1088134946721916,1.6035490245297077
67,2.9093500031932105,3.7199531222318973,-0.8106031190386602,1.0563159134608122,0.10955489220616828,1.6001969786772021
68,2.565353609000638,3.3887096500758793,-0.8233560410752716,0.9746528128122502,0.10188956304560459,1.63576125884239
69,2.8414504253991733,3.6867149258500898,-0.8452645004508668,0.9868941999658021,0.09999663729574644,1.6448699295086084
70,2.659138911499056,3.5042043509942054,-0.8450654394951016,1.0011893722636027,0.10105737964748238,1.6397489351607824
71,2.7164402571808774,3.5381853352009247,-0.8217450780200579,1.0071176005941025,0.10449719925412064,1.623431482530897
72,2.9364117248203025,3.7024835697845284,-0.7660718449642445,1.1234770666610705,0.1206822508888379,1.551916305456476
73,2.67713919793546,3.509060962677552,-0.8319217647421056,0.9985362795263293,0.10254558679713063,1.6326359443260634
74,2.886789077754386,3.6901350955121637,-0.8033460177578036,1.052240513883406,0.11025174207624032,1.597062652943414
75,2.799287521770523,3.6484021628734395,-0.8491146411029149,0.9474640101539578,0.09662302232405007,1.6614504017314125
76,2.8431231509188843,3.6494615130685433,-0.8063383621497451,1.0862407757812917,0.11227521731191531,1.5880491860753678
77,2.785660398259281,3.649834929140049,-0.8641745308808595,1.104754514260448,0.10583075974733569,1.6172201896038512
78,2.7665014443721954,3.625392730718023,-0.8588912863457381,0.9577433925973415,0.09618238819119117,1.663650027468683
79,2.799743414219463,3.644842511531978,-0.8450990973125272,1.0021878646055358,0.10112514693327947,1.6394232301246943
80,2.694333760269117,3.5039977184009214,-0.8096639581318641,1.0119603930025918,0.10645374027169562,1.6143398065929315
81,2.9411750228443476,3.757933888016455,-0.8167588651720052,1.0002967385286348,0.10465156984213206,1.6227092651583126
82,2.7260250691847,3.5893144286179717,-0.8632893594333382,1.0057244281152924,0.09909738598591038,1.649245323887137
83,2.7773505863639936,3.5908496411077073,-0.8134990547437155,0.9778507127577112,0.10341088757372169,1.6285378629662717
84,2.781843689713994,3.5879668873335553,-0.8061231976195131,1.0194844159618,0.10748331807722446,1.609608652623317
85,2.7904764278377594,3.578644546470421,-0.7881681186325977,1.1274642777527695,0.11774429175393333,1.564312100620011
86,2.8889916006507543,3.7155324414912703,-0.8265408408404937,1.072724364758677,0.1085711603521063,1.6046485962424002
87,2.6942256135518643,3.5313036039111556,-0.8370779903593757,0.9719737102727097,0.0999370419021961,1.6451589234893649
88,2.664234366890198,3.52493610391327,-0.8607017370230778,0.9902775907660577,0.09831556874120194,1.6530751565030868
89,2.85964440417338,3.689256718107378,-0.8296123139339215,1.0171891849545156,0.1042011795627099,1.62481877382334
90,2.676809530064545,3.567679481570012,-0.8908699515055787,0.9570568591073458,0.09231982542312679,1.683285554827382
91,2.7895635791561086,3.6338281134547095,-0.8442645342986452,0.9676049378712468,0.09871133164440823,1.6511334341192023
92,2.776802839619975,3.6136047131355773,-0.8368018735155829,0.9907077900950354,0.10134769476934455,1.6383548360066222
93,2.954340006962482,3.7920871122827786,-0.837747105320318,0.9961588144872255,0.10162442708915885,1.6370289194274834
94,2.693525548538744,3.533689482244093,-0.8401639337054121,1.0434285838405408,0.10470578141891618,1.622455838897388
95,2.99767079861472,3.8246298711937103,-0.8269590725790295,1.002025057012951,0.10344323078727959,1.6283852142881587
96,2.7594099205834506,3.5733967715971153,-0.8139868510136239,0.9764618701163932,0.10324289229657946,1.6293313531386104
97,2.7041593983520467,3.533112118175048,-0.8289527198230644,1.015995050450793,0.10420072347577804,1.6248209136809029
98,2.684222352562031,3.498089019593077,-0.8138666670309931,0.9315223605085254,0.09984554143583951,1.6456029012982167
99,2.811466270006647,3.6329324448214755,-0.8214661748148728,1.0905538014954002,0.1105064134158229,1.5959210846846406
100,2.7489712522997958,3.538890732089921,-0.7899194797901146,1.0411852757858733,0.11129855725243497,1.5923835182697166
101,2.654620307392818,3.523911074842864,-0.8692907674500248,0.8893533777559472,0.08987342154774042,1.6960657894481042
102,2.869238401731834,3.720018422234967,-0.8507800205031799,0.9807605378016295,0.09885969364693584,1.6504071307236918
103,2.8900192373005917,3.730485305929084,-0.8404660686285297,1.015616830654578,0.10268320598777558,1.6319823425404185
104,2.8006029352821566,3.6146530301097184,-0.8140500948276213,1.0179738261456879,0.10630994678958662,1.6150034544536345
105,2.7961783166026204,3.6512960104699697,-0.8551176938673279,0.9697300341391717,0.09751960653615212,1.6569993498605655
106,2.7139727876052144,3.5451673039275415,-0.8311945163223982,0.9821844884797777,0.10143940648036004,1.637915095628344
107,2.6393029337818485,3.5009588714127404,-0.8616559376308714,0.8335555796004512,0.0864705123400904,1.7143170561313072
108,2.7172116312872983,3.5884414516566605,-0.8712298203693081,0.9117539422597898,0.09132117397153527,1.688469317599822
109,2.711109900838053,3.5231622824611653,-0.8120523816230616,1.055925789109656,0.10933004019784494,1.6012116914965286
110,2.7777273509107796,3.650769221005611,-0.8730418700948803,0.9123985994373967,0.09115709262619369,1.6893253778288448
111,2.786722788449836,3.6333887719296487,-0.8466659834797383,0.9463701169139789,0.09684342093456501,1.6603531911247977
112,2.6955373599913197,3.5377266612086413,-0.8421893012173314,1.001420815304721,0.10143954007576042,1.6379144552945508
113,2.6786822871348046,3.508842081009781,-0.830159793874941,0.9003531454426428,0.09539239847052994,1.6676138932611495
114,2.7959625199733433,3.669339667522578,-0.8733771475491494,0.9521329343999843,0.09402802678574909,1.6745221406075144
115,2.8476997704465954,3.6933390814787104,-0.8456393110320732,1.01567222980548,0.10202521995414907,1.6351136750822148
116,2.806756944131578,3.6735305144445047,-0.8667735703129438,0.9316458785646433,0.09331777405907718,1.6781502346296504
117,2.616594089706339,3.472016397272004,-0.8554223075656182,0.9079615008066697,0.09290678546442431,1.6802597661969596
118,2.6866034219945756,3.52513462033659,-0.8385311983420252,1.016549579598467,0.10299909271840431,1.6304847167698102
119,2.7571373894430304,3.6280758763278365,-0.8709384868848247,0.9402022760079407,0.09345016379301005,1.677472289242039
120,2.8822297128186416,3.7277442482113403,-0.845514535392681,0.9928679247127405,0.10039877162145894,1.6429234543067703
121,2.8531287691717604,3.6478878886939596,-0.7947591195221548,1.0580143136854119,0.11185569381753101,1.589907336023815
122,2.821845319389993,3.6429182785345247,-0.8210729591445443,1.0341274427060119,0.1065497042990797,1.6138973005598038
123,2.8987454745714127,3.743440322138851,-0.844694847567439,0.9893440219593996,0.10024653239795576,1.6436596146630664
124,2.9892501775751295,3.818892279393315,-0.8296421018181945,1.0010592431858552,0.10302444166060265,1.6303646952913475
125,2.7201617889354135,3.5765008455519074,-0.8563390566164344,0.9208752178494315,0.09376613276483463,1.675857374160635
126,2.80075342712071,3.6385424700150675,-0.8377890428943147,0.9166017943037441,0.09569880473458642,1.6660733554037472
127,2.8377390891627807,3.6860995163697514,-0.8483604272068987,0.9231050228323676,0.09489754163123601,1.6701103051848605
128,2.843419206509864,3.6913499465107837,-0.8479307400009475,0.9872644544614213,0.09968828849730045,1.6463666813521478
129,2.9151816199639167,3.6822907341576276,-0.7671091141936586,1.1874536557493596,0.12501008341282657,1.5340795508077651
130,2.6511735564121888,3.506002029213923,-0.8548284728016142,0.8401208432532825,0.0877642688722301,1.7073109664217998
131,2.5990858200293157,3.4973255581220637,-0.8982397380926841,0.9031552912206977,0.08759409466936464,1.7082277321798631
132,2.9750612169076045,3.7982081011319946,-0.823146884224343,1.0667220730226337,0.10860251608748431,1.6045062129203085
133,2.908004821444322,3.7534960464088214,-0.8454912249644622,0.988333122656611,0.10007266511394344,1.6445014496125676
134,2.6273366071056468,3.467523101600206,-0.8401864944945601,0.9651516270737459,0.09904140487469966,1.6495187513132665
135,2.759902734999812,3.6357897621453517,-0.8758870271454953,0.9486911959574149,0.09348038313266276,1.677317649155045
136,2.579551790661142,3.4626126712448824,-0.8830608805836846,0.8717367880342253,0.08697624553027447,1.7115683479389157
137,2.6486517010794866,3.521925124543355,-0.8732734234638428,0.8682640097655581,0.087822373746634,1.7069982710860971
138,2.7587826881962907,3.555893286301297,-0.7971105981049504,1.065675552525009,0.11208347874116949,1.5888977522922723
139,2.4643705750469986,3.3174416655214576,-0.8530710904744865,0.879858050598711,0.0910494884625554,1.6898874529959411
140,2.7793072460943473,3.662515046867155,-0.8832078007728796,1.0068085659801165,0.09673776458766845,1.660878930707536
141,2.906691432114101,3.740598717356711,-0.833907285242617,1.0712309507871784,0.10748495266318546,1.6096011699144444
142,2.9143630843096413,3.711084280505806,-0.7967211961962448,1.006598792261035,0.10780049865601023,1.6081583673610724
143,2.6613865179547953,3.5221085387977573,-0.8607220208428998,0.8886012742792975,0.09081596996045689,1.6911090871962067
144,2.8528067813383156,3.6389362603242286,-0.786129478985913,1.0884466038081129,0.11526641959296771,1.5749567863740455
145,2.883005284812796,3.714938557130894,-0.8319332723181105,0.9928732961242632,0.10212998641243992,1.6346140215599736
146,2.8836145416274372,3.680276399671333,-0.7966618580439899,1.0697740709178354,0.11244140214974019,1.587314635468405
147,2.737719877626389,3.5543911844165677,-0.8166713067902265,0.9118207065919943,0.09796553180659108,1.6547977438397736
148,2.8447912461707143,3.7307791704934083,-0.8859879243227624,0.9231262278937247,0.09044228334207081,1.6930692669779108
149,2.7119915039674676,3.53893359336628,-0.8269420893989263,0.971735686835018,0.10121082504825389,1.639011690336187
150,2.825145757431485,3.6579059868304076,-0.8327602293989003,1.0081420605729843,0.10313654385842458,1.6298341982546418
151,2.92033434738785,3.738398111841954,-0.8180637644541093,1.0129826886418845,0.10541168659937482,1.6191653710043534
152,2.7382464637043564,3.5270490403519017,-0.7888025766475266,1.0779722333536894,0.1141340678262628,1.5798812329324055
153,2.7053723412554542,3.5237168109147325,-0.8183444696592233,0.9869613681738709,0.10345620474557828,1.628323992395419
154,2.8611455709767166,3.6611312174275903,-0.7999856464507502,0.9780299737369433,0.1052127039985078,1.6200911231264599
155,2.739150446935539,3.532658699825378,-0.7935082528898647,1.1116967252408956,0.11587257895343354,1.5723362990696677
156,2.684927100440475,3.5555259557061567,-0.8705988552655981,0.8854034510862201,0.08942471635884285,1.6984401675363026
157,2.894551686019511,3.722581831190467,-0.828030145170942,1.0548365640563215,0.10710819936020446,1.6113282372025273
158,2.898469443016736,3.7133994331357534,-0.8149299901190261,1.006326915661544,0.10533777183908577,1.6195090920520845
159,2.917087666246928,3.7753942062996555,-0.8583065400526948,0.9971446173798162,0.09910430900149962,1.6492115185058762
160,2.7715742393277902,3.612761651210769,-0.8411874118829701,1.0102739481957574,0.10220637104378864,1.6342499840743152
161,2.8594249487051253,3.6868095072841114,-0.8273845585789559,0.9356085346069927,0.09843926727062965,1.6524675877628943
162,2.779545557838858,3.577074998872107,-0.7975294410331344,1.0721793901502745,0.11249368901670277,1.58708370026225
163,2.7024548746191637,3.569224668673971,-0.8667697940547896,0.8582132454286304,0.08779764876145925,1.7071313098746004
164,2.7545314795690525,3.5650259012338954,-0.8104944216647709,0.9874005981394349,0.10452090952731916,1.6233204998036663
165,2.8270312409089935,3.6518096796919637,-0.8247784387830279,1.0160580975354216,0.10475146795603367,1.6222423460564166
166,2.862200820311116,3.669902759552875,-0.8077019392417242,1.120536730341363,0.11449267038243043,1.5783175747349214
167,2.8438439489485314,3.64963656017443,-0.8057926112257974,1.0308363371750153,0.10836082795514242,1.605604537114793
168,2.756600427865649,3.593624073684572,-0.8370236458189311,0.9831100982265535,0.10076328572813593,1.641164437066474
169,2.8142518026622407,3.6528975678066478,-0.8386457651444061,1.0802837214479595,0.10748948964633144,1.609580401259276
170,2.8403947076394185,3.6650860308771667,-0.8246913232378574,0.9950695331579649,0.103227912473553,1.6294021569992196
171,2.5857796335205445,3.4780393604297903,-0.8922597269092876,0.826140997883543,0.08250962029094057,1.7363066937705884
172,2.684090541491812,3.516605027201672,-0.8325144857099076,0.9089825872317983,0.09576656226986731,1.6657332199602626
173,2.7358901580527824,3.588623256104405,-0.8527330980516581,0.9346721606919335,0.09523080872537404,1.6684279246004492
174,2.848921374525801,3.6872890978455533,-0.8383677233197204,1.0434340192215994,0.1049398998849424,1.6213625855303937
175,2.924880499653525,3.7747364313616143,-0.8498559317081344,0.9956501546758842,0.10005307257075025,1.644596386370919
176,2.8621573746349465,3.6762787594198447,-0.8141213847849258,1.0493981475641112,0.10858098669877761,1.6046039722650767
177,2.9132855815567633,3.7148851283714914,-0.8015995468148276,0.9970769520830269,0.10642980045414133,1.6144502463383288
178,2.61133420764402,3.5145052043904257,-0.9031709967465531,0.8621899675874016,0.08403901610422526,1.727716766365417
179,2.8535860521258907,3.6789031810910546,-0.8253171289651391,1.0088881541566406,0.1041587091413526,1.6250180674309203
180,2.864972100448156,3.6719321459114442,-0.8069600454632564,1.0796210771684553,0.11171942203348867,1.5905120926466403
181,2.641112719681089,3.4803947332539695,-0.8392820135728698,0.9747684895671846,0.09986434649565142,1.645511629058919
182,2.85997800479636,3.7191202647368606,-0.8591422599404268,0.9033945985304643,0.09212012800361095,1.684318520502903
183,2.6335856990180697,3.5087790967152013,-0.8751933976971031,0.9182694144419203,0.09133946588867696,1.6883739599609253
184,2.7807500097793105,3.595700157228013,-0.8149501474488261,0.9959256918147532,0.10456680850326953,1.6231057132952873
185,2.763570947755468,3.619175013956203,-0.8556040662007263,0.9486363875330874,0.09591498191404203,1.6649888421698902
186,2.7368236073258028,3.5673503220012246,-0.8305267146753295,1.013887672478088,0.10384295496914935,1.6265017801828943
187,2.5758929171002616,3.423005934099686,-0.8471130169994012,1.0108994364164228,0.10149587258772665,1.6376445087357452
188,2.851487381507311,3.662925021624701,-0.8114376401173331,1.060755826600197,0.109759900245332,1.5992732515508017
189,2.656921568164037,3.495725773069825,-0.8388042049058413,0.9673815390672997,0.09938002289106508,1.647866725289884
190,2.8455295224541284,3.6550554987026973,-0.8095259762485512,1.1031741873774537,0.11302735736693191,1.5847314751374928
191,2.543994205813376,3.3801727202696585,-0.8361785144563783,0.9607142074700357,0.09921673870500929,1.648662783102988
192,2.670685240322839,3.5217433830184732,-0.8510581426954786,0.9575452020576902,0.097128045276422,1.6589391963335733
193,2.8106435811867665,3.6274134698736256,-0.8167698886868493,0.9191455025046658,0.09852057947240987,1.6520685395248549
194,2.71596118137252,3.5545175876684465,-0.8385564062959929,0.9608280863826635,0.09892602994958469,1.6500826640746575
195,2.8263757839742563,3.6602276352583503,-0.8338518512840665,1.0297741135750216,0.10455483096842645,1.623161755536354
196,2.608560649330641,3.454327777743558,-0.8457671284129447,0.9509709952908505,0.09729594300289164,1.6581066445154724
197,2.822831095177619,3.6573087644338487,-0.8344776692562164,0.9283295123040465,0.0969990570321677,1.6595795902363955
198,2.5518534276109928,3.4251452510577773,-0.8732918234468343,0.8800987150771684,0.0887151422416681,1.7022146245429175
199,2.8496602708805336,3.66475291584139,-0.8150926449609415,0.9816961494131986,0.10348969587026836,1.62816598170542
200,2.8677425145309168,3.6907349515668906,-0.822992437035964,1.031999204159079,0.10614151094443126,1.6157817395225857
201,2.8026994181728493,3.6276999175514075,-0.8250004993785751,0.9874551181847915,0.10262649674402842,1.6322515901586445
202,2.6924617428791886,3.606317583013055,-0.9138558401339196,0.9126761084284882,0.08654430866299327,1.7139151585595487
203,2.7956248226071945,3.6315240050042976,-0.8358991823971564,0.9906978997015119,0.10146227597887543,1.637805490013735
204,2.673665299476809,3.546179875244118,-0.8725145757673545,0.8900357496242655,0.08955169042014008,1.6977672974434117
205,2.747394267124107,3.6058883080986566,-0.8584940409746196,0.9712402440986536,0.0972140385009412,1.658512639470388
206,2.65641485302099,3.536367155737286,-0.8799523027163332,0.8884549164820346,0.08857961714066546,1.7029382916425129
207,3.022448415844749,3.862455618381049,-0.8400072025364125,0.9743865126871651,0.09974471763084682,1.6460924936675816
208,2.623869963226596,3.458686786783804,-0.8348168235572757,1.0098404305465478,0.10299390421349375,1.6305092860569566
209,2.8294592747455023,3.6995419899883903,-0.8700827152429156,0.9948915834223766,0.09749242476748567,1.65713381065374
210,2.7970106006436732,3.687205983363954,-0.8901953827202078,0.9785301992278392,0.09392032712911498,1.6750708721865701
211,2.481905750650483,3.332321756134402,-0.8504160054839076,1.0173107493085114,0.10153490818743283,1.6374575193125671
212,2.7120251900758627,3.533744969443514,-0.8217197793676405,0.9603808171288839,0.10103221652493961,1.639869919167609
213,2.7309820022512237,3.541268229276064,-0.8102862270247897,0.9468398425477518,0.10148249700658263,1.6377085939927571
214,2.757200999482009,3.5948611720501993,-0.8376601725682349,1.0353898285364966,0.10446035100543398,1.6236040010126933
215,2.8260889139218786,3.6448843452866737,-0.8187954313648333,1.011682326611697,0.1052197972209661,1.6200580985518414
216,2.7815805820558377,3.5898541705944615,-0.8082735885386683,1.0768018061772708,0.11133808605643816,1.5922075113210512
217,2.4838562555053865,3.358071936884047,-0.8742156813787005,0.8992623102878969,0.09004478401311818,1.6951615220443583
218,2.578261226472321,3.4005159644528757,-0.8222547379805292,0.9722992578954797,0.10185627692671179,1.6359202612440686
219,2.943244790761994,3.740944218587742,-0.7976994278258189,1.0000002488237238,0.10717447453073226,1.611024078085065
220,2.751879807171988,3.6038099631817695,-0.8519301560098711,1.0378617617127572,0.1027974479238813,1.6314402966352806
221,2.6603394381105114,3.5011692265403513,-0.8408297884299145,0.9539202607701007,0.0981284956537778,1.653995162267309
222,2.6553464518107854,3.4840413826596017,-0.8286949308487692,1.0328495554059378,0.10545044874941915,1.6189851943122724
223,2.6153352809595414,3.504247705496827,-0.8889124245373523,0.8233580848739042,0.08265875403907455,1.735463427046821
224,3.051322811115099,3.8961406083768435,-0.8448177972618396,0.9911846576214662,0.10036467151560804,1.6430882696920537
225,2.727279753908831,3.603909698185968,-0.8766299442771697,0.9678662660895965,0.09477340588968247,1.6707381704184043
226,2.847971200608711,3.6983680193592705,-0.8503968187504825,0.9918007341021853,0.09970736114916408,1.6462739939885243
227,2.800791359390544,3.629416745111364,-0.8286253857207839,0.9860105914007788,0.10205157817032431,1.6349879287112263
228,2.7148645672885574,3.603632712629374,-0.8887681453409186,0.8020420594055935,0.08102947561307904,1.7447437987519494
229,2.834277901797989,3.6373558031587847,-0.8030779013607798,1.0482856731664576,0.11000183097729863,1.5981849102578938
230,2.729115433996028,3.6256860018460366,-0.8965705678499489,0.9368453052125809,0.09021719087143265,1.6942531401341296
231,2.860862820354171,3.67006903024132,-0.8092062098871793,1.2178943356795062,0.12086754036474051,1.5511424907938667
232,2.8623572054395505,3.7130191418834033,-0.8506619364437711,0.9858068594415705,0.09924055395753277,1.6485466117463365
233,2.902395686322009,3.673825451282681,-0.7714297649606578,1.149359739612622,0.12172033772016214,1.5475929173770313
234,2.8070875380291933,3.629199912960105,-0.822112374930839,1.0311467744173632,0.10619654423208046,1.6155273416732099
235,2.751440356353853,3.6041473532050508,-0.8527069968511114,0.8740407350774055,0.09064538473035687,1.6920030885996493
236,2.739795066143372,3.5899415381067095,-0.850146471963285,0.9207781341986525,0.09450588536186617,1.672093504108545
237,2.8426232120172723,3.630489127826252,-0.7878659158089931,1.0305684664303916,0.110799897900614,1.594608110011772
238,2.9024946017115805,3.7093982189104486,-0.8069036171988273,1.068963904696187,0.11096709792734562,1.5938613272367261
239,2.852610566823912,3.681205508136044,-0.8285949413121898,1.0069194129905976,0.10358782499405564,1.6277032436723775
240,2.8818643867587777,3.684394916774933,-0.8025305300161563,1.0880384504052136,0.11293081714154674,1.5851563415102308
241,2.7009783089796,3.537970217087804,-0.8369919081081889,0.9185192910959912,0.0959428617610176,1.6648491176102966
242,2.818678127677756,3.6244394751118514,-0.8057613474340997,1.0540157794745917,0.11004939567076732,1.5979711598951314
243,2.6646009623934357,3.497580426986707,-0.8329794645932225,0.9593622227395584,0.09951999497707897,1.6471851510405688
244,2.840639964287973,3.6648783977078714,-0.8242384334199642,1.0090867554502787,0.10431432466985711,1.624288152069536
245,2.7834693802394237,3.6365916547740045,-0.8531222745345985,1.0211607535983913,0.10146588064831952,1.6377882158719093
246,2.7712737501479547,3.613819395411769,-0.84254564526384,0.94745371721136,0.09743378958811243,1.6574239649534819
247,2.939191631902147,3.7725023952896204,-0.8333107633874306,0.9726194704466518,0.10046272139275945,1.6426144873783308
248,2.78650163098662,3.6215723395395343,-0.8350707085528484,0.8948283097441871,0.09436287996703283,1.6728192709824832
249,2.7072256572186713,3.528520190688331,-0.8212945334696542,0.9936738072088995,0.10356773503032833,1.6277979516018657
250,3.0060622908569736,3.8231902274555662,-0.8171279365985811,1.0069803835434947,0.10509511510266781,1.6206388502894857
251,2.76928874432788,3.5720455513619904,-0.8027568070341431,1.038939649532589,0.10936564265230762,1.6010509147625713
252,2.763518103766344,3.593955347040049,-0.8304372432737637,0.9553655850641296,0.0995431922470226,1.647072269106369
253,2.600404367164358,3.4350125912383995,-0.8346082240740316,1.0507735010587587,0.1059516467007174,1.6166602130144707
254,2.6242413446431807,3.4805214371330933,-0.8562800924898966,0.8791197231026309,0.09061510632785146,1.6921619127495948
255,2.726895901916421,3.5815295058005554,-0.854633603884281,0.9039586648403124,0.09269890384736011,1.6813296394347186
256,2.9580524850444614,3.812913525747175,-0.8548610407027581,0.8506768627377137,0.0885849940310995,1.7029095635198996
257,2.698431070914196,3.5349326544128776,-0.8365015834987162,0.8943604574901074,0.09415224606495612,1.6738898667756514
258,2.6732507266427343,3.4937622219957976,-0.8205114953531165,0.9951655634225327,0.10378018070900481,1.626797180289677
259,2.778475777935412,3.6118724183233355,-0.8333966403879458,0.8433104147811403,0.09052318641472513,1.6926443366511001
260,2.6962333242798446,3.5527439136801067,-0.856510589400159,0.909322960965913,0.09287933872477733,1.680400912048252
261,2.7079441202514114,3.5523898765500106,-0.844445756298569,0.9372515978421938,0.09643732086037446,1.6623764346143102
262,2.862724467550336,3.674344225971774,-0.8116197584213296,1.1080425193427268,0.11307785543984784,1.5845093507671917
263,2.8761009871963803,3.7154926948937708,-0.8393917076973594,1.0386546588351526,0.10446761249555064,1.6235699998818358
264,2.9374009254509725,3.7354198639866207,-0.7980189385356198,1.1401842717353214,0.11722127844679957,1.5665441614480455
265,2.6054186388573295,3.449467051156534,-0.8440484122992302,1.045031519759414,0.10431534052049368,1.6242833900597038
266,2.6841947904750465,3.525477510771579,-0.84128272029659,0.8974528624373228,0.09380917546712643,1.6756377211734146
267,2.64842032595898,3.538367467055511,-0.8899471410965134,0.918542154000646,0.08965373796496671,1.6972270763381465
268,2.6977193660618037,3.555278640732317,-0.857559274670507,0.9365205004681445,0.09478294730270544,1.6706898876069916
269,2.555689090038825,3.434488538747497,-0.8787994487086053,0.9982625351057619,0.09667117629117421,1.6612105060153022
270,2.734468399309733,3.610687122188137,-0.8762187228784342,0.9073984860384372,0.09041710404074696,1.6932015795922482
271,2.7394963213115058,3.608199454277798,-0.8687031329664023,0.8813659550706672,0.08933896951335792,1.6988949987601025
272,2.801999627851344,3.624564104904287,-0.8225644770528788,0.9589148301430992,0.10081347141921036,1.6409226558490748
273,2.8437246267374827,3.656872355598215,-0.813147728860713,1.0909500799441672,0.11166964283410291,1.59073315144591
274,2.799484586067208,3.6077011314071723,-0.8082165453399739,0.9941482580646055,0.10532646393276945,1.619561693358259
275,2.9290801857377597,3.80303850110266,-0.8739583153650301,0.9355738309312329,0.09275423679892925,1.681044677651359
276,2.6558261354328603,3.5240301402478456,-0.8682040048149702,0.8388281559889088,0.08614025644750489,1.7161190433675517
277,2.7457234171427696,3.5953029147122044,-0.8495794975693798,1.0304893110464057,0.10257712720652132,1.6324860862559523
278,2.698052950556146,3.5448935390917486,-0.8468405885355423,0.911556390371489,0.09421070944790501,1.673592520680602
279,2.9176933865515617,3.7095025746182375,-0.7918091880666225,1.0718234564566205,0.11326739347715314,1.5836763320570604
280,2.8307674295416088,3.6599522740630115,-0.8291848445214782,0.9971643346881751,0.10279879063271302,1.6314339287083848
281,2.7997763189665217,3.652184103041398,-0.852407784074785,0.9450163894767218,0.09603799327203492,1.6643725944877474
282,2.747057303355134,3.564194849964086,-0.817137546608933,1.0544825199900094,0.10853921848405733,1.6047936745921747
283,2.826599769706561,3.713230197359158,-0.8866304276525625,0.9324857884975697,0.0910477330769636,1.6898966267579056
284,2.8088274774556363,3.6472234558094,-0.8383959783536739,1.0432035931440062,0.1049198839995303,1.6214559771494754
285,2.7683303680616542,3.612524859760405,-0.8441944916987723,0.9194068081987001,0.09512645858582419,1.6689541913572483
286,2.7884273824183334,3.6757181112354,-0.8872907288169927,0.9117622908292522,0.08946296211916879,1.6982374119217225
287,2.9533054255091,3.7510156889768447,-0.7977102634678204,1.1027100644140326,0.11464437351371265,1.5776572452130324
288,2.720576691866611,3.5380645943190623,-0.8174879024525126,1.1230901333033994,0.11331038110095044,1.5834875544780298
289,2.7196209271217664,3.588910161229529,-0.8692892341076686,0.8860160241647859,0.0896222640710869,1.6973936405702494
290,2.7829187325877025,3.6109821829576707,-0.828063450369882,0.9642810971117202,0.10051172544583584,1.6423778352667304
291,2.503759508295118,3.353046862236227,-0.8492873539411221,0.8749187642125529,0.09111666876825633,1.6895364710678964
292,2.733884504849996,3.6025444556431716,-0.8686599507932442,0.9044873731067176,0.09108113309152539,1.6897221004435437
293,2.6833993356005545,3.5350649761228197,-0.851665640522242,0.9252424319773431,0.09465663422640057,1.6713293907187154
294,2.716836256211493,3.5883258896214945,-0.8714896334099649,0.9444059650150329,0.09369135531787469,1.676239166395208
295,2.7801115702832955,3.614602261546985,-0.8344906912637953,1.0347398058698944,0.10482677943366929,1.6218905774131673
296,2.8317511383643956,3.675780517631783,-0.8440293792673401,0.9585431633046522,0.09807236191182694,1.6542714953541304
297,2.5572616345795747,3.4270842309677856,-0.8698225963881896,0.8889024392438545,0.08977786592750374,1.696570632482479
298,2.7423194018774235,3.5851008868836804,-0.8427814850062987,0.8825307690380622,0.09247966085685881,1.6824600736168351
299,2.9026738430212187,3.735720610992353,-0.8330467679710409,0.9768690706519951,0.10081045488660695,1.6409371859857294
300,2.6288969812430447,3.4962695735991587,-0.8673725923561051,0.9397401744881098,0.09384115790058302,1.675474562637587
301,2.8170665721327874,3.610761055603494,-0.7936944834707447,1.1238082176364879,0.11669724465836817,1.5687884324349757
302,2.6536635653183818,3.5220377922522226,-0.8683742269337245,0.9279727660541586,0.0928569841924473,1.6805158957810697
303,2.568586881430704,3.3970671135274713,-0.8284802320966946,1.028566649517224,0.10517067204801449,1.6202868514478688
304,2.736511381649009,3.5618479732520414,-0.8253365916029907,1.0121347079938698,0.10439282651823246,1.62392026693473
305,2.8384763579358174,3.7024375076100013,-0.86396114967431,0.9526050672173181,0.09519189094408023,1.6686241437534213
306,2.750854607378144,3.570599092412736,-0.8197444850346756,1.0300213167780692,0.10642937649032269,1.6144522023559296
307,2.7267188769385053,3.5917416915207245,-0.8650228145821757,0.9665754792040544,0.09607881792220983,1.664168215631478
308,2.691226108699382,3.5381199884730044,-0.8468938797735746,0.9635063428916704,0.09808204115144725,1.6542238377419067
309,2.8989703381135565,3.7419889324388893,-0.8430185943253719,0.9561389604161383,0.09802027126336259,1.6545280383004715
310,2.7151305922631788,3.610369583610719,-0.895238991347469,0.8615884598303989,0.08486159046821012,1.723148962520216
311,2.846844198479587,3.710747048013937,-0.8639028495343837,0.9342641774698444,0.09385333894158311,1.6754124327263173
312,2.8982207093281,3.7365185697302192,-0.8382978604020082,0.9534526334755486,0.09841019746908192,1.6526103147653246
313,2.905094408710013,3.7602348691291243,-0.855140460419193,0.940181626438656,0.09534710131792964,1.6678419726470144
314,2.828393440785774,3.699423477702745,-0.8710300369169772,0.9312096919729931,0.09278064577174676,1.6809087209429028
315,2.92969860113574,3.721815458367844,-0.7921168572321449,1.0196839318797375,0.10940460075843794,1.6008750316856812
316,2.666292516141382,3.516889121628189,-0.8505966054867713,1.009658988744043,0.1009658516564071,1.6401891158853485
317,2.639417506492762,3.4359056466831928,-0.7964881401904904,1.1391124263377155,0.11736526673283225,1.565928884983697
318,2.801797398017882,3.650533088509978,-0.8487356904920489,0.9855059521118594,0.0994597428639823,1.6474784463601029
319,2.695515208114514,3.598443602060795,-0.9029283939462402,0.8348870804061947,0.08202588801821521,1.7390504570949459
320,2.83612488327806,3.6666138299637514,-0.8304889466855911,0.990783877981281,0.10216267241743864,1.6344582185396066
321,2.8917389799302806,3.7368939553976737,-0.8451549754673806,0.9990448500475719,0.10089118661368851,1.6405484340383656
322,2.5183756307519185,3.3715661299179502,-0.8531904991660895,0.8155778422740978,0.08601363299326088,1.7168114237691936
323,2.71349492150189,3.558121063234126,-0.8446261417323058,0.9384889847659297,0.09650762091501755,1.662025703414833
324,2.6363057792927544,3.451323357882201,-0.815017578589277,1.0036291218395756,0.105127340362678,1.620488697189391
325,2.788131415617911,3.6157255159960804,-0.8275941003780645,1.036850400319409,0.10588249328317526,1.6169804857226286
326,2.6947236541116832,3.52525316762048,-0.83052951350885,0.9373004477929578,0.09817178787523421,1.653782131169732
327,2.976729940429393,3.790561886291148,-0.8138319458618071,1.0659715421212734,0.10980710142825865,1.5990607651767246
328,2.851205148203419,3.6513627497157937,-0.8001576015122964,1.038072531115499,0.10965763141807619,1.5997338847572802
329,2.820874427717015,3.6375057074921178,-0.8166312797751516,1.0770997600475,0.11021683650715779,1.5972192799733271
330,2.849230512494571,3.711080637087863,-0.8618501245933885,0.9120636905114843,0.0924495241585644,1.682615628995777
331,2.9212060490807086,3.744599678966726,-0.8233936298859135,1.0414722530031548,0.10676997901259141,1.6128827708411761
332,2.68479248438264,3.529852236885248,-0.8450597525027206,0.9991274727559238,0.10090921833510813,1.6404616387579323
333,2.6521862534738854,3.5016304068687973,-0.8494441533948702,0.9878595988133785,0.0995416502153368,1.6470797722485102
334,2.6765617510445305,3.5223822983467614,-0.8458205473021962,0.9508245036750078,0.09727846955820238,1.6581932362395955
335,2.8172726159155697,3.643333469240369,-0.8260608533247478,1.0644976691642607,0.10805496098633599,1.6069972973087916
336,2.699126514046227,3.5549025846243993,-0.8557760705782584,0.9738183362989448,0.09773577419428488,1.6559310923707786
337,2.7774729967565714,3.630923378643389,-0.853450381886887,1.0569890695868578,0.10394134118232112,1.6260390844000476
338,2.6280722829232697,3.483913441287227,-0.8558411583638872,0.8656043511686926,0.08962805481449901,1.6973629916140678
339,2.911832733350891,3.7190660210139863,-0.8072332876631663,1.0246471766919631,0.10771285002587319,1.6085587961672174
340,2.6908544236665217,3.52979477462291,-0.8389403509564772,1.0202846927989486,0.1032146931956987,1.6294646462256774
341,2.930279098697795,3.7295208356361127,-0.7992417369383702,1.1147294879011058,0.11527472983542454,1.5749207871915922
342,2.5909248927568593,3.4233484489510837,-0.8324235561942714,1.0422294802757572,0.10563165593870336,1.6181435918893452
343,2.5440833469372843,3.3946173105439557,-0.850533963606722,0.8681434346571315,0.09044596211182983,1.6930499381983681
344,2.9156289995206204,3.7519932893402648,-0.8363642898195849,0.9685244360287399,0.09977243640636427,1.645957854174076
345,2.7016406209105095,3.543443140751901,-0.8418025198412806,0.916825122907853,0.09522336634196031,1.6684654433077521
346,2.5529436832905072,3.3684883110493185,-0.8155446277587544,0.987740965900016,0.10388096629729382,1.6263229772639767
347,2.7417893790407812,3.536738275885384,-0.7949488968446303,1.0360665938415852,0.11022602853646567,1.5971780300252827
348,2.8744964934877113,3.7576416404744895,-0.8831451469868625,0.95062623772786,0.09276357197089592,1.680996615463245
349,2.9862067211183354,3.813034348099197,-0.8268276269808439,1.1084385550876126,0.1110216933718464,1.5936176743560442
350,2.756784112818266,3.643323211984972,-0.8865390991667255,0.8616339803369639,0.08582751451958766,1.7178306208710914
351,2.620867808014466,3.4555765667007186,-0.8347087586862472,1.0241505596106257,0.10403985884641405,1.625576118972945
352,2.71148643149543,3.5757600505051808,-0.8642736190098503,0.9495417616086135,0.09493042839179101,1.669944077752894
353,2.8230756066008804,3.6624495393764893,-0.8393739327756293,0.924514946344178,0.0961040524037642,1.664041919984289
354,2.678712116777049,3.5485938477032284,-0.8698817309261813,0.8760558408591721,0.08880123670449612,1.7017553661971039
355,2.7566748553549156,3.6467201984249704,-0.8900453430700281,0.9136842868715034,0.08928861745176651,1.6991622475552932
356,2.6365763788522396,3.5035581740054513,-0.8669817951531513,0.876330343226456,0.08915620357742489,1.6998656277442576
357,2.6615254257992116,3.5086642875562783,-0.8471388617571165,0.9328212587392617,0.09577519385398285,1.6656899041845457
358,2.70336918995936,3.568177260405076,-0.8648080704455197,0.9653833058806691,0.0960185589425742,1.6644699122445892
359,2.8494680247676594,3.706851428677185,-0.8573834039094663,0.9605150399559106,0.0965691020475737,1.6617191378469693
360,2.830898909963096,3.6424477630275267,-0.8115488530643233,1.0322242160485637,0.10768500856454447,1.6086860457940098
361,2.7790452961288135,3.6342444003318097,-0.8551991042029385,0.9259887446921131,0.09428521959744131,1.673213774701426
362,2.8419291656388874,3.6600556971119054,-0.8181265314731263,0.9763146686397033,0.10269149089591327,1.6319430168498426
363,2.905084448158916,3.6836211110994044,-0.7785366629404962,1.079834828338037,0.11572840568823935,1.5729585958592898
364,2.6722873994936687,3.5254746715841105,-0.8531872720903948,0.9768510843735141,0.09827634594558422,1.653267934167648
365,2.636769669829348,3.467503954807779,-0.8307342849783481,0.945034694618756,0.09872981898774356,1.6510428821655991
366,2.7634502798847076,3.6598020447389943,-0.8963517648543302,0.9189895780226971,0.08895652090613256,1.700927931656814
367,2.603629788081164,3.4421099846602856,-0.8384801965790984,0.8915415893282232,0.09369423919216889,1.676224437628347
368,2.953877544424088,3.7697533812500796,-0.8158758368258532,1.0315650528350528,0.10705690488748783,1.611563747218664
369,2.8645756190464478,3.694749749549492,-0.8301741305029964,1.0183295680409288,0.10421042976138938,1.6247753755719545
370,2.7711120163147167,3.6181413374204197,-0.8470293211056514,1.0584193122027388,0.10486914069337996,1.6216928024664956
371,2.7569522178329886,3.600619289675007,-0.8436670718421055,0.8687830711778468,0.09130786612700588,1.6885387024067893
372,2.5523295755439928,3.4318700021894535,-0.8795404266453488,0.9297439879395712,0.0916730416076667,1.6866376820808482
373,2.877067999497697,3.710199705823055,-0.8331317063253891,0.9893358157989642,0.10171684358514592,1.6365867616490768
374,2.649509291635425,3.488559437330308,-0.8390501456948414,0.9508089013248728,0.09811907732575396,1.6540415176430903
375,2.7030523252326044,3.5463876032259223,-0.8433352779934467,1.0917743592157596,0.10766493525653871,1.6087778071757006
376,2.7159123672413013,3.5570798758075015,-0.841167508566059,0.996290458205938,0.10119788735642078,1.639073816475589
377,3.026957619710472,3.848003123944301,-0.8210455042338936,1.019690340318046,0.10550710134233199,1.6187219526307624
378,2.7483078916969386,3.5481861577991345,-0.7998782661021551,1.0315454124093155,0.10921748881786891,1.6017202334815894
379,2.847840133074967,3.6670657699625804,-0.8192256368876087,0.9736116961894083,0.1023465729493723,1.633582366229154
380,2.8181724684036022,3.627967904174953,-0.8097954357713206,1.072549521087526,0.11082653290238535,1.594489087794465
381,2.91533350844152,3.7467266438828557,-0.8313931354413171,0.9835509733982568,0.10151464267317521,1.6375545885999823
382,2.6928049220511663,3.5548093048402936,-0.8620043827889958,0.9457490475928032,0.09492631138745321,1.6699648847875426
383,2.744422643370583,3.5746111097876185,-0.8301884664169847,0.9312811480122907,0.09775833820167601,1.6558196944063825
384,2.6727015301821235,3.548283525412755,-0.875581995230732,0.9179949629563748,0.0912738711456932,1.6887159832938017
385,2.7797767046046853,3.653150721699149,-0.8733740170945339,0.9425179455568804,0.09332994912077956,1.6780878559930623
386,3.0804387166159155,3.882672016152086,-0.8022332995361694,1.0568609158534554,0.11073871483696937,1.5948816006352993
387,2.7492296621771426,3.533436834624671,-0.7842071724476227,1.0512570059624937,0.11283764299309383,1.5855666655533345
388,2.9790501043082283,3.814791086174432,-0.8357409818661381,1.0263407674683713,0.10406299010609256,1.6254674684153965
389,2.8519407789094227,3.6715611712786616,-0.819620392369302,1.0386059266629384,0.10706609653012661,1.6115215387508515
390,2.8604087346746634,3.6826123598552667,-0.8222036251805775,0.9989841867985172,0.10384022404100739,1.62651462830103
391,2.5415446329223665,3.363032016910735,-0.8214873839883694,0.9833204383430512,0.1027761921306389,1.6315411131111512
392,2.6699133856779578,3.5246817923665223,-0.8547684066885495,0.931022529949689,0.09471236078736607,1.6710471717164956
393,2.879930178126599,3.682254783927697,-0.8023246058010045,1.07326875702732,0.11190632335739832,1.5896827967291525
394,2.6600089766364614,3.5049105688159146,-0.8449015921795535,0.9400956008547683,0.09659368719802672,1.6615965917327318
395,2.85988178896828,3.697248912316432,-0.8373671233482582,0.9707586427077968,0.09981078447897128,1.6457716337595467
396,2.646961887405794,3.493652546053306,-0.8466906586475034,1.0041250874421523,0.10106294688796033,1.6397221711741874
397,2.7838401212512305,3.5920732822251797,-0.8082331609739413,1.13725211733216,0.11557439940934007,1.5736240085660955
398,2.697640321869542,3.5201920722522204,-0.8225517503827859,0.9340489085665844,0.09893159415368913,1.650055456123282
399,2.6713211503329855,3.506759012258349,-0.8354378619253566,1.0030633570221235,0.10242246093340444,1.633221303943554
400,2.565708611422749,3.46021016746785,-0.8945015560451566,0.7873755156373301,0.07928226094789825,1.7548658252533833
401,2.7563141505836053,3.5915726677570903,-0.8352585171735427,1.006613567750684,0.10270316784252598,1.631887594571004
402,2.7446384201445677,3.5966459642010196,-0.8520075440565051,0.9096773316805682,0.0934452711218063,1.677497330064928
403,2.744273912713154,3.6215681208087926,-0.8772942080955772,0.953870706570175,0.09368797448607047,1.676256433728567
404,2.829573282277081,3.665783278403714,-0.8362099961267404,0.9782141641044495,0.10050699635722288,1.6424006691395208
405,2.735912857468818,3.580382738811237,-0.8444698813425475,0.9601881683900468,0.09813906729618634,1.6539431347115694
406,2.942502626169769,3.7961320491685195,-0.8536294229987789,0.9565449605521525,0.09673826707921206,1.6608764292533964
407,2.971099889399127,3.796889859303843,-0.8257899699046902,1.0425692172277914,0.1065307040446999,1.613984888791553
408,3.0483303314416186,3.8195276645701024,-0.771197333128498,1.1372029603800309,0.1208997543562297,1.551008051940107
409,2.697372651037497,3.5525261448547254,-0.8551534938172836,0.905964902052129,0.09278834308114885,1.6808691000746023
410,2.841442637209368,3.6435323542702878,-0.8020897170608805,1.0871729132806065,0.11293065483594607,1.5851570560461117
411,2.693054865532488,3.5465025741688287,-0.853447708636395,0.9360687444061182,0.09524777925418798,1.6683423811788711
412,2.7783397713742057,3.6223825539599095,-0.8440427825856887,1.0187970399992627,0.10245272870989024,1.6330773543229955
413,3.0480923593181184,3.8757938182865384,-0.8277014589683631,1.1049383215113213,0.11066155877625947,1.5952266613266688
414,2.7234524750126208,3.5295557709985466,-0.8061032959859631,1.112552446965783,0.11415957821055397,1.5797698692421418
415,2.7875123446925296,3.6386079614436384,-0.8510956167509676,0.9522426907414201,0.09673278504041752,1.6609037199632832
416,2.8948057915733467,3.6896201852570107,-0.7948143936836232,1.0400285229380295,0.110535495522406,1.595790855926566
417,2.890027764180402,3.6742287425737525,-0.7842009783934145,1.1073529086713865,0.11689317223645028,1.5679484120536393
418,2.9670949698265328,3.817836040444688,-0.8507410706181417,0.8837331241892139,0.09162246622469694,1.6869006024933597
419,2.9956185270020366,3.7948889505370285,-0.7992704235349493,1.0655019256521772,0.11177128654678581,1.5902818560590142
420,2.834585878321334,3.6739533204104133,-0.8393674420891557,0.9263021215528435,0.09623999407215282,1.6633620039493346
421,2.7101013204002835,3.5680410840089265,-0.857939763608556,0.9681946157873078,0.09706078790056562,1.6592730272345317
422,2.8623483178105995,3.711316587070414,-0.8489682692597853,0.991336489719191,0.09985302838570895,1.6455665609954735
423,2.5958504562473332,3.444640888041264,-0.8487904317939865,0.8985157802708059,0.0929851011771773,1.6798572087316668
424,2.735971559579141,3.618198418148632,-0.8822268585695383,0.8976567693331896,0.08900370535103272,1.700676739070587
425,2.828639459933768,3.6434631618125946,-0.8148237018789359,1.006591157273516,0.10537131307495647,1.619353093693288
426,2.746876342154635,3.58569699866548,-0.8388206565107339,0.9485483219701432,0.0979790580889931,1.6547310876024504
427,2.958746337875666,3.8017463956606847,-0.8430000577850478,1.0096073295978347,0.10192670969161696,1.635583864141326
428,2.8060404013219364,3.626547538072353,-0.8205071367503933,1.037709143368275,0.10688328696988668,1.6123615489491585
429,2.7033189497467016,3.551306535586272,-0.8479875858395189,0.935910441753252,0.09590213264198452,1.6650532494102226
430,2.904155694512226,3.732588082375895,-0.8284323878636997,1.1133922712365916,0.11114532172148646,1.593066285355432
431,2.733323381330322,3.596670892906349,-0.8633475115760803,0.9045394092888479,0.09170901899359606,1.686450721537822
432,2.531331354699503,3.354444146213186,-0.8231127915136085,1.0457293833569268,0.10711249530236894,1.611308517156102
433,2.878110187932591,3.7183712573870316,-0.8402610694544137,0.9538508547064746,0.09819433659416485,1.6536712038121033
434,2.8600588745734536,3.661424764956727,-0.8013658903834084,1.051360059523065,0.11045971392385795,1.5961302601839618
435,2.8698319611728063,3.7246807773130945,-0.8548488161403611,0.9142959758752258,0.0934519972593036,1.6774629057831387
436,2.660240122853977,3.52152381490156,-0.8612836920474365,0.9581237715883382,0.09591893616382911,1.6649690228012957
437,2.8597327206096703,3.6927159625325188,-0.8329832419227614,1.1114813689627965,0.11039903790484894,1.5964021434451665
438,2.6104028817491804,3.487284065803417,-0.8768811840542412,0.8843322569764123,0.08862225465678578,1.702710522779678
439,2.747227887488932,3.5969194446664834,-0.8496915571774935,0.8778976830260112,0.09129845772966087,1.6885877610739688
440,2.5861821329741157,3.450078129893655,-0.8638959969194957,0.8798831527098012,0.08978356774794855,1.6965404962783421
441,2.871258478181701,3.734580357231105,-0.8633218790494084,0.9798915368354,0.09724725637092968,1.6583479478341823
442,2.8341063505417448,3.663301462791012,-0.8291951122494083,0.9570867547981177,0.09982967992642142,1.6456798973806366
443,2.6910898822932974,3.577680790426785,-0.8865909081335985,0.9093979067153013,0.08936982392480952,1.6987312957058074
444,2.740476211436501,3.5503736397482366,-0.8098974283117286,0.9524755091558861,0.10196341852071406,1.6354086107945534
445,2.8193629656256713,3.6734282620038186,-0.8540652963781667,0.9006763274519702,0.09251836075615275,1.6822603775965486
446,2.9169017675998954,3.7145102562029684,-0.7976084886031458,1.1281330586079465,0.1164427464641521,1.5698812241660596
447,2.8896753815470926,3.6611927784958094,-0.7715173969486386,1.116895326480924,0.11941154197336856,1.5572483123644285
448,2.769308414181594,3.5847012964776233,-0.8153928822960097,1.0225247494371974,0.10646360530947353,1.6142943026901402
449,2.7877825376938996,3.6433507511747503,-0.8555682134808649,0.8663224420289117,0.08971528755478873,1.6969014833438005
450,2.8136509702234913,3.6424913972828645,-0.8288404270592764,1.0401059401308674,0.10595136651490115,1.6166615103145685
451,2.7669581677964312,3.574886834373967,-0.8079286665775953,1.1542276709827097,0.11678065694789043,1.5684306750840742
452,2.7647033284270743,3.6497159970302078,-0.8850126686030535,0.8977703475083012,0.08869413235651559,1.7023267532239184
453,2.7103325491221564,3.546309285273208,-0.8359767361511103,0.9490046007990154,0.0983688982415267,1.652813143748428
454,2.847388546054233,3.632384026996005,-0.784995480941916,1.0501599460202433,0.11264627808628168,1.5864102441774648
455,2.660333579751366,3.505801235182211,-0.8454676554308662,0.9549635546119211,0.09762880958696943,1.6564594538825086
456,2.642591984853382,3.4659601753535605,-0.8233681905001049,0.9481557989263862,0.09989924984229417,1.645342258498251
457,2.8504467343540933,3.6663201113670323,-0.8158733770129629,1.0493497326671948,0.10834135483140758,1.6056931148626488
458,2.7119644952757223,3.557420174449932,-0.8454556791741652,0.9365364399498199,0.0962595676406687,1.6632641695080708
459,2.7340800747012532,3.550414041591688,-0.8163339668903973,0.9827566151433857,0.10340628694570328,1.628559579407657
460,2.7331152159592444,3.55995408525821,-0.8268388692988538,1.0272318576281445,0.10529006662792277,1.6197310341581448
461,2.7032544133041507,3.5633984448905003,-0.8601440315862874,0.8791781781016388,0.09016703123775396,1.6945172783626783
462,2.9322688997694537,3.7569577411242174,-0.824688841354714,0.9789491243761022,0.10203695733834213,1.635057676693675
463,2.9245473815722813,3.765393572192529,-0.8408461906202547,1.0342605349878236,0.10396685313395,1.6259191622910754
464,2.530480908091661,3.4122537434137903,-0.8817728353220673,0.8850300987496365,0.08811679717918976,1.7054163712323813
465,2.8154428982433752,3.645026083215129,-0.8295831849717388,0.8944637638641408,0.0950073026923113,1.669555693454662
466,2.6216530414680643,3.4972523390306303,-0.8755992975626441,0.884821066313068,0.0888056776371583,1.7017316864227572
467,2.745460888970299,3.5682396531620095,-0.8227787641916393,0.9683666024921096,0.10149480322010873,1.637649632056321
468,2.7142381451970574,3.561814105002481,-0.8475759598053401,0.9301151916030093,0.09551914642538932,1.6669761548545778
469,2.7791577730319683,3.5625573310630902,-0.7833995580313058,1.0503362001527403,0.11288361309650391,1.5853641872132014
470,2.831321583364868,3.6066635822477493,-0.7753419988828227,1.1470024171652449,0.12097816926228776,1.5506809196344566
471,2.9723826835914475,3.7901179581555398,-0.8177352745642565,1.204149728518858,0.1187436374539713,1.5600687414458703
472,2.7723547561316333,3.649745810269938,-0.877391054138343,0.8513514668728757,0.0860702892718474,1.7165015240117678
473,2.7383134839759147,3.5974456582309142,-0.8591321742549098,0.9584729268033965,0.09620632628130779,1.6635303227053206
474,2.8930412280920588,3.6616845309120145,-0.7686433028198962,1.1780733856166232,0.12413307518384539,1.5376546596027014
475,2.5623488401899546,3.4197176328926804,-0.857368792702573,0.9360216819215212,0.09476903513720103,1.670760289220799
476,2.871115515544218,3.698793576928565,-0.8276780613844039,0.9674168381480759,0.10079489526431981,1.6410121396054158
477,2.749699608441872,3.5747188526768663,-0.8250192442350226,0.9701614528456912,0.10134050203546992,1.638389337210969
478,2.8444276860082733,3.7022205477605747,-0.8577928617521593,0.9694970695987779,0.09717352205299197,1.6587135778085427
479,2.5874022522459224,3.459129879832862,-0.8717276275868926,0.8135149280585576,0.08377505036543687,1.729190252300977
480,2.6921193784979347,3.513482162616661,-0.821362784118719,0.9948756357490409,0.10364750201064134,1.6274220008714808
481,2.551476036373017,3.4173385661827527,-0.8658625298096467,0.8986072414340169,0.09096839270945428,1.6903114133640023
482,2.5945568130135395,3.43922416935462,-0.8446673563411196,1.0272862163489285,0.10297840807353467,1.6305826712660663
483,2.6381389903869628,3.4859866907098502,-0.8478477003227454,0.9501799477976784,0.09698025065645738,1.6596730159889834
484,2.7034766300819935,3.55528807632682,-0.8518114462447102,0.9618177438851014,0.09734900498445703,1.6578437657569194
485,2.8765778412175247,3.712061581278101,-0.8354837400605675,0.952871575161427,0.09871985587416693,1.6510916803236317
486,2.904632280958665,3.728497309600123,-0.8238650286414213,1.0334813530843387,0.10613287642894106,1.6158216630784223
487,2.8462850964354653,3.6703540758911495,-0.8240689794556602,1.0078546361359377,0.10424650705859126,1.6246061444840962
488,2.795782409102642,3.6156898407288787,-0.819907431626234,1.0200830540514416,0.10568614237345578,1.6178907579506154
489,2.676532778146409,3.503419485012335,-0.826886706865821,1.1090701919763941,0.1110572674915965,1.5934589622452457
490,2.818453509543317,3.64457081639149,-0.8261173068482321,1.0327583870068628,0.10578326709868288,1.6174403254557057
491,2.890668831902715,3.7372019283414386,-0.8465330964387476,0.9726898629975607,0.0988010183391676,1.6506942705053789
492,2.729151973763876,3.5311996809087183,-0.8020477071447658,0.9841766716633416,0.10540145828837373,1.6192129236565158
493,2.6568996085890855,3.5411913155224997,-0.884291706933368,0.8467621863685673,0.08495205032045844,1.722648822669926
494,2.779982486740735,3.590325223048732,-0.8103427363079163,0.9985930100350471,0.10537446329176313,1.6193384442403835
495,2.9636438516166232,3.791789394167378,-0.8281455425507147,1.0196998414231078,0.10457448284311728,1.6230698081514179
496,2.8086834034265418,3.6342116640632525,-0.8255282606367018,1.0234986943751667,0.10519265506415072,1.6201844763685826
497,2.8532647215306066,3.6743680525740445,-0.8211033310434459,0.9619855610879284,0.10123218046769927,1.6389091565329026
498,2.8422819468575677,3.6471471333841907,-0.8048651865266265,0.9920568833925945,0.10561683703637394,1.6182123740827683
499,2.728401495485016,3.547381345185213,-0.8189798497000993,0.992522931342859,0.1037853548674012,1.6267728266144
500,2.622386005732053,3.4714417136706,-0.8490557079385326,0.9761574939483872,0.09873959896444012,1.6509949848139789
501,2.702016943059746,3.5630085828260376,-0.8609916397662118,1.0239534008406268,0.10067235719626448,1.6416027509243734
502,2.706635945739506,3.545530428090467,-0.8388944823509519,1.0264171293062565,0.10365991586588495,1.6273635136582685
503,2.6566890262832454,3.5108465081249336,-0.854157481841753,0.982874553521305,0.0985927500577833,1.6517145749772295
504,2.820089267396909,3.6516549230624196,-0.8315656556654858,0.9092043549171827,0.0959008289743361,1.6650597844570663
505,2.734851603159384,3.6106205725759435,-0.8757689694165265,0.9197740105999741,0.0913830282703426,1.6881469265973168
506,2.7349489214141864,3.6394116591173806,-0.9044627377031702,0.8437102234073781,0.0825234261968882,1.7362285773355068
507,2.64979532137427,3.551677080460062,-0.901881759085768,0.8623758121497858,0.08419313958834362,1.7268581635704319
508,2.69077400099691,3.5385513601903305,-0.847777359193401,1.0131408650884537,0.10157201084128689,1.6372798421965187
509,2.783718749793095,3.627864067058789,-0.8441453172656566,0.8801859869517292,0.09213512784641001,1.6842408690610302
510,2.714155986476228,3.5556771541298366,-0.8415211676536956,1.012267442001025,0.10230712854002781,1.6337701202499932
511,2.6577336907273117,3.4777375859997357,-0.8200038952725208,1.0295789345983861,0.1063628768938133,1.6147590842360169
512,2.836269176132148,3.663137088702712,-0.8268679125706058,0.9873522752467108,0.10237727315752503,1.6334362741451103
513,2.639633923665158,3.4586885771077998,-0.819054653442663,0.9751526514226982,0.10248396544840102,1.6329288319182391
514,2.8274458595686407,3.6532563186903118,-0.8258104591217261,1.1260164984439198,0.11236820188425108,1.5876380810842101
515,2.690367495265789,3.5314837369152294,-0.8411162416495017,0.9591027330884869,0.09847729753385161,1.652280917468555
516,2.801986475253741,3.644399984046107,-0.8424135087923332,1.0089099919240758,0.10195139728747654,1.63546599639807
517,2.703961684444564,3.5570790547430344,-0.8531173702984916,0.9742498133095574,0.09809584772276642,1.6541558649133146
518,2.4715570115990455,3.3216744005639947,-0.8501173889649181,0.9869968333972783,0.0993948565304946,1.6477944587144657
519,2.8411061202848056,3.686258965157189,-0.845152844872473,1.0018870538272506,0.10109663255324801,1.6395602555454085
520,2.6678440125911744,3.4956304045744866,-0.8277863919831816,1.024282173287805,0.10495277150955104,1.621302535609316
521,2.581066386064847,3.4838240140348895,-0.9027576279700043,0.9090729072839303,0.08751770946316312,1.7086397033058565
522,2.647462046344756,3.5125414228045524,-0.8650793764597893,0.9000491550493512,0.09116843580372008,1.6892661573201968
523,2.816821541546758,3.613137367769365,-0.7963158262225534,1.0389606399285198,0.1102501895021025,1.597069618766405
524,2.4894819378777835,3.31808323595012,-0.828601298072499,0.840402662462866,0.09086254788623661,1.690865216816031
525,2.9618067465269884,3.7818057215769136,-0.8199989750498844,1.0577528608433506,0.10838799724762369,1.6054809727116317
526,2.6628700857790615,3.5410630633767775,-0.8781929775976778,0.9338367145413273,0.0921291811843204,1.6842716526276864
527,2.9566971128713955,3.723958581750218,-0.7672614688788144,1.187612705265849,0.12499810105680118,1.5341282646872403
528,2.7627130769594284,3.6016540240218107,-0.8389409470623832,0.9925184854973028,0.10120702323166318,1.6390299458101159
529,2.8170830536292466,3.636627218877965,-0.8195441652487716,1.0737917215741752,0.10958800490316614,1.6000476867107634
530,2.6790893806385863,3.5204418739351566,-0.8413524932965402,0.9801549928573676,0.09999819938215676,1.644862356381784
531,2.8971587688292426,3.7211887964600048,-0.8240300276306698,1.0577583572335834,0.10784840493128786,1.6079396131816999
532,2.920005338539411,3.755376602685175,-0.8353712641456923,0.99584699465463,0.10190581431944033,1.6356836441598726
533,2.726674988691641,3.591493732938145,-0.8648187442464632,0.8637873117555546,0.08844871548744651,1.7036381185091618
534,2.8201331082329513,3.6603421619488183,-0.8402090537158529,1.0473534090361492,0.10497745664237508,1.6211873885465866
535,2.633800818837656,3.481207799311815,-0.8474069804741475,0.9380622300623318,0.09613385665110062,1.6638927873699128
536,2.5785050672844387,3.4091281337130197,-0.8306230664285295,0.9835003978668446,0.10160969022004492,1.637099456144747
537,2.8423947247875527,3.65123090993313,-0.8088361851456511,1.1283952030235214,0.11487884068260215,1.5766380137199176
538,2.6444180028416464,3.458842186531086,-0.8144241836894253,1.0184031233683442,0.10629152516557909,1.615088526909944
539,2.8425563700480576,3.6809262239778637,-0.8383698539297484,0.9348560354358018,0.09700861201433805,1.6595321288297264
540,2.751079582012792,3.6089042711803274,-0.8578246891675008,0.9645755690673776,0.0968114027247124,1.6605124633324915
541,2.746566146210696,3.597361995977645,-0.8507958497668824,0.9975955899402353,0.10007515244022444,1.644489398194884
542,2.695486994512478,3.561539429360716,-0.8660524348482568,0.8917943142117895,0.09043379125154535,1.6931138880448897
543,2.78954488236657,3.608118904305839,-0.8185740219392983,0.9949613898163383,0.1040188771806587,1.6256746892066185
544,2.7480180114375368,3.5781813757125245,-0.8301633642748811,1.0254384237804492,0.10472489662108009,1.6223665047056703
545,2.7443316578954433,3.598530708560294,-0.8541990506648744,0.8717468296243274,0.09029346984771643,1.6938516851175967
546,2.767301191294407,3.631019678153715,-0.863718486859284,0.876997341906562,0.08958469529351104,1.6975925214500247
547,2.9412908166054446,3.7161779729551356,-0.7748871563496778,1.0683167992894305,0.11541193775560935,1.5743267103066765
548,2.5354881483758187,3.4299020567140537,-0.8944139083382652,0.9079309943109699,0.08837289606739021,1.704043846453635
549,2.5951661890783977,3.4411066443534746,-0.8459404552750129,0.9102652347327744,0.09422192273549926,1.6735355065539186
550,2.7517873644080306,3.6095335280635674,-0.8577461636555199,0.928986928670199,0.09420157378169963,1.6736389751325411
551,2.6426820217779574,3.5045621954289277,-0.8618801736508885,1.0103571645556588,0.09960094302971657,1.6467913349199952
552,2.6640211713972373,3.5265305817977857,-0.8625094104005484,0.9437832427729824,0.09472110554490039,1.6710028972529436
553,2.9805567647405975,3.836373721998679,-0.8558169572580709,0.9862427284346533,0.09863010414366034,1.651531451083496
554,2.8808176478230076,3.7018719744946558,-0.8210543266716286,1.1055699700777437,0.11160886020949236,1.591003179559152
555,2.771062999708604,3.6039457221669253,-0.8328827224584074,1.0369771328331123,0.10519676375493281,1.6201653440465897
556,2.7975767317378337,3.609305381651614,-0.811728649913789,1.016052343377992,0.10647880322676702,1.6142242066557795
557,2.900143195483977,3.754483078994546,-0.8543398835105336,0.9908022053287016,0.09914251375336096,1.6490249969588069
558,2.6644747378541775,3.4828289008926716,-0.818354163038407,0.9851137597020281,0.1033176529227787,1.6289781104680345
559,2.7175094679270866,3.5407398601433777,-0.82323039221626,0.9827961124260507,0.1025110711205818,1.6327999808216258
560,2.6875729740298335,3.502860142628537,-0.8152871685986156,0.9852034255658815,0.10372582239147601,1.6270530917906936
561,2.8023459213306547,3.6265077530364755,-0.8241618317057373,1.1174624735161025,0.11200644867383074,1.5892389821479072
562,2.769688485629288,3.6121176715479737,-0.8424291859187178,1.0554637965189264,0.10525960783488622,1.6198727813573353
563,2.9849600988599856,3.8043739654653224,-0.8194138666053732,1.0581192005513054,0.10849274824726424,1.605004800393298
564,2.773275095506008,3.647032816811277,-0.8737577213054237,0.8845315001300098,0.08899526581814178,1.7007216601517696
565,3.034672100904643,3.853704857933367,-0.8190327570287081,1.0170742457829687,0.10558255226371774,1.6183715368046858
566,2.8347109837463473,3.6385904301663,-0.8038794464199555,1.0362203742802123,0.10901412150207147,1.6026401618178767
567,2.9739216979445042,3.840010759310545,-0.8660890613659831,0.9965962056440301,0.09810307925129787,1.6541202655358433
568,2.8338328135374264,3.695168279885246,-0.8613354663477821,0.9929259016212502,0.09842701095925022,1.6525277597342753
569,2.762228250399701,3.6141314112908876,-0.8519031608910836,0.9491634364538646,0.09640634813612292,1.6625310243137117
570,2.5189627855427967,3.3435873086869754,-0.8246245231441662,1.030537948642341,0.10582028919443755,1.6172687155192564
571,2.769785785873139,3.6133765303595546,-0.8435907444865052,0.9618709804870984,0.09837292366431583,1.652793371079982
572,2.9115577045473198,3.7397278838349757,-0.8281701792876675,0.9986419864877845,0.10303838946940437,1.6302986656028067
573,2.563475834592239,3.3917018637188634,-0.8282260291267676,0.9718953920036042,0.10105810831742297,1.6397454320815592
574,2.837020271676763,3.654245240258231,-0.8172249685815132,0.9839376021122184,0.10337772765569649,1.6286944056113788
575,2.819157642873122,3.6088360573381846,-0.7896784144650155,1.1590995927757273,0.11972540744914988,1.5559271880132564
576,2.844875811375871,3.6805524176670485,-0.8356766062911447,1.0299709829465689,0.10433135861559888,1.6242083067969644
577,2.8144946659260337,3.670024572498281,-0.8555299065722011,1.0021885332013705,0.09981142461334606,1.6457685257149968
578,2.808747569609366,3.6639710607753506,-0.8552234911659298,0.967234718309324,0.09732470812706154,1.6579641226108213
579,2.764662001432796,3.5974707595645445,-0.832808758131705,0.9122293276245741,0.09597917577082929,1.6646671725448985
580,2.6969262514380286,3.575078287992705,-0.8781520365546385,0.8563845916939399,0.0863682745500559,1.7148743049633584
581,2.5873646908316483,3.407564956897875,-0.8202002660663084,1.0906346235872288,0.11068403898643792,1.5951261047447691
582,2.734943935796039,3.5299464483515517,-0.7950025125554703,0.9669630931224731,0.10503684576842034,1.6209104481545897
583,2.6896558480882073,3.5331231124254585,-0.8434672643373915,1.0071215331993288,0.10168818940047604,1.6367238205978887
584,2.8316902501988603,3.7119398639810997,-0.8802496137822118,0.9646824969167138,0.09411410003007388,1.6740839581905294
585,2.8223382649053543,3.70545744373648,-0.8831191788311799,0.9676992839455028,0.09398917548585564,1.6747200304995804
586,2.7909075650653246,3.636145098196503,-0.8452375331311259,0.9683912982192462,0.09864756385203689,1.6514458759621105
587,2.734431896440199,3.5995340468481616,-0.8651021504078926,0.9811826321172514,0.0971222460600484,1.6589679733679445
588,2.9962451002011927,3.8301165928327037,-0.8338714926314879,1.0781602442663551,0.10797426914821842,1.607365246402251
589,2.8502711919334867,3.6932407387393957,-0.8429695468058753,0.8875699226883245,0.0928458344905845,1.6805732541720946
590,2.880156363030053,3.6961018391897382,-0.8159454761597544,1.1100808036268355,0.11262266657745035,1.5865144071756911
591,2.667912141385798,3.560103053450806,-0.8921909120650753,0.8891125083750673,0.08724326256060165,1.7101222856563356
592,2.68037244181103,3.549382872339112,-0.8690104305280784,0.8555065477168426,0.0873345290599828,1.7096288401920543
593,2.665492803701184,3.5534578005124815,-0.8879649968113199,0.7380219740645995,0.07605095334863927,1.7740737426756055
594,2.729721713890583,3.59581410295277,-0.8660923890621461,1.008167140456732,0.09892353290607535,1.6500948745627457
595,2.995884999461239,3.8303660951305205,-0.8344810956692754,1.0493959444457108,0.10587076346818633,1.6170348268919723
596,2.6652874415027124,3.502406174417312,-0.8371187329146323,1.0126220435634068,0.10289810020241351,1.6309631267223832
597,3.101402484930602,3.945872181869509,-0.8444696969389724,0.9745081966599933,0.09919242667027456,1.6487814007303425
598,2.594693259262797,3.4504448127511353,-0.8557515534884033,0.9581334993417516,0.09659460433006216,1.6615920207174562
599,2.701295907789088,3.475257889859646,-0.7739619820706594,1.07283637264876,0.11587528534207513,1.5723246232730526
600,3.0155210930407317,3.812831167328907,-0.797310074288248,1.1085812749911839,0.11511502155554645,1.575612985927733
601,2.763047015184909,3.5755522492617176,-0.8125052340766388,1.0369855265359131,0.1079022258525667,1.6076939427308021
602,2.8299022687782123,3.6717389717085527,-0.8418367029304363,1.1050293004341243,0.1087728023018287,1.6037335273290318
603,2.682452218657502,3.5447722637371517,-0.8623200450796276,0.8729489722886299,0.08943825140857574,1.6983684050037215
604,2.757295213305681,3.6069073317099467,-0.8496121184042522,0.9737417156338726,0.09849402349894047,1.6521988368460343
605,2.948351300700963,3.7457912482866136,-0.7974399475856444,1.1439795054469126,0.11756626569569226,1.5650709862380139
606,2.741830947432916,3.5673961523969946,-0.8255652049640503,1.0014592208020847,0.10358322512030665,1.6277249270678433
607,2.8349187778472493,3.708101820415321,-0.87318304256803,0.9403111460529683,0.0931917551791059,1.6787962732526422
608,2.723596310403948,3.599252149778471,-0.8756558393745308,0.8303079556581512,0.08464739158198849,1.7243349598994668
609,2.642021430814864,3.486260363379381,-0.8442389325643944,0.9726629050092432,0.0990860739454323,1.649300565120886
610,2.6037980704666803,3.481897993962288,-0.8780999234955971,0.895568410029048,0.08932172995329461,1.698986485854863
611,2.8831695592619577,3.6939233994779275,-0.8107538402158525,1.0414894175301725,0.10846487227059948,1.6051314822004632
612,2.819005161212615,3.632396833685681,-0.8133916724731307,1.022502228687126,0.10672903076855146,1.613071242508779
613,2.6648212055485625,3.5202883905421642,-0.8554671849936994,0.9662854765471862,0.09722548151560872,1.6584559008076598
614,2.9735470722549304,3.759491868424804,-0.7859447961698152,0.9744155944964641,0.10683005643586409,1.612606357328088
615,2.860586161260542,3.673633764738766,-0.8130476034781395,1.0126077366450608,0.10604985635331679,1.6162056559044198
616,2.65254851166874,3.480885130186411,-0.8283366185175964,0.8960488275945804,0.09528389976661344,1.6681603489826167
617,2.702480620123381,3.538173429679246,-0.8356928095558942,0.928622311208608,0.09687025974864823,1.660219715879571
618,2.8935061413602194,3.6993116129452113,-0.8058054715850176,1.1158082048839244,0.11442850649881396,1.5785970728646894
619,2.874102633648661,3.7171492008328815,-0.8430465671841603,1.0033821534028027,0.10147212919521305,1.637758273012103
620,2.8508026556419988,3.6612333378326807,-0.8104306821905993,0.9590713982935251,0.10239577062692691,1.6333482676657312
621,2.8386064990205138,3.6583689543768014,-0.8197624553563401,1.0885063625082791,0.11059443456391196,1.5955270117259683
622,2.543502388566892,3.4406277435409005,-0.8971253549740368,0.8866059267825679,0.08650718843663381,1.7141172821121735
623,2.81218962376586,3.6373348826485867,-0.8251452588827988,0.9431712378119279,0.0992959467925947,1.6482764902288498
624,2.979472908439291,3.842466689339713,-0.8629937809004105,0.9777303525861583,0.0971317938141078,1.6589205959655586
625,2.8571368540546724,3.6418876406305087,-0.7847507865758416,1.1378320819599645,0.11896342514186502,1.559139251826059
626,2.7621595347552126,3.6108860273416545,-0.8487264925864793,0.9625435201735595,0.0977837620323086,1.6556942021774914
627,2.701663990098225,3.5378890724567165,-0.83622508235851,0.8352645999567039,0.08954640591969408,1.6977952861222672
628,2.7810859134581984,3.650767622387813,-0.8696817089296474,0.9761467366846448,0.09620341879750198,1.6635448605910026
629,2.6076010222614765,3.4669521683342217,-0.8593511460727541,0.9170343813300836,0.09311843064298779,1.6791724958235408
630,2.721107226929646,3.5572628122652534,-0.8361555853356322,1.0100309785849388,0.10283503074987592,1.6312620814204555
631,2.7975442614314967,3.6458634721793897,-0.8483192107478317,0.9324848563340944,0.09560566612759162,1.666541215870235
632,2.830561304575283,3.6236120739989857,-0.7930507694237576,1.1342506845705076,0.11751856938295835,1.5652744582107072
633,2.820775562176166,3.689210764366957,-0.8684352021908808,0.9833803075044332,0.09687304673225819,1.6602058573004967
634,2.84956212096786,3.6630676007649563,-0.8135054797970724,1.0046310129217089,0.10540154594097396,1.619212516133445
635,2.625904655503589,3.4502784800513644,-0.8243738245477061,0.9540773601626609,0.10021777928230652,1.6437987518352817
636,2.707669469574355,3.5640630929032624,-0.8563936233290406,0.9136102431589279,0.09321544543641656,1.6786747711330356
637,2.575876645522228,3.3917192179930757,-0.8158425724708422,0.9847143934549678,0.10361655690499752,1.6275678213175069
638,2.8900872299249865,3.732369966970953,-0.8422827370459345,1.0455897400735095,0.10458345743369557,1.6230278223123598
639,2.6585770625679994,3.5410687232926317,-0.8824916607247815,0.907890642205905,0.08972917421648408,1.6968280487478893
640,2.82733079537418,3.66680548681389,-0.839474691439591,0.992788289707738,0.10115870646976591,1.639261999704143
641,2.855852017474333,3.6661757790187166,-0.8103237615443959,1.03940007971992,0.10837153503616574,1.6055558389900475
642,2.675877116558311,3.558708725606905,-0.8828316090485941,0.9122899902794561,0.0900136019624656,1.6953259643288698
643,2.6342957810921486,3.480149781914338,-0.8458540008222144,0.9503614619736265,0.09723999016592133,1.6583839692745497
644,2.7704598893872823,3.591889926103334,-0.8214300367160376,0.9789974337339848,0.10246231080474875,1.6330317901736593
645,2.6368934491906226,3.470422593826179,-0.8335291446355768,0.9116396100510036,0.09584500950444594,1.6653396639530078
646,2.8738052205015516,3.723797803442976,-0.8499925829414678,0.993244021429526,0.09986229272757627,1.645521596560965
647,2.912421662842078,3.7624951622027214,-0.8500734993605192,0.9909694923057608,0.09968782500436255,1.6463689339647545
648,2.8814800796038322,3.699182415456739,-0.8177023358529141,1.0183698594157373,0.10585335417142522,1.617115488420951
649,2.7641485800654233,3.552842672757627,-0.7886940926922534,1.078921153958114,0.1142177829795791,1.5795158539610157
650,2.9035448931728776,3.7419610617518644,-0.8384161685789877,0.9458941496989994,0.09783116068687887,1.6554603116395865
651,2.937084048902491,3.7622558078798956,-0.8251717589774898,1.0293692896465374,0.10566377349739016,1.6179945439513657
652,2.6839507903243454,3.556552253100804,-0.8726014627764016,0.913226091349232,0.09126983252404208,1.6887370478838324
653,2.9068322485794194,3.738263650892152,-0.8314314023126599,1.0774421762212723,0.10824882426350793,1.6061141825756247
654,2.6929252952547382,3.506549896431745,-0.8136246011770254,1.0154679324981308,0.10618300508382446,1.61558991828255
655,3.042204268602475,3.8745041147607346,-0.8322998461583211,1.0611757396743093,0.10699098812475807,1.6118665243398844
656,2.6265513762571824,3.4712289483004635,-0.8446775720433379,0.9689388903194973,0.09875776663315955,1.650906018864875
657,2.842490030770207,3.6844884112094998,-0.8419983804392359,1.0414388884297119,0.10432692282475987,1.6242290982183238
658,2.9282301391953776,3.80316791544347,-0.8749377762479753,0.9012263083985808,0.0901074081567489,1.6948314045171344
659,2.805644435886918,3.612976529046654,-0.80733209315963,1.112210275226499,0.11396425907149406,1.5806230202305922
660,2.7537319044235598,3.5991680176653875,-0.8454361132418171,0.9465881935978815,0.09701144579937956,1.6595180536012677
661,2.7852697100011734,3.621410979517051,-0.8361412695157924,0.9859280550018878,0.10108224756441667,1.6396293940750357
662,2.7510809665406692,3.598395719780006,-0.8473147532392886,1.0259762532620629,0.10254624776449911,1.6326328034930842
663,2.740025970790455,3.5626755975323143,-0.822649626741736,0.9771315714879227,0.10216544073701854,1.6344450247281501
664,2.6941428334516355,3.572760189350061,-0.8786173558984274,0.9509637802094988,0.09332148827042074,1.6781312042647598
665,2.7307112734154795,3.5613958039421907,-0.8306845305266961,0.9717991171481613,0.10073660964014264,1.641292994374721
666,2.7692978129634436,3.5960387778838556,-0.8267409649204183,0.9996286731458426,0.10329615444580328,1.6290796695795546
667,2.8360300917675683,3.6880559898046257,-0.8520258980369135,0.9631282471601947,0.09741862384940139,1.657499034841177
668,2.870739920045778,3.7282692423976855,-0.8575293223519793,0.950193914236972,0.09579503301458524,1.665590357406262
669,2.5880254950131554,3.450391873184755,-0.8623663781716004,0.9445486088694084,0.09479453865477853,1.6706312366425817
670,2.7224830058667773,3.55624473836656,-0.8337617324998519,1.0611085188815599,0.10679304908737064,1.612776611894051
671,2.8611510059594845,3.6719227295369987,-0.8107717235775453,1.1133004258171029,0.11356185650025459,1.5823843442969807
672,2.6292977114155316,3.492881083443963,-0.8635833720284154,0.9784850214709229,0.09711400711672925,1.6590088592463825
673,2.667039066607415,3.5230384860225734,-0.8559994194151841,0.9821722438171623,0.09831352130755605,1.6530852179957949
674,2.6149818818672226,3.4489248500408007,-0.8339429681735737,1.0102817602323264,0.10313873958932383,1.6298238120586035
675,2.6758403068364056,3.5143385733798644,-0.8384982665434109,0.9264656437591823,0.09635965114108239,1.6627641714365022
676,2.8361269177407418,3.693458843855131,-0.8573319261143979,0.8527383703170694,0.08845954212909972,1.7035802054238796
677,3.041032560752981,3.8356225884454225,-0.7945900276923794,1.0479697503551282,0.1111477309440502,1.593055544905298
678,2.837373583644378,3.6492702663416643,-0.8118966826973519,1.1224785389393537,0.11404271854221106,1.5802801722429567
679,2.9411705379701085,3.7044689047590773,-0.7632983667890585,1.0706200867125024,0.11725603606024487,1.5663955843618331
680,2.764914724535927,3.6024658901474464,-0.837551165611444,1.008368002590693,0.10253519053996081,1.632685348138656
681,2.83287316427625,3.680359432651175,-0.847486268374837,1.0575802380254726,0.1047513445643743,1.6222429225651298
682,2.8091910083085874,3.630375202338261,-0.8211841940295699,0.9788726168672524,0.10248491498667064,1.632924317679762
683,2.86977870890594,3.6863159265332084,-0.8165372176271148,1.0605884452789804,0.10905659630528172,1.6024479157638725
684,2.789729451780729,3.6024833317327425,-0.8127538799520835,1.0457220530569877,0.10850071640880318,1.6049685939789458
685,3.0741164769870717,3.8837882651286137,-0.8096717881415998,1.11587212702605,0.11389368849272118,1.5809315545518619
686,2.9373768915454117,3.7578838594590693,-0.8205069679136159,0.989127330369459,0.10333440019816013,1.6288990077411454
687,2.8303149909692844,3.679280224704509,-0.8489652337351572,0.9153010929373271,0.09423653183430561,1.6734612345345508
688,2.845396793248781,3.650286616405451,-0.8048898231567136,1.049689473307952,0.10985572602933044,1.5988419464475523
689,2.9109783449301427,3.7482784950633037,-0.8373001501331601,1.0567426171577041,0.10601984650252541,1.6163445191519465
690,2.8523440661525252,3.6678204882533767,-0.8154764221009145,1.1320983009183838,0.11420870017139459,1.579555486133911
691,2.891654295670562,3.7094850833671873,-0.8178307876964936,1.0433785322995308,0.10764907277946725,1.6088503291125125
692,2.8677022419540914,3.7195933693218017,-0.851891127367594,1.0718460757616548,0.10517263455180095,1.620277711361925
693,2.728731492007071,3.5813125702304744,-0.8525810782234657,0.9659469679296087,0.09755644656675161,1.6568171600835035
694,2.8274725500483124,3.6677449375686737,-0.8402723875203719,0.9707347462073059,0.09944253732339263,1.6475622255327422
695,2.8055365505635588,3.6328836414770245,-0.8273470909135767,1.0584955657573596,0.1074585280802255,1.6097221458235755
696,2.5993608022525474,3.425407833024819,-0.8260470307723153,0.9992678627349996,0.10335992193675037,1.6287784800219658
697,2.7917849741689476,3.6371912818318726,-0.84540630766287,1.065689221883738,0.10558716984599384,1.6183500978737593
698,2.6055524764208964,3.4392013375670607,-0.83364886114623,1.0676205232517275,0.10726596508965142,1.6106044417712415
699,2.695781536007146,3.512666496205503,-0.8168849601983084,1.050060268785214,0.10825626192135394,1.606080326396005
700,2.8238380768396634,3.6708456312023974,-0.84700755436279,1.0047451739519757,0.10106741184441341,1.6397007071633976
701,2.751387445307571,3.573719791689282,-0.8223323463818133,0.8892284525467731,0.09549478291059732,1.6670986884146104
702,2.839103287553669,3.74938743312616,-0.9102841455725184,0.8661384937714214,0.08355995693578978,1.7303937097149376
703,2.8405586576288466,3.687216671405905,-0.8466580137770734,0.991999647792384,0.10019163390753015,1.6439252977028371
704,2.769052385180387,3.6413008055880947,-0.8722484204076864,0.9480931270223771,0.0938693443669191,1.6753308062126107
705,2.725520243701069,3.5421046699822942,-0.8165844262812243,1.068586215322728,0.10961972223121462,1.5999047193390894
706,2.7062473489744003,3.564853430464948,-0.8586060814906205,0.8927705894807465,0.0913809318170213,1.6881578506564692
707,2.9169403654312442,3.734202981378029,-0.8172626159467882,1.0297052916348655,0.10673682161566633,1.6130353793180234
708,2.7005452382336013,3.5840243475918174,-0.8834791093581771,0.8895718063471132,0.0882610965517794,1.7046426247967035
709,2.8390794544877305,3.7021730251679554,-0.863093570680121,0.9863959751537272,0.09774255057512574,1.6558976353817951
710,2.737023208661824,3.607363640688192,-0.8703404320264099,0.8681451597906604,0.08814812541872233,1.705248299570082
711,2.6186131863906463,3.4919612383982392,-0.8733480520077137,0.7894582310985157,0.08170153565171985,1.7408975648509555
712,2.7736859639799856,3.6125252819158633,-0.8388393179358218,0.9779298795734723,0.10015269711833212,1.6441138039284167
713,2.704695399531445,3.5211318747648375,-0.816436475233445,1.02887107637322,0.10678644372437936,1.6128070051869257
714,2.8057680453102445,3.6311471191830873,-0.8253790738729094,1.0157366456735164,0.10464932500834315,1.6227197614710835
715,2.58791538685098,3.470594793301172,-0.8826794064502792,0.9123304844966915,0.09003411000982418,1.695217807521032
716,2.81868504119798,3.607269929187487,-0.7885848879894866,1.101999964593769,0.11588571216940732,1.5722796422636751
717,2.661469894340214,3.481545351265607,-0.8200754569253377,0.9867027915039555,0.10321099475651774,1.629482130362488
718,2.914371942956293,3.735382307899602,-0.8210103649433904,1.013855902887581,0.10508651897792552,1.620678909973634
719,2.749779434282757,3.590463297302707,-0.8406838630198763,0.8516802248343454,0.09032231738135611,1.6936999321332427
720,2.675892252369706,3.549863831483274,-0.8739715791135723,0.9144468539461781,0.09120005912893235,1.6891010894052114
721,2.6751249090724083,3.4824364712576057,-0.8073115621850775,1.0613612826053314,0.110366262853316,1.596549054321893
722,2.8806452001778804,3.752737534557261,-0.8720923343794311,0.9421104381157237,0.09345236177152104,1.6774610402712657
723,2.8779133967713757,3.734464207366335,-0.8565508105949675,0.9594861319551193,0.09659576546390257,1.6615862336392149
724,2.722066475343993,3.5361462744837406,-0.8140797991397903,1.0977033935876581,0.11201573734949638,1.5891978251114594
725,2.732308799680325,3.5969997342367024,-0.8646909345563927,1.0593122368592796,0.10266938792370588,1.632047937889024
726,2.803094618204184,3.6605656787870884,-0.8574710605828386,1.0336390728599163,0.10179667874625056,1.6362050554692107
727,2.76185151156865,3.5859202048191574,-0.8240686932505241,0.9880279506200753,0.10278963802175568,1.6314773371653357
728,2.7412405849925814,3.56781282464604,-0.8265722396535011,1.0106662145776268,0.10412432413294187,1.625179467312172
729,2.6307205966848666,3.5089281379043373,-0.8782075412194672,0.8616826566123157,0.08676428726942985,1.712718786396214
730,2.8100379679992353,3.649966969063819,-0.839929001064661,0.9245271560362407,0.09603659015042905,1.6643796201166794
731,2.8501699361505213,3.6794918634560516,-0.8293219273055001,1.0166524484130637,0.10420018894033965,1.6248234216107282
732,2.5828846927012843,3.4330420980760405,-0.8501574053747163,0.9119110653246927,0.09383662695812577,1.6754976745502712
733,2.7579552564481697,3.5712022994642525,-0.8132470430160765,1.0577333855360047,0.10929766931295457,1.601357910754588
734,2.87311953851686,3.6989061122219895,-0.8257865737051588,0.9652818718194252,0.1008776867945377,1.6406134232013798
735,2.6993889641351667,3.5792690712292026,-0.8798801070939817,0.9606800818130532,0.09387117387656302,1.6753214765563722
736,2.6137308976670535,3.4522615153108336,-0.8385306176437552,0.9997823007709075,0.10178763826065781,1.6362482676788355
737,2.8029087798137904,3.637870350125231,-0.8349615703115205,0.9561430248036458,0.09902972327330717,1.6495758230806232
738,2.7949117255414673,3.639358561089542,-0.8444468355480694,0.8520017790556111,0.08990383957196293,1.6959051744696259
739,2.835802031197161,3.701340394314913,-0.8655383631177074,0.8757333711633439,0.08927765655165851,1.6992204397578081
740,2.675169466080504,3.525300984073294,-0.850131517992736,0.9619605076390081,0.09756698141313257,1.6567650708530648
741,2.752295400098958,3.6217627170091826,-0.8694673169101179,0.8996533723550595,0.09062560437926338,1.692106840806481
742,2.873485353763001,3.6802801891486534,-0.8067948353856309,1.043096475082685,0.1091180641358873,1.6021698098150798
743,2.6170882129951702,3.4744574033253284,-0.8573691903302461,0.8381400921905762,0.0873175997685016,1.7097203393984377
744,2.794234320402054,3.6541493066495865,-0.8599149862474178,0.909885328057018,0.09251616015074898,1.682271731179782
745,2.7815489615880575,3.6106015815375794,-0.8290526199496071,0.9681824904877108,0.10067623283689238,1.6415840622670168
746,2.6261873154896445,3.51856029243299,-0.8923729769433066,0.8826818103182235,0.08674765262301545,1.7128091696701946
747,2.6685933032607205,3.522165480347971,-0.8535721770872442,0.9569929895698697,0.09677820052483428,1.6606776697113428
748,2.8786287624518105,3.700590354638113,-0.8219615921861987,1.0537140197803958,0.10783685832550198,1.6079923313506963
749,2.880513108264679,3.7729938824201876,-0.8924807741555014,0.9700913437267005,0.09305627970245639,1.6794915737439424
750,2.949857138614973,3.808917882724525,-0.8590607441094562,0.970823815479374,0.09711427163657649,1.6590075465196261
751,2.8014502434612747,3.6415756954317966,-0.8401254519706072,1.0374289631927942,0.10428535922895775,1.6244239490618706
752,2.921055139423131,3.761495895343654,-0.8404407559205538,0.9530562134600213,0.09811280227145856,1.6540724043441646
753,2.590372961429878,3.473176217624714,-0.8828032561947339,0.958434355514636,0.09336438287406536,1.6779114708231984
754,2.719235914665162,3.5375989824539382,-0.8183630677887095,0.993390996629608,0.10393039889164325,1.6260905271680806
755,2.7121662752566205,3.572801191158994,-0.8606349159024376,0.9179786894390376,0.09303580296661697,1.6795967371134906
756,2.730969646016845,3.6016522580504904,-0.870682612033761,0.9075070900998914,0.0910696454012268,1.689782121683811
757,2.865200960860491,3.694555683268494,-0.8293547224080839,0.924452201710734,0.09734292751550856,1.6578738688401542
758,2.799280819737262,3.600712943599221,-0.8014321238620141,1.0077285446489168,0.10724665427714532,1.6106929903370684
759,2.8260337592750626,3.672640128931897,-0.8466063696567971,0.9813480904885719,0.09942426555198933,1.6476512091807187
760,2.758807848100403,3.64634738448497,-0.8875395363845655,0.9230367774705375,0.09025699805824335,1.69404360149245
761,2.6045919745058224,3.4577301402550273,-0.8531381657492147,0.9315076150355424,0.09494600139540531,1.6698653794861882
762,2.736023578928282,3.564387227029561,-0.8283636481013446,1.0877360564807834,0.1093782089388053,1.6009941766876044
763,2.6964749583468826,3.5596078320250606,-0.8631328736781825,0.9208967440740685,0.09295562245123844,1.6800087029660804
764,2.759722539009274,3.623123390576961,-0.8634008515676896,0.980561034057065,0.09728575135117747,1.6581571489412552
765,2.8258933854278463,3.6439013140373944,-0.8180079286096316,0.997381176162468,0.10427197067026005,1.6244867279875943
766,2.97948122326791,3.8053211805759486,-0.8258399573080624,0.9818579739882596,0.10210400003660246,1.634737918056194
767,2.9126237435974214,3.7398874784509375,-0.8272637348535454,0.9877943128112274,0.10235872735203987,1.633524523298521
768,2.7390078368462834,3.5514228112027646,-0.812414974356443,1.0275986686595262,0.10723176214762888,1.6107612859247267
769,2.682593559130012,3.546489019390959,-0.8638954602608919,0.9989353324500967,0.09853982582952672,1.6519741244836885
770,2.6955831101779064,3.556547910315404,-0.8609648001374808,0.9377763255196654,0.0944649828928947,1.6723009983526873
771,2.7258934724454345,3.542079324466361,-0.816185852020908,1.024967736173111,0.10653598518829714,1.613960542294512
772,2.837606870482389,3.6386863673808585,-0.8010794968985238,1.0262526971685682,0.10866461753394588,1.6042243123062232
773,2.787435489196653,3.612555086072001,-0.8251195968753109,1.0133527768509785,0.10450993222893654,1.6233718797082817
774,2.662499081973308,3.524044432093165,-0.8615453501198544,0.9567508840498031,0.09578699246050487,1.6656307004332196
775,2.614257287625335,3.47466549899389,-0.8604082113686218,1.0152267790502572,0.1001293530752804,1.6442268483913343
776,2.999381219819227,3.7935725691078326,-0.794191349288667,1.0420684542536431,0.11077114257416702,1.5947366325591936
777,2.8370169252735447,3.629211542878656,-0.7921946176052188,1.1477173397204554,0.11857637044608851,1.5607770235694776
778,2.860113182147486,3.734389724295269,-0.874276542147868,0.9611389221468736,0.09457137735871515,1.6717614194231898
779,2.7688584024070475,3.6172395032443023,-0.8483811008374005,0.9577567014524204,0.09747418107375923,1.6572240740342394
780,2.7512841907993812,3.6030955344521227,-0.8518113436527983,0.9935535709691727,0.099656637352037,1.6465205276372956
781,2.9191306795497236,3.7727925660804105,-0.8536618865307446,0.9757187219448094,0.09813522952202688,1.6539620215154438
782,2.6574843698738984,3.5099254176286094,-0.8524410477548372,0.8886448767711053,0.0917965609938704,1.6859960457240253
783,2.8076301986559,3.5894022157121817,-0.7817720170561415,1.1116298113471825,0.1175466739215748,1.5651545567003393
784,2.6951834150250558,3.527241513249956,-0.8320580982248202,0.9592360963072482,0.09962720974035545,1.6466636009922955
785,2.6153128291729923,3.4690627285479496,-0.8537498993748613,0.9630239604176545,0.09719848987932324,1.6585897437952049
786,2.7621413678280784,3.5635762998440224,-0.8014349320159226,1.0953383285254161,0.11360095646217849,1.5822129875919602
787,2.66267195389976,3.5066070488538252,-0.8439350949540767,0.8948475534323919,0.09328877458215203,1.6782988390594054
788,2.794216731805434,3.6528354561687855,-0.8586187243633958,0.8989731215830941,0.09184869353650298,1.6857254451205332
789,2.772605037738415,3.6101598251846405,-0.8375547874462654,0.9516929844734348,0.09837205471748911,1.652797639247143
790,2.78017132078385,3.603131477319567,-0.8229601565357143,1.0464597317055988,0.10718511067690928,1.6109752790982041
791,2.710700890127512,3.561830175597247,-0.8511292854695967,1.0275103845256819,0.10216875853797468,1.6344292124632116
792,2.966865938522758,3.791338895949201,-0.8244729574264511,1.0155393042101641,0.1047538289663796,1.62223131508213
793,2.665559400613645,3.5473667376569753,-0.8818073370432558,0.900643536704218,0.08927282646918894,1.6992460848376552
794,2.6372353285515397,3.4864562152141976,-0.8492208866628062,0.9318649730510122,0.09544923550669433,1.6673278311259714
795,2.617028204444025,3.496971793754423,-0.8799435893104146,0.8356684258312748,0.08458548573797613,1.7246781784378011
796,2.8542651647527033,3.6707544941331878,-0.816489329380488,1.093176242651393,0.1113681436548493,1.5920737091062271
797,2.869457964450319,3.714361311322571,-0.8449033468722291,0.9276717067859193,0.09566273057174393,1.6662545224266523
798,2.9081514454590685,3.7096279819435485,-0.8014765364845289,1.031247283907693,0.10897749010893257,1.6028060074788468
799,2.870482432693691,3.6874100820810365,-0.816927649387253,1.0450569350736747,0.10789096627744135,1.60774533005114
800,2.73030413744523,3.5469720742435764,-0.8166679367983534,1.038026548844007,0.1074188153382923,1.6099040013403794
801,2.7176147399882917,3.5868029026281802,-0.8691881626398299,0.8351092707639935,0.08574122001407372,1.7183037814007263
802,2.741129239135446,3.6071840032092672,-0.8660547640738514,0.8719433030347341,0.08892949998055302,1.7010718294438256
803,2.5937781269330595,3.404514473019646,-0.8107363460865145,1.0170263006084035,0.1066829973098602,1.6132831882297383
804,2.691790142537186,3.5642458325244735,-0.872455689987305,0.8942686973623504,0.08987562040177915,1.6960541774669928
805,2.8345966282831365,3.6942036072196713,-0.8596069789364265,0.9472374130960368,0.09532550491748724,1.667950744993987
806,2.7795634777438205,3.6000602033219313,-0.8204967255780957,0.9548715307191578,0.10077426121259764,1.6411115519254593
807,2.615951398685254,3.4505122731733944,-0.8345608744881474,0.8339174892303038,0.08963499848177348,1.6973262426223936
808,2.837713240972405,3.637440355354221,-0.799727114381767,1.1229920251613175,0.1157841875004997,1.572717751917139
809,2.6939785018084446,3.552907252150249,-0.8589287503417609,0.9656529197554269,0.09675468100921085,1.6607947247498307
810,2.7046211542478455,3.5391521275602904,-0.8345309733124395,0.9729849849656027,0.10033463012742568,1.643233505145028
811,2.7210216940510032,3.6160895457765085,-0.895067851725571,0.7976433910322558,0.0800195276528928,1.7505727785673437
812,2.7800489924217824,3.6591783274800407,-0.8791293350582237,1.035566500826984,0.0992307839560871,1.6485942673495193
813,2.5806907028999855,3.4073155470519016,-0.8266248441518655,0.9586052020072908,0.1002706784817809,1.6435427956291238
814,2.618382894482536,3.505085421172027,-0.8867025266895325,0.9211374015152256,0.09021507305196236,1.6942642900801548
815,2.7420513446860038,3.5873289516368696,-0.8452776069508445,0.9195358866441534,0.09500406289903335,1.6695720564539271
816,2.752610620792623,3.6435953312734504,-0.8909847104808932,0.9156605549443251,0.0893254580201703,1.6989667005017905
817,2.911091487093429,3.749694137787101,-0.8386026506937014,1.0102967835821015,0.10253941950320543,1.632665251299698
818,2.8679333409338166,3.6390020568197685,-0.771068715886031,1.1101012214895316,0.11899128076358623,1.5590215455894996
819,2.81629013667937,3.681777182967536,-0.8654870462881945,0.94426466406712,0.09439838437750624,1.6726390002737972
820,2.9086756313195816,3.718439419857495,-0.8097637885379072,1.0684790777864488,0.11054053914623149,1.5957682734914036
821,2.83306254337522,3.6830284110838263,-0.8499658677086472,0.9457900385455034,0.09639440352953887,1.6625906523259444
822,2.6752140868513403,3.554754553045418,-0.8795404661941575,0.9103882474064853,0.09025343633854178,1.6940623467836087
823,2.7307178247688877,3.6007555310083093,-0.8700377062393727,0.8959758861496758,0.09028391200695189,1.693901972919887
824,2.8063213513054985,3.640510031215738,-0.8341886799103122,0.9943896985144827,0.10195112840366194,1.6354672800267924
825,2.772229785588777,3.6217890419740404,-0.8495592563851915,0.8771271318419371,0.09125477117303589,1.6888156112902994
826,2.7591318255751527,3.5691111087181855,-0.8099792831429795,1.0566262535091113,0.10966205011347793,1.5997139753136531
827,2.7898191808582875,3.617778851543765,-0.8279596706855727,1.061439363444518,0.107585479756937,1.6091411561602005
828,2.71961212678066,3.5802213385183213,-0.8606092117377102,0.9325748490891335,0.094123412956389,1.6740365671309028
829,2.814866809459843,3.636888654116777,-0.8220218446570016,1.0150612944888682,0.10504122164516629,1.6208900477025723
830,2.608178087585159,3.454399686641261,-0.8462215990560935,0.9853699356568066,0.09976535370476163,1.6459922544198673
831,3.0325096414492942,3.844678262879341,-0.8121686214300325,1.0295426601932731,0.10740649028818307,1.6099604519463513
832,2.822264872149915,3.6808234475996247,-0.8585585754498197,1.0230612452597578,0.10091483104879241,1.640434624610325
833,2.835171436245403,3.6633160391245965,-0.8281446028792061,1.0225831282225875,0.10478310389562809,1.6220945548669932
834,2.6995440141157157,3.4848634753510255,-0.7853194612353036,1.063385857664298,0.11356828847038306,1.5823561528102885
835,2.61631758761969,3.487909834932274,-0.8715922473126057,0.90965664281579,0.09112311434751069,1.6895028072311709
836,2.767411040106665,3.5968226204353377,-0.8294115803287241,0.9770601532122787,0.10128932945540585,1.6386348517415663
837,2.702162577194215,3.554338760789127,-0.8521761835949064,0.9756686876571026,0.0983158042872874,1.6530739989939043
838,2.690541887064071,3.537976248079207,-0.8474343610151891,0.9455259641216456,0.09668602348094665,1.661136558860699
839,2.8055084999320594,3.6386967321624852,-0.8331882322303272,0.9285244042658749,0.09717432455063693,1.6587095972304453
840,2.8416399948860795,3.6557078505470533,-0.8140678556609373,0.996148948604918,0.10469977377885557,1.6224839180558257
841,2.8474217325212545,3.7245615788261657,-0.8771398463049991,0.7986987782395656,0.08202008506426461,1.7390834514133797
842,2.7815756203762727,3.612490154130166,-0.8309145337539121,0.9546868762433611,0.09943191752653213,1.6476139424261909
843,2.8145563592364193,3.6507439253656666,-0.836187566129297,1.0604391093089909,0.10642620983780084,1.614466812354767
844,2.8267576079187644,3.6463500953207206,-0.8195924874019056,1.0063316893929377,0.10472251548208077,1.6223776321649361
845,2.8473802662441154,3.672491371814537,-0.8251111055703859,1.0291163063977682,0.10565351864262625,1.6180421297443817
846,2.921590398940182,3.703243107753465,-0.7816527088132261,1.0488472584790123,0.11302012829998132,1.5847632798176323
847,2.787948111121707,3.621074493908249,-0.8331263827865314,1.027701649125798,0.10450076392945361,1.623414795769472
848,2.624378371890159,3.506962942560962,-0.8825845706708151,0.8898728033746344,0.08838520397240106,1.703977964821766
849,2.8945312516068067,3.697631507477832,-0.8031002558710725,1.0321766466124678,0.10882447392979383,1.6034992529563772
850,2.649475375380305,3.46495238808525,-0.815477012704946,1.0614257266509601,0.10925971647769728,1.6015293872908787
851,2.713321245826776,3.5569617675169103,-0.8436405216900766,0.9545559997483157,0.09782555110627786,1.6554879876127016
852,2.7949180090004826,3.6297254525009,-0.8348074435003809,1.012941353791379,0.10321941743884475,1.6294423133901328
853,2.7143975034674237,3.570694902854267,-0.85629739938679,0.9059388258893533,0.09264993899174585,1.681581919773733
854,2.7913476879073893,3.6118364694387313,-0.8204887815312532,0.9014303003008557,0.09667731103139532,1.6611799505404439
855,2.8701216769972713,3.67798213001316,-0.8078604530159055,1.1019701360568919,0.11317385446192715,1.584087298173176
856,2.810193701974597,3.629242791956694,-0.8190490899821725,0.8898746763466847,0.09595357356758587,1.6647954422253777
857,2.8027273882655233,3.6345204640854223,-0.83179307581986,0.9963900629338638,0.10240537443573534,1.633302580058102
858,2.6369678749652645,3.5489946009916333,-0.9120267260263972,0.8019840274122414,0.07858154239423971,1.7589762513067746
859,2.6928143587203546,3.536373759450241,-0.8435594007298732,0.9199421222001454,0.09524450453743868,1.66835888710785
860,2.8603828558998,3.7162395033848648,-0.8558566474850977,0.8947935062988734,0.09185942598347623,1.6856697523063184
861,2.9654065658668993,3.7660441595648595,-0.8006375936979566,1.0630205778031692,0.11140328080896997,1.5919173312378125
862,2.7879665214476996,3.611011614978303,-0.8230450935304816,0.9969778417971007,0.10358274440201151,1.6277271931752721
863,2.9326459882503992,3.7623592395688745,-0.8297132513184806,0.9812123167528504,0.10155765979549303,1.6373485603265794
864,2.653833119123717,3.4915496812666507,-0.8377165621429867,0.9439739258545927,0.09777466331053913,1.6557391105440205
865,2.473375118364586,3.3337906998303786,-0.8604155814656451,0.9299903472902784,0.09395524133642479,1.6748929284584635
866,2.826428036751579,3.68639793337548,-0.859969896623852,0.8936274094940546,0.09128508164948998,1.688657515621043
867,2.8537076643226125,3.648350962156218,-0.7946432978335451,1.1099716206018506,0.11558998569584139,1.5735566334293558
868,2.8007146585647003,3.6409217616762066,-0.840207103111652,1.0491602897641537,0.10510528431012947,1.6205914630788965
869,2.709525150494826,3.552945698466456,-0.843420547971732,0.999978181998681,0.10117864442692423,1.6391662317500633
870,2.7008248410857756,3.552264722404687,-0.8514398813189246,0.939686053082669,0.09576109322995359,1.6657606667956477
871,2.7694779058146675,3.584782607482579,-0.8153047016679693,0.9714930043487482,0.1026978862533875,1.631912661950834
872,2.737052787156656,3.498892039311787,-0.7618392521551414,1.0518539947059096,0.11607670251661605,1.5714562780540808
873,2.8522732183158293,3.723435676329261,-0.871162458013373,0.9146495204992102,0.09154373500039152,1.6873101256385197
874,2.7073106880032607,3.562301427237665,-0.8549907392343812,0.9744723548000875,0.09788025789650354,1.6552181349642363
875,2.877861136899653,3.6958349676237465,-0.8179738307240996,1.1176489560862874,0.11286784344215031,1.5854336383676255
876,2.62176786886728,3.4853528258569173,-0.8635849569897118,0.940571651903465,0.09435578458503974,1.6728553037162437
877,2.579288384387453,3.4152541785026975,-0.8359657941152818,0.9749424853493869,0.10029697864912913,1.6434155806283433
878,2.6942083055020727,3.5631421133563506,-0.868933807854205,0.8420346638859835,0.086306052127545,1.7152137101866962
879,2.750932868825387,3.628196585075776,-0.877263716250468,0.8914641740155651,0.08911187558161768,1.7001012852870856
880,2.8163241021326963,3.6768619874037127,-0.8605378852709009,0.9215910320377922,0.09331661123818433,1.6781561926562225
881,2.7027028580850607,3.5463529314856665,-0.8436500734006813,0.9693200790969807,0.09891434340645373,1.6501398131335288
882,2.7845183462067804,3.5814893898873135,-0.7969710436804007,1.0200597647361351,0.1087675099720969,1.6037575272314075
883,2.6371801241240997,3.4749138794131507,-0.837733755288923,0.9900760920509597,0.10118269088368116,1.6391467972465983
884,2.6850544487526373,3.5146074161648593,-0.829552967412269,0.9581809626956197,0.09986612778123062,1.6455029841218487
885,2.8493182665713017,3.6944176309794634,-0.8450993644081564,0.906556709435371,0.09404214253009756,1.674450258012523
886,2.7487455431283503,3.574904709277416,-0.8261591661490684,1.004224833317482,0.10370822587154432,1.627135956626728
887,2.8441373341995155,3.684259744891613,-0.8401224106919472,0.9791335250867066,0.1000787457951939,1.644471988346837
888,2.6888800194252123,3.5115666564265307,-0.8226866370013113,0.9546527362454058,0.10047689103655197,1.6425460493776007
889,2.786581794789597,3.669614660797183,-0.8830328660075111,0.8844713058234648,0.08793210022068217,1.706408225391024
890,2.858552366569213,3.6935514356392427,-0.8349990690701361,1.038348309232929,0.10501786245108602,1.6209989566892489
891,2.6999189185186903,3.575064712727404,-0.8751457942086063,0.8513079529593695,0.08631907320651964,1.7151426676386368
892,2.81877125762692,3.656982799342679,-0.8382115417158502,0.9101287303051051,0.0951535315019763,1.6688176107116024
893,2.7898050313911678,3.619444173116667,-0.8296391417254654,1.0257557081785396,0.10481633435230718,1.6219393528388573
894,2.939184428754245,3.745223211993966,-0.8060387832396145,0.9906731142652232,0.10535680461348872,1.6194205668765618
895,2.843590450122931,3.686765955969294,-0.843175505846375,1.0232115153833987,0.10287937948357678,1.6310518493478054
896,2.830506705355972,3.603096709605768,-0.7725900042497642,1.0790902110557485,0.11652924103367904,1.569509614198234
897,2.922761954027535,3.7698654868092,-0.8471035327817162,1.020017531194813,0.10214896577823859,1.6345235485759495
898,2.728495093627273,3.537421823670298,-0.8089267300430265,1.0094287424520731,0.1063655401072814,1.6147467911334048
899,2.8353873124161306,3.653513015609399,-0.8181257031932319,1.0741715805968763,0.1098068876119791,1.5990617275543608
900,2.6072543920879094,3.456627289835333,-0.8493728977474575,0.8893700498134729,0.09221710624541937,1.683816661203293
901,3.010651461969544,3.8088432749125762,-0.7981918129430596,1.0388117733908468,0.10998130358161565,1.5982771806174316
902,2.815437602710588,3.617745985590829,-0.8023083828803692,0.934275188102526,0.1015534503339197,1.6373687182565244
903,2.793126009717937,3.596247283333829,-0.8031212736158295,1.0377542854773787,0.10922940929858783,1.6016663534442146
904,2.715235405833098,3.595466286566953,-0.8802308807339614,0.7979733233121644,0.08162874118102124,1.741312928782186
905,2.8411596630315468,3.644586458214763,-0.8034267951832135,1.05864816253787,0.11070367155660724,1.5950382991782992
906,2.90664199152782,3.7070143551068067,-0.8003723635789584,1.0205327098502575,0.10833909885228087,1.605703377489781
907,2.7956926280050562,3.6392480167318815,-0.843555388726827,1.0196003112964784,0.10257258461411006,1.6325076672332002
908,2.720769697865833,3.5720341501181863,-0.8512644522522805,0.890090379493512,0.09204680851945612,1.6846982282843583
909,2.660458506464536,3.4989545108630016,-0.8384960043986212,0.8532947106293047,0.09070882964687013,1.691670429172153
910,2.7885913232659756,3.6193004556859614,-0.8307091324199973,1.056518728927514,0.10687241167392486,1.6124115568166013
911,2.917570108301518,3.723196426870133,-0.8056263185686703,0.9901275290967617,0.10537092367342371,1.6193549045513316
912,2.8747948591522596,3.729887125062651,-0.8550922659103435,0.8739977099107556,0.09036179530036961,1.693492321001174
913,2.812894176789157,3.6816445549808514,-0.8687503781917485,0.9426733294269707,0.09389138147710935,1.6752184368034957
914,2.806045282567609,3.691990449484362,-0.8859451669167129,0.9111209988646523,0.0895700880824815,1.6976698669579635
915,2.6513694202958074,3.498684962042064,-0.8473155417462976,0.893764683044401,0.09279938176081547,1.6808122845557774
916,2.71225562519767,3.5517128683775625,-0.8394572431799361,1.0362146698061234,0.10428571906884003,1.624422261861706
917,2.799080183814865,3.6580571782623035,-0.8589769944474028,0.8399980573735393,0.08727886325574687,1.70992975584425
918,2.7820568193653368,3.635849422875349,-0.8537926035099872,0.8890075677568552,0.09166392822827593,1.686685050144117
919,2.7591456118054363,3.612243969345396,-0.8530983575399205,0.9592830154511014,0.09700452975835351,1.659552405711212
920,2.6993251355000463,3.5462459333760816,-0.8469207978760096,0.946083840918496,0.09679073664526067,1.660615287583141
921,2.7721791623908554,3.581066310743584,-0.80888714835271,1.059844573498863,0.11004205731729721,1.5980041328641827
922,2.7666136815050346,3.596613278266202,-0.8299995967612404,1.024079937791172,0.1046484127116812,1.6227240272059653
923,2.6614156006812233,3.5146389356614187,-0.8532233349802709,0.9059344159739475,0.09301675992353733,1.6796945540700043
924,2.892593939195606,3.7297305335056996,-0.8371365943100955,1.1150256037721906,0.11008336641682867,1.5978185438780936
925,2.7791795822909786,3.58680085437631,-0.8076212720853846,1.1041018909828604,0.1133566286236342,1.5832845242399909
926,2.6031516008767563,3.5009777190101397,-0.8978261181333664,0.8523013696208723,0.08388392841343073,1.728582028203705
927,2.6763079198533,3.517210599562516,-0.840902679709302,0.899701564078272,0.09402768298389924,1.674523891481727
928,2.7057845256636734,3.543704132173707,-0.8379196065100132,1.0697199100432826,0.10684905660017374,1.6125189640695303
929,2.8816226402227154,3.710982394360379,-0.8293597541377267,1.0354971069256607,0.10555301529273929,1.6185086913399807
930,2.6915637935920382,3.505400800818905,-0.8138370072268799,1.0740116906345527,0.1103783687428332,1.5964947868748565
931,2.7382820566777606,3.5623991602114304,-0.8241171035336947,1.081256355599025,0.1094964078407269,1.6004607485542295
932,2.8079171211182508,3.713539121393953,-0.9056220002756845,0.8747042372431646,0.08469557357341488,1.7240679696812702
933,2.8887316815190185,3.7474437445390563,-0.858712063020107,0.9547597455473142,0.09598595052776179,1.664633234895769
934,2.9194246052557697,3.7826099281584598,-0.8631853229027229,0.8255216431533494,0.08566867074719486,1.7187018734260218
935,3.0020065170491104,3.7924490714662835,-0.7904425544171545,1.0583447991771489,0.11248151832285802,1.5871374469615631
936,2.7902515564648662,3.662848638453046,-0.8725970819882605,0.9251548803845906,0.09215078039777717,1.684159849492881
937,2.7224209818943588,3.595592880409948,-0.8731718985155794,0.8499354697163581,0.08643622229172503,1.714503895296277
938,2.7508879058137405,3.5522918488959667,-0.8014039430822777,1.141043750866261,0.11679952425051743,1.5683497805943343
939,2.814899077495809,3.629192974366275,-0.8142938968703675,1.138558557221787,0.11481635396069435,1.5769094841337463
940,2.67277571060454,3.5180809052495303,-0.8453051946449932,1.0043148579025716,0.10125230057780593,1.6388125695833846
941,2.919853830392483,3.7545702642079033,-0.8347164338155153,1.0661563178404956,0.10702197514646472,1.6117241724719067
942,2.7558824573577136,3.5436774002687685,-0.7877949429110913,1.0519340074780752,0.11238383965442478,1.5875689694570718
943,2.80113610200631,3.618570647781764,-0.8174345457755408,0.9799050583083586,0.10304977706863835,1.6302447613563298
944,2.6359165761997043,3.5309082732928245,-0.894991697093019,0.9595990339946767,0.09202095103749935,1.6848321972614404
945,2.80524646069405,3.5952864258977075,-0.7900399652037322,1.034338629700141,0.1107772074815581,1.5947095231336625
946,2.661515736407821,3.4947165894379935,-0.8332008530301209,0.9743835141547086,0.10060718291093128,1.6419171126064709
947,2.7206948991838114,3.5720254796702364,-0.8513305804864331,0.916116972643696,0.09401218525303542,1.67460282186087
948,2.595402874234835,3.4658249988477965,-0.8704221246130146,0.8942411323473696,0.09010925545507424,1.6948216694546732
949,2.8234217622377424,3.642903001693593,-0.8194812394559676,1.0704089381919617,0.10935713022310477,1.6010893521836873
950,2.6419308645490243,3.4503736674191043,-0.8084428028699904,1.0271356963333589,0.10773199412565759,1.608471313012662
951,2.761791871311018,3.5701546820661716,-0.8083628107551704,1.0958054097037184,0.11267084980356844,1.5863018634595272
952,2.829546704317593,3.641336406173355,-0.8117897018559006,1.062341902085012,0.10982554291997898,1.598977766408324
953,2.6064978436000525,3.4472767226057983,-0.8407788790057111,1.0315232052268637,0.10378076228277867,1.626794442896117
954,2.881200637434247,3.7168480008855043,-0.835647363451244,0.9411646850934381,0.09782213109193232,1.6555048615507473
955,2.7397642301306884,3.5441548079761698,-0.8043905778455382,1.0329904786261679,0.10870859010266895,1.6040247822000717
956,2.837891949271764,3.6526697768917002,-0.8147778276199915,1.0796997055050472,0.11065306308947034,1.5952646677171358
957,2.800871216018393,3.6247678375638093,-0.8238966215454866,1.0703414400108313,0.10875774525139824,1.6038018111645302
958,2.5553011023859677,3.404137265868352,-0.8488361634823605,0.9477250624977733,0.0966766197247422,1.6611833936735878
959,2.767010066978585,3.5882416481202326,-0.8212315811415465,1.0394675863546785,0.1069134546340159,1.6122228500977396
960,2.8029142175032145,3.6575015517303098,-0.8545873342270625,0.9965879961377522,0.09952781009995512,1.6471471189543534
961,2.9256672554682406,3.791611021861741,-0.8659437663935705,0.9394266573915755,0.09398894078430554,1.674721226156039
962,2.7680897588723634,3.609803859429515,-0.841714100557283,0.968787764102196,0.0991178846573875,1.649145233468524
963,2.848571444310735,3.6843318979541615,-0.8357604536436156,0.9758777547440518,0.10039200188394701,1.6429561707983469
964,2.749412227134783,3.6063403700076155,-0.8569281428729028,0.9000374267909734,0.09212946866312419,1.6842701644245368
965,2.950922087257211,3.7739807757442008,-0.8230586884869808,0.9889348909261404,0.1029878434426052,1.6305379870584842
966,2.7894700747978756,3.62414411369651,-0.8346740388986973,0.9570726184894522,0.09913527797953191,1.6490603187294857
967,2.880869769252811,3.6995951805215115,-0.8187254112685878,1.039928110031597,0.10728086505702926,1.6105361274998202
968,2.6965601032025712,3.5364860134764906,-0.8399259102739052,0.9612640918513251,0.09878647769496417,1.6507654492087782
969,2.586382837931026,3.4577347143171706,-0.871351876386143,0.8868294912976267,0.08944510804655632,1.6983320545990932
970,2.75672880297823,3.5787128096230254,-0.8219840066448114,0.9659883603363131,0.10141915792881781,1.638012156374764
971,2.8843776160938,3.6863479905652334,-0.8019703744713524,1.0201549580820262,0.1080942400811081,1.6068182661078312
972,2.693558221675701,3.5310843392191456,-0.8375261175434616,0.9735821646841116,0.09999897148300908,1.6448586132064908
973,2.8182205050845393,3.6731765998941905,-0.8549560948096087,1.0128131894501236,0.10064145796196423,1.6417517700814368
974,2.7898967390515987,3.638328653088616,-0.8484319140370644,0.9244924661405189,0.09499307454054193,1.6696275579237623
975,2.58550677014621,3.4116167216436666,-0.8261099514975285,1.0396121538410754,0.10627650678544164,1.6151578915782967
976,2.7367631528990866,3.5767686894647626,-0.8400055365657408,0.9162116110750893,0.09539689808423314,1.6675912416255
977,2.797685430624781,3.6532635976747287,-0.8555781670498845,0.9565435404016274,0.09649929041642703,1.6620672540958084
978,2.7148958064689874,3.533106000576914,-0.8182101941079054,0.9787583473208947,0.10286307589401691,1.6311291269950212
979,2.8103490600299916,3.600092452696799,-0.7897433926668782,1.0670857247433179,0.11321457036327091,1.5839083789137465
980,2.5844228271234466,3.43518164510246,-0.8507588179791128,0.9800206618045109,0.09880857345339494,1.6506572903534762
981,2.7548123656581107,3.6142508763375134,-0.8594385106795244,1.0239478568096594,0.10086681490609836,1.6406657663424407
982,2.8724113973249383,3.7199490873325707,-0.8475376900075844,0.9930555112422033,0.10015726664245166,1.644091678283653
983,2.753404443011234,3.5999014305767933,-0.8464969875655015,0.9809284012628781,0.099407396258199,1.6477333743376137
984,2.665120227191394,3.5216630208108275,-0.8565427936193828,0.9523513292828141,0.09607373007759022,1.6641936829182156
985,2.6043523005727844,3.4449875271502877,-0.8406352265774331,1.0219735442206082,0.10311738920140255,1.629924810632455
986,2.755603654259246,3.6242848112591655,-0.8686811569998554,0.9804553462363996,0.09663373900638562,1.6613970045833608
987,2.6382248956309264,3.479609632739098,-0.8413847371081147,0.9265014011113011,0.0960065241805824,1.664530184437556
988,2.8868018381070466,3.723583137311541,-0.8367812992044037,0.9739913824028807,0.10012344514313883,1.6442554611211941
989,2.7561516667442016,3.61799968266353,-0.8618480159192359,0.8720606404734697,0.08942513089233949,1.6984379695590828
990,2.763519377829382,3.584985837973709,-0.8214664601442792,1.0490400280266998,0.10756904648767464,1.6092163318091115
991,2.668117893983506,3.4890702966737623,-0.8209524026902955,0.9701869101531453,0.10186670341198012,1.6358704511632307
992,2.9228823146559786,3.795575941893978,-0.8726936272379362,0.9236498638978423,0.09202866478858873,1.6847922287455694
993,2.812003293908972,3.609219558033,-0.7972162641240175,1.0501143796123165,0.11094087001777901,1.593978412887196
994,2.599655992337332,3.4662494558596717,-0.8665934635223493,0.8738506467897924,0.08901255989435007,1.7006296127032106
995,2.988061880068201,3.7924304249479204,-0.8043685448797078,1.226729077060609,0.1221479739893837,1.5458202958300489
996,2.8946582743870546,3.7543956091829265,-0.8597373347959092,0.9730436977240937,0.09719221538149055,1.6586208613020712
997,2.6641788480164474,3.509236042366274,-0.8450571943498062,0.9581024622852228,0.09791191061685302,1.6550620563504386
998,2.7912330660361273,3.6412831473726093,-0.8500500813364624,0.9710506030318218,0.09824301748672025,1.6534317898224031
999,2.7385659391270134,3.631800560567427,-0.8932346214403424,0.8349537909457987,0.08307502885963952,1.7331161362642749
