,logR,logI,logS,d_G,p,sigma
labels,$\ln\mathcal{R}$,$\log\mathcal{I}$,$\ln\mathcal{S}$,$d_\mathrm{G}$,$p$,$\sigma$
samples,,,,,,
0,1.3633753976764718,3.003703660654751,-1.640328262978528,0.6235801060888839,0.02465460675640015,2.246771926932763
1,1.1827386657323666,2.795479749244124,-1.612741083511537,0.9935937917306958,0.039585903385080216,2.058044067577608
2,1.1139779741051905,2.5679814913926515,-1.4540035172876742,0.9088337064680942,0.044130264327183005,2.012851403206736
3,0.6828791695338703,2.131811735726097,-1.448932566192525,0.8588320958466475,0.04220098862640253,2.0315326728683925
4,0.48932919685194864,2.048278588816367,-1.5589493919642337,0.5864845645666179,0.025790532965292035,2.229351403273931
5,0.8927133221454904,2.6027335313445557,-1.7100202091996834,-0.14945998516295944,,
6,0.8086259758747554,2.3570792128162603,-1.548453236941441,1.162466941039039,0.04919489721237823,1.9668986413718217
7,1.2016248527047617,2.783185503558479,-1.5815606508535893,0.7963633498274802,0.033461144414384685,2.1265060695574705
8,0.8008492582957922,2.331686359874838,-1.5308371015789817,1.8230235515184283,0.07380736285909946,1.787805688142114
9,0.8575506653041964,2.423243816199986,-1.5656931508956404,0.778267350573131,0.03339579104862394,2.127292457662584
10,1.094666352038538,2.7219840874857235,-1.6273177354469226,1.307635418450051,0.049987508830459014,1.9600708582071202
11,0.6984049256734659,2.33943928338502,-1.6410343577113053,1.7209970855071326,0.06272989250744525,1.8611011595580567
12,0.8075948273140137,2.631260399827604,-1.8236655725136188,0.41465444036683863,0.013053181762119191,2.4823150286767013
13,1.0628087314521588,2.560006519767904,-1.4971977883155887,1.5059555263035413,0.06522071409220535,1.8437422392837672
14,0.5062376583559933,2.0784470311765526,-1.572209372819998,0.0648937252030315,0.0029070566864194693,2.9773987267196125
15,0.48732500704773773,2.0212782331077443,-1.5339532260600208,1.1249048959021657,0.048579958418595304,1.972259780628106
16,0.591225560390293,2.1335239231811167,-1.5422983627909161,0.5761249589892117,0.02590623527664628,2.227614464428802
17,0.3360820557363775,1.8673905614568307,-1.5313085057205171,1.517031443069481,0.06325087560188693,1.8574238521010091
18,1.115484817437399,2.6516903937510685,-1.5362055763134776,1.658647684391891,0.0678532582389935,1.8259801079191056
19,0.39172010537732493,1.9427227579210617,-1.551002652543957,0.9051073255269912,0.03910362736124241,2.063094744995034
20,0.8500834588849182,2.3995747372809157,-1.54949127839609,1.3816099051669006,0.05721169579190865,1.901689986092813
21,0.5077971062132827,2.329990640061923,-1.822193533848349,1.33624918192708,0.04108271483174584,2.042694245534035
22,0.753536748559335,2.228200054000049,-1.4746633054410268,0.5744624670117453,0.02819841152934878,2.1945149339844274
23,0.7074743991988806,2.5163439670119567,-1.8088695678129625,0.9410862907313557,0.029841675436583708,2.172185480072228
24,0.5768171074678401,2.3336846254210935,-1.7568675179531965,1.2857449058379622,0.04260406498336158,2.027570865840321
25,0.5838152158576202,1.9798157223281487,-1.3960005064705001,0.995330125338473,0.05128809688598704,1.9490613645148251
26,1.3036430621828083,2.8642378072277603,-1.5605947450449094,1.5750253842088,0.06328505808447778,1.8571834547736363
27,1.156918791935376,2.666772969958843,-1.5098541780230335,1.7658153863342818,0.07347235731646597,1.7898852699676204
28,0.5094242152695267,1.9454873802942467,-1.4360631650247342,0.7640820019645211,0.03857058390596088,2.0687390155196534
29,0.6743813931912053,2.227846904786717,-1.5534655115952773,1.5565625668283403,0.06313084371840472,1.8582688593648977
30,0.5760621118784082,2.1779082861739463,-1.601846174295133,0.9878458276287994,0.03988459832487253,2.0549420911796292
31,0.7834880063755998,2.4763697374175857,-1.6928817310422346,0.7923237320365075,0.029061011729777694,2.1826579097698393
32,0.5644494051780464,2.241335408437984,-1.6768860032602788,1.6367724594078474,0.05782874120927217,1.896993914953229
33,1.423064741975403,3.075988665187716,-1.6529239232122563,1.8867995925350591,0.06705210022312054,1.8313246520299227
34,0.9275381517618451,2.7260416190320678,-1.7985034672701659,1.3666584078214967,0.04306664969387658,2.02306302849763
35,0.9128851120717707,2.3303574401951233,-1.4174723281234947,1.244801379371932,0.060647695461426135,1.8760552367867853
36,0.35202231441008625,1.920614497448299,-1.568592183038163,0.7041600381567008,0.03029420899418732,2.1662222327254215
37,0.6207801281234504,2.2261018913560884,-1.6053217632329506,1.3341329213663542,0.05215228074427721,1.9418746186404952
38,0.6010381423007027,2.227109175326583,-1.6260710330261645,0.9803015063691625,0.038485242555649384,2.0696488221444374
39,0.939406028261609,2.6384191234633088,-1.69901309520219,1.607542815554897,0.05559770126427074,1.9141757650246527
40,0.9925480946585674,2.663638477880327,-1.671090383221781,0.5505519205414835,0.021018078547897962,2.3076595680681486
41,0.8286389663371745,2.4800734678657657,-1.6514345015284562,0.7407526341514519,0.028673352850950528,2.187948514257483
42,0.6788065105761314,2.3078895152497134,-1.6290830046737028,1.740087178738598,0.0641211350320957,1.8513366610283546
43,0.44781664033599444,1.9357943113695137,-1.4879776710336046,0.9132763972784126,0.042539248407693644,2.028205798034113
44,1.0601272344051802,2.712922165656658,-1.6527949312517194,0.5436295173701282,0.02125424336936207,2.3034374379191163
45,0.9132549372525398,2.3742689417685208,-1.4610140045160733,1.7897454524334542,0.0781338655265958,1.7616179710363795
46,0.6171327440702123,2.268657318331017,-1.6515245742607476,0.4877345472210344,0.019158453393808568,2.342433391263127
47,0.8056925656610554,2.398958710972537,-1.5932661453111905,0.657704150059633,0.02753214189121637,2.203889134320196
48,0.4341109370552738,2.0567110314939123,-1.6226000944384396,0.5565624636000202,0.022602844355128868,2.28008168337377
49,0.6118565005335848,2.082884319950403,-1.4710278194165767,1.7190662080422605,0.07484227370644926,1.781429737961673
50,0.7796992885328189,2.5543910456948717,-1.7746917571621452,0.7068485810993934,0.023541360930635524,2.2645328622609227
51,0.994807097181373,2.544400205555754,-1.5495931083742107,0.420375566188838,0.018967031298246926,2.3461783077572216
52,0.9302604120230251,2.508455845553045,-1.5781954335302544,0.24116059566422976,0.010601781831494706,2.5555575821445013
53,0.7136774300511286,2.3216724787435448,-1.6079950486928283,0.1096937768617181,0.0046579801736329664,2.829781510500168
54,0.5382442169457216,2.320902437829205,-1.7826582208836044,0.07932877020619955,0.0026348081962287266,3.007413820503848
55,0.7985772973584142,2.4505694517575103,-1.6519921543990677,1.2491138577272594,0.04665628475811518,1.9894071167404561
56,0.2632888650841858,1.9741229404605543,-1.7108340753761695,0.9451357647821617,0.03364192745579805,2.1243375559234488
57,0.5137742811839496,2.0575660953291726,-1.5437918141451519,2.2107033160671854,0.08513283317242624,1.7216505887140316
58,0.7999864679768587,2.379979950730104,-1.5799934827532525,1.327545798365449,0.053407563384311255,1.9316107874048123
59,0.45581258312677964,1.8512780064266048,-1.3954654233002657,0.6409952603956803,0.03459032516792153,2.113122022957008
60,0.2719384067759245,2.0068415386792546,-1.7349031319031383,0.4440638255897582,0.015679504625975144,2.416291467204296
61,0.6981034231876118,2.466178757050799,-1.7680753338627255,0.17534867789785125,0.005946978377665735,2.7506905991216484
62,0.6263019284906557,2.280857217006713,-1.6545552885163488,0.1379821936356187,0.005480469396779519,2.7773466523855013
63,0.5777631478913543,2.2001610211641216,-1.6223978732728028,1.1994097914003845,0.046499877277226015,1.9908272968936849
64,1.366903274597015,2.9103609478617622,-1.5434576732650385,1.835769257856768,0.07327673610268777,1.7911031978342835
65,0.8973914342786964,2.532676538700536,-1.635285104421655,0.5917715501102627,0.023593608262643548,2.2636831713816203
66,0.8143603819471616,2.4896333404814266,-1.675272958534606,1.3175215534206188,0.047711897574313905,1.9799255268216516
67,0.8481364418130477,2.374179874070209,-1.5260434322576657,1.5293745533460594,0.06405092043600225,1.8518252509627848
68,0.9016177681410307,2.498330554308951,-1.5967127861677,0.8826526731252748,0.0361581043600419,2.0951450040573425
69,0.6459927815944946,2.2499504251855464,-1.6039576435914569,1.6830652234888035,0.06397311059152769,1.8523672095031727
70,0.9141955738255172,2.459997940322638,-1.5458023664969005,1.7551527466406078,0.07042830599228365,1.8091461177394697
71,0.6079438155702599,2.1499838994727307,-1.5420400839025206,1.605084573071263,0.06559525359629173,1.8411795332124015
72,0.9171419011850128,2.3554955688743044,-1.4383536676891708,1.0901816080558362,0.05281423183230463,1.936436752517108
73,1.0353220172983209,2.4568567383954667,-1.4215347210965774,1.5912810341711427,0.07405715149534274,1.7862601158505973
74,0.6122496438229144,2.2456069721817054,-1.6333573283582155,0.24212540047685138,0.009864250535691718,2.5805519783247948
75,0.8559639322325063,2.4855222741261054,-1.6295583418936985,0.6142323789168884,0.02463309443327132,2.247108490629858
76,0.4012934218203634,2.147074430981406,-1.7457810091614192,0.1990773825386185,0.006960390998829832,2.6987334049004432
77,1.1269008760436998,2.5808543278230838,-1.4539534517793982,1.5693830230909285,0.07072375176194451,1.8072471535603325
78,0.45372103959790255,2.1195514518934155,-1.6658304122956906,0.3246513284463468,0.012610706969395919,2.494577823228394
79,0.7400070816488631,2.272816223585587,-1.532809141936923,1.9188299567135587,0.07681206902081332,1.7694904144787227
80,0.983087395961328,2.8012400174687864,-1.8181526215075792,0.5685266348421933,0.017996869592511323,2.3656825263257018
81,0.7882754015454418,2.35298877903032,-1.5647133774846225,1.246474222760341,0.05138369931335392,1.9482613498718986
82,0.6560449130247514,2.2172880808789452,-1.5612431678541725,0.939412213651547,0.03996729463012966,2.0540867666631537
83,1.1018837621863975,2.545648668348279,-1.4437649061619595,1.9629018475951234,0.0855719441535544,1.7192330551953507
84,0.851080222568279,2.4329901641632867,-1.5819099415948585,0.8398729402592373,0.03514928387233997,2.106634384217506
85,0.7618144268817639,2.309735725878583,-1.5479212989966982,0.7211543577628952,0.03179201649175974,2.147015891474261
86,0.49999736291193475,1.983763316597675,-1.4837659536851788,0.5177011820162178,0.02526000918579314,2.2374030529946234
87,0.9071134348032581,2.5514847557768414,-1.6443713209737325,0.384200930179734,0.01531626958570187,2.4248131017533097
88,0.6532646511123028,2.4376300084940192,-1.78436535738183,0.6646633769493313,0.021901520253370756,2.2920714550096153
89,0.7249707617984393,1.9970540225152442,-1.2720832607164994,1.560309246993942,0.08560610428037953,1.7190454067427974
90,0.6656055923790598,2.202664990808217,-1.5370593984293919,0.8388161009377555,0.03708201381440001,2.0848599632259064
91,0.9335737708283967,2.3410247269147897,-1.4074509560864499,1.0179977032358245,0.05159689633776743,1.946481764444122
92,0.6816269544701834,2.3706097503608143,-1.6889827958907517,0.6060742726007255,0.02255453076804235,2.280897198612883
93,0.631138670650679,2.2958892030317637,-1.6647505323808218,0.480977748606243,0.018577582064270185,2.353900520757001
94,0.32055316362903685,1.9798466554447112,-1.659293491815788,0.569521646490422,0.0220505262285886,2.289496410496426
95,0.9190902611580976,2.6249181620999105,-1.7058279009415855,0.6673774915283666,0.024244761653975124,2.25322824047292
96,0.489224034707612,2.1744931447482694,-1.6852691100402808,1.548368637611432,0.05456702932193193,1.9223078778710807
97,0.7184924679622862,2.5144669055030002,-1.7959744375407354,2.106320085645322,0.06389872497750425,1.8528858268887445
98,0.4573093101089478,2.093816265786473,-1.636506955677305,0.5640367192112699,0.022490950919057267,2.281972719604562
99,0.2829554610871208,1.8777747854348599,-1.594819324348009,1.0767889460744975,0.043519208119869285,2.0186923258503264
100,1.0379495866982404,2.493956611852533,-1.456007025154122,1.7196790539705518,0.0760489027109643,1.77408614175192
101,0.39932776439582884,2.1593962905796085,-1.7600685261836588,0.004366638692474112,0.0001495607691555521,3.7917976262766055
102,0.6890369954267124,2.3936386359213353,-1.7046016404942748,0.36358839723531844,0.013391888754975793,2.4731740939962674
103,1.149797475550721,2.745299784495594,-1.5955023089445604,1.4227230515738079,0.05580111138546905,1.912585703114724
104,0.8853287170422925,2.657781612596801,-1.7724528955545793,0.6492545692453113,0.02172264687656171,2.295182862802988
105,0.7219498014797034,2.341018300526394,-1.619068499046989,1.230319325552614,0.04776152500582853,1.9794841271872459
106,0.9451528525442052,2.596069984183978,-1.6509171316397442,1.3874552909799078,0.05135363349284636,1.948512810504692
107,1.0441152736389165,2.7351652959295203,-1.6910500222907103,1.6885384121868796,0.058556254588733966,1.8915103207428143
108,1.3557500506531222,2.833480943618519,-1.4777308929651554,0.8212180006840626,0.03911322010206116,2.0629937699100496
109,0.8173412628916674,2.4259364167963264,-1.6085951539048438,0.5428697274920466,0.022467968372626167,2.2823621442948134
110,1.0661446203648746,2.848062835918392,-1.78191821555356,-0.0702581069240793,,
111,1.0047412151279866,2.55254001539278,-1.5477988002644452,0.7624738881904811,0.03349603509896987,2.1260867725831063
112,0.7023608777631205,2.278406371878945,-1.576045494115533,1.4414152947306569,0.05765539636609133,1.8983089446973431
113,1.1856481384416009,2.7451037676323944,-1.559455629191234,1.6135507741898216,0.06468021774927948,1.8474619507557042
114,0.878500292391899,2.376040227072793,-1.4975399346812992,0.7714552361721942,0.03604068318071534,2.0964681414322186
115,1.0618570634992546,2.8502068627571484,-1.788349799257503,0.6383947848714939,0.020946996911078097,2.30893845097551
116,0.9604804988248441,2.5748835373862855,-1.6144030385617043,0.88435644831047,0.0354590539144365,2.1030768308528622
117,0.8205771973662275,2.282638459516698,-1.46206126215111,1.5262115054135528,0.06850853537094269,1.8216471925206397
118,0.7849044702588879,2.2502163592613735,-1.4653118890023507,1.431013544806401,0.06468450611436471,1.8474323373430515
119,0.6765177460042731,2.313557639481325,-1.637039893477322,1.716291471226583,0.06284318763142169,1.8602993347643464
120,1.3972192159258237,2.8975361431793454,-1.500316927253607,1.709327582792028,0.07224693838100098,1.7975588873648405
121,0.9466051642925857,2.5107475955661167,-1.564142431273467,0.41295132096053067,0.01828470911239715,2.3598016390548016
122,0.013215557334668837,1.8173363128240334,-1.8041207554892935,0.6240545816644278,0.020084612914659836,2.3247634403028865
123,0.2612412244134328,1.8333731949233192,-1.572131970510327,1.7609728843648966,0.06872014851674388,1.8202552123017481
124,1.115436075630904,2.6580155264117318,-1.542579450780977,1.136415943428343,0.0485371885805968,1.972634770342566
125,1.0159467399098583,2.7101819065355324,-1.694235166625731,0.1497582829123445,0.00562572591891069,2.768834180226049
126,0.6778675870764426,2.3131035480026947,-1.6352359609263658,1.0579302392636336,0.040852559379490685,2.045023316996932
127,0.6828597616108789,2.289616943731958,-1.6067571821213278,1.2451627742798372,0.048955626859666326,1.9689779182702194
128,0.2590561159445395,1.7644830115844679,-1.5054268956400847,1.0451962919836255,0.04703444285881821,1.985989922883146
129,1.0270410532284666,2.5331849876455417,-1.5061439344171959,0.43999348193328913,0.021000566227366704,2.3079742950356548
130,0.9723862538030597,2.5065901408586138,-1.5342038870553552,1.237413287280777,0.05284671574997845,1.936171369752336
131,1.1113681934120985,2.4596921272498458,-1.3483239338379462,1.4138522455894424,0.07285204369594109,1.7937564946800875
132,0.39856552188485583,2.0259850489448974,-1.6274195270602831,0.20399799180994194,0.008393790126438897,2.6358052087586747
133,0.08272552413564771,1.6221494809078445,-1.5394239567717705,1.1178533959282682,0.04800311474419913,1.977340853333474
134,0.5568552275444825,2.1208171337247643,-1.5639619061803387,1.5201215982101104,0.06116777314023467,1.87228074557784
135,1.4446001725805298,2.759441361001202,-1.3148411884208144,2.642666675361113,0.12042848676434656,1.5529775973863986
136,1.0956339693029884,2.6171796862413013,-1.5215457169383626,0.8561974887136827,0.038510301101127166,2.069381500458218
137,0.40431631447791805,2.0129995285021645,-1.608683214024495,0.7780965266500353,0.031666874378812424,2.1485905130804124
138,0.6638315258160299,2.177608605730918,-1.5137770799146892,0.4106322490639194,0.019452445472128137,2.336745032835568
139,0.8377021123783459,2.5948691668593975,-1.757167054481215,0.9857683727946984,0.033155834340791675,2.1301911630171126
140,0.6302756336658684,2.2760641649059687,-1.645788531240214,1.111036735998443,0.042217201989432684,2.031372696335538
141,0.5056526787630071,2.2766855998125886,-1.771032921049482,0.8146833638902145,0.027150326748708188,2.2093497004135516
142,0.9898953124929983,2.5865969787116763,-1.5967016662189053,1.3290810268595692,0.05247737121005053,1.9391968650517066
143,0.9809530491861631,2.6384868155709933,-1.6575337663848586,0.4835353773121973,0.01884991796894247,2.348485799365005
144,0.9197669242016753,2.3912937786290778,-1.4715268544277933,1.7843250359050202,0.07710020401236369,1.767764966259033
145,0.6596229571960146,2.2499924586931224,-1.5903695014972072,0.5562133871811525,0.02354554337019511,2.2644647836204577
146,0.7606974631889978,2.317788936697114,-1.5570914735080805,1.7984460209230733,0.0710371847829557,1.8052396759403455
147,0.9324559129654597,2.662857416748772,-1.7304015037834688,0.2883040950155582,0.01027952655254616,2.5662818408682555
148,0.8528891901496616,2.3388867623857132,-1.4859975722361014,1.3097344634384775,0.058625686563476394,1.8909899443676865
149,1.0198458550617113,2.5783010697223796,-1.5584552146610804,0.7596528109250897,0.03294240096097185,2.1327845898691327
150,0.2356562338304764,1.9639770088275776,-1.7283207749969733,0.45968153943626433,0.016362611221839653,2.4007253756464038
151,0.6891873850568198,2.3405082935101627,-1.6513209084532718,0.7006335762639857,0.027192063633836607,2.2087495821591023
152,0.5490854181985094,2.213831554900545,-1.6647461367019787,0.4419817227241758,0.017103826516797965,2.3844681923202242
153,0.9266861769283503,2.526755898721384,-1.6000697217928064,0.7592560193232494,0.0312740408544057,2.1535683208039917
154,0.6135798388018054,2.3365242014728986,-1.7229443626711145,0.9896025428542039,0.03464114011992474,2.1125285466538837
155,0.33073630754598415,1.876112345488921,-1.5453760379432424,0.9471126513978483,0.041038080208643905,2.0431450625568535
156,0.1656440042338625,1.677163457891667,-1.5115194536583658,0.38637175047250594,0.018399087713812018,2.3574872381630323
157,0.6484418806771908,2.400965014443636,-1.7525231337663172,0.11076489527410516,0.0038379049493448207,2.8911863324517024
158,1.3906139379646527,2.8085019701498632,-1.4178880321856013,1.4450257647137619,0.0686962606043343,1.820412169209883
159,0.3400824836153413,1.9556499382178467,-1.6155674546021146,0.75890148202242,0.030667907308927145,2.1613552599561743
160,0.21775556963530907,1.8914905314308408,-1.673734961795617,1.0522020738831053,0.038866190183178,2.0656007858107293
161,0.9122281424265646,2.5451678138829985,-1.63293967145637,0.4644884269541194,0.01871690711016021,2.3511217778561417
162,0.895081557233433,2.514566395471186,-1.619484838237895,1.6279899274251122,0.06115809136570561,1.8723507682937621
163,1.2527438573170082,2.8270907085575283,-1.5743468512405343,0.43261625078804755,0.018869901596777875,2.348091175108399
164,0.707479017508839,2.2312403244017682,-1.5237613068929932,0.923931922148526,0.04117468972575228,2.0417665909684355
165,1.2535849182013488,2.712462892446042,-1.4588779742448423,0.8071855093704556,0.039410637755602856,2.0598734783673316
166,0.8981838802706159,2.5533366484576883,-1.6551527681872358,1.3391837930635084,0.049514075158274024,1.9641381320484446
167,0.5651031289962782,2.0270590749160826,-1.4619559459192715,1.7463362424049969,0.07652577918875875,1.7712100467577443
168,0.9471732662400507,2.298058395898935,-1.3508851296587636,1.7149743432530506,0.08471073113310315,1.7239840027077267
169,0.7203325685445714,2.227719657687346,-1.5073870891424122,1.2759208296743587,0.05595291567812385,1.9114021885149395
170,1.0174449849423661,2.5591480157148476,-1.5417030307726236,1.5725262598100187,0.06448885766430854,1.8487850449020797
171,-0.0980905846922644,1.5043047320808762,-1.6023953167732543,0.4787578531196317,0.020060660689189963,2.3252113697669077
172,0.7232687730620535,2.125754175429578,-1.4024854023678017,1.3317144080113117,0.0652916850634551,1.843255705424283
173,0.6178543147475546,2.3198095323946513,-1.7019552176470825,1.1633536905294974,0.04130284489708421,2.0404769463417587
174,0.9086031743077081,2.49512199896244,-1.5865188246548314,1.0625853260907974,0.04341392901508939,2.0197056469760404
175,1.192826072081524,2.7953695653374533,-1.6025434932562348,0.46824733868335144,0.0196301305969695,2.3333433758304585
176,0.984053969978512,2.698798031354621,-1.7147440613762228,1.5658556822560108,0.05340834440161151,1.931604464445242
177,0.4062288706754851,1.9829686880284934,-1.5767398173529728,0.7013614740089764,0.02987437122429443,2.1717520364564287
178,0.9279459322556329,2.5367579454036155,-1.6088120131480537,1.340721083175083,0.052178544467272575,1.9416577681883433
179,0.6647507177590422,2.2572862047927282,-1.5925354870337287,0.9306433383112207,0.03816858131925218,2.07303973990315
180,0.9058115768698451,2.462507057770517,-1.5566954809009985,2.19962895224581,0.08373866651882562,1.72939364560713
181,1.0179207547903468,2.7178089330574986,-1.6998881782669741,1.0726928082417437,0.03838858671775368,2.0706813233859
182,0.8237384988979182,2.1772230320277908,-1.3534845331300858,0.7556837654185138,0.042364230161212164,2.029924343811929
183,0.6303299561159372,2.053233322142476,-1.4229033660267305,0.687131620181443,0.03559274675744454,2.101549622984127
184,0.9682280603019615,2.6393480587537264,-1.6711199984515588,1.6468980781375784,0.05849780263635393,1.8919488018774901
185,0.7972794536390291,2.390085831199067,-1.5928063775600094,1.0590484691469086,0.04296583131530554,2.0240419919164396
186,0.977238854998185,2.3708497526876906,-1.3936108976890864,1.729250702054717,0.08153541209271113,1.741845902754408
187,1.5369989592600257,3.0591161071162327,-1.522117147856079,1.0882009711143823,0.047815635236114984,1.9790032954326073
188,0.5905637724440647,2.11719210596634,-1.5266283335222397,0.3715188894973913,0.017357038794974307,2.3790560018957687
189,0.6786132429515499,2.1034679838458894,-1.4248547408942613,0.7018601066607282,0.036201070693288456,2.0946617617145367
190,0.9781320415049857,2.4214634987642834,-1.443331457259319,1.2581295324462722,0.059429498636780445,1.885002512256648
191,0.584728383044884,2.151337867370928,-1.5666094843259089,2.539052588020727,0.09284162713019461,1.6805948999027769
192,0.7093393970226396,2.3159137611440395,-1.6065743641211157,1.283152548856151,0.05030179263126072,1.957388643748265
193,0.9304648036636616,2.593876763404986,-1.6634119597410972,1.2520809408182174,0.04616031868181718,1.9939243844050007
194,1.2979776051788656,2.906680943760265,-1.608703338581563,0.9224259745583261,0.03713137907821202,2.0843165921484754
195,0.9812715934663254,2.6033474050931398,-1.6220758116264733,0.47984009853431075,0.019594127881418236,2.334030443597315
196,0.6161999870623811,2.146933394941514,-1.53073340787887,0.3380931418771027,0.015751767602703522,2.4146168964261423
197,0.40889237815191226,2.1277007235373953,-1.7188083453856962,1.2145488456020388,0.04217153186557951,2.031823454527202
198,0.970724325505679,2.4051367550216733,-1.4344124295162146,0.6959333708985831,0.035487601702763986,2.1027503100875786
199,1.0066682377514633,2.6132082378338177,-1.6065400000820773,0.9180308790226341,0.037062864591299746,2.0850709074853624
200,0.7180467504204069,2.386089190139594,-1.6680424397195566,0.09361190400641917,0.003652618082681297,2.9067012919048687
201,0.7063956940273863,2.087971928289684,-1.3815762342624112,0.9678543618661202,0.05092373160363437,1.9521219178916962
202,1.0002375774352084,2.5942220292759197,-1.5939844518406971,1.2733703760795798,0.05066997915314004,1.9542642099159269
203,0.6615494377347284,2.27470052081764,-1.613151083082812,1.343113232683148,0.05201038976308164,1.9430477454386963
204,0.5022483956609074,2.052762508973772,-1.5505141133126017,0.5574230467193502,0.02484023728298452,2.243878228847861
205,0.3292660193415111,1.7998526660700174,-1.4705866467284068,0.37697483472722126,0.018992136604550486,2.345685278495668
206,0.5771951306655945,2.1366144151024153,-1.5594192844364443,0.38268244847118993,0.01709073933505663,2.384749825278769
207,0.6651317095397724,2.1237265479316116,-1.4585948383919458,1.1016446660760728,0.052053530969623424,1.9426907794769321
208,1.0467780169760852,2.593001530006682,-1.5462235130307818,2.2143976227609485,0.08504480510928387,1.722136441483719
209,0.5985833125114448,2.0975493919705253,-1.4989660794590236,1.5822588436035971,0.06785564459234113,1.8259642662307094
210,1.5087630248308495,3.008175446214815,-1.4994124213835676,1.3290478696669368,0.05848518372482343,1.89204351122328
211,0.5515547634549955,1.9700140913380375,-1.4184593278828288,0.8092430577672332,0.041530114044659394,2.0381982140851864
212,1.3536536373767456,2.8645921449621676,-1.5109385075847968,0.3603044805935731,0.017211539837474248,2.382157382088146
213,0.1342135311324535,1.6656786547702547,-1.5314651236380996,0.252898525910485,0.011851962086428039,2.5165216424757006
214,0.1034057252313767,1.6409745339623365,-1.5375688087310664,0.8035409096707795,0.03561630760625445,2.1012809887118493
215,0.9260146402748513,2.453782068415209,-1.527767428140578,1.6559308836688587,0.06836595499885435,1.8225870728380145
216,0.09303842303371201,1.7829427792481534,-1.689904356214356,0.2622854098451377,0.009884001866697214,2.5798612509497723
217,0.9221298834363632,2.444756213254572,-1.5226263298181948,1.503820949278662,0.06337377778438615,1.856560010372348
218,1.6179426478356698,3.041348189864274,-1.4234055420283767,1.6667688775071916,0.07673586786697781,1.7699476143424382
219,0.6365513349892433,2.2856413438327516,-1.649090008843359,0.5440045614743241,0.02136990834216641,2.3013844807443196
220,0.649924173218559,2.3734862112327386,-1.7235620380138243,0.6711999974067204,0.023846716095043276,2.2595898827877905
221,1.074150007681518,2.7468247835266917,-1.6726747758452802,0.24683543578093392,0.009527244656302378,2.5925315346172444
222,0.7115375390735688,2.004999090469661,-1.2934615513963763,1.648921891094492,0.08730562719706005,1.7097850572332416
223,0.9372681456970975,2.6996906010214667,-1.7624224553246677,0.4878950750899982,0.01660569561529902,2.395323750388512
224,0.274350845369562,1.9492687541273819,-1.6749179087582888,0.7397794955244059,0.027819585275810688,2.1998211712706532
225,0.3745578463044774,1.960696739745651,-1.5861388934413299,1.0708972561328736,0.04374219909767016,2.0165528363694527
226,0.5852410840902929,2.148680702466451,-1.5634396183763783,0.9396050597984562,0.03986997054198391,2.0550935423281813
227,0.09438062012987647,1.829083528188975,-1.734702908059262,0.9798145406900574,0.033845714344181176,2.1219050256035232
228,0.3167051486098069,1.9653957946241798,-1.6486906460145292,0.8296571320454973,0.03203852920509378,2.1439295856574088
229,0.49282966173178355,2.096613921922761,-1.6037842601913326,0.5302503538201222,0.022101373727421516,2.2886211538045256
230,0.8227017838467043,2.262326628765579,-1.4396248449188533,0.7641961865362603,0.03840437506162737,2.0705125175607852
231,0.9597144219806149,2.60864960937299,-1.6489351873919986,0.2321569822242715,0.00926183980987942,2.6022348698248887
232,0.6395902741364887,2.01168491695696,-1.3720946428206844,0.30677418919402655,0.017854350389025987,2.3686249085274156
233,1.0113753648715909,2.526902714412821,-1.5155273495415713,1.1008070626610014,0.048681077314895634,1.9713743098078917
234,0.8947574865360446,2.7209201642412006,-1.8261626777052697,0.5915692109284798,0.018532388869222313,2.35480578520202
235,0.6952150516090194,2.0758164370739403,-1.38060138546507,0.46782765610936394,0.02633576016976261,2.221224491309745
236,0.30801382135951716,1.9016314370945944,-1.5936176157351838,0.8924239830522822,0.03666642674798427,2.0894589802237054
237,1.060752826253073,2.632702002824474,-1.5719491765717066,1.3359930997923684,0.054189904608759096,1.9253154605573979
238,1.3015081735447973,2.9024475418835545,-1.6009393683384587,1.2881861660717284,0.050797658055018624,1.9531851669030424
239,0.8074931972928505,2.3588909141205443,-1.5513977168275233,1.512701759475462,0.06174264895598866,1.8681393569393139
240,0.945833706871789,2.5337128966387477,-1.5878791897671363,0.30978963051997255,0.013380870654290378,2.473468214493379
241,0.2811007792684075,1.911201324849281,-1.6301005455807172,1.0778307569447172,0.041808140526268245,2.035424874930319
242,0.7035773530747145,2.5373417919061874,-1.833764438831622,-0.07791773986495798,,
243,0.6792152656198676,2.256665356168427,-1.5774500905486093,1.0295768836458663,0.042633862697815814,2.0272792465313536
244,0.583988436346325,2.0811266370363706,-1.4971382006901877,1.282606802751058,0.05685982904247843,1.9043867847273186
245,0.9629096998573994,2.5363912817877017,-1.5734815819305368,1.0918652695423887,0.0451785511168424,2.00298823665667
246,0.6964323798220073,2.273170084873521,-1.5767377050515279,0.16835066628826567,0.007449153969399435,2.676067954604452
247,1.2289993808572115,2.5766454914157473,-1.347646110558344,2.0402465015848037,0.09702863955950031,1.6594326603462488
248,0.8719781177819721,2.35004480330418,-1.478066685522208,1.08042982690489,0.050019980727113694,1.9597930772165593
249,0.7780752852791091,2.3161676135957103,-1.538092328316452,1.0079836910574294,0.04380597258018692,2.015942654987467
250,1.0217246278612118,2.664910752675241,-1.6431861248142923,1.1342445853688368,0.043155031768086285,2.022206415673292
251,0.6143110603229696,2.1336403057223317,-1.5193292453996037,0.6860670004720326,0.03145189993025662,2.151307965966202
252,0.3269353978671541,1.8567161122185363,-1.5297807143515456,0.19548312013669644,0.009223962002574084,2.603639877077882
253,0.8536108205139579,2.452384631262313,-1.598773810748753,0.5400540134493994,0.02264097989085888,2.279439039013729
254,1.3314547656978073,2.848993105625227,-1.5175383399273414,1.0397124889767682,0.046151371609870394,1.9940062489929582
255,1.0857951794319058,2.525199891357489,-1.4394047119253628,1.9236010703775115,0.08459636404621426,1.7246178521790645
256,0.7320732496841709,2.2442573782284265,-1.5121841285440496,0.9639882493493772,0.04338846275920663,2.0199510738224262
257,0.8421951408618122,2.3457106596920037,-1.503515518830227,1.4624671689954418,0.06318776117834778,1.8578680032163695
258,0.5467621348152614,2.343331669459844,-1.7965695346442772,0.19017547924374156,0.006203915819244927,2.736804455117662
259,0.9062660073973428,2.4278813706071185,-1.5216153632100031,1.1638837051702744,0.05078973288979124,1.9532520780794231
260,0.4589035291132939,2.0828940489283676,-1.6239905198153792,0.09758324665401474,0.004052587544761869,2.8740391265561263
261,0.9187609093087383,2.2592217575014795,-1.3404608481923788,1.2359362201009851,0.06582071666012554,1.8396426619660742
262,0.6373963890355379,2.1514962991688984,-1.5140999101336092,1.4184124939598668,0.06085123755105688,1.8745748374105644
263,0.702852623887801,2.0110256529669295,-1.308173029079171,1.0089105352259473,0.05764751602473817,1.8983688046562335
264,0.5332100960636206,2.0053868956503402,-1.4721767995870323,1.1458906764282695,0.053035700418015995,1.9346301260034529
265,0.8892703682277068,2.5671208373889636,-1.6778504691610578,1.1801329341324482,0.043017496454807895,2.023540072460277
266,0.8928645474870871,2.469626487313641,-1.5767619398270654,0.6061203654058076,0.02601207471813778,2.226031452767167
267,0.23266831941055788,1.92572843550984,-1.6930601160988772,0.20578517873316926,0.007733342858084679,2.6634955767570294
268,0.8383416626575206,2.5875425126133615,-1.7492008499557414,1.3764824878254522,0.04576558473937645,1.9975489296014632
269,0.849066849393247,2.4441819818425126,-1.5951151324493367,0.6935799414581858,0.02888853158436897,2.185004296264886
270,1.1137940977068945,2.586826252147291,-1.4730321544411709,1.7060984766565461,0.074225590841584,1.7852202978065246
271,0.652179844161318,2.5031478891141328,-1.8509680449528787,1.233633364718198,0.03688599910004359,2.087023624309798
272,0.6661583654522554,2.2396889860164615,-1.5735306205638153,0.7802418707384255,0.033153009361606416,2.130225395877264
273,1.2992271607718147,3.0051519422679585,-1.7059247814963783,1.3256902773370811,0.046376184010844715,1.991953282112426
274,0.4527721977015142,1.9244424456155267,-1.4716702479140622,0.6502489579346431,0.03178449693177053,2.147110357382083
275,-0.1715382050883738,1.6114073662789261,-1.782945571367236,0.46845718923097124,0.015534862720294309,2.4196637933568153
276,0.7104740121940347,2.2027130715888115,-1.4922390593951604,0.874664764928891,0.040694975476219655,2.0466244178362962
277,0.6946790083484382,2.5706945376486283,-1.8760155293002754,0.4345510163697668,0.012785802215050972,2.48968037316707
278,0.6661328789814513,2.342703787137986,-1.6765709081569184,1.0197885996430607,0.03762384608933486,2.0789293338078525
279,0.7469040858504821,2.346262978023753,-1.5993588921728588,1.3318989719367629,0.05242095621340931,1.9396605559721518
280,0.7605541358484595,2.370774650296803,-1.6102205144484287,1.2901892170167955,0.050342343295083664,1.9570435931883734
281,0.8305934158243042,2.546019769368052,-1.7154263535435348,0.5933666871449397,0.02136793759436772,2.3014193787553667
282,0.7607939656331917,2.3295791821823864,-1.5687852165492586,0.9009998426001253,0.03811517788167575,2.073613957570678
283,0.852194110340414,2.429891105995112,-1.5776969956550602,0.9732537914763313,0.04048433261270431,2.048772841531073
284,1.0078990413371764,2.5391289707062166,-1.531229929368692,0.883426239951902,0.03916798062905647,2.062417752169341
285,0.5851813327522075,2.2043434265588226,-1.6191620938070628,0.4952793910144351,0.020282167030183026,2.3210866633325593
286,1.1230540335905141,2.812500043305328,-1.689446009715084,0.6861316292703279,0.025416339728268896,2.2350153696847435
287,0.6716616441763188,2.150827648675901,-1.4791660044998025,1.9814651865477657,0.08319769117403217,1.7324262860340347
288,0.6372404192447982,2.427528164863525,-1.7902877456190254,0.797255495623542,0.025974441812002005,2.2265936787938
289,1.1161614254001586,2.772209547490804,-1.6560481220903966,0.8780873871865431,0.033501671688239205,2.1260190702252455
290,0.3135683741156834,1.9625330097634128,-1.6489646356476442,0.7727493731282351,0.029941935698601898,2.1708576339636876
291,0.8970287050774539,2.439738238415793,-1.5427095333384386,0.4247596339755475,0.01933462271361283,2.339015666244842
292,0.5828206204378228,1.92951807490173,-1.3466974544639925,1.2121730712285341,0.06430483837373581,1.850060443486736
293,0.7513426842820161,2.107929160603896,-1.3565864763218087,1.2695481970878113,0.06607698664024307,1.8379010549750157
294,0.8497884137336849,2.500162274211875,-1.6503738604783393,1.3912924477103275,0.051511497898688585,1.9471938569643776
295,0.6051785491454291,2.2770437609904883,-1.6718652118452155,0.6078716235956207,0.023114359758652434,2.2715391501695645
296,1.207454685079946,2.886550266694493,-1.679095581614547,1.0451135496903987,0.03838193478509543,2.0707524621941875
297,0.8742756164883838,2.5008427618383715,-1.6265671453502364,0.8112163756353183,0.03222197749677517,2.141646020433597
298,0.9012229258278319,2.5515008607194583,-1.6502779348916192,1.2804418380585965,0.04780774878129195,1.9790733471927346
299,0.7502208751348087,2.3449647346675357,-1.5947438595326275,1.2324853979852186,0.04917124623164372,1.96710379165993
300,0.7422947027639646,2.4444650242460506,-1.7021703214818444,1.2477382251307851,0.04405253432289242,2.013590598402166
301,0.7056724511599066,2.2401705102561076,-1.534498059096677,0.9918310276197104,0.043354090788088516,2.020282521086885
302,0.10527076276549341,1.884037769619085,-1.778767006853741,0.1472507015387663,0.004920712745419814,2.8121788936755507
303,0.9148214954143521,2.372561111707676,-1.4577396162935656,0.8490746018683311,0.041319319383521444,2.040311407070563
304,0.7770216027142931,2.3500477032913887,-1.5730261005769535,0.8355184080360054,0.035360315480376166,2.1042079027540948
305,1.077111610737128,2.5949269122286234,-1.517815301491737,0.3613057428016013,0.01709754852890678,2.3846032694848143
306,0.6483201675628232,2.243730139683529,-1.595409972120251,0.19375207068785372,0.008339512295413383,2.638005932416305
307,0.9197086490617119,2.4792045562044303,-1.5594959071427184,0.8321267526746787,0.03581340707671567,2.099039633801417
308,0.5377834801015604,2.318374996563251,-1.7805915164617545,1.3684794843226662,0.04397682814500025,2.0143116066491276
309,0.8123918030223729,2.432955521276363,-1.6205637182542887,1.3612221571296388,0.052203839778252395,1.9414489998598763
310,0.2743499967164178,1.881299296173517,-1.6069492994570282,1.1076070674803802,0.04402854309005048,2.0138189720953465
311,0.3248178132612418,1.9793064720267148,-1.654488658765331,0.3185282367838873,0.012566314038482893,2.4958290645164087
312,1.2728377302714842,2.8066985565169995,-1.533860826245018,1.380149212020548,0.05815464804270918,1.8945303634349062
313,0.8745361670021419,2.3103351093967115,-1.4357989423947402,1.8669595759967557,0.08293129547240398,1.7339255406513112
314,0.6539440414885656,2.05199626724933,-1.3980522257606935,1.5226341682731253,0.07327607858944245,1.7911072959610588
315,0.7874786160227893,2.291664977096617,-1.5041863610736073,1.4464861164993046,0.06255429380592274,1.8623462956315977
316,1.0428435388626065,2.442588562698341,-1.3997450238357487,0.9868611321715761,0.050678854198836276,1.9541891313000483
317,0.6755406434263103,2.313365295445771,-1.6378246520198445,1.0605411569007934,0.04082227780500642,2.045330580329434
318,0.6369263617407421,2.2896443207939834,-1.6527179590530068,1.349066674198216,0.049977400928791695,1.960157357174029
319,0.5316107333205844,2.3750807130739853,-1.8434699797535359,0.3923380219144015,0.012037148109661375,2.511053416911528
320,0.8123430214991538,2.3505488233141003,-1.5382058018153657,1.0835641069616457,0.0467485471019993,1.98857125239162
321,0.28439779412156785,1.7848947218058422,-1.5004969276837983,0.4478081626526027,0.02151918701221874,2.2987491640722544
322,1.0334847496660666,2.4885682105119793,-1.455083460845799,1.8595918602652581,0.08105870059526543,1.7445760052052752
323,0.4736146408249704,1.992362510351918,-1.518747869527033,1.1837376246435447,0.051724182870191406,1.945422217691253
324,0.8925460148989339,2.4535989335576796,-1.5610529186583335,0.6843742400174584,0.029771859230114616,2.1731123924945637
325,0.41078254300283223,1.9592223393821593,-1.5484397963796255,1.083236821390937,0.04618196296635324,1.9937263971582777
326,0.5187381465962142,2.1679051756171583,-1.6491670290211005,0.7512756304059103,0.029142714252925788,2.181550625644176
327,0.8792401332148154,2.5408624953449257,-1.6616223621299469,0.1920505753487518,0.007540017996946657,2.6720020849105497
328,0.6782036219983718,2.1867927420225266,-1.5085891200242258,0.6456682096495641,0.03012239074999063,2.168477289120675
329,0.9722695604596163,2.449201550710627,-1.476931990250705,2.2145477358621974,0.0909546434800389,1.690383323069731
330,0.6972966782746051,2.082621978412278,-1.3853253001379926,1.1474554182209395,0.05871841144156869,1.8902957907161562
331,0.7140016697062572,2.2140534906102056,-1.500051820903991,1.691572121575689,0.07164711597804573,1.8013539086178452
332,0.7507313722444531,2.5265885677497346,-1.7758571955050684,0.41150646203270114,0.01378542851890826,2.462806515748235
333,1.4072540971215028,2.902834327037575,-1.4955802299164134,0.6774642639235822,0.03203153180167716,2.14401691103687
334,0.9220697372425173,2.4893484310786187,-1.567278693836215,1.8249393660314723,0.07115751105543608,1.8044709383875897
335,0.5630460047691566,2.1210206620164636,-1.5579746572470867,-0.2373448007304617,,
336,0.1834783680669796,1.6076145637046944,-1.4241361956378569,0.6655129964233986,0.034508821057995104,2.1140754801315684
337,0.48125230827691556,2.011358951524998,-1.5301066432480184,0.7115378728660886,0.032103511452418375,2.1431194076362696
338,0.9068803536160965,2.479238496677831,-1.572358143062047,0.5418132894728345,0.02350113982309237,2.2651880879145563
339,0.5099841891483345,2.2616035719396956,-1.7516193827914321,1.8892504916089052,0.06072108057756917,1.8755210193126028
340,0.7398535123479713,2.1569919111533133,-1.4171383988050366,1.7874116559868476,0.0816754116901292,1.7410465931482235
341,0.4430260455260475,1.907088450268362,-1.4640624047424353,0.2898995041658381,0.014869398504217798,2.4355444273771663
342,0.4478500492496176,2.1113508504493987,-1.6635008011999162,-0.24613577514377738,,
343,0.673266291046283,2.127930137338944,-1.454663846292533,0.7744662103016324,0.038151613801342556,2.073222108166424
344,1.4313296113791774,2.9080793960571905,-1.4767497846783044,1.7303785394633628,0.07479511043148389,1.7817187332083517
345,0.4928558108154073,2.1591532404482843,-1.6662974296327775,1.0088190414212654,0.03769687971011379,2.0781355114741014
346,0.6825790450052489,2.3139653734780135,-1.6313863284726722,1.121052376399014,0.04327849947215015,2.0210122262720778
347,0.7472745592890613,2.319366210359406,-1.5720916510704228,0.8207448279590395,0.03481789030262998,2.1104700263616345
348,0.808502038304149,2.538724695001833,-1.730222656697606,0.05068757871833185,0.0018120012638831531,3.119431924452485
349,0.21949893137389953,2.044949754774451,-1.8254508234008426,0.1413977944645488,0.004431109624728853,2.845720306138356
350,0.5929149340354423,2.2228721507957383,-1.629957216760431,0.34837061877027153,0.01418398647064045,2.452569783022192
351,0.4623494459347137,1.9628462564869134,-1.5004968105522494,1.5150152550734184,0.0653179297934934,1.8430758979584583
352,0.6970852122272015,2.21421965108403,-1.5171344388568286,0.6114548006149256,0.0283087255240551,2.192981312516638
353,1.0021821188675029,2.5852367436422705,-1.5830546247748316,1.0364054362500816,0.04261045024101209,2.027508361147727
354,0.6246678459128896,2.1381424496597257,-1.5134746037465447,0.9867136931327316,0.044242560931378044,2.011785425670657
355,0.9665840473162541,2.7185811469270726,-1.7519970996108896,1.7216220153000918,0.05589929802355247,1.9118199029873006
356,0.5276108617381476,2.2204599314399696,-1.6928490697018788,0.6564518407028288,0.024250467727092245,2.2531377052324273
357,0.8998991452722374,2.5372875154599805,-1.6373883701876366,0.17939109694831146,0.007287384358462801,2.683418000382303
358,0.9527123924931482,2.5836981001614925,-1.63098570766806,0.21673606047917104,0.00886893533171834,2.6170653751897714
359,0.3631671116108999,1.9547180866966523,-1.5915509750857382,1.074358106349905,0.04359520554142482,2.017962129773526
360,0.7540640664606224,2.175585541105428,-1.4215214746450329,1.3168187445571817,0.06331248217257728,1.856990665204649
361,0.4250081977725211,2.1142876392013443,-1.68927944142888,0.7980347763637603,0.029389949506424064,2.1782161333364503
362,0.7790929193297496,2.3464993381219097,-1.567406418792416,0.853563309082606,0.036316342726198436,2.093367708225849
363,0.6535289722764981,2.2995128413412553,-1.6459838690648212,0.8931754139067962,0.03445691343634459,2.114683712789665
364,1.2171962713887376,2.620570196441343,-1.4033739250521649,1.4477885599872913,0.069908684895899,1.8125018723287116
365,0.5753504459135081,2.123352881994223,-1.5480024360808784,0.6773270581273572,0.02997173795942035,2.1704636700093327
366,0.857333745032073,2.583246801201761,-1.725913056169702,0.924500903867127,0.03236020445567019,2.139932719017124
367,0.7309625491511804,2.3984695341145406,-1.6675069849634383,1.5747881615125436,0.05645269224986767,1.9075245716382652
368,1.0823720993835275,2.669896774749298,-1.5875246753662395,0.8408042441027881,0.034945987877320846,2.108983708601265
369,0.8599385520869953,2.4158535465716335,-1.5559149944847377,0.33144223488387325,0.014929742647114483,2.4340788439986194
370,0.5552729401388286,2.150373404172414,-1.5951004640337487,1.7237846077764303,0.06589880956663419,1.8391113526121399
371,0.6142483534017709,2.189807596368852,-1.5755592429668468,0.962087838348328,0.040159863547124926,2.052100837839856
372,0.6224396808888821,2.2494069547838373,-1.626967273894934,-0.20848239764366383,,
373,0.0760639282352793,1.8203621034769464,-1.7442981752419655,-0.08164798579614896,,
374,1.5360006770665757,3.088906574741764,-1.5529058976753731,1.4199295503087477,0.05836744112962841,1.8929280296171929
375,0.416852511547412,2.110040014985814,-1.6931875034383665,1.0619688683079964,0.038326361595136194,2.071347197173067
376,0.695738632782203,2.426263551430666,-1.7305249186488254,0.45325405698019594,0.016090934946513962,2.4068464224718222
377,0.6940688331724312,2.0218314953157455,-1.327762662142959,1.3636609047802963,0.07238272144476895,1.7967033840766071
378,0.9236563463550818,2.3634590976551246,-1.439802751300249,0.4953029741822128,0.025673894782427112,2.231109225865371
379,1.3770931116141663,2.6373945468073154,-1.2603014351930142,1.840334952880177,0.09817589488963321,1.6537619253906979
380,0.45748822239603104,2.2020494447830794,-1.744561222386892,0.10082510907259135,0.0035324859273228133,2.9171475773414244
381,0.7447161015143218,2.182443503758983,-1.4377274022449456,1.554851555577791,0.07141778949233549,1.802811716411641
382,0.947124973422441,2.4195846429247476,-1.4724596695023138,2.1523652678881753,0.08936224107414897,1.6987715235233065
383,0.52892480182937,2.05650751186169,-1.5275827100322203,1.052229173996949,0.0461024768959545,1.994453865734836
384,0.6623480078351429,2.18601985379354,-1.5236718459582335,1.1025226636249492,0.048289267219814344,1.9748139336775619
385,1.162700634358779,2.6605886853473786,-1.497888050988422,1.041429390457001,0.047300812047422924,1.9835967478791467
386,1.5441711695743914,3.1240889851401414,-1.57991781556575,0.7717811808537753,0.032558767138203396,2.13748250558387
387,0.695806368443308,2.1390949981411618,-1.4432886296976903,1.1514548672398135,0.05506867236901388,1.918334012062317
388,0.7149752095056181,2.187955253879836,-1.4729800443742533,1.434186214019828,0.06426235687239097,1.8503553017119974
389,1.0257672486022864,2.7381045833484317,-1.7123373347462802,1.3770455839404647,0.047675068290593835,1.9802533458487626
390,0.930744535208313,2.50238965012175,-1.5716451149137356,1.9737019024500313,0.07558520358550198,1.7768969057899069
391,1.1453919335513172,2.701862242426949,-1.5564703088762144,1.135672211157356,0.04773780791903582,1.9796950251741947
392,0.5730589728323219,2.223225580725413,-1.650166607893425,1.108073078654055,0.04190150923742382,2.0344970152129522
393,0.7078234900454925,2.2665319507590036,-1.5587084607136603,0.40580493595045297,0.018108845653239898,2.363385006658893
394,0.848931543731859,2.4256546892093676,-1.5767231454774446,1.1913632634805147,0.04868561493549353,1.9713346113106416
395,0.6014269329807655,2.0903082120630083,-1.4888812790827615,0.828234206579122,0.03888106595579477,2.065443397511478
396,0.17258989950779213,1.9401177731408348,-1.7675278736332984,0.5894516352767241,0.019878838148726017,2.3286269297312088
397,0.5531968928644426,2.196551720648288,-1.643354827784151,0.8119023167177737,0.03159428099657907,2.149506378655108
398,0.9939837028537193,2.628544110421857,-1.6345604075686424,0.9912173701359634,0.03849480178771867,2.069546827905952
399,0.1982864138703997,1.7282727529186284,-1.5299863390478095,1.109621886112528,0.04821175731916455,1.9754971535200048
400,1.147647347115261,2.6917829144062333,-1.5441355672905956,1.447137452092317,0.05990529189893158,1.8814900178276688
401,0.6049883349155687,2.256350798625456,-1.6513624637095745,0.06846112984094077,0.002737045562146752,2.995823779667513
402,0.9896767810728386,2.6342049158963485,-1.6445281348233038,0.43311289080888926,0.01721906971292881,2.3819963159773563
403,0.7864071647382014,2.350714566864334,-1.56430740212636,0.7989100933504716,0.03427987777250227,2.1167640508755396
404,0.667351202869221,2.239458027021173,-1.5721068241523426,0.08256175116149223,0.0036955030455220043,2.9030477351220054
405,0.38048468027273774,2.0094771569112106,-1.6289924766383592,0.6242225128939793,0.02503556817015084,2.240853468647732
406,0.32908134529953603,1.8782252053884685,-1.5491438600888614,0.6590267537471597,0.02916622437863076,2.1812324965943044
407,0.29855917526493503,1.966825803911001,-1.6682666286460517,0.786553579975628,0.029739156833999657,2.1735472075949316
408,0.7611212728170438,2.1540189773718064,-1.3928977045543434,1.9983699765615484,0.09130765456001938,1.688539805546227
409,0.3642575875719638,2.026648207336195,-1.66239061976421,1.4751387319206302,0.05356705101855834,1.9303212067180895
410,0.5275075311528861,2.0568297676282308,-1.529322236475764,0.28484600728458886,0.013354668675892935,2.474168518700857
411,0.5526506104292901,2.1072048262138177,-1.5545542157847194,0.9539922334557325,0.04085998156267688,2.044948034489505
412,0.8831179889412022,2.5281319370712376,-1.645013948129872,1.335422117002313,0.04994723739819712,1.960415570594329
413,0.7081043525254325,2.23159853716684,-1.5234941846415495,0.7078082495607418,0.03221261255674743,2.141762325039733
414,0.5417367046948209,2.0334648429659774,-1.4917281382713554,0.42857637711784946,0.020876360269599045,2.3102130796482245
415,0.8399470868917058,2.387285647892008,-1.5473385610002879,1.4800070964290875,0.060862055156556696,1.8744962738432014
416,0.8895668331888453,2.371265061096211,-1.4816982279076,0.9175723300545151,0.04304508706106461,2.0232722423281886
417,0.7228732336366273,2.2516207093678497,-1.5287474757315067,1.301587412405258,0.05558185548197701,1.9142998352690463
418,0.4908527271800347,2.0742323951454944,-1.583379667965346,1.057677190648171,0.043390069356925375,2.019935586905374
419,0.8504641238660122,2.495712684896497,-1.6452485610307122,0.6235178126456233,0.02449931954121847,2.2492071538995697
420,0.6064615142872833,2.092677398897302,-1.486215884610374,1.3693944908304196,0.06089312970611402,1.8742706572254402
421,0.5322286982295816,2.1980821726343374,-1.6658534744046847,0.3006706563748551,0.011690078526211333,2.5213642092019986
422,0.5895169668583629,2.2683710726132427,-1.6788541057549082,-0.6167640714255498,,
423,0.9717036015308702,2.5978593619954475,-1.626155760464826,0.7221299674262163,0.028876518150900796,2.1851681735284494
424,1.0003263336138923,2.666343166619371,-1.6660168330054148,0.5650979766642052,0.021697400056028916,2.2956238120519457
425,0.5144625756156609,2.0284017941993477,-1.5139392185838005,1.190723715591428,0.05227995937994706,1.940821276268078
426,0.8323296048574855,2.5146558498184755,-1.6823262449606773,0.6973440297777138,0.026045881511867004,2.2255269871632404
427,0.8814291154535647,2.419364618097071,-1.5379355026429948,1.185474185597112,0.05066645991182953,1.9542939840542912
428,0.7258148732303278,2.2626315856585117,-1.53681671242839,0.9486975328110958,0.04152339793940169,2.038265402055313
429,1.1267826867715565,2.6016326867603974,-1.4748499999886917,0.8825780062442661,0.04190603520662962,2.0344520824848282
430,0.5956965410332566,2.0862926375879676,-1.4905960965543272,1.2274566071040383,0.055137601516953245,1.91779033702639
431,0.7128729578462378,2.28853867863704,-1.5756657207907665,1.1226272048340924,0.046209649355347715,1.993473254702124
432,0.3847628738781248,2.1640866126577203,-1.779323738779567,-0.02660430827025806,,
433,0.39104275472210137,2.0028215553411437,-1.6117788006190494,0.21358103752582736,0.008976646651010962,2.6129422595553664
434,0.615389006884933,2.3249786695526717,-1.709589662667895,0.5168650674764734,0.018810167808409592,2.349271849819874
435,0.503105088173478,2.0228411680928966,-1.519736079919312,0.5400355157483858,0.025084361660992593,2.240101076709902
436,0.5343275817954316,2.3151791959529655,-1.7808516141576547,0.8313233142326268,0.027361982452777222,2.20631456250183
437,0.42100561268535674,2.054706256029342,-1.6337006433436727,0.6311991211607619,0.02515379988977952,2.2390325260845336
438,0.6645135864992051,2.451969846472239,-1.787456259973169,0.37991642735002884,0.012540902296116782,2.4965470720356393
439,1.1775643105779716,2.857884496011004,-1.6803201854327199,0.6123484116669538,0.023031616367381807,2.272909795842493
440,0.7341731496185355,2.2871784808334334,-1.5530053312149903,0.4942054093222872,0.022066414509148046,2.289222731266326
441,0.8377319021324263,2.4924015881097725,-1.6546696859772965,-0.25220200140138616,,
442,0.7302257659544091,2.3987952404997523,-1.6685694745456203,1.4581060341792131,0.05266079501916301,1.9376921271703338
443,0.7630703755949151,2.2365707117926243,-1.473500336197958,1.4165084414616658,0.0635561011971343,1.8552810615242166
444,1.0687395148852454,2.9043213483551478,-1.8355818334698597,0.9986965142841804,0.03063441561459032,2.161789364865978
445,0.9076675458991383,2.3239513579246713,-1.41628381202554,1.3433046394548072,0.0647594919114449,1.8469147826899222
446,0.7851826373030315,2.393695363835584,-1.6085127265323536,0.18143586529469502,0.007672706546324618,2.666142926470547
447,0.9800384274299256,2.6192716435577603,-1.63923321612765,1.2933931690217584,0.04884381108367624,1.9699525313337982
448,0.8367469137556407,2.422494351827347,-1.5857474380718486,1.2826343478791529,0.0514717345303674,1.9475257598941957
449,0.7612623829150005,2.166305896934653,-1.4050435140202353,1.1279956727808056,0.05655369942603884,1.9067443611128125
450,0.8304861534925374,2.362806193705439,-1.5323200402131079,1.241022722698503,0.05309552228162056,1.9341432115613924
451,0.901641989516528,2.3751627325151654,-1.4735207429985167,1.4688721774602662,0.06553012513417197,1.8416242926272604
452,0.11799545250233567,1.6378082251761095,-1.5198127726739585,1.2784890887891152,0.05527215277032292,1.9167307014107982
453,0.6901907140677475,2.28056200701812,-1.5903712929507492,0.28576292617437815,0.012319672617749728,2.502852928848863
454,0.9358192679710635,2.6607785990651047,-1.7249593310943965,1.7553683252342047,0.05849100677642405,1.8919998050750393
455,0.5846550528676824,2.127238896520539,-1.5425838436531194,1.8949842087090438,0.07528151228247153,1.7787454002955898
456,0.991854006808361,2.4140627442714626,-1.4222087374632792,1.7329709790634595,0.07927159738232432,1.7549281560680303
457,0.12413988443177804,1.4981719958034683,-1.3740321113718892,0.6095797761496478,0.03396246620537741,2.120517038248431
458,0.7740598610776113,2.385729429690117,-1.6116695686123421,0.676794946115038,0.027644508901345545,2.2022945503181974
459,0.5989710255826219,2.2744458696328076,-1.6754748440498588,0.7787955786701986,0.029200844201238255,2.180764437339584
460,0.7635000184905119,2.4122650284094442,-1.6487650099188613,1.2946232578183938,0.048367953961031086,1.974121282077788
461,0.7702529150847193,2.4209127707234055,-1.6506598556384233,1.0774732284210629,0.04081020319793674,2.0454531537195635
462,0.8190377967648681,2.370558812159211,-1.551521015394428,1.4251458724701713,0.05864216986841031,1.8908664810424531
463,0.7914298844480152,2.310876528719434,-1.5194466442717385,1.2313810509446732,0.053508378871725874,1.9307952430511914
464,0.39015597398339086,2.111993745330836,-1.7218377713475093,0.8086746811553347,0.02861053406453933,2.1888116302435643
465,1.003804407302149,2.7768851689619334,-1.7730807616594575,1.0262394486297701,0.03381883885517301,2.122225110446864
466,0.5706341362465617,2.17071470284072,-1.600080566593988,0.43987211242076185,0.018535036868115414,2.3547526899132287
467,0.3694632312122019,2.075023995668425,-1.705560764456095,-0.21319214168253353,,
468,0.5507453737905132,2.043967927457879,-1.4932225536672377,0.19343610492767382,0.009612736293722918,2.5894572312352815
469,0.5683120478756871,2.0749722230441856,-1.5066601751686903,0.5768533294754086,0.027158898088281862,2.2092263915596613
470,0.6131171306474323,2.29950219088336,-1.686385060235807,1.2210468368363152,0.04395987355587413,2.014473221863614
471,0.34773056293443805,2.08964125987901,-1.7419106969446148,0.6971223541649891,0.024184341297485312,2.254188033299321
472,0.621718308765602,2.1950577674058716,-1.573339458640021,0.813471478326381,0.034477674224935057,2.1144403523384803
473,0.2884643506308828,2.0995195249526057,-1.8110551743216092,1.0515850566342309,0.03312670893372648,2.130544222120748
474,0.8941623095802322,2.6410152749565947,-1.7468529653760925,0.26617196557211287,0.009285981788787789,2.601342040950093
475,1.0740422921699144,2.6786668964218174,-1.604624604251967,1.2736577856208342,0.05007825939450995,1.9592949110091122
476,0.6182546132613504,2.212801359353528,-1.5945467460919645,1.601094175025402,0.06190099592546497,1.8670042387412105
477,0.4980437453718958,1.9828375786299484,-1.484793833258209,1.2909912144233608,0.05798069304116022,1.895843869101385
478,1.0845965133112339,2.9106061102387537,-1.8260095969271788,0.22275052569191445,0.006984744603350378,2.6975707246850353
479,0.7319663540106456,2.2577846497305183,-1.5258182957200006,1.2272606586473813,0.05296652536553201,1.9351937423013943
480,0.42176860030031893,2.0653622179841244,-1.643593617683564,0.7146267600125995,0.027978256071387632,2.197591127457259
481,1.1031500620079067,2.7227839745303877,-1.6196339125226586,1.9680018604518423,0.07185638895678169,1.8000269117382566
482,0.4498953394927492,2.149408653602145,-1.6995133141090264,0.8878004267164492,0.03213240854649933,2.1427595792515137
483,0.9524737025799448,2.359228868924725,-1.4067551663447375,1.292520578784103,0.06337191186938268,1.8565731149630575
484,0.8537064021411505,2.4421385209575783,-1.5884321188163995,0.4948543721163574,0.02109364601530287,2.3063041035635408
485,0.7100319380324516,2.250839702145492,-1.5408077641136515,1.28922485653516,0.05437934379829818,1.9238025012717297
486,0.7466093800808347,2.5218923330554626,-1.7752829529745213,0.9043655321656985,0.029880722262389907,2.171667888914324
487,1.2353418679122194,2.637908032299017,-1.4025661643872809,0.9151293575373103,0.04726255468402037,1.9839397702410464
488,0.5784630238113175,1.893014146790855,-1.3145511229795375,0.3316061270192101,0.020848132318043774,2.3107235006313704
489,0.7726927997619066,2.510494899966873,-1.7378021002045898,0.09605090863082921,0.0033971972642207683,2.9293060695231015
490,0.910118558017083,2.4261628341598405,-1.5160442761425656,1.328639798108437,0.05739434157489332,1.900295576208304
491,0.9382024063179495,2.345063593515598,-1.4068611871975918,1.6310675746094425,0.07674197658861683,1.769910948935862
492,0.729954116292455,2.164120812869819,-1.4341666965774493,1.4599945067344713,0.06806149724886017,1.8245994449746206
493,1.141758210192628,2.725128666034764,-1.5833704558422141,0.7197432752879465,0.03035995205232842,2.165362283474089
494,0.5659496643406863,2.1533557154628022,-1.5874060511218886,0.16648618940089577,0.007257659144898712,2.684784470610656
495,1.218450058558127,2.5538962596995285,-1.3354462011416217,1.8318437146462259,0.09056626358928428,1.6924182053826307
496,0.6259027172991489,2.3689922452177123,-1.743089527918528,1.206266219034024,0.04077068829761139,2.045854497730763
497,1.223971431632898,2.908072560804542,-1.6841011291717223,0.8374637316431226,0.030966808272538556,2.15749895748267
498,0.6177651933717323,2.410817247429976,-1.7930520540585348,1.0423164240430793,0.03353829076878437,2.125579467236754
499,0.7031862399289901,2.3436650821105482,-1.640478842181892,1.6594388584058812,0.06081822107918938,1.8748146932712995
500,0.3241498971733643,1.935460364672033,-1.611310467498697,0.9767602870250904,0.03903208949707483,2.0638484308558143
501,0.4568728875551722,1.926800782998236,-1.4699278954431065,2.054232719183137,0.08638732397782306,1.714770435360371
502,0.25562411862029766,1.6689468779244274,-1.4133227593042648,1.1769203220687494,0.05809148417257604,1.8950069254676234
503,0.9893821242872116,2.6357681013241683,-1.6463859770369709,0.9634673819199335,0.036971033405533364,2.0860837941395216
504,1.0393604468304227,2.625302935050514,-1.585942488220553,-0.03657677728514486,,
505,0.6394359385017276,2.1899919568649446,-1.5505560183632952,1.1129510915197436,0.047202152622699056,1.9844818216190023
506,0.6502373020393941,2.3083678698460526,-1.6581305678064382,0.02930391819008804,0.0011613422401230724,3.248208285790284
507,1.036597698040631,2.411189096602052,-1.3745913985617335,2.088293257670969,0.0961336113887315,1.6638940144472951
508,0.32125103538147304,1.722997747594115,-1.4017467122125709,0.7082862207218135,0.03759030732819639,2.079294315116244
509,0.7571569200295096,2.1663461543790357,-1.409189234349924,1.826675830287698,0.08377140130327212,1.7292106480937817
510,1.156167546850619,2.8340287090968284,-1.677861162246245,1.243685558616228,0.04513817792273044,2.003364509745038
511,0.6871773716952783,2.205298190491491,-1.5181208187959783,0.7312266728990551,0.03342877462636916,2.126895406390632
512,0.579229473461063,2.167910157424907,-1.5886806839639576,0.6655787927944807,0.028006614904941267,2.1971937062812263
513,0.5984475741579525,2.350692595952119,-1.7522450217943515,0.6185265914032456,0.02124470846910079,2.3036071082895897
514,0.16174856867520138,1.7809937705209657,-1.6192452018458425,0.4772136734043819,0.01956220468238431,2.3346405817518825
515,0.14282670770490657,1.77284782516307,-1.6300211174584547,0.34555449199398325,0.014070205563910846,2.4554660161538786
516,0.42276064609496533,1.9315333589364636,-1.508772712841619,1.2165314346612384,0.05358868602302904,1.9301465180567803
517,0.9061476351275894,2.4370443094542518,-1.5308966743264136,0.8751245615339016,0.03884611395413447,2.0658132770152173
518,0.8160381495959053,2.481219665139762,-1.6651815155437362,0.9532336486585109,0.035797670328276555,2.099218200304031
519,0.7471107449282579,2.2125409010036856,-1.4654301560753993,1.4750843887302132,0.06634501396369002,1.8360854897873728
520,0.9501906920772933,2.4760972890792425,-1.5259065970017218,1.4683210403999638,0.06187505866728847,1.8671900065690166
521,0.6993061444886814,2.287535015387804,-1.5882288708990018,1.7319757997979117,0.06663998422117712,1.834094388782767
522,0.8597317120725245,2.6484800807420052,-1.7887483686695305,0.5780775280472064,0.018986430658747205,2.345797284354904
523,0.4970462305896115,2.2141301878166724,-1.7170839572272598,0.5658567036110789,0.020357295944252226,2.3196965992145024
524,0.7302796927433599,2.207844358003322,-1.4775646652592513,0.8162406463064826,0.03890488687086607,2.0651914745382327
525,0.7962115712871389,2.24165097956599,-1.4454394082790714,0.9020823790821773,0.044294208861220805,2.011295923263754
526,0.9182892469812112,2.54166133691188,-1.6233720899308537,-0.22136377873086133,,
527,0.4630091878152678,2.02869827772112,-1.5656890899058453,0.7016610361831539,0.030302934092569893,2.166108012228531
528,0.6252711349138815,2.2160972795792384,-1.5908261446652432,0.4977595102598258,0.021146937002456716,2.305350757013598
529,0.7557594154241167,2.3293991578592435,-1.573639742434807,1.3395409826495914,0.054214565794032304,1.925118253962719
530,0.4166812906164603,2.0672983266639955,-1.650617036048061,0.7420440757076037,0.028750006699430775,2.1868975107493167
531,0.38692269333615403,2.027199648419214,-1.640276955083209,0.21144460534234355,0.00854396897612411,2.6297817910235564
532,0.7825671353898622,2.691396929817601,-1.9088297944276746,1.0330425229576043,0.02908304755949755,2.182359002715015
533,0.28777799295404183,1.8003351195400947,-1.5125571265862163,0.1829813422293256,0.008855458409742147,2.6175844068163663
534,0.6010035603308177,2.119550326934111,-1.5185467666028671,0.03378795771678966,0.001639905410756247,3.1487141108146766
535,0.6992601507558982,2.3643476378093036,-1.6650874870538246,0.8728101256473586,0.03295151768067723,2.1326735190488266
536,1.1508518337796056,2.7840557929537235,-1.6332039591743523,0.6418452781827213,0.025576673923960312,2.2325797014150317
537,1.0854071703111083,2.3090981137822064,-1.2236909434714107,1.8728608513327778,0.10323969506122971,1.6293464645544757
538,0.30151325656516637,2.0964634079350626,-1.7949501513699033,1.0588102813610867,0.03397103248151281,2.1204153600491673
539,0.9576111896699411,2.7489316156732224,-1.7913204260030398,0.1833917690290754,0.006025293503275788,2.746401722629353
540,0.47857481164783966,2.2517475295689247,-1.7731727179211703,0.05814943685662399,0.001956620473302919,3.0967390251521647
541,1.1487875935049567,2.6056252860411684,-1.4568376925362827,1.4183018033339323,0.06480135234230457,1.8466260755368962
542,0.46452331463525187,1.9429001422014887,-1.4783768275660805,0.7935162834898755,0.037875873589060735,2.076195497008967
543,0.9130959054418861,2.459928620991385,-1.546832715549499,0.37391260213626154,0.016995681971532502,2.3868011342396516
544,0.5372066798927415,2.142075101964644,-1.6048684220718314,0.5299254755387643,0.022057356694205794,2.2893787331659454
545,0.6700541376640183,2.376314414160661,-1.706260276496323,0.3702466642575324,0.013604277961772953,2.467545897426798
546,0.18614290404321654,1.9049511947011561,-1.718808290657762,0.27798650102680966,0.010069745038652069,2.573425064201875
547,0.9792428851365083,2.628121337480473,-1.6488784523435243,0.6492399665078459,0.025354011417678984,2.235965801123035
548,0.711298681763318,2.325160417138769,-1.6138617353753943,1.4394793412896263,0.05525860871428251,1.9168372679483512
549,1.315229654954245,2.883226904282247,-1.567997249328073,1.1598260817590607,0.04800610033794694,1.9773144232659168
550,0.7954929248217093,2.372237630890603,-1.5767447060688937,0.8986139792957459,0.0376593227168229,2.0785435650780917
551,0.5762275960619343,2.057819387457088,-1.4815917913952035,1.406514244373266,0.0626154619437376,1.8619122366335024
552,0.5506379598646243,2.1610706928920616,-1.61043273302721,-0.25088904026478076,,
553,0.49682393232752364,2.194326297218816,-1.697502364891534,1.5916808555213215,0.05519817362895078,1.9173130451708102
554,0.8928270271617373,2.413697633303671,-1.52087060614258,1.1300161844676389,0.04951994702832846,1.9640874873741305
555,0.7468287821848287,2.2805579178840825,-1.5337291356995593,1.2808443192526013,0.05450116325843429,1.9228319095608146
556,1.0857043110772873,2.530183227272702,-1.444478916195294,1.853422828990393,0.0817264073775451,1.7407557160517098
557,0.6370955453358045,2.3296225820840712,-1.692527036748288,1.3787985267126395,0.04878120425192689,1.9704990456760796
558,0.8430774536441357,2.549322895544109,-1.706245441900137,0.6604926541062852,0.02398990157486966,2.257290932643357
559,1.2041339426005004,2.8511666219507967,-1.6470326793501044,0.6779168998209997,0.026488691175409303,2.218971093482531
560,0.437301291393859,2.0021400985906803,-1.564838807196793,0.9674534185314201,0.04088303355003193,2.044714294211522
561,0.8910107143219728,2.418668697567761,-1.5276579832457173,0.46355259411085825,0.021455795430998167,2.2998663075343457
562,0.6529249005184363,2.2800826346170533,-1.6271577340990007,1.8468153611808056,0.0675954456238128,1.8276942897260582
563,0.26351451375149626,1.8210916440307523,-1.5575771302792418,1.5488782967128039,0.06258769475711619,1.862109233598731
564,0.7453170551020856,2.404371646240876,-1.6590545911385561,0.9196486955426799,0.034865772245711336,2.109913905950635
565,0.8256442970100659,2.474611255111477,-1.6489669581014823,1.3786462409086049,0.05117122805644871,1.9500410370555465
566,0.4763738933488719,2.175231096158222,-1.6988572028094495,1.2282503629793489,0.04358084962253654,2.0180999814562295
567,-0.036838199904187796,1.643625517772123,-1.6804637176765027,0.6813612234975643,0.025529954820229146,2.2332880535064668
568,0.7851601874899723,2.3614501541283355,-1.5762899666383419,2.2174297433125716,0.08269277473333346,1.7352712320955757
569,0.7999914649431128,2.206640422220084,-1.406648957276957,1.6945951859441877,0.07914597413414337,1.7556629645464883
570,0.5666801063739593,2.2260589083637976,-1.6593788019899876,0.8816970124844197,0.03349711073238627,2.12607385215268
571,0.6931692385233044,2.39868179806576,-1.7055125595425125,0.5724465655493951,0.020893743467742826,2.3098990539052826
572,0.9933408627748657,2.6092018562716257,-1.6158609934973356,1.117679086965481,0.04393877743619084,2.014674388636159
573,0.7631042806497215,2.3960275860975395,-1.632923305447548,0.7181707926261218,0.028485478865304743,2.1905347305230554
574,0.7317674945538863,2.4630012966332027,-1.7312338020792595,1.126067765245029,0.03874919900027978,2.0668403602972885
575,1.041891617766404,2.7454890565140255,-1.7035974387476926,1.1716575026496372,0.04149846294220171,2.038514932494422
576,0.15170080759163174,1.775732758032242,-1.6240319504408944,1.4854339163708623,0.056184150761365355,1.9096045351395565
577,0.5310766151869837,2.109101149891239,-1.5780245347041273,1.758534927673523,0.06822188446595573,1.8235384143820337
578,0.7033776381158612,2.3105381429951217,-1.6071605048787205,1.1444045240325877,0.04534512980294506,2.0014387355977146
579,0.5055459439772756,2.1765885202270434,-1.6710425762498744,-0.014420680042519507,,
580,1.1482505863050472,2.5614075612668694,-1.4131569749620212,2.02592083840835,0.09042330583581056,1.6931689875442775
581,1.0557452656312387,2.5350919659135736,-1.479346700282349,1.5279786208848982,0.06730693895673277,1.8296189441244812
582,1.0656895300330769,2.953034331178096,-1.8873448011445362,-0.15857104240150477,,
583,0.5436565428549409,2.276916851724949,-1.7332603088693759,1.1432214026867697,0.03921081852659623,2.06196762333819
584,0.8959023923098437,2.429806682160881,-1.5339042898513071,1.5906638646205593,0.06566307120431403,1.8407167964842153
585,0.4425089645224114,2.0156725428167457,-1.573163578294043,0.6709781057024813,0.028779063583624958,2.186499741444517
586,0.9170032287975198,2.4697947336313186,-1.5527915048332943,1.153525676654997,0.04861420417053685,1.971959726673209
587,0.7307653224975263,2.251122189725181,-1.5203568672282017,1.0999296661386602,0.04837407289053131,1.9740674589743392
588,0.8350823266009764,2.5956577800998994,-1.7605754534988591,0.6767266312545637,0.022957871794026995,2.2741349850089634
589,0.6401573881221418,2.24577616178268,-1.6056187736603533,0.0683208616397728,0.002916279961739623,2.9764275318394957
590,0.5203130973568557,2.01953251677248,-1.499219419416022,0.6402715977592486,0.030245840530646162,2.166855938720958
591,0.17371430345839034,1.8859026886980468,-1.7121883852396422,0.6551377574027129,0.023625227988299614,2.2631697370590573
592,0.663592180327222,2.3014042533459156,-1.637812073018722,0.6788439279438307,0.026831041910477298,2.21396710456663
593,0.7210230985174428,2.283264501153078,-1.5622414026356637,0.377678161791021,0.016809720908406482,2.3908434029592103
594,0.581540677898837,2.15790896013094,-1.5763682822316696,1.3023471672629334,0.05272349896858743,1.9371787330683483
595,0.46901016245374993,2.2736800245698285,-1.804669862116043,0.45733757355204574,0.014749937368059749,2.438461314275926
596,0.9656838541741388,2.495906247116836,-1.5302223929429601,1.883814654699247,0.07586609313216722,1.7751925881758512
597,0.7535785860996009,2.3241274890394203,-1.5705489029401178,0.606442149905206,0.026232550659255623,2.222751654964476
598,0.44185186046070957,2.1730939785568575,-1.731242118096361,-0.47723594636384803,,
599,0.6956791558836892,2.348037094865952,-1.6523579389822771,1.8004607753417368,0.06445538223955857,1.8490168322314757
600,1.026739925421233,2.6638817240001993,-1.6371417985787957,1.17333094374224,0.04482144934739795,2.0063262667153476
601,1.186103315803856,2.524935940616417,-1.3388326248123121,1.6509453149048205,0.0832828195439971,1.731948010095284
602,0.7482928417202936,2.6007771926898977,-1.852484350969462,0.4960255563737803,0.015043311729030702,2.4313346787579007
603,0.68894848014589,2.1817482938180968,-1.4927998136722636,1.0739019101534701,0.048901975760938056,1.9694453206323996
604,1.0338786352813338,2.6167834477622103,-1.5829048124805922,1.9407926604355445,0.07370529369338141,1.7884384741363897
605,1.25030264359203,2.8074949600817485,-1.557192316489818,0.7919005587455992,0.03429852186120972,2.116544533107282
606,0.6167266884003846,2.1550685739860365,-1.5383418855858508,0.5870859370568553,0.02650866479561094,2.218677617879297
607,0.6683335380739743,2.248407841356646,-1.5800743032827995,0.9322841841669884,0.03880459362043447,2.0662530334874636
608,0.765701979892591,2.356687753098087,-1.5909857732053752,0.509658606154634,0.021629750679413754,2.2968075500077223
609,0.8486446678966866,2.4628479327777564,-1.6142032648813256,1.3718200673360599,0.0529355065556765,1.9354466734441935
610,0.7482210348821434,2.3807662054771876,-1.6325451705947671,2.613100539863943,0.0893388948163366,1.6988953951324388
611,0.9758693553908495,2.527002972067998,-1.5511336166773617,1.3663374552101786,0.05655779905383125,1.906712718826441
612,0.8852226054682513,2.5920007564462546,-1.7067781509776978,0.9667739009451708,0.03453545663235833,2.11376367854753
613,0.2665704929381798,1.8588345633089185,-1.5922640703706747,1.1971425177478885,0.04803920300422535,1.9770214733316849
614,0.9799480126967035,2.58938843554406,-1.609440422847456,0.4628105107094136,0.019234286766638846,2.340958853583781
615,0.6718959595186869,2.2811382552547608,-1.6092422957358394,0.8082109752850108,0.03279627797869883,2.1345684362932977
616,0.3839562834505239,1.864967335809916,-1.481011052359463,1.5080352820629201,0.0664508746572229,1.8353700742358894
617,0.8780434770201362,2.440646744726558,-1.5626032677064359,0.42378239365187653,0.018787405273309365,2.349722628252946
618,0.7358592672690145,2.139847267828544,-1.4039880005598206,0.941951068734106,0.04840003127730991,1.9738391883313466
619,0.791729784297794,2.4320802358615774,-1.6403504515633358,0.43506488078092076,0.01739017012061397,2.378352980017129
620,0.960695759999461,2.5406425361320126,-1.5799467761326014,0.646067291445096,0.0275285337877732,2.203940429347165
621,1.0145017158106464,2.5741044319861723,-1.5596027161755046,1.2890482020075744,0.053238130421544766,1.93298431197856
622,0.7262719172431469,2.2745033247039084,-1.548231407460662,1.2765283783799823,0.053460895579558236,1.9311791979382493
623,1.0517215903933073,2.652233576738454,-1.600511986345282,1.1965391912762833,0.04756873079559205,1.9812010565776232
624,0.920139058784124,2.4264073159868653,-1.506268257202919,1.3307289125397048,0.058102716102105025,1.8949221507611689
625,0.7148990976411449,2.2793892932332733,-1.564490195592498,1.56960992529552,0.06283677389643785,1.860344694831226
626,1.0694054653995488,2.4261847285745057,-1.3567792631752127,0.6196713137549459,0.035260117763225976,2.105358449659621
627,1.0664083254519108,2.627833141291874,-1.5614248158399278,2.157357746801843,0.08207076984056509,1.7387953328581012
628,0.881601894481272,2.4090191500820177,-1.5274172556005396,1.0768933068851219,0.04707925342851864,1.9855865292612618
629,0.46397746703042575,1.995757303442347,-1.53177983641217,0.9568567113590731,0.04210077650142851,2.0325226170792745
630,0.3526756583655777,2.1523997467059255,-1.7997240883400991,0.5843720359030371,0.018927188784006923,2.346961925581704
631,0.9957639586082303,2.580380480674024,-1.5846165220655166,0.8831221941607339,0.03670779927614783,2.088999154543934
632,1.1015231906617453,2.682799609555553,-1.5812764188935944,1.805517375743296,0.06951617287404811,1.8150503457115985
633,0.9235185014558818,2.5933638762885645,-1.6698453748326756,0.7008341240911236,0.026580134949076264,2.217629057729093
634,1.2864323640387818,2.9257363327597057,-1.6393039687209239,0.7836567283832316,0.03070445431040221,2.160882017737412
635,0.8168435049879088,2.580518310717985,-1.7636748057298064,0.33619988631804176,0.011457350318863179,2.5284313113702743
636,0.9656390245736555,2.4548694579677326,-1.4892304333939137,1.3112594167202154,0.05847222129578899,1.8921408164620077
637,0.7767837161109208,2.4027412146687093,-1.6259574985579093,1.6034178444975957,0.05994384582809554,1.8812064121212606
638,0.4580310757473933,1.9634594449273175,-1.5054283691797536,1.2687281528309597,0.05580159875046792,1.9125818991730994
639,0.6035048711796742,2.2933084973229763,-1.6898036261436573,0.6810483675383452,0.025223441266862854,2.2379634109287245
640,1.0181212459665483,2.5970997101280426,-1.578978464161537,1.1588623063916188,0.04736980135213361,1.9829787667272214
641,1.1714087063710474,2.6535308907887307,-1.4821221844176762,1.3337022731965682,0.059804390550055486,1.8822329731667675
642,0.21198837046768748,1.7275960754982487,-1.5156077050301064,0.9100351889954332,0.04101130783316259,2.043415667303859
643,0.5068313608258075,2.158772834691761,-1.6519414738663727,0.38633470705288175,0.015245628048150786,2.4264910097386023
644,1.3308715771872892,2.7769243930019423,-1.44605281581471,1.2615997025481285,0.05938620426270851,1.8853232852273754
645,0.011767398596028933,1.6428072518759302,-1.631039853279617,-0.32118861149954014,,
646,0.021732371063543532,1.5026988382071886,-1.480966467143844,1.0503246944188867,0.048618721374351366,1.971920161150477
647,0.6577556210568298,2.245307421696922,-1.5875518006400853,0.0445638219187785,0.0019545168198513165,3.0970579185786646
648,1.103757156827677,2.7779790492859044,-1.674221892458263,1.0332353825605374,0.03819139965113604,2.072794595269175
649,1.0535060251732,2.691028392775295,-1.637522367602287,0.9486758861915447,0.03682657841536454,2.087681459218746
650,0.35087282302902967,1.924973985466786,-1.574101162437728,1.1304750635612635,0.046584750309764555,1.9900561515932071
651,0.517070916744168,2.0079613860268077,-1.4908904692824763,1.4726204518047652,0.06443974205923908,1.8491251605271077
652,0.7439424164931632,2.4426251104411785,-1.6986826939482853,1.0997454362576882,0.03934625526195951,2.060547233273927
653,0.7385936493133238,2.3914433799158923,-1.652849730602611,1.0121762349100756,0.03841498459871664,2.0703991156413775
654,0.19176829472463286,1.9236298902293862,-1.731861595504597,0.11506915286771147,0.004103553851826817,2.870089689257318
655,0.587096477758231,2.1201337899938233,-1.5330373122355923,0.7456666905225511,0.03341480461180033,2.1270635343577236
656,0.7508953402079976,2.3826456172218196,-1.6317502770139072,0.900913763520073,0.03533474684356025,2.104501236754821
657,0.11564650491664796,1.7542480424540807,-1.638601537537852,0.0751037730698556,0.0030571868831258914,2.961928580595118
658,0.7094889390978176,2.330263276191702,-1.6207743370932803,0.9471589072444466,0.03751123124379906,2.0801559486492134
659,1.0498445432695087,2.616453115566075,-1.5666085722964453,0.6397044441661954,0.027736206160669876,2.200997424610655
660,0.8940276186026574,2.3916409848021667,-1.4976133661998574,0.7329440259418867,0.03437251979470678,2.115674276676078
661,0.5957460123227145,2.4013810371831505,-1.805635024860294,0.7039923253108427,0.022572299553796388,2.2805970918115706
662,0.39026471745456437,2.050664588920605,-1.66039987146587,-0.05011028076028978,,
663,0.7832822313057557,2.302379007682462,-1.519096776376955,0.8320298106031565,0.03762340662676782,2.0789341144131623
664,1.1280486808823378,2.637749356568592,-1.5097006756859628,0.6944728387959564,0.03220032259969742,2.14191499984536
665,0.7755651564975858,2.407726856963344,-1.6321617004655309,1.1307158361425778,0.04358071284363884,2.018101295050245
666,0.7597190591441256,2.3348869212860786,-1.575167862141825,0.3753806332217664,0.016422628247945912,2.3993852053315385
667,1.0643839209301484,2.4146536089668524,-1.3502696880368603,1.2486320835004108,0.06564193268313702,1.8408609876915356
668,0.743600742390762,2.2758428090168517,-1.5322420666261678,0.4831559158160026,0.02219025562066824,2.2870953950182242
669,0.8450122045801516,2.478493720562839,-1.6334815159825666,0.8828623107445601,0.034599294045383526,2.113017219842697
670,0.5066497855305068,2.0292628445024556,-1.5226130589721834,1.486886260772085,0.06276656517607163,1.86084148471878
671,0.7878473334285525,2.3614438170662675,-1.5735964836376297,0.871642031085468,0.03675157327889341,2.088513118631458
672,0.5057420161597372,2.0382605158139464,-1.5325184996545431,1.127927156537993,0.04877715247454187,1.9705344351740979
673,0.4405878945526718,2.124643000256662,-1.6840551057039193,1.2768200695344198,0.04591605333884688,1.9961641952441724
674,0.7311219852390503,2.261453404979144,-1.5303314197399231,1.6850572848145653,0.06918305743228012,1.8172224587397512
675,0.8789613946951329,2.524261964460906,-1.6453005697662775,0.8796346166646885,0.033993769343039985,2.120145589049239
676,0.7920063548604128,2.36567166407771,-1.5736653092171764,0.7235058885020997,0.03088081178672639,2.1586051640644555
677,0.9339337561627952,2.5870124979906572,-1.6530787418278123,1.1280812532956084,0.04245448777618436,2.0290373345192787
678,1.0268508031586032,2.7523407169014655,-1.7254899137424218,1.222088244203995,0.042095767845932976,2.032572147314597
679,0.7360521155251343,2.3864068859380874,-1.6503547704128323,0.49954108073166026,0.019639550956581594,2.3331637814724706
680,0.7681940790153101,2.210644232281596,-1.4424501532662362,0.7518500987709515,0.037704682567516766,2.0780507774764176
681,0.5589533601723895,2.1375716801362694,-1.57861831996388,0.8882982366845411,0.0371752000448156,2.0838347630769642
682,0.60182073985471,2.030218788356934,-1.4283980485024586,2.3798544883414756,0.10060863464737665,1.6419101085330756
683,0.4372272863688602,2.020074802460308,-1.5828475160910784,0.5982301085247101,0.025490105313524407,2.2338931359933105
684,1.1792354069502915,2.6002756693956295,-1.4210402624453309,1.0238957682227863,0.051027500121084986,1.951248432505273
685,0.6370646423697588,2.2971300946024025,-1.6600654522326295,1.2752604404337369,0.047113227961845854,1.9852808989978221
686,0.38918939930363994,2.087092592210234,-1.697903192906324,1.4769045095330995,0.051601573826067,1.9464427898372443
687,0.5676600667748142,2.3329119660095836,-1.7652518992349542,0.9653099176067634,0.03219114159775762,2.142029085532653
688,0.7795524320859011,2.3173915341210227,-1.5378391020353774,1.8322794763220465,0.07358472278632124,1.7891868869567014
689,0.610958420895721,2.1548988938509703,-1.5439404729554553,1.8126888891350887,0.0724789196748947,1.7960980805229454
690,0.7306849153183146,2.443376199951836,-1.7126912846333653,1.059475116104391,0.03738658119978997,2.0815173118080152
691,1.277984949673745,2.7750227546718955,-1.4970378049983992,1.2175613919652903,0.054349955935142656,1.9240369194585927
692,0.39834368921857166,1.794158763768288,-1.3958150745497733,1.3562182173945452,0.06678737812597009,1.8331021724008085
693,1.1859846154643572,2.880282056564945,-1.6942974411008436,2.0987606202803555,0.07041735160803254,1.8092166520847501
694,0.8239077132566388,2.529929525693974,-1.7060218124374842,0.8898398911944589,0.031952801706443906,2.145000566365146
695,0.019875025993322915,1.6403633253659757,-1.6204882993724823,-0.1511025293524888,,
696,0.5191371970440821,2.294757621299788,-1.7756204242555214,0.2545983424158713,0.008545421754516079,2.629723986367039
697,0.662126237355559,2.318612183278206,-1.6564859459226682,1.2272846945919653,0.04568195520781516,1.9983202156100615
698,1.1119857806661537,2.7034331303178982,-1.5914473496513892,0.7749539989112506,0.032222979590783,2.1416335769922488
699,0.4595081944908168,2.2344262213158084,-1.774918026825162,1.0543420561542938,0.03462702396072634,2.1126933369986385
700,0.6914199061439001,2.380029412640689,-1.6886095064969595,0.036181777809460414,0.0013724447302694515,3.2003842709524375
701,0.30446752670696586,2.1121524093325528,-1.8076848826258356,-0.19914401797199588,,
702,0.7486441884830208,2.3182800568455244,-1.5696358683621838,0.32436717604889864,0.014348445156679875,2.448419593586085
703,0.8415973891787951,2.3869025658242444,-1.5453051766453427,1.0062509473356336,0.043366478514999765,2.0201630412520677
704,0.18336121673292727,1.7504824042987162,-1.56712118756559,0.3911944186848544,0.01728045379330863,2.380685593316282
705,1.220650655647213,2.8043736433849427,-1.5837229877374739,1.9504323163047417,0.07394680437325364,1.7869423646217777
706,0.5235697588518713,2.1241358224111204,-1.6005660635591994,0.12001685512621663,0.00514793003994292,2.7976284055759257
707,0.8904104403482132,2.752392705211876,-1.8619822648638547,0.6726581808758247,0.020134594587992966,2.323830234748353
708,1.2117651422740972,2.804981803542632,-1.5932166612683432,0.8997432980157427,0.036963262390971544,2.0861696057558548
709,0.5322705993185162,2.1366800556654875,-1.6044094563467297,1.1752302674856452,0.046596264418718836,1.9899516270151996
710,0.9117520274940114,2.5581485325685955,-1.6463965050743354,0.5342202123620652,0.021070041025606816,2.3067270546325442
711,0.3736290113506664,2.004133299642974,-1.6305042882918315,0.30788152781383005,0.01255239093611193,2.496222301690342
712,1.1065321850223961,2.612743514001104,-1.5062113289782246,1.104134137023486,0.04934348524117555,1.9656116681627638
713,1.0730098780172819,2.718455309821665,-1.6454454318045464,0.9659642292525561,0.03710166840691695,2.0846435483440753
714,0.5864083042488426,2.0022679631061715,-1.4158596588572436,2.3559221888089183,0.10105077641731221,1.6397806810935267
715,-0.029853715217988075,1.7631980923546786,-1.7930518075727377,0.24134769006636958,0.00791276875059552,2.655769464397129
716,0.475464728875985,2.113460275092728,-1.6379955462170983,-0.09691776647798989,,
717,0.9423594447303083,2.5489394112662973,-1.606579966535719,1.0847796802005192,0.04321893203160673,2.021588007350531
718,1.3612870756596829,2.786553880756423,-1.4252668050971806,1.860945114036621,0.08361545647505408,1.7300829473871782
719,0.38919154334008343,1.8191901145003735,-1.429998571160013,1.4264017562079978,0.06706240944808024,1.8312555459864261
720,0.9198269511489423,2.513195225269201,-1.5933682741201665,0.7844478131115018,0.03251656274117572,2.1380022238828413
721,1.1929297683091216,2.457606493509581,-1.2646767252003883,2.0659346284035713,0.10631626973120414,1.614974257324107
722,0.3352047933663096,1.9672301546793927,-1.6320253613130262,0.2556248738685767,0.010426761560435585,2.5613454688755986
723,0.7322619249603202,2.2402506792612096,-1.5079887543006407,1.0408597683817042,0.04671895071980805,1.9888392338375176
724,0.6848484351562627,2.185103356035115,-1.5002549208788878,0.8265482809055804,0.0382701933893834,2.071949045301393
725,0.9405872971715405,2.5378245411139995,-1.5972372439428,1.4423964739815673,0.05637041114062513,1.908160995568062
726,0.7362925868797072,2.247428101509173,-1.5111355146291316,0.9580799813800809,0.04320212212882997,2.0217506138085697
727,0.41020090446409885,2.0812830469521595,-1.6710821424881033,0.9325829270588102,0.03482408355199478,2.110398058679245
728,0.9733873527288859,2.4237427645105294,-1.4503554117818567,1.186654416183238,0.05606429154601709,1.910535566447557
729,0.36570643304913464,2.064303258424922,-1.6985968253752617,1.569598321693519,0.05445216874041086,1.9232220536523281
730,1.2577814771825695,2.801326569313468,-1.5435450921313532,0.23936257315288856,0.011042286484353972,2.541357763754651
731,0.7420364350509852,2.159538159625023,-1.4175017245738673,1.2154942600985876,0.05942840373899242,1.8850106220894076
732,0.1733942761770857,1.6777322234903886,-1.5043379473131608,0.8896448229774983,0.04072546341452995,2.0463142415384055
733,0.6116484113781633,2.194340762935412,-1.5826923515569433,0.5081852080712927,0.02180368352162703,2.293770521500914
734,0.48608705348443326,2.083338444655312,-1.5972513911710848,1.5975625011810592,0.06160587217943007,1.86912178939177
735,0.7768324972348717,2.5676746374128934,-1.7908421401780288,0.23073507991088604,0.007587253228121177,2.669905787914359
736,0.8663455015798798,2.5244473225766777,-1.6581018209967624,0.6688672877539723,0.025789764544645707,2.2293629614156183
737,0.9632599529136394,2.580093694794166,-1.6168337418803276,1.0278718381438274,0.04064681599819366,2.0471147812918167
738,0.6891892256530889,2.1413092227354165,-1.4521199970822636,1.463564692340423,0.06687523499559606,1.8325116008081972
739,1.0107416150081088,2.460890336107142,-1.4501487210986852,0.979352220028229,0.04739273506348843,1.982773502477988
740,0.9432893123944348,2.42209692511672,-1.4788076127224485,0.8588327255611894,0.04068627436121761,2.0467129768285
741,0.7033297884154388,2.2361343785434764,-1.5328045901278529,0.8229990432854777,0.03662662576711375,2.089901756624145
742,0.6787767866462753,2.268697188558627,-1.5899204019124227,1.3278975030619122,0.052833065099578566,1.9362828743978895
743,0.33152407749049306,1.8131016910065023,-1.4815776135160377,0.14402881864442918,0.007309972816984046,2.6823829476601704
744,0.7585986008971384,2.232996323445584,-1.4743977225489289,1.2061255221999048,0.055315815459769414,1.9163873053438156
745,0.9583126356842593,2.5192368140582397,-1.56092417837408,1.45435994013517,0.05907141435981678,1.8876614530983677
746,0.8770952027321153,2.389489398983181,-1.5123941962510798,0.3518774158281808,0.01678838150833847,2.391309768645978
747,0.6531545165908108,2.245900758412639,-1.5927462418221694,1.3102379867802334,0.052045420875698946,1.942757866437651
748,0.9299889673270707,2.472134344764137,-1.5421453774370093,1.0433006969565568,0.044975159200422,2.004886715706545
749,0.8042746617798082,2.5104077457427048,-1.7061330839628681,0.12384128676791661,0.004577580200848217,2.835347931472788
750,0.13364420006065192,1.7699348607266439,-1.6362906606659635,0.8503280426565283,0.03328739429813811,2.1285996886880185
751,0.6115767485971526,2.3411985704024625,-1.7296218218052672,-0.268395242458741,,
752,0.3960394725681988,1.9024775047953435,-1.5064380322273792,0.9698617731232311,0.043927261756596815,2.0147842333854853
753,1.0575155938813703,2.6587498402253056,-1.60123424634412,0.24897167813853827,0.010597633561793631,2.555693778000104
754,0.5353098585915257,2.2880611224477017,-1.7527512638562257,0.608531645440678,0.020895112115339173,2.3098743390936733
755,0.9900482511188864,2.545188682549978,-1.5551404314310275,1.866353173871289,0.07340032103688313,1.790333455362447
756,0.6113278183738737,2.2947185752664447,-1.6833907568925497,0.2261321568837502,0.008606770791257372,2.627290950411745
757,0.29776118343398483,1.6400622127244455,-1.3423010292899562,0.49409365270191685,0.029177518709153326,2.181079744969234
758,0.4762777176065436,1.930356128760331,-1.4540784111536595,0.6041897782136942,0.030361178629356552,2.165346254494734
759,0.666802742456647,2.2126722353667754,-1.5458694929102421,0.48668323022798177,0.02194855121185198,2.2912570483424917
760,1.132205454909589,2.619694260868145,-1.4874888059584919,1.4854477452508767,0.06515372677110363,1.8442018643849147
761,0.08898909999198512,1.859172492316234,-1.7701833923242702,-0.3859836692189411,,
762,0.5554474486602965,2.308705169061839,-1.753257720401507,1.4887781018400297,0.04895991598278179,1.9689405704736576
763,0.5183671929294258,2.262354254365442,-1.7439870614362007,0.4734168322586818,0.016506523089971973,2.3975190397956956
764,0.791175477633268,2.352145714119481,-1.5609702364863551,0.5144962132768001,0.02269742371263801,2.2784895953334914
765,0.8519432995190153,2.4134569097694802,-1.5615136102505858,0.7043692634872301,0.03057252732359427,2.162592607788032
766,1.2337507718912173,2.7841534664747565,-1.5504026945836813,1.562261381704321,0.06353617388125496,1.8554206985303934
767,1.1288305778716756,2.7457961956113417,-1.6169656177398792,1.1044865250473137,0.04340984465689562,2.0197450011148135
768,1.0673796561468487,2.5519390566390934,-1.4845594004923441,0.5056134911811796,0.0246747636561715,2.246456799837342
769,0.9623929324138851,2.442197382150881,-1.4798044497365481,0.753877165379631,0.036072008626281675,2.0961147978082506
770,0.3550016971626144,1.9209466679553495,-1.5659449707927706,0.7702242981351972,0.03306287198330105,2.131318985912111
771,0.8453672598175297,2.423354700587205,-1.5779874407694479,1.4654473819558014,0.05836726303315319,1.8929293686545996
772,1.245833960983881,2.769989858764867,-1.524155897780929,1.0277754618241381,0.045320650963206394,2.0016661346654603
773,1.240138256573581,2.671117665618568,-1.430979409044994,1.0301497975701608,0.050699443408876645,1.9540149988975724
774,0.6902005068441293,2.251469219295232,-1.561268712450783,0.24635434733332318,0.011083112294911183,2.5400673533114304
775,0.5435317525984908,2.1646965648686782,-1.6211648122698534,1.4959535751439184,0.05670924791701873,1.9055451219487085
776,0.7749558398632042,2.4436593991719926,-1.6687035593090513,0.7146350290032863,0.027120455310755177,2.2097796991092387
777,0.8639035517662785,2.3837355402519274,-1.5198319884852936,1.2274611556170179,0.053335540239562815,1.932194204560322
778,0.5290388224448259,2.0760916533090787,-1.5470528308637768,0.3549501416841636,0.01615299347660266,2.4054402428751116
779,1.0552956607675776,2.5415181252442887,-1.4862224644766684,1.2053416071243461,0.054542637276114206,1.922501879915197
780,0.8953111918062939,2.509444132380822,-1.614132940574109,1.623311833690721,0.06135271731062959,1.870944909763909
781,1.3073735524853953,3.0079905255980046,-1.7006169731130285,1.5350607249816157,0.05326526569578318,1.932764091944504
782,0.8431635795641421,2.458370039337134,-1.6152064597727076,0.5957209177725105,0.024360399249215826,2.2513970747334917
783,0.9092576668958907,2.407469145243902,-1.498211478347912,1.031351179621975,0.04687413895834677,1.9874356625474603
784,0.5921865895952658,2.361494537802849,-1.7693079482078247,0.28581376364540745,0.009672886163270857,2.5873088007475493
785,1.231209010276424,2.8993670296550897,-1.6681580193785521,0.7469834002695244,0.028313582247349336,2.1929139111727096
786,0.40176842749588904,2.2283641502320686,-1.8265957227363288,0.11227350650548118,0.003510575298573706,2.919087623780612
787,0.9286463753942451,2.72079567046874,-1.7921492950745233,1.3996996615551183,0.044343066177636684,2.0108333125476086
788,0.6795539036707021,2.388177673612625,-1.7086237699418234,0.5752591925451078,0.02091107923614483,2.3095861116645544
789,1.0888493874881613,2.7317478199184615,-1.6428984324297744,0.7480742635369566,0.029249734698197832,2.1801042515524425
790,0.6819406329950732,2.2225142474329838,-1.540573614438017,-0.0335193741974642,,
791,0.36287448167741676,2.0130633611056163,-1.6501888794277875,1.418434867095037,0.05241927557405914,1.9396743760241173
792,0.6143237775754722,2.1578759829009906,-1.5435522053253408,1.369614820603303,0.05715348684612961,1.9021351604857868
793,0.19536192663873297,1.8347311839345801,-1.6393692572955842,1.085859883748082,0.04164437196340174,2.0370565842179933
794,1.2958777123526568,2.859183686229998,-1.5633059738770498,1.3415970307190435,0.05491469879342453,1.9195505226926197
795,0.250407053446005,1.9083801821138744,-1.6579731286678907,0.7117901985191892,0.027378981532223137,2.2060716759243277
796,0.6338691814216952,2.0199220267401623,-1.3860528453183178,2.2328268550781374,0.0999256640116821,1.6452141135422926
797,0.7219111452614095,2.38344365465612,-1.6615325093944193,0.7609069389454177,0.029053081998510175,2.1827655210755803
798,0.5857200018990705,2.0181841497241644,-1.4324641478251579,1.5391482156789777,0.07122718637054097,1.8040262854969462
799,1.1667252450583954,2.6029185008484754,-1.4361932557899308,0.9858639826503897,0.04847350760655496,1.9731936154569807
800,0.25060888822964333,1.7488053918734048,-1.4981965036436122,1.5884211844309384,0.06813244442468962,1.8241298455194108
801,0.7242852936765383,2.362846473154904,-1.6385611794780743,0.7383510891580478,0.02904312754606562,2.1829006448784902
802,0.5590028960264215,1.9917455412961624,-1.4327426452696272,0.8252085164630607,0.041527106463924254,2.038228300809057
803,0.744383576402023,2.3850449506081555,-1.6406613742060472,1.144742614338245,0.04364694160818577,2.017465655755333
804,1.2450626979580273,2.8145921251069774,-1.5695294271490638,0.9539982999785437,0.04013705865786118,2.0523355984012466
805,0.5375238838351004,2.0247005293004543,-1.487176645465297,-0.04275784903943958,,
806,0.5190517380187964,2.152475237112676,-1.6334234990940786,0.7404721898108804,0.029308045541875338,2.179318099885121
807,0.8254167199033953,2.3016474275299936,-1.4762307076266552,0.18676721737828927,0.009513817937470347,2.593016596578791
808,0.889600626779619,2.482959567972544,-1.593358941192946,1.3327981893605667,0.05280338017536577,1.9365254373293768
809,0.5158995313950152,2.1404929561858745,-1.6245934247908735,0.5686533732982539,0.023017099022916168,2.2731507167560747
810,0.7081265263846115,2.0596713037454757,-1.3515447773606866,1.2284608873028837,0.06466401406849656,1.847573860308674
811,0.9431788665469947,2.514458121761387,-1.5712792552144492,1.4257792219817382,0.05740863154423966,1.9001866351127932
812,0.7314894718465519,2.3662298910495148,-1.6347404192024442,1.3135569871915358,0.04977712803465102,1.9618742361759203
813,1.0311046757970042,2.5925034922215326,-1.5613988164241164,1.1097696893792737,0.04649336010714922,1.9908865600173176
814,0.5660729434780558,2.2062664754500014,-1.6401935319718177,0.7871175430843245,0.030799322706078512,2.159655833156495
815,1.0501277885923708,2.8395118421967007,-1.789384053604408,0.8810952967465404,0.028653196024181475,2.1882252869352317
816,1.344543554944729,2.8060159516051053,-1.461472396660156,1.142425917046122,0.05355457184197688,1.9304219947877117
817,0.8573690457815326,2.4257522809118948,-1.5683832351305682,1.2977254556255389,0.05302981863053203,1.934678025033656
818,0.6049401311456757,2.301385754484742,-1.6964456233390592,1.2446159437007012,0.04423480804198469,2.0118589466798835
819,0.9836019801705413,2.3091350924230634,-1.3255331122527423,1.8766068969079228,0.09318124312369225,1.6788501952123953
820,1.0470442555606576,2.5059170872786547,-1.458872831718054,1.2479011360276324,0.05798391378164882,1.8958195200824592
821,0.7730773472817498,2.23919317282654,-1.4661158255448754,-0.2713716108531834,,
822,0.7473114725103267,2.2197124697985453,-1.4724009972883323,0.2578877101664325,0.013116898907176497,2.4805795566479363
823,0.8507196168611779,2.510033869802599,-1.6593142529413853,0.9845492281453367,0.03715360926812535,2.0840721018440598
824,0.6730640440728246,2.346614557968004,-1.673550513894952,0.9363810669727499,0.034855076619984916,2.110038072714937
825,0.56009896937804,2.174072309394142,-1.6139733400164005,1.3594240955293202,0.0525238413678416,1.9388152265242802
826,0.7728351046057549,2.0986683371090473,-1.3258332325035553,1.0162839587267918,0.05679127096281752,1.9049138471546816
827,0.9944853065030737,2.6198592887683256,-1.625373982265046,1.3975143800948828,0.053156931232104424,1.9336438556844755
828,0.2731143801002043,1.831168715450759,-1.5580543353503344,1.1178448658092464,0.046978918204102924,1.9864902155592792
829,1.2070808334610854,2.935864332947376,-1.728783499486326,1.0441830162162873,0.036196126170418515,2.0947173478601564
830,1.1994576032866542,2.546260763408548,-1.3468031601219081,1.6312508901262426,0.08180725882626572,1.7402948446887287
831,0.3406203929143965,1.957782301204511,-1.6171619082901998,0.6655364106864212,0.02701907290311758,2.2112421512625713
832,1.0073202081930583,2.447977278696478,-1.4406570705036756,0.8193261165075683,0.04085816361413533,2.0449664726992403
833,0.5848836956297498,2.1788585729953462,-1.5939748773657811,0.09673262732452415,0.004193050167087689,2.8632609964554305
834,1.0257205758839598,2.596988396659662,-1.5712678207760291,0.5472962273462088,0.023762399787000663,2.2609492513697895
835,0.790656152626533,2.327296440999789,-1.5366402883737464,0.8820804648943685,0.038857763238222716,2.06568996708314
836,0.8597078306847914,2.147382672989857,-1.287674842305023,1.7717680339185726,0.0927747642745364,1.6809389969398763
837,0.7378946277854164,2.2220749205467465,-1.4841802927612662,1.2670575283557461,0.05709103383420028,1.9026132125106978
838,0.5397656977647864,2.1750706262150254,-1.6353049284507506,1.0425962592525657,0.04030277509143639,2.0506322313536613
839,0.6424828047379458,2.2940524778354865,-1.6515696730975833,1.7802549393283655,0.0638847455736107,1.8529833471085853
840,0.7402509471558085,2.074362503139924,-1.3341115559842365,0.49478518500726665,0.029538843393315778,2.1762196083456984
841,0.7396510823837241,2.293385924830056,-1.5537348424459196,0.45245047163833263,0.020250472806025967,2.3216744297215985
842,0.5077975627341482,2.167998263724848,-1.6602007009910267,0.40162552376918015,0.015665178487473643,2.4166242571063448
843,1.0098581872712282,2.596403618794654,-1.5865454315230636,1.2741966948981371,0.051124691668752026,1.9504316576638914
844,0.9484548828054438,2.5627734956977983,-1.6143186128924754,1.0352204607479258,0.04103478410823502,2.043178370181114
845,0.8403343278855653,2.4059490111044264,-1.5656146832193372,1.473469736849978,0.05943837115411296,1.8849367987022083
846,0.7715361114469568,2.3032722646029393,-1.5317361531565439,0.5163700811398257,0.023662726258289087,2.2625616204665886
847,0.9202496764091928,2.3757349547082365,-1.4554852782989656,0.24393257782747924,0.012723094131636326,2.4914274695338903
848,0.4809569700451073,1.990251652136565,-1.5092946820914221,0.821396295226748,0.03763116421004916,2.07884973208322
849,0.6856106127033934,2.2422828680789886,-1.5566722553758154,1.6535915596130693,0.06623344106316521,1.836840527486752
850,0.7225982229970294,2.4196472355313015,-1.6970490125340802,0.895161115013611,0.03248092262687381,2.1384415577145512
851,0.7228247938933317,2.3776358330852085,-1.654811039192282,0.9618933359743238,0.03654822395491455,2.0907751584407217
852,0.7289826821352188,2.355256492176488,-1.626273810040857,0.8340987997684515,0.03308886960263572,2.1310033086953446
853,0.2722820724598103,1.7356508660433514,-1.4633687935834132,-0.09870091471948683,,
854,0.8063883077361504,2.340379501299382,-1.5339911935634518,1.644167274518864,0.06751314148914657,1.8282426579700601
855,0.8115928300462736,2.408840966464795,-1.5972481364187843,0.47744861125646665,0.020142811177978188,2.323677016696206
856,0.8811782986645165,2.3063445035888757,-1.4251662049241531,0.8757084150064323,0.04421243462491912,2.012071175825556
857,0.743135133933273,2.366107781524925,-1.622972647592178,0.8590942216057122,0.034155520817042206,2.1182308603285116
858,1.2603004793172738,2.7689496136783314,-1.5086491343613488,0.6537388775405653,0.030472680612996114,2.1638914587239095
859,1.0520104802540198,2.7528620186441524,-1.7008515383899976,0.9888253497912736,0.03552519808742928,2.1023206360249764
860,0.9621608114052913,2.4488087736693496,-1.4866479622642146,1.5326046548910703,0.06694814290159438,1.8320220005656511
861,1.1013452801876236,2.710588367785662,-1.6092430875978607,0.7299645587260812,0.029792718576190508,2.172835258516451
862,0.6451798668363233,2.478877733130447,-1.8336978662941874,1.2677353346896503,0.038593668603905916,2.0684932082861756
863,0.7119260198469499,2.0984313915999104,-1.3865053717531737,1.191887472366794,0.060562138540418066,1.876678737397215
864,0.7017392695702336,2.177871469169582,-1.4761321995993057,1.2524703896887672,0.05703956033630887,1.9030075480141075
865,0.6507635213306537,2.104634981902472,-1.4538714605719179,0.7925417859975958,0.03900075674503488,2.064178906013648
866,0.5143405567441812,2.1402223713353985,-1.6258818145911391,0.7281366388732451,0.02911461599355291,2.181931129225151
867,0.3063232487065841,1.8005258319286748,-1.494202583221977,1.5292949890551135,0.0662846890859508,1.836493591140957
868,1.4246076410781905,2.694283488646094,-1.2696758475681236,1.2305028342644775,0.07112855488541388,1.8046558354343696
869,0.8931603621049442,2.3903997306141713,-1.4972393685088718,0.14391006787202087,0.00714165999114947,2.690165460261332
870,0.7104435223027474,2.510102761430489,-1.7996592391277773,0.09084598276332656,0.0029472249849422415,2.97318942912258
871,0.8012487877995307,2.6500067020886116,-1.8487579142888535,0.39043665516776827,0.011896645476176582,2.515195320776117
872,0.5019492905407867,1.970648497315218,-1.468699206774545,1.4627765097346845,0.06564596830376711,1.8408334567449622
873,0.3116444258289528,1.7949332814114607,-1.4832888555824866,1.5032999111468577,0.06611241532372922,1.8376607203069113
874,0.8060339951644062,2.4755651801163987,-1.6695311849516656,0.36964497244870387,0.014260861168174642,2.450624560415005
875,0.9073550029861588,2.4629095282835403,-1.5555545252973388,0.6459325277386654,0.028387165063223467,2.1918939496291645
876,0.7261076204899917,2.3003929419661526,-1.5742853214760544,0.7839030815078942,0.03326753911846464,2.1288395305616206
877,1.1875544044805872,2.692441924431656,-1.5048875199508984,1.8830735674936,0.07782325593424,1.76345811304054
878,1.0243616407647176,2.593343729163032,-1.5689820883981156,1.0812656794014686,0.04501653474195963,2.0044999268661106
879,0.8050686257547648,2.4012383287742063,-1.5961697030197683,1.453694988280283,0.05682305315080292,1.9046694455090363
880,0.5364257485534916,2.2678715005012586,-1.731445751947831,0.22544199813772892,0.008035500237070524,2.650574503987307
881,1.014607506961064,2.566903366525964,-1.5522958595652199,1.6432733880175654,0.06618904155993428,1.8371412799107651
882,0.8802444974080652,2.5422179369346916,-1.661973439526264,0.419173924597839,0.016298001509298332,2.4021729357175734
883,0.6959844903408419,2.327403316998777,-1.631418826657864,0.8249447847851528,0.032542713995026964,2.1376801210296725
884,0.5515940552932159,2.2299221011423365,-1.6783280458489571,0.5424571355642556,0.020526237956842833,2.316587041207685
885,1.3334693912297633,3.066734667282895,-1.7332652760533165,0.6889533616855381,0.024166140155358274,2.2544775705252214
886,0.7780279800408687,2.21482383086638,-1.4367958508250922,0.6664741772688849,0.03399994848494693,2.120072300693935
887,0.5186097574051098,2.273747163466944,-1.755137406061749,-0.5434270047748342,,
888,0.7782940533288718,2.300481736955491,-1.5221876836262709,-0.4925488581361357,,
889,0.8162166643883291,2.312027272069451,-1.495810607681051,1.643336909289971,0.07026546787452226,1.8101955473569316
890,0.7095769539355468,2.388019231134245,-1.6784422771984282,0.3381184116321059,0.01290681975666785,2.4863300589720767
891,0.5525919053384394,2.009598282916998,-1.4570063775786366,1.9875218197997135,0.08527140795520914,1.7208865761766912
892,0.6905049071697329,2.328143879299284,-1.63763897212948,0.6463359725295739,0.025604745870433186,2.2321546145152356
893,0.794552562845646,2.425462270677685,-1.630909707831961,1.1984075855718075,0.04601739644733297,1.995233706230193
894,1.0381375260399262,2.5111584301864136,-1.4730209041467788,1.481900086542531,0.06605381589368192,1.8380582939137156
895,0.5083302963221366,2.2990364736591014,-1.7907061773366877,-0.23767447707255585,,
896,0.6587717443771988,2.198693076928529,-1.5399213325513301,0.766996673612347,0.03401145530271254,2.1199358532244004
897,0.20087954959900234,1.893341087330655,-1.6924615377315604,0.4923983342630329,0.018338061626561236,2.3587205019596156
898,0.16091981011869283,1.969634784269048,-1.808714974150007,0.840186326519408,0.026735593597195424,2.2153566605578643
899,0.7098869269830255,2.0804709314549905,-1.3705840044722208,2.6172885467763614,0.11370706846359577,1.5817481826776592
900,0.7995543087163322,2.4091830158658647,-1.6096287071491133,1.5411521896701075,0.05893211640759454,1.888699419918566
901,1.0541732969504745,2.69631061828406,-1.6421373213333936,1.3684742858021686,0.05121716410792679,1.949655747187325
902,0.37085667799829825,1.969854114735619,-1.5989974367375908,0.4101062759453491,0.017339206664280266,2.379434873615169
903,1.0502034426249418,2.602609841609614,-1.5524063989846582,0.030295892149474923,0.0013995386879036415,3.1947461757846063
904,0.5373700007335254,2.1109814111990213,-1.5736114104656735,0.6827016420570224,0.02923777438613935,2.180265668122991
905,0.846644214304896,2.4101694322119167,-1.5635252179072268,0.3427023898639874,0.015265768905837482,2.426011919071907
906,0.6775832222356337,2.3232713299337826,-1.6456881076983336,1.0290767414617186,0.039338744646652976,2.060625891895013
907,0.29686385988453257,1.7300844856441353,-1.4332206257595317,0.7891908728322505,0.03986112729772474,2.055185125175615
908,0.38621107591689796,2.010459024205887,-1.6242479482889394,0.881963549187482,0.03495257287650419,2.1089074285640494
909,0.5022166179760541,2.0882927126304205,-1.586076094654345,0.890890527988951,0.03694203569593653,2.086404080370767
910,0.8159728207456363,2.5519454392987706,-1.7359726185527506,0.5814526969797775,0.02041124193940709,2.3187012273226792
911,1.129462337298727,2.7412878855432377,-1.611825548244724,1.5044687004337867,0.057569899880290834,1.8989587493755866
912,1.1996334313357773,2.9174010322179607,-1.7177676008823255,0.6928562131813578,0.024770233345296697,2.2449672770593163
913,0.7017639654573111,2.4016599336579043,-1.699895968200508,0.5264018078571588,0.019389563721319784,2.337955364916141
914,0.5404504010780409,2.1026150837706377,-1.5621646826925826,1.2714557046628236,0.05244506509561528,1.939462347178356
915,1.095313344205814,2.6909582018812097,-1.5956448576753246,1.4254770601843632,0.055887195227383876,1.9119142373681093
916,0.47274887639196894,1.9195216085314906,-1.4467727321398343,0.9386890011995206,0.04582316972693346,1.9970185333504316
917,0.7554276670171101,2.3740891365923327,-1.6186614695752723,-0.10451997174943273,,
918,0.6599294776192517,2.2907426599854697,-1.6308131823666372,0.40803565612919357,0.016540833493109055,2.396758235111302
919,1.1258294706895038,2.625433633939509,-1.4996041632498418,2.10030900301609,0.08536459817080636,1.720373349404335
920,0.4998035054341097,2.0891274373830777,-1.589323931949366,0.8634631885412603,0.03574409182864967,2.099826663472571
921,0.5962807145401792,2.2913414582614786,-1.6950607437215695,0.8606115165107298,0.03136320698817447,2.1524337619256286
922,0.9134743291647363,2.442799450575756,-1.5293251214111478,1.7446093364781987,0.07128688554522329,1.8036455817244859
923,0.8859689804744528,2.4073184528844047,-1.5213494724098382,1.637252745618568,0.06818068102940075,1.823810796940616
924,1.1252882671710802,2.6515512863620936,-1.526263019190992,1.2802003101522281,0.0549365616511108,1.9193776160679397
925,0.4137117215973456,2.048719369693708,-1.6350076480962343,1.4438336048112888,0.05414325287467469,1.925688722558189
926,0.38039023914280623,2.041209043808167,-1.6608188046652685,1.1775554596664008,0.043771526620867446,2.0162721389090086
927,1.1303967279336655,2.763402338513253,-1.6330056105794029,1.1973193504122221,0.04587007867704512,1.9965868853895283
928,0.6315866087452457,2.185782659052273,-1.5541960503073824,0.43324725535541475,0.01940862322408096,2.3375881506412024
929,0.7563801271981072,2.2154619547711087,-1.4590818275728452,1.187607008778759,0.05554402314472118,1.9145961763662382
930,0.48778338822922596,2.0515174471266358,-1.5637340588968982,0.8489832227150274,0.03629744993149059,2.0935795602203893
931,0.7863000343240936,2.322953054161517,-1.5366530198375585,1.5351741745143812,0.06352737176222405,1.855482389284027
932,0.6378399624181919,2.334154223653578,-1.6963142612357842,0.6841345811139234,0.025129296776200957,2.239409300511906
933,0.8840175517257274,2.405397342547297,-1.5213797908218112,2.064534653216267,0.08241784256223345,1.7368262590989578
934,0.9945324581617649,2.705488164516688,-1.71095570635498,0.9586579727581714,0.03409271143499172,2.118973442303269
935,0.7551195254145648,2.336023408189498,-1.5809038827751465,-0.044587751073475346,,
936,0.7867794477574614,2.26446767813819,-1.4776882303808634,1.3790172454858194,0.06183943124549625,1.8674452823755698
937,0.872061434697124,2.540202792903316,-1.6681413582064124,1.6747925948537201,0.05955122728692068,1.8841016485954991
938,0.8819861430761273,2.3599225039364393,-1.4779363608599851,1.342754186001411,0.060433109182376855,1.877620427739879
939,0.5357292301168934,2.3615087944161894,-1.8257795642994097,0.44279241043097173,0.013899154445387963,2.459859169102336
940,0.7492275732556744,2.1282146846346714,-1.3789871113790468,0.5128698931808202,0.028760344799388833,2.186755949423821
941,0.16904245567230536,1.837325188125086,-1.668282732453008,0.08432179930540329,0.0032897128270839675,2.9392841877809612
942,0.46852972065472276,2.413019357487081,-1.9444896368322588,0.02958725366656978,0.0007830164338910236,3.3587296030956852
943,0.6346844928575672,2.3155954593359533,-1.6809109664782227,0.007039760836683229,0.0002700863787646068,3.642420524201415
944,0.23597723040757845,1.9310315526077924,-1.6950543222001215,0.7259534214279135,0.026650073729288255,2.2166053198585103
945,0.9098288343816501,2.4136491360718475,-1.5038203016902116,0.8928016596874464,0.040882547629038035,2.0447192201530466
946,0.3923792167306681,2.3039024632095826,-1.9115232464791916,-0.145759470111976,,
947,0.5364210210245881,2.26624678443632,-1.7298257634115544,1.0176093061383753,0.03528264651602381,2.1050995143470983
948,1.1009874266828854,2.5986712036386104,-1.497683776955455,0.6665770396261337,0.03146726525082036,2.1511132079393227
949,0.4122645279271717,2.110564154130466,-1.698299626203152,0.7456812721191461,0.02723716762383193,2.20810194268687
950,0.4939808581211844,2.0508121756877964,-1.5568313175667754,0.8702619952053183,0.037450715948646005,2.080816383697215
951,0.7390091770535117,2.320645133545299,-1.5816359564919367,0.2695348367305854,0.011771945373071281,2.5189078710926407
952,0.28947428707034195,1.9711574050983112,-1.6816831180276495,1.0449417469229054,0.038260580697270424,2.0720521215384866
953,0.9252140914627569,2.54499718138758,-1.6197830899245673,1.1638568281082868,0.04538302373681453,2.0010869194144427
954,0.6636987591573495,2.2146817280397935,-1.5509829688826358,1.308598163572018,0.05447092558854375,1.923072658003832
955,0.09281924617972326,1.726350899020006,-1.6335316528402473,0.2861297848545945,0.011630203640876838,2.5231703793032887
956,0.4600149504158333,2.11599481262082,-1.6559798622051858,0.5139930147317884,0.020045587612363885,2.3254934900343747
957,0.562686933198628,1.9996211279283296,-1.4369341947294743,0.8186877127774821,0.04101771761853069,2.0433508660647117
958,0.5929286334408141,2.0843019720382836,-1.491373338597441,0.7555406186287819,0.03562721162340665,2.1011567154395028
959,1.0490541761119028,2.746227017268077,-1.6971728411563163,1.1293809570409863,0.040402205547605034,2.049613053958263
960,0.9424345711263493,2.5044828436919397,-1.5620482725653346,1.8679777934927948,0.07293725181223608,1.7932231377418508
961,1.3950094133697428,2.8825389734380247,-1.4875295600681966,1.9267679848911996,0.08068154081573116,1.7467452304737028
962,0.5567415093755779,2.249495359553088,-1.6927538501777235,0.8711445747427788,0.031816179340704305,2.1467124707015994
963,0.5597633166553431,2.1900990284838437,-1.630335711828593,0.8102191053942995,0.032036968591389124,2.143949060205893
964,0.4418052279566007,2.339249071394648,-1.897443843437486,1.3983846462430698,0.03949460759554804,2.058996146959901
965,0.6365740978922156,2.1794321601829063,-1.5428580622910886,0.8102717704070521,0.03565994571317781,2.1007838392542433
966,0.9018307839801389,2.3281522081383708,-1.4263214241582318,0.9216319219751625,0.04620902302467276,1.9934789799626509
967,0.4439113589669512,2.057556100044857,-1.613644741078133,0.9417945876328346,0.0376319920597641,2.078840728105458
968,0.5600960772376391,2.3807858282986,-1.8206897510608542,0.4035243241402,0.012752518782867386,2.490606728935713
969,0.7774402475893192,2.2543947963362934,-1.4769545487470168,1.1476894694187578,0.052816141856052,1.936421144486504
970,1.1207430133376954,2.6294825685082097,-1.5087395551704503,1.4359576340508973,0.061856974105996894,1.867319569948726
971,1.0809917634719648,2.6808575952472546,-1.5998658317753325,0.977803222913348,0.03960357310428279,2.0578600139730776
972,0.7562726451556125,2.3212543005519217,-1.5649816553964229,1.1623469099380728,0.04826625422518188,1.97501668812548
973,0.8130973240918218,2.5059129206292576,-1.6928155965374572,0.5351204775890643,0.01988294880459515,2.328549409776887
974,1.1723783390489269,2.5774254420275335,-1.405047102979097,1.9507626948861265,0.08854510532994378,1.703122717846524
975,0.9551398636776947,2.4752581063402284,-1.5201182426626474,0.9850791306958904,0.04382895629480122,2.015722931874357
976,0.7190406529721338,2.1670172091917275,-1.4479765562196008,1.3058088325512607,0.0610240669521528,1.8733210344143918
977,0.3237741704611006,1.9625147223455963,-1.6387405518839842,1.0850194556516009,0.04164504083349043,2.037049908886317
978,0.6052801769851692,2.207055323108542,-1.6017751461236003,0.7490574679245086,0.030812692834074742,2.1594832835703177
979,1.110396992517516,2.5998644089044953,-1.489467416387015,2.2358104997772905,0.09052402425995718,1.6926399376030201
980,0.6125619493200327,2.15695471593643,-1.544392766616511,1.0717174199523782,0.045956275721155515,1.995794683726221
981,0.9632160877558897,2.577529980007662,-1.61431389225163,1.4689359364587062,0.05622460288806584,1.9092906881255236
982,0.267875009679309,1.7837751335356993,-1.5159001238562269,1.13083349559831,0.04983736792390897,1.9613572096460343
983,0.38905623674009693,1.8025217521270998,-1.413465515387088,1.107537630663174,0.055124588605664444,1.9178929322789096
984,0.3647841432380199,1.8639614154296718,-1.4991772721914458,0.6155695597348831,0.02915197236447575,2.1814253224527054
985,0.7874395627145612,2.380157485868481,-1.5927179231539412,0.49837707010485843,0.02112007424288982,2.305831055111744
986,1.0341695797542423,2.549137201351521,-1.514967621596952,2.1182421939575917,0.08465038867591076,1.7243183485579754
987,0.8996493312597602,2.5929317586933545,-1.6932824274335871,1.4056437520977063,0.04959932137570802,1.9634033801973874
988,0.4162340386396943,2.0872208909914542,-1.6709868523516889,1.074911105712843,0.039771982737309794,2.0561092926346496
989,0.6324738659186631,2.125570088689998,-1.493096222771328,0.5418011599569539,0.026051532197634106,2.2254427227456057
990,1.0381501372935498,2.3644050183884113,-1.3262548810948829,1.5321693103216738,0.0795969969271194,1.7530291888872735
991,0.4471224680719468,2.1135660664426874,-1.6664435983707335,0.1487767758228138,0.005809805755922121,2.758326947321234
992,1.1047638540908418,2.6066282648990944,-1.501864410808139,1.2736330719887121,0.056214534744156434,1.9093687840399531
993,0.7148974116767102,2.5141912744800843,-1.799293862803097,0.678942320505378,0.021953935646017574,2.291163906240462
994,0.43019142240155706,2.0065036957061446,-1.576312273304211,0.7006595838856278,0.02986213838818211,2.1719141577320635
995,0.8974769997789815,2.5012536326808226,-1.6037766329022816,1.2364587494883494,0.04881232835323933,1.970227280241432
996,0.642718163761864,2.4158853123184167,-1.7731671485566949,1.2624018422222214,0.04112724455864476,2.0422449012868658
997,1.306925465275989,2.90691270248096,-1.599987237204914,1.6546131761408205,0.06330916113550701,1.8570140082079933
998,0.62202809876272,2.334140103329859,-1.7121120045671887,0.5957623819083153,0.021542119870489717,2.2983457263049467
999,0.5783381020560308,2.397445206535026,-1.8191071044789169,0.23542377298918282,0.007452153326685619,2.6759330350510737
