,logR,logI,logS,d_G,p,sigma
labels,$\ln\mathcal{R}$,$\log\mathcal{I}$,$\ln\mathcal{S}$,$d_\mathrm{G}$,$p$,$\sigma$
samples,,,,,,
0,5.688264462282474,6.431367309830632,-0.7431028475475614,1.3723656687896906,0.14095001446628078,1.4722624673032965
1,5.83528173152588,6.552228142913931,-0.7169464113885624,1.194674515946442,0.1333213070176289,1.5011324507257304
2,5.884519601935223,6.725548765155883,-0.84102916322081,1.4034379312847918,0.12782605620664236,1.5227308509305244
3,6.262737523737611,6.908934515089248,-0.6461969913516441,1.0845211314616563,0.13686659953503738,1.487561399621662
4,5.264736313156915,6.183023074221564,-0.918286761064337,1.0170108327629812,0.09329455313171216,1.6782692246008029
5,5.455595090148178,6.245261949321884,-0.7896668591738489,1.5454824083030747,0.143820621940348,1.4617102692878936
6,5.91067309787884,6.686623884476772,-0.7759507865976047,1.451927882210617,0.14056462293728028,1.4736916839329521
7,5.570352326904482,6.333134926729114,-0.7627825998251865,0.9711465134956452,0.10977717254896317,1.599195488148774
8,5.798156738693775,6.42057316135215,-0.6224164226587163,2.3451702800444796,0.21267864600924355,1.2462336025919798
9,5.65498618173349,6.451070565328989,-0.7960843835944615,1.588524333073714,0.14520916827123267,1.4566639402657946
10,5.1468698466547504,5.758414609526239,-0.6115447628717448,1.5098207768572696,0.17294137769676873,1.3628132388211252
11,5.431494528089003,6.1635346787281104,-0.7320401506385679,0.7007548812593924,0.09051037581592172,1.6927116018881416
12,5.531763479319649,6.12401409178487,-0.5922506124643405,1.9489925812109785,0.20099027009100764,1.2787353408757332
13,5.6077222795816635,6.3099886959368,-0.7022664163550871,1.8990128169624807,0.17739750409508132,1.3488115493664654
14,5.766444964689596,6.708828030209828,-0.9423830655205165,0.8151977068599017,0.0764867958320262,1.7714446102728905
15,5.909615142404233,6.730501227036511,-0.8208860846325479,2.266254411567365,0.1734285880902145,1.3612693409934589
16,5.306643453161611,6.0744748643776045,-0.7678314112154112,1.6690960701125128,0.154171779094818,1.4249495702728847
17,5.755251150522396,6.555658231290819,-0.8004070807683092,1.6041788849534075,0.1453862389067803,1.45602308203186
18,5.376363944084529,6.113884475724268,-0.7375205316402571,1.629959000869862,0.15711409790934758,1.4148444849257629
19,5.026360218152673,5.888345119054398,-0.8619849009019163,1.1859770350138739,0.11147867542059568,1.5915819189152784
20,5.393256509613435,6.104082421196798,-0.7108259115821056,2.1012342676248856,0.18537689674589056,1.3243799297790868
21,5.918640249338365,6.713702301930942,-0.7950620525925842,1.9500266928175627,0.16379114023970387,1.392433584988187
22,5.370001704880975,6.295064476403438,-0.9250627715227893,0.9614924594358953,0.08873222887631148,1.7021234498265654
23,5.486724761832717,6.3844309092949185,-0.8977061474624861,1.5974730596999045,0.1304814234162673,1.5122061640438031
24,6.16157977296241,6.816298473229393,-0.6547187002670398,1.7831507305815872,0.18027870678733893,1.339897389949168
25,6.12061986200713,6.7815998541061315,-0.6609799920988735,2.2026900686914264,0.1991575209508981,1.2839555151057496
26,5.623145275034018,6.583195976568673,-0.960050701534783,1.4612194431036531,0.1148646703163158,1.57669956597509
27,5.60537234996316,6.371144257685257,-0.7657719077215006,1.7348103673583122,0.15799720868052036,1.4118395552280285
28,6.203018714140468,7.105955685514038,-0.9029369713734923,1.1320126238698656,0.10272933784452391,1.6317634021217011
29,5.370672641624493,5.999647569161054,-0.6289749275365466,1.4704422882662307,0.16715077241082762,1.3814170306405178
30,5.687041369258237,6.567554674004688,-0.8805133047462732,1.3174394049669882,0.11717803572786287,1.5667290577900945
31,5.429596756600928,6.0307023000497875,-0.6011055434491936,1.321945216119948,0.1626553020036436,1.3961965943239893
32,5.795326792352695,6.53581828312346,-0.7404914907701823,2.3259642849652256,0.1896716987584735,1.311550930295785
33,5.799347654885038,6.482835667128759,-0.6834880122432878,1.3040963770938863,0.1464555679685785,1.4521655900082733
34,5.599143284093385,6.256679816925887,-0.657536532832637,1.2918620509016616,0.1501593882025027,1.4389687102336899
35,5.112394925816785,5.788274158671085,-0.6758792328546406,1.0643040086839317,0.13029283563088156,1.512948127311405
36,5.992646466191742,6.709310743866821,-0.7166642776746812,1.9963791349830746,0.1794941147806581,1.342314281318878
37,5.87696054113219,6.690566262726625,-0.8136057215933761,2.039798089981204,0.16487335338729997,1.3888664855867767
38,6.016359217081641,6.744107282613696,-0.7277480655311592,1.4800175207825284,0.150114713670736,1.4391263990957284
39,5.668675611361847,6.274541673851152,-0.6058660624903496,1.473992904410812,0.1718038002418756,1.3664307578633816
40,6.233741362118577,6.86478042291022,-0.6310390607923182,2.5247064199942333,0.21804737631863655,1.2317369126898063
41,5.251698640956034,5.882319371907327,-0.6306207309517049,1.5311643530649555,0.17058903034964115,1.3703135972337261
42,5.5260812742377095,6.3247685510793925,-0.7986872768415196,1.82431354031627,0.15712553614816024,1.4148054827183774
43,5.485097188375745,6.136739546522952,-0.6516423581470008,1.679633057073941,0.1752453746826069,1.3555406241040062
44,5.863954810147858,6.564304056882561,-0.7003492467347314,1.818730575141247,0.17370469886810302,1.3603958252615913
45,5.723010179324389,6.511637676832761,-0.7886274975080596,1.9178440585519834,0.1633318900111998,1.3939526951865457
46,5.498983509438927,6.477551964498309,-0.978568455059758,1.2849489794502382,0.10282966149018126,1.6312875389140964
47,5.957125095510106,6.634317456535646,-0.6771923610258455,1.3569678851619784,0.1510711391349032,1.435758265844475
48,5.68025933893257,6.561020883226581,-0.8807615442938186,1.2636626014228352,0.11387879429322331,1.5809966911759468
49,5.905254941144973,6.5712045320850745,-0.6659495909398174,2.2337666403576275,0.19954869264154013,1.2828384145994527
50,5.307814884531195,6.1413231605715435,-0.8335082760404475,1.1543447290880362,0.11323506757353902,1.583818326515418
51,5.817757181179855,6.471493543683257,-0.6537363625029684,1.7398094558914572,0.17815033170118,1.3464720397318075
52,5.219132022160535,6.090862043744876,-0.8717300215839714,1.366367479111119,0.12128898063841714,1.5493859024254615
53,5.80500788526531,6.545007001032976,-0.7399991157672048,1.4073489385884077,0.1436441805458963,1.46235417301271
54,5.765720412616771,6.371985514776915,-0.606265102159341,1.586497542288658,0.1786139668512407,1.3450348924017537
55,5.965553186481499,6.560884170150805,-0.5953309836686458,1.2867356307056834,0.16129079524121467,1.4007434810815929
56,5.475522918641742,6.195559647457989,-0.7200367288160123,1.8082543033886722,0.16965303385044447,1.3733195296851697
57,5.860486891297638,6.644920832448163,-0.7844339411503825,1.3746914261992522,0.13455838436996503,1.4963656937841388
58,5.775371368061839,6.559019452206881,-0.7836480841442608,1.6245224977357058,0.14917317749105038,1.442458121870685
59,5.466376022473538,6.108005121385522,-0.6416290989118352,1.3546981864447947,0.1572928935106598,1.4142350720524524
60,5.6786176722112724,6.354730796906507,-0.6761131246948935,1.4464166431161978,0.15699510256166072,1.415250364032989
61,5.871421523557343,6.512323731626315,-0.6409022080697468,1.7711729106532434,0.1822720561532795,1.3337919310312716
62,5.7785188701396475,6.643113467302532,-0.8645945971620677,1.7586297367564523,0.14354072429574555,1.462732007528483
63,5.724411087859677,6.526912758341693,-0.8025016704823429,1.9454034106330305,0.16234797160478792,1.397218179158778
64,5.305792532094143,6.076903079638901,-0.7711105475445947,1.6096999068722493,0.15039432724187168,1.4381400280304808
65,5.5537214597566855,6.304867047708916,-0.7511455879521236,1.795305072174287,0.16358992318594104,1.3930987760743676
66,6.040981732367596,6.771109027240376,-0.7301272948725455,1.28889942566361,0.13764847384908804,1.4846050616765016
67,5.73547196550369,6.441588371919208,-0.7061164064152763,2.056479599074395,0.18419765969810487,1.327940815380573
68,5.285333750458063,5.938006944783757,-0.6526731943249615,0.8355873156037728,0.11445720169145768,1.5784720612505128
69,5.571679970578385,6.309612656101015,-0.7379326855225372,1.684671939739422,0.16003868639516194,1.4049414606211323
70,5.740897328510597,6.508038960310335,-0.7671416317998592,1.79623487903398,0.16093042794586707,1.4019491632827967
71,5.781534289841671,6.367137045510516,-0.585602755668333,1.597959899662703,0.1834017425664682,1.3303537585084626
72,5.8621189457686125,6.633646594807216,-0.7715276490398537,1.7738061287177072,0.15905370844251832,1.4082613073266206
73,5.65353185890906,6.3224321915076,-0.6689003325991507,0.8334933083818079,0.11177529128597988,1.5902640817541265
74,5.865969739307344,6.7290698316830255,-0.8631000923751344,1.4458638644977047,0.12711164305382686,1.5255914488575169
75,5.756225632219481,6.349751940774416,-0.5935263085557381,2.031584837445827,0.20471075213663326,1.2682442139016534
76,5.591737633933532,6.538362870335709,-0.9466252364018146,1.0720335973141282,0.09366480601509723,1.6763747783278757
77,5.67945878526332,6.406955129424238,-0.7274963441614091,1.934221088033194,0.17459916622971983,1.3575731541802452
78,5.406505869108129,6.0912774052597936,-0.6847715361509472,1.367206107274482,0.1504171510214467,1.438059576103235
79,4.678633157940181,5.538841804426104,-0.8602086464861713,0.6919339430701932,0.07508047113989202,1.779972440090351
80,5.740137604536882,6.430420089696737,-0.6902824851595142,1.7440071929861283,0.17161848775836194,1.367021751451314
81,6.035811063845882,6.560988391646836,-0.5251773278005203,2.304305310423917,0.23117118463078798,1.197347379004899
82,5.70222040071401,6.434079186745093,-0.7318587860318075,2.30080092559753,0.19018227585627917,1.3100400838010222
83,6.168782009432631,6.706886752336947,-0.5381047429036698,1.6671475192278837,0.1972877435283801,1.2893174596166388
84,5.722032219353947,6.330947008931544,-0.608914789577284,2.2138077691220275,0.20984342322207591,1.2539960993422061
85,5.472333024474734,6.240590312347164,-0.7682572878720748,1.5121303696418025,0.14533325236219305,1.4562147894860713
86,5.680376158864034,6.515704502010278,-0.8353283431461023,1.8185010288742731,0.1509898366854482,1.4360439461825973
87,6.0687721732343345,6.823000552544611,-0.7542283793100069,1.9748856054739488,0.1718644715119217,1.3662373703506125
88,5.93064836741503,6.799640961283421,-0.8689925938679153,1.5810098771430443,0.1337297834133636,1.4995547232372604
89,5.832866330113189,6.542570940746975,-0.709704610632798,2.1085396582164453,0.1859092021240974,1.3227780400679676
90,5.716506927401111,6.312789191328596,-0.5962822639276055,1.3336755417193835,0.16439533814234342,1.390439897727872
91,5.287811537015456,6.0992845333777534,-0.811472996361772,2.0830870328907114,0.16715787763272452,1.3813939091645568
92,5.301778307759902,6.158522137896901,-0.8567438301370203,1.3613648191203733,0.12308640764898318,1.5419472704921615
93,5.478655813553429,6.227879377357295,-0.7492235638037528,1.3328188842607993,0.13744816785490413,1.4853612004649779
94,5.737700799601567,6.5939251206054035,-0.8562243210026281,1.2655550839911456,0.11731567383799608,1.5661407334920503
95,5.502715868146494,6.277494743326761,-0.774778875179436,0.8538273350076118,0.09868170672562003,1.6512785667235381
96,5.332200773867568,5.996537124239941,-0.664336350371741,1.713246103394173,0.17472387269355832,1.357180476178174
97,5.7076524468016725,6.592307786925607,-0.8846553401244819,1.3617733493297788,0.11924322446192634,1.5579579164570558
98,5.693711961048917,6.412580949023257,-0.71886898797311,1.8867400084257717,0.17381043777599367,1.360061579901995
99,6.035809444432358,6.756993601494392,-0.7211841570615434,1.3373531488425208,0.1422969996114774,1.4672906739497729
100,6.005333912613947,6.705496004665127,-0.7001620920509595,2.0644364483435425,0.18565060523204535,1.3235558227419553
101,5.76451690890242,6.25812124776103,-0.4936043388588587,1.5193138981685745,0.19807435860529665,1.2870571806410955
102,5.759383801957098,6.401913301697283,-0.6425294997397941,1.893797571719908,0.18829807545165944,1.3156305475032866
103,5.527808393747888,6.2221402672964015,-0.6943318735484354,1.3112891698342555,0.14508270050509034,1.4571220218888803
104,5.291588846678293,5.998570348603705,-0.706981501924929,1.4190379759021514,0.1498971254799829,1.4398949378972807
105,5.135479520523928,5.949095987396452,-0.8136164668712809,1.9555725458559117,0.16100964002450419,1.401683968393451
106,5.496779537711133,6.278329728944902,-0.7815501912346008,1.5571308810344764,0.14577074141197727,1.4546335367862322
107,5.234500970027126,6.049552559924527,-0.8150515898978483,1.965929968706396,0.16125865377795817,1.4008509342003113
108,5.4188201547145365,6.442665355130037,-1.0238452004150531,1.6085926119031502,0.11438527761501163,1.5787854476046248
109,5.616258322747468,6.386353485767513,-0.770095163019505,1.4223657470030329,0.1397155582485236,1.4768510891702316
110,5.844765517027168,6.329993165854161,-0.4852276488272764,1.6207156299254137,0.20618067421975292,1.2641375131271875
111,5.748587290191223,6.375057436313282,-0.6264701461213917,1.146948083940508,0.14518439593432583,1.456753644609127
112,6.0160294022458185,6.772501481775256,-0.7564720795289759,1.1925782424857818,0.12697615948565802,1.5261353520410261
113,5.563060425789059,6.286629824469562,-0.7235693986804108,1.2954526326979394,0.1391507312776086,1.4789610269320572
114,5.715499083669398,6.302617050308731,-0.5871179666401076,2.050610240224147,0.20691271525438118,1.2621002502176817
115,6.188273545999051,6.87615615126939,-0.6878826052698059,2.0782676586784437,0.18854797593039094,1.3148867218076195
116,5.532336809050845,6.247007480517693,-0.7146706714665925,1.6037773268129758,0.15957501146877048,1.406502335867365
117,5.565230258670978,6.356486785554592,-0.7912565268834442,1.8509630979051455,0.15965690271415126,1.4062264150808947
118,6.276170805674679,6.925309570365767,-0.6491387646901785,2.3696230414205264,0.2084327381172266,1.2578866895012024
119,6.238448703016344,7.058473642667044,-0.820024939650466,1.3029254516673028,0.12476771057937704,1.5350656184759177
120,5.697659256090061,6.331221552014474,-0.6335622959250031,2.3000273521900922,0.20861344571062992,1.2573872447738448
121,5.288208397857103,5.953078083598582,-0.6648696857428149,1.5219323920823165,0.16365734900316928,1.3928758085481598
122,6.1879980700028465,6.881720886749589,-0.6937228167471403,1.7785204157117018,0.17281884222913643,1.363202047262812
123,5.830541130993494,6.580918267256505,-0.7503771362635234,1.77559785917658,0.16271017753744693,1.3960143379787135
124,5.635845912146193,6.301101557898177,-0.6652556457529499,1.660660201292492,0.17164662718637652,1.3669319791972676
125,6.113117134247274,6.857017380208495,-0.743900245961413,2.042474592397296,0.17680288220540158,1.350664646093776
126,5.48989014893648,6.290612386473105,-0.8007222375372294,1.0945453752470815,0.11364437233604768,1.5820227706969592
127,6.058946424508191,6.7754677962666445,-0.7165213717580627,1.3352893662130967,0.14293584727365097,1.464945281373043
128,5.7239911148822795,6.507684924926798,-0.7836938100454063,1.4439225375740268,0.13886889278380718,1.4800163147806167
129,5.290256991484581,6.0035356740495285,-0.7132786825641233,1.5101776062484777,0.1543800161634005,1.4242296098344143
130,5.352220632979494,6.087984122414907,-0.7357634894360672,1.753481798597619,0.16406957140755485,1.3915141513956453
131,5.616674925824169,6.277526301827505,-0.6608513760029382,2.00517927521123,0.1902230392307515,1.309919589924734
132,6.011411796302651,6.789802971471238,-0.7783911751685082,1.7240926599358684,0.1553466189217558,1.4208972970172167
133,6.161150622291258,6.811806872655252,-0.6506562503636815,2.24784687998563,0.20308369853474445,1.272814996007511
134,5.538221396760106,6.129353521909428,-0.5911321251496702,2.5669357311876446,0.227628416826224,1.2064905079725456
135,5.890670279625352,6.686496394800924,-0.7958261151752595,0.8420064306742532,0.09500895135124295,1.6695473668589271
136,5.779738153135964,6.487670507927538,-0.7079323547905005,1.7887806487443711,0.17079814539883284,1.3696437185192163
137,5.608788706512838,6.253558395627335,-0.6447696891145824,1.8436752852970741,0.18532407405199822,1.3245390768496426
138,5.257796754917377,6.067870614595995,-0.8100738596785959,1.5097829306806165,0.13861153440732518,1.4809813834917929
139,5.619893231260518,6.508396246812181,-0.8885030155515778,1.3001877748586992,0.11506866891574644,1.5758140263755804
140,5.611316917743876,6.227666791265625,-0.6163498735222674,2.118553997494672,0.2041376984514421,1.2698510327388772
141,5.865474770901143,6.568455672141161,-0.7029809012392434,2.188345238458176,0.19066280946578415,1.3086208653514866
142,6.01302185151833,6.74734996697036,-0.7343281154517172,2.4171851365518897,0.19443506941385677,1.2975701953581495
143,5.342861333813358,5.9973676622899585,-0.6545063284756907,1.0480487894443957,0.13255008726801026,1.50412149251801
144,6.055278832957425,6.702692698520854,-0.6474138655630668,1.781472422063704,0.1815754364447121,1.3359199591248099
145,5.939134455209183,6.687694150412581,-0.7485596952028573,0.9252638932677311,0.10811340675153602,1.6067309245392296
146,5.9592555243967364,6.517155002137704,-0.5578994777397384,2.5275219727398603,0.23301917635053385,1.1926175832944448
147,5.926275523409982,6.563873916392934,-0.637598392982909,1.4161615597169295,0.1620760282490535,1.3981233528948445
148,5.819746604377157,6.635650640797996,-0.8159040364207613,1.5516876796087562,0.14007406776489334,1.4755152635060764
149,5.771908440170206,6.3493227131086325,-0.5774142729387677,2.2512864259632437,0.21787534928560195,1.2321974134593439
150,5.652801984152189,6.485181800829784,-0.8323798166775305,0.862064948726152,0.09213191163933745,1.6842575179213193
151,5.606296283918324,6.469534684643419,-0.8632384007250948,1.7970669664867973,0.14564076583578633,1.4551029383872158
152,5.556085925974527,6.343588608061564,-0.7875026820865969,1.9594651496809163,0.16549046941722745,1.386840286864011
153,5.627540005831703,6.31268888579921,-0.6851488799666186,1.8253790002313348,0.1768116891913533,1.350637165899082
154,5.624953832472398,6.349152090533691,-0.7241982580608237,1.2052060664638962,0.13289814234979763,1.5027708614653201
155,5.7945524210550285,6.623045861353452,-0.8284934402981889,1.1946976274858283,0.11660894142756277,1.5691673860764794
156,5.564654666280672,6.153835385716915,-0.589180719435717,1.800104552681704,0.19400957914211997,1.2988087264234849
157,5.914138918569348,6.495426879278233,-0.5812879607092327,2.360561059000174,0.22162241905323704,1.2222253524435056
158,5.602787531772789,6.385720762056939,-0.78293323028538,1.8534984273830286,0.16115701133758312,1.4011908446781556
159,6.0812728722554095,6.564592471114173,-0.48331959885854303,2.3760717838798477,0.24333248341114577,1.1666976717302144
160,5.709940409303796,6.5817509318659315,-0.871810522562555,1.2527147632839206,0.11439858985018145,1.5787274320678262
161,5.741963532358183,6.380458458231443,-0.6384949258736015,1.797245482525021,0.18411514849154414,1.328190601426411
162,6.100195470332961,6.7995086877906825,-0.6993132174584389,1.4127187045159406,0.150815504119045,1.4366569109073175
163,5.6808221424849545,6.525351900839906,-0.8445297583548381,1.3665138101112468,0.12512866684458357,1.5335976498824389
164,5.455521114344789,6.253605913989665,-0.7980847996450393,1.6865464376106871,0.1501794055569524,1.438898066061309
165,5.830376345167293,6.524199325191452,-0.6938229800243789,1.0898323548298379,0.12935084308063202,1.5166667504743738
166,5.5479897630371635,6.236498076351223,-0.6885083133138323,1.3480488239724888,0.1485169747376081,1.4447896656583874
167,5.530376309902364,6.165159023539415,-0.6347827136369233,1.93987842423876,0.19208438824201887,1.3044376997181402
168,6.195887725482477,6.819432685911947,-0.6235449604282621,1.7878260673397701,0.186516212379539,1.3209554702089206
169,5.635334709148607,6.267726834970359,-0.6323921258217524,2.2014358054313057,0.20464308473437803,1.2684337800096237
170,5.642066259005857,6.335912268261302,-0.693846009256049,1.4487056587087714,0.154012785823936,1.425499772502817
171,5.767652748573324,6.310318981799538,-0.5426662332256456,1.9282689622298825,0.210296730803647,1.2527499243256757
172,5.952964724804202,6.586379603660637,-0.6334148788564562,2.4036890378439377,0.2128703264692693,1.2457115100441765
173,5.720219112144674,6.412753221969799,-0.6925341098249191,1.856648549531334,0.17705210703236243,1.3498873903776298
174,5.4556878349909095,6.152748410216089,-0.6970605752248957,1.6608028809384727,0.16587530922209145,1.3855796057057828
175,5.582324463621786,6.247856029659323,-0.6655315660373162,1.0683041207661486,0.13231714042654252,1.5050269799566853
176,5.419037728891068,6.186487202637954,-0.7674494737466375,2.1464592321534113,0.17736214717641793,1.3489216071978325
177,5.723564187637363,6.4133689436101715,-0.6898047559725455,1.844798830469312,0.17695058254828616,1.350203915613824
178,5.7981610459242585,6.505266529217314,-0.7071054832931623,1.4373398908605886,0.15101622166336554,1.4359512218697363
179,5.9226164205579845,6.66363960515209,-0.741023184594269,1.4689932282140532,0.14723733663111543,1.449359056095671
180,5.98521426688019,6.651100518436143,-0.6658862515569126,1.5794583082404383,0.16688521135960077,1.3822817369705565
181,5.275275586937438,6.008209343910989,-0.7329337569735799,1.4870430216714237,0.14966463887145753,1.440717040015645
182,6.527676619062346,7.289245489491931,-0.7615688704299828,2.587875391175265,0.19609605852192036,1.2927542778426064
183,5.419386328332235,6.018335518906801,-0.5989491905747855,2.164453026513508,0.2096898246955624,1.2544187947045982
184,5.4569761595253805,6.113724143488097,-0.6567479839632142,1.7827261854632201,0.17987331382860242,1.3411452018767518
185,5.498930114984956,6.220780385120248,-0.7218502701362013,0.8608831726679291,0.10647395705568015,1.614246557368585
186,5.640879598027437,6.328276757167215,-0.6873971591394366,2.027722637865226,0.18630349854976244,1.3215936514454072
187,5.573372242025995,6.215987013036857,-0.642614771009903,1.819824583447458,0.18450476689983408,1.3270118375248783
188,5.66346809718341,6.556440746250429,-0.8929726490659959,1.8874724642746994,0.14549363478558794,1.4556346834743394
189,5.802575498398779,6.379917897703875,-0.5773423993050528,1.5446256989495328,0.18185734873728923,1.3350580474752587
190,5.601078219710486,6.409311249437591,-0.8082330297274893,1.1778081241626044,0.11833602637225,1.5617961190274738
191,5.667026051779954,6.473730989987599,-0.8067049382079858,1.6254226008535273,0.14554867318738351,1.4554357214707663
192,5.745078815913599,6.2695402892027,-0.5244614732882837,1.8087283695542382,0.20806122055309165,1.2589144870495839
193,5.633599728785681,6.32191378716095,-0.6883140583749991,2.097184711441262,0.1893281712232228,1.3125691483411905
194,5.910634937619376,6.7529074848862845,-0.8422725472664752,1.1592615337638694,0.1123717501235612,1.5876223988615912
195,5.41239198080582,6.194835562568377,-0.7824435817619815,1.5867499617994838,0.1472862491763321,1.4491838401605257
196,6.388331649930093,7.05267537115474,-0.6643437212251229,1.5918269504855527,0.16788888200415145,1.3790190449561335
197,5.697653954709109,6.53353047317489,-0.8358765184657386,1.4789966433436366,0.132961432424596,1.5025255580948687
198,5.823450195870079,6.455375987870971,-0.631925792000402,1.9786079241663117,0.1945261759944912,1.297305257920217
199,5.8636906754605445,6.641072084795608,-0.777381409334339,1.49172845773497,0.14268388137223384,1.465869357432995
200,5.656351372392761,6.3218764759622825,-0.6655251035699621,1.6668985199373818,0.17194565127892222,1.3659786926291204
201,5.562401326365558,6.383629967023685,-0.8212286406578642,1.549821114234355,0.13915385811902606,1.4789493283350041
202,5.6157350630733855,6.392558904691539,-0.7768238416183522,1.5196553827920098,0.14439152443250522,1.4596309644543153
203,5.913587444184101,6.559915111826788,-0.6463276676413443,1.7053863840626935,0.17767482125049214,1.3479488918555875
204,5.411883265208031,6.165469113916457,-0.7535858487090081,1.4532887005234336,0.1442333029265698,1.4602065965577926
205,5.945887222956641,6.609421668352388,-0.6635344453970902,1.650067671606859,0.17136997746159763,1.367815044063457
206,5.8331412790781325,6.614487046945291,-0.7813457678676059,2.148385462378439,0.17506629316343986,1.3561033311091804
207,5.721359424301751,6.363899061921051,-0.6425396376198478,2.0182287545711475,0.1943532523553103,1.2978081965632822
208,5.531811942375112,6.18245894924233,-0.6506470068679846,2.156984098165278,0.19913697030816457,1.2840142475423775
209,5.451097859042035,6.164736539072164,-0.7136386800302716,1.6530879444442874,0.1625168296333333,1.3966567044435585
210,5.880390140303076,6.616023001458329,-0.7356328611549543,1.3609252755206942,0.1414399684458298,1.4704498137418456
211,5.243680176726754,5.990496582500681,-0.746816405773643,1.6326716251943783,0.15569148853150627,1.4197121874911127
212,5.977811558590998,6.694768266003079,-0.7169567074124643,1.8451889697773147,0.17207606935235709,1.3655633092911603
213,5.959012033051819,6.607358034332817,-0.6483460012814248,2.349856757203204,0.20778339651309366,1.2596839528932138
214,5.497052985773349,6.159735139443148,-0.6626821536701755,1.7649577736149542,0.17781747536790826,1.3475055245313505
215,5.751229253635371,6.528085656348059,-0.7768564027128377,1.360883591405912,0.13487480771839072,1.4951518837489366
216,5.597650832785417,6.256205811299749,-0.6585549785149851,2.388850260404862,0.20739023042471125,1.2607741481488006
217,5.783735594063343,6.436748407545656,-0.6530128134818369,1.8516106967521448,0.18415708234121594,1.3280636447943195
218,5.690035998384316,6.411494551494917,-0.7214585531100965,1.5761369533209901,0.15682541762884483,1.4158295429265215
219,5.5573268787762355,6.366928254453894,-0.8096013756785396,0.9843508735774709,0.10441086826146541,1.623835748524291
220,5.681732730364798,6.41446598116684,-0.7327332508020845,1.7276980716177839,0.16323532944151903,1.3942725082979504
221,5.387684125098145,6.299470007284851,-0.9117858821864502,1.4163152208041367,0.11871102354985852,1.5602067816494454
222,5.50244535252166,6.384120201076817,-0.8816748485551216,0.882620957824356,0.08794804964170577,1.7063225080403372
223,5.406050587264486,6.069378941859702,-0.6633283545943414,1.4055180890628272,0.1566885854399813,1.4162969329918347
224,5.439976422589622,6.021957885562747,-0.58198146297309,2.1263992089095964,0.21145238652695877,1.2495817136333678
225,5.781411121320685,6.45736622661647,-0.6759551052964525,1.9249072706236188,0.18350762479250557,1.3300323138133845
226,5.6904571932105465,6.3045621419189555,-0.6141049487087002,2.128415781741481,0.20503058337450686,1.267348842303362
227,5.761514885118755,6.565467166198131,-0.8039522810795461,2.181388534369775,0.17268035912321208,1.363641706203705
228,5.852055429368717,6.463142648021828,-0.6110872186536653,1.9857434234048448,0.19898568439133715,1.2844467495073293
229,5.895983089366906,6.646468740796541,-0.7504856514296989,2.3434005033772642,0.18860722754281886,1.3147104667711333
230,5.500871294673358,6.281377467183331,-0.780506172510286,1.5217884210789148,0.14392612318707843,1.461325543280805
231,5.297603097890329,6.159057862435992,-0.8614547645456696,1.5075253606113908,0.13081866867957045,1.5108814074526657
232,5.55127490143475,6.125774293304714,-0.5744993918697219,1.9380593246947235,0.2040904090153308,1.2699837768624451
233,6.232922721920273,6.829651247437658,-0.596728525517392,2.058887212666992,0.20534124361984982,1.2664801166782185
234,5.7219071218110695,6.444644448630127,-0.7227373268187876,2.282084213858843,0.1910494042316461,1.3074809982442126
235,5.4099017153617535,6.111229731828919,-0.7013280164674143,2.1905689899683907,0.19106322557124136,1.307440277739869
236,5.510326674743352,6.2587659201470895,-0.74843924540437,1.467767202134418,0.1459424924271081,1.4540137560212487
237,5.458862404888874,6.248551971417589,-0.7896895665289776,1.0346351910469807,0.1108476994293209,1.5943945183242023
238,5.606940019019545,6.300706203302786,-0.6937661842821399,0.9468658239514038,0.11793857326598328,1.5634849483436077
239,5.54780934411208,6.228135005769145,-0.6803256616558429,1.9873089311146614,0.1857104612971637,1.3233757222574023
240,5.4684791400437245,6.250092118574498,-0.7816129785305748,1.4671820083979963,0.14057403717608113,1.4736567355395194
241,5.361465527721135,6.090058201798675,-0.7285926740769355,0.8763775779659237,0.10685268529756925,1.6125022748939362
242,5.750268415792176,6.596381549609466,-0.8461131338171981,1.178508462153733,0.1131232829270172,1.5843095970074503
243,5.599457385644724,6.187560547519359,-0.588103161874642,1.8262984774071427,0.19560887996394818,1.294163707050344
244,5.869798614203843,6.788519665942983,-0.9187210517393396,1.1882928774770924,0.10433848632394374,1.6241748993009364
245,5.513795337407442,6.374619268906988,-0.8608239314989987,1.226851637672274,0.11425323032240246,1.5793612057887512
246,5.63155303387664,6.370150784688546,-0.738597750812005,1.4005792666269912,0.14345303894707656,1.4630524084134744
247,5.770128585096769,6.416253981414192,-0.6461253963170748,2.1231004335316523,0.1984967629377035,1.285846142497834
248,5.687433816538556,6.392128863489395,-0.7046950469512012,1.807106801892294,0.1723252309725873,1.3647703805558526
249,4.9920524446257115,5.686780891407919,-0.694728446782392,1.5324044365212242,0.15893037420198627,1.4086780974814992
250,5.923216730237597,6.529559530065304,-0.6063427998269617,1.8662361480231926,0.19400011673613998,1.298836292557499
251,5.64122210027706,6.5618274654377995,-0.9206053651605544,0.6096975707485441,0.06241395736523652,1.8633434738114492
252,5.429312547310998,6.288919740499798,-0.8596071931888218,0.8292046085818967,0.08636216083036766,1.7149076447759208
253,5.881374501486404,6.5619608119885395,-0.6805863105018943,2.051252417272405,0.18866415503062606,1.3145411637416615
254,5.907512540132826,6.547062926211757,-0.6395503860794634,1.9101628257924617,0.18969056340529145,1.311495054725228
255,5.139638037971578,5.924302831183523,-0.7846647932119595,1.4578719768276525,0.1395445731999049,1.4774891178325733
256,5.441625154251211,6.2549313987790836,-0.8133062445276664,0.9408745603511282,0.10063536017105636,1.641781182485528
257,5.789639429680916,6.564111121547304,-0.7744716918668928,1.2714656473837813,0.12953083254926948,1.5159546003777893
258,5.877110231601888,6.569450763148117,-0.6923405315465061,2.0135350843650794,0.18472577226368636,1.3263440196635479
259,5.964522698957422,6.607865768642929,-0.6433430696852156,1.9142569037688641,0.1891620842093611,1.313061919797693
260,5.715166575073978,6.447366346599351,-0.7321997715253019,1.753462939443171,0.16468543004287198,1.3894846347814334
261,5.488755936713984,6.277317740868666,-0.7885618041545968,1.9541704617658624,0.1650650622506731,1.3882364307879052
262,5.6512218205885585,6.4377076606683215,-0.7864858400789672,1.5578310375819182,0.14502211048476246,1.4573415946844863
263,5.384599446727931,6.1552910367488405,-0.7706915900207605,0.8804815934748209,0.10142554397762779,1.6379815434000236
264,5.685834107179813,6.339027135393179,-0.6531930282135363,1.605601378176754,0.1707522088924386,1.3697908187500856
265,5.28174744349924,5.968092290910084,-0.6863448474114193,1.0986829004563923,0.1312392921247098,1.5092328342525043
266,5.414457798805939,6.228613991262767,-0.8141561924567213,1.0687497270517916,0.10996092953034849,1.5983687751532611
267,5.436775228698549,6.257856658047876,-0.8210814293497606,1.2594879491599933,0.12186416221877613,1.5469961989512744
268,6.034987580477333,6.970187978667822,-0.9352003981903181,1.6324337254118326,0.1270718510283308,1.5257511484230626
269,5.61428549639602,6.496010001495767,-0.8817245051004647,1.2945938884924058,0.11563797860533248,1.573349218415062
270,5.451783994037738,5.989396969215539,-0.5376129751775807,1.4372689688612539,0.18323161802433385,1.3308705225897905
271,5.463848719503927,6.36128011340225,-0.8974313938988416,1.479517722493,0.12418142917675312,1.5374570330519168
272,5.715742411837324,6.372460224312162,-0.6567178124751081,2.206231694255541,0.20012773282059085,1.281187735741949
273,5.6973992470098676,6.440221172763854,-0.7428219257544697,1.8507979237341896,0.16782164827527304,1.379237147108731
274,5.5069371082705185,6.061630977541446,-0.5546938692705226,1.9441302041972612,0.20852998560577968,1.257617875173344
275,5.502661058749778,6.427764757790632,-0.9251036990408465,1.386451335013641,0.1152666432565593,1.5749558174578444
276,5.907305142447127,6.7522664870876365,-0.844961344640069,2.0265944134240055,0.15923111169969423,1.4076622274510002
277,5.727008580262533,6.515568752428278,-0.7885601721654893,0.7972711635856573,0.09216392756715584,1.684091806637439
278,5.546340880822369,6.416815361393779,-0.8704744805709197,0.8982120804114526,0.09040051720366704,1.6932887565792452
279,5.81031606328777,6.361925064511132,-0.5516090012224595,2.121599906665743,0.21758077921536,1.2329865581944628
280,5.674582666828043,6.4540008703879135,-0.779418203559544,1.7760660991522688,0.15785987083365888,1.412306032853741
281,5.720680375921416,6.456883669709859,-0.736203293788094,1.845424536541211,0.1687018809801998,1.3763869017913202
282,5.593846312044276,6.198659214332833,-0.6048129022883586,1.8309036512286685,0.1924820518063985,1.303271604387812
283,5.770926794165076,6.5984198498046265,-0.827493055639934,2.051381783029232,0.16313549400649546,1.394603317928541
284,5.308474968820134,6.107042407926711,-0.7985674391065913,1.3778054264609398,0.13258716066239373,1.5039774982672245
285,5.437783222987106,6.194382021539871,-0.756598798552659,1.4329580863478846,0.14251656026693066,1.4664836939733419
286,5.50869083981395,6.227431090215722,-0.7187402504023339,1.2557660277341167,0.1372686995315055,1.4860394008125646
287,5.38431804975478,6.118999160970452,-0.7346811112156502,1.4254588347008799,0.1456391026714944,1.4551089469164131
288,5.495318429041232,6.207367299419017,-0.7120488703776573,1.393364960552523,0.14741914019934058,1.4487080185996304
289,5.793884895097632,6.579569259680758,-0.7856843645831759,1.612306876530079,0.14817681199684218,1.4460013898235453
290,5.783298273104789,6.442371924545524,-0.6590736514408491,2.045104322482409,0.19243747440631276,1.3034022334761273
291,5.262162925242206,5.998631155014591,-0.7364682297711624,1.5264032561975593,0.15139668811009266,1.4346155249842705
292,6.00077827544426,6.6709743645696715,-0.670196089125966,2.226706321126139,0.19843906409551945,1.286011454547269
293,6.487937802306602,7.253898367894868,-0.7659605655881023,2.0311361290042775,0.1724588442018197,1.3643455247518579
294,5.933134865843909,6.631356814445573,-0.6982219486017129,2.233318239985911,0.19347545534942237,1.300366297317004
295,5.929211014442968,6.601172377545181,-0.6719613631021275,1.4640060453416268,0.15883264968862357,1.4090085171312345
296,5.389707756768599,6.310248730961616,-0.9205409741925905,0.487275604709307,0.05177015550880637,1.9450400727948223
297,5.539290342535947,6.304627141561204,-0.7653367990251354,1.4149988419527872,0.14002321926805059,1.4757045675127467
298,5.995569341867464,6.605544339528299,-0.6099749976610838,1.9994556473738978,0.19986654998452982,1.2819318612987936
299,5.505891837102878,6.322150388419379,-0.8162585513155136,1.1003977412018262,0.11190506345341816,1.5896883833633921
300,5.752696885801539,6.531307110948637,-0.7786102251466218,1.5574017329616598,0.14625755599941745,1.4528782673522378
301,6.043738552133233,6.661393331039546,-0.6176547789073084,1.8146213820000092,0.18908439000692073,1.3132925439206977
302,5.5089259472729974,6.269019372596707,-0.7600934253232481,1.149821024798614,0.12344255970591289,1.5404834261420228
303,5.708955466449494,6.415833306818326,-0.7068778403690885,1.7779030981085597,0.17042031540913027,1.370854506858127
304,5.793574015016544,6.427361365086091,-0.6337873500697242,2.1644164135861743,0.20274447307409602,1.273771317382042
305,5.471049604726046,6.204238607692288,-0.7331890029663555,1.6010546841184894,0.15623487792153976,1.417848920806712
306,5.9953834025942125,6.760349672247264,-0.7649662696539963,1.6850073869145064,0.15549976860096945,1.4203707673877415
307,5.813848390232648,6.4733899623920035,-0.6595415721594691,1.5628284170532787,0.1670743377774771,1.3816658073154107
308,5.528917179487122,6.389008192885148,-0.860091013397323,2.3944302830662885,0.17218093344009808,1.3652294865558143
309,6.164796741398801,6.830208409258843,-0.6654116678600985,2.406645241484936,0.20678764168654812,1.2624479576495762
310,5.75316418193013,6.481312797013315,-0.7281486150832279,1.0736659717219688,0.12273255918881104,1.5434049262013216
311,5.4652077334881835,6.161483738956916,-0.6962760054684622,1.422112342046912,0.15193119052315593,1.4327433692926963
312,5.77403834901868,6.400469940594702,-0.6264315915759653,1.9622062191676246,0.19480803831602314,1.2964861799208336
313,5.0835233570783895,5.9105024416503635,-0.8269790845724856,1.2143317742087039,0.11810827859412036,1.5627633032868917
314,6.311148318900065,6.977657315522313,-0.6665089966227242,1.3518043482016537,0.15261483903532727,1.4303561073808684
315,5.490999023702512,6.135882010794523,-0.6448829870923873,1.930532683914441,0.1896702409984871,1.3115552482343626
316,5.738128698075867,6.4018336030754295,-0.6637049049986672,1.845163306638275,0.18180688240325782,1.335212269110623
317,5.889774576875039,6.582471108951365,-0.6926965320762974,1.7506872503951456,0.17153674094713517,1.3672826080155833
318,5.158463319346607,5.939063330417872,-0.7806000110713285,0.8280701074317633,0.09577375751935314,1.6656971119087456
319,5.995374616598907,6.717661758848783,-0.7222871422500248,1.649928378037103,0.16083523516566373,1.4022679906156919
320,5.65974344365584,6.315710334405145,-0.6559668907502783,1.6667172907383172,0.17371314121811401,1.3603691330371228
321,5.9394650417330705,6.596134833833821,-0.656669792100729,1.366611894819357,0.15535255178535298,1.4208768924569757
322,5.698183428241078,6.530446935074314,-0.8322635068325326,1.448721489136373,0.13175651481562964,1.5072112605933157
323,5.524741838048227,6.378488371524446,-0.8537465334766239,0.2698433263877149,0.03415160214080894,2.1182771558521565
324,5.717105183300715,6.360433942760478,-0.6433287594591093,2.238962205495266,0.2041249663890209,1.2698867701574146
325,5.968768995966071,6.632537277880848,-0.6637682819145994,0.9798583386270572,0.12543036052771042,1.5323732260723855
326,5.697033658968918,6.445518585684857,-0.7484849267157188,1.6110753272701146,0.15421330937885058,1.424805924185794
327,5.8266661798921415,6.643879727041194,-0.8172135471495494,0.5567736470619522,0.06710317756823458,1.830982349831541
328,5.740494235705752,6.570421626690772,-0.8299273909851763,1.7028923462452816,0.14601387792162232,1.453756318542145
329,5.899045216609535,6.764768284361081,-0.8657230677526968,1.5694269359616158,0.13358414432416102,1.5001168214428777
330,5.539709618502981,6.295244488027739,-0.7555348695250359,1.6835937270127257,0.156998387633375,1.4152391559109168
331,5.9177791988655155,6.607525372737944,-0.6897461738717539,1.0838551867601502,0.12955170178373657,1.5158720784525934
332,5.497478760581158,6.301925568832123,-0.8044468082507592,1.1393445744511794,0.11625167858141797,1.570702885783148
333,5.176635589157355,5.814872905800248,-0.6382373166434263,1.794605371725881,0.18402567192354968,1.3284615673919162
334,5.918977787294876,6.665496976605629,-0.7465191893106748,1.6627069144735813,0.15738769517590087,1.413912159865604
335,6.173208583757129,6.844689484602965,-0.6714809008453813,2.0873177876773603,0.1920298526650726,1.3045977563785311
336,5.600402588731027,6.358657064029066,-0.7582544752985996,2.5178510559850853,0.19406443991831293,1.298648923989182
337,6.011789472618672,6.812235913643823,-0.800446441025997,2.3510761208729036,0.18028489833515307,1.3398783483463055
338,5.823519950850438,6.628831333547337,-0.8053113826972549,1.3278873792308712,0.12849146172714668,1.5200776473907904
339,5.643233133036643,6.358893341303824,-0.7156602082668542,1.4733651534646786,0.15176172809376054,1.4333363869828273
340,5.530668581535407,6.2228902416669225,-0.692221660132418,2.125951989203058,0.1898978828006238,1.3108812608825458
341,5.526215124843089,6.318872625355523,-0.7926575005121776,0.8846070692692489,0.0988824658028182,1.6502957271031173
342,5.656185375507972,6.368175390378736,-0.7119900148718443,1.4267609581020064,0.14952550355101787,1.441209506254115
343,5.490417002960909,6.200434874715041,-0.7100178717546441,1.6803621666943798,0.16465310746937212,1.3895910091751789
344,5.763487428480017,6.551129144450696,-0.7876417159714038,1.741592396985295,0.15474027871618673,1.4229857758678979
345,5.112639498409932,5.859779587892389,-0.7471400894828548,1.4980091609506179,0.14795350095059157,1.4467980219538168
346,5.506168104164841,6.282062199718132,-0.7758940955536673,1.6524537304035913,0.1519495043767197,1.4326793118614654
347,5.531573483643639,6.275268346635839,-0.7436948629920153,1.6197963875578694,0.15550407179665987,1.4203559786587083
348,5.546652112554126,6.2721470860213895,-0.7254949734669935,1.0082954150578214,0.11810436906982753,1.56277991876387
349,5.168450943139375,5.899777320460876,-0.7313263773212384,0.7569915647816234,0.09589067221714317,1.665110700853519
350,5.3489652735039055,6.186842756046543,-0.8378774825423534,2.162814167163024,0.16632216653211726,1.3841185214760778
351,5.413081935438255,6.3406559778025535,-0.9275740423636307,1.9083874699420171,0.14139727759318477,1.4706075624537898
352,5.047146424089602,6.01061630867113,-0.9634698845820822,1.4021340282243173,0.11122911668230964,1.592692830600515
353,6.300745722907392,6.8676172352722045,-0.5668715123647416,1.647329367532933,0.19011000581823936,1.3102537560851875
354,5.327152329490287,6.067426969888123,-0.740274640397729,2.046731395259611,0.17763484071214133,1.348073198448263
355,5.273110808713296,5.921330148132162,-0.6482193394185742,1.8025775468902907,0.1825333594884192,1.3329952594636356
356,5.51961802438616,6.340254960347371,-0.8206369359613745,1.2320531305368423,0.12015868122746667,1.5541078995515942
357,5.893350420135517,6.400420765129253,-0.5070703449937355,2.6422906529707806,0.2480993047553046,1.154978319784349
358,5.714324465343067,6.5097610012080604,-0.7954365358655195,1.5283654193375398,0.14194127991916908,1.4686001287681163
359,5.478968518866692,6.2986748089165,-0.8197062900489982,0.9691914257129124,0.10195337015093826,1.6354565781962098
360,5.460625229592166,6.092225780517074,-0.6316005509252136,1.0008976263727547,0.13255558310753365,1.504100144532376
361,5.538966140510253,6.327967467009435,-0.7890013264996014,1.3337126975007063,0.13130892971328462,1.5089602951615704
362,5.8298298550867695,6.347081456599815,-0.5172516015127258,1.8831045508934814,0.21351619944911296,1.2439547984433712
363,5.603541439426023,6.298361198345317,-0.6948197589199481,2.441751678705687,0.20262809870699397,1.274099660601492
364,5.968857439966611,6.751908877334001,-0.7830514373663391,1.443870341151154,0.13896640417683476,1.4796510164339964
365,5.599078370111398,6.391037853745301,-0.7919594836339456,1.5375421668901819,0.14300893771297551,1.464677458700118
366,5.74089033582875,6.6929674506866075,-0.9520771148581844,1.570577117992375,0.1216452195420516,1.54790479696926
367,5.642107863396246,6.440351439624505,-0.7982435762278328,1.6891980690905761,0.15029369276108662,1.438494867268915
368,5.240418112189742,5.978612918381179,-0.7381948061920411,1.8372332736652393,0.1679442257652939,1.3788395623502663
369,5.951279948253228,6.607133455488883,-0.6558535072354061,2.695467979341892,0.21948405123882894,1.2279012206690902
370,5.525072501290721,6.189316100715663,-0.6642435994244806,1.120603086592304,0.1365859682984552,1.4886256691575537
371,5.2377607164676885,6.047497285048385,-0.8097365685807745,1.2943143390969887,0.1257270103718907,1.5311715086093576
372,5.7273992852784215,6.571530293951836,-0.8441310086736848,1.7157302688717717,0.144485580443465,1.4592890045345932
373,5.702548974627986,6.4063182444809055,-0.7037692698531828,2.0815279796022583,0.1857709022767845,1.3231939053738473
374,5.736851659927721,6.555203036679947,-0.8183513767526165,1.2272929550995268,0.12017442166670034,1.5540419032370563
375,5.350370331644241,6.217811813722191,-0.8674414820789025,1.7669977855313608,0.14352733189145397,1.4627809334476733
376,5.574605069843143,6.463181633572331,-0.8885765637296572,1.5839795470334188,0.131066959565756,1.5099077707912854
377,5.511117523164627,6.1569449692680305,-0.6458274461037945,1.697710551673838,0.1773463058956691,1.3489709227062467
378,5.835541372517197,6.625692427018128,-0.7901510545007113,1.68600623861618,0.15142724639650332,1.434508355534757
379,5.360946631786261,6.245425067972482,-0.8844784361854181,1.1323956020182848,0.10506824382421424,1.6207640845384816
380,6.266979628309469,6.979207121681474,-0.7122274933726658,1.9070078767008916,0.17599524901801,1.3531890297107845
381,5.3532153702895595,5.864487384026075,-0.5112720137358338,2.3703197797509183,0.23689792031177176,1.182776036125555
382,5.996892004199777,6.716913147461723,-0.7200211432609649,1.5750802100399923,0.1570121499796681,1.4151922029910038
383,5.914902350630269,6.4785676162086485,-0.5636652655784928,1.6601614080368172,0.1915129714053587,1.306116415431162
384,5.38676630524567,6.087551229379036,-0.7007849241326767,2.2592459026462723,0.19410203393639341,1.2985394365623777
385,5.874212768963458,6.596093728142341,-0.7218809591786339,1.5710098049142207,0.15645851871565913,1.4170834908450167
386,5.7967447723099905,6.498210944748115,-0.7014661724369944,1.3791099668639948,0.1483086228154898,1.4455316028115257
387,5.342168009623107,6.076118992110095,-0.7339509824860215,1.225863414901431,0.13277626803228162,1.5032434839551014
388,5.776544965631343,6.439692997104045,-0.6631480314727014,1.8658280449434042,0.1829626020515066,1.3316884017425619
389,5.777719886252795,6.426330351145458,-0.6486104648920445,2.02959400699738,0.1937166676460632,1.299662502048032
390,5.7419147705746365,6.479358820591534,-0.7374440500161654,1.5931463675591928,0.15506642245511065,1.42186163528207
391,5.757441797256048,6.41799185638301,-0.6605500591267628,1.1116402247601087,0.13652620119508335,1.4888525486068265
392,5.670257161401947,6.334279521772698,-0.6640223603708364,1.6404050501397194,0.17073389556819257,1.369849470878402
393,5.875434514224777,6.551463753451619,-0.6760292392273186,1.439591005299853,0.15658242073014936,1.416659782645289
394,5.478417027664888,6.146936671220052,-0.6685196435546459,1.6134992487193252,0.16837265610865162,1.3774516415264204
395,5.927086672262318,6.480230104923569,-0.5531434326612725,2.1134350126425723,0.21688522244859823,1.2348529884073705
396,5.549649577612014,6.277024906464218,-0.7273753288518492,1.302614639419362,0.13900412806612925,1.4795097477034007
397,5.16330526946656,5.9307013902293075,-0.7673961207619868,1.317811839054702,0.13362196666868822,1.4999707994682967
398,5.53458959525558,6.209714070813929,-0.6751244755578227,1.4906892894381176,0.15990742144476677,1.4053829922198537
399,6.14647566481433,6.8032954791269145,-0.6568198143122572,1.7149274064583437,0.17621950811795606,1.3524872083475326
400,5.455948849229186,6.236227630424549,-0.7802787811961025,1.5666839662493839,0.14651246027437906,1.4519609616723794
401,6.2129452058330354,6.890463720113912,-0.677518514280564,1.2823618690214698,0.14600634947718313,1.4537834638236988
402,5.473403607647539,6.139673930316482,-0.6662703226693338,2.6055114154185137,0.2142335123416929,1.2420082657791334
403,5.413710765726661,6.1446761012368665,-0.7309653355096088,1.0073389967340436,0.11721148416746677,1.5665860349380405
404,5.33727367399713,6.046902016235945,-0.7096283422388296,1.0928097222372113,0.12705495716263765,1.5258189612895743
405,5.369137384201691,6.048853453292876,-0.6797160690912278,0.4697555499665178,0.07189188585036925,1.799802140607747
406,5.747636180424321,6.588324115278423,-0.8406879348540315,1.4897522098209581,0.13286011063922537,1.5029183104982768
407,5.092894824996234,5.926486562603513,-0.8335917376070938,1.159964166789349,0.11359988307491928,1.5822176911222576
408,5.860127558867658,6.5179691756777896,-0.6578416168104013,1.7631198843862013,0.1786275265872129,1.3449929025755347
409,5.567566666708059,6.336716416450271,-0.7691497497417004,1.4128528820640849,0.13928702676083826,1.4784512860673653
410,5.865739759458462,6.433729450189011,-0.5679896907295188,1.8509040763283267,0.20102485429754247,1.2786371701814676
411,6.056427127797702,6.855285417826641,-0.7988582900288748,1.0959212428493696,0.11400271619211808,1.5804549491543947
412,5.872696231129863,6.730285808137387,-0.8575895770072748,1.4859006236950307,0.13017052667782342,1.5134297745550789
413,5.500768326598132,6.3260951736598425,-0.8253268470616604,1.8017804184849702,0.15173764197085743,1.4334207150074612
414,5.386154405301182,6.173237095282657,-0.7870826899816166,1.058866281013163,0.11299046767617532,1.58489379015832
415,5.795463257376083,6.442275589503465,-0.6468123321274106,1.5980307837791035,0.17150652183713574,1.3673790616734813
416,5.588438736079821,6.342736206981099,-0.7542974709022019,1.6173448124193648,0.15359075598390806,1.4269623195993404
417,5.851835625886066,6.534390891960291,-0.6825552660748144,2.215255587672587,0.19561668824081307,1.2941410970821374
418,5.5735076667811665,6.3752475152112975,-0.801739848429861,1.146898283863857,0.11715521434906664,1.5668266585757993
419,5.74374560690792,6.549494001743168,-0.8057483948350637,1.5298018746073758,0.14041478416094363,1.4742481715411553
420,5.770168240728323,6.533905982089221,-0.763737741361183,1.8078091047991087,0.1620892421411531,1.3980793434727092
421,5.367144427580184,6.292434311041303,-0.9252898834611187,1.2485164038563887,0.10720093738428865,1.6109026727471683
422,5.304102897529971,6.08539163981755,-0.7812887422878703,1.3406684170736618,0.1329247596146956,1.5026676856971175
423,5.763379851759579,6.486653646025102,-0.7232737942649692,1.3187632144996808,0.14073837163331593,1.4730469679410072
424,5.646784767499026,6.455916005805632,-0.8091312383066906,1.5987292337653525,0.1437181764581583,1.4620840591529614
425,5.7574306380252676,6.400659706236302,-0.6432290682114399,2.29759893492146,0.2066217541559308,1.262909364448123
426,5.680664253468036,6.372217196267227,-0.6915529427988076,2.3436997198515783,0.19931701364898463,1.2834998455598232
427,5.270262776288815,5.998193985261194,-0.7279312089722225,1.660556827808934,0.16044424734455995,1.403579016034999
428,5.076889340933645,5.988882007950137,-0.91199266701733,0.6773903744981311,0.06878603970989092,1.819822502694965
429,5.416137789626715,6.159304416585909,-0.7431666269594643,1.851627362567923,0.16780339613885742,1.3792963672603717
430,5.474559338960331,6.125428784196357,-0.6508694452359123,1.9452000723410663,0.189240427892746,1.3128294384784953
431,5.056740140783019,5.911269365236754,-0.8545292244534721,0.9683196390632656,0.09748935923386226,1.657148976892278
432,5.540315614234329,6.2610176863400735,-0.7207020721052686,1.125140027611863,0.1277163332629353,1.5231693853788715
433,5.427712650576337,6.22289802036161,-0.7951853697850311,1.9895034846584885,0.16561214183689701,1.3864414668764935
434,5.933715338340859,6.61326801404673,-0.6795526757059633,1.7206334042623173,0.17231764406677344,1.3647945123627314
435,5.9678917018560025,6.504594297354663,-0.5367025954992641,2.32359207344272,0.22948240763257133,1.2016932234175872
436,5.5155793285180845,6.092648971404307,-0.577069642886272,1.4898774001038255,0.17850717526623286,1.345365672030659
437,5.512328812498323,6.109130369881305,-0.5968015573835146,2.2670938801679625,0.2145729944033284,1.2410886704249353
438,5.885540326598472,6.625287834073772,-0.7397475074749309,0.6241736486853551,0.08205061828051002,1.7389098674902668
439,6.025427917529283,6.63547838985893,-0.6100504723299309,2.1509918163772657,0.20685364321871036,1.2622644528353701
440,5.976921313527397,6.599370737668371,-0.6224494241414504,1.0671631582854175,0.13961900378614028,1.4772113070797506
441,5.871457004754644,6.485208518208294,-0.6137515134532805,1.6638194168681046,0.18163009251692008,1.3357527774536395
442,5.570904147287889,6.269423013959154,-0.6985188666712929,1.7201093700904249,0.16885353512971804,1.3758969645764056
443,5.534609114160572,6.342044786980969,-0.8074356728211569,0.8509787116149177,0.09429356662062158,1.6731713605101304
444,5.767787114471117,6.4675722906206,-0.6997851761498168,1.4023077985567962,0.15007609327574783,1.439262747358208
445,5.755645328970401,6.478240781637842,-0.7225954526684291,1.571597327511105,0.15636960379683587,1.417387710401749
446,5.579067313787688,6.3674611042839455,-0.78839379049532,1.6579581513282946,0.15021674611937688,1.4387663049419672
447,6.127360698002645,6.908221180075904,-0.780860482072967,0.8990730082359057,0.10158953933495331,1.6371959197549268
448,5.833593808845377,6.665749926115955,-0.8321561172706424,1.294278372618935,0.12248038727097701,1.5444457367614588
449,5.689115194262355,6.477074784123387,-0.7879595898612024,1.2865100495691646,0.12846451310686938,1.520184893147423
450,5.953477260848173,6.538334151457155,-0.5848568906094442,1.740589128011333,0.19167851473358127,1.3056297015046447
451,5.889913317489642,6.683925255059206,-0.7940119375698487,1.2381159809595843,0.12441198154675959,1.5365155721799908
452,6.27930937827257,6.789639277014535,-0.5103298987414746,2.518471872826657,0.24285943337037277,1.1678694385115176
453,5.62811808437125,6.374595588658272,-0.7464775042872134,1.5331573082641512,0.1501187540426536,1.4391121362175208
454,6.030500894892226,6.856794298097048,-0.826293403204545,1.5684688549997947,0.13941129799773336,1.477986850088978
455,6.041221284344443,6.945235281467104,-0.9040139971230019,0.9911126896009126,0.09317969829541614,1.6788581198750359
456,5.9418851025516926,6.599330514022546,-0.6574454114706896,2.1826879109020556,0.19896218540660263,1.2845139508652827
457,5.914805348459209,6.705462858157466,-0.7906575096976667,1.9897782095543448,0.16637799230440975,1.3839361961042724
458,5.485877507055717,6.049655485436153,-0.5637779783801307,2.3095738248409727,0.2231650419005066,1.2181550910611227
459,5.757152013135579,6.379499076745679,-0.6223470636095954,1.6197226215762637,0.1774280032443373,1.3487166257601302
460,6.073320160320305,6.8651866019753225,-0.7918664416556567,1.661878196799755,0.1498675309345803,1.4399995339109486
461,5.397021332769851,6.156291992310981,-0.7592706595405616,1.6233259372251112,0.15309503027198615,1.4286841679334195
462,6.1271332547472195,6.946540974606391,-0.8194077198595551,1.6608054843817666,0.14545033227181964,1.4557912611423969
463,5.642432611677192,6.2761745400295705,-0.6337419283527197,1.6771499035921753,0.1785065527648619,1.3453676006176336
464,5.659657712903551,6.233630976101294,-0.5739732631982406,2.182201639646191,0.21559576372519282,1.2383244977997712
465,6.031139823503123,6.7193566479508515,-0.6882168244483182,1.5185180410115464,0.15925470427625005,1.4075825948245912
466,5.9707898467864435,6.60911175489405,-0.6383219081080824,2.150462061019981,0.20123827574835956,1.278031624737632
467,5.777320471301733,6.170123139257241,-0.3928026679550385,1.877343818810763,0.24235703918251544,1.169115650460742
468,5.729673153713135,6.462623137532935,-0.732949983819708,1.5994351384422423,0.15618424789425003,1.4180223218167882
469,5.898580960094092,6.540668183751967,-0.6420872236576542,1.6449632480891285,0.17509825583871227,1.356002867036247
470,5.5353328039805785,6.2769129825211945,-0.7415801785400618,1.6404059448422323,0.15700251618405445,1.4152250702300517
471,4.931464019006468,5.870237398251247,-0.9387733792445943,0.954462752546231,0.08673688372313233,1.7128676892522736
472,5.488698818168428,6.255426885718959,-0.7667280675505026,1.3203309425035261,0.13388733522053592,1.498947180586074
473,5.390166491736251,6.228431836561112,-0.8382653448252313,1.646913847607765,0.14181006161614454,1.4690837983879017
474,5.515338691368539,6.333187804191516,-0.8178491128228416,2.0315457231542933,0.16380847450107616,1.392376309537892
475,5.674831323896411,6.535836394617638,-0.861005070722058,1.1958283326076309,0.11224542903304571,1.5881809433064122
476,5.1133439661376325,5.914527462283614,-0.8011834961462228,1.4536700132959393,0.13673258590588885,1.4880694243857193
477,5.718115265968278,6.464588700786804,-0.7464734348186539,1.9273427523843552,0.17094239634635702,1.3691819833051826
478,5.508380570131136,6.057581602537381,-0.5492010324060175,0.32800074784239897,0.06666915127990065,1.833897900612994
479,5.669625019296815,6.279389528097985,-0.6097645088011632,1.7528585181923866,0.18735163323749407,1.318454241853842
480,5.716652236642018,6.386733720805564,-0.6700814841642568,1.5243122956604864,0.1628532527594283,1.3955393647827203
481,5.725152124145621,6.445679873437646,-0.7205277492930691,2.24482211457946,0.1898846024595924,1.3109205641154456
482,5.678774734533887,6.349719685349944,-0.6709449508152829,1.6685559003216959,0.17103836419976534,1.3688749598633985
483,5.200153316265256,5.805106003424269,-0.6049526871602211,1.509854968070906,0.17422598437849357,1.3587494883297817
484,5.4567942162844485,6.319936656879184,-0.8631424405948565,0.614393853920495,0.06804466358520436,1.8247109260997285
485,5.702674994664973,6.46980035266631,-0.7671253580010671,1.5445129077602218,0.14738082859949714,1.4488451611466069
486,5.962178525147989,6.554915135971319,-0.5927366108235219,1.5877703223433066,0.18136734464721313,1.3365568110466315
487,6.189401274036369,7.10392609938909,-0.9145248253526006,1.593786802530687,0.12793377867584887,1.5223005965582828
488,5.497360269343131,6.19719217738283,-0.699831908039414,1.6397220933565766,0.16420755816591873,1.3910589280404537
489,5.796524167356052,6.5753863562167165,-0.7788621888603302,1.5182072037592782,0.14398244069468935,1.4611202616196914
490,5.558550694300335,6.261040372943134,-0.7024896786433601,1.955751171358811,0.18012191093634705,1.3403797648890965
491,6.081959152340074,6.7540827902537455,-0.6721236379144102,1.5701044174646182,0.16519931415244002,1.387795537252389
492,5.9037394904040195,6.670794958856481,-0.767055468451872,1.405933539972736,0.13919613928730967,1.4787911597048395
493,5.712270585834245,6.208835356219934,-0.496564770385703,1.952402834708023,0.22158111204212122,1.2223346209025865
494,5.808897676932771,6.4493962981047,-0.6404986211709911,2.4181245159401303,0.212056526570163,1.247930454810938
495,5.800008162458267,6.600531418087376,-0.800523255628832,1.3303086768206445,0.1293573630813228,1.5166409398739282
496,5.703875876911821,6.433681979909961,-0.7298061029987366,1.9864673797852532,0.17668269113150734,1.3510397769651434
497,5.738361408636207,6.500355424091465,-0.761994015455457,1.4527560465928122,0.1428414365601534,1.4652913827633
498,5.115625714484464,5.904932273642251,-0.7893065591579216,1.9284601347007868,0.16372514398336263,1.3926516900469754
499,5.55180103513119,6.292163230099105,-0.7403621949679291,1.2624579504349533,0.13424207953186573,1.4975812566287405
500,5.707798556271497,6.458786364245375,-0.7509878079727059,1.7997656772810409,0.16384435883328907,1.3922577559017888
501,5.311449454847731,6.2319915690286845,-0.9205421141805346,0.6101553123336156,0.062457837371570034,1.8630314798263012
502,5.851485645288063,6.475333545628102,-0.6238479003404791,1.8734326947091766,0.19090169409651747,1.307916318092449
503,5.4675488497419575,6.41136745128493,-0.9438186015431711,0.6551405691213166,0.06410995961314707,1.851414395876687
504,5.962061647829229,6.725067577584147,-0.7630059297543994,1.6866173753571783,0.1559117973419063,1.4189561610705745
505,6.075693516528714,6.671866763480649,-0.5961732469513663,1.927907681372215,0.19915294656837765,1.2839685880183491
506,5.733154433085998,6.355776708601708,-0.6226222755158233,1.9272074827297718,0.19383965331945358,1.2993039092340375
507,5.949813014126063,6.525595360422136,-0.5757823462963643,1.6097556277318024,0.18608778330916714,1.322241387643115
508,5.506531788239569,6.137697855447319,-0.6311660672081416,1.9940447553282787,0.1954165076815805,1.2947209572245224
509,5.639262412701624,6.3617393004574065,-0.7224768877558745,1.6856933234827771,0.1627609255921097,1.3958458313585906
510,5.9262629116870595,6.654927608655184,-0.7286646969678259,1.405064390597584,0.14537135208778915,1.4560769377378129
511,5.576523391808747,6.257386884541068,-0.6808634927319872,1.0172688670921772,0.12574428041912353,1.5311016163736453
512,5.468582790175402,6.257424800688197,-0.7888420105136902,1.710198313162378,0.15291253200747032,1.4293191233906049
513,5.678403208859505,6.443662364966682,-0.7652591561072768,1.7442440464034785,0.15857451827392596,1.4098820346005978
514,5.623917771326502,6.433287054516532,-0.8093692831889712,1.7557324527986484,0.15195831763221118,1.4326484873200713
515,5.79367849358148,6.4080889762628725,-0.6144104826817056,2.265634945528296,0.21096295343761734,1.2509219535175355
516,5.743524692729421,6.58000799696733,-0.836483304237845,0.7425022316448349,0.08189992238413875,1.7397670958458422
517,5.7815483683521744,6.37378343064219,-0.5922350622895465,2.367354338404505,0.21965435241113157,1.2274477402303396
518,5.27961425316205,6.277510985132556,-0.9978967319711955,1.4117573446409413,0.1075143212740584,1.6094667434150336
519,5.215535192492622,6.119786505367129,-0.9042513128742939,1.7565887130856428,0.1375952970562221,1.484805716969177
520,5.365425017743815,6.265375991564097,-0.8999509738205234,1.5093101891241663,0.12546366725525357,1.5322381914579115
521,5.63940606006288,6.247492075653062,-0.6080860155898336,1.901307328630855,0.19542993441569081,1.294682050576086
522,5.381440375642866,6.146954177580147,-0.7655138019372316,1.4670936096596634,0.14313106629068528,1.4642301816309142
523,5.6541906824846375,6.265488022247089,-0.6112973397630412,2.1595341182302796,0.2069840303959135,1.2619020607504274
524,5.461778965038844,6.184254799586659,-0.7224758345473674,1.965846147422818,0.17700782206771903,1.3500254420062563
525,5.4493187082567385,6.153272541886031,-0.703953833628475,1.8747032303587368,0.17588568388302475,1.3535321575233705
526,5.403612275381944,5.955892794878308,-0.5522805194959801,1.8170061200097614,0.20254090245301118,1.2743457695913414
527,5.7341334580601835,6.476307267844694,-0.7421738097846173,1.8937330872937768,0.17005652890866607,1.3720221937265002
528,5.646150196901159,6.20777612690137,-0.5616259300004458,2.8454500727073455,0.24348246271807555,1.1663265003471919
529,5.7857774583877255,6.58964954486901,-0.8038720864824427,1.0282533721904823,0.10843205963829475,1.6052806315524417
530,5.511187499335007,6.107582484677172,-0.5963949853421582,1.8009240179503507,0.19259532679137628,1.3029397647213457
531,5.345380577516677,6.133814920125628,-0.7884343426085252,1.4073147461291047,0.13593340985212926,1.4911069807840076
532,5.778788263804541,6.318669171290109,-0.5398809074849851,1.512654737209468,0.18761354556871,1.317671779181836
533,5.763717990029887,6.6949170285933,-0.9311990385640456,1.0707792553686009,0.0953622757977512,1.66776555672264
534,5.626903045474661,6.358512427399061,-0.7316093819235903,1.4787073895535343,0.14938760499670908,1.4416979401106182
535,5.992465374501604,6.6880151453772765,-0.695549770875914,1.4760020642435059,0.15539423398411298,1.4207335539173531
536,6.094759591355411,6.696342334283399,-0.6015827429282581,1.9861871462119094,0.20091318461215465,1.2789541999980905
537,5.850240013828239,6.568304338425412,-0.7180643245965257,1.9473640234070366,0.17691043352369842,1.3503291264914559
538,5.401666368629391,6.11046089175351,-0.7087945231241974,1.5340173690492485,0.15656565888137158,1.4167170883290614
539,5.607927716481369,6.243186610961038,-0.6352588944801028,1.609155660317688,0.17433744938035958,1.3583979343497792
540,6.031112949887371,6.672440298883087,-0.6413273489961284,1.6559630625735338,0.17586619770641468,1.3535931995530024
541,5.521471708736113,6.344313951334369,-0.8228422425981989,0.926988548903255,0.098355172126314,1.6528805705748686
542,5.266034904214008,5.9681628900129535,-0.7021279857990521,1.4094493802459631,0.15012544223058458,1.4390885269527522
543,5.461898950146475,6.403377714071672,-0.9414787639243514,0.662268306761753,0.06488393744950019,1.846056945370888
544,5.5833218414805525,6.50905380800396,-0.9257319665239265,1.6234613829887898,0.12791411364931987,1.5223791196253014
545,5.515341133418202,6.272749508867809,-0.7574083754498133,1.8342844148400577,0.16449314583257169,1.3901176785118214
546,5.806870704995687,6.58051565171805,-0.7736449467229249,1.7699508990724624,0.1585039356876849,1.41012107366833
547,5.897650269131715,6.532305455473262,-0.6346551863407512,1.3783210781404716,0.16014869720114977,1.404571631737743
548,5.896802430922959,6.546986713800939,-0.6501842828774897,1.7695286859005996,0.18041497162438774,1.339478430758254
549,5.8642720284538665,6.4296238978769065,-0.5653518694225568,1.477790292510731,0.1801154262999005,1.3403997212800358
550,5.81763282203117,6.586028745793994,-0.7683959237629097,1.1828522471108283,0.12449990857152762,1.5361568805492667
551,5.5235594412202556,6.158955132008719,-0.635395690788755,1.9363596056004422,0.1917922458316625,1.3052954998645852
552,5.701849789138192,6.272733189238542,-0.5708834001006835,1.507846125996112,0.18088998733199077,1.338019784970783
553,5.948137452848256,6.814194428185649,-0.8660569753383243,1.1621745040628717,0.10939307623327266,1.6009270559804285
554,6.019173791457048,6.763272482059191,-0.7440986906021863,1.3203243227192445,0.13746137081546533,1.4853113342182582
555,5.135166613765774,5.771873678733845,-0.6367070649685047,1.991712156508008,0.1942236905464131,1.298185235002008
556,5.744825839066449,6.452880474107721,-0.708054635040753,1.368879178771321,0.14653165095899762,1.4518919509730797
557,5.8740468787051,6.547592522094758,-0.673545643390753,1.4372696919845538,0.15687896485185845,1.4156467210149635
558,5.836195279698201,6.483931078097788,-0.6477357984003902,1.3674946411845692,0.15702884484713467,1.4151352493925937
559,5.655075601623663,6.366385079349326,-0.7113094777259903,1.4749886575233564,0.1526042849620906,1.4303928996901696
560,5.497897484131114,6.439244669605996,-0.9413471854750242,0.9434234518732723,0.08569977282519978,1.7185311768852947
561,5.752691228965501,6.663867307958183,-0.9111760789928667,1.275340237212209,0.11060540905138085,1.5954778960303215
562,5.38343723423584,6.238183701221642,-0.8547464669863984,0.9962156309159997,0.0994811977612522,1.647373991934682
563,6.207361031724373,7.157012355016098,-0.9496513232916186,0.9693470959459916,0.08656683738676112,1.7137925214150378
564,5.622403731946703,6.443920738204879,-0.8215170062585457,1.1870825275410208,0.11708025562322678,1.567147341581983
565,5.6332507966440755,6.441782288387541,-0.8085314917425421,1.8108500024762009,0.15486426916894094,1.4225581981889115
566,5.708660352385392,6.586121429805848,-0.8774610774198663,1.3512516788238944,0.11960707083296619,1.5564249721769887
567,5.478928506562239,6.242992936504853,-0.7640644299435735,1.8721609630368494,0.1652404573728183,1.387660473754816
568,5.886008354178172,6.7244364641834675,-0.8384281100061344,1.3477022050211733,0.12487026622392088,1.534648199801526
569,5.990866609137425,6.825111246675567,-0.8342446375390864,1.24341100088197,0.11896798620609828,1.5591199771924464
570,5.708081159767586,6.573522547939993,-0.8654413881713481,1.2789513697795627,0.11688516670265953,1.5679827133237116
571,5.549458987764934,6.387406129933323,-0.8379471421685594,1.4692586604501727,0.13209887296078154,1.5058765284504871
572,5.653200140194327,6.3327773335667725,-0.6795771933720971,1.772959261639281,0.17510795986862288,1.355972368343675
573,5.650613317688636,6.397172086334221,-0.7465587686456274,2.3530023700295395,0.18969067360024444,1.3114947283486462
574,5.8425892275677835,6.81002081039753,-0.9674315828306135,1.3042803015162416,0.10526946443588837,1.6198269077707756
575,5.656266007989485,6.364730903278355,-0.708464895288671,1.7510869966171398,0.16872917984034738,1.3762986851128547
576,5.4273298086587385,6.280657275482346,-0.8533274668225204,1.5187751094732107,0.13262657754715934,1.503824436020077
577,5.915705824185876,6.620225347118703,-0.7045195229329693,2.1022908696324567,0.18657364203259402,1.3207832627223557
578,5.309540382669708,6.0585422757848,-0.749001893114837,2.0311405895312706,0.17539034919727134,1.3550854017485177
579,5.70038714366599,6.435624471539553,-0.7352373278736195,1.2414793797405785,0.13363955822781923,1.499902894050873
580,5.667700835932534,6.484392966121176,-0.8166921301881302,1.5204848466555223,0.13820395650771064,1.482512588636041
581,5.343748631320137,6.106779715191193,-0.763031083871283,1.663456787666835,0.15466262596130187,1.4232536918053798
582,6.119369518396139,6.912435437134503,-0.7930659187377387,1.9048282028711014,0.16197394222160325,1.3984634460030227
583,5.7255616553189395,6.412518800969975,-0.686957145650922,1.3469178152428967,0.14871056105663802,1.4441010205804117
584,5.57843967461447,6.168855422441167,-0.5904157478262277,2.0040538270141006,0.204035093046172,1.270139080322277
585,5.679021916122634,6.260331987807502,-0.5813100716850386,2.562857062692377,0.22948542600537006,1.201685435777654
586,6.384150556443798,7.110247982274698,-0.7260974258306305,1.9023922649738196,0.1732986907198324,1.361680649315243
587,5.601050739198014,6.284558380007814,-0.6835076408087843,1.6459355826332018,0.16748198925787336,1.3803399847097553
588,5.677952974894266,6.546456526164311,-0.868503551269896,0.997969565278785,0.09790421668179008,1.6550999912042268
589,5.4646516920261785,6.274500489695276,-0.8098487976694742,1.436545056724496,0.13440190118356624,1.4969667838710066
590,5.306517907382455,6.255501012833525,-0.9489831054506794,1.6163734232389224,0.12439420436261528,1.5365881168843198
591,5.901113422915456,6.446906595166643,-0.5457931722521607,2.0401511951485514,0.21505426800111502,1.2397867833194303
592,5.537661205599376,6.182516761173863,-0.6448555555743951,1.7040699679305167,0.1778816189087553,1.3473062534603077
593,5.097682593026162,5.754767185665456,-0.6570845926398761,2.0364355138169596,0.19241245523160852,1.3034755591166138
594,5.911058458983986,6.47158197908132,-0.5605235200982861,1.7028581725998926,0.19459208293311556,1.2971136576518005
595,5.340988740219087,6.102326986357047,-0.7613382461386209,0.9829683839440939,0.11090253475294212,1.5941495870602924
596,5.231684728768938,6.0204592479744345,-0.7887745192056173,0.9052757639674809,0.10104410651122406,1.6398127492576522
597,5.2014547132481095,5.852320852424368,-0.6508661391762871,1.8747543021074762,0.1857415030609395,1.3232823378180048
598,6.334822927317488,6.936043488810588,-0.6012205614933919,2.2151882706504846,0.21145401496466418,1.2495772581440494
599,5.688395755749822,6.267006359249811,-0.5786106035002376,2.047950097528439,0.20853673948734464,1.2575992092727497
600,5.6217455428309915,6.322739525924616,-0.7009939830932126,1.7715522549137734,0.1711419843577336,1.368543599736425
601,5.917799978038216,6.477041052596894,-0.5592410745593952,2.109243626655573,0.21540751343803619,1.238832559107373
602,5.323357696358995,6.095944815325714,-0.7725871189677491,1.699368071359693,0.15500234047441688,1.422082368927409
603,5.217951107587011,5.93766623095488,-0.7197151233676777,0.7649494441611893,0.09817216289930476,1.6537802860901165
604,5.833465752470671,6.639094068666578,-0.8056283161959072,1.9432066154049181,0.1617324563189241,1.3992685854505569
605,5.778107614906345,6.617728649072367,-0.8396210341661572,1.308252085763698,0.12228603042418172,1.5452490654433217
606,6.030896084269967,6.841806462401989,-0.8109103781325757,1.8527502357053542,0.15654368415865993,1.4167922229202667
607,5.480412653905274,6.08878239701812,-0.6083697431131441,1.5806825926966859,0.17785594370941218,1.347386010712342
608,5.801154003054377,6.585875306818151,-0.7847213037639449,0.9763713991757097,0.10714669851112775,1.6111515334666262
609,5.252651718854919,6.012512198043913,-0.7598604791892285,1.6746808590043702,0.15579559870809587,1.4193548149549133
610,5.69072250443112,6.477323909549758,-0.7866014051187449,1.5382198892434946,0.1438950600050941,1.4614387973318719
611,5.535220795825422,6.340207442184235,-0.8049866463588842,1.1892646763881434,0.11956974780051342,1.5565820519164075
612,5.6291428871123355,6.44299238544871,-0.8138494983368219,2.279603541492458,0.17514253089402348,1.355863725684287
613,5.833360161561883,6.681066528665964,-0.8477063671034557,0.87116903092695,0.09101390875496042,1.6900734226953582
614,5.254804573498928,5.922704409506016,-0.6678998360066544,1.7632542051762758,0.17675356584884627,1.3508185454077255
615,5.565735901378117,6.281299498041873,-0.7155635966637419,1.0043572056179126,0.11929351144915921,1.5577458310788925
616,5.591394331427706,6.31645195272351,-0.7250576212964006,1.166095470324839,0.12999689669374234,1.5141141253144772
617,6.215078605997929,6.8322693029803485,-0.6171906969830161,2.0604478206084416,0.20130561218482984,1.2778406667885618
618,5.708010873811487,6.479265411413918,-0.7712545376025446,1.995500439284191,0.16991058015316865,1.3724911882671147
619,5.66794973943122,6.5354044405992,-0.8674547011687537,1.883548033205674,0.14915269711972978,1.44253077187126
620,5.629030384242993,6.290655833592394,-0.6616254493492306,1.5989536703032758,0.16880294999864168,1.3760603492963217
621,5.6277875244564495,6.317018818960461,-0.6892312945037702,1.730888551209743,0.1711072537274328,1.3686546458049322
622,5.934363701605049,6.566602809794416,-0.6322391081894239,1.7974456160278205,0.18533341001241366,1.3245109465222527
623,5.584049025748369,6.365694751045892,-0.7816457252974942,1.8945424334064978,0.16337384164497445,1.3938137938350827
624,5.658435642306882,6.332759839884629,-0.6743241975773344,1.4160755622362355,0.1553993427595651,1.4207159876483764
625,5.805375860396067,6.578749619038161,-0.7733737586413554,1.1598968134044672,0.1221684386198381,1.5457355883315627
626,5.665383011731661,6.372046649636735,-0.7066636379049669,1.9772531009600076,0.18039313225288245,1.3395455621600842
627,5.9019118806778135,6.556953514759192,-0.6550416340814991,1.0903255216033454,0.13581034841248088,1.4915759441996126
628,5.464893786498193,6.141738784780172,-0.676844998281922,1.8964540639876155,0.18193639707487652,1.3348165450110654
629,5.771131755418152,6.521757879291846,-0.750626123874099,1.7061557019465479,0.15903136630799428,1.4083367911818028
630,5.685827000852056,6.4651786671458975,-0.7793516662932234,1.0740415823046003,0.115191045942515,1.5752833911303457
631,6.043085054033851,6.793068789053306,-0.749983735018759,0.8117535917143837,0.09834666417023988,1.652922367999274
632,5.667419638189655,6.467350241638327,-0.7999306034480469,2.163056477145064,0.1725661024247885,1.3640046492176399
633,5.491786510281214,6.25244441148328,-0.7606579012026486,0.961498488997389,0.109317653391798,1.6012676386447087
634,5.741442065360912,6.3611577948096905,-0.6197157294482167,1.965495220157658,0.19629139857459504,1.292189871038697
635,5.941725851156276,6.553611183490238,-0.6118853323341682,2.0899124246685066,0.20372374736306534,1.271013777181606
636,5.377255885808678,6.069082726947476,-0.6918268411391182,1.1107282759024244,0.1312594026749035,1.5091541165247033
637,5.491332931538251,6.193260076683478,-0.7019271451454188,1.6840897860510484,0.166290323000495,1.384222542148784
638,5.602291292120368,6.442295371393525,-0.8400040792739674,1.4085201827723601,0.1282740931914247,1.5209431942513636
639,6.1353986767422395,6.717670693041368,-0.5822720162987025,1.9719550941690276,0.20415227936494482,1.2698101078024309
640,5.445866945881404,5.998877150897014,-0.5530102050151982,1.6435374241790992,0.19277147597092847,1.3024240196229198
641,5.583628303569254,6.264638862170626,-0.681010558600974,1.632420467244053,0.16717288798773727,1.3813450656073722
642,5.767100892623217,6.417441324382493,-0.6503404317600143,1.8376008077707873,0.18394742644653678,1.328698601701629
643,6.244243425968831,6.9065357822347675,-0.662292356265425,0.874219826684218,0.11650096943976193,1.5696310546970536
644,5.378349294882879,6.170338906414477,-0.7919896115317897,1.669304459785593,0.15024405981043928,1.4386699407816692
645,5.37020838662154,6.174421692745204,-0.804213306123529,0.7967222892756727,0.09020536728518493,1.6943153919254035
646,5.616659657167089,6.327146056812742,-0.7104863996464701,1.9859691744279502,0.18011531125559185,1.340400075332336
647,5.503152955824204,6.023641570414723,-0.5204886145902492,1.2174968675429358,0.17119734554031582,1.3683666254014681
648,5.348845343041445,6.109149210957041,-0.7603038679162637,1.6693663129389105,0.15543527325402717,1.4205924548217985
649,5.657671360373184,6.309422668528553,-0.6517513081553261,2.354751988166532,0.20732363094344172,1.2609589677792743
650,5.638829252041047,6.375671015057653,-0.7368417630159456,1.835023371009397,0.16806814955524724,1.3784378322563515
651,5.891998029611001,6.622100279876859,-0.7301022502660999,2.076183268127279,0.1807779581740491,1.3383635398997307
652,5.60166214602266,6.427009052100329,-0.8253469060773568,1.7324409735922544,0.14824520761841864,1.4457575811229746
653,5.413925447068847,6.292695375474613,-0.8787699284057453,1.0165728367091003,0.0979573827503849,1.654837905165514
654,5.323554246997061,5.945158756426187,-0.6216045094288347,1.5526401581514158,0.1736100980432908,1.3606949915144764
655,5.6764343010914455,6.423201124442349,-0.7467668233502991,2.331075793137579,0.18876487460045702,1.3142417148083536
656,5.243438986793604,5.866622298077848,-0.6231833112842651,1.63893125792951,0.1783738386663778,1.345778879774729
657,5.299369126999933,5.945367700492481,-0.6459985734918519,2.0438126777761454,0.19488614312278513,1.2962593650506224
658,5.628793948038561,6.403116475735407,-0.7743225276954036,2.1097653120183892,0.17456908232607288,1.3576679142746901
659,5.607348969342253,6.3339401659845915,-0.7265911966424028,1.424319417245611,0.14691346111567338,1.450520376726845
660,5.819236262788378,6.214937209985228,-0.3957009471969286,2.5891692402665374,0.27168490521180577,1.099190675182398
661,5.36786298348086,6.00831876020718,-0.6404557767264123,1.6366296271020175,0.17493254877122802,1.3565238608016665
662,5.826656104275186,6.7022758952456325,-0.8756197909706316,1.569576602523746,0.1321570748770933,1.505649886593507
663,5.745655053771385,6.473130264541039,-0.7274752107696258,2.3126981237347444,0.19146109318139642,1.3062690062841875
664,5.748926795741296,6.463639639107461,-0.7147128433662147,1.0957605519377598,0.126476407485575,1.5281455371134007
665,5.812757464838411,6.546068871493679,-0.7333114066550479,1.9372455614621753,0.17371888249907852,1.3603509813511907
666,5.4977600180178126,6.227789916329042,-0.730029898310022,1.2522388510492704,0.13520267074357048,1.4938965101768205
667,5.302660641613853,6.030594317709939,-0.7279336760948354,1.6249380298843619,0.15847309578970148,1.4102255431484867
668,5.592680234681735,6.202170091932585,-0.6094898572500824,1.1762042547673168,0.15050586994188472,1.4377469376532104
669,5.354487538671107,6.143711752299323,-0.7892242136294954,1.054417138947608,0.11236544652544547,1.5876502592666994
670,5.8089998749479275,6.4830421515368055,-0.6740422765878975,1.43468638748236,0.15662780034591497,1.4165046614122574
671,5.2426564338553145,6.089767067609811,-0.8471106337547099,1.6115798507999823,0.1385978740530768,1.4810326470446589
672,5.7150488207749515,6.417333727405049,-0.7022849066306662,1.6495713330620703,0.16432207187308895,1.3906813619013432
673,5.128786642904357,5.779638725225103,-0.6508520823208528,2.3144612764750345,0.20584346470387854,1.2650777313457036
674,5.600131933898934,6.4057948956764985,-0.8056629617776707,1.383976841187307,0.13189004762593323,1.5066903445327289
675,5.610177970108067,6.4131001614204575,-0.8029221913120637,0.8614043440641961,0.09570200043850975,1.666057308986791
676,5.401552946429161,6.235203734244584,-0.8336507878148041,1.307752863579264,0.12310552343845188,1.5418686174684872
677,5.705095144764142,6.492232191177001,-0.7871370464135907,1.6940182354383744,0.152338688414193,1.4313194278286663
678,5.722192763224099,6.552199196013985,-0.8300064327895598,1.5551450421224224,0.13811322907972243,1.4828539104850544
679,5.660234713754631,6.377879445572971,-0.7176447318170176,2.2086667772847246,0.18886504034948717,1.3139440292689943
680,5.427783985348993,6.102195358707396,-0.6744113733584527,1.7209107070555856,0.1732763753194359,1.361751332210752
681,5.998838300056901,6.65538728138702,-0.656548981330161,1.8608239731760978,0.183955239118725,1.328674930891025
682,5.609915527209138,6.22191989628856,-0.6120043690789316,2.448118878184591,0.2188751270840345,1.2295247421316373
683,5.988580318799519,6.711924489147398,-0.723344170348355,2.5095171104545955,0.1999987645613785,1.2815550853541462
684,6.003677490887254,6.639390366173336,-0.6357128752852077,1.3854444986020358,0.16042262080895558,1.4036516026386172
685,5.474161329053073,6.194019644017628,-0.7198583149647675,1.5284417186445705,0.1543312244292608,1.4243982365255474
686,6.2868692431671445,7.135685366042322,-0.8488161228760873,1.6334763209093985,0.13950422613727104,1.4776397601521083
687,6.310202066183207,7.024335497173942,-0.7141334309899321,2.4757751280301576,0.20038523357194307,1.2804547945034794
688,5.650620955838873,6.379364299778066,-0.7287433439387314,1.972807672626809,0.17622499036858644,1.3524700599231587
689,5.8881038645454975,6.705118281719491,-0.8170144171735956,1.4050530611466332,0.1314556375197378,1.508386494567553
690,5.605009390972169,6.5650488113806045,-0.9600394204080658,1.2742114466482644,0.10443537803082953,1.6237209485566548
691,5.582317565759309,6.316814769482674,-0.7344972037226398,1.2746166455170282,0.13599232173441608,1.4908825949853608
692,5.523255926685648,6.331304649873344,-0.8080487231873121,1.765777992935627,0.15267965004149986,1.4301302136803749
693,5.78824155014861,6.517512242391154,-0.7292706922426078,1.1214975496776347,0.12611167970720497,1.5296165126482586
694,5.78332952696435,6.496167971318263,-0.7128384443540199,1.7122364635996998,0.1658836743786128,1.3855522270738507
695,5.631458116455702,6.450177297104224,-0.8187191806482588,0.8253765419641876,0.09083198507434864,1.691025224716603
696,5.8606446649169595,6.407034822750779,-0.5463901578332298,2.15667870959812,0.22026514518241896,1.2258233846711468
697,5.89936970278684,6.590798547068941,-0.6914288442821999,2.2245906421617736,0.194361373226696,1.297784570120519
698,5.588487539639187,6.30324123708518,-0.7147536974471222,1.8467604182733908,0.17254725753322162,1.364064528370071
699,5.508624673465944,6.057534116802676,-0.5489094433369246,1.3595309387362136,0.1756309053303694,1.3543306704964497
700,4.832116148397814,5.557428370817737,-0.7253122224192339,0.6443785009024872,0.08581410039500914,1.7179041464788922
701,5.652108982285041,6.365229568568742,-0.7131205862833667,0.9576365847574344,0.11589653387629531,1.572232961120084
702,5.475885299927155,6.143516047962285,-0.6676307480356627,1.3097237551938914,0.14959637015234079,1.4409586318951126
703,6.251297291025891,6.908893133240097,-0.657595842214505,1.5190974449171044,0.1648174792048117,1.3890502209403794
704,5.880172877341989,6.620726573396864,-0.7405536960550307,1.7521538200918023,0.16317476143660872,1.3944731851575662
705,5.201173058702421,5.9597814421285005,-0.7586083834266901,1.5742756733513925,0.15046557227105334,1.4378889260335768
706,5.576214686269465,6.296722879739937,-0.7205081934707778,1.3658085831724591,0.14424510648589753,1.4601636368450301
707,5.773455911297402,6.5358263760178925,-0.762370464720334,2.5440609385305137,0.19432657682980264,1.2978858100548003
708,6.030630567582717,6.584653412383863,-0.5540228448016933,2.0209802400466295,0.21239922012846058,1.2469953021583444
709,5.647353489468129,6.153683632372276,-0.5063301429036073,1.7529437101791814,0.20902173634909973,1.2562599530039376
710,5.707441556443497,6.315176304342051,-0.6077347478976662,1.818099904167406,0.19123053969683368,1.306947507845545
711,5.652822117520897,6.475795329939471,-0.8229732124182192,2.1933259617103023,0.17004198644176594,1.372068911233298
712,5.647632009834139,6.486685435759723,-0.8390534259251581,1.9537666075107172,0.15684740223798083,1.4157544769447366
713,5.352502059650375,6.08998545174134,-0.7374833920912351,0.6127028247861297,0.08115646488615771,1.744015053867621
714,5.252577558270401,5.953886808653001,-0.7013092503821099,0.9944951444518679,0.12068916205158954,1.5518874260446547
715,5.045223741814494,5.792585345370197,-0.7473616035558734,1.0002894663416662,0.11425096175546272,1.5793711018656387
716,6.073190009962287,6.693525005372058,-0.6203349954093937,2.0466610066870636,0.20003888134658368,1.2814407992864696
717,5.900446174825062,6.624917349652355,-0.7244711748271584,1.6730906342243017,0.16172845945921588,1.39928191903433
718,6.007012186061344,6.687246117942804,-0.6802339318810482,1.1323393837653857,0.13479058973481386,1.4954747314735888
719,5.815708631048052,6.529425896665428,-0.7137172656175608,1.760560270119095,0.16829618252376735,1.3776991868638642
720,5.622589768474041,6.212033355860987,-0.5894435873879047,1.92363032549944,0.20030615145747555,1.2806798179042973
721,5.559689623788087,6.272598056654209,-0.712908432866243,1.6593355709094144,0.16299001283151907,1.3950856503790305
722,5.487501331612817,6.184189418503044,-0.69668808689039,2.058408723163664,0.18601139692739593,1.3224708889354224
723,5.83928496290862,6.624659277091146,-0.7853743141831728,1.4186824313807715,0.13709435769219852,1.4866988836246915
724,5.548809475181384,6.2552051874663075,-0.706395712284575,1.2423838103063396,0.13837527432848726,1.481868551616946
725,5.3188183035232,5.943252508317704,-0.6244342047948521,1.6949921970101265,0.18129877384838491,1.3367667864725388
726,5.432985180582888,6.205138449140035,-0.7721532685563943,2.1663758450713626,0.1774185110260136,1.3487461674322807
727,5.51095544237212,6.275313355087077,-0.7643579127152407,2.2268109358040107,0.1813509648437777,1.336606963428154
728,5.620401686426318,6.374167483712396,-0.753765797286178,1.043666536054042,0.11663847388043916,1.5690406223672928
729,5.894610811196413,6.4510300793320905,-0.5564192681358691,1.4990127589832323,0.18329892047242774,1.3306660446541512
730,5.535529949932039,6.135340815974677,-0.599810866043299,1.5330323960533132,0.17666180707525708,1.3511049780199043
731,5.817488742078764,6.4205088550025575,-0.6030201129233319,1.82445658537209,0.19250407123245336,1.303207087125875
732,5.471210672414214,6.350034841022987,-0.8788241686079346,1.2402013156120741,0.11268405657370191,1.586243618850219
733,5.88887991054578,6.585172852848855,-0.6962929423025344,2.306543866691145,0.19690915600700953,1.290407654014316
734,5.4280168091650705,6.250011827490118,-0.821995018324742,1.2635168661889047,0.12199079914569827,1.5464712462897336
735,5.580075916598231,6.257180077695166,-0.6771041610973043,1.3413981563013326,0.15005900444974982,1.4393230875373797
736,6.100468952525786,6.721274956878537,-0.6208060043527439,2.1265158061552736,0.20361156986829063,1.2713291678848524
737,5.893556577353207,6.55766387271437,-0.6641072953607363,2.052776249392908,0.19183654317858898,1.3051653704589836
738,5.9076143629768705,6.651317984800739,-0.7437036218234425,2.184755526296854,0.1831704938649521,1.3310562779115294
739,5.821266932289815,6.415588897864167,-0.5943219655755456,1.8632786245862452,0.19626465062799436,1.292267131035026
740,5.4280109653360125,6.284285335005235,-0.8562743696684265,1.74446839608051,0.14409068153135518,1.4607258882204655
741,6.0877538262480595,6.633241897649922,-0.5454880714023602,1.6419398190584218,0.1942608980051887,1.298076938510502
742,6.017628225455679,6.784668628222056,-0.7670404027667246,1.5028215149424629,0.14498818142290062,1.457464581254377
743,6.061617039615681,6.854067206866821,-0.7924501672514452,1.9230143672105005,0.16294492057994067,1.3952352164281836
744,5.62455321209343,6.368114170391484,-0.743560958298076,1.538676388354899,0.15092386154324625,1.4362758556383441
745,5.842397503263397,6.573799054769976,-0.7314015515066785,1.2016874807104383,0.13150675605104117,1.5081866774287043
746,5.4069285165410985,6.162335045162221,-0.755406528621279,1.9220242875829623,0.1691438626733016,1.3749599463028062
747,5.947377999230026,6.628877382974862,-0.6814993837451766,1.8007915299673591,0.17621179712292676,1.3525113289349298
748,5.5841884883307795,6.268202434400662,-0.6840139460700811,1.058695745851134,0.1285281350659881,1.519931728852889
749,5.87533008285534,6.502524693014932,-0.6271946101596768,1.7214587430398307,0.1822257309765461,1.3339332573663436
750,5.780474334647421,6.654839972078717,-0.8743656374308557,1.451541257833485,0.1258368308973628,1.5307271900667956
751,5.700376764818044,6.422269754908063,-0.7218929900909643,1.7323983571296981,0.16537013377025045,1.387234942238794
752,5.435654043712544,6.293039313246259,-0.8573852695335518,1.148462074795292,0.10963438333004266,1.5998386447858062
753,5.785241358801228,6.437842785605744,-0.6526014268056315,1.0217518507170809,0.13073589120986004,1.511206325844869
754,5.460056886258441,6.331741402989705,-0.8716845167318752,1.2094910185776442,0.11169834154813876,1.5906056970941713
755,5.780343795539535,6.43930466628292,-0.6589608707436128,1.805768160145032,0.18066537639659164,1.338709149906168
756,5.504008081308326,6.214124019604624,-0.7101159382964397,1.4066649893789496,0.14858644427923462,1.4445424626797803
757,5.7623918672375805,6.534989524925846,-0.7725976576875837,1.7831182063439552,0.15935109741433054,1.4072573293022883
758,5.902635772710324,6.519112613768,-0.6164768410571924,1.850698235970274,0.19119006683933476,1.307066678517923
759,5.574409290452037,6.270996965911342,-0.6965876754602505,1.8029020882892706,0.1735692120292025,1.3608243274056913
760,5.642354175151537,6.445126980982733,-0.8027728058314096,1.813019661549463,0.15590142245455463,1.4189917460314554
761,5.755644515297332,6.488993559485321,-0.7333490441878894,1.5590295895584827,0.1538142910921536,1.4261872772748596
762,6.0789520974609115,6.780189810454841,-0.7012377129931338,1.3732594175019024,0.14797164160493317,1.446733273340276
763,5.517534818338914,6.128664505809608,-0.6111296874705658,1.3627977616221916,0.16353300319412797,1.3932870562654618
764,5.780941858086932,6.625732364726266,-0.8447905066404928,1.4638952362480033,0.13078642417023814,1.5110079547388235
765,5.663476847062681,6.3064941344557806,-0.6430172873924676,1.4886487900763399,0.16565137081259185,1.3863129284538234
766,5.698300330410872,6.517898860434469,-0.8195985300235407,1.529686191696559,0.13827818132196584,1.4822334789700606
767,5.706594898020354,6.461605706024818,-0.755010808004954,1.3940497178565572,0.14038521813638513,1.4743580310165167
768,5.3895637313604094,6.133176996167249,-0.7436132648062994,1.921014472606414,0.17113373092646597,1.3685699873370436
769,5.6509002674752775,6.34404580452304,-0.6931455370477124,0.9598265326739739,0.11911382311507214,1.5585039890802719
770,5.449052298589391,6.286953831346507,-0.8379015327573143,1.5056788150974771,0.1341717706362277,1.4978517552615576
771,6.01097816819272,6.646442023783505,-0.6354638555903875,2.300971666232442,0.2082796140202084,1.2583101439060524
772,5.687600655853727,6.496675887883425,-0.8090752320294996,1.3496948743264383,0.1292834147879456,1.5169337368263727
773,6.116894060604478,6.832943676889888,-0.716049616286,2.0572365228035547,0.18243225712816846,1.3333034038288116
774,4.9514708239763205,5.745110703027541,-0.793639879051625,0.8472281779902922,0.09571437220106441,1.6659951913628546
775,5.426882444998752,6.20705303225567,-0.7801705872570892,0.8387470272892745,0.09672518917193944,1.6609415357940622
776,6.215769999021701,6.8019806509208305,-0.5862106518998189,1.4847036571144638,0.17634874898346,1.3520830500122838
777,5.717158072555845,6.386145703626516,-0.6689876310701948,1.9425986500169294,0.18567694511376093,1.3234765635720338
778,5.923041909164182,6.70579587011442,-0.7827539609515952,1.4028074249079552,0.13654052690852223,1.4887981603705425
779,5.661732918012218,6.355831046332588,-0.6940981283205474,2.333133753409637,0.19841136141967053,1.286090837539142
780,5.972270804455162,6.619578429949739,-0.6473076254951593,1.245849323833335,0.14875785425697158,1.4439328884160407
781,5.480678500094269,6.239356949210082,-0.7586784491149956,1.6922299650742616,0.1569340694910459,1.415458631132097
782,6.082229325817549,6.649257681650729,-0.5670283558338269,2.8884335429162515,0.24378052044921666,1.1655893384962714
783,5.097557217266127,5.774085190265245,-0.6765279729997928,1.8689068913113722,0.18061651881171364,1.3388591854929124
784,6.027546670083735,6.846965279165273,-0.8194186090813673,1.1725313207163754,0.1164030334934737,1.5700519171827385
785,6.029739335586397,6.98262495316188,-0.9528856175757028,0.8249948276928762,0.07615684620791548,1.7734338372511578
786,5.877445786617114,6.6944785058122545,-0.8170327191946853,2.1247814335683586,0.1680753921246841,1.3784143605281354
787,5.42020619803368,6.007379196345601,-0.5871729983118712,2.086538256523646,0.2085690377168156,1.2575099517658959
788,5.697727452272899,6.306903755720937,-0.6091763034473843,1.5711862036183994,0.17713208037895306,1.349638150815586
789,5.880078467065301,6.579807023056018,-0.6997285559909869,2.191895433599562,0.19141529649306993,1.3064037346288984
790,5.7579819468206335,6.5669186600562295,-0.8089367132351981,1.7022951656842036,0.14927510947079708,1.4420966518518563
791,5.793101053931947,6.46872549037713,-0.675624436445105,2.326004110063403,0.20158286125197364,1.277054912584828
792,5.506703001333859,6.245753370278186,-0.7390503689439356,1.968645500565943,0.17421092170969824,1.3587970079717182
793,5.565684508858409,5.996080682002953,-0.43039617314479983,2.4531991688724055,0.25848829037104687,1.1299713656306585
794,5.51956075395408,6.274941727582009,-0.7553809736282346,1.6007412615504322,0.1524864904109119,1.4308036720074002
795,5.201176833476508,5.8769028205077145,-0.6757259870300913,1.2514848857905676,0.14417751990351976,1.4604096584542063
796,5.640550549506385,6.392052054827557,-0.7515015053204479,1.3155811219000313,0.13597431187176823,1.4909511836628933
797,5.330155321999497,6.055274083845147,-0.7251187618448967,1.7424846252029358,0.1653402312645609,1.3873330446623018
798,5.524364125341505,6.26525993924921,-0.7408958139085371,2.101086595825402,0.1799868446304752,1.3407955401127147
799,5.968100026740627,6.662956662894684,-0.6948566361552366,1.319000731234528,0.14550789345848655,1.45558313331272
800,5.807547783682436,6.563462544833042,-0.7559147611500521,1.0408955851174717,0.11611597070808871,1.5712871238623531
801,5.629813624438226,6.211085417421051,-0.5812717929829887,1.9745542739610027,0.20448424025253775,1.268878952335899
802,5.1504481832713065,5.959048817771082,-0.8086006344992711,1.2626754081755802,0.12387262227662228,1.5387201853628223
803,6.16100440895441,6.85185646409659,-0.6908520551423862,1.3928877278991934,0.15101836185133558,1.435943701182133
804,6.053218106144028,6.677678391440329,-0.6244602852957541,1.5880700213091465,0.17517030501922057,1.3557764545071354
805,5.409728485881329,6.1168792073692995,-0.7071507214886879,1.312264027189613,0.14298399373833393,1.4647688482013854
806,6.00261746400936,6.691311755611116,-0.6886942916025873,1.7791413941865937,0.17376476921394785,1.3602059216016344
807,5.663458179171881,6.526655542183496,-0.86319736301175,1.1996405791093654,0.11219776986979768,1.5883918030238788
808,6.059944393415732,6.703242110043055,-0.6432977166277851,2.132601342383973,0.1994718212331034,1.283057816078728
809,5.474543505194175,6.093990168649503,-0.619446663456074,1.202355768638876,0.15063462220209972,1.437293474684516
810,6.124725447914512,6.845408168413902,-0.7206827204990987,1.7697110766487931,0.16754619277191626,1.3801313938811723
811,5.777643955307736,6.445528988075749,-0.6678850327671171,1.3122241927218887,0.14972109997437824,1.4405172968796542
812,5.624542301917769,6.236243073101297,-0.6117007711827682,1.9524442406379237,0.19724557879614904,1.2894388028873902
813,5.6396655043977955,6.2927670644436855,-0.6531015600457977,1.1447491738186848,0.14032554718516663,1.4745798065964195
814,5.678839085551386,6.382199625942709,-0.7033605403903493,1.4299829359776925,0.15120150911583594,1.4353004165843644
815,5.966142018631741,6.638338490670703,-0.6721964720381948,2.4675458613551378,0.20788973748965978,1.2593893411618426
816,5.205457057730724,6.036573091360976,-0.8311160336306784,1.358057358985274,0.12655357256192443,1.5278347477915972
817,5.856110087728281,6.557867008810332,-0.7017569210820511,1.3601769367473118,0.14703805914405987,1.4500733740247704
818,6.077197237482848,6.721915608177829,-0.6447183706950455,1.1351098575151735,0.14104968296636364,1.4718933377403165
819,5.716469464121088,6.384780328831523,-0.6683108647102927,1.20673268770177,0.14227641384537137,1.4673663845159228
820,5.710197131485598,6.382750196959099,-0.6725530654739487,1.8716607313345879,0.18149489195932528,1.3361663961986208
821,5.49284408531055,6.312579129137921,-0.8197350438276771,1.3616037755049692,0.12843376110856256,1.5203072963364463
822,5.35431106228914,6.067074545944925,-0.7127634836560901,1.6381126504769128,0.1618381853276971,1.3989159621878253
823,5.54122700167734,6.17568758835341,-0.6344605866761412,1.7077625114783466,0.1800704035114824,1.340538293093844
824,5.425314235901693,6.224306507927627,-0.7989922720262257,1.4210034309499928,0.13513275589328072,1.4941640136734915
825,5.6904396529849475,6.344760611690857,-0.6543209587052843,2.1804953292326417,0.1994660638071521,1.2830742510435595
826,5.687983734714704,6.332817032476653,-0.6448332977624887,1.0751444326331825,0.136358685053418,1.4894888585260682
827,5.920337077284399,6.640398794390171,-0.7200617171056365,1.7113655509844534,0.1645679820996952,1.3898712341472017
828,5.558259803929628,6.280670081063354,-0.7224102771333492,1.807599746530272,0.16920089593168913,1.3747760159971323
829,5.6136386042113156,6.472151155284143,-0.8585125510735452,1.256609041196997,0.11644279759004154,1.5698810044478808
830,5.666921007048201,6.360215504818802,-0.6932944977706939,1.4051241348050016,0.15137483731796456,1.4346921669172674
831,5.580552636842709,6.109731189702421,-0.5291785528597757,2.157151330984945,0.22398283651498657,1.2160054746538664
832,5.416889128805975,6.1211051406076376,-0.7042160118026004,2.0176563436466886,0.1827439326004453,1.332353871188977
833,6.461941552225268,7.225117106777686,-0.7631755545526175,2.011366271690635,0.17202634443408518,1.3657216560379126
834,6.193542505931488,6.71303102258276,-0.5194885166511085,2.4015246868423343,0.23634913392599544,1.184161513120073
835,5.794871486946773,6.6476742016588855,-0.8528027147121975,0.9535002914156774,0.09661582091715074,1.6614862862616928
836,5.378416660080417,6.139627150998782,-0.7612104909185291,0.867820749615932,0.1016424769137769,1.6369425366382486
837,5.271278299467282,6.116225552271137,-0.8449472528036495,1.5034172780504313,0.13300135287594977,1.502370878564032
838,5.9610557250367275,6.651532595024305,-0.6904768699878332,1.5576354282772389,0.1611695339285543,1.4011489581525873
839,5.658823557302254,6.495431979066607,-0.8366084217641401,1.1432607352608244,0.11206859251578687,1.5889636812706962
840,6.224035933317806,6.805064324858291,-0.5810283915407126,2.180560982537642,0.2140644028423286,1.2424667449161981
841,6.155817781190832,7.0232086279706945,-0.8673908467799265,0.46575980876403555,0.053839499971311364,1.9281256441547296
842,5.650830458084398,6.265692364093317,-0.6148619060086276,1.711068251977185,0.18405914293889622,1.3283601941735912
843,5.805658267953346,6.522578415961517,-0.7169201480091942,2.00079793539307,0.17965599571606347,1.3418149742997674
844,5.617913493451466,6.306823810839282,-0.6889103173871263,1.5950743909292395,0.16362136800873905,1.3929947839290462
845,5.2935704137513095,6.090887685442565,-0.7973172716920089,1.397529652510073,0.13397681127557934,1.4986023941063322
846,5.905829330705798,6.708721197075141,-0.802891866369464,1.499613306486875,0.13913756393791213,1.4790102927327116
847,5.579841613272562,6.480645460979707,-0.9008038477068112,1.7819096658355473,0.13932655340402852,1.478303529487784
848,5.902899579068231,6.6768793648517555,-0.7739797857839221,2.053718114531371,0.1721177000360956,1.3654307645952444
849,5.462801418695177,6.108503261326083,-0.6457018426308423,1.63761312058198,0.17399623149877647,1.3594746455121316
850,5.531351105132286,6.169889714480972,-0.6385386093488705,1.03211623550151,0.1339637948239384,1.4986525405482773
851,6.039256184736201,6.673828100226897,-0.6345719154896869,2.0636841007164417,0.1980301391050809,1.2871840676473503
852,5.77180525120964,6.541149220590325,-0.7693439693794062,1.6213107014704544,0.15132345440665,1.4348724263530437
853,5.317011500666537,6.203076957800667,-0.8860654571344639,0.8879188080877416,0.08784508790923348,1.706876078638168
854,5.640969241509607,6.289729809263688,-0.648760567753925,1.6931109585887096,0.17653687772123236,1.3514951336369407
855,5.938852911501796,6.654292184019814,-0.715439272518779,1.684311926314784,0.16391525914652713,1.3920235749726035
856,5.354275733334886,6.064017478254852,-0.7097417449203931,1.0591798931135425,0.1244750790088823,1.5362581508415083
857,5.858900867400349,6.598083322519981,-0.7391824551195896,1.3686716876700604,0.14135341367316992,1.470769683941642
858,6.2091654601177435,7.101010923950161,-0.891845463833306,1.8683371762729966,0.14476584214471352,1.4582710661049043
859,5.543824774363726,6.377005421822998,-0.8331806474579935,1.5614980448644094,0.13798296733640938,1.4833442649998165
860,5.858706811340722,6.530842479747696,-0.672135668406554,1.9914453943189585,0.18743887753600255,1.3181935100040347
861,5.281139189044167,6.10638547837557,-0.8252462893306074,2.1632110241706304,0.16838897114764423,1.3773988405955897
862,6.0085379703301225,6.64677303682633,-0.638235066496236,1.8314330936857388,0.1859492710771422,1.3226575961345872
863,5.753347493141133,6.3834630295599535,-0.6301155364180886,1.6139692478054197,0.175599139781883,1.3544302888993665
864,5.438419862509887,6.094310766399799,-0.6558909038903948,1.4953608971311656,0.1636841276697883,1.3927872745398628
865,5.542540055132646,6.1872706751052515,-0.6447306199734157,1.961253088922989,0.19120131095815412,1.3070335688081551
866,5.291955260178453,6.071425811649581,-0.7794705514706948,1.109116639631008,0.11769991476714528,1.56450118558088
867,5.579622535404793,6.183119328263777,-0.6034967928590049,2.630410123171613,0.22745833680475425,1.2069319896015378
868,5.602598545871457,6.438099761051587,-0.8355012151805568,1.3876943850491887,0.12769630034999224,1.523249483420999
869,6.2147887127490105,6.913141204906813,-0.6983524921579374,1.8476178482074008,0.17553757754953542,1.3546233895196533
870,5.321514169372291,5.982341024996797,-0.6608268556256007,1.62839628107821,0.17064279808169133,1.3701412990688713
871,5.912950486998467,6.559545911899795,-0.646595424901534,1.730265676857094,0.17898462709373228,1.3438879379433117
872,5.65268392774176,6.419272891350593,-0.7665889636082284,1.2123106904800025,0.12678729798660357,1.5268942968144843
873,5.759168183605267,6.315348176848621,-0.5561799932429494,1.798782240304842,0.20075199128339158,1.279412054076707
874,5.30512772125128,6.100572340726421,-0.7954446194753473,1.3524359253980442,0.13149949634279404,1.5082150512211487
875,5.3860370765556365,6.27789877577259,-0.8918616992168609,0.8285221524922335,0.08273437148322466,1.735036324388373
876,5.735434653431708,6.43501883033319,-0.6995841769021354,1.2033322659001016,0.13676388666180667,1.487950733727518
877,5.393691714286048,6.279752425178463,-0.886060710892707,1.3435339000272073,0.11797974934783047,1.5633097787590926
878,5.300438162860315,6.0178181769062515,-0.7173800140462845,1.102010841865777,0.12652571509270127,1.5279469292454844
879,5.154998242238959,5.933686034970021,-0.7786877927310343,1.824678586987046,0.16043375348398034,1.4036142363651358
880,5.905593815470253,6.602095043069637,-0.6965012275995832,1.9883484263123812,0.18277227125772272,1.3322675958194772
881,6.386041374612956,7.086609394221034,-0.7005680196089088,2.138752178967973,0.1889284645983848,1.3137555970652435
882,5.903713892899374,6.573486511998452,-0.6697726190986941,1.4688884087194154,0.15952855821093753,1.4066589010567596
883,5.604084170395778,6.462371601484355,-0.8582874310895932,0.4790145910768526,0.05586478935955266,1.91208892322409
884,5.799812771244957,6.650021873199391,-0.8502091019545333,1.3263394520429568,0.12189816349657129,1.5468552103527655
885,5.467660621580377,6.2341237928154865,-0.7664631712350456,2.192150228124385,0.17950980003492145,1.342265886936537
886,5.943755842765837,6.673085969820596,-0.729330127054709,1.3867833809095949,0.14411417091804193,1.4606403350878168
887,5.372084180118305,6.299504062068236,-0.9274198819493904,1.6442845580373042,0.12873979262407176,1.5190902021229455
888,5.645490931925066,6.344981046026055,-0.6994901141006267,1.7981778622013707,0.17280037822545716,1.3632606519276624
889,5.4493361517657615,6.231982118105341,-0.7826459663401693,1.026832033110276,0.11124893166240211,1.5926045522848893
890,5.458509067013052,6.242562991207782,-0.7840539241951774,1.40243762087802,0.13631607728908532,1.4896508003222224
891,5.4468105838673875,6.149452048672911,-0.70264146480622,0.9565274890849302,0.11738651001412947,1.5658381604669378
892,5.710730879657218,6.331190813565973,-0.6204599339089327,1.3906118184215952,0.1636181781570655,1.3930053324995357
893,5.365909830949546,6.153517873027317,-0.7876080420774088,1.4845073503238737,0.14064607833074588,1.473389357380662
894,5.528465193983335,6.233560957428585,-0.7050957634455699,1.8410785478665659,0.173988857276307,1.3594979322336511
895,5.673336064939191,6.45236126603165,-0.7790252010918266,1.8013371611552582,0.1592065740922113,1.4077450593355294
896,5.777741556307388,6.396242555703784,-0.6185009993969288,1.9195774787877404,0.19427413916904476,1.298038402287289
897,4.897122980085056,5.77204875224386,-0.8749257721574395,1.0376327817871172,0.09989187872969632,1.6453780233282076
898,5.446343510745988,6.230569559032878,-0.784226048286655,1.7799096522398266,0.15726288587982318,1.4143373143825577
899,5.818916981987583,6.431612312062873,-0.6126953300754394,1.2603480822506032,0.1561149258534035,1.41825980962701
900,5.536511880547165,5.989453977416302,-0.4529420968683553,2.4098317220295957,0.25157754443247393,1.1465260753171622
901,5.903912474025288,6.616070348753011,-0.7121578747282911,1.9803221009385776,0.17954592019762894,1.34215445581483
902,5.587528414401801,6.290190886200753,-0.7026624717991581,1.467136669273076,0.15361577815397082,1.4268755199667744
903,5.604728419134132,6.2999118382847055,-0.6951834191495436,1.424628967338327,0.15227854402106986,1.4315294110245993
904,5.918616508768151,6.6930314323684055,-0.7744149236004887,1.7029889330551793,0.15489250365093737,1.4224608686980453
905,5.969872088828721,6.646523652361351,-0.6766515635326869,1.9179914432659633,0.18303795139150977,1.331459230174035
906,5.703615369476735,6.4684117757448885,-0.7647964062671235,1.881994243863769,0.16559816972312755,1.3864872537082398
907,5.771377301379813,6.538144802851141,-0.7667675014708948,0.990770123145424,0.11074088077383354,1.594871916778129
908,5.392871816593084,6.020998985163088,-0.6281271685693355,1.7781480878472866,0.18510883133615463,1.325187918882131
909,5.481035337591107,6.172548111795775,-0.6915127742040568,1.0313632990209527,0.1251721373216582,1.5334210831558541
910,5.680745095794533,6.327663486501391,-0.6469183907074694,2.2393504541797746,0.2034444828349915,1.2717991731518319
911,6.011748433270055,6.747261890314631,-0.7355134570443624,2.2656951629852706,0.18806814015165507,1.3163155906763462
912,5.766979834588325,6.502777638275644,-0.7357978036870918,2.3326026666309545,0.1907808753066792,1.3082725702203872
913,5.538390599427272,6.122551167678749,-0.5841605682526279,1.8643776368925877,0.1983871268896528,1.2861602890838677
914,5.322639425169269,6.0926306934071,-0.7699912682373906,1.5156631055879917,0.14525828804621213,1.4564861048571236
915,5.632756390804003,6.488069643192587,-0.855313252389351,1.4234893411717113,0.1269385925762965,1.5262862455946493
916,5.236558301463971,5.880422115509942,-0.643863814046199,1.8279012278535305,0.18468429899091157,1.3264692954818675
917,5.7774009866603375,6.6054021710260695,-0.8280011843653483,1.6671725603581269,0.14445172533960102,1.4594120720506216
918,5.718821262454709,6.342067104780233,-0.6232458423246499,1.9148007635386115,0.1931009578501569,1.3014602624642964
919,5.879209126415459,6.428500661739369,-0.5492915353243006,2.429489437329405,0.23105875338485238,1.197636003469885
920,5.7944991220252415,6.509355670271594,-0.7148565482457343,1.1420371737673687,0.12987719708678636,1.5145863264233246
921,5.6697649666771905,6.583362480572076,-0.9135975138951835,1.3502488672639892,0.11470276862849992,1.5774032477133175
922,5.528279975621059,6.138338315701239,-0.6100583400802861,1.5898671963719053,0.1780700426362341,1.346721197427314
923,6.002979515088169,6.6303749658855775,-0.6273954507978488,1.8621668500238986,0.18963324508711407,1.311664839667766
924,5.635205165328058,6.445622378283963,-0.8104172129560538,1.2208815372417483,0.12089009247007532,1.5510483710074532
925,5.695867611531481,6.288479304515297,-0.5926116929840646,1.7641709744947374,0.1913914505333345,1.3064738959614848
926,6.187654725207336,6.965028140695372,-0.7773734154889098,1.290782294478804,0.13034453893034287,1.5127446275097756
927,5.77544182685922,6.461492753323553,-0.6860509264633947,1.5565624006558334,0.16189523675889617,1.3987257587140476
928,5.818807209169405,6.444378365624777,-0.6255711564554076,2.1491283824580503,0.20368207060071672,1.271130938003498
929,5.834419245497498,6.534768585227459,-0.7003493397305647,1.776378152339582,0.17151066011231875,1.367365852333559
930,5.32764156544779,5.9860190172289105,-0.6583774517812344,1.7247480659507826,0.17646241843031393,1.3517277686257578
931,5.726660267205785,6.515408226072216,-0.788747958865315,1.8661863193951582,0.16081628099172787,1.4023314904820563
932,5.425395328620267,6.120986330491858,-0.6955910018714349,1.1224594207756606,0.131528313496827,1.5081024296150332
933,5.547726460384707,6.180159710441073,-0.6324332500562377,1.616386965445873,0.175295788490298,1.3553822920661092
934,5.585919116075798,6.240361449315911,-0.654442333240695,1.2607122409202187,0.14854091669704442,1.4447044597367265
935,5.534405195735941,6.31928124499567,-0.7848760492597648,0.9125271886493316,0.10213597971135856,1.6345854505804884
936,5.051657144129946,5.860925742671311,-0.8092685985420758,1.2173295780667583,0.12082134735841327,1.5513353172951665
937,5.241132820797771,6.254680861398773,-1.0135480406015631,0.8548747610746972,0.07243464447315948,1.7963765895208734
938,5.7232762365989185,6.339125803224496,-0.6158495666259114,1.8048119933918603,0.18892476195645594,1.313766596259953
939,5.528010705459179,6.373665372125734,-0.8456546666657232,0.9652951157402008,0.09836789143516947,1.6528180892301796
940,5.732158242983656,6.502433552555649,-0.7702753095718435,1.8422102669019669,0.16271273213446372,1.3960058546073693
941,5.905766216146345,6.543844383433187,-0.6380781672869489,1.5037426325823056,0.1675058829116953,1.380262349589792
942,5.531024486177172,6.190209151116639,-0.6591846649389481,1.429083490536092,0.1589434995213345,1.4086337307350838
943,5.344450328910694,6.27969656335029,-0.9352462344395462,1.1145430103905696,0.09770390001617633,1.6560884894505596
944,5.727040331400145,6.307352791195504,-0.5803124597950955,1.8551405704020691,0.19869949725073127,1.28526557005206
945,5.412364195223359,6.048836374749895,-0.636472179527118,1.525144706383477,0.16911619499508684,1.3750491903762323
946,5.82201141813273,6.5138737394486395,-0.6918623213159663,1.2334732858475306,0.14017453893384713,1.4751413744991377
947,5.880612758971962,6.786320240193232,-0.9057074812208157,1.015043057488974,0.09462719106506981,1.6714785550572793
948,5.686106603514942,6.380436235278145,-0.6943296317631393,1.252022466332905,0.1410515285442338,1.4718865043990417
949,5.3624159596261745,6.056384947961112,-0.6939689883347455,1.4213732191971644,0.15228471466209229,1.4315078644493306
950,5.267056402214235,6.069085855354741,-0.8020294531406762,1.7992048945683727,0.15533224792954883,1.4209467248053025
951,5.823282173492386,6.472970990547642,-0.6496888170540842,1.6959313722259992,0.17651759691931712,1.351555366101447
952,5.938328317745414,6.720394425082985,-0.782066107337414,1.7189164590687351,0.15447316082000825,1.42390780961213
953,5.497066875763791,6.22585838694779,-0.728791511183772,1.302157940373407,0.1387434432529226,1.4804865659892603
954,6.3839126107273625,7.145859270542806,-0.761946659815294,2.172787368265208,0.17945838144574092,1.3424245426378687
955,5.499459994910991,6.347166912418308,-0.8477069175078213,1.0361443453055283,0.10321666635203454,1.6294553184579268
956,5.3186073490547425,6.171471408634963,-0.8528640595795878,0.9457771048633123,0.09603848301503091,1.664370142294431
957,6.268482188613758,6.8829183366092845,-0.6144361479955478,2.05577049657699,0.2016361571899015,1.2769039563880937
958,5.633941137527996,6.288801974419313,-0.6548608368912028,1.396632317886171,0.1576432534239086,1.4130424143118197
959,5.228982374671956,5.969956969937277,-0.7409745952654703,0.1254029872171749,0.020362232411861754,2.319605419561382
960,5.843060964678967,6.439973554183373,-0.5969125895044272,2.197362704872047,0.2115515579116031,1.2493104208552326
961,5.402638624243606,6.007690177240745,-0.6050515529968834,2.2555515451072186,0.21241353277701674,1.2469562690851144
962,6.277455754107519,6.831034244499504,-0.5535784903922831,1.3936774404173722,0.17700297050408964,1.3500405675803597
963,5.790985277237793,6.485764751885453,-0.6947794746474756,1.3943348417456516,0.15043118969507174,1.4380100955677328
964,6.071180352948955,6.849432705146375,-0.7782523521973417,0.937937736437167,0.1050367149321428,1.6209110581271287
965,5.845399802678527,6.4945687112048045,-0.6491689085260077,1.115887967681786,0.13880151595167273,1.4802688380990607
966,6.023943042665975,6.768891336138983,-0.7449482934725893,1.6190566484493,0.15525171042429178,1.4212237908715741
967,5.321646490387662,6.135445590016706,-0.8137990996292501,1.46314903659521,0.1353603783305498,1.4932934922348313
968,5.958341140859899,6.712832570231027,-0.7544914293712282,1.8297379440366814,0.16476224629271696,1.3892318936553958
969,5.423867938895979,6.210782812216626,-0.7869148733216207,1.18177596678124,0.12168149426825611,1.5477541708616067
970,5.233195299581508,6.0786187224307024,-0.8454234228493078,1.942272634393257,0.15531035862624307,1.4210220178474031
971,5.260264140274172,5.941266445889083,-0.6810023056150385,1.8791075029721078,0.180299789176609,1.3398325547608991
972,5.47322267319994,6.151361952310991,-0.6781392791117469,2.053499248337845,0.18922553114254376,1.312873638444304
973,5.6023409994264295,6.248277120181795,-0.6459361207544134,1.7867553771001692,0.18213642159866641,1.3342057927889635
974,6.076750983858416,6.8315933531887065,-0.7548423693297082,1.9970702558965563,0.1727979606405039,1.363268325678129
975,5.666802152316064,6.296735003923159,-0.6299328516079186,2.0328555944841433,0.19749959092229022,1.2887080842271492
976,5.794448094720407,6.525495195659721,-0.7310471009395769,1.4304327078227903,0.1465480951772815,1.4518328222100207
977,6.134237627199196,6.889519927276494,-0.7552823000778517,1.8239423133927684,0.16433608744971734,1.3906351643921797
978,5.641428969321693,6.346030041915695,-0.7046010725944143,1.3253819569856784,0.1442806100014618,1.4600344360594668
979,5.512897643530392,6.462006012293051,-0.9491083687626087,1.0719766760321008,0.09337812187442471,1.6778411080520979
980,6.024066236328123,6.7063238064198085,-0.6822575700907691,2.316881224648599,0.19995665154591702,1.281675076362401
981,5.516659654067167,6.314399821189879,-0.7977401671223561,2.0159159608830066,0.1664029757246423,1.3838546158693197
982,5.674363219388011,6.418633804020542,-0.7442705846324316,0.9216161109516356,0.10841920353040185,1.6053390785453066
983,5.62502142112187,6.302846650513969,-0.6778252293916012,1.6101084720742573,0.16648084202421656,1.3836004122708576
984,6.0087276894342505,6.648213369550403,-0.6394856801152855,1.2355433287129483,0.14942086192348417,1.441580113285456
985,5.7562822558580375,6.485225434289161,-0.7289431784311091,1.5692159955725806,0.15514759711698103,1.4215821244481306
986,5.125078537472815,6.067265360493364,-0.9421868230210748,1.1650554601869576,0.10004598142282924,1.644630750576316
987,5.926269874386504,6.4438286389301265,-0.5175587645435371,2.3036060435776395,0.23279998493592094,1.193177192573136
988,5.133933410465557,5.686837030253242,-0.5529036197867754,2.045063567020968,0.21377497303136628,1.2432520355544197
989,5.228488910258944,5.920755616023035,-0.6922667057642684,1.9737100715573224,0.1828520619208871,1.3320247311079016
990,5.945308188238938,6.618154798941346,-0.672846610702436,1.4060842297525884,0.15502403948621246,1.4220076178179717
991,5.512113667547579,6.13993648472597,-0.6278228171786395,1.6065547429991973,0.17560761471255973,1.354403709763817
992,5.593585967758896,6.182941317693652,-0.5893553499354311,1.6436675648129544,0.18531922079275678,1.324553700694538
993,5.631943189153004,6.3212147248672945,-0.689271535714397,1.5178628139817825,0.15902860223007348,1.4083461302948455
994,6.052358629216156,6.732778654541709,-0.6804200253254749,1.7642593395946449,0.1744935011268319,1.3579060382998625
995,5.436966731593726,6.08408251980252,-0.6471157882078842,1.9011531779143809,0.18778462585205216,1.3171611123781168
996,5.4350107037704,6.0829409496314195,-0.6479302458610618,2.2229951123156404,0.20254644930988563,1.2743301114439065
997,5.795681265600775,6.524193585771952,-0.7285123201718307,1.4501784039835588,0.14818061508375138,1.4459878307678562
998,5.672896435495728,6.3153123450381425,-0.642415909542251,1.6996026259946184,0.17809885390298194,1.3466317790117606
999,5.741660614729495,6.400490621381641,-0.6588300066523516,1.3850480932605702,0.15617242376781734,1.4180628239959416
