,logR,logI,logS,d_G,p,sigma
labels,$\ln\mathcal{R}$,$\log\mathcal{I}$,$\ln\mathcal{S}$,$d_\mathrm{G}$,$p$,$\sigma$
samples,,,,,,
0,4.606695026879889,7.26281296151827,-2.6561179346381323,3.1539527999031396,0.04213582013579407,2.0321762125021325
1,4.498003703538698,7.21584137324543,-2.7178376697065687,1.9912524869295911,0.02416855208508089,2.254439191549969
2,4.4389850602486245,7.033933048224837,-2.5949479879755017,2.6920186256640264,0.037726231023910976,2.077816852605379
3,4.28329008002339,6.880184330450012,-2.5968942504268853,3.7435712048706957,0.052843855096303835,1.9361947348630566
4,4.5214959438793,7.180312118760083,-2.658816174880485,3.0568471080046464,0.04067921377462038,2.0467848505021395
5,4.750255802664752,7.386120838824736,-2.6358650361598848,2.6997993071852324,0.036431003149200926,2.0920839890165324
6,4.343967975638689,7.094951764707224,-2.7509837890693234,2.9098348315895226,0.03551115396734277,2.1024810952495674
7,4.532013686289529,7.261768277953484,-2.72975459166355,1.9868963296134368,0.02382384419296977,2.259958216694103
8,4.635365019599986,7.165627239786906,-2.5302622201861595,2.9653694266420754,0.04424987762497417,2.0117160510988334
9,4.447004593038683,7.240135580013186,-2.7931309869745746,2.921437913143823,0.03432159236477851,2.1162730393035036
10,4.5791724235689895,7.168063700945856,-2.5888912773771153,2.9178556904991098,0.04127111942560958,2.0407958884820876
11,4.849824885316876,7.4625795316054475,-2.612754646288522,3.1832417263368136,0.0442097396897941,2.0120967454836194
12,4.2977588593687965,7.079508062580173,-2.781749203210893,2.5353984088718082,0.02968376628224061,2.174284626046732
13,4.442909312090988,7.1671715085050405,-2.7242621964142018,2.948887322601024,0.03691080544527367,2.086749265071831
14,4.640519389287247,7.274058811732877,-2.633539422447029,2.9157173648669374,0.039601076331126084,2.0578860169541295
15,4.597369694929794,7.347629295095151,-2.7502596001659185,1.9768888040434724,0.02320830253599593,2.2699881418157344
16,4.567497996194389,7.163941457543023,-2.596443461347917,1.9324459150627806,0.026418460654545034,2.220004522018357
17,5.036831623580211,7.68820728625411,-2.651375662673672,2.352432507784888,0.030972079402160565,2.157431238680727
18,4.512831110274702,7.197855494807056,-2.685024384531971,2.366054236504535,0.030174141670997783,2.167796915045678
19,4.360588940250009,6.920709946767714,-2.5601210065178748,3.3262592686141623,0.04842718746005208,1.9736004946414099
20,4.515553282585925,7.1421578494550655,-2.6266045668689912,2.752384598375208,0.037503524439494305,2.080240006627574
21,3.8318216229930027,6.645401642513496,-2.813580019519577,2.433356178502004,0.02751384293637965,2.2041493434595822
22,4.101658419045917,6.823108286942441,-2.721449867895899,2.8586746423047344,0.035790272063489524,2.0993021723116794
23,4.209107948725714,6.79553491322948,-2.586426964504426,2.749458518896903,0.03887699929267319,2.065486418443427
24,4.558404308152886,7.32353580064702,-2.76513149249422,2.8434353481288372,0.03418782589217885,2.1178493787172856
25,4.619364847101961,7.38172218064239,-2.7623573335404217,2.0536304386988196,0.023926887245339666,2.2583012046383506
26,4.449640888034365,7.104797311272582,-2.655156423237713,2.2768748303284134,0.029786580610180767,2.1729167892361203
27,4.762764616744162,7.4185825691603196,-2.655817952416328,2.1851087455451115,0.02846500382032424,2.1908174708929486
28,4.693313508351194,7.055375057263019,-2.362061548911697,3.4102072792822593,0.05890707018461252,1.8888862657016898
29,4.212365367822086,6.917500967876284,-2.7051356000547457,1.4082684738615008,0.01663712857061802,2.394630351333903
30,4.13462431025283,6.88920512010567,-2.7545808098520865,2.2381724285142646,0.02653694081544524,2.218262480253555
31,4.578856247076429,7.220909427178205,-2.642053180102266,2.743112943942286,0.036840155326304844,2.0875310722242797
32,4.325182337235047,7.240269830505197,-2.915087493270221,1.8520655273113462,0.018247400753550604,2.3605592989256436
33,4.3776023711419025,7.1434060910830635,-2.7658037199416867,2.376483332273743,0.028055179894165807,2.1965139206482704
34,4.622295638171009,7.171152737292969,-2.5488570991219603,2.642662919160733,0.03862345518151755,2.0681762236000893
35,4.095147876155634,6.614028819603218,-2.5188809434475843,3.1254508938631815,0.04715486611085667,1.9849065806233384
36,5.314539444585817,7.797352063619952,-2.482812619034121,2.4215713378760526,0.03753565557559513,2.079889649950624
37,4.182160313803534,6.854188274225036,-2.672027960421474,2.629885269380903,0.03425015895452837,2.117114174878413
38,4.38586167499153,7.0607771993683865,-2.6749155243769565,2.733171720871084,0.0355990030655047,2.1014782755033217
39,4.348129377250471,7.153530529486373,-2.8054011522363,2.6253979602287725,0.03017222205878388,2.1678221344475554
40,4.414749024276089,7.156058977059855,-2.741309952783922,3.446553883640947,0.04291606437891366,2.02452595322323
41,4.392430107936262,7.255559915205579,-2.863129807268706,1.48525925046944,0.014936105853538,2.4339246045972556
42,4.606844717146769,7.343831451433159,-2.7369867342858925,2.310231669211383,0.02795785658919866,2.197877220936364
43,4.4256313831659195,6.944237448140731,-2.5186060649757565,2.6132937802829908,0.03927101797876879,2.061335769303821
44,4.667555428947081,7.226118601938934,-2.558563172991853,3.228804407218993,0.04705459408880712,1.9858084775354992
45,4.571823517522089,7.3511449754420735,-2.77932145791965,2.443055814466632,0.02855522286537826,2.1895729459298185
46,4.5089700828951305,7.173407760364162,-2.6644376774684133,2.665602959849082,0.03499652069820744,2.1083986549250504
47,4.185789890994156,6.997026920233038,-2.811237029239237,2.341687071943232,0.026416758904007673,2.2200295923883084
48,4.278181492560462,6.886414543353878,-2.608233050794297,2.3465416537802923,0.03219836032547665,2.1419393812689655
49,4.1690071785645255,6.804457966134818,-2.635450787570335,3.432538408179717,0.046836597008711886,1.9877748448150532
50,4.5237528663695326,7.127962410380119,-2.604209544009791,2.050366301491806,0.02795222613232471,2.1979562172266074
51,5.074585568577559,7.766845024281997,-2.692259455704516,2.765035538159397,0.0354707241334179,2.1029433234066777
52,4.31981006789948,6.927942473471999,-2.6081324055730875,2.7501121227389707,0.03811536373091866,2.073611958050489
53,4.664606067489613,7.486547513066531,-2.8219414455770675,2.1558700635218138,0.023822783867333358,2.259975299838881
54,4.655081405967676,7.241873973360766,-2.5867925673928767,2.3853683145626974,0.033449546195375865,2.1266455333787673
55,4.707857416987563,7.295731562387891,-2.5878741453998373,3.193576961364476,0.045343979480195605,2.0014494193392696
56,4.829851303998394,7.421860401517497,-2.5920090975187122,3.101002891168596,0.043832350034485636,2.0156904961442557
57,4.5378032181163785,7.190561491410554,-2.652758273294239,2.5392453828465626,0.033586555277269815,2.125000690535827
58,4.383664907706871,7.126521079821037,-2.7428561721144433,2.026773176803557,0.02404013655342423,2.2564871917622784
59,4.514545001023462,7.148117205287418,-2.6335722042640555,2.959125256798046,0.04021915708453935,2.0514909806295285
60,4.607117582878628,7.152685474348742,-2.5455678914695454,2.6059396947006146,0.03818084943940571,2.072907924083233
61,4.475010749782369,7.052429184341234,-2.5774184345591493,2.8969257950069345,0.04139289288552646,2.0395728058806357
62,4.75910873251115,7.551331358879876,-2.7922226263681296,2.029822116359835,0.02292419120074351,2.2746956904273703
63,4.668831483165659,7.368315955645462,-2.699484472480435,2.451068270176325,0.030925670585824624,2.158027798239893
64,5.01116814822427,7.720001237944386,-2.7088330897204287,2.889202053555513,0.03662069431172587,2.089967777740025
65,4.628931546940576,7.423476475358532,-2.794544928417963,2.5219729174259395,0.029154565139059074,2.181390236884873
66,4.411541507286811,7.280348477801331,-2.868806970514015,2.166242869533347,0.02287409616094912,2.275530984275795
67,4.503852343336176,7.093743018222474,-2.589890674886192,3.284550048027972,0.046582878146510916,1.9900731490645978
68,5.242977631463246,8.028424464107834,-2.7854468326449933,2.736259579784848,0.03217327136430222,2.1422512260098534
69,4.9064631130316325,7.5242516747707935,-2.617788561738962,3.6471278424585716,0.05057712550626365,1.9550503683979172
70,4.4393245139902415,7.148975835614214,-2.709651321624733,2.612339549370054,0.03282631243460333,2.1342012255599134
71,5.007633103198996,7.802741974634776,-2.795108871435332,2.295711773656489,0.02624342567889055,2.222590495701766
72,4.814671314956568,7.4381567990559585,-2.6234854840995467,2.309138070203181,0.031185178758854504,2.154701775771848
73,3.802116373540512,6.6919851519621485,-2.8898687784212598,1.8868333370685217,0.019125410748977705,2.3430774834025083
74,4.285984985152309,7.027726352521702,-2.7417413673692863,2.907886453344018,0.0357855590722179,2.0993556735666785
75,5.007852373512206,7.58380881967752,-2.5759564461659465,3.153350939366298,0.04523359783490956,2.002475664652619
76,4.650600300458164,7.413690245117435,-2.7630899446594412,2.134799524084338,0.02496735805771712,2.241907394223773
77,4.559721059273498,7.320064220448762,-2.760343161175115,2.5572912396698406,0.030578519165511627,2.1625147791505985
78,4.8616824227013336,7.5267723708242595,-2.6650899481228407,2.2935637150644137,0.029736111677799826,2.1735877172890437
79,4.461137552713181,7.083669831995655,-2.6225322792824954,3.2377885611470063,0.04460515465062415,2.0083590168199303
80,4.560496811315998,7.183290540385526,-2.622793729069599,2.9295951015367727,0.04018901607490048,2.0518008973321678
81,4.60160842284523,7.249878665021546,-2.648270242176295,2.436034506772522,0.03225768458145917,2.14120283435136
82,4.263591494545208,6.801341430307536,-2.537749935762804,3.117141966621542,0.0462462782753004,1.9931385449867265
83,4.463349257986293,7.076345532884295,-2.6129962748982507,2.5253489620653475,0.03466765190260993,2.112219206250505
84,4.8948522697567665,7.334474037450844,-2.4396217676949163,2.5384082968488357,0.041045712462347866,2.043067946106505
85,4.6297850335516255,7.1672031926501685,-2.537418159097797,2.4520115983102855,0.036100581044633664,2.095792735737453
86,4.818991259660207,7.408036553894226,-2.589045294233074,2.3694512849573233,0.033140162292231996,2.130381107082298
87,4.835266841881376,7.6387904947494345,-2.8035236528685346,2.8403488901069753,0.03296512184105494,2.1325078257482333
88,4.254915071327842,6.93844921185188,-2.6835341405239888,2.8749975864544943,0.0372791546465466,2.0826936717894156
89,4.671530820577855,7.444780472613507,-2.7732496520347922,2.344758964887836,0.027442667701642533,2.2051628692294902
90,4.545007729485688,7.219168707561762,-2.6741609780756335,2.9530204364652555,0.03868378108560801,2.0675348794644712
91,4.358654025306633,7.065678514061991,-2.707024488755451,2.6798571762775527,0.03382884079885662,2.1221059627259633
92,4.5427196242756605,7.250479159480312,-2.7077595352047865,2.4258514777092124,0.03033834427325022,2.1656447464460795
93,4.687975821616702,7.401612899587937,-2.7136370779717254,2.4648995307151864,0.030699402362730666,2.1609474059099694
94,4.443258447945764,7.160760226273288,-2.7175017783274598,2.459212399163887,0.030509564840717072,2.163411226920764
95,4.4399646060203946,7.111090935216188,-2.6711263291945215,2.4732311364980717,0.032083596886096036,2.1433675466391264
96,4.436590876968067,7.0879251835897445,-2.6513343066217203,2.1236745782203705,0.02771568587061821,2.2012873777813633
97,3.887094334002823,6.628393573561921,-2.741299239559339,2.5826858583640764,0.031471223774510844,2.1510630462001714
98,4.556948994446712,7.316712571120709,-2.759763576673322,2.9603774830374583,0.03589115194982039,2.098158435396653
99,4.455344594196786,7.053287324292674,-2.5979427300962925,2.693921392015424,0.037649475117653465,2.0786506157155187
100,4.5656927794883,7.224862178209845,-2.659169398721133,2.5257938428981177,0.03319373033088903,2.1297321837722034
101,4.693061660842714,7.400592041552775,-2.707530380708704,2.7559065535504548,0.03484974163026347,2.1101000193939923
102,5.118788454922933,7.910246967226227,-2.7914585123035067,2.615550387607289,0.030442606996135498,2.164283386189621
103,4.161159704078555,6.9970440516873165,-2.8358843476089532,2.656383052505028,0.029707762040500112,2.1739650236256196
104,4.408291759951963,6.929951704915615,-2.5216599449640853,2.7908036187686243,0.04190912250012752,2.0344214349376744
105,4.310642160275448,6.9759285409800835,-2.6652863807057656,2.44538955342267,0.03187000654683831,2.1460372545669006
106,4.427049145717602,7.043376586994979,-2.6163274412774626,2.3470023906013395,0.03195515245104265,2.1449711660420445
107,4.566032761760026,7.113590876779439,-2.5475581150185462,3.2450852628591633,0.04775471400011784,1.9795446832615122
108,5.148546119037119,7.810650772513865,-2.66210465347649,2.556867555924603,0.03354012997277989,2.125557398879121
109,4.653147890574756,7.389738079112787,-2.7365901885368658,2.0442350904121938,0.02442285459345642,2.250411201562262
110,4.514647434640493,7.221512196500312,-2.706864761860743,2.218075648487062,0.027525957274041377,2.203977062207003
111,4.52117098472746,7.134746919002799,-2.6135759342751044,2.9055313895699655,0.04017836394316334,2.0519104721147094
112,4.4169386949072855,7.0702103063036486,-2.6532716113961214,3.0614072063731825,0.040945925508165705,2.044077156039092
113,4.400179719730032,7.272441881904937,-2.8722621621755025,2.1187950028831395,0.02222841539889468,2.2864419693286386
114,4.440580014619,7.1213264055245755,-2.6807463909053695,2.977278658088103,0.038788877268806976,2.0664195952032554
115,4.500149960796362,7.237229088932869,-2.737079128136429,2.717145780367069,0.0333930790318371,2.1273251194316862
116,4.629260209690356,7.309177659775775,-2.679917450085668,2.588663877942377,0.033424551601032144,2.126946223810411
117,4.433213504136175,7.198528586909928,-2.7653150827745776,2.7713929522225484,0.03323929877936129,2.1291808725848056
118,4.751311864909722,7.482017325770967,-2.7307054608618273,2.4117109559176573,0.02949041083757584,2.1768680908850127
119,4.6283375025053015,7.437871338856182,-2.8095338363509654,2.4034964807109507,0.027242328862627896,2.2080278924811143
120,4.299175075023696,7.206197817142472,-2.907022742117988,2.5366000316687334,0.02637917868986196,2.220583584067775
121,4.557236410671349,7.259709671972471,-2.7024732612999287,2.177044896244043,0.027082447714317982,2.2103274089756835
122,4.223439985000651,7.006221601774547,-2.7827816167728088,2.831317962972925,0.03348207371585143,2.126254507912009
123,4.717485206286538,7.487343671582556,-2.7698584652953286,2.123534035483811,0.024655165795082604,2.246763184076253
124,4.722495350086602,7.344126742697901,-2.6216313926106523,2.232523669757118,0.030125308210715684,2.168438906290206
125,4.615503526136591,7.349488064294084,-2.7339845381575287,2.3549521990222626,0.02863785578730505,2.1884360355712227
126,4.160928227159557,7.0133797337023775,-2.852451506541911,2.693864991622865,0.02971237145904155,2.173903655637824
127,4.898984657819083,7.5846170316225265,-2.685632373802946,2.323337250879451,0.029563524663958497,2.1758894928033046
128,4.338425352878685,6.975466028482542,-2.637040675604112,2.3778605922025253,0.03176824891874698,2.1473145416017276
129,4.646743051796248,7.317283561824587,-2.6705405100283315,2.786102786018141,0.036483309235931946,2.091499521956133
130,4.361774025101395,7.026473358008998,-2.6646993329077304,3.2523720772463953,0.043180373564467765,2.0219610725479082
131,5.025512296837688,7.777972544866662,-2.75246024802982,2.6148788221651955,0.03156804961854081,2.1498377675770124
132,4.587143512177418,7.245542954756379,-2.6583994425782294,2.4796388927510815,0.03256475887329985,2.137408768244353
133,4.0482956067283435,6.858433572542692,-2.810137965814647,2.6591901989720395,0.030467173212493658,2.1639632077899265
134,4.752568507431816,7.386919621091613,-2.6343511136592497,2.202701292214641,0.02932387465547155,2.1791049227099695
135,4.472616857541025,7.1950419681035225,-2.722425110561744,2.32015826495023,0.028488491438515794,2.19049314460471
136,4.7712578454168675,7.623461708712929,-2.852203863297291,1.8313421619762504,0.019202811215597235,2.3415702602010735
137,4.795493798036942,7.371381281418364,-2.5758874833809386,3.11770931269303,0.04471251493044024,2.007349001917292
138,4.049542903181928,6.7411505402012235,-2.6916076370198425,2.096692214235791,0.026263994032724884,2.2222858465712534
139,4.476809413588226,7.053691901900981,-2.5768824883134585,2.239090249842281,0.031567091175618435,2.1498498803476322
140,4.114236160716528,6.887327109594521,-2.773090948877325,2.6195576039717015,0.031023956270683946,2.156765297897642
141,4.861916836476949,7.553513939664162,-2.6915971031876325,2.3402789847440992,0.029627851443263,2.1750302254974723
142,4.163908584490228,6.970871248621014,-2.8069626641308787,2.663063760871985,0.030606966608629348,2.162145451061703
143,4.431309509583398,7.150177329561087,-2.7188678199772767,1.6261605035920237,0.01926196966570243,2.3404218408485065
144,4.464101884353395,7.116438076270418,-2.652336191918039,2.607175359070336,0.03456454643708519,2.1134233818417503
145,4.702843369516186,7.439350353522249,-2.736506984006155,2.676612791032845,0.03286915423546356,2.1336779256977927
146,4.349173260240887,7.073590839135575,-2.724417578894645,2.2337822555937326,0.02726962166955644,2.2076365136253897
147,4.958738533292772,7.514736459392088,-2.5559979260988257,3.313301910245997,0.048410394396497254,1.9737480867388548
148,4.523233092140172,7.114841436421527,-2.591608344281667,2.555998720116145,0.03582981383326436,2.098853535885397
149,4.595205996387731,7.145381858624232,-2.5501758622358466,3.378944486233255,0.04962743893110293,1.9631612624394894
150,3.9489197314617837,6.7730714212591945,-2.824151689796963,1.852134619646204,0.02001445553809965,2.326076770498247
151,4.3594980557975855,6.989912593954299,-2.6304145381564012,2.1812364769978068,0.029126385987698317,2.181771702793335
152,4.5257508443767716,7.123207036741567,-2.5974561923640067,2.566579042781383,0.03578929616913478,2.0993132500423166
153,4.699153487127942,7.412898682749164,-2.7137451956214136,3.062805721583066,0.03880345129125506,2.066265137947408
154,4.627248344874998,7.320110978740855,-2.6928626338667527,2.661965419030224,0.034031283649528295,2.1197008218982685
155,4.410171721338257,6.956063610189075,-2.5458918888498374,2.483716503031893,0.03629733952704861,2.0935807985029973
156,4.428605592386075,7.031514534238154,-2.602908941851638,2.9679464871681276,0.04147835453942029,2.0387162545501147
157,4.286267535085527,7.093903966108597,-2.8076364310218196,1.9620337561798458,0.021725032941759877,2.2951412119690944
158,4.918262339463864,7.677381024750458,-2.759118685286012,2.4110378998357387,0.028690209225445875,2.187717188590678
159,3.8885525825911014,6.695425171674939,-2.8068725890834685,2.1408276705066527,0.023988798872874806,2.257308591827352
160,4.3891704291575575,7.060160482573989,-2.670990053416972,2.613357596777659,0.034051962882897996,2.1194558294317707
161,4.629510306612529,7.313964664081224,-2.684454357468894,3.102505973037019,0.04038199361425304,2.049820057005853
162,4.522636335434354,7.223778310310598,-2.7011419748769185,2.8553133494924783,0.03641559618204397,2.0922562824629303
163,4.684310818650657,7.226097167427389,-2.5417863487755312,3.43417024009765,0.05080773245527985,1.9531001226261202
164,4.600688197895861,7.24194072238056,-2.641252524485026,2.8661786784869037,0.03862044218810457,2.0682082780180444
165,4.81251081964575,7.574190691609131,-2.761679871963679,2.434582994160909,0.02892892653649099,2.1844536918981965
166,4.749086553800508,7.398695008274641,-2.649608454474219,2.5760557099412384,0.03421039603160851,2.117583037015031
167,4.140110711977568,7.024374538317728,-2.8842638263404297,2.4242037884333243,0.025606144722345958,2.2321334425762416
168,4.778392567088586,7.700806762170741,-2.922414195082638,2.3892305728592973,0.024280950405181495,2.2526543653112747
169,4.560433400000248,7.23873612612614,-2.6783027261253665,2.535231258751219,0.03273032867816343,2.135375764644257
170,4.602872571125145,7.224664412374116,-2.6217918412485233,2.3295243278681905,0.03153306722571289,2.150280078412286
171,4.356844676981664,6.9844622326248125,-2.6276175556431554,3.148837407580171,0.043143079639529666,2.022322170821763
172,3.948269801783054,6.649251806423257,-2.7009820046405366,1.877486196430187,0.023028507063475152,2.2729613848350927
173,4.473612220087771,7.323898555654656,-2.8502863355679438,2.3645559788092196,0.025720377436506445,2.230407872157728
174,3.996803043249484,6.741598114850069,-2.7447950716004925,1.989691064879576,0.023504540542341665,2.265132650536831
175,5.108676694633969,7.628074703526677,-2.5193980088924945,3.618629681839682,0.05454757449403373,1.9224626059302896
176,5.081017734957923,7.6289926164362125,-2.547974881477785,3.472623194869678,0.05110333972307241,1.9506109828656921
177,5.112252780902336,7.710829427852174,-2.598576646950278,2.7009131132904294,0.03773014016743662,2.0777744280633277
178,4.263955764259036,6.860380043256411,-2.596424278996892,3.21683436637478,0.0453392156308969,2.0014936665147562
179,4.230625875341785,6.874926532883036,-2.6443006575409527,2.54511271978582,0.033939566708038105,2.120788953615261
180,4.267198569115235,7.000321547897718,-2.733122978782376,2.4229233453892824,0.02957253189103126,2.1757690788817
181,4.632861135241283,7.27317129643537,-2.6403101611940656,2.2036950639163067,0.029167757422451236,2.18121175976064
182,4.145904578975488,6.952177334509278,-2.806272755534337,1.8420739355754279,0.020256057590446724,2.3215708021978028
183,4.531765545126573,7.024441914348968,-2.4926763692228633,2.8565324284137077,0.04407172458553864,2.0134080009418076
184,4.84999773269311,7.629946897177907,-2.7799491644846057,2.2524151881778813,0.026072563215307834,2.225129241803346
185,4.316234573547545,6.806675631485147,-2.49044105793746,2.461483042987071,0.03790119142269771,2.075921721064585
186,4.223565993089606,6.809586982441109,-2.5860209893517094,2.637678671624732,0.037233487499684186,2.083194617946989
187,4.782365144685455,7.3891748439831755,-2.6068096992985375,3.0827560198523916,0.042994267473467615,2.0237656756183697
188,4.388509955584878,7.022310751656169,-2.6338007960712275,2.0814077590184272,0.027589420797536453,2.203075597697863
189,4.509268366012575,7.287648579231648,-2.7783802132198616,2.5279323675286403,0.0296816386107572,2.1743129754837445
190,4.630338765822954,7.1805901400440515,-2.5502513742212614,3.5891676830488564,0.05270978813925908,1.9372909480765936
191,4.228438381297847,7.132635633245341,-2.904197251947153,2.0732407503721273,0.021007639404839854,2.307847150169997
192,4.773603895080042,7.611566578219799,-2.837962683139267,2.4572826324272725,0.027176709118280264,2.208970266206969
193,5.188220007587288,7.766548245472199,-2.5783282378852164,2.780023697398219,0.03962344341187542,2.057653121556876
194,4.350763787265633,6.9374202139962815,-2.5866564267307695,2.975935606181924,0.042209045874591046,2.0314531658598978
195,4.835877388523214,7.385165262246039,-2.5492878737231877,3.0455607083183267,0.044702049071973005,2.0074473716808927
196,4.944353119636899,7.563387048199671,-2.619033928562203,2.9908691088194264,0.04120818746939321,2.041429170317848
197,4.069990641136711,6.822629655904057,-2.752639014766828,2.7766130886824065,0.0336996705410043,2.123647021027234
198,4.229878700769687,6.8667383979893994,-2.6368596972206433,2.4204034160932064,0.03238588557467256,2.1396150965146403
199,4.645481169569676,7.406310165325349,-2.760828995755219,2.453316357278416,0.029198489493194795,2.1807962578022013
200,4.554146165363191,7.144546557768448,-2.5904003924042627,3.1196827933427507,0.044167594690430405,2.0124967902719506
201,4.1836892554914,7.032932560845699,-2.849243305354321,2.3327578938678535,0.025355964266579902,2.235935991870309
202,5.017290746928039,7.58212083279747,-2.5648300858701987,2.147957318883252,0.030553682330049004,2.1628374727297723
203,4.435780643780445,7.002527698213923,-2.5667470544321986,2.7802657169155207,0.04005141421780856,2.0532182602031868
204,4.666605080313557,7.252902916474545,-2.586297836161066,3.28620283183254,0.046753672309816134,1.9885248605269892
205,4.419349737858566,7.160398687580956,-2.741048949722426,2.6410694033587774,0.03225672407843649,2.1412147503360384
206,4.484715832223911,7.238571821787827,-2.7538559895638173,2.489885212275654,0.029876082159646284,2.1717293660498354
207,4.318748686484751,7.081877758123396,-2.7631290716381045,2.2391127496402206,0.026329013428242228,2.221324162913527
208,4.68186804569933,7.299508758313442,-2.6176407126140475,2.310794101605685,0.031386057705566114,2.1521434526051406
209,4.525123722675117,7.369228417984699,-2.8441046953093974,1.974039801150063,0.02108980331877056,2.306372928378953
210,4.680655089943967,7.248366178427139,-2.5677110884826106,2.2211401941878126,0.03157794285865892,2.149712755556664
211,4.255593645480358,6.94837759923873,-2.6927839537574982,2.524814451799374,0.032141859180698035,2.1426419595566935
212,4.947249769366236,7.487335594041296,-2.540085824674861,2.9704746718594546,0.043936755962474296,2.014693669132425
213,4.574985932009723,7.191616416593744,-2.616630484583766,2.0763324722004484,0.027988682674982498,2.1974449685095085
214,4.363639174932642,7.094649997809247,-2.7310108228766694,2.4675272689749317,0.030231151158275058,2.1670485659071788
215,4.31139205676328,7.061230304394362,-2.749838247630578,1.9938186702732548,0.023440368755986443,2.26617993307483
216,4.367149596490263,7.02442452885367,-2.657274932364089,2.5297087988395734,0.03330865583104177,2.1283429943728445
217,4.1141027862461765,6.8264111758514385,-2.712308389604914,2.35095137763164,0.029187348593854325,2.180946840838523
218,5.110855794969494,7.648907431786709,-2.538051636817727,3.4976782704665634,0.05191136732981515,1.9438680305521099
219,4.45404122433075,7.1409471213058975,-2.6869058969750768,2.1781049411455147,0.027513860458416438,2.2041490942267385
220,4.65846578246993,7.181153084050321,-2.5226873015799356,2.848959620792069,0.04276586656763247,2.025989442258787
221,4.234801896004056,6.8859275725825935,-2.6511256765788858,2.1534078638603784,0.028144734243723737,2.1952630439845406
222,4.367997014187777,7.189157011771291,-2.821159997583891,2.5539442458147263,0.028830717659348946,2.1857934846634874
223,4.7501582233956565,7.2593227270123375,-2.5091645036163754,3.3895873263523892,0.05158385107072759,1.9465904781827112
224,4.900366723493162,7.575194757389182,-2.67482803389521,2.250583857921187,0.02885555185449008,2.185454318958099
225,4.8543425451210265,7.43282442652294,-2.578481881402695,2.439313885434345,0.03452681763068616,2.113864785984551
226,4.695326846530689,7.457967184657603,-2.7626403381264026,2.448060822460148,0.02907917196145449,2.1824115594942484
227,4.899064632525834,7.5658260506591315,-2.6667614181333192,3.0804468647439514,0.04071860009065136,2.0463840500273176
228,4.52833538869737,7.165331626715945,-2.636996238019492,2.689428222262867,0.036244227169531996,2.094176872737854
229,4.1890876698165,6.9691007158101055,-2.7800130459936554,2.804718156301483,0.03322277871350246,2.129380666297759
230,4.2490076535034955,6.850815633983798,-2.6018079804798617,3.008247697516527,0.04210563781508876,2.0324745486647426
231,3.6349800874943963,6.338520714548812,-2.7035406270542808,2.757557638922254,0.035001038994286984,2.108346378597726
232,4.910435643066476,7.5788537698702125,-2.668418126803772,3.4670527509880547,0.045992315209425885,1.995463830570466
233,4.066232496770054,6.791774460012553,-2.725541963241085,2.3729015112024907,0.029113472066615454,2.181946626853639
234,4.838894884718966,7.553184269055569,-2.7142893843365528,3.1830353703236405,0.0404034599529567,2.0496002097028456
235,4.15279011934973,6.7723191694160985,-2.619529050066376,2.5026647801477697,0.03412430984298603,2.118599715015372
236,4.6553094087915365,7.540159435289246,-2.8848500264975883,2.5803911014876864,0.027464549198061523,2.20485103849043
237,4.459724343776825,7.282408217278329,-2.8226838735017736,1.9022903833908096,0.020661738929114992,2.314109089967037
238,4.5679907275946885,7.116949684820417,-2.5489589572252953,2.864714209722857,0.04199081862040983,2.0336111314121856
239,4.481990828832123,7.181646589233344,-2.6996557604015834,1.8415112007960115,0.02256956591337573,2.2806432484013284
240,4.753793246639644,7.53890375514934,-2.785110508509206,2.897025701373126,0.03425836410721031,2.1170174822135257
241,5.025034256215177,7.469252010889809,-2.4442177546752646,3.2214129372387585,0.05190913405585722,1.943886545704772
242,4.012229360806769,6.727157029049904,-2.714927668243945,1.96268027475897,0.023853336649383657,2.259483321181341
243,4.236090245973456,6.880270635088044,-2.6441803891148083,2.983398412213372,0.04017851942688742,2.0519088725304093
244,4.3084218452598275,7.050094436753367,-2.741672591493625,1.6153680315785675,0.018669029832898455,2.3520746104518047
245,5.078007693040773,7.79653405581257,-2.7185263627716267,2.99049640000238,0.037664091930512,2.078491728781886
246,4.41085067976138,7.134244759445613,-2.7233940796841125,1.9996307155086992,0.024146900652078054,2.2547838312445823
247,4.667351602110385,7.304226304478474,-2.636874702367095,2.4287684380311862,0.03250575013979297,2.1381354666514483
248,4.844857730344584,7.541004007637012,-2.696146277292428,2.5066655498943646,0.03178990418988423,2.1470424257347225
249,4.602578794744032,7.008479240251594,-2.4059004455084505,2.1998388013193324,0.03661053795316085,2.0900808460480587
250,4.777878960404733,7.318162908934992,-2.5402839485304867,2.7341163066907725,0.04033323949540243,2.0503197402055604
251,4.873959526273493,7.579272059897972,-2.705312533625147,2.3054371133178275,0.028762109319014368,2.1867317919401006
252,4.479963334851446,7.130885597235645,-2.6509222623844835,2.1802694089065575,0.028532950798647774,2.189879862355219
253,4.738124932971287,7.556350793276357,-2.818225860304665,2.381377735923069,0.02673808729901461,2.215320302279194
254,4.979069381767941,7.453986117166911,-2.4749167353984376,2.4147159564956446,0.0377085656283224,2.078008615500418
255,4.374805034358642,7.102967837920451,-2.728162803561645,2.3292995265917913,0.028453883119961332,2.1909711103261498
256,4.119148618984864,6.811997595155836,-2.692848976170353,1.8077783303044832,0.022265063661874872,2.285815343603463
257,4.761111016410096,7.529389309782145,-2.768278293372532,2.4920373955426225,0.029497710004957912,2.176770300863597
258,4.37074272039291,7.089637607745557,-2.7188948873526897,2.476947662452309,0.030709352214193988,2.1608186321992027
259,3.940740435334474,6.788489045298489,-2.8477486099636735,1.235704736007273,0.012300827962868185,2.5033946953021378
260,4.236803453718776,6.969551525479664,-2.732748071761307,2.994255013033815,0.03723329065098593,2.083196778412335
261,4.395839732899104,7.175137419832884,-2.7792976869341146,2.230109713042239,0.025801010642197156,2.2291938337886497
262,4.474508028064802,7.167772528673053,-2.6932645006081657,2.6814229754961314,0.034286621481791756,2.1166846378471766
263,4.900894746567529,7.5668009296005305,-2.6659061830332575,3.049389032994572,0.0403175915308037,2.0504802254887706
264,4.506217050482801,7.064626810782711,-2.5584097602995826,2.4840260949641433,0.03587376209616687,2.0983553990685815
265,4.330778296225899,7.059801159304426,-2.729022863078171,2.4152628525656024,0.029585697302801604,2.175593132630953
266,4.766641830424588,7.384927576561251,-2.61828574613628,3.0615904673759484,0.042252086127029014,2.031028672252787
267,4.838572380517062,7.459889018857586,-2.6213166383404314,3.32319933669619,0.04586601872499913,1.9966242296559695
268,4.7141601218357305,7.323940594458014,-2.6097804726214235,2.960205950504861,0.041109614205773914,2.042422757795812
269,4.764091791130623,7.318503975909072,-2.5544121847779024,2.8700071024718277,0.04186232422805252,2.0348862063461683
270,4.787423489687454,7.515207695854896,-2.7277842061675983,2.7783078370564382,0.034504332868061975,2.114128040057545
271,4.513768211952366,7.106346297815483,-2.5925780858633516,2.556294862866979,0.03580150359859156,2.0991746976249157
272,4.602274828270593,7.411154661589391,-2.808879833318315,2.794978694835372,0.03222732885243845,2.1415795741429053
273,4.6612159815952605,7.344099201508497,-2.6828832199125827,2.109683294352978,0.026672077772769403,2.2162837127264865
274,4.971746604840801,7.598488063043282,-2.6267414582025594,2.600501807709053,0.03530720129126203,2.10481745350583
275,4.725992078332011,7.346315667086484,-2.620323588754218,2.6918925926330353,0.03684580010734463,2.0874685607266126
276,4.87515462852417,7.31640109603927,-2.441246467515157,2.83988750687047,0.04591509399772303,1.9961730117651035
277,4.228904347795206,6.800418925387396,-2.571514577593007,3.0516430755886503,0.04391099959125068,2.014939394911869
278,4.8982002245796235,7.627414826769742,-2.7292146021900408,2.3307941290201644,0.028445085399472755,2.1910926929909165
279,4.265814194605182,7.153201088485337,-2.887386893879011,2.6001320192333193,0.027635615505234516,2.202420551304185
280,4.2203036770573,6.767058151307003,-2.54675447424961,3.07229741982146,0.04520512436223886,2.002740732020527
281,4.4668851651497885,6.976047869263892,-2.5091627041138054,2.147004170383795,0.03225779584048296,2.1412014540933915
282,4.810677812656023,7.429574502703721,-2.6188966900472224,2.8804664871074124,0.039622942224941116,2.057658338902543
283,4.260317557030531,6.979879288132485,-2.7195617311017486,2.2571441536316392,0.02771495375554371,2.201297726039715
284,4.361885485434241,6.960148052387124,-2.598262566952144,2.68378809472849,0.03748922131317042,2.080396049537909
285,4.107923631822187,6.707762615442972,-2.5998389836204296,2.3978654978464906,0.0332185838873832,2.12943141206862
286,4.713539667399628,7.421268886956126,-2.7077292195572227,3.289368397891524,0.04207261224654742,2.0328011962159938
287,4.469489083248218,7.033971223761318,-2.5644821405130642,3.1165794253890198,0.04515169966011666,2.0032384572642004
288,4.3127623695457356,7.042272790347779,-2.729510420801489,2.9008479259966684,0.03609227899121226,2.095886292269089
289,4.518313289589342,7.199209578197481,-2.6808962886079826,3.286434689055463,0.04303539910262323,2.0233662696571724
290,4.7659267470210676,7.437381670401477,-2.6714549233802245,3.046478658223169,0.040076940616564076,2.052955014750838
291,4.666164254716305,7.197408645554793,-2.5312443908378555,2.5732455922194006,0.038190931035927723,2.0727996284994883
292,4.381565303500166,7.178596614307109,-2.797031310806233,1.9309342450243943,0.021565275516136188,2.2979387484319336
293,4.303215479863239,6.914250434988984,-2.611034955125433,2.6466434446932876,0.03650486128312866,2.0912589075532693
294,4.3497188070735415,6.934268011030879,-2.5845492039579767,2.070266785968691,0.028802337509578592,2.1861813863072554
295,4.261914139871179,6.992084565911155,-2.7301704260398765,1.6965870371417484,0.0199625563395712,2.3270508999140502
296,4.500117023228368,7.083769358907302,-2.5836523356792895,3.2242234313630824,0.045960250319382306,1.9957581850202015
297,4.892148289619682,7.590656474561191,-2.698508184941602,3.187684406611522,0.04103611667839612,2.0431649040725604
298,4.804857739764257,7.4018755385898825,-2.5970177988247087,2.3491353920280975,0.032586322208620844,2.137143494999569
299,4.89305186055145,7.64073883333487,-2.747686972783413,2.4928628856857795,0.030091140263073187,2.1688886287294906
300,4.7126713104710785,7.330708123831739,-2.618036813360959,2.745181876061963,0.03769696492277739,2.078134586038961
301,4.671654851011509,7.269773087524099,-2.598118236512164,2.7697522149445533,0.03875773802910447,2.0667497779310517
302,4.672430711022853,7.268823985780655,-2.5963932747581566,2.652972586416187,0.03710022732785883,2.0846594126143656
303,4.775780788929579,7.442023018458462,-2.666242229528507,2.692066053212576,0.03530923283918093,2.1047941246024204
304,4.291894003663684,7.11815870451005,-2.826264700845968,2.148188871512268,0.02362628097451308,2.263152649156062
305,4.470785092577271,7.290783651335216,-2.819998558758016,2.8705908417061323,0.0328511534950489,2.1338977282123084
306,4.237893954436286,6.890744734441311,-2.652850780004883,2.7179785563251357,0.03611844353459547,2.0955915040216806
307,4.964190025936032,7.676810285011781,-2.7126202590752655,2.712177661962251,0.034092218006925495,2.1189792806261027
308,4.5882640899383755,7.299369985087969,-2.711105895149558,2.5421590026305516,0.03182588864370992,2.1465906034610653
309,4.702913010648727,7.4597593449721895,-2.756846334324109,2.3259120258752066,0.0276321129095816,2.2024701854222415
310,4.089393285546349,6.830346733485653,-2.7409534479393187,1.2450042801104821,0.01393829896696141,2.458849615403354
311,4.589740191950396,7.4382670277657095,-2.8485268358153917,1.6640793625586312,0.01727642398907263,2.380771515614121
312,4.483109250414882,7.132632115936344,-2.649522865522158,3.20947541057542,0.04316115701200071,2.0221471038092353
313,4.591843410187094,7.510742462397273,-2.918899052209781,1.805540567229011,0.017650160259776244,2.3728765864606474
314,4.966200351360667,7.591966880726821,-2.6257665293660466,2.712827358846617,0.03696210092238739,2.086182432620467
315,4.113821706395639,7.033692129113161,-2.9198704227164853,2.4286903871455507,0.024800153996277424,2.244501477021743
316,4.952384965569136,7.65236894527799,-2.6999839797090317,2.468099872408084,0.03114487379384602,2.1552167880432163
317,4.527010900222477,7.225214620028622,-2.698203719804951,2.2487116764531567,0.028180804597967693,2.1947601896035223
318,4.056950890509425,6.764914494423563,-2.7079636039143224,2.3640367302672036,0.029488389695735823,2.1768951726545556
319,4.418283905777853,7.137244900644367,-2.7189609948673024,2.232732533029605,0.027400905305789914,2.2057586162729756
320,4.541763877189906,7.097996613662408,-2.5562327364732482,2.9570271235081247,0.04309992750040879,2.0227403205794796
321,4.707365208074689,7.461004436587563,-2.7536392285128386,2.305349617961296,0.027446673594150574,2.2051057656709876
322,4.818894712948632,7.480503105013176,-2.661608392063499,2.5231150965350366,0.033079477944644116,2.1311173228076594
323,4.210172345651072,6.80621767415745,-2.5960453285060794,2.77614680108306,0.03892581234508146,2.06497028098149
324,4.285598136268446,7.049293333135969,-2.763695196867957,2.338573408510088,0.02761565378232989,2.202703494924885
325,4.141850276636715,6.966895486694616,-2.825045210058306,2.096632638945893,0.023014290257879013,2.273197344528446
326,4.457947051698566,7.135339265807593,-2.6773922141092044,2.439863387321127,0.03142715701648038,2.1516217581714328
327,5.096828618277241,7.481730149147202,-2.384901530870593,3.303020496879128,0.05601732300935374,1.9109008563619996
328,4.645768348653574,7.314036330465916,-2.6682679818131874,2.2460343785488437,0.0289763708742013,2.183807845255456
329,5.0071648640026165,7.770082708445093,-2.7629178444421996,2.631888699320781,0.03148309582837474,2.1509126380017025
330,4.540513266853223,7.2271455385083865,-2.6866322716541617,3.1112759605283085,0.04042377653594428,2.0493922288188164
331,4.538999407413312,7.269228900696154,-2.730229493283332,2.379296855002627,0.029068500694578787,2.1825563031368076
332,4.610642188239863,7.212266021517676,-2.6016238332776993,2.6755866764487255,0.03725189679072713,2.0829926141813977
333,4.480455701078709,7.290677088674242,-2.810221387596357,2.7096198035772545,0.03110455292542927,2.155732576145396
334,4.203393274048095,7.1282107850540495,-2.92481751100604,2.356376859345824,0.023844019868243343,2.259633287452809
335,5.169123954841153,7.704682119619511,-2.535558164777285,2.90948724762028,0.04318915692851777,2.0218760660086836
336,4.774829115931707,7.382640375667021,-2.6078112597360814,2.5307816279979782,0.034917568353728584,2.1093130586452182
337,4.6668715290746245,7.30788114923841,-2.6410096201643682,2.364590989235241,0.03145707766672896,2.151242328168302
338,4.59723333307039,7.259408477469128,-2.6621751443990433,2.959795635594089,0.0392008752700431,2.0620720671102593
339,4.738852560862425,7.364738194854594,-2.6258856339918566,2.526952540131113,0.03427123337157276,2.1168658657242374
340,4.753383123006925,7.396351913519139,-2.6429687905119863,2.7653559667549636,0.03712584353442728,2.084377492104599
341,4.61533076457482,7.048706923343955,-2.433376158768624,2.585901063925121,0.042073582479459984,2.03279159679458
342,5.060384044394878,7.711944839819457,-2.651560795423393,2.7154187183182117,0.03612537388422953,2.0955134522996164
343,4.0632743771623705,6.706803086250629,-2.6435287090880593,2.744320269481914,0.0368071375465744,2.087896881595735
344,4.624159865615466,7.2697898690741365,-2.645630003458791,3.0447976907125867,0.04099299715292807,2.043600830733578
345,4.103339702282311,6.748539356862855,-2.6451996545802103,2.8758351968726714,0.03861845422284643,2.068229428603738
346,4.549359813033616,6.961137243845057,-2.411777430811526,3.38086932368393,0.05597213679505903,1.9112525253805395
347,4.99483577002985,7.760606067110876,-2.765770297081872,2.9488346376466783,0.03554539570260571,2.10208996571871
348,4.299284924123922,7.011986540716462,-2.712701616593222,2.4051154134260244,0.02991324288508849,2.1712372504587893
349,4.8397824501355995,7.451226358750537,-2.6114439086150014,2.9392593036759482,0.040744756206433204,2.046118063389682
350,4.704207560411588,7.440323812750114,-2.7361162523384337,2.756392798253719,0.03394737540737165,2.1206962132038334
351,4.638713544103949,7.375748790201589,-2.7370352460975482,2.0618285383755524,0.02464586763329978,2.2469086212006717
352,4.388543542388389,7.121441804300806,-2.732898261912851,2.616091017602166,0.032168748032287565,2.142307471206784
353,4.995078150341497,7.639530357785686,-2.644452207444374,2.6770566919690566,0.03581762852773529,2.0989917439459727
354,4.703564519953316,7.332280976926276,-2.6287164569721426,2.5235183389911207,0.03413006934904633,2.1185316268564254
355,4.800989748437415,7.597439756240965,-2.796450007803287,2.6447942121326786,0.030674954454878674,2.1612639697343674
356,4.4509984874615025,7.174201200651082,-2.723202713189494,2.3919249354485377,0.02943581554473744,2.177600188006936
357,4.619369821704195,7.456770028191064,-2.8374002064865635,2.5532214215558717,0.028382863703871494,2.191953509811646
358,4.4548975333184995,7.140464735369369,-2.685567202051061,1.795652083434101,0.022264604121327247,2.285823195445204
359,4.251083647254118,7.102076425052649,-2.8509927777986377,1.3751964343738532,0.013852596588178322,2.4610631893405066
360,4.472956871894267,7.226369465667778,-2.753412593773646,2.0593933104325632,0.02421622407398201,2.2536813085265948
361,4.614928223031994,7.203119110951894,-2.5881908879200637,2.5025982384823635,0.035151104990495466,2.1066133915305123
362,4.3947614676865765,7.093754302082742,-2.6989928343964493,2.5794295173389106,0.03270399280412098,2.135698548477575
363,4.294797432932965,6.974730127410963,-2.679932694478339,3.1956181086046502,0.041826227432895206,2.0352449978400586
364,4.318951735442452,7.140057241068353,-2.8211055056253826,2.033850287893536,0.02232361784097856,2.2848160211276896
365,4.620054964059191,7.4418054321053315,-2.821750468046048,2.0658430484672934,0.02270660633115043,2.2783353282472465
366,4.430722500151488,7.116492589988331,-2.6857700898362964,3.3568434238006493,0.04381122694851342,2.0158924149182935
367,5.087858809416785,7.627848148002732,-2.5399893385865653,2.4661695178112115,0.03623064750118623,2.094329395393055
368,5.174766711205221,7.7120870924400915,-2.5373203812350766,2.2994006379990335,0.03374213232548761,2.1231398766822633
369,4.890487267284071,7.431577546875273,-2.541090279591117,2.6127186193352188,0.03844517176450046,2.070076600336293
370,4.090378764260377,6.664251308933393,-2.573872544673577,2.3486577746207953,0.03331301361071582,2.1282903994278706
371,4.321401279774646,7.170058683793021,-2.848657404018013,1.8956107390473615,0.02004589290936136,2.3254877740045456
372,4.745528965328331,7.266989411303504,-2.521460445975208,2.632480013119224,0.03946450252407985,2.059310507705223
373,4.392092823435915,7.252919412485921,-2.8608265890507028,2.52375871992818,0.027401685073070888,2.205747485597512
374,4.557599944091008,7.2276874191093,-2.6700874750185903,2.5012628903508034,0.03250869785691069,2.138099138420012
375,4.924679044871764,7.384039026667436,-2.4593599817953873,2.824168718037283,0.04491044286135727,2.005492302258275
376,4.99573702723802,7.752805219366129,-2.757068192128827,2.96159529420939,0.035994988959141605,2.096984031297293
377,4.5201383733904645,7.237356094349002,-2.7172177209586152,2.400259464605565,0.02971828982772369,2.1738248728045098
378,4.234598314227979,6.930956194088763,-2.6963578798613526,2.361305799641844,0.02978175177329335,2.172980940921663
379,4.62404900766097,7.186473919995256,-2.562424912334791,2.8292431141632584,0.040946522505302584,2.0440711120277326
380,4.842775767070007,7.625782295268513,-2.7830065281987117,3.0001185593003967,0.035655233139628456,2.100837502495653
381,4.7633921141071465,7.436721457337574,-2.673329343230762,2.6311518030156016,0.03422619569516261,2.1173966804892372
382,4.896067528517333,7.584948251114495,-2.6888807225968776,2.8292529565882525,0.0364672955205115,2.0916783829779786
383,4.994615531190275,7.816430279348706,-2.821814748158431,1.7565704343788404,0.018889702895473686,2.34770051171766
384,4.411416466921137,6.945964185176662,-2.534547718255453,2.0383306159093966,0.029769419324935844,2.173144819594763
385,4.773322015573568,7.4068212560234254,-2.6334992404499644,2.7097887307422326,0.03665448610165867,2.0895917740488628
386,4.251107222988422,6.907162834432603,-2.656055611443662,2.4362199876466306,0.03202160665628237,2.144140801758192
387,4.727548387147463,7.412236079903726,-2.6846876927565972,2.5971390352994597,0.033392681385763935,2.1273299086135493
388,4.529886804065709,7.231193331717163,-2.701306527651468,2.7842900070808323,0.03543912783812826,2.1033048720872722
389,4.658070739758214,7.479541102769927,-2.8214703630110307,2.4654782872450483,0.027710474114871167,2.2013610497434213
390,4.409077093283768,7.07683437052148,-2.667757277237797,2.989343245745932,0.039415016336900276,2.0598276909952125
391,4.606803252460223,7.170688456253989,-2.5638852037936886,2.8173067442826163,0.04071286089714413,2.0464424323777517
392,5.109390209082731,7.6907277390071425,-2.581337529923985,2.694009223903766,0.03823555043946231,2.0723206226163735
393,4.151504594364551,6.855129790391706,-2.703625196027133,2.8599608483027303,0.036396331684236574,2.092471801425328
394,4.4893518557612975,7.1454357930775725,-2.656083937315998,2.58394807445341,0.034114485436153176,2.118715880592858
395,4.462423193334244,7.308404328245727,-2.8459811349121082,3.127195201450508,0.03525202159179735,2.1054515378876677
396,4.269102492390003,7.039549959363219,-2.7704474669735646,2.3600669721655105,0.027716343920602828,2.201278076615173
397,4.65450080135207,7.369048553912185,-2.714547752559156,2.0140111843588056,0.02455581795089558,2.2483195974984618
398,4.610312855597213,7.510723057486208,-2.900410201888917,2.0706542118512647,0.02105655191419238,2.3069689361422956
399,4.56049073850164,7.167287085573696,-2.6067963470723043,3.2102885668139365,0.04483236463106999,2.006223903728676
400,4.6886273165349035,7.399752835221632,-2.7111255186873677,2.7142042626694245,0.03416711842041431,2.1180938720004523
401,4.662783017516913,7.2795270883981384,-2.6167440708813956,2.9995610998604256,0.0414184870751446,2.0393161275759484
402,4.688582578907981,7.5920211031942255,-2.903438524285775,2.774769888895179,0.029293814351420443,2.179509841755374
403,4.270654156710689,6.869859979241786,-2.599205822531985,2.8755747930954563,0.04026878905017693,2.050981082458517
404,4.6629008024058844,7.2885057443533565,-2.6256049419480405,2.487952191106219,0.033715320605716956,2.123460040178546
405,4.721151557375661,7.374566378213883,-2.6534148208384067,3.210598643560692,0.04302867143981326,2.0234315761039294
406,4.528665517561704,7.258456060057325,-2.7297905424957207,2.7454414502428826,0.033999535963780574,2.1200771930894153
407,4.627675633885984,7.226607595403747,-2.598931961517337,2.507556309773385,0.034868657956850325,2.109880410965606
408,3.8736005736494104,6.59925205313783,-2.7256514794880786,2.8757328264940156,0.03588211483322885,2.0982607828362325
409,4.82569330567304,7.355086401639161,-2.529393095966043,2.4392581033433505,0.03617904189949388,2.0949094584424515
410,4.9319397879492595,7.54625674604444,-2.614316958094605,2.770762907276575,0.038198279039268875,2.072720712235897
411,4.613555950486726,7.292500396171169,-2.6789444456853744,2.593601989179575,0.03352391364161257,2.125752012106928
412,4.038483984503101,6.781653156687382,-2.7431691721840252,2.233529963043024,0.026772146608475367,2.214824008999976
413,4.235388979560694,6.984383579035528,-2.7489945994757363,2.0406253196920225,0.02407570371639357,2.2559190105871303
414,4.043489707091167,6.835128220647553,-2.7916385135567907,2.098169868930338,0.02380753672439289,2.2602210229479756
415,4.446171216666981,7.1621333654775,-2.7159621488108314,2.0553480985120114,0.025079585740957627,2.240174665067241
416,4.546978206580489,7.211061676602112,-2.6640834700219784,3.0527721522091085,0.04043074546376579,2.0493209083112407
417,4.461968663854632,7.112856113704543,-2.6508874498504156,3.149892533768785,0.04227515106297539,2.030801339965712
418,4.758592837780553,7.311423614384507,-2.5528307766044236,2.677298637208251,0.03900671801769186,2.0641160134638685
419,4.582906680150073,7.274611687340316,-2.6917050071897393,2.6897872218164256,0.03445178002831576,2.1147439065303892
420,4.598881022896704,7.252748898227074,-2.653867875330434,3.0441807313761906,0.04068237961032846,2.046752622376116
421,4.384924073383727,7.0532993847656,-2.6683753113820785,2.676781581145983,0.03502505153701326,2.1080686520154304
422,4.192374207729072,6.809171524739773,-2.6167973170104233,2.5144383933525614,0.03438434860496233,2.1155353117910725
423,4.273453877049461,6.916046410922489,-2.6425925338735397,2.2352512293444633,0.029555141654642552,2.1760015901664422
424,4.828375048572807,7.515970171327394,-2.6875951227548285,2.6157339714010845,0.03355909533121997,2.125329896483204
425,4.651599566615287,7.294468000036494,-2.6428684334223362,3.013210604158612,0.04064807431700812,2.0471019627301366
426,4.339718025803732,6.996147567428059,-2.656429541624675,2.800201396971463,0.03715924613862639,2.0840101266585718
427,4.875474917919119,7.542309240803297,-2.666834322883915,2.9912635030870316,0.039474628953000364,2.0592047436132432
428,4.753115239047757,7.340691968075282,-2.587576729027205,2.6889597293962293,0.03793995896132412,2.075502807213274
429,4.274752101747536,7.005443671224787,-2.7306915694771305,2.9782997272356724,0.03708932216779312,2.084779480225894
430,4.711447132277781,7.4430651248667115,-2.731617992590145,2.441458795917539,0.02986384630554061,2.1718915193444612
431,4.640033472208698,7.370028501971701,-2.7299950297619944,2.068570622369382,0.024908957032040765,2.2428117409949135
432,4.026316669192338,6.75725439264056,-2.7309377234478234,2.1508863415786816,0.025986464798872868,2.226413981921124
433,4.55524811245351,7.309828730665066,-2.7545806182115484,2.1578161961047915,0.025480034634317226,2.2340461806448477
434,4.381729872533752,6.95228903423912,-2.570559161705205,2.661442374261826,0.03813144371768271,2.0734389876071093
435,4.201501946806557,6.7049784169507,-2.5034764701449603,2.8300870329396766,0.04322774079635155,2.021502819272035
436,4.472677918969849,7.197999003887025,-2.7253210849175957,2.9542346947229934,0.03694712311786688,2.0863478731677807
437,4.09831641460306,6.749467557790778,-2.651151143187235,3.008335838705742,0.040277536971104394,2.0508912652121474
438,4.669202543448874,7.386474921266261,-2.7172723778176078,2.6847474109570832,0.0335737701436496,2.125153937567365
439,4.386245755223454,7.208735420705876,-2.822489665481953,1.9750051154378152,0.021563862597346082,2.2979635706401984
440,4.012659167080811,6.7930390714409565,-2.7803799043613253,2.826467163478016,0.03349321016615614,2.1261207071609656
441,4.419241284561677,7.237229712029842,-2.8179884274677534,2.876032711938489,0.03298032829679283,2.1323226863922637
442,4.775833502732267,7.355391024012411,-2.579557521280549,2.9477726614168436,0.042064381805490825,2.0328826352004983
443,4.6539948054826805,7.331461088382069,-2.6774662828993314,2.42598894685125,0.031231196879453332,2.1541144593558355
444,4.818481190365956,7.578333746456556,-2.759852556089754,3.0346263295863043,0.03686119948143391,2.0872980662736316
445,4.435877423466364,7.133911090695099,-2.6980336672286285,2.7737162434675753,0.035401189229924135,2.103739357881448
446,4.452133102672915,7.305678769091072,-2.8535456664185403,2.470286626939261,0.02693523037209231,2.212455171719517
447,4.5667585703598075,7.2868366423082644,-2.720078071948592,2.921945753789343,0.0366882524217008,2.089216348621507
448,4.500979984121214,7.0978618852467275,-2.5968819011259257,2.6761063831521223,0.03742420641864793,2.081105982160553
449,4.691907376184927,7.267872154750846,-2.575964778566231,3.569326400742174,0.051283705267296656,1.9490981441822997
450,4.210049636913309,6.854694410553206,-2.6446447736398113,2.0557511922402902,0.026927603261675426,2.2125656812321552
451,4.871508754465422,7.428533608988749,-2.557024854523661,2.9256739367488187,0.042598948786143655,2.027620953535415
452,4.553875915972922,7.263196093767091,-2.709320177794325,2.954834193895069,0.037495169761711834,2.080331147557413
453,4.636429975885504,7.54941791875145,-2.9129879428664935,2.3473055918120167,0.02401147282968122,2.2569456220012363
454,4.971976463037491,7.536074663196414,-2.5640982001586963,2.85769267368776,0.04131009576678479,2.0404040811156317
455,4.909788163505537,7.610971240522799,-2.701183077017049,2.2298339440425607,0.027840333730361686,2.1995289391916417
456,4.453458950631385,7.069782273102062,-2.6163233224706346,2.703350463899742,0.037149400712405016,2.0841183784872426
457,4.422992577088108,7.108088052025243,-2.6850954749379525,2.2885294421379374,0.02909551076301498,2.1821900307243
458,4.163012720009929,6.948637215947278,-2.7856244959375545,1.7205895325798117,0.01915165593713778,2.3425658130344047
459,4.763434802695256,7.449015488985394,-2.68558068629045,1.9755476987369889,0.024744535210272374,2.2453677308209095
460,4.63043603390207,7.24897748795915,-2.6185414540568672,3.0408514570121667,0.041944751601567555,2.0340678832247723
461,4.755006650238384,7.433334292207446,-2.6783276419682807,2.68120841622277,0.03476364133589474,2.1111008856639093
462,4.78134865125986,7.435293993877158,-2.6539453426157706,2.382151603904484,0.03131792819922078,2.1530095474578967
463,4.979872799274117,7.70149415578828,-2.7216213565143335,2.2313990317310566,0.027311907360047582,2.207030803835682
464,4.64053959197946,7.276657640168088,-2.6361180481890187,2.6475379388218663,0.035673158479897916,2.1006334144597627
465,4.5521644256362475,7.097370273777328,-2.54520584814054,3.047223210619693,0.044890723943507016,2.0056769693474363
466,4.553470672033937,7.219383778575205,-2.665913106541666,2.468910564957426,0.03218214760901474,2.1421408743819925
467,4.539707385835127,7.174763612781637,-2.63505622694629,2.527785157862553,0.033987548632041904,2.120219381943729
468,4.614365616584392,7.3939692088539015,-2.779603592269268,2.8556112425270204,0.03389466470628611,2.121322588826044
469,4.370961373527562,6.930823267756137,-2.559861894228561,3.323405990490375,0.0483961428096581,1.9738733758567715
470,4.264013820867431,6.878519749815892,-2.6145059289492565,3.087445780872356,0.04276706430296504,2.0259777546561755
471,4.240584821954426,6.965833584564178,-2.7252487626101356,2.2369447378017924,0.02729010101019917,2.2073430617890804
472,4.190771049568239,6.966393918572967,-2.7756228690050193,2.8614259224027805,0.034094054447618746,2.118957551920624
473,4.249219266073224,6.7397896240537545,-2.4905703579815963,2.5157984466995433,0.038762881769055776,2.0666952211109573
474,4.4978013114726405,7.259178780262237,-2.7613774687897603,2.590087902756517,0.03097948392351932,2.1573361286596024
475,4.471177831853593,7.096944136888821,-2.6257663050355404,2.3497833738265417,0.03170643597215444,2.1480921467884335
476,4.724788949907007,7.363573747582256,-2.638784797674816,2.9248564699908393,0.03954279454525333,2.05849339618641
477,4.244975116576198,6.976723957722106,-2.7317488411463273,2.534082485334956,0.031103058463761407,2.155751704456492
478,4.493650280955363,7.177861420666629,-2.6842111397108965,3.446231602413661,0.045086811966994274,2.0038436443574126
479,5.155390519015155,7.9271142785471,-2.7717237595315964,2.43339668879878,0.02863723150211085,2.188444614241374
480,4.842258652306837,7.590848480739366,-2.7485898284330688,3.1190477942732926,0.03834982021734803,2.0710960575702355
481,4.2284545119849195,6.811569730750042,-2.58311521876567,1.8969624502309905,0.026243655099921805,2.222587096483675
482,4.751265902084297,7.3354726226456375,-2.5842067205612693,1.920205100744374,0.02656284880113791,2.2178824445130214
483,4.111261349010702,6.729933331996859,-2.6186719829856884,2.2176825721475506,0.029995662039147383,2.170147654863244
484,4.265961345867536,6.98971183181264,-2.7237504859449473,2.466037854907926,0.030420655854010853,2.1645696694118626
485,4.675721849534339,7.358215439853323,-2.6824935903186997,2.4651498093455846,0.03162636027933691,2.1491014319802386
486,4.587587622222882,7.250123806065153,-2.6625361838423487,2.63464658658547,0.03462266199319801,2.1127442696881142
487,4.479817239500617,7.263973128190413,-2.784155888690293,3.1405953161764693,0.03742744941726193,2.0810705452505265
488,4.407279358212973,7.040961586914674,-2.6336822287021278,2.253967811330277,0.030083039551017404,2.168995315584627
489,4.277152999272685,6.897333304057119,-2.6201803047842986,2.0680310247150473,0.02776932313607978,2.200529869308222
490,4.182399031439955,7.006429458668739,-2.824030427229445,1.8225551908241702,0.019654016653240642,2.332888146752118
491,4.719704993956212,7.52689480183246,-2.807189807876057,2.475678781258651,0.028219569263075707,2.1942203919988534
492,4.069722817436114,6.933081208044397,-2.8633583906084823,2.098855637544167,0.022184621351765965,2.287191955719918
493,4.668167069967522,7.304781963379339,-2.636614893411206,3.191694855762373,0.04340518354562878,2.019789916281911
494,4.686279893451056,7.592523324183231,-2.9062434307315925,2.205502316327536,0.022506283324941923,2.281713114016687
495,4.105098188712246,6.645963035400738,-2.540864846688237,2.869041120075016,0.04236752505307565,2.0298919350690343
496,4.6226265607832016,7.349086334166364,-2.7264597733837945,1.4404791826155403,0.016679884057990414,2.3936890257929924
497,4.6231452139657545,7.284826723246651,-2.661681509281152,2.850923383465341,0.03769251156892748,2.078182953184624
498,4.858437070776118,7.405373571015515,-2.546936500240008,2.7818591829528927,0.04081188663183798,2.045436062773189
499,4.612044084166255,7.318299864431287,-2.7062557802655647,2.621146893530323,0.03305129729810325,2.1314596003851927
500,4.677526550415051,7.523145186538079,-2.8456186361227083,2.8235606414431924,0.03150710905171944,2.1506085608164685
501,4.177545099216614,6.98869262947896,-2.811147530262133,3.2432845297904294,0.03783358077126017,2.0766531803823702
502,4.978331414840168,7.518677858452703,-2.5403464436121794,2.5849971830061484,0.03804638572596473,2.0743546507278974
503,4.4918598767110876,7.264604283975485,-2.7727444072643266,2.509605905268433,0.02960166542124081,2.175379820565969
504,4.33099163260732,7.017123929874982,-2.686132297268159,2.3767537933849887,0.030290496020589683,2.166270847935835
505,4.285915464098535,7.066227711935161,-2.780312247836264,1.6006300455182263,0.017745987247433002,2.3708759244294604
506,4.644326323294363,7.442700218615974,-2.798373895320765,2.1589693262094105,0.024420809503903115,2.250443449190765
507,4.406216079939723,7.259705239227612,-2.8534891592871645,2.4002264105154243,0.026077911502453758,2.2250495569820847
508,4.301093689641958,6.898976372339083,-2.597882682697673,2.8041636252378925,0.0392711337711512,2.0613345547385884
509,4.606739881447821,7.412434990500456,-2.8056951090529765,2.6397875736233374,0.03034701663809781,2.1655313580937974
510,4.423747352608471,6.997150968087437,-2.573403615478128,2.4377004205143695,0.03467001209217304,2.1121916772722185
511,4.450432959992495,7.155873352727012,-2.7054403927349995,2.4940564105037915,0.03133868217427347,2.152745541940948
512,4.326915265525086,6.870443093427985,-2.5435278279028353,2.1451458849260554,0.03115705948226075,2.1550610204079037
513,4.4338482934847985,6.983475720775436,-2.549627427289124,3.002514600384833,0.04404212598294283,2.0136896629902576
514,4.987489726973136,7.6217856593246776,-2.6342959323510513,2.425172403540408,0.03253404427940771,2.137786880632143
515,4.453045159538588,7.1884642801616945,-2.735419120624101,2.305274354248313,0.027934009502601463,2.198211893732779
516,4.816913479651076,7.495190502032953,-2.678277022381735,3.3646021566050734,0.044204586304938405,2.0121456446797112
517,4.610690224986056,7.2678933436139115,-2.6572031186278764,2.486591873434497,0.032700277593434066,2.135744101616388
518,4.590974731292873,7.338568739439749,-2.7475940081458248,1.9520987234682892,0.022944593969625282,2.2743559452692113
519,4.408750199905908,7.014118846527863,-2.6053686466220825,2.640774434144898,0.03661233336974708,2.090060856160765
520,4.256323153674485,7.044222190744824,-2.787899037070929,2.4925471613278543,0.028959628086077348,2.1840356561914653
521,4.894800065806804,7.519233218586235,-2.6244331527805116,3.241802471171823,0.04458754914154886,2.0085248401106934
522,4.61811635283294,7.336629767314504,-2.7185134144810945,2.5694395548653333,0.0319736091817681,2.144740395563361
523,4.644032730903119,7.121734870274166,-2.477702139371104,3.5047895331399364,0.05477369696056907,1.9206670437955833
524,5.00125695642083,7.581664420155596,-2.5804074637344456,2.658025052692855,0.03773246536567986,2.0777491952887774
525,4.598382299102296,7.278031787502163,-2.6796494883992636,2.3035324346902932,0.029458677609999272,2.1772934764690723
526,4.972241227032383,7.729899091359227,-2.757657864326575,2.579422721937499,0.03094756236200086,2.1577462959326486
527,4.4546563920978866,7.110956569451345,-2.6563001773520227,3.120852833044296,0.041666610816557155,2.0368346888377626
528,4.423654005093622,7.186686583847544,-2.763032578754064,2.7508941747172138,0.033040673105024725,2.1315887049586943
529,4.216806928293691,6.9487901923590965,-2.7319832640660024,2.674853871754719,0.03298442748355062,2.1322727910938633
530,4.449463150703478,6.957686808123254,-2.508223657419876,3.005687814143501,0.04576077086524721,1.997593294062331
531,4.4180949653458,7.126787449389196,-2.7086924840432403,3.4195291688754192,0.04378407100655638,2.0161521234883724
532,4.698141588324061,7.387309687197989,-2.6891680988746884,3.0205903140605255,0.039089375292982134,2.0632448039343925
533,4.7817936652657504,7.344673121714633,-2.5628794564490818,2.607379184487483,0.037588835163773364,2.07931034210589
534,4.244077125143404,6.897445565863945,-2.653368440720442,1.672254993425618,0.021271716572016822,2.3031266801014594
535,4.493576128780033,7.248887724782689,-2.7553115960026844,2.41125079336037,0.028797791881617404,2.186243546804773
536,4.574692852095096,7.1456010992306656,-2.570908247135776,2.894398889543652,0.04160098166282125,2.0374898140162467
537,4.798973409070923,7.655861304723997,-2.856887895653017,2.012272632358103,0.02128153348465508,2.3029521855810575
538,4.436675729902445,7.064265840433242,-2.627590110530946,2.4674958719338242,0.033355829975827075,2.1277739526824972
539,4.806889829728162,7.446963761754551,-2.640073932026098,3.2534939565517966,0.04414211407392666,2.0127388112908204
540,4.279615558341275,7.013038084218065,-2.733422525876449,2.939275065406493,0.03647697473127216,2.0915702655564483
541,4.436388856135009,6.96807392043768,-2.53168506430211,2.361956859625913,0.034899618035299056,2.109521200431897
542,4.208596502607461,7.084777743288944,-2.876181240681035,2.9937455367163324,0.03269536154828046,2.1358043853035005
543,4.753027418629527,7.347710057055528,-2.5946826384251835,3.0407728446045112,0.0428508993270437,2.025160372165462
544,4.8493602091824055,7.524033466725646,-2.6746732575438728,1.8337709322832243,0.023043322563791373,2.2727156230469165
545,4.085069067744653,6.874038032093514,-2.788968964349806,2.5134136592189176,0.029198769467473084,2.1807924742403952
546,4.320469508767301,7.03509012352051,-2.714620614753585,2.9788236878332732,0.03763957874858487,2.078758220521191
547,4.6805865002427804,7.45246840761188,-2.7718819073697887,1.962446176659146,0.022524485236062704,2.281405121977548
548,4.449553086220758,7.288320506347082,-2.8387674201267146,2.206437013531728,0.024054340782242806,2.256260193539405
549,4.415868816740213,7.160045095826517,-2.7441762790858775,2.203371971375553,0.02634584490514307,2.221075547668802
550,4.671764984571665,7.251358263202553,-2.5795932786313642,2.72512365940473,0.038760851934246006,2.066716749717398
551,4.605522005818157,7.217936887880432,-2.6124148820626942,2.064209419770064,0.02792810780526118,2.19829475686083
552,4.48717784996853,7.151731986341238,-2.664554136372317,2.1877081921290262,0.028259008156244287,2.1936718611207757
553,4.472497870504695,7.096305820130537,-2.623807949626098,2.873231358499721,0.03934189904536639,2.060592854346693
554,4.159296004621238,6.796448516239122,-2.6371525116182966,3.15509501942792,0.04286767605654022,2.024996963219209
555,4.600026530582282,7.14704671398823,-2.547020183405948,2.5429816982736497,0.037166302947456265,2.0839325510880586
556,4.128559824017712,6.931756655014587,-2.803196830996967,2.177992124194107,0.024546019937020006,2.248473391560245
557,4.564639055753387,7.1566761474624325,-2.592037091709244,2.6048269186734085,0.036538738687299885,2.09088093322183
558,4.386686794803891,7.084267868966455,-2.6975810741632813,2.7454618552032475,0.03502832318044899,2.10803082510971
559,4.607236603741795,7.197588805870067,-2.590352202128088,2.932831987501782,0.04143632484462724,2.0391373160630892
560,4.41693326030264,7.135754977570661,-2.7188217172679288,2.511862517937292,0.031184458480939998,2.1547109743873603
561,4.691945598142693,7.23069810917684,-2.538752511034545,3.045841774763904,0.04512989521177204,2.00344173864325
562,4.703614989371372,7.255902489901066,-2.5522875005299284,3.0331368505112675,0.044396045432812156,2.0103321586602547
563,4.1503084146000315,6.951011050972488,-2.800702636372989,2.839452865338009,0.033039173153373354,2.13160693514596
564,4.44079316784183,7.168360358644369,-2.727567190801892,2.4318021170998545,0.029849535317065266,2.1720812454413507
565,4.820991214419619,7.419411278707207,-2.598420064287893,2.9015065470914685,0.040676838666209185,2.0468090304404414
566,4.725086997869139,7.4869515036141205,-2.7618645057445974,2.102581464158213,0.024576937060828134,2.247988283116728
567,4.79560739403979,7.50023016354997,-2.7046227695100242,2.6509690870478106,0.033509683779476516,2.1259228519394844
568,4.7378437066893735,7.540213616328982,-2.80236990963931,1.8230177388286695,0.02009863383061884,2.3245014520787324
569,4.400681766213266,7.1884563720683,-2.7877746058566117,1.4541582562790438,0.01579331338821345,2.4136572008782142
570,4.64592123750691,7.529601515521724,-2.8836802780142534,1.637162908463143,0.016348172142912135,2.401048442297477
571,4.517849408293214,7.23893107066989,-2.7210816623764913,2.364781388087872,0.029128739231806894,2.1817398343807763
572,4.155356894396673,6.7166988721093315,-2.5613419777128,3.1884612290245755,0.046343311866413446,1.9922529438728254
573,4.383711930057244,6.980591883063232,-2.596879953005555,2.2524319688118286,0.031156304624368997,2.1550706681120895
574,5.215003394170081,7.779511297461324,-2.564507903291087,2.4658776975811847,0.035392094353864215,2.1038435745207043
575,4.5095717362895,7.3049300747653145,-2.795358338476035,2.4503414397539434,0.028214654064070418,2.1942888007126276
576,4.563744179718297,7.370447889693116,-2.806703709975409,2.407078355693473,0.02736178986222769,2.2063173150236435
577,4.377140111852269,7.178127307787184,-2.8009871959347947,2.3334793715808697,0.026574810523951116,2.217707089958789
578,4.588226969586968,6.999436533644298,-2.411209564058481,2.7889057743289563,0.04634449591025392,1.9922421470483915
579,4.550878709236995,7.297467598167925,-2.746588888931001,1.1962455366571039,0.013243692499489352,2.4771481268348703
580,4.619182461805677,7.1728736615401925,-2.5536911997351126,2.691609296930354,0.03919262579099825,2.062158736552625
581,4.48878203084797,7.068794065054027,-2.5800120342064474,2.863767331158874,0.040804469043005796,2.045511373815415
582,3.890243769547224,6.5984995269809,-2.708255757434017,2.04659830267345,0.02515345627941108,2.239037807444734
583,4.323244687122779,7.149203004109692,-2.8259583169865437,1.5739183505513434,0.016597608518792276,2.395502335077462
584,4.179550735344774,6.865325916986732,-2.6857751816414748,3.1701791403614905,0.04126214716065851,2.040886126020316
585,4.56321132125896,7.317156916352287,-2.7539455950936826,2.209860136665661,0.0261806189745161,2.22352203895162
586,4.570953115001712,7.293653460092669,-2.722700345090743,2.9711824808653198,0.03726281559704545,2.0828728430863923
587,4.64270114963375,7.334394706942154,-2.691693557308099,1.9604983885353384,0.024386378819423734,2.2509867149622615
588,4.3146450620391175,6.915737206321884,-2.6010921442830295,2.594157684277665,0.03607310024631306,2.096102489310036
589,4.120665379366356,6.761282149755216,-2.640616770388988,3.060722961460245,0.041403162588369395,2.039469797226026
590,4.268252119165764,7.174003237354951,-2.905751118189073,2.0651663684323864,0.020881461610500873,2.3101209008140824
591,4.560417586979666,7.146379022116184,-2.5859614351356868,3.9826416072196444,0.05670013270886235,1.9056153223191632
592,4.3959010796637,6.899507077509858,-2.503605997845625,2.30524971200467,0.03495319054946093,2.1089002741256317
593,4.602452942531555,7.2383594586561255,-2.6359065161259423,2.2701770720714975,0.030251597901539123,2.1667804621086955
594,4.534838796308859,7.075169849117044,-2.540331052808142,3.6136955240406046,0.0535160320536427,1.930733385247086
595,4.709963956515194,7.308396744662529,-2.5984327881469653,3.0138600432922384,0.042315406735082814,2.0304048238496053
596,4.737899529154047,7.343051688085167,-2.6051521589306503,2.500754246300591,0.034563998126453326,2.113429793795474
597,4.670609493757466,7.373089350208394,-2.702479856451646,2.385072929813381,0.029932714569896726,2.1709795987808342
598,4.326113134927537,7.034877659094489,-2.7087645241663267,2.7975701804233655,0.035377105509456025,2.104015379018278
599,4.764803501878587,7.572616196149651,-2.8078126942709787,2.3879382774897806,0.027090112298426273,2.2102169048223734
600,4.607770272985645,7.376324326177871,-2.7685540531920196,2.6578042966951543,0.03165601244583265,2.148727436711688
601,4.964534782187284,7.453517077548062,-2.488982295360074,2.673776796067054,0.04133382062647199,2.0401657416376824
602,4.16606370599885,6.85401879887881,-2.6879550928806566,2.11136967090326,0.02656207726941619,2.2178937572321074
603,4.22040630349994,6.666126347597432,-2.4457200440974702,3.2495478001601477,0.052286148755893054,1.940770268918438
604,4.555689839120815,7.20068803970622,-2.644998200585178,2.246348152049759,0.029644739747941365,2.1748049000255936
605,4.255719945382507,6.996491922804294,-2.7407719774219004,2.5239154042332785,0.030703328505498017,2.1608965884116214
606,4.835736243569327,7.518517914296515,-2.682781670728218,3.0228226354303906,0.039345538563864066,2.060554738697799
607,4.830226182917896,7.594877227386332,-2.764651044468337,2.7514103645156283,0.03299797877813761,2.1321078825156277
608,4.55842309342489,7.1878925132348055,-2.629469419810448,2.2826667932398745,0.030622069212623237,2.161949496429318
609,4.3085377323780545,6.933551621190139,-2.6250138888117363,2.2594368278205277,0.030417159168581374,2.164615288998348
610,4.6668381610909915,7.157182154362657,-2.490343993271381,1.8819299663062932,0.028583965422995447,2.1891771685951937
611,4.449555152358981,7.139539902910192,-2.689984750551048,3.080422296198723,0.03988065353338404,2.0549829295835083
612,4.828106599771955,7.49183787052103,-2.6637312707480305,2.910129900171066,0.03845108215959076,2.0700134797309824
613,4.9195117421216406,7.5826924689471635,-2.6631807268258854,2.4466257552552815,0.03195148125813745,2.1450170817784624
614,4.169339196275642,6.8107204069261496,-2.6413812106511614,3.055936647203037,0.041307136643376936,2.040433816542963
615,4.16853610692243,6.997030413934324,-2.8284943070129884,2.13162664061414,0.02336919705894256,2.2673443685396237
616,4.322872270877552,6.949752097391395,-2.6268798265136866,2.8077410170911694,0.03829073642265643,2.0717288375301175
617,4.841758534247047,7.375000191546979,-2.5332416573000955,2.6570450414599023,0.03941138939885247,2.059865618032848
618,4.800662730155009,7.426265546440993,-2.625602816285209,2.88585663257423,0.039458916203237736,2.0593688631242126
619,5.3981032115928524,7.97915332990962,-2.5810501183168526,2.762699907957998,0.03926710651099844,2.06137679911523
620,4.33520231711128,6.8743462783493055,-2.5391439612376416,2.718179038195945,0.04013192099110755,2.0523885027415596
621,4.309030228376569,6.927690056861712,-2.618659828485761,2.564830972806316,0.03505710123706957,2.1076982216611877
622,4.8623780223581985,7.512154562086549,-2.649776539728009,2.225113996717548,0.029204399984859346,2.1807163902676656
623,4.496099436280302,7.264179972258438,-2.768080535977788,2.0578902805877064,0.0238463651738216,2.25959553178155
624,4.500565829573416,7.104601717141724,-2.6040358875679885,2.805490249820963,0.03906929597065476,2.063456296455927
625,5.334316906246668,8.052007438349113,-2.7176905321020968,2.6099436233949014,0.03254733588315654,2.1376232166682714
626,4.358335889120381,7.040979932110671,-2.682644042989523,2.9005793703830705,0.03766316829351817,2.078501767300652
627,4.135525489261736,6.778566108628857,-2.6430406193667295,2.3499848543256903,0.031186463072607733,2.1546853743490777
628,4.594768777755517,7.1533904556126355,-2.558621677856536,2.7501707586087534,0.039898037297742335,2.0548029901031226
629,4.635933234866853,7.166588075634413,-2.530654840767056,3.1074650862974735,0.0463923653586507,1.9918058389664144
630,4.404840606091339,7.078678238266809,-2.6738376321754913,2.652857989523831,0.034513222139815974,2.114023945974804
631,4.65430665749801,7.375053635584093,-2.7207469780860265,2.477994386384303,0.030669487188983165,2.161334792288718
632,4.284741346058864,6.885295639893284,-2.600554293834648,2.743238206500161,0.038282124690360624,2.0718211373919724
633,4.2931855618783725,7.047438218855609,-2.7542526569768597,2.3407440518415967,0.027896982394847617,2.198732024925683
634,4.787846868195002,7.529590772924307,-2.7417439047294465,2.524843840162065,0.030687469117426664,2.1611018965247175
635,4.651406904528185,7.332872450862125,-2.6814655463340387,2.115483455726876,0.026790099697326392,2.2145626259991564
636,4.608781568528967,7.192472000668429,-2.583690432140429,3.117322149089077,0.044397509075542095,2.0103183205903044
637,4.4797678974485375,7.074107154115145,-2.5943392566659895,2.8732124996021042,0.04041314956660076,2.0495010060584025
638,4.57918117118089,7.248753510504526,-2.669572339324077,2.133132630479615,0.027354244004400115,2.206425174276831
639,4.440730041699053,7.107342956294444,-2.6666129145951345,2.9672070809748607,0.03914710162807168,2.062637294519846
640,4.446807992176501,7.088533689977977,-2.641725697801121,2.812457709811712,0.037839428957215794,2.076589866706886
641,4.5201248100013895,7.0939790082974366,-2.5738541982964307,2.92769074646791,0.04198404993249685,2.0336782159740254
642,4.8553077664576545,7.405702490931644,-2.550394724474245,3.207174807673928,0.04707217251611054,1.9856502515446357
643,4.59057150744985,7.3725295485028735,-2.781958041053258,2.505430703673051,0.02929017864598954,2.179558839755425
644,4.097530427206321,6.828099779120221,-2.7305693519138003,2.9284970654599896,0.036427444020648916,2.0921237846189906
645,4.238971293171117,6.948083263496647,-2.7091119703245568,2.355972589015183,0.029345833039751915,2.1788093640010517
646,4.66850205064503,7.356716167351676,-2.688214116706149,2.8842241394802848,0.037247308550437064,2.0830429526448975
647,4.360868838490488,6.972105399561739,-2.6112365610706547,2.661134372561065,0.036709463690162945,2.0889806650274894
648,4.399401761683576,7.002813143484287,-2.6034113818013793,3.1653964006080173,0.0443193271346612,2.011058034455479
649,4.577829313381981,7.207200648709188,-2.6293713353270505,2.792132881987646,0.037979086224757146,2.0750803752412494
650,4.892213262065807,7.62847852084578,-2.7362652587808043,2.898903379691438,0.03584478273376149,2.0986838106157166
651,4.4182775310740094,7.039385026093646,-2.621107495020624,3.092530781420198,0.04258840814122543,2.027724162744224
652,4.23409304250009,6.815221421606834,-2.581128379105394,2.2040125180648094,0.03091000057340637,2.158229401099703
653,4.025228376554251,6.823751951905761,-2.798523575352192,2.1477123749531195,0.02427429644470143,2.2527598270498554
654,5.150776896029411,7.77170909978455,-2.6209322037557286,2.825297101319064,0.03875385201037609,2.0667909988736204
655,4.598315873572856,7.346652273157288,-2.748336399584332,2.0875499276699063,0.02470974783862007,2.2459103963395384
656,4.375920048803264,7.041411597494578,-2.6654915486906248,2.740555463333113,0.03601453574902371,2.0967632788378014
657,4.77154400309456,7.438271891779129,-2.666727888683454,2.7695301113017585,0.03637945632150504,2.0926606721542393
658,4.283380581161792,7.126577932402887,-2.8431973512415425,1.9109308388503692,0.020342557236664432,2.319968947195142
659,3.9414052424893367,6.579354450414625,-2.637949207924976,2.6999759636593854,0.03636311274075507,2.0928436623122852
660,4.992644222730915,7.586234866885382,-2.5935906441554835,2.376222219018066,0.03309642519620282,2.1309116043879377
661,4.676864593861238,7.262946719560487,-2.5860821256992494,2.84219061060028,0.04026065830243509,2.051064577860906
662,4.202616257546934,6.7499204107199855,-2.547304153172263,2.5443933741071394,0.03717796053111289,2.083804426617757
663,5.166753180571787,7.8136561486288425,-2.6469029680565654,2.7446698305019375,0.036697487909704805,2.089113716590914
664,4.545748134895176,7.269528819841922,-2.7237806849461776,2.8466325476816774,0.03555196193316876,2.102014999049491
665,5.041229069138636,7.712364861944797,-2.671135792806126,2.768429556768817,0.03621647683075517,2.0944886079663414
666,4.694371782700101,7.292220442229363,-2.597848659529518,2.3840856750698975,0.03307791875031004,2.1311362540062864
667,4.347969027671125,7.029164465625142,-2.681195437954557,3.1826470499662776,0.041601430913850795,2.0374853265165305
668,4.241478230215135,6.925526945330658,-2.6840487151157504,2.272439284085433,0.028901459927119313,2.1848280040988337
669,4.80677255688107,7.417132144822615,-2.6103595879421846,2.4385982093101948,0.03348304941405406,2.1262427837007096
670,4.6232526279785,7.223328396776365,-2.600075768797069,2.152674123224184,0.029582489109611497,2.1756360016172445
671,4.424480969369425,7.008287200548798,-2.583806231179551,2.8644476436738238,0.04067353120910133,2.046842704206092
672,4.549855059767024,7.295620109508318,-2.745765049741749,1.9419338376376754,0.022853106040299692,2.2758814498933564
673,4.839238846620274,7.373388633721381,-2.5341497871013416,3.078630513442146,0.045812515957682265,1.9971166193414727
674,4.446196671168137,7.379958712903834,-2.933762041735463,2.092594633828508,0.020620234567606713,2.3148665848191725
675,4.754198244352038,7.436222180839435,-2.6820239364878944,2.181759086494713,0.027696731902334733,2.20155536323032
676,4.264318522670065,7.187715123861578,-2.923396601191598,1.9000827196804746,0.018637446549263022,2.352704338073126
677,4.622486743557884,7.312901617556276,-2.6904148739977245,2.750347115041304,0.03532864666560404,2.10457124728717
678,4.779743965619046,7.483738365753878,-2.7039944001353433,2.901884608732031,0.03695551933681948,2.0862551239003944
679,4.600165295526777,7.188037506505266,-2.587872210979185,2.2534363442613614,0.031445414252423906,2.151390197522327
680,4.89150784231907,7.487682508783186,-2.5961746664643215,3.135648627786699,0.044173000684424174,2.0124454579966833
681,4.784365742567671,7.462238755740861,-2.6778730131736665,2.5084896361592026,0.03237052608221887,2.1398050358274165
682,4.6522359441335635,7.305241850616914,-2.653005906483486,2.8651380248826914,0.038193453909022214,2.072772531830939
683,4.614544052849224,7.316475821100459,-2.701931768250688,2.2257086262317465,0.02776348061387321,2.200612320830516
684,4.612242809062364,7.312119413829128,-2.699876604767269,2.5513008022515766,0.03229065270119376,2.140794016591228
685,4.685322632223061,7.456178133238472,-2.7708555010158307,3.162630661765043,0.03816000926519523,2.07313186442008
686,4.694246963865508,7.300940883852901,-2.606693919987265,2.59566386291489,0.03590614341274062,2.097988702059777
687,4.683104827737507,7.296898211552081,-2.6137933838135723,2.6474877673741446,0.03642333332532341,2.0921697515660083
688,4.473818890414178,7.053173959236551,-2.579355068822224,2.8379692527713676,0.040446415417675234,2.0491605789388156
689,5.25935318567309,8.003027284542098,-2.7436740988687234,2.6849272042355032,0.0327608971089694,2.1350013835456862
690,3.9901087769351857,7.005526480360201,-3.0154177034255554,1.535912509931455,0.013225429203772916,2.477640593146442
691,4.887985178772679,7.680308895965096,-2.792323717191721,2.573300018224421,0.029875153547768648,2.171741670297244
692,4.404920891866196,7.18932788204914,-2.7844069901830153,2.6840965986761933,0.03153035578115612,2.1503143789824875
693,4.061061652475756,6.789003381248518,-2.727941728771839,2.7390037356677173,0.03397125125800954,2.120412763548565
694,4.357986985385024,7.170485430542675,-2.812498445157871,2.0944565779039443,0.023274596082292768,2.2688969035215725
695,4.81604825336427,7.372636181014981,-2.5565879276509804,2.680726380298193,0.03892267529041239,2.0650034349051514
696,4.427190834593885,7.193683848537338,-2.7664930139435455,1.9745554218142107,0.022803446453285803,2.2767117155871843
697,4.49284693997498,7.128486513181562,-2.6356395732072997,2.553634506287196,0.03434044398975485,2.116051309035307
698,4.544450369521938,7.0756566032744015,-2.5312062337525276,3.659267783136883,0.05460231041299998,1.9220273977888371
699,4.621388115,7.439413156919775,-2.8180250419200092,1.8709391006290854,0.020371630045526085,2.319431892655428
700,4.642407773774094,7.220422469023431,-2.5780146952483847,2.6196276828629497,0.03724306404885279,2.083089524585651
701,4.176768286796969,6.832613652508284,-2.655845365710775,2.4819745588680657,0.032676970246021564,2.136029980065275
702,5.029779707408407,7.677563803952564,-2.647784096543546,2.543630303320267,0.03380710743147149,2.1223648989266204
703,4.411008623882763,7.1697186242124555,-2.758710000330211,2.6159191303490292,0.03139723387740465,2.1520015297905224
704,4.414384828844332,6.8861053210291825,-2.4717204921844314,2.6442638414512345,0.04152784181518319,2.0382209444569805
705,4.21530476024901,7.031613086929154,-2.816308326679973,2.4611500344638877,0.02779253020639368,2.2002025114276296
706,4.716009312397828,7.297591655286501,-2.5815823428893054,2.6617959604601467,0.03774735494793572,2.0775876466649374
707,4.640083731121477,7.367850299479548,-2.7277665683568557,2.758165988469786,0.03423427669257065,2.1173013937998384
708,4.088585263715059,6.85215195101709,-2.7635666873020455,2.983678369820078,0.0360722657953713,2.0961118980845344
709,4.3567810964835285,6.839152658613868,-2.4823715621305382,2.8516125669910988,0.044409755626402106,2.0102025501584073
710,4.662027904363923,7.195216714927531,-2.5331888105638427,3.3446116260011998,0.049851358082801486,1.9612372099907978
711,4.580089793488069,7.2075831795374565,-2.6274933860495366,2.8063662729744703,0.0382494068890345,2.0721719651913015
712,3.9159199526469006,6.634607433036754,-2.718687480391054,2.323551262531538,0.028637510252740195,2.1884407837450714
713,4.600111160501283,7.273792698963417,-2.673681538462006,2.093966959184918,0.026695877847384926,2.215936112994736
714,4.206085938562238,6.947893704056844,-2.7418077654938315,2.4836188692675467,0.030136430261516124,2.168292611151757
715,4.222329900621217,6.91115166310532,-2.6888217624837125,1.820708191419918,0.02253425616415988,2.2812398786699535
716,4.966336766135383,7.379025944640075,-2.4126891785053886,3.7896751019381547,0.06237288791262739,1.863635648717409
717,3.9845760135324877,6.692315794462635,-2.7077397809307513,2.8413904936945986,0.036006956366311925,2.096848864773142
718,4.507621289829613,7.233417070490281,-2.7257957806614286,2.1524931634158033,0.026139846546997032,2.2241278062961385
719,4.340621741815367,6.940429460172281,-2.5998077183567148,2.149233558714588,0.02953932129414504,2.1762132141014563
720,4.022527967497181,6.819141584008795,-2.796613616511422,2.2060294331951216,0.025061976710696435,2.240446093496292
721,4.267988056461318,6.871219328191037,-2.6032312717297827,2.479781664302916,0.034318113574590796,2.1163139677377383
722,4.802069881643829,7.415697164186794,-2.6136272825424385,2.4614772149477684,0.03371350325290693,2.1234817493889997
723,4.188648183860378,6.835317652371485,-2.6466694685113907,3.0976701982594363,0.041699545535577316,2.036506256108329
724,4.933851718887409,7.695260218915143,-2.761408500028665,2.659588313433556,0.03189143438114545,2.1457687328168538
725,4.8162116914311905,7.49749957933072,-2.6812878878990887,2.2851801998418235,0.029156446206392066,2.181364783859274
726,4.785741565664749,7.30113612744587,-2.5153945617812496,2.7521501321618196,0.041551071327945194,2.0379886163874485
727,4.753742556861935,7.32677517543309,-2.573032618571233,2.920208112115377,0.04190420541398881,2.0344702477291943
728,4.754780238985687,7.392008351629114,-2.637228112644152,2.9191033189556492,0.039516798217270714,2.058764560042748
729,5.061351644775014,7.630296379039029,-2.568944734263823,3.267222036502476,0.04719096410095547,1.9845822920537082
730,4.685248007516121,7.242925031214737,-2.5576770236984885,2.741958705849804,0.03980883495886907,2.0557270303508743
731,3.8281007642138416,6.553630855167432,-2.725530090952816,2.3382383568072846,0.028646724427245834,2.1883141837638567
732,4.371102753955084,7.069243300713515,-2.6981405467595323,2.2215214791744895,0.02780884408596159,2.1999725296344037
733,4.292889657368788,6.789724455186926,-2.496834797817428,2.6730305523411175,0.04102173752573725,2.043310230240944
734,4.207557042664403,6.876411419261073,-2.668854376596755,2.569482170410339,0.03350453804584633,2.125984645488425
735,4.365980945693364,7.042096957507864,-2.676116011813974,2.569246240224409,0.033273032935529724,2.128773155403296
736,4.542554031868631,7.149840383806497,-2.6072863519384555,2.3752361199279655,0.032649802425938936,2.1363634299905994
737,4.595550220680989,7.232194616749103,-2.6366443960678225,2.3941937682967414,0.03201540376822569,2.1442182460812735
738,4.751116328753879,7.448003470574305,-2.6968871418193885,2.8086722710512735,0.03591822620608161,2.0978519446541704
739,4.937189445529212,7.562174238966739,-2.6249847934368518,3.3962139331777266,0.04675060621116883,1.9885526134303768
740,4.366509795982266,7.077756389759008,-2.7112465937761954,2.5534378827068505,0.03197526217244549,2.144719733257731
741,4.156799825306107,6.846741481909353,-2.6899416566029686,2.3348684810990044,0.029600306011413138,2.175397976554228
742,4.741182143002616,7.404520679591569,-2.663338536588526,2.8978783185194175,0.03829329048834013,2.0717014666504188
743,4.076710150406425,6.644318243654672,-2.5676080932480545,1.9918110063480103,0.028098906663999976,2.1959027248958773
744,4.519537845783189,6.940739270565784,-2.4212014247832485,3.241529349341725,0.0532912276914928,1.932553481518268
745,4.889191114886954,7.441973805582505,-2.5527826906954942,2.9712201384783246,0.043447670047558444,2.01938066059028
746,4.907329819500147,7.48647796728361,-2.5791481477835987,3.6905689446906713,0.05288148369796391,1.9358874782201871
747,4.181475752360084,7.051259780847046,-2.8697840284867198,1.9631175290190885,0.020423695501702928,2.3184717693864303
748,4.028902231086532,6.653437910187256,-2.6245356791014274,1.789576701893763,0.023611685475264505,2.2633895644351387
749,4.382260345412133,7.063813340284758,-2.6815529948735275,2.9329595770769537,0.0381483465119621,2.0732572331768333
750,4.327428298506048,7.1510645817499405,-2.8236362832440136,2.0138180126208542,0.02201925235959247,2.2900356114813785
751,4.435251771288959,7.016256157849851,-2.5810043865612897,2.010674546681221,0.028008137795277697,2.1971723742858673
752,4.876868481481607,7.497558122327659,-2.6206896408457396,2.508627186958863,0.03417350655226436,2.118018433771967
753,4.738286063752922,7.497441253502762,-2.759155189750345,2.7799608084473597,0.033541585717705186,2.1255399323284214
754,4.039913521846129,6.725202659700065,-2.685289137853033,2.2499661040526515,0.02855471512171834,2.189579940507891
755,4.385583199329913,7.072723387476769,-2.687140188146259,1.824957300359543,0.02263134421799645,2.2796013265398334
756,4.744509426731666,7.518962481408016,-2.7744530546769965,2.6892186699619867,0.03189082218100822,2.1457764024231234
757,4.301552225149235,7.111796856369962,-2.8102446312204847,1.7569836837414599,0.019120593608144235,2.3431714639730523
758,4.034113923389951,6.815389769683611,-2.7812758462932834,1.946755339168309,0.022112446628653293,2.2884307841571623
759,4.215517815283702,6.865452237985258,-2.6499344227013353,2.158151362325304,0.02824532760394513,2.1938620605920556
760,4.3415107915182585,6.957508672390821,-2.615997880872783,2.741810026711571,0.03771909766078164,2.077894278094052
761,4.306741355403856,6.923958993793333,-2.6172176383888655,2.220685512694926,0.030082169355398383,2.169006777580769
762,4.824930224155024,7.506239442347491,-2.6813092181919274,2.8288811050820506,0.036716269933754604,2.088905063774017
763,3.610528328398969,6.447401984164939,-2.836873655765885,2.6642614146277914,0.0297783426467265,2.1730262369688833
764,4.142250855880148,6.84591800898834,-2.7036671531077445,3.1456478825144902,0.040279621546401106,2.0508698647602523
765,4.96117045740476,7.720601100434996,-2.7594306430301003,2.6743891900066235,0.032145048656178135,2.142602271012217
766,4.632130958400294,7.267464555854671,-2.6353335974554284,2.2067825527912106,0.02935454882479963,2.1786921027354564
767,4.325164709560623,6.975467921365164,-2.6503032118043848,2.334880391920091,0.030753921883292217,2.1602422386078635
768,4.242521894004595,6.810058782014215,-2.567536888009272,2.964436608829768,0.042772271178500555,2.025926948740984
769,4.797764281644332,7.509254437690904,-2.7114901560462386,2.4424021013152046,0.030455792948807202,2.1641115023825175
770,4.429551474072751,7.205201364349511,-2.775649890276327,1.8010738379465323,0.0203737194927383,2.3193933205903634
771,4.8566406961238595,7.43114089739999,-2.5745002012763507,2.852626072654177,0.04084445495538661,2.0451055326492025
772,4.750534435610744,7.517705257767693,-2.7671708221569133,2.6119924874432616,0.031097698077593935,2.155820321025545
773,4.269057477563647,6.938466177695174,-2.669408700130589,2.546768179473105,0.03316835197376245,2.130039505423562
774,4.77635799493356,7.58981569128238,-2.81345769634936,3.5925138015681846,0.04214054947496428,2.0321294818911215
775,4.7383567276067975,7.397816393390107,-2.659459665783288,2.766942837451193,0.036587701954667116,2.0903351713783955
776,4.713446029929683,7.226483821501786,-2.51303779157206,2.8057502004648196,0.04247412659198997,2.028844544806805
777,4.596847083575367,7.306982615179065,-2.710135531603555,2.405580004818683,0.02999317844971311,2.170180450721239
778,4.3062081598248465,7.306091980995992,-2.999883821171352,1.9822579218238392,0.018127793446827925,2.362997468147682
779,4.828198607124532,7.419507541683677,-2.591308934560402,3.500203406761999,0.04962884715655115,1.9631491393617362
780,5.056263904938815,7.7489646854521705,-2.692700780514315,2.9485071524583972,0.037977437870616276,2.075098163994019
781,4.413168727730691,7.202453017168606,-2.7892842894370915,2.0803989199997197,0.02363623884535685,2.262991085088999
782,4.197072353020586,6.968221225900022,-2.771148872880076,2.487545006742156,0.02935882489224661,2.1786345839211085
783,4.468021437647904,6.985964366395406,-2.5179429287472885,2.561871114646589,0.03849337935130367,2.06956200352726
784,4.617074823973153,7.318299395612518,-2.701224571638704,2.7434954207411693,0.03488354547006,2.1097076464316316
785,4.355257261085454,7.042951178482992,-2.6876939173980645,3.12618858607369,0.040589789033675036,2.047696071433433
786,4.427332837965251,7.0859461084122,-2.658613270446949,3.03563408446408,0.04038986716168789,2.049739408639908
787,4.4961642733217655,7.2840608379917935,-2.7878965646705183,2.4013126473804896,0.027785184218126528,2.200306108100583
788,4.4704546445294095,7.373538281993126,-2.903083637463169,1.736718688754241,0.017151200816285184,2.383450287337259
789,4.343807349292829,7.119789038262423,-2.775981688970205,2.394552541661705,0.02801662690910605,2.197053480733474
790,4.863953047408641,7.576353601139145,-2.7124005537316407,2.4868565447841817,0.031034395035336133,2.1566314115224867
791,4.651094320158618,7.281655280822845,-2.6305609606642975,3.18736557938648,0.04357690967376186,2.0181378212397907
792,4.47094533772116,7.179364882559687,-2.708419544838762,2.1378693482290902,0.026391267459551254,2.2204053021633614
793,4.828877616543023,7.528928171275139,-2.700050554733025,2.2727533763235748,0.028460200382488657,2.1908838270472972
794,4.328168041148556,7.094968988535532,-2.76680094738731,2.3150134633340915,0.02722536043679445,2.208271390322051
795,5.0075089113873315,7.641298725540869,-2.6337898141528058,2.251804664365224,0.03004867271237357,2.169448203627372
796,4.542031717233213,7.204116514660688,-2.6620847974272692,2.665574636088616,0.03507294352008907,2.107515223354039
797,3.938621668597362,6.656582644288447,-2.7179609756913123,2.7245322588029524,0.034090828150316575,2.118995726028606
798,4.012746519849598,6.94233597467842,-2.929589454829511,2.122855272684655,0.021051213132848055,2.307064706390199
799,4.402264158558237,7.027519675070705,-2.62525551651197,3.514795113391111,0.04840735737987093,1.9737747832827368
800,4.237994489748699,6.998354567512022,-2.760360077763835,2.2649685116692115,0.026739088805954363,2.2153057010895805
801,4.381548156526433,6.906439740994591,-2.5248915844686053,3.041505624733702,0.045627125126554466,1.9988265402607088
802,4.57795474221558,7.108514690352434,-2.530559948138034,2.6294492367326487,0.039084033122804195,2.06330106320972
803,4.552252385277198,7.1012894849013914,-2.5490370996240017,2.8530853375880607,0.04181196926896827,2.0353867919954363
804,3.7963906276557378,6.516422565031709,-2.7200319373760067,2.288905638570613,0.028131741403047746,2.1954443123693617
805,4.952237344655542,7.635237660518994,-2.683000315862955,3.5136995328626384,0.04604983401108189,1.9949362430373283
806,4.508117336365386,7.061998445030488,-2.5538811086644273,3.0538293304907764,0.044642261647978,2.008009693085272
807,4.147392439440692,6.757184719156866,-2.6097922797162028,3.1040233763144567,0.043186347594853944,2.021903253515936
808,4.709649419582375,7.460318722660956,-2.750669303079121,2.569629431676004,0.031022174468283394,2.15678815495014
809,5.140575286667909,7.696291043117077,-2.5557157564498993,2.478752923956181,0.035885179939797084,2.09822606733092
810,4.516886518226157,7.247696862020751,-2.7308103437944737,2.2640130730242056,0.027505460494755465,2.204268590721779
811,4.657935598702634,7.431238819691869,-2.7733032209889643,2.8534108076598894,0.03406229151458695,2.1193335109623144
812,4.7442086832009505,7.5672684139080015,-2.8230597307074277,2.077132211172213,0.022817282207668096,2.2764802359057383
813,4.913865151657147,7.788347024642134,-2.8744818729846884,2.5040997656703254,0.02681172421076357,2.2142479906571326
814,4.872166729070441,7.4476156693542475,-2.5754489402834224,2.965419838203335,0.042482334872542514,2.028763988355583
815,5.051822467795601,7.707528157895046,-2.65570569009833,2.4381029007681967,0.03205901185334096,2.1436740626193247
816,4.392776405891992,7.172787237622641,-2.7800108317305785,2.399483404665741,0.027972362006861037,2.1976737705603924
817,4.6375756706477755,7.3984454691287365,-2.7608697984805985,2.0406546790932385,0.02379311619732004,2.26045354994868
818,4.633466986540325,7.22390901942112,-2.590442032881583,2.5687759260392955,0.03605876322182443,2.096264170905647
819,4.415139671700045,7.016637559426789,-2.6014978877265094,2.415808793344338,0.03343076918169796,2.1268714069866004
820,4.741715267668324,7.540257264487925,-2.7985419968199494,2.518265746452169,0.028997010094167892,2.183527173352096
821,4.619298530300794,7.32864742648305,-2.709348896182746,2.3350597684800913,0.02905392950333163,2.182754018710097
822,4.446092202698592,7.131522022681187,-2.6854298199832556,2.4731245115473186,0.03164882029760724,2.1488181218498505
823,4.79697403732308,7.481326996508988,-2.6843529591860715,3.3665715846293054,0.043997932021174066,2.0141105129080836
824,4.891113336752197,7.353261007211712,-2.4621476704596716,2.7702398578883596,0.04393049135821578,2.014753424693374
825,4.684746660253323,7.211717655572135,-2.5269709953190613,3.039858318426253,0.04551719724213258,1.999843208113649
826,4.6704515640333835,7.323005298771234,-2.652553734738831,2.2604276906399576,0.029627859598798663,2.175030116658835
827,5.112732896639782,7.842658891611164,-2.7299259949713814,3.0055872498296203,0.03747981236291932,2.0804987260522396
828,4.686355294322594,7.452561669286487,-2.766206374963076,3.4103023647123383,0.04153117916763572,2.038187559431766
829,4.956422058554663,7.621985413924618,-2.665563355370068,2.270713041959784,0.02940049358816183,2.178074461333495
830,4.584965399285748,7.231693066142247,-2.6467276668554405,2.747066869910949,0.03673749937776405,2.0886693315752063
831,4.17470765235913,6.920973659608121,-2.7462660072496874,2.368940977190105,0.028486779711722615,2.190516773019904
832,4.603757197885271,7.322747492222893,-2.718990294338255,2.1547864490166955,0.02634639395741872,2.2210674400110157
833,4.565408315172418,7.2622099142888725,-2.696801599116043,1.9878063126885959,0.02463562775533994,2.2470688431810633
834,5.261072685564896,7.6520747376519775,-2.3910020520870603,3.4006107235795646,0.05730411923172687,1.9009839170520257
835,4.85461011413946,7.431762145354794,-2.5771520312146095,2.4396710307127645,0.0345759645270323,2.11328987824651
836,4.854400148539126,7.350049291900964,-2.495649143362243,3.2134059975027363,0.049493387305687905,1.9643166042083493
837,4.482118025928967,7.112314749480822,-2.630196723552217,2.5939757708522375,0.03509890300906297,2.1072155110758533
838,4.489653022606317,7.270099591376399,-2.7804465687695483,2.2246478863737718,0.025701641232626835,2.230690441448725
839,4.605397633112544,7.2510888522639245,-2.6456912191515585,2.3600919537284906,0.03125151519660006,2.153855378639353
840,4.350807256280232,6.898874285528569,-2.5480670292490686,2.4483664094656916,0.035680833198052805,2.1005460610959785
841,4.373534630935238,7.126032726573703,-2.752498095638657,1.9580983969830257,0.02291027276953465,2.2749276096918
842,4.288714607316534,6.957498410724595,-2.6687838034076776,2.5479254097847193,0.03320415719740076,2.1296059769080466
843,4.563749251849286,7.24643681246698,-2.682687560618433,2.219851538852753,0.02820831437835719,2.194377050301803
844,3.902190859182438,6.613680163804082,-2.711489304621864,2.1266399860998355,0.02615903522292923,2.223842613121728
845,4.456853805729507,7.13905476224736,-2.6822009565185,1.9833344005667701,0.02493646269827646,2.242385584034069
846,4.102931256794646,6.802416869698737,-2.699485612904027,2.7466206283608052,0.034982547168322914,2.1085603640323587
847,4.691593773004852,7.177103942360679,-2.4855101693556207,3.458240951855288,0.053699858684397334,1.9292497984233437
848,4.286411169809353,6.924643672930868,-2.6382325031227083,2.7717534258454286,0.037379768950860905,2.081591822927211
849,4.2271762302473785,7.0001141900386425,-2.7729379597913066,2.6465505497719892,0.031380041120828865,2.1522198733421316
850,4.710406766256993,7.374335517755268,-2.663928751499043,2.5892970532474333,0.03393925952871081,2.1207926022189403
851,4.3231650921464375,7.050520908135274,-2.72735581598954,2.173790601559725,0.02638568181162692,2.2204876690163586
852,4.991912510152643,7.684114025178429,-2.6922015150248626,3.2405038451595622,0.04198564114180136,2.033662444653172
853,4.423592027371624,7.198473564029163,-2.774881536657631,2.6132222053132583,0.030889492168077914,2.1584933849984407
854,4.48718429615411,7.068478264178649,-2.581293968024511,3.2416377594670553,0.046309825806920946,1.992558386122629
855,4.031448846344857,6.801707236492623,-2.770258390147319,3.0251669862875037,0.03639431386841272,2.092494381090888
856,4.586926124931152,7.180327326743145,-2.5934012018115027,2.427885819497293,0.03386972281697792,2.1216192704183516
857,4.574137582971444,7.193106795936712,-2.6189692129646573,2.8303405995350666,0.03889651628592058,2.06527998443988
858,4.948968866635651,7.513994277185892,-2.565025410549424,3.4109281600057386,0.04945990520129346,1.9646055838196694
859,4.6991462820990915,7.302855205877107,-2.6037089237779583,2.8554827905254,0.039810840359105086,2.0557062372664534
860,4.680353113775082,7.336925618350248,-2.6565725045747968,2.946573791986326,0.039214459011501196,2.061929389380622
861,4.445367361334602,7.073921245750645,-2.628553884415851,3.1990803095815803,0.04382058479753992,2.015802951683901
862,4.874758585829396,7.578924827901941,-2.7041662420724606,1.8506762839087756,0.022590481154791293,2.2802902252119024
863,4.17995053124133,6.938340198256105,-2.7583896670148533,2.083742775943236,0.024415103527200638,2.250533435238698
864,4.446691793221644,7.0007535174161415,-2.5540617241949803,2.5151482325423036,0.036496478345938034,2.0913524831340418
865,4.819041070032027,7.30238086746329,-2.483339797431654,3.2169978197879345,0.05008773669063353,1.959213945004919
866,4.886402117397948,7.482131420256158,-2.5957293028577624,2.626004408064828,0.03672525583128364,2.0888052700084043
867,3.9279962830053687,6.593432676585428,-2.6654363935804213,2.7047255428119445,0.035513458243505255,2.1024547643365645
868,5.136760431602225,7.807911507661833,-2.6711510760596866,3.593726504262545,0.047612065912679524,1.9808146265953666
869,4.660532086049271,7.241879092214424,-2.581347006164833,2.5746630062599873,0.036456312221145926,2.091801096776138
870,4.4452191534003855,7.087617131132687,-2.6423979777327986,2.8376141028198383,0.038173973137951116,2.0729818026298767
871,4.559709315665996,7.433835739100827,-2.874126423434973,2.6368085870795888,0.02842672742475937,2.191346500736345
872,4.79035966186194,7.614693707209758,-2.8243340453482233,1.95751333277172,0.021308024400263765,2.3024816621323345
873,4.248484087454299,6.757046669208341,-2.5085625817528125,3.121865154458934,0.04753372168588966,1.9815134576765856
874,4.440316441075366,7.187485546424325,-2.747169105348803,2.628992304685408,0.031912359758607144,2.145506656812135
875,4.272109076491061,7.00853340032249,-2.7364243238316703,1.7291040150105008,0.02026045371204619,2.321489248238543
876,4.893894325288157,7.473267955249645,-2.5793736299619923,2.803267538708269,0.039930677261814256,2.0544653132051063
877,4.3274271103921915,7.138455848667752,-2.811028738276036,2.345284116477954,0.02646750872002366,2.2192825396523386
878,4.737527802014766,7.379592658337776,-2.6420648563234863,2.495674456687544,0.03330351394509248,2.128405060431542
879,4.22383429209941,6.849448384393467,-2.62561409229329,2.626319141591253,0.03571786645821873,2.1001247749881884
880,4.574693743533599,7.214464849403042,-2.6397711058698405,2.9972220914005767,0.04053485089261924,2.0482567247938195
881,4.40430181217681,7.196384205606739,-2.7920823934309738,2.5503149949468185,0.029586676056133136,2.1755800549865483
882,4.5550252020232715,7.175388014597273,-2.620362812574058,2.789988072971825,0.038264009153971754,2.07201535590713
883,4.92702139717886,7.562745003467837,-2.635723606288593,2.5924802974091303,0.03489586826596827,2.109564692187765
884,4.18141022553783,6.987764920627397,-2.8063546950897944,2.4749717669321143,0.02823302520107459,2.194033167578621
885,4.615288279669867,7.332732183260303,-2.7174439035916294,2.364023847484809,0.029220559994019322,2.180498093613447
886,4.784133535078864,7.405451828504715,-2.6213182934252472,3.6447521875327347,0.05039278421685924,1.9566147101341103
887,4.496160969372168,7.412876659571422,-2.916715690199453,2.4712631269417606,0.025372994252910265,2.2356761218990466
888,4.309951698460564,7.159620988886514,-2.849669290426391,1.3865860003072896,0.014003840495638582,2.4571648619452864
889,4.202316525087836,6.72882908951569,-2.5265125644282307,3.19397533613118,0.04787381298896696,1.9784868289675897
890,4.4806084389841185,6.973582003725111,-2.4929735647419875,3.3915264255233293,0.05234094920369348,1.9403188723285127
891,4.8742263365768945,7.529227237271291,-2.6550009006941764,1.8704454618219124,0.02402788343963148,2.256683102610787
892,4.319344381344591,6.9249950546649455,-2.605650673321179,3.484429614440291,0.04879734272844055,1.9703581116319981
893,4.394768194122035,7.005142704675022,-2.6103745105529015,2.7710206274479035,0.038341030334550545,2.0711901436025393
894,4.194703096816111,6.884004424060874,-2.689301327243811,2.9144659777451682,0.037626552225073294,2.0788998967005456
895,5.0342459350316044,7.621178162773829,-2.586932227741272,2.1241566060441066,0.029540586520388552,2.1761962859861965
896,4.6754526819671,7.39274954748913,-2.717296865521348,2.7089777404372963,0.033901193773561794,2.1212449569690963
897,4.4866374978703885,7.282226493578213,-2.7955889957083855,2.1871877743213375,0.02484705868053801,2.2437722508426075
898,4.234470183976837,6.966637446146363,-2.732167262170151,2.564338905733532,0.031496643489024256,2.1507410608031114
899,4.733711830422463,7.360680668216856,-2.626968837795175,2.4768736421812374,0.03351132932238813,2.125903092828456
900,4.48326221378221,7.1522523682865735,-2.6689901545050816,2.3867262285155384,0.030933359848425556,2.1579289039479703
901,4.338538277736289,7.1103538261471595,-2.7718155484117233,2.8631052736921507,0.0342350065771175,2.117292788348094
902,4.868787101258304,7.467859260377933,-2.5990721591197143,2.1734409364591816,0.029919473917646357,2.1711547850033264
903,4.221274669044133,6.882169335791401,-2.660894666747481,2.4840696031164615,0.03255027239131043,2.1375870661821628
904,4.94042010323602,7.60697811111025,-2.6665580078743005,2.403427030873601,0.03124072255988123,2.153992978532594
905,4.808742968163015,7.516373862569919,-2.707630894406975,2.502718612067291,0.031391909444533815,2.152069137741466
906,3.679901086319033,6.478455636309816,-2.798554549990513,2.266410461112219,0.02578271370586709,2.2294690299861917
907,4.535997393599528,7.168671699820541,-2.632674306220906,3.0077596920619722,0.04094508835511353,2.0440856315196756
908,4.337769351971756,6.9417391030043785,-2.6039697510323094,2.4439877817165154,0.03376702355265461,2.122842840810106
909,4.278539040111637,7.003568302982222,-2.725029262870521,2.410180228270992,0.02963043209925628,2.1749957869752916
910,4.357811508153928,7.035791149395399,-2.6779796412420183,2.194085149569071,0.027978732135456937,2.1975844530221953
911,4.59144671584937,7.204782716976856,-2.6133360011281184,3.2809537597368994,0.045584406629798103,1.9992213767516709
912,4.556341134627756,7.339307632500697,-2.782966497873531,2.1846686054650153,0.02512400276706733,2.2394907461177183
913,4.508917022875094,7.12168135122185,-2.6127643283471116,2.7499113570933176,0.037949800561921085,2.075396518897361
914,4.717681922546317,7.379919296031991,-2.662237373485368,2.530238296111916,0.03316030789548901,2.130136957963651
915,4.537492052982371,7.388383049846501,-2.850890996864109,1.725397533185017,0.01796250196697684,2.366390190948578
916,5.024511294841714,7.541418448169557,-2.516907153327338,3.483652424217709,0.052650788332339264,1.9377741050719475
917,4.4589375016296895,7.184820259634803,-2.7258827580044453,2.448938991222697,0.030128542193424018,2.1683963629517073
918,4.652313771556065,7.463364412069181,-2.8110506405128035,2.3153857921202476,0.02608935712598609,2.2248790746130713
919,4.571603700244223,7.392678404810068,-2.8210747045659446,1.333978511977108,0.0138168050007736,2.461991217554053
920,4.876078157588664,7.541220343158264,-2.6651421855694934,3.084391239114648,0.04083252226701711,2.0452266094468796
921,4.760883543825285,7.419373710674277,-2.658490166849333,1.851721178795371,0.023679174054952727,2.262295147189962
922,4.1985265923925095,6.767807746541058,-2.5692811541484843,1.7613625988427337,0.024559747560595042,2.2482579315034825
923,4.528088108794973,7.244631345132644,-2.7165432363381115,2.989901710937069,0.037723617614047064,2.0778452170975474
924,4.389744955434535,7.085332602909345,-2.6955876474758043,1.7247056843068354,0.021071732449192037,2.3066967342018123
925,4.69615730642664,7.446956107015458,-2.7507988005882,2.842306668368682,0.03462527526102001,2.112713755103003
926,4.5989834381501264,7.264977500686895,-2.6659940625359013,2.3454175004645883,0.03044052329498941,2.164310553861957
927,4.623293381933136,7.138265345333904,-2.514971963400967,2.016097383265116,0.030003443014374038,2.17004492200781
928,4.839269875922865,7.38655448839622,-2.5472846124730495,3.3272924732516724,0.04898732868318944,1.9687019375861439
929,4.588519976494636,7.100803436160325,-2.5122834596668326,2.32448878554135,0.03496501729037974,2.1087633070932092
930,4.602007330548359,7.258339950401021,-2.656332619852037,2.7081035118143415,0.03586255915303233,2.0984823307170175
931,4.586062091283848,7.211910560203803,-2.625848468919685,2.8323757091963895,0.03868145175321571,2.0675596275683463
932,4.609268326850097,7.19854203644295,-2.589273709592817,2.62786142946816,0.036975063283768005,2.086039300159376
933,4.979246861539933,7.464399511331029,-2.4851526497914165,2.7870572545957266,0.04327758190202562,2.0210210904592643
934,4.628089274888508,7.321684956214709,-2.69359568132586,2.313547022905258,0.029201953194065697,2.1807494516754615
935,4.929217380172586,7.665360142820807,-2.7361427626474324,2.6939359625740416,0.03311189178917074,2.1307239379839067
936,4.833477949247309,7.5097515147896825,-2.6762735655411234,2.2193907135913484,0.02837907619124863,2.1920059612855898
937,4.663561287689218,7.4331783453943725,-2.769617057704636,2.0387022382833244,0.023561531839311686,2.2642046319112987
938,4.725504996833761,7.4164779691411535,-2.6909729723074634,2.185034854114212,0.027500046042225255,2.2043456325151563
939,4.530447048494635,7.08037727957967,-2.549930231086364,3.215475005454703,0.0472149950583705,1.984366524092512
940,3.796832503329197,6.589227147775835,-2.7923946444461762,2.3419555666869574,0.02690478128548405,2.2128965112581347
941,5.110223170195523,7.644982050236868,-2.5347588800414087,3.265868231939878,0.04860594064559116,1.972032113660665
942,4.342814157950043,7.0814737860218795,-2.738659628072128,2.1569238879771024,0.025870124307002446,2.228155845884424
943,4.271026010229717,6.796847372525027,-2.525821362294664,2.383291520923766,0.03542969304953932,2.1034128853917156
944,5.462704792742725,8.106257180862022,-2.643552388119133,2.37163739058027,0.03148120291744103,2.150936616212849
945,4.200370172931171,6.946707439144708,-2.7463372662132315,2.253612214451275,0.02695559768613097,2.2121602012195596
946,4.345772450453579,7.019887135288988,-2.674114684835331,2.2809464540747424,0.029300654232111704,2.1794176756190864
947,4.4102600990957495,7.129956391456949,-2.7196962923608226,2.908419759539205,0.03651867012053373,2.0911048046001537
948,4.425275943946245,7.103632146572236,-2.678356202625764,2.92432439761531,0.03813959720977337,2.0733513051908075
949,4.531297244147309,7.100503678517859,-2.569206434370244,3.534935178777257,0.05108255858383387,1.9507855743804703
950,4.289837156069835,6.965793537089359,-2.675956381019205,3.2773318599259618,0.04309743638867514,2.0227644705719836
951,4.207131819954439,7.033201286666644,-2.826069466712397,2.134846039185721,0.023465115391765778,2.2657757739424365
952,4.748465677362502,7.4069845624545945,-2.658518885092235,1.787251555479564,0.022771350481530433,2.277249168848847
953,5.090897563512327,7.995723813487052,-2.9048262499736666,2.2426458499566984,0.022972472898166608,2.273892131765116
954,3.901359572912325,6.709677857285653,-2.8083182843729446,1.7085480351669666,0.018560080726926373,2.354250861000397
955,3.833906458378179,6.564643931971892,-2.730737473593763,3.051894596775451,0.03807063546032864,2.0740934211362507
956,4.373314829717229,6.981930169214946,-2.6086153394971916,2.055442132926766,0.027904696891552432,2.198623607951108
957,4.040783671070413,6.786322480608524,-2.7455388095377202,2.8935812813094213,0.035472403258517526,2.1029241172794912
958,4.61774621206615,7.354910795971675,-2.737164583904814,2.81126105286398,0.034646769259398975,2.112462848753168
959,4.1036446681467265,6.725885104379733,-2.622240436233369,2.796917046441248,0.03829799730754688,2.0716510296549386
960,4.5229820720981575,7.161099597797614,-2.6381175257001814,2.693721875390219,0.03626793112547532,2.0939107538807136
961,4.800314622367578,7.445253212581447,-2.644938590214224,3.7063338832138903,0.05024058931361294,1.9579098719885468
962,4.372890879151155,7.148244160338363,-2.7753532811866535,2.2351634068493684,0.02596596708935532,2.226720386137477
963,4.454406596640466,7.057231711519632,-2.6028251148800337,2.5112598296593323,0.034794955062083806,2.1107366369625664
964,4.384865791067851,7.002771951310683,-2.617906160243365,2.4949297312458416,0.034064105920063814,2.1193120268498875
965,4.01132544969124,6.748447931016136,-2.737122481325059,2.4307333258572577,0.029564036847401248,2.1758826447870443
966,4.796437435188009,7.434975081946389,-2.6385376467587776,2.9026718042595157,0.03923599549601567,2.061703265480237
967,4.088347492189596,6.8186609089628245,-2.7303134167732424,2.101507859863437,0.025341532118751352,2.2361563382534664
968,4.367368620593252,6.942533850810262,-2.575165230216953,2.3549742730157046,0.033366744849834165,2.127642389287409
969,4.783911667678977,7.343505080294973,-2.5595934126167776,2.4172382700892765,0.034818054216726166,2.110468121482773
970,4.24127594484281,6.8572604706735785,-2.615984525830754,2.447167447598124,0.033429091140362646,2.1268915978673957
971,4.617945909811452,7.366196238477164,-2.748250328665563,2.2440300098939865,0.026778691540650903,2.21472870235449
972,4.478944680520099,7.1961944360087156,-2.7172497554884103,1.9976392751650405,0.024268879930778257,2.2528456944211577
973,4.351456513993353,7.016654848743718,-2.6651983347510395,2.1176540773377948,0.027254441487120418,2.2078541557027354
974,4.439003076376421,7.300081376780524,-2.8610783004032783,1.7577265342198203,0.018156972617724414,2.3624013608528713
975,4.572641853519881,7.247980617994925,-2.6753387644757822,2.0414852285959366,0.02591948482339805,2.227415988717213
976,4.228116460831471,6.794875035943717,-2.566758575111635,2.5939145542513895,0.03724965767499981,2.083017179289734
977,4.972631399662815,7.712118041995579,-2.7394866423328494,2.442081161961969,0.02964873562935236,2.1747516027211313
978,4.501015533931705,7.1823348038632115,-2.681319269931919,2.830451231986544,0.03673768687722459,2.0886672500942134
979,4.555459376111967,7.2345631366149,-2.679103760502585,2.5228583724355307,0.03253311345674793,2.1377983443086985
980,4.283227334385002,7.142927495435236,-2.859700161049659,2.4437136488254527,0.026453400614957805,2.2194900909679998
981,3.946825942856149,6.657971626470056,-2.711145683613722,2.0099403714098383,0.024584198343017668,2.2478744258678303
982,4.443754284196357,7.1693821725743145,-2.7256278883787672,1.620160088930314,0.019047570926053782,2.3445986495520494
983,4.474003162033396,6.965835457067042,-2.4918322950334186,2.4070188984508967,0.03698163277102457,2.085966775148877
984,4.849005018198396,7.566544072795997,-2.7175390545980918,3.142810094200083,0.03974717383356196,2.056366800794137
985,4.491963592253624,7.128291586154452,-2.6363279939005224,2.688066067800852,0.03624722106024592,2.0941432528322443
986,4.415075575081856,6.990358980261531,-2.5752834051800164,2.6695586464747,0.038085476760848,2.0739336134303956
987,4.531035269205232,7.320841112997135,-2.7898058437922373,2.7946328146400123,0.03279471136646648,2.1345875980888636
988,4.6191636056485645,7.317959848742083,-2.698796243093966,2.795313607532675,0.035672245555333416,2.100643806400876
989,4.585052468353124,7.089687564849319,-2.5046350964967132,2.3651986681208843,0.03586948083273022,2.098403902672046
990,3.882305145509518,6.714762512544025,-2.8324573670342943,2.1086047170414,0.022993790375074822,2.273537808929549
991,4.4622645552747695,7.206319112247462,-2.7440545569725145,2.5371411955392844,0.030783999241571797,2.159853670841648
992,4.787245198992705,7.4528353446638445,-2.6655901456715583,2.518443358747989,0.032889408474338445,2.13343072946727
993,4.732824298797196,7.282869457579805,-2.5500451587831776,2.968532329052346,0.0435146425679082,2.018736226733394
994,4.52630999225522,7.232153201074764,-2.705843208819715,2.4301018619388266,0.030452080334644152,2.1641598912251987
995,4.832549980632676,7.294433897727613,-2.461883917094383,2.597062433700213,0.04114592355524598,2.042056536423713
996,4.700094381785048,7.358495064878566,-2.658400683092623,2.51377796188868,0.033047852819263875,2.131501453598837
997,4.32495761482488,7.105765061598566,-2.780807446773906,2.058405252206656,0.023553274363194796,2.2643389718887468
998,4.31291357699166,6.799836821190402,-2.4869232441978966,2.8585072910046225,0.04433447601715212,2.010914618223045
999,4.79950894325003,7.524291135392856,-2.7247821921437207,2.4689487745768943,0.03043005969552902,2.1644470043215813
