,logR,logI,logS,d_G,p,sigma
labels,$\ln\mathcal{R}$,$\log\mathcal{I}$,$\ln\mathcal{S}$,$d_\mathrm{G}$,$p$,$\sigma$
samples,,,,,,
0,4.103844179736191,5.896591224953196,-1.7927470452170837,1.7903095500761808,0.05550061076287753,1.9149364333059367
1,4.383103840746164,6.111506868323586,-1.7284030275775422,1.9825131649280117,0.0648293769772775,1.84643287844924
2,5.105843468399419,6.515344353052447,-1.4095008846531982,2.5500087052332567,0.10770312824838073,1.608603226671148
3,4.25994926674962,5.919799326124624,-1.6598500593750032,1.7111612271120684,0.06120593843008465,1.8720048073323963
4,4.618242603033016,6.3898383934952445,-1.7715957904620154,1.7733743470734957,0.05624370024533611,1.9091425869886767
5,4.81007395210286,6.522081878189807,-1.712007926086926,2.576090555979494,0.08208173979161991,1.7387329929642263
6,4.369470610678539,6.02276128805053,-1.6532906773718423,2.3916647543140144,0.08164131150997632,1.741241181251717
7,4.8356356887498375,6.297749904805732,-1.462114216055852,3.0041435266307133,0.11546751804912805,1.5740862192142229
8,4.406240356750052,6.09007099077658,-1.6838306340264353,1.8911076247233716,0.06510566304236962,1.844531887844266
9,4.171430273644367,5.781264110553762,-1.6098338369095018,2.3292113720685172,0.08328838804275498,1.7319167384519896
10,5.146000640760397,6.700685353439182,-1.5546847126788634,2.428327244445345,0.09069342755250301,1.691751169450626
11,4.412961984116285,5.9899333942602535,-1.5769714101438694,2.808426927412768,0.09933050600359067,1.648108024165905
12,4.548765250565159,6.141285613036478,-1.592520362471305,1.799324524912869,0.06851737960980671,1.8215889448665994
13,4.9821441560296105,6.4565006616978575,-1.4743565056685384,1.9913650974934107,0.08392992985231715,1.7283252429855331
14,5.111981913214825,6.632188317095013,-1.5202064038799108,2.343423697290401,0.0911497818635427,1.6893635490290038
15,4.3223419322017005,5.929811841882801,-1.6074699096811855,2.2832480410437093,0.08215033602081166,1.7383433283626872
16,4.754090954314782,6.403980659292243,-1.6498897049775678,2.49153488247088,0.08464910327192354,1.7243254728291835
17,4.3019709146545235,5.942029165861177,-1.6400582512067103,2.1318055551670554,0.0752540976276288,1.7789125659635536
18,5.0202184995517225,6.431761821340727,-1.4115433217891677,1.7364638758072246,0.08028758484637054,1.7490198697621082
19,4.087281514951931,5.547587619056854,-1.4603061041050296,1.7115159670324402,0.07541592781287114,1.7779264964765686
20,4.737243948897506,6.422381987319488,-1.6851380384218828,2.3511319469638465,0.07811042640491257,1.7617566232740047
21,4.330281593033808,6.097934118117406,-1.7676525250835766,1.6802161496506152,0.0538052830789481,1.928400875058137
22,4.744507697951624,6.5497968445128105,-1.8052891465611083,2.6201965807335377,0.07636891346447036,1.7721545040756361
23,4.693218776821189,6.196882066143003,-1.5036632893220485,2.0158438620171886,0.08230108488604503,1.7374879174481166
24,4.897835151455686,6.469115800165751,-1.5712806487099442,2.4329805694497324,0.08942214232569193,1.698453815992727
25,4.244125712751204,5.847214608451479,-1.603088895700239,1.6110669726247124,0.061670893179692536,1.8686545353434851
26,4.878992621984983,6.630789625895295,-1.7517970039102693,1.9759676741174559,0.06314429635769106,1.8581740886742333
27,4.872776324534746,6.284471547638423,-1.4116952231036066,2.238600484941461,0.09767181715267242,1.6562469584767918
28,4.460056560331443,6.070626596260309,-1.6105700359289585,1.5622802946558103,0.05957407947655492,1.883932699299764
29,5.033031307512877,6.636649632586339,-1.603618325073512,2.1641445092217495,0.07895681626504841,1.7567711978598384
30,4.507261669021821,6.0619115112896065,-1.554649842267736,3.574379951542877,0.12060299435817032,1.5522475842651986
31,4.896585920744476,6.48203979501921,-1.5854538742746627,2.5471998465343937,0.09146120610916676,1.6877397064766817
32,4.865740538175762,6.319229716861363,-1.4534891786854587,2.6930429030036507,0.1076207388512827,1.6089798905551584
33,4.752706278448661,6.4367746811679805,-1.6840684027195039,1.5362469140989816,0.054256254244515134,1.9247850566312883
34,3.864684742728562,5.438849903061479,-1.5741651603329956,2.354237736609271,0.08690275511187107,1.7119669727443445
35,4.729553892980723,6.366066701960142,-1.63651280897966,2.546109154752479,0.08720395423979238,1.7103349401014827
36,4.622064493860355,6.396791379977044,-1.7747268861166958,1.0143098414307126,0.03337945255501468,2.1274892622269466
37,3.8343496777070443,5.578196589194013,-1.7438469114872532,0.9823588441650166,0.03356691042154022,2.125236181145062
38,4.56643739507995,6.287337727965655,-1.7209003328860035,2.35367379164186,0.07556179249468294,1.777039187497255
39,4.7235250656092855,6.387024265788069,-1.6634992001786486,1.9870165132928292,0.0693208995026585,1.8163226060206479
40,4.912276451108303,6.571609880552257,-1.6593334294439046,1.6324034915857588,0.058772796840701164,1.8898890760970832
41,4.709934452635073,6.236996321858703,-1.527061869223644,2.752031365171078,0.10231675870293207,1.6337242756943924
42,4.714268530290658,6.2735534596419935,-1.5592849293514064,1.3145225926615787,0.054182452149801476,1.925375069916091
43,4.445601995918016,5.886670793289822,-1.4410687973715994,2.3216451638880535,0.09758693086534412,1.6566664437022405
44,4.634871502438548,6.123888413736351,-1.4890169112979947,2.6732756038212173,0.10364807985498256,1.6274192782653198
45,4.9216507207786915,6.457800537704541,-1.5361498169258994,2.497614804656923,0.09430601307339297,1.6731081212499959
46,4.566201058921754,6.105492683853255,-1.5392916249313657,2.1454157690215645,0.08349550476030486,1.7307548109904352
47,4.333615036997847,5.979891534774415,-1.6462764977766255,2.5530101579450566,0.08660414408204407,1.7135894957104774
48,4.910632708644064,6.476645824540283,-1.5660131158961121,1.4987133256408391,0.06029113556149206,1.8786585163739278
49,4.399164075831598,6.025582023613564,-1.6264179477818743,2.711682129309324,0.09248142293605809,1.6824509796234575
50,5.017162998518691,6.719108322326809,-1.7019453238081041,3.086878118992672,0.09562996041141231,1.6664191439311598
51,4.7960400962470455,6.313766702464994,-1.517726606218048,1.933840132440121,0.07848720926701112,1.7595318860762197
52,4.496543001273997,6.206874796960113,-1.7103317956862156,1.494557996831599,0.05146081834413115,1.9476169143215196
53,4.797960811834676,6.376268559683309,-1.578307747848612,1.5692129861381048,0.06190174785796607,1.8669988542112408
54,4.714738555125043,6.271993872361547,-1.5572553172366952,2.049504503791365,0.07907179984742883,1.756097277943418
55,4.7493586648307,6.208141495171622,-1.4587828303410788,2.789472675197583,0.10986154402691048,1.5988157696257448
56,5.096480476904665,6.733068480153774,-1.6365880032490168,2.663251400738865,0.0903480611873332,1.6935645392931065
57,4.721858088913953,6.3680542208562425,-1.6461961319423608,2.714549465389645,0.09091072342425062,1.690613087486024
58,5.160562369082575,6.785411921288967,-1.6248495522063422,2.6191724659030413,0.09013714379686816,1.6946747204208854
59,4.3809135605202325,6.128826045262242,-1.7479124847420735,1.7085801401154583,0.05575780768133235,1.9129238041903254
60,4.886518109355668,6.461709663225163,-1.5751915538694448,1.7039107732346217,0.06662520466045779,1.8341939804989709
61,4.89756125907393,6.538390983793809,-1.6408297247196515,2.1296432930469997,0.075133997599811,1.7796454834960997
62,4.7344346717418855,6.507752856904913,-1.7733181851631343,1.760026941104055,0.05576532627319797,1.912865085810075
63,4.410255157316717,6.031306398861387,-1.6210512415448193,1.8950762349229642,0.0695166035410278,1.8150475430416058
64,4.2061437500604395,5.693207881300934,-1.4870641312402313,1.957835519024723,0.08175696584093861,1.7405814825056913
65,4.484032798416413,6.068700513033546,-1.584667714617126,1.6553414073591952,0.06436414882770017,1.8496490466844453
66,4.552588553490116,6.285385567660716,-1.7327970141707283,1.3215623778167185,0.044886279992172394,2.005718596267351
67,4.351115109848527,6.067809014461671,-1.7166939046130665,1.3967445329516721,0.04806584597819632,1.9767858131573073
68,4.7178204278212,6.228935041806535,-1.5111146139854554,2.959476084292799,0.10945485377656164,1.6006482288998225
69,4.751721802262457,6.223013218706923,-1.4712914164447284,1.8691538175336184,0.08005502790437559,1.75036687592697
70,4.954706550334825,6.523919854912682,-1.5692133045779428,2.10927437885249,0.07998159146856973,1.7507928917611313
71,4.370613563452983,5.978908628621516,-1.6082950651684769,1.9337276043205662,0.07162299776158824,1.80150704587996
72,4.532030857802786,6.119298991149064,-1.5872681333462424,2.876303982142538,0.10021104717577048,1.6438313332948336
73,4.630816710672937,6.301339504809254,-1.6705227941363319,2.8886509350363667,0.09337061302220573,1.6778795627790297
74,4.508703263090913,6.251263285686553,-1.742560022595626,1.782644970013699,0.058224685217534454,1.8940024458942428
75,5.369245372003936,6.836851742715636,-1.4676063707115645,3.379563071637495,0.12467808411033048,1.535430632377084
76,4.972266836136944,6.418754512604329,-1.446487676467541,3.0157426264579676,0.1173629162880405,1.5659389239126686
77,4.528044807515746,5.951193295949436,-1.4231484884332986,1.8301709964938837,0.08270267423598562,1.735215318336723
78,4.483033010511965,6.255844080778763,-1.7728110702669255,2.5471086772970892,0.0768594192163451,1.7692065039128577
79,4.875742971684124,6.496977593562439,-1.6212346218783296,1.6749216375478113,0.06256200566766948,1.8622915516811138
80,4.525187407815158,6.176444519275391,-1.6512571114603816,2.1561143248405727,0.07513530362016776,1.7796375082867635
81,4.3040581853254505,5.883276381442675,-1.5792181961171536,2.2282900352349913,0.08278210791169996,1.7347668622419554
82,4.750743400624108,6.476631948868336,-1.7258885482440292,2.232458533796656,0.07193636300622056,1.7995206335258422
83,4.432092235755865,6.010254161823388,-1.5781619260676507,2.069194438241432,0.07805374602029892,1.7620920515760155
84,4.443120004179539,6.1885996847636715,-1.7454796805841397,1.2808083826558985,0.04299447942651708,2.0237636166346302
85,4.693987493490388,6.34518835552665,-1.6512008620366032,1.9186507399307153,0.06813238529447409,1.8241302367349312
86,4.851199954436472,6.449601476315619,-1.598401521878941,2.342695477744112,0.08459095503478223,1.724647847365968
87,4.362274565203327,5.944561723399181,-1.582287158195868,0.9847179105854593,0.0406993986909548,2.04657940499588
88,5.1761887337700525,6.578095625497438,-1.4019068917273216,2.908091779052093,0.11898325435536912,1.5590554596269
89,4.789756104712799,6.411119380138997,-1.6213632754261198,1.666131231778536,0.06227044159675193,1.8643651630158695
90,4.155780642571065,5.711655406079116,-1.5558747635082,1.75818999134502,0.06979639712205839,1.8132297241524695
91,5.298219173733335,6.584173028534144,-1.2859538548009368,2.0304860682175843,0.10280341096579525,1.6314120168359794
92,4.590564454404605,6.374856529149353,-1.784292074744826,2.182698725649672,0.0666693934044422,1.8338962698017918
93,4.563857878311458,6.192147039711022,-1.628289161399607,0.8925602559815822,0.035173965186946314,2.106349952722808
94,4.84446141250992,6.27040267346352,-1.4259412609535502,2.9270489878087567,0.11702499965715463,1.5673838368928725
95,4.946550162653059,6.49078948586561,-1.5442393232126506,2.3068772408434697,0.08800012594152884,1.7060427204105382
96,4.65597531456506,6.0905900651611,-1.4346147505962108,2.7965413702862527,0.11246264177081565,1.5872208163060184
97,4.84562673720375,6.427096590017909,-1.5814698528142799,1.8465482302413498,0.07082164989236918,1.806619352923464
98,5.082559213286279,6.634366732374778,-1.5518075190886975,1.4346007878027045,0.05896031102864111,1.888489165825522
99,4.740235875270676,6.207137902164844,-1.466902026894104,2.2996692213246206,0.09452778739347946,1.6719824268223618
100,5.2841394604793575,6.766679177134419,-1.4825397166550829,2.625252106016678,0.10287660935641389,1.6310649788313565
101,4.700442073397246,6.534254877592671,-1.8338128041955315,2.219130155832186,0.06445556866776235,1.849015541108064
102,4.9216338667306925,6.68799628674803,-1.7663624200172308,2.1605565766893235,0.06725228411430884,1.8299843161787097
103,4.331872533241542,5.966615762923039,-1.6347432296813622,2.16013688532135,0.0764759047669502,1.7715101594168032
104,4.818841713679879,6.377418309851434,-1.558576596171406,2.397960783213424,0.08947964865420183,1.6981489719957117
105,4.191235019748595,5.7365773837903244,-1.545342364041744,3.259219409572104,0.11389401337750592,1.580930133811877
106,4.8142045274599266,6.253294852975733,-1.4390903255159628,3.036511329405709,0.11868324974059316,1.560324359319966
107,4.349091951360199,6.11470794541018,-1.7656159940499947,1.8551588008898605,0.058907256454963065,1.8888848758743286
108,4.681025564755194,6.086240104628777,-1.4052145398736684,2.6379380683804428,0.11078693621008714,1.594666039304541
109,4.280851204912144,5.977760461986923,-1.6969092570748217,1.8685066351368178,0.06358169955702195,1.8551017387845028
110,4.4390223582188835,6.098046335848677,-1.6590239776298858,1.3870053656021675,0.05088319095389294,1.9524635792257286
111,4.873024677955348,6.405916119871888,-1.5328914419164903,2.293318853958514,0.08855178456525127,1.703087020442981
112,4.905573209438947,6.409457657000834,-1.503884447561859,2.05674117658565,0.08360725426483714,1.7301288640571615
113,4.397887938625038,6.050438014721889,-1.6525500760969862,2.203000366960346,0.07638795223283192,1.7720397911346832
114,4.783673988608873,6.1461668820794255,-1.3624928934705167,3.580125660438391,0.1411309032266636,1.4715926808191007
115,4.900129588495295,6.56184145190795,-1.66171186341262,1.9427593823533051,0.0681314789773543,1.8241362331174247
116,4.817688363386017,6.3910547441886205,-1.5733663808027814,2.2223669422504955,0.08307508977346416,1.733115793481485
117,4.234663954340979,5.813724151194014,-1.5790601968531064,2.4825494864232702,0.09018248767003678,1.6944358729284354
118,4.779601967475903,6.180676236660217,-1.4010742691843916,1.7075265917103195,0.0800940283897138,1.7501407573247552
119,4.703934757502614,6.205620908777808,-1.5016861512751802,1.8877551124650154,0.07823413168870416,1.7610252365874557
120,4.053156227179491,5.751667138127095,-1.6985109109475616,1.8466866541087228,0.06283461344235898,1.8603599751428697
121,4.789505504660658,6.283035783673489,-1.4935302790127025,2.8695347115199112,0.10871091039484257,1.6040142554065004
122,4.555293210381526,6.064850388905468,-1.5095571785238917,1.7111259250164146,0.0716138840476263,1.801564923895339
123,4.34680262002785,5.8513629202008755,-1.5045603001728978,2.2253937461569677,0.0888906129774027,1.7012789809241016
124,4.847375956377666,6.220569593126063,-1.373193636748283,2.4070107382816985,0.10686585526960361,1.6124417070753507
125,4.60190273449671,6.11346642899238,-1.511563694495635,1.8359673971397932,0.07571965204611661,1.7760804863278463
126,4.530262917109942,6.273648075584758,-1.7433851584748936,2.998550801177263,0.09015114662276148,1.6946009506375554
127,4.834795302993191,6.411600267812672,-1.5768049648195301,2.199355806844668,0.08211062873952629,1.7385688555505645
128,4.804658146238628,6.282845964808763,-1.4781878185704045,2.7133952389913496,0.1058206360439329,1.617267107979711
129,5.039392411120664,6.646225908651017,-1.6068334975304879,1.791545867540961,0.06726682688451806,1.8298870727263872
130,4.599448564284833,6.279302657888833,-1.6798540936040354,2.212959071953147,0.07466791341030408,1.782498881821029
131,4.742028334524141,6.556039432494655,-1.8140110979702513,1.0695909830301886,0.03355612937427199,2.1253654679017644
132,4.700799687282418,6.210812750622521,-1.5100130633400113,2.64830534965904,0.10098021237599651,1.640120030615438
133,5.199697439990635,6.616341944377465,-1.4166445043867952,2.459184704423386,0.10421112124312089,1.624772131537747
134,4.6963788135843085,6.319647871120692,-1.6232690575366178,2.2246458784028533,0.07922154648057701,1.75522080540327
135,4.8206760598987355,6.340051948262156,-1.5193758883635837,2.783195962857331,0.10388888391898823,1.6262857398072679
136,4.561258850949619,6.026637945155725,-1.4653790942061278,2.192486295883903,0.09127319360113492,1.6887195171695453
137,4.136195128855027,5.616179461276209,-1.4799843324212816,1.4920282975092718,0.06593174550836067,1.8388874267016457
138,4.273503787226494,5.915545599972573,-1.642041812746129,1.6415717570267745,0.06014940682267938,1.879696837670878
139,4.549093273897418,6.1304372107448994,-1.5813439368475883,3.040925519654497,0.10500676328857148,1.621050711726488
140,4.888699786650752,6.491932067345386,-1.6032322806945558,1.2231737491967536,0.04837076064263809,1.974096593337911
141,4.4556195054763545,5.943842633058791,-1.488223127582387,2.52062323596493,0.09928991418581411,1.648305902221534
142,4.481971808450956,6.020364543679767,-1.5383927352288538,2.673887545829359,0.09911381232029844,1.6491651164627765
143,4.718803143234984,6.3758471725335735,-1.657044029298504,2.520145361775757,0.08485934548406653,1.7231613802054255
144,4.635309085303154,6.1821052970540915,-1.5467962117506886,2.1106642159053024,0.08180870060949386,1.7402866295554278
145,4.743555262386328,6.397033188478316,-1.6534779260921368,2.5072867371377114,0.08479336153866833,1.7235264760656739
146,4.265540505982974,5.904214471640186,-1.63867396565729,2.587409927402959,0.08814622542596293,1.7052584913958062
147,4.632398495825148,6.26656547415242,-1.6341669783273574,2.302385978790973,0.0806153942373001,1.7471265192307044
148,4.525905805993764,6.043567739722581,-1.517661933728732,1.3598126995095043,0.05845202084903018,1.8922924911480024
149,4.190113139818143,5.946549549161643,-1.7564364093434506,1.3036318539770733,0.04317518996746429,2.022011246930269
150,4.693904698325516,6.509496295775035,-1.815591597449611,1.1953122866575079,0.037245450423105037,2.0830633400176732
151,4.398453885341999,6.150277478534035,-1.7518235931920572,1.4737203762283322,0.0485828493062752,1.9722344444256599
152,4.339006034364095,6.065484404690826,-1.7264783703267312,1.8455302439149222,0.06102989098630212,1.8732788348098732
153,4.675778209070179,6.485792065496893,-1.8100138564263943,1.8200504618312223,0.05533837042286405,1.91621000471647
154,4.786969769044665,6.474021040552868,-1.6870512715083805,1.8380793976087872,0.06331873111332786,1.8569467452085675
155,4.62570848592309,6.227042116918488,-1.6013336309952138,2.857427066294285,0.09847381798126043,1.6522979943450298
156,4.687315425806949,6.120835713914635,-1.4335202881079567,2.0253248413753333,0.0885876646352619,1.7028952953037093
157,4.561263482982261,6.280435059102286,-1.7191715761200612,1.594091952073608,0.05401492491723874,1.9267168649905275
158,4.708560792121537,6.192161215278729,-1.4836004231572133,1.9445460365353746,0.08159860468274724,1.7414849750620238
159,4.670750315288663,6.311571080709916,-1.6408207654212674,1.8562280407609535,0.06694647838456326,1.8320331734399424
160,4.388105219777392,5.938218223781702,-1.550113004004288,2.0998557689238098,0.08120674919561045,1.7437267464615933
161,4.692928304711861,6.352614919213009,-1.6596866145009699,1.4135506513203424,0.05171765354170855,1.9454765154023692
162,4.7170912110080305,6.253034329706201,-1.535943118698242,1.7551593098693061,0.07115326555903984,1.8044980437678424
163,4.8498409464253225,6.3371855706851346,-1.4873446242597765,1.815332307351568,0.07691729981157437,1.7688596469311588
164,4.749911605968739,6.355867549942706,-1.6059559439738678,1.628044975993923,0.06204190460908781,1.865996146676143
165,4.199999922930877,5.875325113898802,-1.6753251909678966,1.9718034520395378,0.06805807253543059,1.8246221233400994
166,4.4867730727710775,6.189534197407957,-1.7027611246367087,2.175869236780599,0.07199539879009817,1.7991472013567116
167,4.05943569533388,5.582967017594013,-1.523531322260169,1.576336696578423,0.06588908215355953,1.839177505295683
168,4.82684472164947,6.416799168499628,-1.5899544468502427,1.6426811870107443,0.06358747064697287,1.8550613191344432
169,4.39558320678457,5.969169416339971,-1.5735862095552875,1.7288986318925872,0.06756283604060198,1.827911492044169
170,4.687228336786168,6.136538531010279,-1.4493101942239264,2.918432287012532,0.11441078315263717,1.5786742975704868
171,4.3499335355534665,5.963079522884589,-1.6131459873311087,2.5828389866764354,0.09012138697002195,1.6947577416731097
172,4.45547026807076,6.2303653234662,-1.7748950553955183,2.196694451260015,0.06765505222891158,1.8272974913257285
173,4.884447043417643,6.528975777999788,-1.6445287345820816,2.219231212028877,0.07745176979284704,1.765666776390858
174,4.665805070689478,6.187698675468175,-1.5218936047785974,1.7217467500329313,0.07105957302640706,1.8050965616857442
175,4.713226988235013,6.370053608349151,-1.6568266201140887,2.0920952482483415,0.07287384016240744,1.793620011962718
176,4.320725534733631,6.127729279970977,-1.8070037452373526,1.4215021433489525,0.04426222141094509,2.0115990331700506
177,5.155023903310669,6.697522865134493,-1.542498961823867,2.5296002563629756,0.09466892858754018,1.6712671162835095
178,4.304346735808442,5.974231850475077,-1.669885114666613,1.8966346228669835,0.06619984205369961,1.837068104457323
179,4.390296008736234,6.240485706852004,-1.8501896981156278,2.333792196041891,0.0663053322971159,1.8363539041767125
180,5.009575635028844,6.446991520742889,-1.4374158857140173,2.9067986641241177,0.11528942370712368,1.5748571397269346
181,4.8666039715138165,6.372624785982863,-1.5060208144691387,2.673433048138129,0.1020627438055125,1.6349346689364581
182,4.6839640316030025,6.273449482369697,-1.5894854507669152,1.7633999140444665,0.06757318272977535,1.8278425666172218
183,4.673712511359147,6.198636066144408,-1.524923554785346,2.254961219650479,0.08806298325959042,1.7057051879508467
184,4.5407211294751075,5.904475651588376,-1.3637545221133678,2.8002215962746497,0.11990545134441746,1.5551705702722611
185,4.942939803868333,6.585166558205023,-1.6422267543366615,2.1519731538046827,0.07568145542863072,1.7763123095560993
186,4.797623378336814,6.31684395403647,-1.5192205756995918,1.3184854325748532,0.05681184176943098,1.9047556468513704
187,4.993643692576645,6.578921168049339,-1.585277475473049,2.137590673161629,0.07958417410427164,1.7531039007680211
188,4.793246619914546,6.322357474219578,-1.529110854305145,2.2325510281410352,0.08702379536290607,1.7113105742227568
189,4.772439990585147,6.220402909561569,-1.4479629189766001,2.523173604148841,0.10314331836154178,1.6298021542206285
190,4.395784044556697,6.143279710518696,-1.7474956659618783,1.5901889828128368,0.05229903966706913,1.9406640496635061
191,4.966826848228768,6.5002842272264925,-1.5334573789978094,2.411905888888189,0.09203931873755981,1.6847370301285194
192,4.837580210647323,6.300032698121354,-1.4624524874741383,2.13265655082294,0.08960131627496139,1.6975045253331813
193,4.75861371171259,6.123374561622233,-1.3647608499097714,2.2129939011536166,0.10133339693090065,1.6384234200008878
194,4.743604559833605,6.3452703010810065,-1.6016657412471886,2.531461251225924,0.08966139390703162,1.6971865671450967
195,4.713403702804319,6.38559797048068,-1.672194267676332,1.848047211837624,0.06458943181141215,1.8480892558759816
196,4.8213273968308865,6.322106815097078,-1.5007794182663474,2.75536421353835,0.10485941856488895,1.6217381872326133
197,4.5585354704090175,6.151098056736599,-1.5925625863274036,2.4333351578313867,0.08766003551416596,1.7078723240321119
198,4.6266395079281235,6.258314730832614,-1.6316752229042777,2.101830788195457,0.07499298386739978,1.7805072501233836
199,4.134851497870889,5.811551678325143,-1.676700180454418,1.4874140080255813,0.053135169466921046,1.933820759506598
200,4.879555069197798,6.492915052741955,-1.6133599835441146,1.9222349555564016,0.07090293831866223,1.8060986074654255
201,4.265158091013566,5.871376159586083,-1.6062180685726162,1.912785065729448,0.0711234394639416,1.8046885059160598
202,4.214065313335416,5.835555232564451,-1.621489919229134,2.774404916899794,0.0945544636670797,1.6718471645794202
203,4.510397304382243,6.2401033351665145,-1.7297060307842003,2.459529309183779,0.07772530257994788,1.764039657704371
204,4.647495860243955,6.120891515209179,-1.4733956549653158,2.444567815660875,0.09838643137282038,1.6527270266364396
205,4.768941366122638,6.440953581128985,-1.6720122150063617,2.2091354934443466,0.07513034471313249,1.7796677904385618
206,4.016601001649226,5.636726856689682,-1.6201258550406692,2.842178951761582,0.0964431217202733,1.6623474860340668
207,4.99095730970935,6.244933648154186,-1.2539763384447724,2.2947306057579766,0.1156715708594627,1.5732040801895797
208,4.402638641271826,5.9995660883429505,-1.5969274470710388,2.714930582000189,0.09507694229852798,1.6692040775482642
209,4.43444764854444,5.903561160841127,-1.4691135122966443,2.3630925424085625,0.09629463691798877,1.6630889227688403
210,4.017392978573346,5.622056532251547,-1.604663553678165,1.5647246510269142,0.060033003467942006,1.8805511405056423
211,5.0175465764214575,6.51549632739234,-1.4979497509709745,2.8593551690409242,0.10800722274571613,1.6072149540338374
212,4.6526598557894,6.078264011515939,-1.4256041557264325,2.6094921486546667,0.10790139877729665,1.6076977172564602
213,4.809532250843452,6.511490086701171,-1.7019578358576837,2.080855258544833,0.0693807962001383,1.815932049794733
214,4.773040040569006,6.19414167218236,-1.4211016316132827,2.27292126460274,0.09790009445572778,1.6551203167699193
215,4.753893321639046,6.440842053864754,-1.686948732225801,1.4403959753162994,0.05105609713967414,1.9510079747436853
216,4.450305406568125,6.086598838029088,-1.6362934314611266,0.7702024772003462,0.030316403275644586,2.1659317422580453
217,5.2934305837045965,6.7339442500686015,-1.4405136663640405,2.2054890979320234,0.09392623263271287,1.6750407704734573
218,4.600958783613853,6.227691555824903,-1.6267327722111986,2.1095833730009907,0.07558859206792443,1.776876315151546
219,4.425270879297662,6.03008934328305,-1.6048184639855663,1.7490132677850276,0.06604652028785486,1.8381078120123941
220,4.923696674877467,6.5630717214585115,-1.639375046581108,2.238661122837364,0.07839765921577287,1.7600598509625858
221,4.200664083954555,5.852219418592069,-1.6515553346373508,2.207320725984321,0.07658550395308228,1.7708508707533595
222,4.537934088972909,6.184556164740185,-1.6466220757672545,2.502207147912955,0.08519890460447876,1.7212861878602723
223,4.450826440412859,5.968493529452571,-1.5176670890396053,2.5035392221582633,0.09611634454504348,1.6639804088583632
224,4.62826644658235,6.337884543566771,-1.7096180969842862,1.4881638268646888,0.0513018486844776,1.9489462106892776
225,5.019377183742838,6.407000974121173,-1.3876237903782567,2.487926987222579,0.10797393194679322,1.6073667844736297
226,4.867219462041296,6.372373080257246,-1.5051536182158998,2.767768828116374,0.10479329196381966,1.6220469675926323
227,5.125604419490903,6.608926194110579,-1.483321774619526,1.9054956523657225,0.08030946691240581,1.7488932886496253
228,5.139526456227761,6.629381607934745,-1.4898551517067062,1.973370781301174,0.08204285640168987,1.7389539894626915
229,4.793817924969337,6.33842405178636,-1.544606126816916,1.4099143909645164,0.05854164054041496,1.8916199148852921
230,4.45717518728002,5.96683316505254,-1.5096579777723491,1.8207719385758239,0.07535520786516686,1.7782962747858675
231,4.7859568326789965,6.300221073060554,-1.514264240381408,2.461024280921425,0.09517372047934469,1.6687157792332792
232,4.116023373865167,5.8452731148589745,-1.7292497409937369,1.843563079918976,0.06080031780450461,1.8749448009002962
233,4.332041828357935,6.051182368365387,-1.7191405400076292,1.5614051448991901,0.053022852786976514,1.9347347579442613
234,4.87874433751522,6.50365107648445,-1.6249067389690026,2.221052168212669,0.07899177608370188,1.7565662136023699
235,4.44137472214816,6.114345126263187,-1.6729704041151763,1.9048154793555199,0.06623654127204938,1.8368195335614543
236,4.644945634417629,6.372994013075134,-1.7280483786576042,1.7172990379657982,0.05718307808095693,1.9019088034960043
237,5.226220097305534,6.794527718037299,-1.56830762073173,3.022947014687464,0.1057419668673741,1.6176318222226935
238,4.42086207797802,6.134291995234568,-1.7134299172566898,1.7218013525833236,0.058195279364063164,1.8942240334023321
239,4.862065450682897,6.28807027028663,-1.4260048196038042,2.9630605272962818,0.11801849646131007,1.5631449861880478
240,4.860904498139055,6.578473549581544,-1.7175690514425241,2.1217414084531114,0.06946121126241812,1.8154081388209697
241,4.505076302850332,6.1608734458415935,-1.655797142991105,1.6185684280358714,0.05855491734426044,1.8915203481054175
242,4.515786635631505,6.084021151863004,-1.568234516231314,2.7805173731288555,0.09936027595123015,1.647962941854828
243,4.518270263274919,6.0746961647410895,-1.5564259014661275,2.39029471046835,0.089437790893778,1.6983708464992078
244,4.701906648390425,6.190716168353189,-1.4888095199628424,2.626451070919199,0.10232297899670345,1.6336946657043547
245,4.5254927020126186,6.217754297953389,-1.6922615959408631,1.6382364707366648,0.05694273409492116,1.9037501311575689
246,4.762074118074954,6.351591208224319,-1.5895170901494566,2.5579302294702906,0.09141619369071964,1.687974137232501
247,4.345989111775955,5.999208430865471,-1.653219319089203,2.724932078442219,0.09060410757683236,1.6922196168287662
248,4.407011615778449,6.096096626172196,-1.6890850103939101,1.519706544492081,0.053446159505216605,1.9312984132901658
249,5.16722612258973,6.833168876820094,-1.6659427542301728,1.6648395478976354,0.05937857454144739,1.8853798348154014
250,4.528596478428474,6.197602678028522,-1.6690061996002896,2.245164575575618,0.07636654095685698,1.7721688006116936
251,4.677902655570781,6.485689701689003,-1.807787046118392,1.3197816243297176,0.04125781649664569,2.040929687130145
252,4.702088934052702,6.174524175885393,-1.4724352418324997,1.8809964773679937,0.08036678553348746,1.7485618505892053
253,4.441718670596677,6.052357226147661,-1.610638555551077,2.561770591722407,0.08975238112186065,1.696705347828386
254,4.677974522396246,6.283343616863702,-1.6053690944675054,1.8406769712292146,0.0689256078088162,1.8189070780607763
255,4.8873367784922745,6.561840135280134,-1.6745033567881364,2.31006294327495,0.07777120143152508,1.7637670840159911
256,4.359924085357354,6.1086508623864315,-1.7487267770291055,1.1570287728683546,0.03896133841103641,2.0645949824958896
257,4.678795216971869,6.115428102647206,-1.4366328856751807,3.158735717890952,0.122211451165117,1.5455575863182311
258,4.303708260439455,5.824192927239798,-1.5204846668004848,2.35851720030783,0.0915789940445282,1.6871266895353747
259,4.77601896851734,6.2974483628138795,-1.5214293942965469,1.7290188799051585,0.07134280911849485,1.8032891920782814
260,4.318247499534712,6.049686812917619,-1.7314393133829071,2.5201172191702668,0.07917553546268481,1.7554899660762706
261,4.233773353318659,5.798805709466107,-1.5650323561474124,2.942588133076111,0.10395544375154443,1.625972790625009
262,4.707417952520748,6.186374521840234,-1.4789565693195073,3.7636418151054443,0.13275468188564432,1.5033272289606172
263,4.769668794830116,6.153189897124056,-1.3835211022937983,2.877009508125827,0.12003280224632924,1.5546359270363723
264,5.086699066328768,6.576699667211768,-1.4900006008831497,2.887531682189792,0.10954463134450038,1.6002432480560151
265,4.544496557812456,6.089798685395861,-1.5453021275834544,2.3713808063049626,0.08982639935828549,1.6963141648138538
266,5.092132056570838,6.789458807098233,-1.697326750527509,2.2441724122695597,0.07427765161441371,1.7848993038377945
267,5.356416553147076,6.866774429831748,-1.5103578766845658,1.7437072494288373,0.07267665080349296,1.7948559687482417
268,4.400047422499531,6.203079963640972,-1.8030325411414196,2.382251089200242,0.07059795759303913,1.8080548928886246
269,4.227260392614928,5.647601116608476,-1.4203407239933767,3.187749147467134,0.12469058986183183,1.5353796890126263
270,4.505455133957687,6.100650187399266,-1.5951950534415573,2.182762650249849,0.08016376699277286,1.7497366469362279
271,4.902992758824032,6.526679042168466,-1.623686283344341,2.852006641960422,0.0963918270381917,1.6626035150615006
272,4.51150140164855,6.189377223364692,-1.677875821716043,2.520694961999528,0.08324361400034123,1.7321682290213332
273,4.662913216140899,6.2367859507542445,-1.5738727346135875,2.4040286974867904,0.08837104626209603,1.704053748712428
274,4.950943403453314,6.321292962882181,-1.3703495594288597,2.6612602818494793,0.11506747816902126,1.5758191917157234
275,5.003358141594438,6.513046554892965,-1.5096884132985906,2.709183989559321,0.10273096152261259,1.6317556976186653
276,4.69158282599806,6.395885644784469,-1.7043028187863456,2.4640070034477652,0.0797215447200942,1.7523040226333804
277,4.429279212133954,6.1281889603614825,-1.6989097482273792,2.029780761521401,0.06813380545441725,1.8241208407933949
278,4.234602319407761,5.877712471896777,-1.6431101524890437,1.5601560114303261,0.05746827247587008,1.8997321994559355
279,4.953835324171498,6.4622325848728135,-1.5083972607014857,3.21678662278649,0.1164330046847084,1.5699230917360232
280,4.7398936144557435,6.27749387948767,-1.5376002650318696,2.4393448838516782,0.09248499614589636,1.6824325389120773
281,4.50306163556734,6.147009862849833,-1.6439482272821806,2.892098641481155,0.09569000271034102,1.6661175547548546
282,4.639156102334303,6.296701546234493,-1.6575454439002897,2.049353449306544,0.07157362270896232,1.8018206818466738
283,4.850029393446496,6.46928672481153,-1.6192573313649063,2.0326491954444776,0.07384416115624354,1.7875777296086304
284,5.037512680530474,6.529122914752881,-1.4916102342226623,2.488751047991091,0.09803670886041682,1.6544470724795246
285,4.472439363236893,5.971303696186316,-1.4988643329493243,2.3413707642641874,0.09295644527396066,1.6800044738715323
286,4.804190882491005,6.5842735440791795,-1.780082661588267,1.9622590537869762,0.061002120324599285,1.8734800845806747
287,4.965267004585078,6.57155191280126,-1.6062849082161392,2.8594986218969254,0.09809456019323402,1.6541622033851175
288,4.922632702525609,6.599532609488049,-1.6768999069624897,2.5393629642730247,0.08381693809099373,1.7289561797113973
289,5.076237737014301,6.466011733113744,-1.3897739960991657,3.2060071222608855,0.12845401609602852,1.520226672184074
290,4.568910206692456,6.354381037640776,-1.785470830948043,1.1353115882609401,0.03670146809482711,2.0890694924174853
291,4.580136901659719,6.20578907636161,-1.6256521747018269,1.9677274456053553,0.07141487877546528,1.8028302442151112
292,4.77606399573124,6.377128212979946,-1.6010642172486769,1.9746516993145455,0.07341480947303888,1.7902432843144196
293,4.526833755220016,5.970527569370338,-1.443693814150265,2.3916419021884074,0.09953074324581987,1.6471328454934204
294,4.435584229038616,6.148433124548253,-1.7128488955095236,1.9859808445134242,0.06594730882625495,1.8387816464011668
295,4.4567904016565105,6.055975724318634,-1.5991853226621515,2.5343831399343557,0.08994934511790965,1.695664975152769
296,4.505752985166103,6.232561157027481,-1.7268081718614212,1.681856116159917,0.05620625290375637,1.9094330328036146
297,4.86379481262002,6.447268286589553,-1.5834734739696614,1.6371603526726766,0.06384043251342507,1.8532925912155633
298,4.778635364390132,6.300598767944839,-1.5219634035547642,2.381689497863924,0.0921432532375757,1.6841988096378204
299,4.631507038903967,6.29577971437365,-1.6642726754696469,2.0556622300956207,0.0712812062937037,1.803681787264466
300,4.780924726055039,6.224950313417763,-1.444025587362603,2.392324484413198,0.09952075180258056,1.647181467865337
301,4.419456062686825,6.237350590416616,-1.8178945277300045,1.8653199711988577,0.05612167951597981,1.9100895868971723
302,4.7683339885900775,6.3601552386503055,-1.5918212500603204,1.725851840549847,0.06619186053344807,1.8371221798662518
303,4.279638034269331,5.949440258093544,-1.6698022238240355,2.025129840512765,0.07000166928473721,1.811899871431745
304,4.56439423446823,6.169672000462013,-1.6052777659938329,2.378654629046178,0.08506704997341508,1.7220136271516306
305,4.940274309962936,6.4877424991090304,-1.5474681891462296,1.9239403011060539,0.07584549397562039,1.7753173999291822
306,4.70293326527308,6.193895056530421,-1.4909617912571775,2.2966037468732097,0.0922823413246014,1.683479310192841
307,4.709210581778327,6.333036112852183,-1.6238255310738623,3.1608254393109014,0.10416626224330759,1.6249826195758779
308,4.4457747830018,6.046776714785976,-1.6010019317841397,2.8619114498566596,0.09862018406595774,1.6515800776651048
309,4.960728945353187,6.444859596353522,-1.4841306510002141,2.562010353689871,0.10088570237694995,1.6405748347382456
310,4.524893567123902,6.039556421402322,-1.5146628542784129,2.1212542844363966,0.08477095108458524,1.7236505276601295
311,4.396619876632533,6.0266453933554,-1.6300255167227533,2.0587764692448687,0.07383729196242153,1.7876202759216862
312,4.804428591546005,6.458806081840427,-1.654377490294337,2.4878311192752776,0.08419418416918202,1.7268523486820915
313,4.61643277087733,6.296570825105446,-1.6801380542281095,2.422353724430341,0.08042538844199137,1.7482231847591125
314,4.631961503378809,6.287785109192098,-1.6558236058131115,2.593852242564271,0.08693416804000503,1.7117965502754868
315,4.852284574078615,6.45950132589916,-1.6072167518207152,1.5803318206973351,0.06038677208755148,1.8779590148103433
316,4.862378364033978,6.287348212246185,-1.4249698482121858,1.992908198787255,0.08823775325293112,1.704767724515964
317,4.856056925373926,6.258199347655916,-1.4021424222819405,3.9178932916249494,0.14472149614982263,1.4584320345530328
318,4.796334011578713,6.340883361790736,-1.5445493502122645,2.5845591710962346,0.09605318547930175,1.6642965302104686
319,4.935748045536732,6.602303877118869,-1.6665558315824,2.1004133102217253,0.0724179593600549,1.7964815818165059
320,4.6939795390790575,6.204297221067739,-1.5103176819886812,2.2498237102970258,0.08915233852200231,1.6998861714871238
321,4.929132271311849,6.563373051556239,-1.634240780244454,2.2280686993212058,0.0784828380830005,1.7595576461085833
322,4.624457039778283,6.143450298767609,-1.5189932589892123,2.721123732904104,0.10220290761879462,1.634266485541938
323,4.927541451608297,6.517680903035297,-1.5901394514269214,2.643198555518893,0.0937146230433245,1.6761203418657942
324,4.715708121344781,6.260076524863342,-1.544368403518547,2.180582496377255,0.08416414793303335,1.7270195752827966
325,4.540711787158264,6.238491490487389,-1.6977797033291608,1.2965641343650702,0.04585660022867058,1.9967108736289665
326,5.182294749332689,6.723623187639182,-1.5413284383064365,2.221381694952541,0.08566220252410872,1.7187373790590665
327,4.842625665978224,6.449144324721358,-1.6065186587427434,2.318028329509154,0.08323052911855795,1.7322417459655324
328,4.5220976746882595,6.161362878208861,-1.639265203520381,2.9611907394112897,0.09784227017708752,1.6554055045188598
329,4.369693056323333,6.065273286340462,-1.695580230016958,1.7093259879314004,0.058909931975961394,1.8888649132914863
330,4.816290900771994,6.472245917799929,-1.6559550170277362,2.5186956470669806,0.08490626654412349,1.7229019008924418
331,5.135786723707772,6.691979228699813,-1.5561925049921683,1.721631670001365,0.06855635897633862,1.8213323025911305
332,4.583617132268776,6.2227520460745165,-1.6391349138057194,1.9788271409069758,0.07078791423365993,1.8068356123739202
333,4.7280207606113915,6.151522098534391,-1.4235013379229713,2.26307486766801,0.09735765673425703,1.6578009142677488
334,4.604808621946907,6.264488512766567,-1.6596798908196888,1.3004250403435051,0.04797596719114991,1.9775812413510523
335,4.2192702697353095,5.779280442925971,-1.5600101731904488,2.4218702026423102,0.09005316117554085,1.6951173518841811
336,5.159462663516072,6.736899637220821,-1.5774369737046072,2.8514728873562802,0.10043360933798054,1.6427551199163595
337,4.78776681278787,6.478468062988098,-1.6907012502001635,2.406653417740351,0.07920425048408748,1.7553219706445753
338,4.3391641490482495,5.918641178879751,-1.5794770298316507,2.008375613385862,0.07607404441995382,1.7739341425116633
339,4.545600818829419,6.164569148659579,-1.6189683298300679,2.3284130031866823,0.08254261461123868,1.7361200232394596
340,5.1718959908667355,6.762523445976461,-1.5906274551095976,2.1390527481614576,0.07921191708402116,1.7552771260603743
341,5.133429962773382,6.605828926044934,-1.4723989632714165,2.2852325391008357,0.09358146631685454,1.676800671925472
342,4.925496655395639,6.648358830156793,-1.722862174761076,2.1247519108769453,0.06918427732079264,1.8172144886774109
343,4.697276360794424,6.310867431102045,-1.6135910703076206,1.5848773395592275,0.06012732864978985,1.879858767503889
344,5.009832063641673,6.740745929942973,-1.73091386630108,1.5695801569693053,0.05260760087831347,1.9381280596428325
345,4.343588185991441,6.076156783360721,-1.7325685973694362,1.692025367357683,0.056168888138148895,1.9097229987839428
346,4.617250984007844,6.198681743398749,-1.5814307593909689,3.0275977514441053,0.10465811729716419,1.622678651825605
347,4.982637807920403,6.680107224690159,-1.697469416769536,2.6805968078920266,0.08590283738902828,1.7174179329299797
348,4.777135733787238,6.3596485065189565,-1.5825127727318886,2.3848375722711843,0.08710070660244074,1.7108938691263147
349,4.343654162620899,5.963298749523416,-1.6196445869024956,1.8851699952239152,0.06930939735480172,1.8163976374576782
350,4.425545195910265,6.245755140861162,-1.820209944950875,1.2493979103929433,0.03864164299984294,2.06798277346086
351,5.059956906218124,6.54516828934875,-1.4852113831307179,2.140532795896455,0.08787703054599329,1.7067042840677804
352,4.362599524045711,5.977436107228227,-1.6148365831822957,2.4673395999831946,0.0867933810230905,1.712560740996609
353,4.8755996520406395,6.1229018771146695,-1.2473022250740087,3.2550916130447973,0.14620635399521728,1.4530626718347834
354,4.35645762418226,5.908552049040727,-1.5520944248582964,3.092191177825285,0.10903154752484791,1.6025612823834423
355,4.601951738765413,6.275698412409701,-1.673746673644473,2.3921420404378004,0.08008787085075329,1.7501764518064133
356,4.257603344750853,5.782471000179049,-1.5248676554281246,2.642284437220315,0.09945053955701316,1.6475232587093682
357,4.439406913412361,6.009220193508666,-1.5698132800964686,1.5203188341868064,0.06078991054916913,1.8750204476492172
358,4.164631279635435,5.889075278027979,-1.724443998392644,2.1149345751668562,0.06880440683045336,1.8197019459242851
359,4.880661553876783,6.353438063869559,-1.4727765099928547,2.915078007606734,0.11198172780398434,1.5893485305515294
360,4.794032016219992,6.277835122276114,-1.4838031060560297,2.3195352570657093,0.09362579201398333,1.6765741150008968
361,4.73613701933464,6.334600580062853,-1.5984635607283053,2.5563107214229603,0.09061779912366268,1.6921477860674656
362,4.18506855577589,5.8217445900963,-1.6366760343205442,1.800044032266083,0.06549199152886186,1.841884874536194
363,4.851507643172274,6.573258403030669,-1.721750759858196,1.912018774685265,0.0632477614658942,1.8574457584197972
364,4.628752519225193,6.22470965617112,-1.5959571369460264,2.2856802635631404,0.08313459808381161,1.7327810172296838
365,4.559861502288461,6.325176840003051,-1.7653153377145827,1.9440820503462426,0.06141061021965642,1.8705274395658453
366,4.686594341467119,6.081845769849648,-1.3952514283823803,3.2545666412044305,0.1291455359986382,1.5174800129932065
367,4.865479155090545,6.4808644258880985,-1.6153852707975602,2.672604750067247,0.09236619024737518,1.6830459823659163
368,4.100113740200234,5.941975397142711,-1.8418616569424557,1.8866174483053904,0.05533331482693941,1.9162497406358392
369,4.947112905143788,6.496412279127318,-1.5492993739835583,2.782606062285062,0.10112114527802915,1.6394424581615339
370,4.763886459969902,6.180755377990705,-1.416868918020782,2.981025814301862,0.119461653851104,1.5570371988037064
371,4.740391839287943,6.49964091107268,-1.7592490717845521,2.7174156382092995,0.08210092628517968,1.7386239764519755
372,4.8145603570847495,6.47893213579661,-1.6643717787119385,1.7487713261211262,0.062079105813178784,1.865730317136695
373,5.074150501980105,6.53794144980562,-1.4637909478253732,3.300657459897444,0.12307912665863867,1.5419772310576507
374,4.846136140075535,6.285859619402073,-1.4397234793266307,2.2557729307961054,0.09561779876850901,1.6664802496599658
375,3.917704883263744,5.644574783244961,-1.7268698999812386,1.6422481515053846,0.05502138357084336,1.9187073281796312
376,4.360042209814358,5.982333125668871,-1.6222909158543644,2.264176887862117,0.08044034475947055,1.7481367844057467
377,4.585094276568546,6.132085864083654,-1.546991587515322,2.027058938734033,0.07917408700924901,1.7554984414749464
378,4.39578069785289,6.089431355709946,-1.6936506578572335,2.262596769155653,0.07505182896735903,1.7801474737455403
379,4.793286098837418,6.407409976584438,-1.6141238777470335,2.6486779027989513,0.09182802515738957,1.685832712206632
380,4.795627314016931,6.356848893133643,-1.5612215791165909,2.299830084036625,0.08637317743741174,1.7148475695332135
381,4.388513354997306,6.280224873883801,-1.891711518886268,1.8536057987791388,0.05175525993534535,1.9451638602800658
382,4.534580398965138,6.003926867127182,-1.4693464681620299,2.932591007849556,0.11280016454930696,1.5857317899357926
383,4.612830373744194,6.141215098790772,-1.5283847250466351,1.9683846203623574,0.07876836256933493,1.757877455354614
384,4.4326846785389105,6.181126177636207,-1.7484414990972255,1.0436321390583494,0.035361490929966426,2.1041944218614566
385,4.692026123194912,6.200737822187056,-1.5087116989923288,1.936795944687038,0.07930269589362551,1.7547463976859932
386,4.96329832124575,6.510745885764441,-1.5474475645185066,2.0936375529682465,0.08122667920982907,1.7436125169034717
387,4.242997409733382,5.85888730481634,-1.6158898950830007,1.545707782528929,0.05868831132866298,1.8905210252528184
388,4.96795069326736,6.406367973346134,-1.4384172800789656,1.9989124216893757,0.08726196655917873,1.710021125870986
389,4.614289783850429,6.285762271769725,-1.6714724879193454,2.3988280608368555,0.08044352426436022,1.7481184185752898
390,4.874084519067813,6.441158944348151,-1.5670744252802251,3.2629277455212105,0.11190839210420912,1.5896736236521853
391,4.642625597298823,6.216922277820805,-1.5742966805219112,2.917059073394771,0.10244376481559868,1.6331199819151065
392,4.7620618096721525,6.356296794333394,-1.594234984661398,1.8389697436996713,0.06966177220974037,1.8141036339600332
393,4.654646834281996,6.263149773433552,-1.608502939151549,1.8709985324487874,0.06965643234898643,1.8141383259350983
394,3.8953279645173127,5.617171607705691,-1.7218436431887767,2.503254423184611,0.07944738314254492,1.7539015198231223
395,4.417969717341341,6.039933370010514,-1.6219636526691374,1.980903495413493,0.07208085647459679,1.7986070809202332
396,4.997524850137372,6.5185233709496995,-1.5209985208123271,2.2159732971386,0.08719786210482192,1.7103679049216385
397,4.026757449329628,5.719681545943287,-1.692924096613524,1.8320625764877398,0.06276036244029229,1.8608853967426322
398,4.186878038180387,5.846120882281047,-1.659242844100845,2.6627702862467153,0.08848413661194353,1.7034486676305398
399,4.615381464229179,6.2523471191449485,-1.6369656549156844,2.327394657650455,0.08110766554315929,1.7442949858244252
400,4.277760872985757,5.832285401985997,-1.5545245289999912,2.8423704249227697,0.1022594144857016,1.633997314492275
401,4.758590086656843,6.271152338183546,-1.5125622515267878,2.3435920632600826,0.09182006423343848,1.6858740338831564
402,4.639223102245117,6.170697000353021,-1.5314738981078335,2.079758425226583,0.08207909996466424,1.7387479939208255
403,5.075906733796549,6.713355644473991,-1.637448910677449,2.318457213888788,0.08081759805883011,1.7459617530383131
404,4.4674520990116005,6.243357411325915,-1.7759053123143076,1.7380064966428144,0.05499148827018515,1.918943471309383
405,3.7725000216567453,5.445645491417364,-1.673145469760584,1.884878133655441,0.06563029709743547,1.8409403733037015
406,4.570389493334508,6.12011689124987,-1.5497273979151487,2.813900443316953,0.10193028709936604,1.6355667828614844
407,4.656901446415125,6.1158856366934256,-1.4589841902782155,2.6582088300450124,0.1060775152409403,1.6160776987570737
408,4.923996639755435,6.686771799895615,-1.762775160140336,1.428845779094491,0.04666744039557195,1.9893059767038068
409,4.309357054711247,5.79467775243573,-1.485320697724319,2.3297492140273484,0.09380474991712351,1.675660301651298
410,4.892395293350594,6.539287458146154,-1.6468921647954176,1.7134845677670825,0.062112477771521554,1.8654919624639485
411,5.1821100036591385,6.500902085816895,-1.3187920821574153,1.8518594596950493,0.09289015951474994,1.6803452617471049
412,4.366109907537796,5.962696223902475,-1.5965863163646645,1.8774965932600658,0.07071265057208262,1.8073183881960226
413,4.560644142832691,6.1632469070095635,-1.6026027641767087,0.9627924972134885,0.038915830042652345,2.065075786703057
414,4.64459095953139,6.372782804838527,-1.7281918453072649,1.0325308577316044,0.03583949023285779,2.0987438128667475
415,4.267637982434101,5.844056231294912,-1.5764182488605911,2.0204092072906796,0.07668091704929661,1.7702775439019167
416,4.979199186547524,6.627570195138437,-1.648371008590857,2.6305258510773903,0.08851242929542961,1.7032973873281283
417,4.746786010847748,6.412531200901702,-1.66574519005394,2.237261378126373,0.07638462368983562,1.7720598446867954
418,4.7252474276966066,6.162567210140429,-1.4373197824438648,1.9263468407128563,0.08487000436901507,1.7231024250580336
419,4.434870757188085,5.960068208276281,-1.5251974510883883,2.1546561495782264,0.08494368980403055,1.7226950287241414
420,4.263657997086105,5.87254292721409,-1.6088849301279424,2.004625091194761,0.07375774343352062,1.7881132183283304
421,4.6089342868945575,6.175840059575007,-1.5669057726804567,1.4315654451293618,0.05788784009610299,1.8965463275351642
422,4.173496059153242,5.604306959957951,-1.4308109008047722,2.318675330458259,0.09845142264604613,1.6524079172421604
423,4.641631525936466,6.135384830167835,-1.4937533042316318,2.1983676883035272,0.08897647772443991,1.7008216758184622
424,4.59676981448529,6.303475727910898,-1.7067059134255942,2.2867785804309833,0.07477449043681689,1.7818451299871294
425,4.893055444470795,6.465582038611549,-1.5725265941407542,2.9976957857192126,0.10470290799805267,1.6224692688432645
426,4.658320081615377,6.43085594604632,-1.7725358644308926,2.0471809886192744,0.06379088425528388,1.8536385798013397
427,4.784923209788351,6.379255645384751,-1.5943324355962432,1.7478840570689975,0.06673325701993413,1.8334662915390785
428,4.649617813369607,6.167447651237763,-1.5178298378682484,2.468780853498714,0.09508463955381126,1.66916522615798
429,4.678315535565664,6.306564875017157,-1.6282493394514859,1.9438673588085322,0.07050344359223291,1.8086625555748834
430,4.838073581288247,6.433271351508685,-1.5951977702204658,2.5953779315666914,0.09197138764298952,1.6850890723847765
431,5.007904924875268,6.527269590735072,-1.5193646658599391,3.0465945001422483,0.11096691879450951,1.5938621268407118
432,5.014603900475825,6.809404550031692,-1.794800649555782,2.0201833250845347,0.06167068848208424,1.8686560057018287
433,4.605746184428474,6.245896921032026,-1.640150736603573,1.7312986899622373,0.06311166063100951,1.8584040285945391
434,4.619248989946575,6.466367197663464,-1.8471182077169033,2.697628529686746,0.07531670771179835,1.7785308628326484
435,4.744910217932604,6.458801664169625,-1.713891446237085,1.4614908612477997,0.05023781868590211,1.9579334801836614
436,4.4378290317695726,5.9421309190296565,-1.5043018872599987,2.4095007368636594,0.09453080428706176,1.6719671281069062
437,4.421590390389886,6.1705654619387555,-1.7489750715490118,1.5065934568228094,0.04972233205555346,1.9623449946718063
438,4.690109075700596,6.370828222628466,-1.6807191469276859,1.8756203178215038,0.06485147718836044,1.8462805719263229
439,4.20800684392457,5.8410558059202184,-1.6330489619956552,1.8550426856507585,0.06744346575285894,1.8287073169974872
440,4.6959944201515125,6.321243508169621,-1.6252490880181085,1.657967157629848,0.06175384300944118,1.868059032706945
441,4.715314716558899,6.295471989492176,-1.5801572729333202,2.2830986588930386,0.08432903695613911,1.7261021509086496
442,4.53462874845882,6.229110073313882,-1.6944813248549053,2.7379677307531125,0.08760733328912826,1.708156361318339
443,4.702001996964375,6.008445536106079,-1.30644353914181,2.942620373734311,0.1303832425635767,1.5125923342815397
444,4.8626953369087484,6.483441259996011,-1.62074592308727,2.866039846058218,0.0970085100466125,1.6595326353030033
445,4.968703486318466,6.302002292413112,-1.3332988060947173,2.0563040276527857,0.09899471535234203,1.649746890371955
446,4.435005160411313,5.997094117622693,-1.562088957211472,2.1615864679470214,0.08214641496401508,1.7383655950268246
447,4.552070085405424,6.124701151038371,-1.5726310656330043,1.9184315061748336,0.07376457544339635,1.788070865007617
448,4.484753208991199,6.200702962995058,-1.7159497540037592,1.7314373677606376,0.05832947904092133,1.8932135284175473
449,4.596514271089111,6.117246488607497,-1.5207322175183435,1.9367548884058223,0.07834470137349756,1.7603723082675848
450,4.539864116141237,6.31476756859667,-1.774903452455419,2.3340382224340104,0.07126163700836649,1.8038065606449991
451,4.493261157674445,6.146256192113404,-1.6529950344390727,1.4461735810237997,0.05316914912966108,1.9335445615477849
452,4.443750459530568,5.799522929002974,-1.3557724694721855,1.543594911178456,0.0775533460101764,1.7650620014080978
453,4.516835536915599,6.165463410534562,-1.6486278736190343,1.5513570773716374,0.056846707689151885,1.9044876184456547
454,4.638731488656552,6.245989344545192,-1.6072578558887471,1.902817900871689,0.07073854417502519,1.8071522471596513
455,4.400102207205057,5.96892226497941,-1.5688200577742464,2.5917231819214024,0.09412964865699067,1.674004837373905
456,4.386775867156123,6.110813805636573,-1.7240379384802509,1.7994978387201677,0.059841595312944466,1.8819589066891598
457,4.337396863337792,6.016895742277063,-1.6794988789392846,2.428182164678507,0.08063184681285526,1.7470316579087317
458,4.987661271492518,6.3411797505621035,-1.3535184790698622,2.20363235321701,0.10212417458794795,1.634641728697305
459,4.505990661329681,6.175171776693231,-1.6691811153634717,1.643642605770534,0.05851582455662395,1.891813570479303
460,4.575302707882932,6.502614827555858,-1.9273121196729335,1.9703446021203703,0.05281015585787561,1.9364700614991983
461,4.751750763932753,6.2903026926051435,-1.5385519286726321,2.181092084671338,0.08465790284710221,1.724276703485174
462,4.437252676845267,6.032542965051489,-1.5952902882061153,2.8017527647499705,0.09753730224145128,1.6569118301319912
463,4.025116926820877,5.576058849064706,-1.550941922244192,2.178859889333978,0.08357443321877792,1.7303126355739031
464,4.654053383844532,6.262528740775386,-1.6084753569309669,1.9691332008571365,0.07270127298783868,1.7947014903091723
465,4.1569784173003,5.7507878515983375,-1.5938094342980094,2.248875041711621,0.08222791413808887,1.737902959472876
466,4.551429258604733,6.17314195216697,-1.6217126935621309,2.490432051760177,0.0868763386877665,1.7121103265101203
467,4.8038167305117465,6.411373028176262,-1.607556297664587,2.068995098489932,0.07580923540634191,1.7755371603835022
468,4.986454440305172,6.3900839148398685,-1.4036294745346822,2.45135550775154,0.10524146103356943,1.6199572472645598
469,4.594066004004665,6.305897509482987,-1.711831505478358,2.2562522872071256,0.07357423732948944,1.7892520201116477
470,4.7604191442529125,6.409918282346494,-1.649499138093688,2.1862334915558606,0.07613320482681032,1.7735766380120104
471,5.178004406070661,6.839907818564816,-1.6619034124942118,1.8989223311846324,0.0668071333638421,1.832969322484597
472,4.689675413980515,6.324452146932613,-1.6347767329521048,1.153835194181685,0.044261079382196214,2.0116098583387805
473,4.57920472665119,6.317365737063538,-1.738161010412341,1.3016347136872533,0.04399857222756569,2.014104413808678
474,4.55067185613739,6.0107537806813465,-1.4600819245438288,2.927684775026119,0.11358674925709956,1.582275245702122
475,4.9634081821052884,6.529041841468404,-1.5656336593631295,1.6884301283862797,0.06677843197031076,1.833162344104
476,4.487580204905319,6.286155487474074,-1.7985752825688905,2.012235966592293,0.06122567370847887,1.8718621755067528
477,4.3408016703588626,6.028956699202558,-1.688155028843994,2.1531869193162763,0.07238934303426424,1.7966616982627557
478,5.271107772368898,6.8477385442125875,-1.5766307718433836,3.7245934087688823,0.12190598787901397,1.5468227703733122
479,5.038309152229024,6.663934767199455,-1.6256256149706587,2.4090577117019727,0.08429601639165915,1.7262857573694217
480,4.091346958621491,5.703132156523628,-1.6117851979022362,2.301198251526568,0.08232852203525605,1.7373323644876661
481,4.444423374376404,6.199492979674352,-1.7550696052978765,3.4604391228924527,0.09980535008668137,1.6457980200058475
482,4.379257290048875,5.945226589641967,-1.5659692995930072,2.321317327678333,0.08661569120374804,1.7135266697603588
483,4.3778368305684605,5.866454014878469,-1.4886171843102147,2.540887179522464,0.09985002110531142,1.6455811575303556
484,4.897671397671777,6.34370236956819,-1.4460309718963344,2.1973089291751435,0.09316091692081441,1.6789544730352997
485,4.319005694362707,5.9940238053184896,-1.6750181109557616,2.1552285114833794,0.07338408399007174,1.7904345264635788
486,4.6371838177427005,6.197155921902228,-1.5599721041596695,2.265827841303455,0.08546385449521571,1.7198272126248657
487,4.564020770779782,6.3476375404088525,-1.783616769629134,2.03742691303988,0.06282902664655993,1.8603994910636594
488,4.444453261952097,6.223235917197014,-1.7787826552448678,1.4675350392009818,0.047005291809107015,1.986252520009866
489,4.075375315157364,5.718927391285545,-1.6435520761283442,2.4291568846691156,0.08343733449313374,1.7310809109684506
490,4.7066127005221485,6.339595812247287,-1.632983111725025,1.9738954864771685,0.0710771981912189,1.8049839208640288
491,4.446311341895401,5.993905699163525,-1.5475943572682809,2.593980651321889,0.0960502486558313,1.6643112335346535
492,4.547156698848587,6.18208620967089,-1.6349295108223032,1.495122805379392,0.05584453299618869,1.9122469008470524
493,4.453873822665676,5.958003158916787,-1.5041293362512533,1.5161830842482296,0.06510432484455918,1.8445410792837809
494,3.9368213720802516,5.471178748430971,-1.5343573763507266,2.7472754041168734,0.10151568304347271,1.6375496049801912
495,4.704984824240958,6.222068239443727,-1.5170834152029329,2.2331361394924656,0.08805923905531511,1.70572528820998
496,4.840246078593102,6.512852025277153,-1.6726059466841434,2.4116627045976102,0.08070766690145409,1.7465947017977093
497,4.726420043481587,6.296482788054837,-1.5700627445733062,2.4415529273200995,0.08977099388336282,1.696606955794105
498,4.1675339163476135,5.659771211958363,-1.492237295610721,1.5544458665545484,0.06733996026233283,1.8293983123273707
499,4.274639389641427,5.9577259050116975,-1.6830865153704053,2.1459259433886224,0.07254345734407526,1.7956923617542382
500,4.685801548056181,6.303222195830761,-1.617420647774452,2.8926160303613138,0.09798326988491354,1.65471033377243
501,4.816010317533758,6.33083776420129,-1.5148274466675957,2.31146049725373,0.09064971286279089,1.691980389040237
502,4.606432079286881,6.106703810730876,-1.500271731443945,2.3274309024597066,0.09240731096346842,1.6828335876215819
503,5.121593771472638,6.696117924189265,-1.5745241527167764,1.9780539302396285,0.07550354761539513,1.7773933289208186
504,4.935181511953308,6.5050898665218835,-1.5699083545687245,1.8563233411231046,0.07197977829810824,1.7992459847180717
505,4.984846281972798,6.578147219637023,-1.593300937664253,2.224765647249569,0.0815576419514906,1.7417189099150272
506,4.25701634662237,5.879126269939567,-1.6221099233171117,2.033029208048802,0.07364624481245284,1.788804879650854
507,4.64736605626995,6.284663929321388,-1.637297873051466,1.3874301189284708,0.05212769876441479,1.9420776662874222
508,4.66997621066553,6.065938724631122,-1.3959625139652871,2.2298331908469073,0.09887596427200639,1.6503275311406411
509,5.342794848406632,6.795560968314083,-1.4527661199074373,3.7670070025535622,0.135630433546459,1.4922621560000588
510,4.155304203750168,5.85793702777598,-1.7026328240260682,2.2115431683174016,0.07299594248546769,1.7928560621977092
511,4.55782112465686,6.167448413376219,-1.6096272887193663,1.579800202710988,0.060214149548444534,1.8792222735272996
512,4.609021799292853,6.1972749811566015,-1.5882531818635925,2.327669725788386,0.0849765670874378,1.7225133470905438
513,4.480208487289749,6.2589412250037935,-1.7787327377141082,1.8039150751851487,0.05669021428438002,1.9056917192947649
514,4.499925256143618,6.203661968780237,-1.7037367126367826,1.79511841781283,0.06097551517362335,1.8736729592667851
515,4.352678300044593,6.039385126533146,-1.6867068264887166,1.5722936967091599,0.05523120025633189,1.917052988172501
516,4.557272153782881,6.255088255597277,-1.6978161018146238,1.461017337218884,0.05110648689986229,1.950584547229205
517,4.426962397521995,6.109538880990469,-1.6825764834684378,1.39599698164686,0.04987334684964038,1.9610486598672854
518,4.801117955273005,6.364517245262801,-1.5633992899897748,1.3573011108179855,0.05547202946059125,1.9151605685113346
519,5.017217321564706,6.599904398597017,-1.5826870770324604,1.2876461537632053,0.05182787654721388,1.9445606718493174
520,4.418720323742994,6.120361896164864,-1.701641572421977,2.062058229035838,0.06886890247795378,1.8192788234365287
521,5.210120451694413,6.6773928572913785,-1.4672724055969866,2.727024345832522,0.10725916466126253,1.6106356232848211
522,5.022330692896324,6.633395011564451,-1.611064318668241,2.3021541027955976,0.08241294826547382,1.7368539795030875
523,4.668000663899468,6.360802924432454,-1.6928022605329716,2.3395668271968546,0.07722698991183492,1.7670073946318972
524,4.577345059193524,6.138009483536257,-1.5606644243428036,2.559685906591909,0.09393790882294861,1.6749812587070578
525,5.036833180935266,6.60555411103042,-1.568720930094969,2.2834449517569233,0.08527030069160697,1.7208926769385267
526,4.644918255342693,6.203364379909024,-1.5584461245664443,2.2600069613723726,0.08541523116667164,1.720094688027426
527,4.442647013533863,6.231465903119043,-1.7888188895851727,0.9279307471429696,0.030143489518651482,2.1681997804931163
528,4.526786816927645,6.294899336607861,-1.768112519680244,2.1852902644034344,0.06779894896400761,1.8263407612983804
529,4.060855340777428,5.618882973095259,-1.5580276323178168,1.8415403200001812,0.07237830148537058,1.796731211399801
530,4.699921184477764,6.181875872942291,-1.4819546884643842,2.7191007133989977,0.10562314038846198,1.6181831160285696
531,4.849495201076072,6.104901077186097,-1.2554058761099895,3.0411508920008252,0.13918861356344117,1.478819309802248
532,4.133124084933845,5.856115405935908,-1.7229913210019276,2.0591175808788655,0.0673442549147278,1.82936962415791
533,4.457964067704827,6.100319536373759,-1.6423554686689386,1.6279452383244717,0.05969453011383447,1.8830430791239283
534,4.415301151996394,6.013541166490532,-1.5982400144939675,2.2919547890482725,0.08313520829410638,1.7327775853718037
535,4.773630219483087,6.195046606417504,-1.4214163869344247,2.51948565863108,0.10559842378559178,1.6182978501749083
536,4.741176772133306,6.360597363928553,-1.6194205917952331,1.7025685985257617,0.06356998069326607,1.8551838248727102
537,4.740449555029093,6.448744570728854,-1.7082950156996048,2.66015866171087,0.08453471727914497,1.724959800760521
538,4.001276143635598,5.4757986211357785,-1.4745224775001589,3.3678727265133475,0.12367036213490291,1.5395488483499824
539,5.120487115876633,6.69475889843808,-1.5742717825614818,1.9794765114970758,0.07556726587394103,1.7770059196249233
540,4.788846641677585,6.2532889205669715,-1.4644422788894644,2.5181222159535857,0.10142939819272893,1.6379630680877217
541,4.139905476652578,5.749893695633899,-1.6099882189812433,2.1496698637932106,0.07803835905528222,1.7621831441724443
542,4.8267412195569275,6.446022756253518,-1.6192815366966897,1.924423649855349,0.07054684271300109,1.80838344493872
543,4.106379058468795,5.82945562244071,-1.7230765639721994,1.7191533472049763,0.05753507649234768,1.8992236498707815
544,4.856624776343599,6.61746047915546,-1.7608357028116188,2.64327362399462,0.08014068678007438,1.7498703569202452
545,4.78183147129271,6.275036502282772,-1.4932050309901115,2.450935165138034,0.09676663375277611,1.6607352339099122
546,4.167799823383623,5.685980243272622,-1.5181804198891768,2.093385215778323,0.08359723804583752,1.7301849406499632
547,4.526718120576836,6.134253595242397,-1.6075354746658377,2.9458591680311343,0.10021955589882307,1.6437901538132866
548,4.5845770346641554,6.451466429030068,-1.8668893943658986,0.8769059715503609,0.02600852989969613,2.226084381440484
549,4.961493310533163,6.617700685467538,-1.6562073749344108,2.4866352843832935,0.08401777454414486,1.727835200374447
550,4.77236880234573,6.550913589695751,-1.7785447873500289,2.211363163917799,0.0678030787134032,1.8263133283903428
551,3.9361403403575452,5.643986897032816,-1.7078465566753493,1.7461736493618467,0.0592633654777049,1.8862344694125384
552,4.735913856576692,6.239096563238894,-1.5031827066620735,2.306544705281379,0.0915135359806366,1.6874672819830727
553,4.42927203493837,6.267957700156591,-1.838685665218236,1.4152354193372432,0.04258530815425805,2.027754520519713
554,4.430725221743208,6.078986953682692,-1.6482617319395558,1.9920164013023651,0.0705363622507873,1.8084508345189614
555,4.798318261778425,6.372744683051428,-1.574426421273074,1.967984206183612,0.07519493295365856,1.7792735024457926
556,4.3749757817161505,5.940332322964421,-1.5653565412483204,2.7413683474689137,0.09855701589983411,1.651889809223326
557,4.321938190188169,5.966922297415556,-1.6449841072276286,2.511945177479223,0.08559445320841116,1.7191094016242794
558,4.910191944536839,6.706575285437358,-1.79638334090032,2.3780630901211204,0.07093872774706567,1.8058694903958001
559,4.824989268018319,6.270821973293399,-1.4458327052752793,2.8757464133930988,0.11357350128935674,1.5823333058163347
560,4.737721687070282,6.342721295119558,-1.6049996080491837,2.2292678118576497,0.08077110348747253,1.7462293686754082
561,4.153755149953033,5.836574484266341,-1.682819334313308,2.308777457982444,0.07711878512016752,1.7676538768897347
562,4.182813547320668,5.853944216112607,-1.6711306687921024,2.355705222302184,0.07928559453883147,1.7548463411022983
563,4.842750067544378,6.50301169773781,-1.660261630193645,1.4184616949890128,0.051845837076691756,1.944411592150813
564,4.699744294392806,6.301325736186731,-1.6015814417939964,1.9838436172679472,0.07365980884055581,1.788720691953358
565,4.5639069958383995,6.012193669844619,-1.4482866740061127,2.8365770364312226,0.11222954050440578,1.5882512315042663
566,4.534155197989142,6.2069602975879175,-1.6728050995989179,1.9271213751948366,0.06691047171305839,1.8322749199778356
567,4.5165883367788435,6.155224761632814,-1.6386364248539849,1.609530016445575,0.059338669258366894,1.8856757010814496
568,4.754460522375714,6.264923072119961,-1.5104625497442612,1.7823278958846949,0.07398927797697159,1.7866796624564154
569,4.266307827037101,5.974333810250561,-1.7080259832137017,2.2959588198656498,0.07492989172152616,1.780893248945989
570,4.020102312021711,5.574058530220929,-1.553956218199346,1.4482815455003113,0.05930685472394807,1.8859116991283051
571,4.535097854096696,6.236198784815484,-1.7011009307188942,2.3641831778162867,0.07728484086551966,1.7666620600471443
572,4.487410785586055,6.045511842074424,-1.55810105648834,2.9866782989507996,0.10574493995093841,1.6176180349457159
573,4.735076900301285,6.461847048671023,-1.7267701483697238,2.769458679398724,0.08586693113841341,1.7176146239015766
574,4.4212192057523705,6.184714144586193,-1.7634949388336736,1.77936160520915,0.0568870358746878,1.9041777699467932
575,4.453642688082985,6.0091608289604235,-1.5555181408772114,1.98718074675849,0.07724645035354728,1.7668912042533926
576,4.776750221513387,6.387801059634283,-1.6110508381209456,1.7054831772913062,0.06422293510077004,1.8506290667601202
577,5.1739124799205936,6.6451412335187126,-1.4712287535978703,2.411111389965452,0.09757135850620208,1.6567434297701098
578,5.13345574749251,6.675846541308209,-1.5423907938156844,2.4721232133961912,0.09302261479220356,1.679664478098721
579,4.6611232847031285,6.26517804867049,-1.6040547639672695,2.6002607534320425,0.091358085578297,1.6882769093755645
580,4.719517105996422,6.399032475225978,-1.6795153692298754,1.6721550318259695,0.05876318676985384,1.8899609211097843
581,4.330222781507748,5.898569366096387,-1.5683465845888804,1.0666427116582646,0.04449806780661652,2.0093685044252467
582,5.149395775803262,6.656021052995163,-1.5066252771919153,2.3408927938779343,0.09225817766326679,1.6836042457069922
583,4.541616588584295,6.328394290522189,-1.7867777019378082,2.479432689787977,0.07416782506440248,1.7855766828523458
584,4.593542533446273,6.525389871949612,-1.9318473385030757,1.1949647416239522,0.03266702200102105,2.1361520543708115
585,4.3680180037711605,5.926347360447918,-1.5583293566767225,1.532138912650364,0.06195766684474581,1.8665985743184035
586,4.659225780349791,6.3745755856610895,-1.7153498053112344,2.4836092844677538,0.0794151823602658,1.7540894427979392
587,4.4999986983894384,6.088913005036373,-1.5889143066467568,1.5939363284290629,0.062033418211515146,1.8660568066064975
588,4.332576790518308,5.981398117922295,-1.6488213274039936,2.316452019363169,0.07988714367010644,1.7513412652304117
589,4.7845618998369925,6.448845902995712,-1.6642840031590822,2.280620256468989,0.07771277276441294,1.76411408970812
590,4.800257234586118,6.432402044974721,-1.6321448103885814,1.3141499678136555,0.04994146622645086,1.9604649893258794
591,4.9354825108699085,6.646935024371073,-1.7114525135011718,2.546872705513323,0.08136386663340675,1.7428268391155823
592,4.109741637926211,5.773487017817436,-1.6637453798912247,1.9837706020926973,0.06920793489811115,1.8170599462543533
593,4.1999552480077025,5.52579049939534,-1.3258352513876162,2.366270467365034,0.11038927006170589,1.5964459232168966
594,4.763168969772144,6.419745457527197,-1.6565764877550464,1.9360141173488294,0.06828338239584637,1.8231321229960642
595,4.839884394740968,6.41848603166442,-1.5786016369236222,1.88440679072378,0.07224008196394237,1.7976021212340616
596,4.95516542789351,6.503864059902574,-1.5486986320090637,2.787079942732163,0.1012972825753655,1.638596687977812
597,4.654932497855546,6.078880444578266,-1.4239479467228193,2.1366231347723783,0.09317869365663738,1.6788632735292792
598,4.38916766133689,6.208713415619178,-1.8195457542822169,1.3052454365079527,0.040301929020489895,2.050640912854889
599,4.378174960252002,5.989941594594262,-1.6117666343425299,2.129250091099909,0.07729640838137043,1.7665930343671223
600,4.858936636302181,6.296253000787649,-1.4373163644854685,3.2021406033528486,0.1232837548384258,1.5411357326843056
601,4.4966603259791125,6.122528366399498,-1.6258680404203005,2.1012151440663445,0.07540511369484898,1.7779923355642386
602,4.678734306490062,6.24085632333213,-1.5621220168420678,1.8460787798115028,0.07222272818894179,1.7977115623306636
603,4.746389261874858,6.512722206813725,-1.7663329449389948,1.731806154635283,0.055363247529606585,1.9160145199565621
604,4.535813182100176,6.215589369914893,-1.6797761878146957,2.0581533206696747,0.07026515702704697,1.8101975525577345
605,5.0706390972266515,6.791195265473574,-1.720556168246958,1.3800057122727338,0.04733910806431986,1.9832536125365043
606,4.8540101091714885,6.505471106733195,-1.6514609975615713,2.423012553979639,0.08264877300523148,1.7355198256065438
607,4.684055595826569,6.3698802511294925,-1.6858246553031222,2.617719705763985,0.08518620320232635,1.7213562215977734
608,4.71096276190797,6.322180347706846,-1.6112175857988404,1.5943368795477184,0.06059127537875952,1.876466319218927
609,4.4247892867832,6.115864658225574,-1.6910753714423663,1.212114342517694,0.043433207175882095,2.0195199377492212
610,4.794427650111677,6.465903933892333,-1.6714762837807484,2.4502429923021296,0.08184309489818299,1.740090689228455
611,4.476513875580215,6.158184377734157,-1.6816705021540201,2.440890467873963,0.08081033721841087,1.746003537086037
612,4.230577849168688,5.878602843429347,-1.6480249942605951,0.884618175563233,0.0340630578071937,2.1193244372832316
613,4.624606451266166,6.18261828704083,-1.5580118357747779,1.8338432134372944,0.07212859194270582,1.798305605453797
614,4.679873030489764,6.1686891684303315,-1.4888161379406029,2.607532430178644,0.10177541682964827,1.6363066892035854
615,4.411745419988668,6.156040617492506,-1.744295197504016,1.6051298557055276,0.052921247598953704,1.93556298426223
616,4.8312735509141955,6.351524274434061,-1.5202507235196663,2.2200677271963016,0.08738744277231111,1.7093429451172424
617,4.998233264302874,6.483769185147606,-1.485535920844768,3.142494754704746,0.11679242454377196,1.568380219732474
618,4.736327977727845,6.373479493523702,-1.637151515795722,1.5222920509534603,0.05660142722521172,1.9063761003379818
619,4.559159782104919,6.30487334004968,-1.7457135579447822,1.4920689769021465,0.04945931735444683,1.9646106589137258
620,4.482594856948756,6.058356306920627,-1.5757614499718784,2.782667152572987,0.09874834477525014,1.6509521554886872
621,4.862837313216962,6.548648222919345,-1.685810909702468,2.0779760329424235,0.07041473326853784,1.8092335126822054
622,4.853484856582375,6.515318813814444,-1.6618339572321474,2.693860782948171,0.08908928968229701,1.7002213932980146
623,4.375928891000106,5.890916729162944,-1.5149878381630515,2.3337118745433045,0.09131006981613907,1.6885272121899775
624,4.635318164717139,6.028961161291177,-1.3936429965740444,2.6429699470170576,0.11211210835454162,1.588770975210307
625,4.726298805653235,6.2644951188509435,-1.538196313197659,1.827147923665514,0.07338797900639132,1.7904102794026258
626,4.479928605315129,5.973079110050355,-1.4931505047352402,1.0675474979566957,0.04862505131870581,1.9718647232934914
627,4.7115862375240365,6.48990158550839,-1.7783153479845168,1.2387604492843423,0.040172807022459976,2.051967644009381
628,5.014020915899939,6.653048787988444,-1.6390278720884908,1.9759079880497659,0.07070775226294872,1.8073498228120788
629,4.400253906875426,6.030009207250371,-1.6297553003753364,1.2069136633233946,0.046374372135627354,1.9919697944705586
630,4.743429283398703,5.9883737609202665,-1.2449444775215852,3.12986575015076,0.14298965457258916,1.4647481070165795
631,4.964656909100816,6.565396516123853,-1.6007396070231152,2.213989217382764,0.08065508657701892,1.7468976901825755
632,4.243267490121346,6.022188757350802,-1.778921267229407,1.7035283237179115,0.05383952711158368,1.9281254259041
633,4.9158018895437205,6.75984205031998,-1.8440401607763306,2.1378451304278556,0.061750530270653706,1.8680828023937348
634,4.758948801963291,6.4760783563798565,-1.717129554416715,2.675090851903594,0.08423421008276519,1.7266295796261777
635,4.419863086434182,6.113811847466186,-1.6939487610320612,1.730296606924007,0.05964520452683966,1.8834072061428653
636,4.794352387991742,6.5328708865210725,-1.7385184985296291,1.0311748900585407,0.035367273846426954,2.1041281048268465
637,4.757496687238293,6.330088351650927,-1.5725916644125846,2.59510992826414,0.09389772900342293,1.6751860740612328
638,4.81098192554696,6.441665846195873,-1.6306839206490622,1.0870785541559975,0.04210897571177007,2.032441546436473
639,5.056496932116763,6.702942088375179,-1.646445156258551,2.2981681620006,0.07955334810409553,1.7532835477946882
640,4.977923432317587,6.452399214422561,-1.4744757821047187,2.5090940080194777,0.10022121566319288,1.6437821214127275
641,4.409834293476072,6.160627678787533,-1.7507933853114537,2.530081569990781,0.07801425828178934,1.7623258529088501
642,4.632421505751202,6.315474323583578,-1.683052817832504,1.7793428174101784,0.061813080021997674,1.867634171154574
643,4.528821558971961,6.107497611247309,-1.5786760522753411,2.09472250873155,0.07879614050197342,1.7577142586249919
644,4.669549774566397,6.164560141484037,-1.495010366917768,1.9121341815198534,0.0795848192601995,1.7531001415481378
645,4.1883399696508175,5.831595609158631,-1.64325563950797,1.183621805698742,0.044866039069605124,2.00590823891625
646,4.837486080872216,6.354110811600256,-1.5166247307279264,2.2717166954260577,0.08928326731663751,1.699190651086449
647,4.846697266794584,6.227592233285064,-1.3808949664905867,2.166010298210164,0.09818628958000486,1.653710788383005
648,4.54307237209928,6.23520433465046,-1.6921319625512297,2.619104414264502,0.0847293438965954,1.7238809118755851
649,4.401762972275995,6.055973102869954,-1.6542101305938104,1.481098663799166,0.05423785283497636,1.9249321046064165
650,4.412047543490919,5.936729463465921,-1.5246819199749098,1.458056539460241,0.0615870468666212,1.869257148103168
651,4.931808460941786,6.534890611772822,-1.603082150831142,2.1905836143216,0.07978170083443753,1.7519540998348444
652,5.195179320162245,6.768837325492553,-1.5736580053303442,2.865933855740664,0.1011552818359571,1.6392784507546725
653,4.615495119801656,6.4769841389813205,-1.861489019179544,2.0149294864595646,0.05756773182310104,1.8989752378338387
654,4.724180569878902,6.5083102603165965,-1.7841296904377941,1.6253474196402706,0.051315924951541976,1.948828366611576
655,4.640364679369489,6.117115306931408,-1.476750627562069,2.60096392992061,0.1027158247256354,1.631827526881294
656,4.4612537445118985,6.08792042918366,-1.626666684671818,1.741024838334539,0.06431212563747482,1.850009879756115
657,4.486734504292647,6.187934270194011,-1.701199765901265,1.3725740367313826,0.048119952672997734,1.9763075707823547
658,4.436092297906319,6.092094647415783,-1.6560023495094356,2.3940564803947773,0.08149799653757975,1.7420597105948274
659,4.663565194541709,6.109034317188373,-1.4454691226467276,2.12708176200708,0.09092211742992921,1.6905534720422206
660,4.355838176233922,5.944887202037192,-1.589049025803206,1.672985995863467,0.0646500629895781,1.8476702309698436
661,4.617996359699239,6.128476910015619,-1.5104805503165153,2.8945302673549342,0.10776835601625329,1.6083051832819006
662,4.782706781306208,6.5223630288592656,-1.7396562475530573,2.0995801068040123,0.06735935699107791,1.8292687546237354
663,4.353363763843211,6.077717376853071,-1.7243536130099528,2.631783702200707,0.08257774755136339,1.735921319614927
664,4.299199128603325,5.998487938861016,-1.6992888102577126,1.5819871383646493,0.054794631878364974,1.9205011195338269
665,4.410688593578746,5.785194375645771,-1.37450578206699,2.490309366925189,0.10937354988546032,1.6010152121910624
666,4.854815534432239,6.415052029318579,-1.5602364948863396,2.314670048569628,0.0868945141004434,1.7120116903895317
667,4.759070969356847,6.46644896693182,-1.7073779975748948,2.199665814822481,0.07233191909405036,1.797023311099266
668,4.645501277118504,6.291840520105245,-1.646339242986869,2.362061723936705,0.08135594024872704,1.7428722045567684
669,4.563165897510364,5.97046660052777,-1.4073007030171993,2.54142533906451,0.10765994876398591,1.6088006040964975
670,4.570563672195524,5.96575755404052,-1.395193881844989,1.6336316730045937,0.07779682623117923,1.763614966251732
671,4.96733257761962,6.583336439435838,-1.6160038618161252,2.859495642193597,0.09724902507484179,1.6583391799978289
672,5.166519155385734,6.701921001280764,-1.5354018458949668,1.7215781073704903,0.07005866673439595,1.8115311820746989
673,4.866515634320242,6.262225430702619,-1.3957097963823344,1.7327919911871454,0.08148857574568938,1.742113557418786
674,4.666609062410137,6.081334231565867,-1.4147251691556448,2.55428882817915,0.10731540875826098,1.610377778354682
675,5.265568342848658,6.862608990422066,-1.5970406475735217,2.6785904338663897,0.09408632752137598,1.6742253075926314
676,4.083017682086895,5.718694920853244,-1.6356772387664478,1.6742140670795465,0.06159762308639578,1.869181098220138
677,4.589347092706069,6.374382216685019,-1.7850351239792417,1.4626094291418674,0.04654397107731518,1.990426518652108
678,4.1175529036936975,5.533449395994188,-1.4158964923005897,2.6742805063166024,0.1107919755157299,1.5946435166519097
679,4.396425907118148,6.144568548441958,-1.7481426413237386,0.7694781543751006,0.02641332925366227,2.2200801226022495
680,4.642784896904734,6.202066003355339,-1.5592811064509533,2.8998906623138687,0.1033574574561898,1.6287901176257198
681,4.783846011140033,6.400192921202558,-1.6163469100624752,1.8913936284168713,0.06973537983158079,1.813625642736289
682,4.626744314929104,6.243432494775275,-1.6166881798462782,1.845168060774455,0.06827180353413535,1.8232085967504554
683,4.392263497805336,6.066282950918028,-1.6740194531128054,1.569461800649048,0.05589425034222281,1.911859244710933
684,4.6421020213616,6.268852881591675,-1.6267508602302314,1.7812697855654882,0.0655760570031725,1.8413105880520884
685,4.670392458165955,6.484464656610056,-1.8140721984439097,2.0147281682943863,0.060351970675043956,1.8782134518128413
686,4.686307977800928,6.1746058936346255,-1.4882979158337548,2.422460254745186,0.09635767310520445,1.662774049300377
687,5.0437348588778175,6.460868992422013,-1.417134133544323,3.017152807617478,0.12042949713049064,1.5529733683652391
688,4.144217534389602,5.667111335649116,-1.5228938012594426,2.0844570302431507,0.0829269296927926,1.733950143404406
689,4.657556736522386,6.279539726546295,-1.6219829900239802,2.5188949370700158,0.08763979521683912,1.7079813922962264
690,4.936932534504697,6.613091766930607,-1.676159232425789,2.171169795679713,0.0737550224110779,1.788130087513303
691,4.429540800648104,6.2323549720835825,-1.802814171435557,0.8976956373359535,0.028713435222522565,2.1873986421203337
692,5.010097490412184,6.552597218977203,-1.5424997285651898,2.60071462708817,0.09669173540584747,1.6611081127587473
693,4.88744689724995,6.290942479789022,-1.403495582539108,3.1331745927415184,0.1250245134920169,1.5340208906206745
694,4.128058674066372,5.864567813145468,-1.7365091390790894,1.3913821851426675,0.046868439933496375,1.9874871371144873
695,5.044718415276796,6.538660087893211,-1.4939416726163017,2.61680189182578,0.10156582329278,1.637309469525596
696,4.803729421081519,6.4024077401656765,-1.5986783190840015,2.6992092832814016,0.09450294942580159,1.672108395428352
697,4.342625719500395,5.991146196190291,-1.6485204766897823,1.7349529599080924,0.06267827825724973,1.8614668467166775
698,4.638343938822393,6.119393648577363,-1.4810497097550979,2.1046919694799975,0.0870809413992546,1.7110009286343133
699,4.597493071307374,6.3599370756360525,-1.7624440043286995,2.166906524353056,0.06768127316874714,1.8271230308282231
700,4.78861510485722,6.535234490824214,-1.7466193859672785,1.5366044592882986,0.05074938003014684,1.9535929079093581
701,4.544937540815502,6.287934258313319,-1.7429967174980447,2.42065827200852,0.07574763831902014,1.775910692376117
702,4.548145918670619,6.304386700799332,-1.7562407821287707,2.939582231051638,0.08773302093386999,1.7074791983808308
703,4.630377797532949,6.117664110614056,-1.4872863130810856,2.563779769761524,0.10064423627133498,1.6417383695094392
704,4.405523310572383,6.0755067539750325,-1.6699834434027707,2.235301448603444,0.07601697478325324,1.7742792275330885
705,4.678383090954005,6.252278059562967,-1.573894968609011,2.461815979225147,0.09002800049026102,1.6952500262686703
706,4.583148533412034,6.2576982870179645,-1.6745497536057883,2.531733190814613,0.08379669963126424,1.7290692623184503
707,5.030950859719999,6.74884506507326,-1.717894205353332,1.5081998177748765,0.05146300454017756,1.9475986574329471
708,4.919501012668027,6.434379210820898,-1.5148781981527009,2.131971761668513,0.0850912707379345,1.72187993336488
709,4.6188032200162095,6.631322488411078,-2.0125192683949535,1.1984134121273478,0.02992579670251111,2.1710711203294104
710,4.985696599347923,6.398774073218531,-1.413077473870544,2.809992610652415,0.11503194368464291,1.575973356105655
711,4.524883843554383,6.209959166641836,-1.6850753230874034,1.9128063920889709,0.0656643411164362,1.8407081353104973
712,4.46890058461195,5.979383633043929,-1.5104830484319791,2.392532433843492,0.09347459889593464,1.6773472454692686
713,4.9361359882675995,6.688351749398988,-1.7522157611313105,2.0405735779037215,0.06490948071858091,1.8458810365235212
714,4.483916198698855,6.09857787270794,-1.6146616740088575,2.10676270487372,0.07640796582491603,1.771919229792033
715,4.401623624507513,6.0131086221566985,-1.611484997649086,2.2032064554640804,0.07950292951298653,1.753577498070406
716,5.063581674352738,6.736381731564967,-1.672800057212271,2.900574334057424,0.09348114944748998,1.6773137282475914
717,4.619916931559876,6.358781471784495,-1.7388645402245402,1.8642020506995998,0.060797263286558864,1.874967002025159
718,4.260185929030561,5.803708764114324,-1.543522835083877,2.9784031787892573,0.10688521452414913,1.6123526858981099
719,3.947884850046242,5.480059866266506,-1.5321750162204353,1.0194439604115573,0.044566097718343446,2.008726962084488
720,4.3700191449877845,5.981338112778095,-1.6113189677903392,2.3087397603597353,0.08258246468346964,1.7358946458465376
721,4.970188883251742,6.490576124542242,-1.5203872412903365,2.057111794612517,0.08226217491831458,1.737708586847066
722,4.907027064531851,6.498802560008711,-1.5917754954768952,2.4194633261062535,0.08733015561822059,1.7096524763399465
723,5.089263259095608,6.542983586399449,-1.4537203273036994,1.6129225967823402,0.07235161787195504,1.7968992365163996
724,4.914785289187696,6.356251770399252,-1.4414664812115916,2.3270332152020963,0.09771974716269498,1.656010229925594
725,4.938098200082598,6.600448672388444,-1.6623504723056612,2.4883504495999205,0.0835829024393619,1.730265209141756
726,4.442821746422672,6.049649509651358,-1.6068277632286936,2.02014409342166,0.07438289496491551,1.7842509602345376
727,4.545816263900681,6.139629503820329,-1.5938132399196547,2.3912338051331865,0.08635686930578151,1.7149365024690724
728,4.765282437797216,6.3277904098060755,-1.5625079720089161,1.7193787414617105,0.06803100782608566,1.824801378179515
729,4.8086915975136915,6.439718611641707,-1.6310270141279943,2.1741148031518023,0.07716218549868525,1.767394487497732
730,4.692197708468759,6.20030775723542,-1.508110048766639,1.9224683179604796,0.07887749112887667,1.7572365887742054
731,4.6048037532230435,6.192138689223027,-1.5873349359999338,2.333364295325353,0.08521651584987354,1.7211890959068696
732,4.806268094515465,6.3982282524901475,-1.5919601579748814,2.4895556315597,0.08929916992218645,1.6991062291709937
733,4.558132449930374,6.061558288320304,-1.5034258383898305,2.284432849994321,0.09081416933719867,1.6911185168290204
734,4.7824371760817055,6.362546755823301,-1.5801095797414746,1.4095517582289396,0.056290010853679885,1.9087836192716432
735,4.645881776456056,6.305764954872933,-1.6598831784167487,1.6890236534683147,0.06051436273163511,1.8770272238352828
736,5.153612604422099,6.790631227344404,-1.6370186229221417,2.841887231989432,0.0949915656471892,1.6696351796456188
737,4.692264904518018,6.352549772398133,-1.6602848678799091,1.773876607159373,0.06311624869351874,1.8583716967740318
738,4.399779341752312,6.191757997848226,-1.7919786560960347,1.5108882322860921,0.04760010518755282,1.9809212537939649
739,4.7518857755865636,6.402840426211965,-1.6509546506254082,2.002888112808904,0.07066957662869286,1.8075948739604117
740,4.354086718116653,5.915944641076974,-1.561857922960371,1.9613267147483988,0.0759395821366226,1.7747475382390874
741,4.311632015565513,5.864439286529743,-1.5528072709641947,1.7396987698144244,0.06940303982566741,1.815787080812257
742,4.273865988393302,5.94974802822105,-1.6758820398279113,1.9842642735678417,0.06838558072497418,1.8224576057823472
743,4.187716471214392,5.5929553699338594,-1.4052388987192899,1.7524038810522526,0.0814049421650184,1.7425918070752564
744,4.137446578809707,5.859847901836018,-1.7224013230261335,2.5770079152365994,0.08131959969566711,1.7430802400460343
745,4.1417400242756255,5.760275242429968,-1.6185352181544204,1.9004685618495003,0.06986124510580319,1.812809260937975
746,4.468122238400204,6.172672631383177,-1.70455039298281,1.7939706275743603,0.0608903646077672,1.8742907293419582
747,4.860894493529306,6.458705111689026,-1.5978106181596559,1.8687155312122634,0.0703478436124505,1.809664418028497
748,4.423240418413846,6.0337615672283516,-1.6105211488145414,1.968899066942285,0.07254483452851238,1.7956837072469127
749,4.582238798028632,6.274160687975522,-1.6919218899467978,1.7483884034636183,0.06031785080434021,1.8784630240865225
750,4.273111180115896,5.881446643122883,-1.6083354630070517,2.332505223997771,0.08350213147568242,1.7307176735890277
751,4.121712847859774,5.799409453015818,-1.6776966051559157,2.53771906944705,0.0837111788382549,1.7295473549417453
752,4.677829191435697,6.19660985740188,-1.5187806659662328,2.5367701111179812,0.09698214567198436,1.659663601331024
753,4.256193036062816,5.992565101576693,-1.7363720655137058,1.7901168401322956,0.05881459728968887,1.8895766888463115
754,5.004150710602792,6.524343803765779,-1.5201930931630159,2.916368123993994,0.10743462104067728,1.609831616324237
755,4.576100477997036,6.099315066563511,-1.5232145885663613,3.0139624717860585,0.10974094594887775,1.5993585987555325
756,4.766386490621519,6.504048603128799,-1.7376621125072234,1.9899590365889104,0.06443967640291605,1.8491256153270401
757,4.5211010620560526,6.289484562424915,-1.7683835003688273,2.4106781850059136,0.07369513326572545,1.7885015037287628
758,4.90376865116132,6.566717828082622,-1.6629491769210745,2.608858053997828,0.08676287998865012,1.71272643222344
759,4.7942436814480995,6.497702521694704,-1.7034588402466397,2.768136406122938,0.08766100979481928,1.7078670744685833
760,4.557552968028224,6.077254509353912,-1.5197015413257304,1.5375005646037394,0.06478021821628031,1.8467718162244602
761,4.697885000088311,6.492635638823165,-1.7947506387347403,1.9791320713428675,0.060566331773178675,1.8766481619844175
762,4.686718076035779,6.271578029373812,-1.584859953338082,2.089599682862783,0.0781610096859645,1.7614574442540398
763,4.697065372435011,6.509536331859165,-1.8124709594242177,1.2351215192478833,0.038556043910233574,2.068893902439003
764,4.2603019614503435,5.890139738824756,-1.629837777374405,1.9318714281063265,0.07002513172672714,1.8117480742446914
765,4.639344670670473,6.30831023598329,-1.6689655653128739,1.539081931662448,0.05523247661123424,1.917042940549549
766,4.531713918135031,6.137425836239769,-1.6057119181048165,2.1294298798988507,0.0777624774149021,1.7638188821408904
767,4.627404315568404,6.1960035640473645,-1.568599248478904,2.0592512336374114,0.07848847922724216,1.7595244022320715
768,4.301763837153251,6.034906625084103,-1.733142787930774,1.302275727853612,0.04426489797425542,2.0115736632354593
769,4.114108789524428,5.614243424665046,-1.5001346351407392,2.168732964122455,0.08749474942513186,1.708763591220041
770,4.967057592293989,6.525937332911672,-1.5588797406176127,2.4164980307191897,0.08999318232097914,1.6954336746027885
771,4.2601362363134765,5.9654013042434695,-1.7052650679302133,2.0458894152459166,0.06816274653524228,1.8239293983445743
772,4.810197493690842,6.586765778887125,-1.7765682851961628,1.7507952552720418,0.055316540183164835,1.916381607482911
773,4.6347625360181635,6.179295500374883,-1.544532964356904,2.315260265781493,0.0882258807401455,1.7048313610647177
774,4.2069076793434785,5.832056564767553,-1.6251488854243235,2.3293413531374156,0.08208342555252197,1.73872341374325
775,4.512501489722402,6.073116166945324,-1.560614677222702,2.3042265821224,0.08655379835207487,1.7138634974370464
776,4.087098557646007,5.64509810440787,-1.5579995467619483,2.4818623881780404,0.09195440805901847,1.6851770990506447
777,4.385510611088469,6.111008919298113,-1.7254983082095805,1.6441275213083806,0.05515725636190866,1.9176354142838816
778,4.854402469917707,6.470043744031811,-1.6156412741142958,1.4809632369813635,0.056547171015837276,1.9067947534879979
779,4.564640811752545,6.230076253017833,-1.6654354412653447,2.90496015725342,0.09420474790045723,1.673622834471922
780,5.307092802652553,6.703360995859226,-1.3962681932064243,3.1059625523922385,0.1250616647008121,1.5338698903105394
781,4.891432865852769,6.30607035212636,-1.4146374862734774,3.566212808792379,0.13495945680426974,1.494827540366633
782,4.938725245213666,6.43662556688575,-1.4979003216719775,2.666142071357786,0.10261140045810609,1.6323232851751242
783,4.6192738930315524,6.195370312148212,-1.576096419116766,2.6199520808027756,0.09428436208304489,1.6732181322073367
784,4.113381275121631,5.734518517987295,-1.6211372428654158,2.1024361178960476,0.07579377394247966,1.7756308972345283
785,4.346991451693887,6.002004682661861,-1.655013230968052,1.47337109956867,0.05393946341717411,1.927322402336336
786,4.484066585245776,6.311134657057826,-1.8270680718119365,1.8301777013248994,0.05465262500422186,1.9216276647251183
787,4.717204133208545,6.112504374707163,-1.3953002414984894,2.541464752624215,0.10886044956778775,1.6033361947002618
788,4.949079386852693,6.7421347690925995,-1.7930553822397997,1.6886105460066752,0.05263028211782374,1.937942139079925
789,4.409326586331465,6.1108906311611815,-1.701564044829638,1.738824825781382,0.05943062622190276,1.884994160440627
790,4.543069976493873,5.9976321293481885,-1.4545621528543506,2.274734700934001,0.09486326800008442,1.6702835917311378
791,4.928454150061091,6.493898650442885,-1.5654445003817727,3.8058170005649323,0.12484367424077883,1.534756407954818
792,4.697223822395975,6.340491256682716,-1.6432674342868268,1.8801764524909466,0.06751170153138475,1.8282522568797352
793,4.753148308973826,6.202597914652939,-1.4494496056793196,2.3657571079268003,0.09818890726271627,1.6536979112918122
794,4.88829615685909,6.525880846748896,-1.6375846898897635,1.9974953249377343,0.07145875692480061,1.8025510089831553
795,4.801821814703137,6.326016093009846,-1.5241942783068225,1.950495547095347,0.07851935701335827,1.7593424705237362
796,4.496190223142142,6.111056094864095,-1.614865871721804,2.9621124429517494,0.09998948045962854,1.6449046276607293
797,4.651263234049159,6.356594853643712,-1.7053316195945172,1.8603974902870348,0.06280055390608714,1.8606009265205468
798,4.76425987127009,6.386155543400767,-1.6218956721304494,2.5829069300147935,0.08939858404146542,1.6985787452530412
799,4.757972410922596,6.22629231629451,-1.4683199053718,2.526786560709123,0.10132328470645514,1.6384719310591966
800,5.0725289052934865,6.76212927317887,-1.6896003678855323,0.9677449984293389,0.03527587106168753,2.1051773735193633
801,4.665859094575401,6.4766188639690565,-1.8107597693935986,2.086113124820521,0.062442654716478065,1.863139410456017
802,4.531517062054993,6.134184248979748,-1.6026671869244637,2.7794502238198113,0.0963040901316327,1.663041692299893
803,4.876826980219269,6.216071536642408,-1.339244556423182,3.230329129307833,0.1347141282446367,1.4957679799188386
804,4.567854306581287,6.249272967820202,-1.6814186612391495,2.6241972144452284,0.08570179496201712,1.7185200805899088
805,4.704727380774832,6.49233307836951,-1.7876056975946994,1.9370991909072472,0.059855383807974616,1.8818573705258679
806,4.314600710739162,5.780711961052075,-1.4661112503126787,3.169495767853661,0.1194573778366312,1.557055210280818
807,4.199718615864006,5.863914478885858,-1.6641958630218596,2.2567984717199145,0.07705011938125016,1.7680645119022071
808,4.56219531521929,6.177989550982366,-1.6157942357631327,1.9793132984576651,0.0724796640267314,1.7960933994382808
809,4.642670046101378,6.293517291287385,-1.6508472451860143,2.385099414230968,0.08164840978890052,1.74120067044146
810,4.586048751168439,6.180979274383892,-1.594930523215453,2.1267816317053665,0.07851002123190653,1.7593974707437063
811,4.119278396389339,5.6218216463689625,-1.5025432499796807,2.9257090864979,0.10937140489970737,1.601024896983551
812,4.667193418417858,6.186230917348949,-1.519037498931084,2.6227868936114582,0.09942781817309751,1.6476339068706338
813,4.723874389860432,6.331592520444756,-1.6077181305840895,1.6621296794836553,0.06304042183430135,1.858906293860624
814,5.2192452788670405,6.761634981431923,-1.542389702564833,2.303763521293952,0.08806269793734758,1.7057067196408333
815,4.787780607603784,6.323876372602028,-1.5360957649982083,2.8169547011107454,0.10326283755715222,1.6292370922412953
816,4.344606711597228,5.884664035243096,-1.5400573236461241,1.8413623710019174,0.07371714964692783,1.788364935433954
817,4.742716415292355,6.376752766136347,-1.6340363508438713,2.2797741125310154,0.0799813169951524,1.7507944846189276
818,4.780914196470624,6.43618592027782,-1.6552717238071182,2.35695247519023,0.08052597768476134,1.7476423472041425
819,4.830781954651277,6.182108073215714,-1.3513261185644296,2.3388496671690895,0.10686211493887608,1.6124589080042326
820,4.4613045159465425,6.049575476081683,-1.5882709601351053,2.3761036082387577,0.0863759036465419,1.7148327040532032
821,4.714712077819788,6.34365794166944,-1.6289458638498218,1.9482734391543737,0.07058806671328767,1.808118453448893
822,4.526334334630112,6.108035075707184,-1.5817007410769293,2.138472813986578,0.07989034808278095,1.7513226514537468
823,4.490449652230884,6.011853834634847,-1.5214041824040123,1.9274936113936363,0.07798832179214155,1.7624794716408598
824,4.68247810161238,6.195257606643599,-1.5127795050314035,2.8033325804082736,0.10506071489177952,1.6207991778710604
825,4.676128458688757,6.331213820678931,-1.6550853619901318,2.1421565042527533,0.07445180259564459,1.783826866000462
826,4.930104088533474,6.279522758013604,-1.349418669480201,2.8025577116368012,0.12151390598377526,1.5484503534150684
827,4.579547640710237,6.148522772548459,-1.5689751318384424,1.3429429597092302,0.054617961805646494,1.9219030196561369
828,4.378323322636836,5.818929134651944,-1.440605812015292,2.4369936369392917,0.10122296317948089,1.6389534093973428
829,5.260767084318834,6.823655055585915,-1.562887971266946,2.3451349010581417,0.08757216263116853,1.7083459893723558
830,4.740250936859459,6.365835518755786,-1.625584581896419,1.9037779299495199,0.06946504660048855,1.8153831637136209
831,4.329614413061611,5.74035681602764,-1.4107424029659796,1.6700344712994628,0.07789055787309293,1.7630588898419561
832,4.786269752092542,6.201683943637482,-1.415414191544869,3.1222009802204767,0.12346337755889483,1.5403979633539278
833,4.160690373453965,5.777510580137038,-1.6168202066830872,1.6846869111159322,0.06316779303594718,1.858008600103694
834,4.64988366174571,6.388592871076666,-1.7387092093310912,1.8229049160894384,0.05962052928335068,1.8835894553067527
835,5.0392934644619825,6.714284554274149,-1.6749910898120106,1.8458495406036803,0.06433900191099237,1.8498234357345689
836,4.853491657475436,6.542307735791807,-1.6888160783164494,2.5987223320887445,0.08445557655517959,1.725399082495907
837,4.373881291667706,5.984532840854433,-1.6106515491867412,1.3153223307192512,0.051192573368153735,1.9498619666775012
838,4.8105166640835275,6.53353416163562,-1.723017497552064,1.8473832600836921,0.06130004079929324,1.8713250476491696
839,4.593092064776831,6.096614119124537,-1.5035220543477408,1.5855943158926813,0.06764523351733603,1.8273628342411072
840,4.7829203360495764,6.404692705655128,-1.621772369605651,1.5675044978973425,0.059036144574305435,1.887924070641208
841,4.2932856409880085,6.065648578365929,-1.7723629373781478,2.234079388801888,0.06881297242845355,1.8196457327165991
842,4.070074963380241,5.662413172039278,-1.59233820865893,1.6249237449555167,0.062839235547883,1.8603272847608865
843,4.636944810841262,6.31363813905522,-1.6766933282140144,2.570040481495127,0.08464744093928873,1.7243346863336262
844,4.873322752329207,6.497630198004996,-1.6243074456756403,2.369543309248872,0.08328899749887872,1.7319133159636766
845,4.82939361692552,6.233073829322221,-1.4036802123964662,2.5884992618065183,0.10945319492224016,1.6006557143556595
846,4.553832862088987,6.2605608489302025,-1.7067279868413152,3.2707532172229925,0.09957047009705595,1.6469395572069168
847,4.596231584095724,5.911823401172091,-1.3155918170766654,3.2605470069594986,0.1382382750251031,1.482383525392162
848,4.944772093233089,6.386050516963023,-1.4412784237299547,2.4381255778272326,0.10119394807637849,1.639092733954794
849,4.514189221379686,6.191191209944995,-1.67700198856528,1.625462945143294,0.0574696762068451,1.8997215084150916
850,4.257110656757552,5.932323080891818,-1.6752124241343154,2.6756541675923273,0.08753718749836926,1.7085346241605734
851,4.940426042218453,6.563324364567178,-1.6228983223486466,1.3233646384407258,0.05077494090115441,1.9533769883831533
852,4.990991360775345,6.5827644076933165,-1.5917730469179787,2.0170781644481224,0.07541351115431669,1.7779412090368292
853,4.520985876886064,6.167047430048582,-1.6460615531625535,2.062204698051943,0.07277360095085875,1.7942479555480486
854,5.040363832187316,6.650899130007202,-1.610535297819979,2.0145809013241696,0.07393930983920721,1.7869887316333353
855,4.438725812310443,5.934365704125993,-1.4956398918154719,2.0141042948697354,0.08290560462188727,1.734070333007651
856,4.483555139427429,6.1732135514663735,-1.6896584120390798,1.2938998778517359,0.04618673847802234,1.9936827245359512
857,4.548616580611045,6.242917551659458,-1.6943009710485057,1.9714446669013803,0.06676323854395758,1.8332645500627067
858,4.618381258997081,6.230612626720406,-1.6122313677230977,1.5556876804247146,0.05925000873291527,1.8863336405089035
859,4.708373069794382,6.252469487616905,-1.5440964178226295,2.2110508344582556,0.08511828903213617,1.7217308340778228
860,4.466833762640638,6.12154546867311,-1.654711706032458,2.3426302551377134,0.08016999405806098,1.7497005772021048
861,4.538038792166438,6.312591855113409,-1.7745530629470068,0.9823156310196985,0.03237838562000364,2.1397078331798496
862,4.902670412427417,6.480576363605271,-1.5779059511776268,2.439582868868225,0.08905569396329494,1.700400095065286
863,4.518070113583965,6.246042330113061,-1.7279722165289968,1.6193897078303578,0.05427297466872018,1.924651477702092
864,4.318260481120026,5.8564745110749055,-1.5382140299550429,2.4179023302545346,0.09180371298929603,1.6859589150736944
865,4.4084240438776785,5.961499887807767,-1.5530758439299461,1.71712242991606,0.06862866123558481,1.8208565779566268
866,4.2644664579691405,5.8772642978069936,-1.6127978398378673,2.0914452604487117,0.07609040087807936,1.7738352782666713
867,4.629488335428098,6.165365619192,-1.5358772837639663,2.088848341443743,0.08200849085544601,1.7391493792025083
868,4.475754123717527,6.065462086907564,-1.5897079631899942,1.8358304512061174,0.06988544055169314,1.8126524638761863
869,4.744249081757337,6.3750866410474725,-1.6308375592902848,1.4318499113843899,0.053989865187001454,1.926917877295245
870,4.587162155131457,6.247839840460335,-1.6606776853286647,2.3082727492734954,0.07875766460775985,1.757940318897815
871,4.513304982064531,6.18405721587318,-1.670752233808571,2.1323669722743475,0.07303717759471018,1.792598305325779
872,4.659455256836329,6.092537333563795,-1.4330820767272598,2.2092387447484434,0.09472716335712471,1.6709722286389501
873,4.280876198462741,5.964065182033712,-1.6831889835709717,2.466363803261949,0.08138043664658254,1.742732014783489
874,4.376080387663071,5.945023042298564,-1.5689426546352934,2.5906744673481903,0.09408974243292567,1.6742079254466868
875,4.856996191693545,6.400909526976752,-1.5439133352831504,1.9920637698973493,0.07830558336341337,1.7606032193953454
876,4.261736938313836,5.826194256283342,-1.5644573179692998,2.643045537109515,0.09593764491484941,1.6648752602436532
877,3.771070701466263,5.50004229159846,-1.7289715901324598,1.8029755189504435,0.05963973002854246,1.8834476349028682
878,4.763251383525406,6.357259982663022,-1.594008599137851,2.4686143530310183,0.08853911668778731,1.7031547261965525
879,4.732626862524333,6.248395062884724,-1.515768200360526,3.1938533612455835,0.11512253406592844,1.575580408699928
880,4.4790676852558615,6.17580016191266,-1.6967324766567344,1.4556714341668417,0.050997936749818895,1.9514971344955054
881,4.7713988761268435,6.24417858615468,-1.4727797100276803,2.5645637051686663,0.10202258510591802,1.6351262464971248
882,4.28096397438417,5.863782881615597,-1.5828189072312853,1.987530220066489,0.07517305228505693,1.7794070450808661
883,4.3334521157676615,5.657819762677454,-1.3243676469098773,2.486428102864007,0.114461900891962,1.5784515913690276
884,5.211176627435455,6.684031066072761,-1.4728544386373414,2.9060572414446,0.11172659511440641,1.590480244931478
885,4.576387624567181,6.373836744347598,-1.7974491197801399,1.3426133577682506,0.04240762462570772,2.0294976841648635
886,4.678513048639436,6.397514793202573,-1.7190017445632293,2.143052828859851,0.06995565605411469,1.812197688880999
887,4.819382960897249,6.529437154858803,-1.7100541939614686,2.512289246768262,0.08056452259535606,1.7474199315470798
888,4.895434775786546,6.55166290235457,-1.6562281265680667,1.1570984106933473,0.04329984478107404,2.020806064692683
889,4.614193014202149,6.177037290077044,-1.5628442758750225,2.437639712493482,0.09026882208653783,1.693981376030907
890,4.58494633087553,6.168768685951099,-1.5838223550756538,2.333178543924319,0.08549700755020781,1.7196449092346202
891,4.797723090412367,6.416902091677917,-1.6191790012653655,1.3629481072901015,0.052342782624779045,1.940303777094914
892,4.221716089876102,5.780021945154315,-1.5583058552781495,2.151365132350172,0.08213803725054923,1.7384131727760477
893,5.355417136399458,7.018267669622892,-1.6628505332234909,2.6239319995090185,0.08716969134987404,1.7105203623348095
894,4.098169482704227,5.7079264103587075,-1.6097569276546437,2.27292141663321,0.08167096852389523,1.7410719437451911
895,4.662462724927812,6.301545376600414,-1.639082651672652,2.040558745506523,0.07263662851342313,1.7951071581652667
896,4.901987399466909,6.39785029582252,-1.4958628963556748,2.233082937644827,0.08988161696808704,1.6960225112181406
897,4.46474870936054,6.272349052219296,-1.8076003428586773,2.2764167067164713,0.06759460553570654,1.8276998842103764
898,4.999387297671367,6.626469672732318,-1.6270823750608088,2.323826040730264,0.0817753198800201,1.7404768596625846
899,4.442034288873677,5.8624652378045266,-1.4204309489309708,3.2027400530418397,0.12507720596634891,1.5338067335363168
900,4.444075211830798,6.082477044387167,-1.6384018325561556,1.6790287144157254,0.061574577281359,1.869346826402234
901,4.47572163968862,6.159046233133145,-1.6833245934444676,1.8022217101185127,0.06248536412743193,1.8628358526388276
902,4.005580253266137,5.6866960945750105,-1.6811158413090652,2.5970495485770257,0.08501348128897342,1.7223094249650748
903,4.509918418587224,5.880706246765639,-1.370787828178436,2.082946542818984,0.09630982982555494,1.6630130172549824
904,4.118755072577917,5.777394111382931,-1.6586390388051768,2.0341410533597504,0.07104960140563484,1.8051602995507752
905,4.563306889841035,6.506915724527913,-1.9436088346867564,1.2358001206786255,0.03331372089499452,2.1282818636227874
906,4.0669377134161575,5.663423471255852,-1.5964857578396732,1.6129079915313298,0.062165743212628126,1.8651117407376214
907,4.344839129373261,6.049126609587672,-1.7042874802141341,2.147377483995527,0.07109292532373682,1.8048834295250737
908,4.690838552118796,6.363232877123151,-1.6723943250044613,1.6991299129693473,0.060038742739394975,1.8805089868971965
909,4.811459496647833,6.370434693370653,-1.558975196722713,2.5246835842799342,0.09309301660919819,1.6793029487634745
910,4.826271219729554,6.455396698417266,-1.6291254786876834,2.3974395788687843,0.08369262721692936,1.7296511175107656
911,3.9847648852451614,5.733962459292661,-1.7491975740474572,2.1003083276319607,0.06674844390279092,1.8333640918056455
912,4.448727837429535,6.164374396134653,-1.7156465587052026,1.9340445900123981,0.06427479428537339,1.8502689586937207
913,4.417294749791429,6.0741692008000125,-1.6568744510084343,2.3288118052596225,0.07961954480797397,1.7528978379072935
914,4.2905909628548695,5.8894261817646605,-1.598835218909926,1.9199415574740542,0.07188084789837645,1.7998720246710156
915,4.3369410022101444,6.015389548147885,-1.6784485459377265,1.4391566577950456,0.051491077335230874,1.947364279633442
916,4.300479109110304,5.872881354792005,-1.5724022456818147,1.8179881167691896,0.07055902643092085,1.808305113712016
917,4.808108978594694,6.552777667394244,-1.7446686887994929,1.6848535373252354,0.05525237362096484,1.916886333857552
918,4.567628376114774,6.27670319321602,-1.709074817101282,1.8011120393186602,0.060818248530974686,1.8748144937965943
919,4.31863489259745,5.842489952524735,-1.523855059926973,1.728215478195466,0.07113512692140363,1.8046138648710146
920,4.804744793729517,6.454596089800452,-1.6498512960708922,1.9233025288188692,0.06836576802275712,1.822588306429478
921,4.6731659796221745,6.433287155787438,-1.7601211761652849,1.6866037530519513,0.054416547044606786,1.9235058936571436
922,4.655349918784671,6.192321084934141,-1.536971166149442,3.110661038435584,0.11094004971770888,1.5939820751924336
923,4.660856146162862,6.04202657463974,-1.3811704284771622,2.5441147666292316,0.110371135269076,1.5965272120270335
924,4.304534714639479,5.89694457822935,-1.5924098635898645,1.9726907276377794,0.07399450539534604,1.7866473390339042
925,4.617905995859294,6.282933390524198,-1.6650273946650032,2.5196682331856906,0.0842180437669504,1.7267195448938244
926,4.592483861999247,6.108747015101427,-1.5162631531020452,1.9814854647077027,0.0801601000069809,1.7497578886975511
927,4.666152886609828,6.129411959618109,-1.4632590730084303,2.380685792568915,0.09737292044831163,1.6577253216211658
928,4.570820189945428,6.423348938538494,-1.8525287485929312,1.5614638694447436,0.045997121228731855,1.9954197263953233
929,4.668859183263342,6.3485030720293505,-1.6796438887661225,2.476477503329864,0.08192341539928788,1.7396333725173412
930,5.060266634818893,6.7798086362724685,-1.7195420014536467,2.5189431205542725,0.08002804940223919,1.750523345367842
931,4.262848435488015,6.064521881549657,-1.8016734460616135,2.4643293162398763,0.07276001062543688,1.7943331459535319
932,4.940772221017644,6.410452035388252,-1.4696798143704655,2.1677811786717633,0.09010130450569215,1.6948635712404951
933,4.505184182077803,6.26515912994172,-1.7599749478638387,1.0715127953462016,0.035775142166334616,2.099473946231148
934,4.634675002536872,6.286155483232887,-1.6514804806959091,1.1698165200183048,0.043973542092701344,2.0143429259784
935,4.094893367025909,5.865904778953533,-1.7710114119277023,1.7800143536529838,0.05646594325211478,1.907422150629624
936,4.372680539646629,5.894004443186686,-1.521323903539951,2.251738693916252,0.08827017996445796,1.704593952837621
937,4.453296250779934,6.084997466760369,-1.6317012159804563,2.322024666918235,0.08136418151604168,1.7428250370074199
938,4.61187945222405,6.136142857798822,-1.5242634055748567,2.5464184425057965,0.09676913476080588,1.6607227867106598
939,4.706438889877566,6.2486304017407175,-1.542191511863166,2.199778510674733,0.0849311733950931,1.722764210019059
940,4.363184443540879,5.860680850193281,-1.497496406652317,2.0780174569296115,0.08482552690834062,1.7233484731176205
941,4.8455067131792955,6.39787711009623,-1.5523703969170128,2.0180508537143744,0.07846719817925024,1.759649823932956
942,4.667553047044342,6.386150789234909,-1.7185977421906955,2.2549531627867268,0.07305995451712419,1.7924559799268407
943,4.668850825361963,6.267611947338635,-1.5987611219768496,1.7390080491920656,0.06614036762934916,1.8374711774144468
944,4.2949941825241265,5.885250442606084,-1.5902562600817873,2.1726262687102036,0.0802475703178598,1.7492514141732667
945,4.31381106758254,5.9367669995708905,-1.622955931988372,2.2428629699219336,0.07977345717167843,1.7520020398088019
946,4.500410416805428,6.315435886944789,-1.815025470139517,1.4310823463500455,0.04415315633376857,2.012633914778735
947,4.332082836103202,5.95784466146891,-1.625761825365771,2.5378019266554546,0.08785056219078881,1.706846633163374
948,4.891335002080771,6.507387436269033,-1.6160524341883047,2.227741727578838,0.07986734487305594,1.751456285844796
949,4.924162797625334,6.472509326896285,-1.5483465292711571,2.1943369638110966,0.08425904233546634,1.7264914157833795
950,4.337099267850183,5.887293632918341,-1.550194365068137,1.6586813087917847,0.06686082731287403,1.832608405070037
951,4.588850142143022,6.224484522420374,-1.6356343802772244,1.3171780822131076,0.049850695478868876,1.9612428927947714
952,4.519619967216661,6.0569516571739594,-1.5373316899574547,3.0456217491910635,0.10922491262404889,1.6016866776649623
953,4.4568476693289565,6.126526158139894,-1.669678488811087,1.6609957742526937,0.05902620218964112,1.8879981248075537
954,4.7488455943323995,6.311375557268574,-1.5625299629361962,2.4031534877266267,0.0892970057917656,1.699117717144762
955,4.00016443197301,5.755449768435538,-1.7552853364622933,1.312707257951942,0.04350956370807761,2.0187850679921326
956,5.243774464454921,6.74501002675955,-1.5012355623046005,2.5878374205351626,0.10005474822428381,1.6445882663188136
957,4.984858037329152,6.560149962137073,-1.5752919248077433,2.2183611881986423,0.08280063344908908,1.7346623233796243
958,4.434879394267275,5.934563474745962,-1.4996840804785734,2.311044883439152,0.09195803595906071,1.6851582899578528
959,4.779863538668954,6.287627928869098,-1.507764390200009,2.5738845462779807,0.09905320263463759,1.6494611174930498
960,4.494430968113695,6.065358111762441,-1.5709271436489871,2.1607011094069826,0.08141354787689777,1.742542577837154
961,4.288099224318378,5.985325972794838,-1.697226748476396,2.294957095886115,0.07568315996241988,1.776301962350331
962,4.321280845944605,6.069596408906682,-1.7483155629620342,2.0174686351864963,0.06452133097594201,1.8485602911796368
963,4.550411141416637,6.058997355145989,-1.5085862137293589,2.5494442625582536,0.0982705375701853,1.65329648720441
964,4.364852467293579,5.917501486549964,-1.5526490192562505,1.6700118892658722,0.06707204888939622,1.8311909376283066
965,4.659575667701622,6.2348002465282715,-1.5752245788266919,2.356400012377634,0.08687823263480032,1.7121000474742636
966,4.566088228705032,6.290130448707151,-1.7240422200018202,1.2998618440691807,0.04463886509185287,2.0080416579372415
967,4.409304873989461,5.873872844713906,-1.4645679707243744,2.6764163973831536,0.10606685229498657,1.6161270251608428
968,4.9315633136698604,6.622006419058357,-1.6904431053885673,1.922163456390539,0.06558302065080156,1.8412630436838489
969,4.850959505213316,6.595389047102293,-1.744429541889076,1.9157506943685974,0.06191742516611226,1.866886602558226
970,4.494899176094398,6.135056277330348,-1.6401571012359,2.3814668409126263,0.08237835274156807,1.7370499603097227
971,4.461413759516111,6.159935298681985,-1.698521539165995,2.3277557956436183,0.07648522457095448,1.7714540666208645
972,4.608381972039799,6.159160067500627,-1.5507780954606005,2.115409334388751,0.08163583250785988,1.7412724525907632
973,4.983790642616489,6.410899179282806,-1.42710853666631,2.374866006630313,0.10057477846333111,1.6420734726479815
974,4.3935831290307785,6.056897697037504,-1.6633145680068537,1.7570899705854082,0.062403300891493825,1.8634192704535115
975,4.510636883693044,6.144134592013009,-1.633497708320192,2.4020113565001857,0.08347496845314185,1.7308699156123737
976,4.457840874040633,5.943432624951532,-1.4855917509107712,2.5356408389934018,0.09997547271956227,1.644972546460365
977,4.165326106049454,5.873953473134234,-1.7086273670847731,2.4010438958352402,0.0777227471773398,1.7640548370017648
978,4.48678887765441,6.156310809733489,-1.6695219320790784,2.603462166836909,0.08609690899517139,1.7163559757690054
979,4.522203185997617,5.93959240459567,-1.4173892185981458,1.6235073583172834,0.07560432461143118,1.7767807237812188
980,5.009625430887629,6.5664423563986585,-1.5568169255109297,2.4196054200995185,0.09025856535334705,1.6940353530243568
981,4.738002122872151,6.231833899273573,-1.4938317764012936,2.847331269804659,0.10807195424620893,1.6069198369692221
982,4.411197084603193,6.000632559017793,-1.5894354744148131,2.7347754189928786,0.09625976097060765,1.6632632032676802
983,4.532690047074359,5.914133749704808,-1.3814437026303494,3.112029341268599,0.12682508980729218,1.5267423590261318
984,4.574256229831283,6.291478029278656,-1.7172217994473158,2.0327700344928736,0.06698721117221074,1.8317598250599774
985,4.735400624172874,6.384602899074286,-1.6492022749011994,2.554610492113955,0.08641272926833893,1.71463193833173
986,4.644638086499802,6.44957519492432,-1.8049371084248378,1.7661669324025233,0.05414045817228234,1.9257110915798683
987,4.422590114982134,6.176525117388172,-1.753935002406024,1.9679637364372624,0.06278601050565975,1.8607038455249854
988,4.542476922996277,6.257643218429932,-1.7151662954333915,1.820740356037522,0.06101454003580176,1.8733900714396396
989,4.446923419006501,5.964227112205725,-1.51730369319921,1.77677847358936,0.07327941300351802,1.7910865136459837
990,4.2784379303228,5.846425372731586,-1.5679874424088212,2.4602652836914523,0.09048315370991203,1.6928545637648078
991,5.017249291248438,6.542806699939872,-1.525557408691384,1.46564032415478,0.06180195132714523,1.8677139630115933
992,4.368267418608914,5.935590728492739,-1.5673233098841592,2.042350715336525,0.07806315890821901,1.7620363334081555
993,4.751630667188968,6.4230075305028205,-1.6713768633139807,2.631896085555578,0.08669881226004642,1.7130746215012151
994,4.786553973058565,6.374779486390066,-1.588225513331281,3.058362977395518,0.10482298836306586,1.6219082801400966
995,5.023797532707979,6.679217057735604,-1.6554195250275825,2.073116532427427,0.07242113264336385,1.7964616121739536
996,4.689830309243964,6.220934299056223,-1.5311039898124363,3.055682423276963,0.11007900986460566,1.5978381139216475
997,4.477027364481321,6.107733893964953,-1.6307065294834047,3.0823080492622736,0.10161789401558903,1.6370601883997775
998,4.503598611032251,6.029005791746455,-1.52540718071441,1.4423836109463473,0.06097126666881184,1.8737037653600621
999,4.482454430520013,6.0943085454889125,-1.6118541149687644,1.4749577450424916,0.056577757291038325,1.9065587017986048
