,logR,logI,logS,d_G,p,sigma
labels,$\ln\mathcal{R}$,$\log\mathcal{I}$,$\ln\mathcal{S}$,$d_\mathrm{G}$,$p$,$\sigma$
samples,,,,,,
0,9.889521621762654,11.565696261003055,-1.6761746392403438,5.418085150093969,0.1451869606762358,1.4567443567504206
1,10.516929623003492,11.880329211756418,-1.3633995887530546,6.148876247238356,0.19192200356763833,1.3049143815194943
2,10.106796194004986,11.719444467699532,-1.6126482736945036,5.685922444376459,0.15620213284280882,1.4179610634115052
3,10.588532366554048,12.1544209704428,-1.5658886038886521,5.155772736755736,0.15196760174720791,1.432616017410123
4,9.691750094617149,11.452246645524355,-1.7604965509071917,5.120028221663556,0.13187011055757877,1.5067680937553536
5,10.10760635654215,11.742794978400589,-1.6351886218585605,4.979587961464219,0.14157807482218435,1.4699397417309148
6,10.275494262166106,11.949372092878768,-1.6738778307130815,4.785815307497224,0.13415248945950836,1.497925954670452
7,10.18012015710083,11.782827727255281,-1.6027075701540525,5.1544999344613736,0.14807554157170705,1.4463625447058959
8,9.859946994315763,11.443950266567526,-1.5840032722521755,4.429352519750804,0.13622507443746454,1.4899968110137838
9,10.047736688666376,11.770315962216763,-1.7225792735503092,5.173432153611298,0.13640897648143527,1.4892977632342894
10,9.95683863702034,11.740055890738773,-1.7832172537187034,5.567556891688788,0.13727192570140892,1.4860272032702084
11,10.013888894081632,11.46848404687286,-1.4545951527911711,4.987398766519117,0.16107400952908604,1.4014685376812053
12,10.058679010298604,11.644576542427977,-1.5858975321293656,4.899100529724453,0.14514567339217846,1.4568938882230456
13,10.23933934476527,11.641420072667358,-1.4020807279021028,5.632295120547074,0.17877108936307473,1.3445484835553927
14,10.10017627321595,11.643661966791527,-1.5434856935758035,4.868329514612675,0.14903659900384017,1.4429427505866455
15,10.147544382783238,11.773456468612721,-1.625912085829441,4.475928417179809,0.13293386090013315,1.5026324103056108
16,10.05313003961119,11.731970882309511,-1.6788408426982642,4.336227149453023,0.12501555626057642,1.534057302333928
17,10.044312694175645,11.8774210467462,-1.8331083525704344,4.069488822534577,0.10596998988239459,1.6165752873989339
18,10.08947802673056,11.881407750996175,-1.7919297242656285,4.499908024232809,0.11778468361135387,1.56414004441969
19,9.865172474121849,11.542574075311599,-1.677401601190013,5.066505453824931,0.13893040655352618,1.4797858481682733
20,10.246561479255163,11.809496192423659,-1.5629347131689428,5.895893613236385,0.1649468023313231,1.3886250291030222
21,10.354593118383676,12.112956602854553,-1.7583634844713742,5.353288194867719,0.13606909172811457,1.490590303136555
22,10.107487730427422,11.612813792932364,-1.5053260625049916,5.32424228095508,0.1615606641235208,1.3998419113794471
23,9.8827002642699,11.503341076614241,-1.6206408123448455,5.52120089687747,0.15260581740321877,1.4303875573626232
24,10.36377952265157,11.949730804792203,-1.585951282140286,5.500977096645212,0.15590290516351135,1.4189866603586987
25,10.357264896057771,11.86837951588386,-1.511114619826003,5.34729172832462,0.16132904734527298,1.4006156203648874
26,10.607909545408077,12.274611837688155,-1.6667022922797514,5.710932873907677,0.15103357362030106,1.4358902488892418
27,10.435878268448235,11.973531987448816,-1.5376537189999908,4.6768427836949975,0.14597037626979317,1.453913187062761
28,10.144995568844664,11.799736921456528,-1.6547413526113814,4.9315158999021484,0.13873501153378426,1.480518184276908
29,10.279055073744715,12.085481096763786,-1.8064260230185027,4.937475083111622,0.12444183923872863,1.5363937478234393
30,10.06547129676774,11.67079367373777,-1.6053223769704346,5.85334627501809,0.1597192024916419,1.4060165766127117
31,10.093887856484073,11.683202595190231,-1.5893147387059798,5.120009360348337,0.14885083923269624,1.443602436285962
32,10.652490697538454,12.373687471977696,-1.7211967744392496,5.1030957364151135,0.13530968459993312,1.4934872678779039
33,10.107300112692613,11.862338393447871,-1.7550382807553433,4.57775527970286,0.1225741320902502,1.5440586204703097
34,10.0694994294292,11.532539921631653,-1.4630404922022535,5.621366565261898,0.17149616928215927,1.3674121079878154
35,10.06242023483783,11.829973327350565,-1.7675530925121166,5.900686030928966,0.14409625936699264,1.4607055716385242
36,9.734434544380022,11.583504586402746,-1.8490700420229587,4.404684328486727,0.11104172375054004,1.5935283049111009
37,10.457700062684765,11.835040012823512,-1.377339950138321,5.720277819108233,0.18321898587537788,1.330908907719536
38,10.261244297549368,12.088032624004185,-1.8267883264552438,4.969088832391378,0.12316739250559629,1.5416141189781916
39,10.305994524239125,11.827063807474609,-1.5210692832356472,4.927666469462782,0.1525719592124253,1.4305056017837499
40,10.163526879611439,11.949846102154972,-1.7863192225440798,4.509192386968625,0.11845855437570901,1.561276379036846
41,9.75424361558835,11.446376207620496,-1.6921325920325216,3.9115687311311973,0.11506561780506745,1.5758272618725582
42,10.451521774954202,12.092453389722749,-1.6409316147683057,5.057820896718763,0.1424186486671268,1.4668434432686632
43,9.962118149995788,11.832306463406923,-1.8701883134112904,5.15159209457941,0.12245541680702834,1.5445488905546456
44,10.119368538706297,11.554933056667807,-1.4355645179616658,6.3212025832180565,0.18602446586977775,1.3224316186311507
45,10.044487458552979,11.632417152841988,-1.5879296942889596,5.0721850780483315,0.1481280223990171,1.4461753618080084
46,10.00175737408081,11.793820242775887,-1.7920628686952114,4.889313052744043,0.12489077946977424,1.5345647395342754
47,9.71632753741524,11.469129168525512,-1.7528016311102874,4.608053238852143,0.12334722603356923,1.5408749398757373
48,10.130420961812163,11.830539217858835,-1.700118256046153,4.198921730209509,0.12026491454876762,1.5536626170755299
49,10.378036223235725,11.796506486400965,-1.4184702631650907,4.618815190058648,0.15799078179452491,1.4118613777455462
50,10.627961547391081,12.071587759411372,-1.4436262120202628,5.364125548618702,0.16923720967512715,1.3746589296474687
51,9.85380866343958,11.549194710299886,-1.6953860468602215,5.061214904995609,0.13706959438730557,1.4867926082274956
52,10.302883849763205,11.882413923144505,-1.579530073380738,4.204331530226682,0.13206238533309825,1.5060186529826183
53,10.320003165160145,11.958421733550693,-1.638418568390989,5.371890773131064,0.1482180642626424,1.4458543282924288
54,10.173450572014374,11.731964110653138,-1.5585135386386355,4.878682277348105,0.14763511023545725,1.447935428288906
55,10.178798752963942,11.620063589891323,-1.4412648369270755,5.854820144667727,0.17792261215411254,1.3471789301046202
56,9.682591451782358,11.656872360284218,-1.9742809085018962,4.39147018502673,0.10064401639989556,1.6417394300008439
57,10.260908554918117,11.864255555108663,-1.6033470001907517,4.975444124623426,0.14475472220248212,1.458311426061722
58,10.088796181872297,11.894871313075654,-1.8060751312032153,4.987772484561589,0.1253567858965171,1.5326716168958112
59,10.20652878837582,11.650190139256345,-1.443661350880575,5.107512939419305,0.164568516795613,1.3898694736362482
60,10.528823457487036,12.079833847273648,-1.55101038978637,6.069314609165517,0.16902455078763406,1.3753448735603344
61,9.660100340310422,11.408190238560401,-1.748089898249873,5.320650618232918,0.13649485346112636,1.4889715770996295
62,10.651871689829207,12.225765533041404,-1.573893843211863,4.913926582638375,0.1466770084647178,1.4513694622197755
63,10.265228425478384,11.919868336064098,-1.6546399105859564,5.825185936093316,0.15412490991414426,1.4251117180057333
64,10.54721275272341,12.09230106731814,-1.5450883145949774,5.391139561628645,0.15838343818775505,1.410529343761395
65,10.2756132284796,11.950458232694615,-1.674845004215058,4.883097663593055,0.13585785907964593,1.49139485133668
66,10.307591623578176,11.947189663917584,-1.6395980403394788,4.989207592111871,0.1413083642772066,1.470936227208319
67,9.685303348116307,11.242552240804812,-1.5572488926882215,5.139700963601115,0.15259736824107906,1.4304170129607934
68,10.599704118144658,12.117829293529347,-1.5181251753842844,5.575248990775194,0.1645173529140199,1.3900379525935167
69,10.619329987764289,12.354395613898056,-1.7350656261337463,5.207877017529281,0.13580703673546501,1.4915885688954027
70,10.126672894797778,11.801962831925607,-1.675289937128582,5.697713558613767,0.1499464619335917,1.439720603061923
71,10.535941254943467,11.987548061728567,-1.4516068067850938,5.978370388981158,0.17874523471319487,1.344628500700303
72,10.038859087743461,11.889694960496477,-1.8508358727526684,4.440969632894564,0.11156709400816996,1.5911887940701814
73,9.649172774712227,11.531465630936282,-1.8822928562240122,3.997270004686076,0.10053937056758812,1.6422443710349683
74,10.209238292057037,11.825987488752716,-1.6167491966953094,6.58392325619873,0.16977677242606226,1.3729214340146523
75,9.654281253862067,11.426265161601862,-1.7719839077399229,4.792615052813829,0.12498664293914104,1.5341748506980226
76,10.469993457467538,12.062718006754892,-1.5927245492875954,5.373245518850403,0.15298406372207232,1.4290701786522715
77,9.977792412190595,11.632023254887109,-1.6542308426965064,5.6570954846759705,0.15141883628035258,1.4345378485924352
78,9.725973820082075,11.233671451857198,-1.5076976317754998,4.082396367633105,0.13688343306329004,1.487497613477171
79,10.053860213734154,11.656899715845036,-1.6030395021111872,5.259285830993079,0.14990599257059167,1.439863602002217
80,10.111805935022133,11.576625573010126,-1.4648196379885121,4.3941162748532925,0.14815704137209249,1.4460718818473632
81,10.578125872577587,12.279813642645216,-1.701687770067565,5.09350346833763,0.13702880684150942,1.4869470101441216
82,9.872974917173636,11.648950124910996,-1.7759752077372468,4.920403931628108,0.1269164718550525,1.5263751132998833
83,10.488424290632068,12.074548760299514,-1.5861244696670838,5.062900326426995,0.14814761617425093,1.446105489853636
84,9.866521985531747,11.49348024871648,-1.626958263184406,5.264891727747326,0.14752996907977395,1.4483114421002996
85,10.184060846656124,11.564154606692995,-1.3800937600367433,5.711365304159727,0.182737577443367,1.3323732204510579
86,10.295064976578672,11.779482405834734,-1.4844174292561547,5.394157589385394,0.16513149395014087,1.3880182302719761
87,10.193286697042552,11.626401015106893,-1.4331143180643267,4.420986988605698,0.15225786917747336,1.431601608056272
88,10.109017947052692,11.829307904131063,-1.7202899570779664,4.7411345366184,0.1288573543509258,1.5186232541933398
89,10.313812727023745,11.887585685852898,-1.5737729588295224,4.890148874861769,0.14624404156108553,1.4529269349252665
90,10.343414097467488,11.88266545059681,-1.5392513531292025,5.497823638948457,0.16086979748484984,1.4021522152297126
91,10.193962532054869,11.836477641384661,-1.6425151093299064,4.518946582625411,0.13213670611392545,1.5057291950180252
92,10.342564383907032,11.84585677981557,-1.5032923959083746,4.839811301117578,0.15283791908444833,1.42957888577348
93,10.46125579496784,12.18531735390026,-1.7240615589325898,5.731446185695528,0.14563316462122775,1.455130399794782
94,9.735080565526644,11.427956297763437,-1.6928757322366437,5.721666497962872,0.14856851288512937,1.4446062619616207
95,10.519216336474258,12.159726589090383,-1.6405102526164228,4.625442691441194,0.1344010973953572,1.496969872814048
96,10.01108872471714,11.891541699861001,-1.8804529751441805,4.585563203247148,0.11170964790086915,1.5905554913511921
97,10.309035057472741,12.187717839514136,-1.8786827820413237,4.5421161093185205,0.11107243960411639,1.593391284851599
98,9.673927690215535,11.22672483270771,-1.5527971424921816,6.303284428569103,0.172474549030972,1.3642956035945095
99,10.504192536818849,12.016450784836486,-1.512258248017588,5.469885718623388,0.16335175056599024,1.3938869337779762
100,10.238187476765873,11.639582435357177,-1.4013949585914816,5.920785846407757,0.1836864443484216,1.3294897526753622
101,10.632966453160591,12.190090171936262,-1.5571237187755287,6.167250365999941,0.1698963317000991,1.3725369906977234
102,10.105076371553608,11.745808621193582,-1.6407322496393135,4.972130924727882,0.14088222311324838,1.4725136521977495
103,10.16960576446418,11.886164515113798,-1.7165587506497104,5.743741293276585,0.14657134631314864,1.4517492263559204
104,9.870114248101075,11.329871895663295,-1.4597576475621281,4.432085665308957,0.149506436999382,1.441277019107493
105,10.206672336187879,11.839315139073399,-1.6326428028855844,4.644242180606533,0.13554563091585786,1.4925858448159022
106,10.28117319873327,11.916660234436279,-1.6354870357026812,5.5895343542730735,0.15221980379084998,1.4317345527865126
107,10.253900647083086,11.90891258211547,-1.6550119350322348,5.303945198205117,0.1453536032103491,1.4561411529671429
108,10.513462937939678,12.275733283970709,-1.7622703460315279,4.798111586082268,0.12597994637003568,1.5301486179338166
109,10.075953325057256,11.585332673114394,-1.509379348056882,5.696777487140881,0.1675460176241359,1.3801319628372017
110,9.982876320723065,11.496142980387589,-1.513266659665078,4.998810603951416,0.154757161906004,1.42292753934968
111,10.13030804749333,11.739418729034576,-1.6091106815410967,5.2684396461361835,0.14943580810957768,1.4415271665743237
112,10.222955398995694,11.764029280700939,-1.5410738817049605,5.398116719200299,0.158940995825337,1.4086421936176632
113,10.469541990880046,11.973685404058003,-1.5041434131780989,4.73663952616193,0.1507483456604463,1.4368931885351364
114,10.107146069911053,11.717163185839183,-1.6100171159282581,4.531879404869098,0.13562846709515788,1.4922696601085634
115,9.904848088423208,11.524165526345001,-1.6193174379218362,4.704945338179602,0.13804751828553805,1.4831012262178453
116,10.371654042499998,11.943689550098796,-1.5720355075982297,4.493785195156612,0.1387458436153475,1.4804775650884523
117,10.066797997199686,11.650282541633175,-1.583484544433304,5.028237661093751,0.14778975790606066,1.4473827372279566
118,9.909963682564651,11.658579940200077,-1.7486162576356037,5.001673885978313,0.13090763357178778,1.5105323799134953
119,10.400892739524537,12.19427323960172,-1.7933805000775465,4.729375415803016,0.12189404325616306,1.5468722935711285
120,9.84836548318772,11.45795949169981,-1.6095940085119764,5.396482227521375,0.15162027661050256,1.433831769279095
121,9.928106476718952,11.611824667108863,-1.6837181903897545,4.568797008156778,0.12909406646777405,1.5176840515462715
122,9.761612951649752,11.28176166952224,-1.5201487178724165,5.683856257698373,0.16613343156763904,1.384735265444871
123,10.59915064237721,12.068304345917745,-1.4691537035405418,6.006002833003809,0.17717417556163165,1.349506993468628
124,9.87942530302071,11.521814964473613,-1.642389661452853,4.986886232021984,0.14098467523390346,1.4721340758714916
125,9.781909905169144,11.670713296936505,-1.8888033917673965,4.304890833291758,0.10587067886106159,1.6170352188720298
126,10.542158125113659,12.14327149233732,-1.6011133672241158,5.603019549939866,0.1560303640391834,1.4185496151562853
127,10.322418501178802,11.917686412402503,-1.5952679112238002,5.512626187482258,0.1551164915995193,1.4216892177630691
128,9.89599138872218,11.618149327449167,-1.722157938726923,3.8762737200539235,0.11161246622527696,1.5909871565194624
129,10.193955485689187,11.713074601177318,-1.5191191154885928,5.186947052814087,0.15757752385056406,1.41326601072859
130,9.816492771564484,11.469514675733961,-1.653021904169691,4.651215187521494,0.1336588141166227,1.4998285720596447
131,10.1236964211259,11.77972323395334,-1.6560268128273492,5.952414796564309,0.15602064444468833,1.4185829332428206
132,10.140512604205199,11.721517653317925,-1.5810050491131733,4.462446319794697,0.13719644953247292,1.4863126224245085
133,10.488948975882252,12.157975248248022,-1.6690262723659544,6.282884585246375,0.15981311544675705,1.4057003754127513
134,10.691891572369244,12.380764087504751,-1.6888725151356994,5.143206421537865,0.13916195755843958,1.4789190264672034
135,10.57779790514924,12.117248872186678,-1.5394509670377374,5.222383768476007,0.1560031819176758,1.4186427975141302
136,10.220328485369194,11.861392400485734,-1.6410639151167743,4.67887943407111,0.13537058366650828,1.4932544893475972
137,10.52333179910893,12.37142908397113,-1.8480972848619786,5.5694573068934154,0.13130128530911617,1.5089902074208594
138,10.549743567214321,12.13154372475973,-1.5818001575453309,6.021326416019452,0.16492361117643617,1.3887012590939818
139,9.887450632306084,11.593518970980185,-1.7060683386739584,5.497511871477645,0.1435565187583184,1.4626743107680515
140,9.940210267095338,11.701513507311411,-1.761303240215966,4.632704823505453,0.12302766962188341,1.5421890112160737
141,9.908249239776254,11.598644396013306,-1.690395156237173,5.065312071882605,0.13763078281322755,1.484671809724777
142,10.172150539149428,11.785144197162971,-1.6129936580136928,4.074921906884846,0.12601075456901456,1.5300241367752014
143,10.459276680330007,12.260666566732148,-1.801389886401921,4.603374755086342,0.11886959057365226,1.5595359165949825
144,10.377688962605319,12.105073597096933,-1.7273846344919548,4.552885834166528,0.12465875730033742,1.5355093698086038
145,9.754524049321574,11.362728924631647,-1.6082048753096387,4.48566646354568,0.13489791805926532,1.4950633180271358
146,10.021601017022661,11.523441521030044,-1.50184050400685,5.058308098105776,0.1571188151639465,1.4148283997287394
147,9.352468832984144,11.028667584271162,-1.6761987512868473,4.391675751670309,0.1263665556019399,1.5285882303019063
148,10.450530220769636,12.10869903308722,-1.658168812317399,4.551388226035225,0.13123288295542462,1.5092579233107626
149,10.380372092420842,11.96640338370893,-1.5860312912882364,5.539822508681642,0.15655678550851299,1.4167474266453006
150,10.182296900144777,11.780396756542729,-1.5980998563977664,5.338843396170976,0.15181973488178904,1.4331333409984968
151,9.847779008264482,11.500965108884678,-1.6531861006201325,4.414660001717412,0.1290397125464382,1.5178995931868886
152,9.868612166832648,11.421757528343832,-1.5531453615117243,5.028271780825889,0.1509971423213107,1.4360182708653715
153,10.93403560867337,12.457063855485082,-1.5230282468114638,5.981590669879143,0.1707086995620954,1.3699301738912812
154,10.254979178218221,12.094391344870175,-1.839412166652437,4.906517489250113,0.120952885501522,1.5507863806223463
155,10.105476648927564,11.750502238863469,-1.6450255899358126,4.575447538183575,0.1329889481403432,1.5024189392684457
156,9.719681734040662,11.285800298800687,-1.5661185647604725,4.883428629467289,0.1469218520304271,1.4504902647275826
157,9.538533150296828,11.26908849298048,-1.7305553426831466,3.985085089878744,0.1131291597391453,1.5842837601050586
158,10.244901986936569,11.965150532127332,-1.7202485451907705,4.444331813371427,0.12324224734795776,1.5413063369082647
159,10.157793757431321,11.822992014544575,-1.6651982571133885,5.3043758291640515,0.14433460208068494,1.4598380002740492
160,10.3522704359536,11.982411226353243,-1.6301407903997642,5.274616255509489,0.1473739978959609,1.448869615613484
161,10.403993322423688,12.083531279252071,-1.679537956828426,5.661229025992039,0.14891866681620972,1.4433614884681194
162,10.204459704702643,11.7250021615654,-1.5205424568625858,4.769909605826651,0.14961553540637987,1.4408908006910783
163,10.230909031407194,11.829461803082253,-1.5985527716748038,4.418355673069502,0.13452714197331453,1.4964856602550558
164,10.911242492820932,12.44299107672569,-1.5317485839050278,5.019663935328047,0.1531361320012634,1.4285412445538488
165,9.283457694895972,11.015926362742704,-1.7324686678466605,4.312290988624181,0.11954165184449816,1.5567003234244856
166,9.704476407275891,11.382422434178807,-1.6779460269031006,4.544891561545121,0.12918931668501757,1.5173065047218255
167,9.863872212655863,11.648284988937128,-1.7844127762814423,4.689759819150449,0.12197980969875098,1.546516784359129
168,10.491464316617297,12.114348637041509,-1.6228843204244185,5.719360266395661,0.1556843491212542,1.419736701145316
169,10.170583040337718,11.823261239201464,-1.6526781988636685,5.934265267729234,0.15607682300031553,1.4183903788527985
170,9.868935111597423,11.65933199598502,-1.790396884387519,5.315179691767497,0.13241630415788821,1.5046413699058527
171,10.48287440869099,12.241264645753304,-1.7583902370624855,4.840859447216324,0.1271139765997499,1.5255820847146155
172,9.964598262214352,11.65487881884092,-1.690280556626476,5.356669876288425,0.14273298739736184,1.4656891646110157
173,10.00943099642582,11.64396619691729,-1.6345352004914275,5.311086316368005,0.1475611132715605,1.4482000405251976
174,10.43140339422935,11.838625764730246,-1.4072223705006763,5.404568457207912,0.17419144345804982,1.3588584624249493
175,10.485043766736638,12.221539161618004,-1.7364953948813309,4.3005301640031455,0.11894309814235084,1.5592251588809407
176,10.322116030051532,12.034000228139952,-1.711884198088228,5.52314800691375,0.14341183738176405,1.4632030101652183
177,10.241864997103406,12.01840400313852,-1.776539006034909,4.2329103411024995,0.11402835132452058,1.5803429394478001
178,10.795414910144885,12.16107470288641,-1.3656597927410985,6.176116495437327,0.19207875978447378,1.3044542171519193
179,9.956950865923503,11.594809283886917,-1.6378584179628888,5.264962291872919,0.14641536151507975,1.4523102399097108
180,9.826663606152763,11.432950056270272,-1.6062864501172953,5.854170653118871,0.15963068303247668,1.4063147468795536
181,10.001876164407534,11.561198675080234,-1.5593225106727004,5.438515622370751,0.15767153349948124,1.4129462339357806
182,10.161188179748208,11.8693278955812,-1.7081397158326581,4.886182172141275,0.13268068567912436,1.5036143826021529
183,10.061137481354038,11.814544047159437,-1.7534065658055624,4.821592888763533,0.12722755662023746,1.5251264680581804
184,10.371463325466905,11.92329181342123,-1.551828487954026,5.374867277217156,0.15736991738533912,1.4139727031109781
185,10.27924454357408,11.850982386473419,-1.571737842899438,4.90480345411309,0.14673245910550442,1.4511702487987679
186,10.0183385903144,11.646980007650335,-1.6286414173355297,4.872443617275739,0.14026422959827692,1.4748077777133712
187,10.213514106322421,11.956003254513362,-1.7424891481914528,5.055220690902491,0.13243315996275584,1.504575846331987
188,10.308732576902187,11.95392960743682,-1.6451970305347459,5.164305906483094,0.14389374056768647,1.4614436083175542
189,10.214534931742222,11.963608447542526,-1.749073515800319,5.461945427286075,0.13877855325217517,1.4803549221471153
190,10.149817107084985,11.706228459489346,-1.556411352404666,4.560034774339535,0.14168890229215436,1.469530696058261
191,10.501872916848427,12.18397015949003,-1.6820972426412482,4.666171680238133,0.13110613403324506,1.5097542844759093
192,10.141281026247455,11.61834385208192,-1.4770628258343095,3.67535799959499,0.13088634687564218,1.5106158752460876
193,10.078807007222807,11.799758787237884,-1.7209517800147296,4.45062590494528,0.12329850074754183,1.5410751347971146
194,10.289731700647465,12.045537291761342,-1.7558055911135853,5.255805253612678,0.13465540425945594,1.495993288072073
195,10.263497810006996,11.858207723092399,-1.594709913085353,5.143654699994993,0.14871347117509306,1.4440906736329293
196,10.561086818186325,12.042884414848118,-1.481797596661636,5.844327868765067,0.17310028206478392,1.3623093374595288
197,10.229221908625007,11.92130351463458,-1.6920816060096513,4.930475239855628,0.13503898555016805,1.4945229594039484
198,9.948530497427058,11.60621451245256,-1.657684015025552,4.709552161837298,0.13430923573152032,1.4973229896054057
199,10.285747511394405,12.016073717387535,-1.7303262059931512,4.357615807232634,0.12062559074720952,1.5521531178446242
200,10.073166350249451,11.515548932784249,-1.4423825825342647,5.079100000550206,0.16418635603563253,1.391128855899279
201,10.146021117552849,11.750612932904716,-1.604591815351796,4.882363274577877,0.1429001825930948,1.4650760043366906
202,10.073744291450751,11.563681279360658,-1.489936987909914,6.141708929159432,0.17697004032018449,1.350143241188988
203,9.966749740794697,11.627174892688537,-1.6604251518938327,4.831649424497769,0.13632803719710856,1.489605339663698
204,10.379063776048682,12.074040439055352,-1.6949766630068552,5.477731915678593,0.14432185712642606,1.4598843643130495
205,10.528199228470115,11.857293287711606,-1.32909405924147,5.270344483870566,0.18116672621503177,1.3371713048540574
206,10.344928571069161,12.02816546166062,-1.6832368905911608,5.0930827923449336,0.13882875602737146,1.4801667329700916
207,10.169658342563892,11.85032406282349,-1.6806657202596398,5.941157082658361,0.1533247407971763,1.4278857675304995
208,9.805153908017203,11.246861739867136,-1.441707831849726,5.514651671092718,0.17210746448288303,1.3654633505530962
209,10.298051800813667,11.985611625143356,-1.6875598243295826,4.521368043701507,0.12781303589531678,1.5227828744613319
210,10.337547775646456,11.846046757565688,-1.508498981919729,6.2617941533542805,0.17675193323339564,1.3508236407837424
211,10.082317248807342,11.550245891110265,-1.4679286423029225,5.353594386214045,0.16627421075165005,1.3842751804275404
212,9.864997007527748,11.579608853836035,-1.7146118463078892,5.085800108610638,0.13563921594038333,1.4922286428283924
213,10.288594348935206,11.772293245254744,-1.4836988963193107,5.3142490704501455,0.16379420825984403,1.392423447377002
214,10.050776196542486,11.66425050180711,-1.6134743052648446,5.233920055182768,0.1483740359737855,1.4452985821372644
215,11.043696877589994,12.462393694332334,-1.418696816742795,5.816358024018118,0.1799196751372729,1.3410023945916625
216,10.331682554696002,12.013274181494474,-1.6815916267983084,5.220828407587629,0.1412442095460417,1.4711734714995048
217,10.060954340516858,11.735723918449153,-1.6747695779322385,5.737554975113998,0.1506502337836378,1.4372385110835926
218,10.288248597027817,11.769904145395202,-1.4816555483671436,5.22818321649909,0.16247599460531936,1.3967924458108547
219,9.774117076937458,11.60335337212436,-1.8292362951870018,4.356862848091001,0.11183415294761703,1.5900028929391434
220,9.73089789276328,11.592194283834296,-1.8612963910709368,5.712751606544828,0.1323854498107202,1.5047613267539848
221,9.997372575343164,11.695300262443212,-1.6979276870997637,5.370792090329687,0.1422181367752317,1.467580762213785
222,10.400936324119542,12.13356042624411,-1.732624102124646,5.116668382461754,0.1344522370920166,1.4967733723650707
223,10.116905116726414,11.640605730087543,-1.523700613361143,5.005477421051605,0.15374457693013382,1.4264288987172073
224,9.871296949735736,11.490541691350998,-1.619244741615148,4.670947388398581,0.13740311169378683,1.4855314008441123
225,9.883112436553532,11.624023360536775,-1.7409109239833924,4.935242715776617,0.1304485058458187,1.5123356120808895
226,10.662628045801924,12.24508580189999,-1.5824577560979378,4.603453799929294,0.13984198111582472,1.4763797300564159
227,10.242139758605575,11.607384864768626,-1.365245106162547,6.319954698869811,0.1943742941066348,1.2977469802745845
228,9.966934029905318,11.729991157012506,-1.7630571271074587,4.646214731979434,0.12311823211782452,1.541816332148857
229,10.143228896636813,11.746889227520754,-1.6036603308834856,5.604290478422946,0.15578357813665294,1.4193960679675393
230,10.11399799664214,11.442109982770987,-1.3281119861294428,5.849288281892939,0.19137954540557262,1.3065089265090388
231,10.456432987288466,12.210800715410308,-1.7543677281219061,5.148026775313301,0.1329338759622545,1.5026323519283487
232,10.726370011245038,12.48389683787461,-1.7575268266300554,5.204512135348164,0.13361223412692502,1.5000083711575796
233,10.085272373871888,11.82392995912847,-1.738657585256533,5.053184979463115,0.1327605870002943,1.5033043185968218
234,10.009204115349078,11.721249059922556,-1.7120449445733357,4.797935997429114,0.13069032253420676,1.511385260266843
235,10.33523991505281,12.009977276240718,-1.6747373611879084,5.148132718275267,0.14064598048543442,1.473389720458593
236,9.892437345330748,11.513265247540915,-1.6208279022098395,5.253957407175633,0.14796838035646606,1.446744913119115
237,9.849714888541442,11.584030506176603,-1.734315617635275,4.403597062292523,0.12115336571672866,1.5499506317893736
238,10.526177852179174,12.221505002300319,-1.6953271501215568,5.020850268063967,0.13635389809410278,1.4895070506516905
239,9.85515503486586,11.36947821535022,-1.5143231804845527,5.02451070871593,0.15512064894742156,1.4216749034687484
240,10.33315114148509,11.974205299607497,-1.6410541581221878,5.940322513083483,0.15737542424988046,1.4139539486262656
241,10.041439222403099,11.657755786542523,-1.616316564139197,5.871334726815398,0.1588515585141579,1.408944571860259
242,10.291954199264367,11.944500331265353,-1.6525461320006798,4.8129516918763855,0.13676053131355367,1.4879634560112054
243,10.64977765287695,12.213545069223606,-1.5637674163467636,5.492662409297278,0.15812800518579567,1.4113955811648327
244,10.064986713901092,11.611962425204766,-1.5469757113032756,5.244551286175152,0.15558745128850662,1.4200694908928477
245,10.500973977251036,11.998371909382392,-1.4973979321312072,5.597392510290508,0.16720135850966092,1.3812524318428872
246,10.10090553649816,11.639413353417432,-1.5385078169192639,4.964286561812784,0.15137620559031711,1.4346873674371454
247,10.545616833484658,12.07216836222397,-1.526551528739219,5.12058317011487,0.1555585068078788,1.4201689294733064
248,10.23046172360064,12.023992344934989,-1.7935306213339572,5.292867558183989,0.1317494027535138,1.50723901646455
249,10.28386602669589,11.933765663741326,-1.6498996370455643,5.071053316590955,0.14175299838784078,1.4692942402571287
250,10.566509731117279,12.381457674216001,-1.8149479430985593,5.524420633085235,0.13360627869612113,1.500031362660205
251,10.530008560869831,12.303658698901621,-1.7736501380322807,4.638752069093819,0.12201483434690703,1.546371660400465
252,9.75298343292998,11.489079678173887,-1.7360962452444255,4.942101702290994,0.13102622644670586,1.510067401663939
253,9.93673615823009,11.761951539529747,-1.8252153812995857,4.7783685205140145,0.1199374977687849,1.555035991449316
254,10.202505273286263,12.074907226702749,-1.8724019534165564,5.372491013134162,0.12592787862368682,1.530359052643121
255,10.181381891338972,11.839180754473297,-1.6577988631343032,5.567290049250865,0.14956089177072987,1.4410842173280252
256,10.142506703238453,11.737732753829448,-1.5952260505914637,5.377867346858078,0.15280137284617964,1.4297061554765698
257,10.106415318709153,11.641467246850361,-1.5350519281410016,5.045083911944566,0.15324977994078445,1.428146207461256
258,10.215030103647408,11.884442393751428,-1.6694122901044466,5.851135150651935,0.15303230146903848,1.4289023515878099
259,10.908516379866072,12.653573700095642,-1.7450573202295345,5.2520475361449925,0.13561291421569,1.4923290138882865
260,10.07167890492083,11.732336723624648,-1.6606578187038394,4.788276140456595,0.13549684974619383,1.4927721117897488
261,10.185874923423128,11.748235804376357,-1.5623608809532925,5.089896147815445,0.15114665010401157,1.4354930405084014
262,10.652912509059846,12.224484787492692,-1.5715722784325408,5.346294731843571,0.1547528007641192,1.4229425821180601
263,10.326600865244203,12.024875477036815,-1.69827461179284,4.869919416263784,0.13333429796589297,1.5010822160372712
264,10.78761605626569,12.46417016741804,-1.6765541111526545,4.806712916584452,0.13427965120804303,1.4974367524487693
265,10.47727826996443,12.010860477710409,-1.5335822077458943,4.975296012477276,0.15211219210128682,1.4321105274315797
266,9.901518842604858,11.472009535815623,-1.5704906932105587,4.983932542087565,0.1483379058543563,1.4454272784163558
267,10.910234770253922,12.494138007201194,-1.5839032369467532,4.804201764116581,0.14356464062796356,1.4626446436853298
268,10.176431605985911,11.63956112626763,-1.4631295202816545,5.453407828143046,0.16858143201521228,1.3767762623923703
269,10.314236908796559,12.072697406732757,-1.7584604979360847,4.153646370594355,0.11406132785352767,1.5801988815203252
270,9.839860709475673,11.54234935919748,-1.7024886497219995,5.324491400626016,0.14097700862004145,1.4721624726771778
271,10.456043636758025,12.101766430177726,-1.6457227934197363,5.588442632798287,0.15114847864983136,1.4354866191614875
272,10.730894931577225,12.335681774289476,-1.6047868427117464,6.24394187865623,0.1659433150777043,1.3853570569037144
273,9.853807447133661,11.380230611599622,-1.526423164465541,5.959877889260941,0.16998250915026986,1.3722600125212112
274,10.570831047301184,12.318510803218565,-1.7476797559174884,4.8436855817496856,0.12816212450341768,1.5213894910165606
275,10.12899631635419,12.015229877367695,-1.8862335610133414,5.0228376407256015,0.11888067523802079,1.5594890458593633
276,10.794085474717306,12.650597319340314,-1.8565118446231281,5.588641006298314,0.13084764781600985,1.5107676961386913
277,10.167057664503048,11.902572783417035,-1.7355151189140088,4.236706036522943,0.11777209327838443,1.5641936701837882
278,10.511928742242347,12.17608535966712,-1.664156617424851,4.689158010483528,0.13328731197676627,1.501263924054454
279,10.241825157356473,11.929444712181983,-1.6876195548252326,5.47637994726146,0.14503074590829768,1.457310296391232
280,10.06131822120797,11.67721592680784,-1.6158977056002186,4.17669608836983,0.12785909004874013,1.5225988804780797
281,10.809972049391675,12.498170913363076,-1.6881988639715928,5.516700966832374,0.1456504864205119,1.4550678217905615
282,9.910119259034857,11.740074675977255,-1.8299554169420844,4.434039690649669,0.11322375786753906,1.5838680129644551
283,10.28943217991646,11.900472530179663,-1.6110403502630106,5.7747750362776,0.157835555146166,1.4123886548199633
284,9.741718265892999,11.298930642528383,-1.5572123766355617,5.027438853793033,0.15054835049974105,1.4375972892725153
285,9.781844751593965,11.491679399858704,-1.7098346482648594,5.435219876581332,0.1421390791159184,1.4678716911226148
286,10.476022873477362,12.045324880640656,-1.5693020071635146,4.791991259840877,0.14485444225370456,1.4579495758314398
287,10.494335619733377,12.042927783976666,-1.5485921642434732,5.925964758886934,0.1669950655784184,1.3819239099601521
288,9.934392158310587,11.6440476459723,-1.709655487661621,4.7405138880205975,0.1298555718803817,1.5146716713880513
289,9.777802915999203,11.460314763640156,-1.6825118476403986,4.904032267651807,0.1354903853512645,1.4927967994487743
290,9.888964046511049,11.669662180840263,-1.7806981343292136,5.75802001009934,0.14058200697106704,1.4736271507485663
291,10.240637385815447,11.851997084029591,-1.6113596982140734,4.623396260852729,0.13728114509038525,1.4859923477109938
292,10.481152612159534,12.115339173030193,-1.6341865608701482,5.708201204069912,0.15432548808857338,1.4244180642689364
293,10.141317177982913,11.794701700384358,-1.653384522401666,5.122905116586772,0.14233114875511144,1.46716509838389
294,10.464735536620722,12.187031244228763,-1.722295707608282,4.589606308619672,0.1258305855974366,1.5307524495768252
295,10.284343613748845,11.958274540032214,-1.6739309262834468,5.316700478300007,0.1436728178795885,1.4622496229513298
296,10.429301034466974,11.835424608880764,-1.4061235744134137,5.509866789778361,0.1761755188225945,1.3526248208187674
297,9.687934587158182,11.412978173330245,-1.725043586171978,4.166814543800388,0.11732749678412814,1.5660902224266908
298,10.201598937452857,11.832158745450485,-1.6305598079975425,5.628077452103923,0.1533733128394264,1.4277170631601477
299,10.725289230378351,12.457253746364188,-1.7319645159864194,5.523009596599859,0.1414462995801488,1.470426422424507
300,9.81327164091472,11.429965860798617,-1.6166942198842662,4.7701149471484605,0.13955331255536332,1.4774564924452245
301,10.49838456640164,12.037960307402564,-1.5395757410010447,6.339019224836605,0.17447702642252294,1.3579579532672466
302,9.496776065972156,11.325878441079198,-1.8291023751071407,4.595059045605073,0.11627790219923358,1.570590051867452
303,10.365468432672245,12.262542969357987,-1.8970745366859774,4.826815028516627,0.11458144875119745,1.5779310590116076
304,10.801934632636133,12.53650719194075,-1.7345725593045245,5.123349680996498,0.13438312411320014,1.4970389475318229
305,10.026359245963889,11.909336696826358,-1.8829774508621995,4.719572234425058,0.11389157151954238,1.5809408122763537
306,9.683505920583414,11.16728355083972,-1.4837776302560997,5.322542061715289,0.16393335808094303,1.3919638071379041
307,9.921874207318709,11.582763212169354,-1.66088900485056,5.592417288027253,0.14966622744387767,1.440711419317606
308,10.410205183805104,11.950796194246607,-1.5405910104414033,4.6133795437830685,0.144410730937093,1.4595611213989286
309,10.634229710830098,12.108295976138017,-1.4740662653080108,5.365431869646859,0.16578977957368593,1.385859598491704
310,10.156034497441581,11.716794746588356,-1.560760249147279,5.099969629748216,0.15150065974759544,1.4342509585285894
311,10.294973805569683,12.002178481505894,-1.707204675936282,5.251302746453099,0.13925392562734473,1.478575047956508
312,9.787587852661275,11.420160656664436,-1.632572804002848,4.321912370604846,0.12919709785034014,1.5172756717821898
313,10.39072308303021,11.841740505827133,-1.4510174227966672,6.113960556772838,0.18098688058879026,1.337722601129496
314,10.413050877133813,11.980560832700775,-1.5675099555669476,5.612708813344604,0.15976963911163433,1.4058467410374769
315,10.277889480216075,11.775696046043414,-1.4978065658274318,5.710247747243212,0.1690654552480348,1.3752128835207251
316,10.57538528518144,12.193882986930369,-1.6184977017487654,5.0212360384659185,0.14403682612382362,1.4609220809568135
317,10.551277621079137,12.261174325836457,-1.7098967047572842,5.000699802701359,0.13457988124697245,1.4962831612624787
318,10.11039324498661,11.870392568441694,-1.7599993234548492,4.309553030316806,0.1169953247763765,1.5675108814522871
319,10.178085355220176,11.74505151082765,-1.5669661556071333,4.749716258936402,0.1442894375090767,1.4600023156738995
320,10.80981457350181,12.443469540146978,-1.633654966645281,5.952272470959944,0.15833539628520596,1.4106921850954086
321,10.195531431874954,11.663700676708523,-1.4681692448334616,5.632543978608609,0.17110166046518546,1.3686725310140504
322,10.701706117141569,12.171775508224762,-1.470069391083598,5.205916645740444,0.1633753510003074,1.393808796878998
323,9.855921588950608,11.578538126048102,-1.722616537097565,5.084087859792618,0.1348380657771544,1.4952927139798204
324,10.289128436218292,12.002641420649354,-1.7135129844314179,5.012776885464792,0.1344473333284274,1.4967922122037418
325,10.19646371746758,11.903912931897636,-1.7074492144301985,5.043735583764086,0.13558521235700635,1.4924347443138823
326,10.014769251081091,11.775104356288097,-1.7603351052071048,4.467037449691329,0.11999789464328514,1.554782431562819
327,9.990480783361093,11.600768420890724,-1.6102876375298365,5.9954975937920665,0.16147627843271148,1.4001237022286286
328,9.823412170814393,11.346420384080346,-1.5230082132661664,5.348964171635188,0.1600493674725934,1.4049055450804981
329,10.15267942352257,12.002186170113298,-1.8495067465910324,4.89272094652852,0.11982390033849998,1.5555131704746188
330,10.478812247879617,11.905256554656013,-1.426444306776375,6.715460067103136,0.19300047366721712,1.3017540574748152
331,10.212523367407996,11.705971153994433,-1.4934477865867848,5.692766484317875,0.16926099473465953,1.3745822497279925
332,10.12136414338984,11.99139661830413,-1.8700324749138417,4.772644315999575,0.115933582872731,1.5720731703541122
333,10.228950450494906,11.676820063861072,-1.4478696133660378,5.7064826017242645,0.17468264679505768,1.3573102658866925
334,10.151201718669384,11.810288682694633,-1.6590869640249366,4.967564542078161,0.13896087470628374,1.4796717257222776
335,10.002599388232014,11.687225715141729,-1.6846263269098927,4.02925000113526,0.11822497644914612,1.5622675359612936
336,10.300248966359234,12.023999369556321,-1.7237504031973003,4.954409995871146,0.1324201753910305,1.504626320688984
337,10.466337828134513,12.04804059223872,-1.5817027641041932,4.63575291883221,0.14055120696475745,1.4737414910366837
338,10.28237022744743,11.933305001393663,-1.650934773946119,4.82854865731073,0.1372114522747056,1.4862558787158746
339,10.828480886934543,12.499337974942428,-1.6708570880077787,5.157366066701513,0.14119503366539807,1.4713553800568768
340,10.26707370040431,12.03553750794557,-1.7684638075415933,4.554284155085174,0.12091062777575848,1.5509626801571483
341,10.090913809378165,11.812344014521408,-1.7214302051429513,5.361913424376912,0.13976479013348897,1.4766674924095933
342,10.339514155789587,11.98018335923534,-1.640669203446123,5.1929179907852046,0.1448601379490893,1.4579289138479097
343,9.624739059903007,11.458100356181028,-1.8333612962774168,5.001173953302729,0.12313929664383023,1.5417296789661392
344,9.996985711363962,11.62487527147804,-1.6278895601139993,5.195198709441772,0.14620411298514158,1.4530707439816082
345,10.46812374585825,11.996237753671274,-1.5281140078132012,5.45104534775345,0.16127783483982414,1.4007868074538736
346,10.151651824461808,11.770714063581948,-1.6190622391200122,4.993394189575966,0.14347033861216846,1.462989183816387
347,9.82964710573124,11.496093689666246,-1.666446583934885,4.632714320046148,0.1319896164590596,1.5063021890295227
348,10.550833216799859,12.101360534502525,-1.5505273177027448,5.772596495484322,0.16427704514691774,1.3908297970451926
349,10.232714520277298,11.618576165390671,-1.3858616451138914,5.567819689416137,0.17958707039766747,1.3420275272742868
350,10.311473368437603,12.013329171369165,-1.7018558029317319,4.661346791116486,0.1291177068362364,1.5175903271566427
351,10.132479985025569,11.642231094572693,-1.5097511095473237,5.993833119093534,0.1723851490265255,1.364579826048564
352,9.681240150556008,11.512514341960994,-1.8312741914051003,4.361680502269856,0.11175065592473281,1.590373429275922
353,9.95062040862122,11.61148170154717,-1.6608612929262563,4.530343791899551,0.1305620993887951,1.5118890136481933
354,9.92956916296562,11.445799008016493,-1.5162298450513845,5.018435462021717,0.15479933242104738,1.4227820983431947
355,9.681068219571173,11.313883127887664,-1.6328149083165044,4.689287667378604,0.13639187562136854,1.489362736273819
356,9.940353912388403,11.607780949269518,-1.6674270368816906,5.2596324853580185,0.14333312035569007,1.463490832365165
357,9.976623578311958,11.764550082690192,-1.7879265043784471,4.396797550178185,0.11618915795393905,1.570971977697061
358,10.702465025339919,12.45747186564607,-1.7550068403061232,4.875662704973088,0.1280566778934391,1.5218100686340574
359,10.35130468933967,12.05045368993764,-1.6991490005980268,5.138380863323825,0.13806923804774987,1.4830194695069288
360,10.148594656577373,11.705828513864653,-1.5572338572874287,5.505973850709768,0.15905990761670985,1.408240364574004
361,9.961225922973156,11.632756791001228,-1.671530868028185,4.002306418307601,0.11888048420402489,1.5594898536043729
362,10.163819861422965,11.89149371627412,-1.7276738548512185,5.012411397297978,0.13308316992223534,1.5020539748309762
363,9.795839757555953,11.670966211910368,-1.8751264543543584,4.4014275807842544,0.10879208759006843,1.6036460793245138
364,10.381138076473874,11.955257810253116,-1.5741197337792983,5.628605817095288,0.1593281919545135,1.407334607172149
365,10.15328833997701,11.770437073537408,-1.6171487335600432,6.089919949623031,0.16224182727521355,1.3975713483291425
366,10.24568780957243,11.856211473870893,-1.6105236642983982,5.1445785510943445,0.14708771958827124,1.4498952950088504
367,10.06454593048484,11.79381219757164,-1.7292662670865866,4.924915513814476,0.1313645279532948,1.5087427819962018
368,9.351950315306297,11.044383706641732,-1.6924333913352712,4.746121505103346,0.13161063232879894,1.5077808210329926
369,9.858302483409446,11.546888040999704,-1.6885855575901587,4.963165915077038,0.1359726091651135,1.4909576686059554
370,10.08251936404504,11.793923390752795,-1.7114040267069868,5.127571919306213,0.1366862313914125,1.4882452365467385
371,10.559103756401512,12.153472764951047,-1.59436900854962,4.903639766755685,0.14435141664368767,1.4597768364711803
372,10.242192498653097,11.858653097789023,-1.6164605991361896,4.859981580757761,0.14126796926633767,1.4710855983642992
373,10.31753415684689,11.955214193309963,-1.63768003646328,6.030694427696943,0.15915860367289889,1.4079070215377283
374,10.274693878257679,11.83373245015165,-1.5590385718942343,4.570356529211047,0.1416189925079826,1.469788692752393
375,9.999919831621085,11.719964244040028,-1.7200444124187015,4.789817006722171,0.12977971681289316,1.5149711244831292
376,10.685538551552057,12.247735508503077,-1.5621969569510838,4.746464377487829,0.14472698898573175,1.4584120944388081
377,10.061573047418008,11.771968967397719,-1.7103959199798737,5.1923209453137815,0.13791816777798782,1.48358832796961
378,10.583521284886686,12.200415189013228,-1.6168939041263002,5.813182042013967,0.15784790767007512,1.412346681130752
379,10.345590485279175,11.843799183083036,-1.4982086978038751,4.6097772514307,0.14889206390542936,1.4434559815267363
380,10.173401272604409,11.90485374031362,-1.7314524677090048,4.796986065239896,0.12883295690531482,1.5187201321150372
381,9.863249983099834,11.422665149531454,-1.5594151664317906,5.554246177416616,0.1596500551542969,1.406249482848476
382,10.019348299362449,11.597863028083296,-1.57851472872062,5.635210566889469,0.15896899549212534,1.4085475561253016
383,10.159867195746031,11.84099622710498,-1.6811290313585232,5.661871487717356,0.14876903652865134,1.4438931402625266
384,10.072613633545828,11.570472842763145,-1.497859209217495,5.062485323946749,0.15763588254640773,1.4130674847718252
385,10.422765593722218,12.224416066368065,-1.8016504726451785,4.95924709947673,0.12525740739864913,1.5330748751995178
386,10.233141410049669,11.745830505767536,-1.5126890957176329,5.2988731412516366,0.16029535216470386,1.4040789128918032
387,10.397495793230703,12.047667610121337,-1.6501718168906336,4.799142359792874,0.1367383344355808,1.488047624721754
388,10.638697438968123,12.275696408523146,-1.636998969554952,5.209006877278647,0.1455181146384159,1.4555461825008105
389,9.821703862383586,11.606364045415987,-1.784660183032429,4.755111885537136,0.12314990252899091,1.541686053896531
390,10.349847133805909,12.040069553894803,-1.6902224200889577,4.536056345358247,0.1278418817305245,1.522667624532201
391,10.078098234823486,11.469373457367645,-1.391275222544209,5.260737614932811,0.17348704482888802,1.3610843181116477
392,9.581384908940166,11.355206565468137,-1.7738216565276161,4.885880509456673,0.1264983607033142,1.5280571035213881
393,10.459937882704892,12.125742678434378,-1.6658047957294002,5.411646353835181,0.146119108812251,1.4533770000287705
394,10.076333912446628,11.78666946507748,-1.7103355526314772,4.526088987943069,0.1257439125637183,1.5311031050140658
395,10.407075800243277,11.997940832438125,-1.5908650321948699,5.64526206925207,0.1578224587571698,1.4124331588692625
396,10.32184832438061,12.1105445220173,-1.788696197637364,3.541525941171848,0.09879479146178234,1.6507247510098602
397,10.225105431750947,11.88971530122435,-1.6646098694736793,4.925835381068293,0.13765063851978113,1.4845968948562906
398,10.108217288985728,11.74866648445257,-1.6404491954663172,5.205067728037058,0.1450973805461137,1.4570688333088206
399,10.461873241565357,11.81370286114192,-1.3518296195770745,5.192803531766877,0.1769661596569695,1.3501553417156562
400,10.712028521545292,12.462376326103424,-1.750347804557805,5.468507499592054,0.1387656436604486,1.480403323274464
401,9.860774976720862,11.440221202450516,-1.579446225729498,4.248318003726677,0.13298725314123339,1.5024255066147272
402,10.729127635129956,12.38690519799838,-1.657777562868887,5.722997968962506,0.1521409023341233,1.4320101995740375
403,10.300090807104155,11.85981664785178,-1.5597258407474328,5.48452290468024,0.15842267689362208,1.4103963692134742
404,10.678633408854424,12.266951447052875,-1.5883180381983948,5.204501562162758,0.15047312661505893,1.4378623061814197
405,10.308636377104179,11.951467200036141,-1.6428308229315007,5.1323022423891125,0.14356346112658486,1.4626489520179615
406,10.311551725135999,11.951524626323426,-1.6399729011873205,5.1454559379189995,0.14408773588275575,1.4607366176273595
407,9.880866800292736,11.39612850184497,-1.5152617015514807,5.259028755911771,0.1592998520302244,1.4074302313363782
408,10.136116549755755,11.639347304325554,-1.5032307545698131,5.334760917148767,0.16197983139129418,1.398443822212066
409,10.292704915582092,11.994281405369883,-1.701576489787385,5.192105361215862,0.1387744722927968,1.480370222258796
410,10.29230353780504,11.975743956250085,-1.6834404184446612,5.288902520538183,0.14224486882726414,1.4674824174668106
411,9.826720981961628,11.286411776460291,-1.459690794499238,5.060511442034084,0.16186943971314155,1.3988117570847811
412,10.210836720526643,11.761714238122025,-1.5508775175949268,5.519384473229227,0.1599770437576351,1.4051487718196796
413,9.833581869535195,11.576961736112871,-1.743379866577925,5.85265569305756,0.14568203481508601,1.4549538623808427
414,10.308100524725162,11.828416532790719,-1.5203160080659472,5.708526731872272,0.16652868672338378,1.383444262016609
415,10.709895057422003,12.138696032802656,-1.4288009753804545,5.519982340830765,0.1736962118655793,1.3604226596411415
416,10.191662362558148,11.883086775828325,-1.6914244132699423,4.557192867199863,0.12813328069685895,1.5215045088432784
417,10.064990442317324,11.881839521266443,-1.8168490789489624,5.16206416482186,0.12739125854109123,1.524470348097044
418,10.45998085986794,12.04855940950133,-1.588578549633894,5.218579912298399,0.1506968426646118,1.4370744413041399
419,10.183844409659471,11.767445810630733,-1.5836014009714745,4.650732901594424,0.14064704014879512,1.4733857883399977
420,10.07616915650597,11.694259545023925,-1.6180903885183398,5.566951553470471,0.1536444576720932,1.4267760465466732
421,10.004735460630584,11.766206288169883,-1.7614708275391422,5.499606849493432,0.1382181096034182,1.4824593594390094
422,10.497058791804832,11.968578584392844,-1.471519792588424,5.190806569181728,0.16293646531345468,1.3952632650942296
423,10.246893781927795,11.945842967942873,-1.6989491860149428,5.53972564228431,0.14496583627092677,1.457545590336512
424,10.139254550946774,11.945926734247145,-1.8066721833001793,5.1736752747958334,0.12851647286461498,1.5199781277553306
425,9.701594068196485,11.226790971221305,-1.5251969030246073,5.945207592561946,0.16988149461842542,1.3725846883676096
426,9.2600676211393,11.017422373842308,-1.7573547527026676,4.705824311390806,0.12474408782930357,1.5351618049398226
427,10.658853284856562,12.20966247501346,-1.550809190156997,5.771114119340698,0.16422185042159618,1.3910117938396231
428,9.753241023724243,11.228743374751652,-1.475502351027444,5.128791133208832,0.16135205994877092,1.4005387099274895
429,10.077874689608237,11.719342043496631,-1.6414673538884017,4.64678631828842,0.13471630375132482,1.4957596345426662
430,9.916538466095247,11.46573511838259,-1.5491966522872644,4.530852238353738,0.141863571994368,1.4688865180664392
431,9.786031669758998,11.29442711870636,-1.5083954489477946,5.177366698126509,0.15858160376603922,1.4098580429124088
432,10.51756685517212,12.214531702958254,-1.696964847786603,5.360656843286346,0.14214010923313342,1.4678678995350365
433,10.591271727079132,12.063042944910833,-1.4717712178312468,5.772705836309328,0.17305296851309096,1.3624593372133271
434,9.598622303121559,11.333870957373207,-1.7352486542513361,4.902012114947258,0.1303850110672952,1.5125853763119406
435,10.376514061605306,12.079190180118367,-1.7026761185124997,5.87570179668835,0.15006839109892048,1.439289942886131
436,9.940493023982256,11.669571201397396,-1.7290781774154311,4.6862805137735855,0.1270102062997089,1.525998627528797
437,10.169494287220644,11.722204469471713,-1.5527101822508484,4.703649838099853,0.14489769623132667,1.4577926811655257
438,10.585256420346653,12.23057390740059,-1.6453174870534895,5.886688075702352,0.15607590007117172,1.4183935418068412
439,9.970165545136481,11.587680260318706,-1.6175147151825513,4.811580770620431,0.14025299256475182,1.4748495639093429
440,10.140053138640909,11.7592343324838,-1.6191811938429055,4.8836728639041596,0.14143281620054596,1.4704762397436493
441,10.09735629298639,11.767423173609302,-1.6700668806224712,4.775141403206302,0.1343263251782619,1.4972572835326814
442,10.342131791921659,11.96985424466233,-1.6277224527402723,4.9948334079778505,0.14261376635172662,1.4661267245460845
443,10.086793046989172,11.634865947171178,-1.5480729001819782,5.0355537287820304,0.15167372832010936,1.4336445327805152
444,10.43745508937009,12.013466044290524,-1.576010954920548,4.776651104868034,0.1438607414168783,1.4615639421506155
445,10.109162845430276,11.618602802860465,-1.5094399574300041,4.8740499413658505,0.15282094030151397,1.4296380103102335
446,10.22845012900116,11.903237696337179,-1.6747875673363524,4.553238475135128,0.12965490160622803,1.5154641534275002
447,10.053288804546085,11.606301551672487,-1.553012747126104,5.543576877113036,0.16015982912599677,1.4045342196854733
448,9.799832780994805,11.38217467692806,-1.582341895933041,4.642852561358282,0.14062361282655828,1.473472725990288
449,10.406319825666017,11.985067264863865,-1.5787474391977412,5.225912995902373,0.15186321648340392,1.4329811774677057
450,9.938954277087035,11.46353176106355,-1.5245774839763726,5.215320010140303,0.15749330089221547,1.413552620567499
451,10.60501186813481,12.209892988090097,-1.604881119955735,5.108347933302031,0.14701959961791314,1.4501395803701234
452,9.847340142001215,11.59336820393083,-1.7460280619297919,4.969845869399936,0.13058524488738044,1.5117980529884174
453,10.187371305556738,11.804874567977151,-1.6175032624200867,5.153287897577968,0.14652386313090296,1.4519199555740019
454,9.839818244378606,11.413016804523146,-1.5731985601446468,5.284063238975161,0.15348381566981462,1.4273334070404655
455,10.110517208746117,11.825025830017722,-1.7145086212713068,5.084560192632871,0.13562725849447516,1.4922742722505717
456,10.617212483720053,12.260613483520807,-1.6434009998006331,4.756884826947008,0.1366182356172844,1.4885032123573874
457,10.236549969809587,12.022036281209743,-1.785486311400291,4.320411701009537,0.11494008586411691,1.5763720498205123
458,10.388656572969197,12.248095300522692,-1.8594387275534245,4.575563516648945,0.11330746309863067,1.5835003669255319
459,9.980758095367221,11.493412062165149,-1.5126539667980978,5.853278732150052,0.1697785335327968,1.3729157696964525
460,10.230069848918177,12.050700397088136,-1.8206305481699019,4.706797981921312,0.11905484716528554,1.5587530213505687
461,9.831775794232001,11.476248442298896,-1.6444726480667669,4.615852242975794,0.13382402202495314,1.4991912589606102
462,10.258491441349818,11.868989150666522,-1.6104977093164052,5.431646399535122,0.15213249258287534,1.4320395859420791
463,10.10157973182477,11.629022581064547,-1.5274428492398329,5.881985732256702,0.16860634531676183,1.3766957110962301
464,10.29137486872078,11.828848828132976,-1.5374739594117273,5.231082838896086,0.15637348736296383,1.4173744201644043
465,10.370081729806955,12.169632906915957,-1.7995511771086967,4.864962213899773,0.12377812498379892,1.5391072107209776
466,10.465778301126832,11.890945249097392,-1.4251669479704105,5.575285902201998,0.17507800698131032,1.356066511017392
467,9.994583737721499,11.501930121361305,-1.5073463836397423,6.358866244927356,0.17837348023126948,1.3457799908684374
468,9.85351456676672,11.694228603494231,-1.8407140367271495,5.459581762115718,0.13019078109813723,1.5133499892870312
469,10.51000777731197,12.069420902881113,-1.5594131255688808,5.587799670438315,0.16022050418810216,1.4043303381454184
470,10.11604839353295,11.852938379856774,-1.7368899863236038,4.449887317246837,0.12181008488418842,1.5472204976442674
471,10.098969550677069,11.733143343465123,-1.6341737927882605,4.908881363603289,0.14038100447937182,1.4743736892928638
472,10.669795642644843,12.275895685513134,-1.6061000428680927,5.5636753798092045,0.1548430465962231,1.4226313652017373
473,10.837735480323957,12.58450544284836,-1.7467699625244677,4.734173433050504,0.12624575260159437,1.5290754016097174
474,10.430093746315563,12.284511048666992,-1.8544173023515214,5.242357185692544,0.12537110664670942,1.5326135266637553
475,10.394627609573675,12.124101552272954,-1.72947394269886,5.615459170419271,0.14321410582294838,1.4639262293766013
476,10.618671468983578,12.25856613749594,-1.6398946685126248,5.239395839592579,0.14575895142460013,1.4546761026375148
477,10.285098850961916,11.899838584736187,-1.6147397337740585,6.001918476785157,0.16110811806062256,1.4013544102140763
478,10.217735579940566,11.770356539038985,-1.5526209590984763,4.232496636503708,0.135400532131892,1.4931400450208676
479,10.374093384243864,11.99715989478193,-1.6230665105381377,5.030809789993722,0.14374407522001617,1.461989543796881
480,10.490370050826826,12.104824360671195,-1.6144543098444046,4.8689464006466565,0.14163995396655768,1.4697113258290087
481,10.356216950396814,11.907942234962569,-1.5517252845656913,5.226018586594357,0.15474462664326258,1.4229707777587253
482,10.35533654959427,11.824210923211986,-1.4688743736178367,4.892935463130183,0.15766809299741186,1.4129579343653889
483,10.563237801111612,12.19848655816746,-1.635248757055706,4.443277496388195,0.13136315625441278,1.5087481475404911
484,9.84222265618537,11.460242083259445,-1.6180194270737047,5.746443386065447,0.15663839981054906,1.4164684341507312
485,10.47231760305722,12.083417091729657,-1.6110994886726075,5.006066781413544,0.14451860882345546,1.4591689635578327
486,10.159842904026576,11.883036276076083,-1.7231933720495363,4.771902414990745,0.12915140878264433,1.5174567357712339
487,10.373842189461541,12.06435552146025,-1.6905133319987726,4.809259737437909,0.13296902542448624,1.502496134775663
488,10.212773155271137,11.90909431762583,-1.6963211623547068,4.309294158941466,0.12282948767370282,1.5430053095168734
489,9.791738999252814,11.27352601343491,-1.4817870141819185,4.775698789653617,0.1539660574928951,1.4256615597382452
490,10.317089833097455,12.085847790087008,-1.7687579569897025,5.298179365993718,0.1341536511345773,1.4979214839835076
491,9.706438295010415,11.422555893794438,-1.716117598783967,4.41460648796075,0.12305017228921963,1.5420963891640145
492,10.660554841035903,12.05670701445176,-1.396152173415885,5.506546209707249,0.1772961586767849,1.3491270577031378
493,9.918527564654326,11.448793421461822,-1.5302658568075458,5.1626787836769985,0.15592145793254467,1.4189230277006988
494,10.459383918200913,12.120924106106074,-1.6615401879053024,4.8689161308506534,0.13690799604551127,1.4874045494952766
495,10.15196961921238,11.745353042330215,-1.5933834231182118,3.880294982587145,0.12373813741911477,1.5392710541821137
496,9.977575750726558,11.812110707987074,-1.8345349572600753,4.450672161508539,0.11314026877848504,1.5842349230516932
497,10.22943054318803,11.871340693442384,-1.6419101502547164,5.194808710546113,0.14476757048833028,1.458264793275378
498,10.116000853476365,11.931499758052134,-1.8154989045756338,3.9992773525083045,0.10605523900509545,1.6161807522953013
499,10.334247412536754,11.942445389768686,-1.6081979772320665,4.8865758843150005,0.14260873620319534,1.4661451921524415
500,9.789465457925601,11.56397077553087,-1.774505317605417,4.393085100040519,0.11731092295547209,1.566161031769779
501,9.927741639529543,11.702017925123371,-1.7742762855937144,4.5433942598477834,0.12018089755772914,1.5540147531681656
502,10.402795823937325,12.097268277315635,-1.6944724533782392,5.051051154038433,0.13697751849621095,1.487141213334701
503,9.896129480953917,11.428984264301228,-1.5328547833478297,4.785374076963894,0.14858929356738662,1.4445323255521594
504,10.091304915822278,11.765029985522332,-1.67372506970014,5.453050734904117,0.1460266383899059,1.4537103106199132
505,10.827687922481076,12.457950521692432,-1.6302625992111643,6.0013188415639895,0.15946862418694602,1.4068609525241216
506,10.04471506097589,11.627100686633277,-1.5823856256570252,5.3132509435727115,0.15302509044794962,1.4289274373590601
507,9.669897957565539,11.281393685483714,-1.611495727917827,5.286343654607393,0.1495031400193418,1.441288694067746
508,10.267785468339937,11.931079730628163,-1.6632942622877636,4.2659527883555945,0.1250893806025252,1.533757262382585
509,9.698413869460367,11.368125583968215,-1.6697117145076845,5.284814578902541,0.1435425788112071,1.4627252327794977
510,10.26061169158693,11.747944179878772,-1.4873324882919405,5.311275996046668,0.16333381748636278,1.3939463127501595
511,10.42444935496242,11.84214450368227,-1.4176951487202132,5.642691147346312,0.1771095834508564,1.349708254755769
512,10.320627169312232,11.800513778472713,-1.4798866091605305,5.836649280185227,0.17319048986220814,1.3620234335282155
513,10.088254868326842,11.443650698658935,-1.355395830332327,5.110690472388075,0.17500599557136334,1.356292893873931
514,10.223816294130486,11.82831564282175,-1.6044993486912063,5.995808239128234,0.1620941716337379,1.3980629262842867
515,10.565850764692826,12.189712758262061,-1.6238619935688803,4.840317454530126,0.1401484914829573,1.4752382865407012
516,10.067913678137032,11.919456379996284,-1.8515427018592163,4.847793551760088,0.11885754928982852,1.5595868362123844
517,10.412617591044366,12.148773155035023,-1.7361555639909056,4.977548408708003,0.13165500388610227,1.5076075320056244
518,10.296703085398534,11.845395194695946,-1.5486921092979173,5.475623908563719,0.15946095092310553,1.4068868250202844
519,9.981214937297139,11.584636749742153,-1.603421812445049,4.800285430804745,0.1414776089718053,1.4703107570462424
520,10.441720390381946,12.107281291703266,-1.6655609013214416,4.768876357084871,0.1346512285926408,1.496009311875953
521,9.722268857170278,11.272684864086742,-1.5504160069167483,5.01757137287926,0.15109088028190032,1.435688917130296
522,9.77466703549517,11.424076517048164,-1.6494094815525386,4.353175415467689,0.1281823818102917,1.5213087248240758
523,9.636729364164879,11.32252061494463,-1.6857912507794026,4.573411682828617,0.1289835412644952,1.518122415729944
524,10.54186594468338,12.404377936936235,-1.862511992252621,4.886546335510374,0.11858215780423033,1.5607525042689339
525,10.690060826535685,12.366132442619865,-1.6760716160843003,4.474442454553365,0.12800308779577646,1.5220239178831367
526,10.110029094516179,11.699708020368746,-1.589678925852695,5.391529091690426,0.15362276265198146,1.426851293297402
527,9.701436239580474,11.29572657938921,-1.5942903398090493,5.136690611025376,0.1486318834082534,1.4443808181484512
528,10.139983313848191,11.840097629263362,-1.700114315414794,5.474306423937627,0.14375527170437866,1.4619486872108636
529,10.127227549640068,11.776979143685736,-1.6497515940454832,5.284409489597159,0.145546006340114,1.455445360707358
530,10.077719455783338,11.706527054150484,-1.6288075983675299,4.022099984587413,0.12335453595323534,1.5408449113348637
531,10.37156897977475,12.160752113793322,-1.7891831340189128,4.791883415545289,0.12340568671542651,1.5406348271321142
532,10.200962086471193,11.701396899573801,-1.5004348131024017,5.217356395737156,0.16018639128540235,1.4044449578092266
533,9.774435471066866,11.376197865270314,-1.601762394203888,4.409271664100729,0.13402091278324585,1.4984325191518744
534,10.174721116846015,11.675637877708674,-1.500916760862765,5.642596565700941,0.1675764228449302,1.3800332001722249
535,10.099925758815246,11.857696984841901,-1.757771226026307,5.084176690619181,0.1315004391978548,1.5082113661044787
536,10.151777062108252,11.852319298777083,-1.7005422366692073,4.993261130711183,0.13535153110049128,1.4933273065334582
537,10.15574701491478,12.010222174185046,-1.8544751592703506,4.317886723012343,0.10895837207179454,1.6028925803520349
538,10.350417529619975,12.162784999558383,-1.8123674699381809,5.263229928836491,0.12951511541938862,1.5160167564697726
539,10.451417201856842,12.105352581896447,-1.6539353800394565,4.900781866915235,0.13825063241959862,1.4823370584100384
540,9.854198559626823,11.563686078528754,-1.7094875189022787,4.399554423193017,0.12337524126250765,1.5407598631901531
541,9.985531060210818,11.638517482297395,-1.6529864220869968,4.62976205447659,0.13325158635530468,1.5014021182473962
542,10.24999203055286,11.879497422136438,-1.6295053915832796,5.0865690482535655,0.1440967688430168,1.4607037159646659
543,10.395382012607755,11.960352321272381,-1.5649703086646696,5.161497214402868,0.1521685826879922,1.4319134842726544
544,10.254998757494107,11.746379812574254,-1.4913810550806375,6.480003732875598,0.18201238794843874,1.334584456847963
545,10.32598528671015,12.056959640087072,-1.7309743533769506,6.407256718314162,0.1554052424388755,1.4206957024414624
546,10.502554744107059,12.179585253374512,-1.6770305092668423,4.596001825014561,0.13025998703579802,1.5130774491508596
547,10.327064918043291,12.06686610975833,-1.7398011917152871,4.058941308839405,0.11381582342373726,1.5812721550827584
548,10.40484092393281,12.20610336568037,-1.8012624417478946,4.604177690289905,0.11889573155251512,1.5594253867629322
549,10.078648612478176,11.732622948687478,-1.653974336209103,4.878875726177171,0.13784268187780668,1.4838727517732897
550,10.069951148910334,11.732044308474663,-1.6620931595643924,5.087271933124331,0.1408221996405967,1.4727361326146235
551,10.353805255680257,12.01776941363952,-1.6639641579590716,4.953023492019074,0.13821129710521324,1.4824849804335958
552,10.322749232559275,11.98379830613758,-1.661049073578397,4.676205603563222,0.1333461064854283,1.501036556967912
553,10.18676236125448,12.03080569744106,-1.8440433361865871,4.077174074332824,0.10521104107733832,1.6200988655986774
554,10.170048437091467,11.892926684735144,-1.7228782476440756,5.096040872961574,0.13502372238553004,1.4945814038609289
555,10.366240334365287,12.184471033057982,-1.818230698692787,5.039990383719051,0.12516768547561083,1.5334391632972646
556,10.15725847747008,11.958473028784901,-1.8012145513148425,5.610733756065809,0.1362831763818836,1.489775875439908
557,10.093486271941586,11.585980380238901,-1.4924941082967962,4.171515773903167,0.14043038858208212,1.4741901968396516
558,9.787248811317752,11.358311067032979,-1.5710622557157876,6.05349149514398,0.16659192368308565,1.3832379279414713
559,10.102137350038632,11.689438245629091,-1.5873008955900332,5.255724940237172,0.15149113581120138,1.4342843453566048
560,10.25783417685507,11.896809002600904,-1.6389748257461179,4.208105008216577,0.12625379532896674,1.5290429558231893
561,10.29497370962936,12.00268921112768,-1.7077155014985692,4.924780715630245,0.13342256507944528,1.500740996262802
562,9.93404273440747,11.5883448428594,-1.6543021084517022,5.599241692887137,0.1504509451755128,1.437940471608213
563,10.153289960549685,11.944394402341821,-1.7911044417924131,4.076123944061447,0.10966283038153979,1.5997104597031582
564,10.175325903208162,11.688660317351165,-1.5133344141431735,5.300500645766867,0.16025322929466734,1.4042203988255968
565,10.310665075223099,11.904232260321749,-1.5935671850984363,4.9030283101658085,0.1444230112043167,1.4595164688325588
566,10.199859309075421,11.796411392379952,-1.5965520833046867,4.413944195099091,0.134640548686672,1.4960502969506844
567,9.928085206817471,11.67830395351644,-1.7502187466989199,4.73122714818637,0.12587142450988315,1.5305872917007912
568,10.119950942388826,11.681701841413052,-1.5617508990239912,5.866363354681944,0.16459539921683453,1.3897809675774153
569,10.27341070867233,11.818068214689141,-1.544657506016847,5.096276567284978,0.1531558144535956,1.428472812932907
570,9.982296418685294,11.788392090580935,-1.8060956718954913,4.488436429616129,0.11631778678442924,1.5704184764218367
571,10.04661710530327,11.82046733308669,-1.7738502277829866,5.067175384326493,0.1297014272401427,1.515280330803146
572,10.53306500782874,12.113650271853224,-1.5805852640246485,5.106150106338426,0.14951554687904386,1.4412447610669614
573,10.342702045287481,12.025106277641257,-1.682404232353747,5.208654599721271,0.14095072668354744,1.4722598288429827
574,10.723949960628218,12.276973669761539,-1.553023709133413,4.8589667698071715,0.1478439397419099,1.4471892028015712
575,10.260427454202457,11.845117972572098,-1.5846905183698254,5.433136309079799,0.1548706205658851,1.4225363025720752
576,9.918619032388236,11.477476792618859,-1.5588577602306941,5.429214584603635,0.15756022712485915,1.413324861830971
577,9.960885971249539,11.564028593947079,-1.6031426226973053,5.445906708777997,0.15314658603623393,1.4285048973070325
578,10.114902016018462,11.745290871834392,-1.6303888558159088,5.657635028701982,0.15388278124380309,1.4259499791693682
579,10.093977828805421,11.982194349400856,-1.8882165205955062,4.333334799568977,0.10644808471238554,1.6143658951795996
580,10.200823557830702,11.689438647896587,-1.4886150900656503,6.323885728552554,0.179954817044643,1.3408941647794634
581,10.141371412600805,11.862271216776023,-1.7208998041751329,4.94363728653844,0.13249858751545548,1.5043215709724274
582,9.832852280427872,11.497819273231379,-1.6649669928037838,5.966887587666587,0.15533231939939746,1.4209464789823332
583,9.720023687417054,11.492660486784963,-1.7726367993682288,3.9880649102749004,0.10948726810678718,1.600501979658377
584,9.745341048216417,11.323054951789025,-1.5777139035726577,4.233838693715789,0.13286187520466822,1.502911468550955
585,10.896097177124105,12.488177583142637,-1.59208040601834,5.332269653962928,0.1523366335181885,1.4313266010826091
586,10.200859185702669,11.926133474858013,-1.7252742891550952,5.32317287490627,0.13873185598383778,1.4805300177231544
587,10.074865129491357,11.744893326240877,-1.6700281967496267,5.3692158708335995,0.14496797438990053,1.4575378384848765
588,9.974437069971103,11.685999465133818,-1.711562395162673,4.6923482766001605,0.12877611093755303,1.5189459126661653
589,10.33602070229172,11.94331715701157,-1.6072964547197444,4.740151136684638,0.13993946216401612,1.4760165024085052
590,10.093082621701981,11.901027498979524,-1.8079448772773503,5.437471851673539,0.1328277636331713,1.503043745637406
591,9.51870366090607,11.188431284023125,-1.669727623117069,4.739933800336544,0.1336999570433361,1.4996698003814275
592,10.027119870482423,11.797604841510783,-1.7704849710280541,5.207207334777269,0.13243960464738894,1.5045507956150046
593,9.827420951709612,11.53822217100192,-1.7108012192925344,4.840188357678116,0.13158538554309226,1.5078794402412385
594,10.489596101957162,12.216271596151607,-1.726675494194751,5.645224988475444,0.14397504645903994,1.4611472106679169
595,10.592953720771405,12.043501505797302,-1.450547785026174,5.318978180486322,0.16763636486770528,1.3798385350698126
596,9.973158238213003,11.588276793422061,-1.615118555209392,4.867468392322063,0.14154460368672062,1.47006332646744
597,10.924923791734912,12.420819320630763,-1.495895528895744,5.584916713754996,0.16715645119407319,1.3813985509542852
598,10.048053154933498,11.608632472292307,-1.5605793173590428,5.1688787641321845,0.15276952927377152,1.429817067359468
599,10.243384407087618,11.898699690048652,-1.6553152829610553,5.572561004698127,0.14990203496261334,1.4398775878341803
600,10.13108131681902,11.838571845668667,-1.7074905288495756,4.342631289194831,0.12244489780542038,1.544592349810473
601,10.171699609950522,11.70244255602045,-1.5307429460694948,4.808799423296158,0.1492660953476279,1.4421286100378667
602,10.41307080991119,11.987972352990752,-1.5749015430797044,5.290703225006254,0.15342038893502796,1.4275535934008883
603,10.945482203948998,12.57005680111952,-1.6245745971709766,5.669889914022988,0.15469022234411725,1.423158467631997
604,10.142546326772575,11.741580742013419,-1.5990344152405669,5.174027625783534,0.14880757130060787,1.4437561832389463
605,10.01499527128108,11.681766352125358,-1.666771080844228,5.068688150834568,0.14002327396280032,1.475704363861102
606,10.47014672708265,12.14061066190331,-1.6704639348204182,5.342166179179042,0.1444591805271562,1.4593849696182273
607,10.446341916484656,12.067556919245192,-1.6212150027608914,4.930548892275272,0.1420949235565335,1.4680342358391145
608,10.067954941943484,11.704137412523309,-1.6361824705795698,5.547504516156383,0.1514421659360252,1.4344560379433622
609,9.974821972232533,11.645894645389703,-1.6710726731571413,4.456973182007836,0.1281424134798214,1.52146808869686
610,10.062136129818285,11.638411873968664,-1.5762757441507347,5.710766365340245,0.16047054141927788,1.4034907734146163
611,10.249937875115577,11.878978216093302,-1.6290403409780083,4.756053173302206,0.13803998493654926,1.4831295852819832
612,10.019038023958458,11.728572086207045,-1.7095340622481672,4.825006333737939,0.13142818851504398,1.508493814791318
613,10.538807581480981,12.224879946354768,-1.6860723648737803,5.540489218348988,0.14626087594819842,1.4528663122320618
614,10.426179629643869,11.976625537460542,-1.5504459078165382,4.91925806903912,0.14925532474839603,1.4421667974708086
615,10.399363385228938,11.918219659857108,-1.5188562746279786,6.576715630409687,0.1803563985235235,1.3396584905088404
616,9.80990836580277,11.461376017114972,-1.6514676513124869,4.98016228736142,0.13995083388671642,1.475974142504372
617,10.012490009656815,11.675822974278041,-1.6633329646215316,5.279110149179903,0.1440831451050613,1.4607533396862762
618,10.043661996294034,11.58662722146913,-1.542965225174612,5.237306292250313,0.15589070950542414,1.4190284924005516
619,10.308759482992812,11.97632213875616,-1.6675626557630494,4.680983335034675,0.13279918406933905,1.5031545910795683
620,10.170882816106953,11.771303421223692,-1.6004206051170513,5.669656638265401,0.15721836242042617,1.4144890424515795
621,9.915037378274704,11.553910635209412,-1.6388732569344029,4.908413187226614,0.13989890223328788,1.4761676105701291
622,10.285066661223667,11.65284261641927,-1.3677759551951567,5.146430546539783,0.17418371855433865,1.3588828361432141
623,10.917760489799733,12.707235673472532,-1.7894751836724936,4.750497503847505,0.1226301065695644,1.5438275858980395
624,10.326772113228074,11.875189772443136,-1.5484176592149197,5.027502840801112,0.1514881702512818,1.434294741661636
625,10.14033835755545,11.944421569820115,-1.8040832122646862,4.611390243309668,0.11877816351188918,1.5599226403280095
626,10.423468967986267,11.936574301151474,-1.5131053331656403,5.694372104063959,0.16709111491925088,1.3816111943575928
627,10.707363942541818,12.406149741230521,-1.698785798688732,5.849229246021071,0.15003517066236655,1.4394072527438244
628,10.020600237234888,11.7899602702607,-1.769360033025805,4.391589525140372,0.11774238767996831,1.5643202125000137
629,10.202464899388545,11.643907678912761,-1.4414427795240954,5.695388383554246,0.1752380519590942,1.3555636250295737
630,10.164930999412448,11.705953681336204,-1.5410226819235504,5.462720010589372,0.1600705763624149,1.4048342347302822
631,9.995066065791619,11.577214101581767,-1.5821480357903965,4.283220856840995,0.1334356080354599,1.5006905900963663
632,10.328718847889107,11.761001099884432,-1.4322822519948204,5.3845234753794955,0.17090980244513004,1.3692862881282706
633,10.249749979476022,11.854316216016414,-1.6045662365399949,5.048004219052874,0.14595792134783298,1.4539581065478981
634,10.216978244345412,11.730815345190152,-1.5138371008447393,5.311070942293405,0.16038602010096628,1.4037744649215111
635,10.19572839497387,11.718479545702756,-1.5227511507291638,5.393834173775673,0.16086736210988345,1.4021603725296468
636,9.718390245556932,11.56394521008658,-1.8455549645295832,4.340204428541082,0.11013040910780522,1.5976072626420013
637,10.518123500790537,12.148370640850452,-1.6302471400595095,4.966925956199169,0.14184662112598131,1.4689490057899042
638,9.975093016403392,11.707201517991415,-1.7321085015878452,5.211892210759462,0.13616013103772168,1.4902438476782818
639,10.040778187472554,11.691099152840629,-1.6503209653678823,5.2618946100968245,0.14509509431046688,1.4570771165043086
640,9.949643303390715,11.59805405994856,-1.648410756557496,6.137685846398401,0.159715546759467,1.4060288881610261
641,10.054749207985608,11.699419314404423,-1.6446701064187437,5.093576379813388,0.14268447275585228,1.465867187088569
642,10.807177055319883,12.470178970637129,-1.6630019153176363,5.830713554334611,0.15335761154526123,1.4277715937281967
643,10.99831502982461,12.432447993744013,-1.4341329639191827,6.3376994116499965,0.18644568151857713,1.3211670163453144
644,10.487561895273487,12.07716351148295,-1.5896016162096203,5.582596298428971,0.1569029100960469,1.4155649820310432
645,10.671733569498159,12.437035997969353,-1.7653024284709318,5.496845233807274,0.1378075073535225,1.4840053270972726
646,10.140271064803258,11.757550821288682,-1.617279756485459,5.5633528253877955,0.15366828735157717,1.4266934052775186
647,9.882118090602674,11.497824639883092,-1.6157065492802758,4.439374600361145,0.1332250961005569,1.5015046066218172
648,10.358188339009487,11.987624244207893,-1.6294359051985339,5.957630931461797,0.15886109216966307,1.4089123334286922
649,10.369556502233266,12.03776289093642,-1.668206388703311,5.1272889911604125,0.1409259834014444,1.4723514981266417
650,9.920426066160147,11.54523309152566,-1.6248070253654987,5.418817363797714,0.15042633029231542,1.4380272225601904
651,10.14305002178817,11.864763228371359,-1.72171320658299,4.834916633325697,0.13044855383183826,1.5123354233578725
652,9.720383675573615,11.304276367868887,-1.5838926922947394,5.145882333781621,0.1498863966328648,1.4399328550456507
653,10.323471010294455,11.806360502392323,-1.4828894920974562,5.465091225154374,0.16654753504965858,1.38338275618832
654,10.507836760520334,12.035470140858365,-1.5276333803376474,4.617515657554591,0.14587123413152306,1.4542708309248271
655,10.203742004731978,11.707286219695334,-1.5035442149637674,4.88716921855093,0.1537157718887902,1.4265287580670751
656,10.35090730559223,11.9743538197933,-1.6234465142010777,5.71540317326204,0.15556048540730957,1.4201621315602893
657,10.492080277057724,12.216061820371898,-1.7239815433140393,5.2544152641348205,0.13767747721468937,1.4844956466638706
658,10.020689272508847,11.552848769462777,-1.5321594969536818,4.877595263225693,0.15042632710987977,1.4380272337768412
659,10.418251505274114,12.067444392027753,-1.6491928867535535,5.283385352247002,0.14558477607946593,1.4553052419942112
660,9.78535670017773,11.576864387168108,-1.7915076869903714,5.344407128741562,0.13280402439407044,1.503135816648092
661,10.099469298808984,11.980008729696415,-1.8805394308874384,4.26143511286093,0.10573382307139963,1.6176695895609914
662,9.675195913083556,11.684492107564566,-2.0092961944810668,3.6147839354814124,0.08362402720262457,1.730034971622517
663,9.882612380117465,11.62349967346217,-1.740887293344258,4.872214951647731,0.12931531429682716,1.5168074153398008
664,10.374568128915328,12.12335467390286,-1.7487865449875244,5.070824864643232,0.13211234246317916,1.5058240704969905
665,10.345164342498904,11.969051036511111,-1.6238866940120715,5.462210731459528,0.1512651752134578,1.4350769354903774
666,10.103075795745738,11.695526048916335,-1.5924502531706821,5.821577153250473,0.16056771057617794,1.4031647695908134
667,10.144328399295048,11.809396810116155,-1.6650684108208225,5.0452501624075765,0.13977184514717728,1.4766411867555829
668,10.233760233256092,11.840582424763369,-1.60682219150749,5.125626235548076,0.14713005155691228,1.4497435317077192
669,9.972928873452659,11.481267585208975,-1.508338711756096,5.049548870309454,0.15624131510551278,1.4178268773749139
670,10.13324415403686,11.90886716999583,-1.7756230159593542,4.966862529546635,0.12777362895407568,1.5229403526671184
671,9.894056331181858,11.431457693665259,-1.5374013624832514,3.9959829488341576,0.13189965902256665,1.5066528659156453
672,10.198338486988817,11.804850104215099,-1.6065116172262606,5.219858015004238,0.1488466296263096,1.4436173930747158
673,10.270567495104572,11.851804570575894,-1.581237075471563,4.689336774151673,0.14163991400001363,1.4697114733336822
674,10.152318781181933,11.782572710348454,-1.6302539291668836,5.483434985545873,0.1509688508890594,1.4361177050532268
675,10.404632142723315,11.83910724054978,-1.43447509782618,4.201803358893461,0.14743897688782756,1.4486370206808274
676,10.268952415436345,11.86439585152489,-1.595443436088317,5.10539709179022,0.14794668041794554,1.4468223677402297
677,10.719482877849444,12.401029908904647,-1.6815470310552882,4.159443269294609,0.12119630140940009,1.5497717849648796
678,9.55289370869987,11.266313880460864,-1.7134201717612996,5.7924192529775524,0.1476664991946603,1.44782321237384
679,10.718580853108236,12.371379589351783,-1.6527987362433123,5.388527440792799,0.14703874011560572,1.4500709317955907
680,10.316278751513622,11.8030941422277,-1.4868153907141277,5.24166709562169,0.16214194335074367,1.397903846813105
681,10.248769683808135,11.792572124904638,-1.5438024410964317,4.868840680698064,0.1490124692023821,1.4430284068795265
682,10.324125166082652,11.928656466906418,-1.6045313008235098,4.970156591781876,0.14453515822003749,1.4591088230183313
683,9.781626749153205,11.698497932725346,-1.9168711835723116,5.117307382297366,0.11785343778265839,1.563847280413824
684,9.979493920284042,11.538198819562268,-1.558704899278382,5.769759830051303,0.16334162765214374,1.3939204515785037
685,9.831621026579981,11.477180360107837,-1.6455593335276717,5.382585180213432,0.14767300460570365,1.4477999577300655
686,10.495756768816776,12.012515452651236,-1.5167586838347233,5.831809980328185,0.16896903120059426,1.3755240618619171
687,10.163561655564266,12.006439083531248,-1.8428774279668687,5.358806952855055,0.1283400376856944,1.520680487323349
688,10.446863393686911,12.281859495129261,-1.834996101442357,5.224820816123252,0.1268147436013806,1.5267839512861385
689,9.810214593650201,11.62225400786783,-1.8120394142174518,4.867517767285978,0.12269949034564287,1.5435413188074403
690,9.654834436716285,11.330421027758483,-1.6755865910422472,4.780335317022921,0.13388335961086145,1.4989625043109986
691,10.2801175017009,11.784908938269275,-1.5047914365686665,5.698513256339417,0.16808681225739186,1.378377351690265
692,10.60046196431513,12.388107806567476,-1.7876458422524593,4.878961067604617,0.12510844637974167,1.5336797968903648
693,10.194845152335986,11.819957995036617,-1.6251128427002186,5.857121056851582,0.15770000318773,1.4128494218887457
694,10.224582751078017,11.854244234976143,-1.629661483898417,4.693848421457066,0.1367947338307226,1.4878337835494748
695,10.20620365554096,12.09392693274949,-1.8877232772088064,5.516686967696156,0.12690880400187962,1.5264059209190495
696,10.323665210901439,12.032501283361242,-1.7088360724601444,4.814941029150695,0.13130999358777215,1.50895613236867
697,9.652965270291773,11.340591051538752,-1.6876257812464246,5.057332583961458,0.13775987632871164,1.4841848934566733
698,10.218175894226718,11.855966539255675,-1.6377906450293267,5.730023501989255,0.15431129569166188,1.4244671228980896
699,10.300609195247219,11.945401143915213,-1.6447919486677165,5.17695578079147,0.14415919243505582,1.4604763874252755
700,10.897790666167296,12.446688618337184,-1.548897952169682,4.901897896596594,0.14909368122153946,1.4427401614990056
701,9.95999317804008,11.457788380619995,-1.4977952025797094,4.265712542824126,0.1418707897965044,1.4688599120836625
702,10.90816389404445,12.62367573544691,-1.7155118414020762,5.453414093081875,0.1418887977674048,1.4687935363314026
703,10.092806557242241,11.797368185581568,-1.7045616283394338,4.392760602156184,0.12370338103837461,1.5394134971716045
704,10.10509894770594,11.836880158879922,-1.7317812111737112,4.410910596024824,0.12152812572309545,1.5483912537098128
705,10.158710556817098,11.730422609661318,-1.57171205284385,5.5424082696963595,0.1581270737249698,1.411398741920651
706,10.466514568746064,11.991890036491313,-1.525375467745107,4.702391686667863,0.14778245250486524,1.4474088358521082
707,9.657034026353088,11.501876228738134,-1.8448422023848252,5.099944703646514,0.12381702442922068,1.5389478653124653
708,10.127289537487016,11.847667952128994,-1.720378414642255,5.5471491423001105,0.14297704382010218,1.4647943134261483
709,10.18939765214391,11.834723439407952,-1.6453257872644826,5.2296141045264015,0.14503499364981293,1.4572949013691077
710,10.149214886994471,11.722393172732154,-1.5731782857378676,4.991846222825423,0.14820129762525852,1.4459140964461241
711,10.142611023353496,11.642613522733434,-1.5000024993796615,5.024364473957437,0.15669048534223906,1.4162904412057515
712,10.530874449312435,12.171438986547912,-1.6405645372356048,5.035420540419974,0.14205071337906108,1.4681970204827126
713,10.044668097920479,11.620993667523763,-1.5763255696033411,5.014183046680081,0.14828240870428055,1.4456250071254404
714,9.873552826378457,11.461315592207512,-1.5877627658292113,5.352681325428051,0.15314833667407007,1.428498810763687
715,10.089194468683857,11.681550011956183,-1.5923555432723333,5.046734767168058,0.14720195569165603,1.4494858264606905
716,10.141309942665615,11.556474601145354,-1.4151646584796254,4.999799851335965,0.16583395196444714,1.3857149806760882
717,9.924703276915082,11.692681230020156,-1.7679779531049462,5.117032368839471,0.13111713717587428,1.5097111803492034
718,10.11622508597948,11.764399931003439,-1.648174845023732,5.076777714682287,0.14202944347204835,1.4682753514765172
719,10.445295598939268,12.127969312055953,-1.6826737131168557,4.6448703017621895,0.13064667709801042,1.511556688090771
720,10.627910317142963,12.327809581709879,-1.6998992645671933,5.16684446982179,0.13849623173282405,1.481414204998877
721,10.24541958900609,11.886868357993833,-1.6414487689871748,5.0603350520719665,0.14241175860607122,1.4668687660569977
722,9.832120685442717,11.578172846475688,-1.7460521610332762,5.031899033326088,0.13168449177799035,1.507492394797345
723,10.256217593923978,11.894865858431572,-1.6386482645075375,5.280648569395488,0.1466094051849696,1.4516124134732193
724,10.063158868422036,11.659697903423343,-1.5965390350011148,5.592734356249,0.1563398103742142,1.4174896769936398
725,10.04558039086642,11.64752465125985,-1.6019442603933385,4.20734092076702,0.129876548378926,1.5145888864210237
726,10.020299123478438,11.517487488215338,-1.4971883647367576,5.553353616420978,0.1664706605137262,1.3836336459160625
727,10.368833753096808,11.992937642842627,-1.6241038897455837,5.743010624611678,0.15594621812673395,1.4188381136412331
728,9.9948998416764,11.758878260606316,-1.7639784189300372,4.610778525676771,0.12237501043015386,1.544881163611443
729,9.755332226650992,11.379121664189505,-1.6237894375385622,3.807240336766217,0.11919272750027805,1.5581709579425391
730,10.352825176885474,12.062491841154397,-1.709666664269207,5.013515771726105,0.13483144830642654,1.4953180816034477
731,10.096188926960806,11.729854334504623,-1.6336654075439583,5.235682233005498,0.14632895931858828,1.4526211901103065
732,10.3991362714889,12.079606058194287,-1.6804697867055438,4.724113037868165,0.13235602919360628,1.5048757296558204
733,10.121405859604877,11.665463790441557,-1.5440579308369706,4.91856600554868,0.14992400281283608,1.4397999589769095
734,10.338072515851948,11.916914723780174,-1.578842207928119,4.485924987873005,0.137888132492106,1.48370148373699
735,9.976153684372278,11.579872122241156,-1.6037184378683378,4.833618114306823,0.14207605323519468,1.4681037127859542
736,10.600885694343745,12.156239056992625,-1.5553533626489298,5.548744900098015,0.15999485952811013,1.4050888491534272
737,10.193177556670165,11.989252447725782,-1.7960748910554685,4.032618042177241,0.10836787537085295,1.605572483512645
738,10.484417187307557,12.182096466463108,-1.6976792791556363,5.529342010797482,0.14491860972932838,1.4577168347378509
739,10.235982972320656,11.866402460002973,-1.6304194876825022,5.575352441907405,0.1525055881820931,1.4307370579979657
740,10.043359247623087,11.952409750720236,-1.9090505030967506,3.916759776742836,0.09686307382041089,1.6602554501602362
741,10.066550043322152,11.784678337801552,-1.7181282944793566,5.355826304188305,0.13998258313630196,1.4758558899049632
742,10.445988096666227,12.043886663140704,-1.5978985664746688,5.495811855546513,0.15455240472381934,1.423634150357171
743,9.849572362021448,11.475973743805405,-1.6264013817835803,5.464653492564636,0.15104671199840514,1.4358440855395307
744,10.584189695930675,12.139987407990525,-1.555797712059757,5.603879349298147,0.1608835849248932,1.402106035893455
745,10.008315341401342,11.540169420664014,-1.5318540792627573,4.980895791823091,0.15240323769347794,1.4310941359660687
746,9.56867199187964,11.182181644621764,-1.6135096527418682,5.060595899336597,0.14526468552752309,1.4564629465225074
747,10.328926294883061,11.61518335110943,-1.2862570562265319,6.130785473768391,0.20118595446953877,1.278180033705094
748,10.390954018559299,11.945440409334275,-1.554486390774855,5.420803260400973,0.15788489737460795,1.4122210055542104
749,9.956962300459239,11.584372008910535,-1.6274097084515233,5.691749795066695,0.1547573119534355,1.4229270218008752
750,10.751480554912817,12.33238977205913,-1.5809092171466546,5.53038501059504,0.15694053149164996,1.4154365775228361
751,10.040017738649752,11.594306967571178,-1.5542892289213341,4.872346653924133,0.14796293008145373,1.446764366228342
752,9.825871091532647,11.453604187642675,-1.6277330961097505,5.177400180533713,0.14590394714495294,1.4541528019293728
753,10.130742490648302,11.814034099225609,-1.6832916085772922,5.1070806884171525,0.13907216214082851,1.479255047758164
754,9.963509464455186,11.530966610942265,-1.5674571464869587,4.664787365986246,0.14259501258330612,1.46619557937289
755,10.615402939092931,12.175377530510133,-1.5599745914169034,5.264662150956529,0.15454967718323379,1.4236435678177248
756,9.851401124832321,11.61005233831927,-1.7586512134867007,4.354027339077366,0.11798004766240879,1.563308509856564
757,9.921340982413497,11.714385205964234,-1.7930442235506234,5.250274628823863,0.13107385398476457,1.5098807557460783
758,10.066737833444407,11.660243606734767,-1.5935057732908717,6.091320711734767,0.1647749148606539,1.3891902200071347
759,9.88424369912191,11.607591913844253,-1.7233482147221366,4.322835839067217,0.12058579567678716,1.5523194943245615
760,10.48780849819714,12.078235223656947,-1.5904267254595652,5.292023485996939,0.15180371385329575,1.4331894148310187
761,10.159582042764399,11.72466532715292,-1.5650832843884928,5.346975366430939,0.15545727590479472,1.420516818090758
762,10.48308336797409,12.247312135542074,-1.7642287675676016,5.028714876575442,0.12992263048005187,1.5144070571788495
763,10.51400846453835,12.078568657677891,-1.5645601931391866,5.568118606288252,0.15933188789304198,1.4073221373381442
764,9.736309714691473,11.454507244870975,-1.7181975301796228,5.050068178716497,0.13466060462840088,1.4959733325887463
765,9.974638411402523,11.509236687236871,-1.534598275834469,5.563774383130678,0.16250918489791283,1.3966821146596888
766,9.858472852088838,11.718849251911955,-1.8603763998230534,4.4401725305162145,0.11074484426700759,1.5948541964725766
767,9.92412239702999,11.578440721574381,-1.6543183245444197,5.187512956880759,0.1433839212593231,1.4633050692524054
768,9.699208151135466,11.337029120451703,-1.6378209693161807,5.359365129003379,0.1480628179558334,1.4464079335462134
769,10.00870701253298,11.695605003104227,-1.6868979905711967,5.420812843224059,0.1441626424501617,1.460463825675957
770,10.118607801488182,11.649495811154786,-1.5308880096667963,4.795299722192425,0.14899123761289607,1.4431037838180332
771,10.007527540418963,11.56797960141585,-1.560452060996795,5.075099965074358,0.15107923777167515,1.4357298152921185
772,10.3295122423212,11.93379223471262,-1.604279992391639,5.642925028941541,0.15636562659353162,1.4174013213412477
773,10.07015798312132,11.675954865344089,-1.6057968822228759,4.786933309436378,0.14098177048667787,1.4721448347897224
774,10.505527128323777,12.079115364771589,-1.5735882364474492,4.8688094908383945,0.14586204707629796,1.4543039815884458
775,10.519396958346263,12.153867822309863,-1.6344708639639975,5.302367103389944,0.14741567705055936,1.4487204143787464
776,10.090549584994008,11.67948135221505,-1.5889317672208563,6.117318677540251,0.16567265519322807,1.3862431972234106
777,9.743259029852382,11.498478323160285,-1.7552192933076185,5.17652668742701,0.13334730052475016,1.5010319402446268
778,10.180990493746506,11.937012913963812,-1.756022420217505,4.650597387586171,0.12384456354681836,1.5388350793048133
779,10.075176438658858,11.511288345070469,-1.4361119064114973,5.015846837088951,0.16371886897177004,1.3926724312144596
780,10.457892018933492,12.076636856344166,-1.6187448374103042,4.902063453823551,0.14181906188494864,1.469050612490001
781,10.358100662395103,12.132030975624922,-1.7739303132298119,5.316060612684449,0.13396991034391723,1.498628979774161
782,9.712048074982889,11.410623810301665,-1.698575735319082,4.477018034683816,0.12590796360866205,1.5304395582103676
783,10.084176740143178,11.717367696743267,-1.633190956600174,5.0553480433365365,0.14315818367955985,1.4641309081113765
784,10.330121346262516,12.06782611098447,-1.7377047647223662,5.620891689795904,0.1425014348313537,1.466539255839612
785,10.383358949901961,11.942402855316274,-1.5590439054140006,4.940575238022372,0.1487411608842386,1.443992230402328
786,10.318169497484817,11.977981612459779,-1.6598121149750114,5.422696906982154,0.1469129362712841,1.4505222602498062
787,10.138260406800057,11.856994732847987,-1.7187343260475245,4.951639954699299,0.13284973687653995,1.5029585352734576
788,10.324039904663735,11.808227239865708,-1.4841873352015682,5.0181503436483545,0.15832731422532864,1.4107195834695563
789,10.230584823884968,11.925904849286113,-1.695320025401088,5.1925157753494595,0.13939467698577568,1.4780489489398076
790,9.812755669277706,11.421278524178675,-1.6085228549009116,5.01663692271827,0.14497713471526028,1.457504628282701
791,10.395106526186012,12.027977455274787,-1.6328709290887673,5.6308815876734215,0.15318075187390415,1.4283861205328483
792,10.059059450338466,11.658069371783661,-1.599009921445031,4.693350230871729,0.13988893555839146,1.4762047471025808
793,10.098330798884675,11.76591163591484,-1.6675808370305276,4.773833268441191,0.13454564768730146,1.4964145982792025
794,10.627872550138548,12.228982787150812,-1.601110237012108,5.476796257088289,0.1538896066996513,1.425926335384205
795,10.454000731278668,12.22584519780483,-1.7718444665260904,5.388024042009196,0.13537688776627216,1.4932303973911387
796,10.158547848849324,11.75007866696999,-1.5915308181206456,5.827228103434226,0.16075777977688027,1.4025275156634127
797,10.776551420754643,12.377555165136144,-1.6010037443816145,5.675127908928118,0.15724788058507158,1.414388446133495
798,9.977152205344467,11.526218194160215,-1.5490659888159826,4.460509908331023,0.1404636466507523,1.4740666505302007
799,10.724363599514803,12.306004521637398,-1.5816409221224603,5.581447807374644,0.15772948984130386,1.4127491655780122
800,9.306871757143384,11.003419928567368,-1.6965481714241832,4.623398754956124,0.12890690512724193,1.5184265407218347
801,10.315374147576861,11.944625516646447,-1.6292513690696069,4.807210126704721,0.1389833085043345,1.4795877093182321
802,10.370958785626229,11.8370349612427,-1.4660761756163083,5.546032023791959,0.1698566023388933,1.3726647181093088
803,10.314092981214074,11.908724452713514,-1.5946314714992695,5.02314039463862,0.14653352080015644,1.4518852272967642
804,9.979158775752879,11.620793814128852,-1.64163503837608,4.340987602845722,0.12869487932623613,1.5192686824453197
805,9.821640925886825,11.680087281353842,-1.8584463554670947,5.013450816074595,0.12113470485155377,1.5500283782979847
806,10.406770170405892,12.058133658838251,-1.6513634884322528,5.30967327808856,0.1458223662235929,1.4544471847442286
807,10.331892503451584,11.989225344773985,-1.6573328413223862,4.044026842290567,0.12109062867431403,1.5502120494841543
808,9.926416077256548,11.696691562603199,-1.7702754853467013,5.11361201027967,0.13084317161569559,1.5107852590379023
809,9.96617832678676,11.621834871168446,-1.6556565443815998,4.510187988863258,0.13067706193230433,1.5114373397350862
810,10.187367453529262,11.795076930830106,-1.6077094773008866,5.09744635961108,0.14653005106142677,1.4518977040236993
811,9.508704295841383,11.222856336387473,-1.7141520405457413,5.350378615822262,0.14027751889044904,1.4747583632819208
812,10.05599239499152,11.634686201430775,-1.5786938064388778,5.495445427274781,0.1565793765551078,1.4166701897751663
813,10.246586356465016,11.864372214834205,-1.6177858583696434,5.601918134152147,0.15426395705824208,1.4246307823812443
814,10.44613597450116,12.09009646225499,-1.643960487754157,5.30897733501719,0.14656214089708758,1.4517823217889223
815,9.73782705614913,11.569536521993264,-1.8317094658436872,5.295808258010762,0.12830199119933838,1.5208320425206585
816,10.171538803875777,11.94713495719374,-1.775596153317565,4.783787414328852,0.1244958365164309,1.536173487825041
817,10.00242046338117,11.559571715192085,-1.5571512518108648,5.636872957959689,0.16129404721229204,1.4007326102175501
818,10.270715412160556,11.906222453459044,-1.6355070412987516,5.0754978234416654,0.14328688722263697,1.4636599364667373
819,10.33336627268018,11.932092311810102,-1.5987260391302698,4.947334986905403,0.14471286514145015,1.4584633680446313
820,10.316372551164662,11.820064274475392,-1.5036917233105669,4.726698873544141,0.1506034381340454,1.4374032772456407
821,9.736668330566502,11.432030134916722,-1.6953618043498864,4.458629557531207,0.1258553023681746,1.5306524867519533
822,10.026203033009736,11.564116330313354,-1.5379132973034757,5.34289451395604,0.15831474094562384,1.4107622092904848
823,10.358116697105018,11.677095013670375,-1.3189783165653353,5.581383729531538,0.18795840253862933,1.316642748348155
824,10.43390393809905,11.93805488154063,-1.5041509434418003,5.4626472221388696,0.1641254472688316,1.391329780150439
825,10.637612049188832,12.27414109776722,-1.636529048578268,5.285312317780392,0.14690733010836274,1.4505423795562256
826,10.1034557933137,11.790083564184165,-1.6866277708704729,4.989108483247836,0.13663284765353312,1.4884477659687672
827,10.196849273618867,11.712989772079624,-1.5161404984610272,5.731593639247684,0.16737715229636585,1.3806807187252523
828,10.38402919057917,12.109479559743853,-1.725450369164264,4.942904274147679,0.13205125732157333,1.506062004234381
829,9.887940053825517,11.591063583621832,-1.7031235297968124,5.673905621488839,0.1467669196977582,1.4510464737855922
830,10.129154175951228,11.806314926321605,-1.677160750370149,5.288485884602121,0.1428622566739198,1.465215042967783
831,10.20307168401969,11.88134301560219,-1.6782713315824367,5.3258117358166075,0.14339669545175715,1.4632583659459313
832,9.941364294181497,11.702369165098105,-1.7610048709166222,4.833499069133911,0.12673858693557338,1.5270901861584465
833,10.28199908957113,11.852298172422493,-1.5702990828517613,5.189822566175586,0.15211224338684,1.4321103482014532
834,10.12052605774052,11.798512198372904,-1.6779861406325836,5.7076116092252605,0.14983611802497143,1.4401105738084448
835,9.83529745218648,11.701709981240768,-1.8664125290538323,5.4580463126435745,0.12785455091242065,1.5226170127909513
836,10.106758567910859,11.617461558828452,-1.5107029909177072,4.177268368102762,0.13861305841148192,1.4809756645646137
837,9.901174294864362,11.635895229155906,-1.7347209342915448,4.316804083690222,0.11942443080038403,1.557194007107449
838,10.282663667318232,12.132797614927618,-1.8501339476092653,4.155505369144823,0.10622588143705879,1.6153917697030447
839,10.290968776237335,11.973015121198522,-1.682046344961691,4.675166443445548,0.13128118783646203,1.5090688544993822
840,10.338069074028866,11.918649664902283,-1.5805805908739785,5.132267278341381,0.1499889769945386,1.439570407328895
841,10.48917416330842,12.202058482395039,-1.7128843190866974,4.392289756178073,0.12291638647220532,1.5426472525790393
842,10.22482512341476,11.743093790130139,-1.5182686667158123,5.4412497575707555,0.16218961729827283,1.3977451281729614
843,10.401199105587423,12.045829087864234,-1.6446299822764558,6.134313221252935,0.16005593339287805,1.404883467816113
844,9.96743631364616,11.627675638768373,-1.6602393251223475,5.408446302109681,0.1466262611029934,1.451551829009073
845,10.041982318697777,11.720338246932805,-1.6783559282348506,4.1659112448022455,0.12162811623369837,1.5479758284290075
846,10.19413520650842,11.92952321023283,-1.735388003724438,5.334874637494316,0.1379545442824195,1.4834513075503892
847,9.628843224660343,11.280170449447283,-1.65132722478711,4.671652558046823,0.1342160373512761,1.4976814356432242
848,10.005236638999307,11.66718931535457,-1.661952676355213,4.416782564078627,0.12823177797250151,1.521111823160886
849,10.156042075721146,11.58880188089794,-1.432759805176829,5.643992047787165,0.17537249376912337,1.3551414529235293
850,9.664669628751383,11.44821721972776,-1.7835475909760135,4.090881764771115,0.11060988697175589,1.5954578564574673
851,10.05467371713867,11.386363478525766,-1.3316897613872243,5.388668425979866,0.18298953932148204,1.3316064652370228
852,10.22105946281927,11.910856635647427,-1.6897971728280936,4.941468059511166,0.13546109347791443,1.4929086771273181
853,10.496956179903648,12.157628300692423,-1.660672120788604,5.52888189650761,0.14862464249940666,1.4444065743299712
854,10.326459125666773,11.88638488406174,-1.559925758394911,4.357588645738424,0.13723940012665026,1.486150186481431
855,10.073390753690731,11.74685921160171,-1.6734684579109853,6.159563528768231,0.1574712872940405,1.4136275517540366
856,10.48234588183432,11.986281721254102,-1.5039358394196825,5.81437690869598,0.17011204680308473,1.3718438706637286
857,10.413568133273841,12.210225252143864,-1.7966571188699163,5.219063635068032,0.1302097542368166,1.513275259921527
858,10.263867499278334,12.16824994793,-1.9043824486511767,5.0207976022132925,0.11729219704130314,1.5662410450439144
859,10.424454990862799,11.910603504908863,-1.486148514045908,5.649715702734888,0.16935549464517458,1.3742776741996432
860,9.788167947023979,11.469610929790704,-1.6814429827663844,4.253273073574643,0.12310868644725925,1.5418556040051128
861,10.208463392905017,11.836807261464521,-1.6283438685595684,5.2577108138356365,0.1472615345140709,1.449272368177914
862,10.540943510903347,12.118754859628993,-1.5778113487253904,4.970097663404555,0.14731204433254916,1.4490914539211486
863,10.098493068585597,11.69984352938394,-1.6013504607981304,4.899484333872483,0.14355306569935392,1.4626869242866272
864,10.07875073637679,11.609280772329392,-1.5305300359527791,5.546864148488588,0.1626658396515746,1.3961615923750221
865,9.934097483343706,11.503207002193015,-1.5691095188494728,5.8092836619419685,0.16286710014725306,1.395493411698967
866,10.428299167398748,12.335527270741323,-1.9072281033422769,4.8661258610779115,0.11440648922059177,1.5786930086393165
867,10.383647575059243,11.92839861215095,-1.5447510370913733,4.824090132162279,0.14806016224592708,1.446417407612139
868,10.656339152738568,12.102727962820232,-1.4463888100813165,5.030125987552015,0.16281203346505227,1.3956761700255118
869,10.817488596114075,12.432672391182756,-1.615183795068333,4.988341380959973,0.14377468571309168,1.4618778502111436
870,10.270966122154462,11.85377558957888,-1.5828094674243403,5.461159155978198,0.1555531726386576,1.4201872565104825
871,10.027702164706355,11.80913409100937,-1.7814319263029574,4.605140841995517,0.12068806191683928,1.5518920230490993
872,9.604810720432582,11.243365185880478,-1.638554465447669,5.163852441801328,0.14455931384794224,1.45902105089135
873,10.379869105805213,11.998770800477736,-1.618901694672786,5.303088651132679,0.14902971435514453,1.4429671887255322
874,10.082409987229497,11.68163312391134,-1.5992231366817578,4.833783419390635,0.14254098744550092,1.4663939725865551
875,10.139028998127472,11.772219691211497,-1.6331906930840887,5.881425924592726,0.15724936222457353,1.4143833971629676
876,10.060102926603307,11.686751782220263,-1.6266488556166223,4.607140166202647,0.13542831802175262,1.4930338821932192
877,9.879170188419451,11.385475001183131,-1.5063048127635739,5.125466649063313,0.15786467411139143,1.4122897129975218
878,9.667165556295188,11.4254072475997,-1.7582416913046472,4.66420768823167,0.12389325346786143,1.5386357184122372
879,9.918178630664627,11.575150538782566,-1.6569719081180665,4.8258221532580095,0.1365614411501141,1.4887187663881989
880,10.157988048786777,11.842553989335883,-1.6845659405489641,5.045398614902599,0.1378468531666671,1.483857031613867
881,9.912874746671335,11.548756354172447,-1.6358816075016875,5.259914112160651,0.14652861539042797,1.4519028665750586
882,9.813070137631442,11.433963499473506,-1.6208933618418087,4.817057609957068,0.14001313817736677,1.4757421047147448
883,10.714205113876417,12.317679283868856,-1.6034741699927508,5.378589624416694,0.15194926001306666,1.432680166547736
884,9.683195573936885,11.322183351029949,-1.6389877770934618,5.339498161872147,0.14759945818691544,1.4480629069203974
885,10.213598639084651,11.989603589582742,-1.7760049504981907,5.110702328764091,0.13025910173419938,1.513080934850462
886,10.157171983422998,11.724212377873208,-1.567040394450487,5.354197455825322,0.15537475428167985,1.4208005379233504
887,10.209160594207063,11.6938689771167,-1.4847083829095027,5.286682854899762,0.16318773458360378,1.394430197170013
888,10.269843953665443,11.847324918906729,-1.5774809652411932,4.869746016780283,0.1454724488231573,1.455711285389922
889,10.296977007920034,11.800224646265065,-1.5032476383457833,5.182416482077564,0.15924155867588277,1.4076269644041774
890,10.121918586429913,11.799465682480609,-1.6775470960506027,4.448465414511489,0.1273539926720569,1.524619652612598
891,9.678405608118013,11.395975741964278,-1.7175701338460385,4.767577984146442,0.12960441263974715,1.515663693120739
892,10.027882236782446,11.693313263369333,-1.6654310265871572,4.2240054878632165,0.12403530174223003,1.5380544508951821
893,9.985014898095145,11.762096708792669,-1.7770818106978368,4.549079872864308,0.12003465868022564,1.5546281366604384
894,10.18707705219795,12.048702325484385,-1.8616252732863359,5.708520892760728,0.13228906548803204,1.5051361933771423
895,9.963149635091852,11.698684962652983,-1.7355353275611378,4.008755072561502,0.11317147280710395,1.584097765529337
896,10.334638328421718,12.02329646643868,-1.6886581380172174,5.679364812312045,0.14830002005495188,1.4455622541845539
897,10.479247662348556,12.1027869373128,-1.6235392749645143,5.833149567350716,0.15747636871392257,1.413610254612111
898,10.391053548011499,12.09877199495179,-1.707718446940362,5.851340302917048,0.14917677105015575,1.4424453752271889
899,10.069839585215234,11.830707440456017,-1.7608678552405763,5.069161405124788,0.13094708033465524,1.510377681030323
900,10.354729169044461,12.215545595130905,-1.8608164260867852,4.539266289008179,0.11252889009487267,1.5869282754540954
901,10.247624831558099,11.910709058154254,-1.6630842265958563,4.8345575586392755,0.13611935328670238,1.4903990076941498
902,10.116973047330887,11.700735302914467,-1.5837622555836788,4.4773762302572315,0.13721308040655272,1.486249721046875
903,10.35862227019625,11.956644768261626,-1.5980224980653475,5.619576507278008,0.15663443613108394,1.4164819811506055
904,10.36983050554882,12.059496538860955,-1.6896660333118234,4.371778723938895,0.12469342085763263,1.535368157235912
905,10.513115212733467,11.942944586523147,-1.429829373789289,5.676226646758479,0.17626227442915113,1.3523534463083984
906,10.106499958333373,11.760483069434905,-1.6539831111012973,5.41798421375022,0.14742326257851374,1.4486932635024858
907,10.737791262596332,12.281190354723478,-1.5433990921274017,5.052913484799017,0.1524950917524765,1.4307736692992388
908,10.528219012925277,12.015422704717153,-1.4872036917922742,4.7871714017179094,0.15359024571469718,1.4269640897886904
909,10.089462452475985,11.740806453617111,-1.651344001140842,4.292362960323377,0.12677218026935178,1.5269550857774807
910,10.513100450606728,12.155150806242382,-1.642050355635547,5.12628088207212,0.14353494775443598,1.4627531102995848
911,9.985027016654115,11.7038912301241,-1.7188642134697147,5.010316199104448,0.13388892259896995,1.4989410622390609
912,10.140288649537709,11.92895394266695,-1.7886652931292701,4.789664629309183,0.12341256087455342,1.5406065990650009
913,9.955383183874076,11.638518697731293,-1.6831355138569961,5.150365198445094,0.13985380400412123,1.4763356659861293
914,10.030623592854866,11.756529617437792,-1.725906024582855,5.384414114413232,0.1397116890450432,1.4768655204094308
915,10.495582889750224,12.17005349849454,-1.6744706087442864,5.656807047868863,0.14935703411996262,1.4418062681182824
916,10.318879621414183,12.014174276107177,-1.6952946546930434,5.854892711122353,0.15047568557583524,1.437853289195661
917,10.135227898346514,11.71111187615147,-1.575883977805006,4.700974485087556,0.14241991491023878,1.4668387895941761
918,10.399981978233157,12.056112074189002,-1.6561300959560867,4.943785548638438,0.13882128979459188,1.4801947174313446
919,10.595771272807909,12.118034349341706,-1.5222630765342728,5.5725078390455565,0.16401363457907828,1.3916987712027897
920,10.412032443496358,12.200421654270997,-1.788389210774767,4.567850315244733,0.11937033095321398,1.5574219800169375
921,10.409125444572695,12.031510173003461,-1.622384728430461,4.307281210307302,0.12990315286456633,1.514483905205557
922,9.965963114821264,11.744777148129636,-1.7788140333082083,5.05225556576314,0.12898059194231523,1.5181341173048943
923,9.713225620173219,11.294032954379539,-1.5808073342068383,5.520745780593348,0.15678700254550676,1.4159607295673118
924,10.122601596305415,11.747806676828965,-1.625205080523756,5.301676875717778,0.14835482736390126,1.445367000647217
925,10.226044756478771,11.878395146465685,-1.6523503899870775,5.141247022011328,0.1427618810000255,1.4655831627931357
926,10.457871053253442,12.166891265308713,-1.709020212055293,5.278925254032817,0.1395537171939389,1.477454981903924
927,10.567917502537696,12.312898809758494,-1.7449813072212237,5.868052636476239,0.1457697173211313,1.454637233996836
928,10.055073822574471,11.613342129389459,-1.55826830681508,5.442414466615535,0.15785251849730259,1.41233101424737
929,10.187645388068816,11.97437419039177,-1.7867288023230685,4.436622420347117,0.11705255496587069,1.5672658893261433
930,9.954925387293045,11.613966366914156,-1.6590409796208405,5.7696340832289685,0.15277308523520775,1.4298046809929483
931,10.636140776556843,12.295935409112104,-1.6597946325550765,5.384963719523288,0.14626896844948853,1.4528371720423483
932,10.461763617603722,12.015391579614821,-1.5536279620114328,5.296447243160532,0.1557947088094907,1.419357868886532
933,10.169054775755924,11.691062922685973,-1.5220081469301476,5.271860742926243,0.15878910264079749,1.409155805083988
934,10.20014436184438,11.915536472182325,-1.7153921103385983,4.622680171663877,0.12710468860898821,1.5256193567148886
935,10.802938892526711,12.423034751876635,-1.6200958593499308,5.549929813507305,0.15314853548299578,1.4284981195565962
936,9.93747628481215,11.535161442899437,-1.597685158087188,6.033913237806036,0.16342324581298381,1.3936502517071192
937,9.982356973989411,11.545793529825843,-1.563436555836688,5.515893531785274,0.15856199573092894,1.409924438290331
938,10.503440523237444,12.047198106686942,-1.5437575834498602,4.5892472766429435,0.1435982840405905,1.4625217667359007
939,10.210753885436318,11.892944613061616,-1.6821907276253114,5.57269907619483,0.14718675512835336,1.4495402974305944
940,10.225707356437582,11.726998829496637,-1.5012914730591547,4.471196353337145,0.14576178609302806,1.4546658682828604
941,10.126953609366595,11.698905188487899,-1.57195157912156,5.344869566537007,0.1546874162410447,1.4231681497915254
942,10.21848299500489,11.97619434531613,-1.7577113503111832,4.474662839951542,0.12038108725618588,1.5531760255212963
943,10.066765323386974,11.778568336727382,-1.711803013340159,4.961806194729057,0.1336978125058661,1.4996780752762426
944,9.469425996941212,11.217812978899204,-1.7483869819579922,5.355708278590871,0.13706068383040074,1.4868263362594
945,10.280338571694031,11.881014993630757,-1.600676421936896,5.011808941269727,0.14569889539228434,1.4548929661909173
946,11.017640570931874,12.59638523823341,-1.57874466730118,5.181736103740704,0.15107335321972867,1.4357504876377418
947,10.347252393229795,11.806091314288658,-1.4588389210584864,5.615544117452842,0.17187726333614145,1.3661966033879709
948,10.27062598311268,12.073810996810735,-1.803185013698112,4.877605641253108,0.12367501445363557,1.5395297758454072
949,10.063184043136246,11.696159550441315,-1.6329755073052183,5.391058343368979,0.14910682195390404,1.442693532434441
950,10.496673725078566,12.179702433532235,-1.6830287084535485,5.064449258088587,0.1383387684289891,1.4820057371244477
951,9.978171199421197,11.487467408525497,-1.5092962091043773,4.788460375939831,0.15119352505187883,1.4353284473494923
952,10.093138088369145,11.762405266131623,-1.6692671777623218,4.932093664393559,0.13730457405704974,1.4859037784085742
953,10.364812166162395,12.013312562825206,-1.6485003966627119,4.744242973644557,0.13587269259929907,1.4913383215350617
954,10.085410607497764,11.816154054451545,-1.7307434469539658,4.661331257623619,0.1263886610518602,1.5284991232551997
955,10.258233448521608,11.826485986881494,-1.5682525383599568,5.439378356953487,0.15672848334200332,1.4161606181715154
956,10.337112149094722,11.934400814892136,-1.5972886657968957,4.592833772210756,0.13811445389495916,1.4828493015086195
957,10.194823080096015,11.67627547993645,-1.4814523998402365,5.06211895870544,0.15945236548159442,1.4069157742879541
958,10.30295149017293,12.140689929669577,-1.8377384394966612,5.045267325310039,0.12351149851084703,1.540200457178314
959,10.273220780996965,11.998150879593261,-1.7249300985959053,4.660690377238748,0.12692155196694657,1.5263547034104994
960,9.852641784190112,11.502529720208543,-1.649887936018331,5.42493261415224,0.1479584167289997,1.446780475690112
961,10.23235531587234,11.808596098399697,-1.576240782527293,5.148722042368661,0.15074361460952412,1.4369098363953252
962,10.075436733562768,11.851311517263682,-1.775874783701056,5.456000012567323,0.1361294843630905,1.4903604554314003
963,9.782749688846891,11.506598292012193,-1.7238486031651519,4.792182174498162,0.12946273699426192,1.5162239382506686
964,10.192033655499202,11.759478878266783,-1.5674452227676738,5.405493985414438,0.15622704289990053,1.4178757519102065
965,10.132612056870315,11.70027107086829,-1.5676590139978543,5.242483047297675,0.15333465237593222,1.4278513385281764
966,10.322288015621965,11.775068805725844,-1.4527807901035885,6.118976608309403,0.1808625453023361,1.33810397461443
967,10.408831914408168,11.899607341301746,-1.4907754268933786,4.849501617960755,0.15439966480626355,1.4241617145716026
968,9.780712959154428,11.512464596257459,-1.731751637103116,4.877224477615577,0.13026725166558845,1.513048846805065
969,9.898785297086036,11.521393977244273,-1.622608680158919,5.11574169324053,0.14532644265469605,1.4562394311636113
970,10.035080195976846,11.661023863896531,-1.6259436679197279,6.140417346491265,0.16210410980730672,1.398029829323864
971,9.81906714417137,11.430054030548654,-1.6109868863768497,5.27333694851664,0.1493272704072765,1.441911752195128
972,10.628045220684456,12.390229024822993,-1.7621838041386582,4.498860764179767,0.12043481160333527,1.552951124393335
973,10.275835466246647,11.82768863315205,-1.551853166904948,5.311941165117808,0.1562599216352523,1.4177631652241596
974,9.996723015430874,11.573815674614934,-1.577092659184018,5.473252314580183,0.15636899914604951,1.4173897796442099
975,10.23161985799534,11.717087159484407,-1.4854673014888249,5.491254727815516,0.16671281710314284,1.3828436320670525
976,9.930908299899968,11.601149119980803,-1.6702408200812897,5.148748861028544,0.14110394556619704,1.471692456530551
977,10.279585331978254,12.235003084960141,-1.9554177529817025,5.2355258348279,0.1165584974143369,1.5693839679180834
978,9.718660965839902,11.526802705988906,-1.8081417401490398,5.42003301052906,0.13252150491878772,1.5042325285719422
979,10.299718375516207,12.038901993611297,-1.739183618095467,5.340105056116673,0.1376783361177008,1.4844924067286427
980,10.41206242203289,12.126452459518397,-1.7143900374853729,5.192145385276753,0.13752716987812735,1.4850628728661366
981,9.958522387739052,11.58888627548005,-1.6303638877407138,4.9113187854986435,0.14081096757499473,1.4727777730026153
982,9.88724896354843,11.490746366092061,-1.6034974025433257,5.850382477084338,0.1598641387036293,1.4055286410345769
983,9.922263417631896,11.66814840399357,-1.7458849863614887,5.008375565889871,0.13128379035455034,1.5090586695860186
984,9.822791971906284,11.360779481966638,-1.5379875100602476,4.745817813153035,0.1472769791997413,1.4492170439220196
985,10.423572709860949,12.028656750576339,-1.6050840407151554,5.646241538804077,0.15633639595972865,1.4175013636084348
986,9.88529804914397,11.431721652596323,-1.5464236034526948,4.7029473304776275,0.14554854877622786,1.4554361711480148
987,10.139483995305639,11.85107185007157,-1.7115878547665488,4.349005477581265,0.12218882649717892,1.5456512095581418
988,10.752787353758052,12.314417224751011,-1.5616298709928742,5.157452709866028,0.15245122773787176,1.4309266867142674
989,10.159491893940142,11.651714352149405,-1.4922224582091985,5.64044330911419,0.16851444721210046,1.3769928862968637
990,10.26557373970418,11.932923851281267,-1.6673501115774343,4.193672774630613,0.12323502552699495,1.5413360246426182
991,10.569833280075457,12.150462398395888,-1.5806291183207577,5.415973047896657,0.15500432235558648,1.4220755411984467
992,10.652148962244794,12.290533059830452,-1.6383840975854582,5.732105142114246,0.15428408600285182,1.4245611877781672
993,9.850581110458918,11.646103845497123,-1.7955227350380483,4.479511737668897,0.1170829408212927,1.5671358511781586
994,10.226580110055878,12.09066919377375,-1.8640890837173174,4.782899789174106,0.1166256033873314,1.5690958639656938
995,10.405395743506872,11.918909223797826,-1.5135134802908397,5.119022341417253,0.15695414130267743,1.415390132014266
996,9.959027824192347,11.776300895639729,-1.8172730714472891,4.650945952689032,0.11833642704335179,1.5617944187708401
997,10.188041745629292,11.771696369396764,-1.5836546237674156,3.929653537487628,0.12577819036514915,1.5309644038824173
998,10.153574398778076,11.88524926003592,-1.7316748612579431,4.412966350417257,0.1215777262705469,1.5481851475453985
999,10.27565871209272,11.889763930608353,-1.6141052185157605,5.328416368655667,0.14996889967442892,1.4396413317421188
