,logR,logI,logS,d_G,p,sigma
labels,$\ln\mathcal{R}$,$\log\mathcal{I}$,$\ln\mathcal{S}$,$d_\mathrm{G}$,$p$,$\sigma$
samples,,,,,,
0,1.606103698902075,6.22091824913057,-4.61481455022863,4.72741840774102,0.013085851825507377,2.4814242564034674
1,1.684944151139348,6.151589968725261,-4.466645817585913,5.07548141475813,0.01638737675653699,2.4001718428454812
2,2.36571704029177,6.965547209255938,-4.599830168964218,5.086726248645693,0.014757476657825943,2.4382766127906197
3,1.378478672345068,6.110701160142241,-4.732222487797117,4.443596645953292,0.010809541949512908,2.548796295054895
4,1.686145650529511,6.319991611998475,-4.633845961468751,4.533080509609832,0.012101668208189571,2.5091657584756657
5,1.1866567667112804,5.8881330159901495,-4.701476249278812,4.5534100150170715,0.011509772403075467,2.526828402855069
6,1.9577010704828126,6.4998461321483845,-4.542145061665678,5.158271303480543,0.015781199248799054,2.4139368044091865
7,1.099260319252494,5.740817317873351,-4.641556998620672,4.2297183806837495,0.010842071176615122,2.547748151595844
8,1.1046978164648635,5.821995299210833,-4.717297482746062,4.101719666319077,0.009698598951670552,2.5863940242772876
9,1.6726412448009569,6.099194962640851,-4.426553717839852,5.005380545715017,0.016595356155248785,2.395552086884736
10,1.4755186124897364,6.257791522053111,-4.782272909563517,3.818475818784382,0.008217075461333694,2.6430176381568056
11,1.6992635537604883,6.47176768509059,-4.772504131330152,3.928697418511163,0.008656822350093232,2.625317416893821
12,1.182151318068577,5.727997928342411,-4.545846610274111,4.521532263402918,0.012980767225011616,2.484296512702181
13,1.5067928014744894,5.947837815075012,-4.441045013600615,5.090988450107677,0.016803377998253575,2.3909819709017124
14,1.161979603074201,5.867510862076593,-4.705531259002328,4.105752315569511,0.00981235273819717,2.5823727959980065
15,1.1261954565540009,5.799206183219937,-4.673010726666007,4.373218484637313,0.011096104167133695,2.539657595632732
16,1.7176481473774174,6.3565907452148664,-4.638942597837286,4.571329676436303,0.012201668950919663,2.506257597966696
17,1.419086172418588,5.961592234556782,-4.542506062138045,4.408892799181086,0.012543831469078238,2.49646424274775
18,1.6207670894110606,6.350126181679364,-4.729359092268169,4.398103700617856,0.010668405316831065,2.553376669844275
19,1.3267280547548808,5.992107844502804,-4.665379789747931,4.091992159130328,0.010107604746439248,2.5721261738829337
20,1.611263429577889,6.330838928097656,-4.719575498519589,3.833516478319261,0.008735785842102379,2.6222245254303056
21,0.5890729141098063,5.473950638804766,-4.884877724695116,3.167313171702723,0.005614424409962587,2.7694893247713748
22,1.9618704054179261,6.455433031107596,-4.493562625689719,5.187566722076664,0.01654607560920447,2.396642117627556
23,1.2846770408901875,5.940769116191284,-4.656092075301331,4.920235720050609,0.013419375074527982,2.472441297085402
24,1.6420662527679042,6.434330497250706,-4.792264244483022,4.548310466921031,0.010644978128803361,2.5541421720046222
25,1.0613764202877292,6.059578768627702,-4.998202348339873,4.457218706136615,0.0086653131243865,2.6249836378703018
26,1.5411254170190887,6.023726850152244,-4.482601433133141,5.367192004499394,0.017526391040828065,2.3754747595149532
27,1.6354115129516913,6.3799496690768365,-4.744538156125145,4.60823006731875,0.011303242369835438,2.5331814546934086
28,0.8684601134397099,5.311591887009357,-4.443131773569803,4.887595946698948,0.015824500167438374,2.4129382532820465
29,1.0302306604570504,5.643882298631624,-4.613651638174588,5.055288581001811,0.014460347488491484,2.4456196105344152
30,1.791240542277933,6.4363536512265895,-4.645113108948635,4.305567243127317,0.011100377646069476,2.539522905220375
31,1.7698204031827345,6.448445026456831,-4.67862462327389,4.474436240787178,0.011429181659599535,2.5292953141606835
32,1.2848055863365744,5.948871728065065,-4.664066141728426,4.282126696720255,0.010833351010814741,2.5480288546877747
33,1.3676781004761551,5.932774616517918,-4.565096516041649,4.566328624787115,0.012959418596223822,2.4848825429183568
34,1.3319441915074322,5.982586909575424,-4.650642718067957,4.348238087542697,0.011212412631120548,2.5360081446996388
35,1.856551676121967,6.3917842785076076,-4.535232602385804,5.076332708852089,0.015505341387724369,2.420355476324992
36,1.8224656228131835,6.175413103472486,-4.352947480659395,5.073401776377558,0.017953976288338346,2.366565927002233
37,1.6618413134502816,6.2759505000692855,-4.614109186619089,4.16790442944399,0.0108590417459195,2.547202441920219
38,1.9863787320274469,6.463330666007529,-4.476951933980217,5.953874493748415,0.020395580639166418,2.3189899615104435
39,1.5980070550252776,6.22209931781925,-4.624092262794193,6.133006355462491,0.01900322212693898,2.3454677573837315
40,1.3946875820153082,6.058719190381169,-4.6640316083658035,5.770249178564118,0.016864897943982445,2.3896399315186034
41,1.36172944728753,6.087317988689996,-4.725588541402431,3.9819545034579242,0.009205862515513155,2.6043130630136324
42,1.705229780085915,6.276259637788371,-4.57102985770257,4.792473856161614,0.013844920757593047,2.461262034922414
43,1.6054873690112572,6.2130213549604605,-4.607533985949203,4.673070894284837,0.012942024454545262,2.485360652255502
44,1.7372389264384083,6.528778090760717,-4.79153916432233,3.85272973728145,0.008262621072864943,2.6411455638546464
45,1.6150644200989746,6.312957216162118,-4.697892796063115,4.885363288549062,0.012829102208717346,2.488478421802575
46,1.6792668748809092,6.386818348232225,-4.707551473351259,4.4408729800278195,0.011027507667287833,2.541825933409866
47,1.6748874531984939,6.33306942207448,-4.658181968876079,4.413852869582783,0.011393376232866554,2.530396288065672
48,1.3385553166889395,5.966631488027389,-4.628076171338307,4.746546038864999,0.013020285741468665,2.483213956404136
49,1.440761647698423,6.124497749004625,-4.683736101306522,4.094766349960821,0.009958621785835476,2.5772627545511173
50,1.700616716850277,6.479014115097279,-4.77839739824708,4.5720327052841405,0.010855661251783433,2.5473110854064305
51,1.6593492440034652,6.2572954400804335,-4.597946196076919,5.6352866772556744,0.017160492034843287,2.383250941511659
52,1.419893532664105,5.860514507162293,-4.440620974498188,4.169056131042325,0.01260648874419917,2.494696548616617
53,1.718596834773166,6.474983083409924,-4.7563862486367725,4.545536665435797,0.010961437709103291,2.5439257668284725
54,1.6114574573001619,6.224150972264795,-4.612693514964576,4.122366409097186,0.010695653027434967,2.552488207121086
55,1.689692016032609,6.323739053437805,-4.6340470374050255,4.495474113264006,0.01195048206746636,2.5136031622552766
56,1.519509969215619,6.106496098053718,-4.586986128838134,4.969019982406792,0.014409373699730364,2.4468926812361222
57,1.5297374064485894,6.254287466418873,-4.724550059970625,4.802037690835963,0.012229994173265535,2.5054376998527603
58,1.8630471167056157,6.603602245204584,-4.740555128498954,5.024609345789184,0.012920525259440792,2.485952382543086
59,1.456491982961893,6.064006704239887,-4.607514721277994,5.203745074789804,0.015163165191652927,2.428458384321072
60,1.014886511740201,5.745559610639759,-4.730673098899615,4.700881111965209,0.011784029083064642,2.5185465947980457
61,1.3041753767448654,5.859054106299368,-4.55487872955473,4.970282148236723,0.014797845259045745,2.437289054021068
62,1.1819892504996687,5.871188213842927,-4.689198963343415,4.792623255625092,0.012556444954256224,2.4961077621828838
63,1.2495718952412744,5.768130680777972,-4.51855878553647,4.826613022608768,0.014607579267832816,2.441964591511577
64,1.4177761603822319,6.023417147505143,-4.605640987123024,4.488569741642056,0.012211895622576721,2.5059613837495247
65,0.6554024239902674,5.186362207072882,-4.530959783082608,4.425051867498848,0.012734951182449408,2.491096539421482
66,1.5102207389264777,6.0954904167188175,-4.585269677792439,3.7236621771921357,0.009413491646608246,2.5966604954416597
67,1.581747466097454,6.078972759440255,-4.4972252933430354,4.644929006398144,0.014061173124570626,2.4556968166896764
68,1.8549539628899083,6.765018831297709,-4.910064868407744,4.794475351040202,0.010458218028327195,2.560298870220057
69,2.1438821256480196,6.643694588910215,-4.49981246326206,5.1309576972504445,0.016205039138916195,2.404264600338594
70,1.400430097894855,6.05044054448534,-4.650010446590386,4.875779706572477,0.01330616303349963,2.475468147563183
71,1.276663810186733,6.105632886453009,-4.828969076266048,4.462210476554283,0.010022412049765214,2.5750550950443056
72,0.8237995592791094,5.466498343010876,-4.64269878373193,3.887650668884561,0.00954546663070009,2.591874210407908
73,1.7033010758890441,6.298558311708092,-4.595257235818963,3.498768288089689,0.008502193116715172,2.631447783645758
74,1.209101525242545,5.917627054158622,-4.70852552891597,4.018236643135815,0.00947298563922888,2.594495490044184
75,1.2855266619338863,5.97036140114912,-4.684834739215148,4.338143967271989,0.010852985330103185,2.547397106425167
76,0.9055200209871828,5.469707585649601,-4.564187564662234,5.694315200927587,0.0178883685389033,2.3679207218251515
77,1.177998163092866,5.827503346023882,-4.64950518293108,4.178282204381279,0.010572911805860672,2.5565064265513198
78,1.8932451075089602,6.4926359878277395,-4.599390880318651,3.941861598288778,0.010121007080610601,2.5716674049199346
79,1.4705113495903106,6.180648628359592,-4.710137278769253,4.6883718990401455,0.011939564982237395,2.5139255083867407
80,1.4712115797580054,6.069830108167217,-4.598618528409361,5.340597872103679,0.015862632325016578,2.412060885523659
81,1.280183580572725,6.032032597022955,-4.751849016450251,4.2428413875375774,0.00991022831868623,2.5789459790501406
82,1.5553715148267884,6.256114941768409,-4.700743426941699,4.437667155666688,0.01107918767449482,2.540191217954393
83,1.9283199082982492,6.336886893574146,-4.408566985275911,4.8424305643959045,0.01606411720590875,2.407455559261655
84,1.160831631243468,5.874504137529293,-4.713672506286002,4.1307763746648085,0.009833584038588479,2.5816268678243266
85,1.4779448492321308,6.1439890730829205,-4.666044223850804,4.838749733600931,0.012983444623744518,2.484223076985781
86,1.7232764044305213,6.29158570057281,-4.568309296142161,4.6452142928673865,0.013254442915760417,2.4768585245503094
87,2.02898672468757,6.649377930963283,-4.620391206275826,5.1650873840615645,0.014843021868620389,2.436186685559163
88,1.3902072939341679,5.781605237092194,-4.391397943157926,5.984947037252336,0.02193860842433121,2.2914290949302867
89,1.5114476893119217,5.984886645058367,-4.47343895574636,5.484230734200949,0.018205722888594043,2.361407300470706
90,1.1881609693231212,5.731215037822153,-4.5430540684988046,4.355561436761558,0.01231567110080868,2.5029679073489075
91,1.615228382361579,6.095557376600603,-4.480328994239244,5.236330957794451,0.016948943151744725,2.3878134383102707
92,1.569269391409648,6.185529680413964,-4.616260289004458,4.787074628442962,0.013314846672365434,2.4752351763421143
93,1.2896231869566464,5.884012183149331,-4.594388996192492,3.7713601698401256,0.009516877052526431,2.592906027418598
94,1.3645212986781416,6.087665618954361,-4.723144320276106,4.770539601741923,0.012123665300619424,2.5085242302727533
95,1.240558798465031,5.828807671190653,-4.588248872725671,4.72746700985239,0.013377692445648293,2.4735530943281616
96,1.3273554970531904,5.902475096996739,-4.575119599943491,3.2163616574825618,0.007637581140573763,2.6676850729875774
97,2.1142298576463645,6.4811473900879975,-4.366917532441676,5.576072461511078,0.020265572541578628,2.3213943065289686
98,1.1639940089452239,5.653903549120592,-4.489909540175404,5.097375364293903,0.016181537176969334,2.404795066973189
99,2.1444567195941318,6.776827292886544,-4.632370573292519,5.109774811114033,0.014468604818455388,2.44541375625138
100,1.664166304688365,6.28942918469761,-4.625262880009359,5.09836433844011,0.014504482532812942,2.4445205302002204
101,1.6978031578761374,6.30210706591518,-4.6043039080393555,4.661356508040075,0.012928812090370558,2.4857241979400433
102,1.7236455091887137,6.21912143014152,-4.495475920952913,4.929023923816683,0.015346791222215,2.4240902457537326
103,1.576519971071889,6.177433984383079,-4.600914013311012,4.645460856878561,0.012900086369621007,2.486515737912059
104,1.660322957970152,6.424705175294363,-4.764382217324055,3.451171503783886,0.007151990545876575,2.6896830747757847
105,0.5927416080379544,5.347785117762157,-4.7550435097243735,3.1346821416308863,0.006228187801046164,2.7355195953085767
106,1.531729199561937,6.309054297410803,-4.7773250978486885,4.443086328035665,0.010402414701803078,2.5621574517947168
107,1.3827122079215997,6.0054869822193595,-4.622774774297568,4.287874643156414,0.011244518297810322,2.5350066763145014
108,1.5987505188019213,6.280671190244313,-4.681920671442185,4.629786196177335,0.011995799840348095,2.5122678603485062
109,1.4650341932637048,6.035685736015424,-4.570651542751875,5.2665730989057735,0.015895676992813457,2.411302072629173
110,1.2539554744504358,5.989037936083044,-4.735082461632601,3.85629402876625,0.008695420482773112,2.6238024450931374
111,1.6551726150868262,6.199474799708192,-4.544302184621301,4.719068294923094,0.01383798932198347,2.461441680299393
112,1.573688921466669,6.354994824972891,-4.781305903506109,4.115910641677193,0.009224577155849675,2.6036170180053633
113,1.5683408725191157,6.206876452299419,-4.638535579780182,5.086911923153615,0.014301436966471367,2.449601565359353
114,1.3714272061882866,6.02743908451545,-4.6560118783270354,3.520881865038291,0.008127525913212384,2.6467256570297932
115,1.0243536336396346,5.525881833995022,-4.501528200355551,4.6922457883496875,0.014218909619943975,2.4516849442889743
116,1.6296708975656884,6.233250519678215,-4.6035796221126475,4.898459818534441,0.013919169896417073,2.4593426490355883
117,1.3986678408581383,6.071858881296876,-4.673191040438951,4.8899055092783215,0.013110921056542508,2.480742058832655
118,1.1505244095966418,5.910962427554146,-4.76043801795754,3.8744621036353273,0.008565022524742514,2.6289449482804104
119,1.4753661377889102,6.0829269467952685,-4.6075608090066,4.410143598997941,0.011877384957746111,2.5157664815215757
120,1.4483861086904426,5.841804970066548,-4.393418861376176,4.086753085765221,0.012754367888068035,2.4905552079106013
121,1.3353641242448475,5.946492262885165,-4.611128138640424,4.213369986719723,0.011064276160847585,2.540662194770448
122,1.6678259319886592,6.343973919236781,-4.676147987247987,3.737053638583081,0.008733453254737067,2.622315530890751
123,2.0290072486030795,6.6357623952162115,-4.606755146613295,3.8080144710101322,0.009550712602285728,2.5916851790715403
124,1.8655423620315332,6.674991067294172,-4.809448705262412,4.314336862693047,0.009676980563501419,2.5871629904594644
125,1.8453858891158461,6.62719876656255,-4.781812877446555,4.808208400939314,0.011685633793956698,2.521498005488762
126,0.9105133178951519,5.321472835473898,-4.4109595175787035,5.041554593609163,0.01697971864273999,2.387146604857599
127,1.0475208479443836,5.700490680302963,-4.652969832358394,5.024559779413057,0.013878884965070361,2.4603829143444855
128,0.8950786727115201,5.735346564116561,-4.840267891405119,3.831730163097607,0.007849187235568541,2.658489173967923
129,1.7696086740151031,6.481473773014734,-4.711865098999624,3.4119976699024086,0.007370278912083293,2.6796335826985747
130,1.4568257503996165,6.271599895498255,-4.814774145098681,4.036162721485066,0.008695753919438264,2.623789383951799
131,1.6799889057321025,6.296995509316837,-4.617006603584741,5.073737628557549,0.014498418753348319,2.444671359584797
132,1.394510539505859,5.832978993182493,-4.438468453676705,5.930584320674299,0.020893171679319547,2.309909379583799
133,1.2893877058780845,5.956997106123239,-4.667609400245055,5.027864818658649,0.01372741002388687,2.4643184162080622
134,1.68302778921759,6.271365486430852,-4.588337697213319,5.220756628584066,0.015473009744041295,2.4211143356440297
135,1.6592244400097798,6.420573738130635,-4.761349298120649,4.098313956738835,0.009324085393291909,2.5999370827534687
136,1.568795635955098,5.9489251741596405,-4.380129538204528,4.746397488673889,0.01598139837834798,2.4093400782827707
137,1.0350167406994615,5.735619452857357,-4.700602712157888,4.77447438458913,0.012367863887440338,2.5014708061038284
138,1.5025760900299474,6.114130001329755,-4.611553911300007,4.9224768966652235,0.013928367006266054,2.459105527649641
139,1.3515129538426436,6.184874542585746,-4.833361588742946,3.196732149718546,0.005971673196138636,2.749332737533454
140,1.8906529038316648,6.239113567008651,-4.348460663177093,5.30020539919763,0.01915773274306763,2.3424474283686925
141,1.3764102078745282,5.8613198800097095,-4.484909672135245,4.804777298343485,0.014919398798824125,2.43432969484558
142,1.2304387881348475,5.829603297811133,-4.599164509676484,4.694705724509912,0.01312171564895698,2.4804486657419895
143,1.8428773974263777,6.297527481215141,-4.454650083788465,5.052785440136866,0.01644142574360795,2.3989663451495793
144,2.1655812927955367,6.595704726454223,-4.430123433658764,4.994097574732461,0.01649411373190205,2.397794549061469
145,1.1619063743909237,5.821623582939097,-4.6597172085482725,4.314071919089255,0.01099548233971541,2.542842361260364
146,1.269845392381626,5.8540404416632015,-4.584195049281561,5.452561513941969,0.016537976823454103,2.396821526463787
147,1.1137150074135889,5.89640144688115,-4.782686439467398,4.1282595194199025,0.009255875090078058,2.6024557795238414
148,1.6903814662331342,6.402966667440509,-4.712585201207503,5.202962472742829,0.013926241737705425,2.4591603093872636
149,1.873698112155239,6.378622622986931,-4.50492451083187,5.812512046043896,0.019292620036043498,2.3398280492513157
150,1.839527885034272,6.3523337324099245,-4.512805847375603,5.196277624900038,0.016331245035645734,2.40142749662314
151,1.6826765418367131,6.301864469720243,-4.619187927883331,4.977334523681847,0.014069529052962012,2.455483298103832
152,2.525762304342038,6.999093634426956,-4.473331330084875,5.647478351532772,0.018981808767973212,2.3458880321448414
153,1.6227364751254072,6.2272199107710975,-4.604483435645761,4.664091807120009,0.01293809551127699,2.4854687250408616
154,1.2139738592660478,5.86434625402817,-4.650372394762144,5.0096070352343,0.01384709395873341,2.4612057273672288
155,1.312569026363576,5.980342962903343,-4.667773936539788,4.885325137166266,0.01315115521424842,2.4796495925189674
156,1.016836541375028,5.613292936466067,-4.5964563950910815,4.746582105339876,0.013366234068786016,2.4738592591294393
157,1.6400055187751832,6.260991208743938,-4.6209856899688475,4.8204987822183725,0.013400107117584237,2.4729548497744447
158,1.5173010437696348,5.97350627929157,-4.456205235522248,5.687549104427752,0.019431000098535683,2.3371574233624033
159,1.2788464339340635,6.0208257218297305,-4.741979287895674,5.3467213012446635,0.014164832395064946,2.4530559014338063
160,1.6406070230092382,6.21942348655611,-4.5788164635469,5.4983600188101285,0.01681141570370332,2.390806386037369
161,1.7854381334310574,6.469144664047207,-4.6837065306158365,5.073563903096556,0.013731798899309922,2.464203849662065
162,1.7389092136646696,6.50343488007735,-4.764525666412737,5.228961961310066,0.013453222484036088,2.4715407311032846
163,1.684277527627387,6.266040243891041,-4.581762716263711,5.199247984132867,0.015461764099412184,2.4213786104490134
164,0.8474302599262273,5.4075867359247525,-4.56015647599861,3.9843845909172764,0.010640815480706629,2.5542783465937733
165,1.7438383514728457,6.515558394787696,-4.771720043314872,5.125165838246861,0.012977333917978614,2.484390701087469
166,1.1692225336202,5.86070736729345,-4.6914848336732575,4.185746501377238,0.010225571037126248,2.568106582264948
167,1.5199014767116523,6.202646297459971,-4.6827448207484395,5.070805618714758,0.013731449763318523,2.4642129622715694
168,1.473329755517284,6.128074838525983,-4.65474508300872,4.604484165935627,0.012171576232123026,2.507130507535702
169,1.2935986982841996,5.916146340399152,-4.622547642115251,5.270235613103271,0.015262181116710925,2.4260972210727063
170,1.7141490207797005,6.455430989491376,-4.741281968711746,3.9415859299959735,0.008941054417732033,2.614299794494166
171,1.3735392674890363,6.033601154742804,-4.6600618872537325,4.013686667578135,0.009863575078866952,2.580575621631866
172,1.627632829627487,6.119501298874425,-4.491868469247038,4.931017526277621,0.015401096201923176,2.4228072425569582
173,1.7774770049860535,6.481328927964519,-4.703851922978629,5.137500944103891,0.013762926813970887,2.46339221802898
174,0.7414495556287193,5.535071756390153,-4.793622200761547,3.579534359723713,0.0073671931141154725,2.6797737739446554
175,1.5560681593184427,6.189886759435154,-4.633818600116683,5.258166400924004,0.015073640982349833,2.4306049221739228
176,1.3240857855277,5.916362050571408,-4.592276265043665,4.80451887781544,0.013654436382144974,2.4662280656410247
177,1.4250491367637323,6.103385248355828,-4.678336111591989,4.862087355553616,0.012944921006060166,2.485280995882386
178,1.8764414141647876,6.46493567984902,-4.588494265684176,4.6516618919095905,0.013060030707048151,2.4821281241493085
179,1.8596786568908783,6.491567662039252,-4.631889005148423,5.1473192554702365,0.01463120522619571,2.4413811055047403
180,1.6981460630216816,6.177063664989298,-4.478917601967623,4.786940473900376,0.014912813507934303,2.4344894759643547
181,1.8766791536551182,6.427101289058534,-4.550422135403551,5.304586751694867,0.016325009995812007,2.401567206935566
182,1.4604783578109846,6.254364123862686,-4.793885766051517,4.438641403932731,0.01024169350691045,2.5675604344381266
183,1.5783992806740343,6.14436757553743,-4.565968294863524,4.779039666792698,0.013845798091914363,2.4612393022857533
184,1.002071573074204,5.608965108772971,-4.606893535698873,4.331544515384369,0.011570849108939445,2.5249690137635836
185,1.317865756725837,6.183706373743938,-4.865840617018193,4.57725541969495,0.010102840742054333,2.5722893787623744
186,1.598820372275327,6.270310635498291,-4.671490263223177,4.316417712421877,0.010894573362766396,2.546062329415413
187,1.6749409312741363,6.410808518385153,-4.735867587110988,4.186332937798564,0.009844630348882973,2.581239340556419
188,1.5229629024976248,6.302671260403969,-4.779708357906202,4.089741403477163,0.009147692435489988,2.60648464878114
189,1.5937387569248358,6.254597181108359,-4.660858424183289,4.383243556498186,0.011249738257469001,2.5348440907570904
190,1.835885929375877,6.528675819537689,-4.692789890161976,4.440783833648805,0.011165817489937405,2.5374661211804654
191,1.4347387780254621,6.154843176074934,-4.720104398049443,4.451756007341963,0.010951330721628648,2.5442479780667875
192,1.3904877133426226,6.0564122383675,-4.6659245250248205,4.995930103891613,0.013616881190178877,2.4672143646467672
193,1.4267878960262124,6.0212656777093585,-4.594477781683281,4.126217327633551,0.010879953108959527,2.5465310526782066
194,1.3666669743355442,5.875962919927467,-4.50929594559193,5.818189802747554,0.01925395961927154,2.3405771560883513
195,1.7950444752660815,6.644108614366466,-4.849064139100392,4.670406984604313,0.010568847068499096,2.5566402035249323
196,1.4487905581285077,6.37510142976933,-4.926310871640908,3.405176613821105,0.006050242315277896,2.7450459635684097
197,1.3678105412299146,6.063732225857251,-4.695921684627365,5.112643951743578,0.013752145465063476,2.4636731480673073
198,1.391299779457654,6.2349897748093355,-4.843689995351497,3.8790940432573997,0.00797548107905936,2.6531060411436584
199,1.5576423760236366,6.196443207315546,-4.638800831291746,4.5429910596303245,0.012090646409048734,2.509487589474675
200,0.9801446118977992,5.674200172799161,-4.694055560901461,4.779228369080272,0.012453745875309896,2.4990194980320433
201,1.4244519042414368,6.076992533687196,-4.652540629445866,3.9691710582616437,0.00976331076461608,2.58410132153341
202,1.2315271238741161,5.955110797775532,-4.72358367390143,3.975519165892404,0.009199350829554566,2.6045555453246236
203,1.1767415650912199,5.860555694223642,-4.683814129132543,4.814858501038973,0.012700099003241334,2.492070041987407
204,1.587454583597605,6.194266897316879,-4.606812313719047,5.601685123241829,0.01689386336506911,2.389009546753375
205,1.2023673988654764,5.753510639503382,-4.551143240638112,4.496094626435077,0.012816504321599323,2.488827751975964
206,0.9954841441880262,5.4961651008910195,-4.500680956703036,5.142312263900507,0.016245329461398807,2.403356771915736
207,1.2871279848560562,5.930293896624995,-4.643165911768847,4.221645728787326,0.010796233436478078,2.54922592491092
208,1.3678575035120275,6.040208263321141,-4.672350759809206,4.598502726645933,0.011970180189119323,2.513022200529204
209,1.8499036871463659,6.514633863305335,-4.6647301761590825,5.214007072683941,0.014521042520465481,2.4441089030609446
210,1.438553195436839,6.047261689159434,-4.608708493722588,4.914550660809926,0.013927805122849017,2.459120010254498
211,1.4674166379912776,6.083230841136029,-4.615814203144737,4.716213076564426,0.013029162778378307,2.482971181786555
212,1.3666346120584194,6.001569746235752,-4.634935134177113,4.419092872671531,0.011640454608151335,2.5228605669075264
213,1.1338341807194183,5.732401065244339,-4.598566884525098,4.764342046264726,0.013416576588749802,2.4725158452164604
214,1.4757362896092445,5.9809059398023905,-4.505169650193011,5.255870322108279,0.016703758445377078,2.3931643171508994
215,1.9577200008812952,6.58979838960223,-4.632078388720856,4.621178407022757,0.012471555218349042,2.4985130453254962
216,1.2998197878888504,5.887589339851019,-4.58776955196231,5.413464624863327,0.01631950801826999,2.401690530257673
217,1.3822328314257675,6.159817362074463,-4.77758453064871,4.206356339317598,0.009566794592990206,2.5911062631691775
218,1.6067351803168322,6.213664232374867,-4.606929052057922,3.9394917452251654,0.010045696237080863,2.5742523905666244
219,1.4261196063570196,6.279748895012368,-4.853629288655156,4.223638135765775,0.009017456278223413,2.611391629125078
220,1.5302036876972807,6.192755060681883,-4.662551372984581,3.96770622963351,0.00967316521363652,2.587298861424462
221,1.9465950645293333,6.623913295435997,-4.6773182309066215,5.280918269202658,0.01464821288638706,2.44096158436137
222,1.3068784953319437,6.102470738682946,-4.795592243351166,4.24029947530321,0.009536332867895311,2.5922035540980546
223,1.2940319201014745,6.080961041745134,-4.786929121643425,4.832587377496978,0.01172583642659063,2.5202894560487237
224,1.3411885806279997,5.966233289370727,-4.625044708742735,4.76360510175882,0.013122607481077225,2.480424435616271
225,1.1495136970260091,5.8800548273318896,-4.730541130305937,3.5593364553477578,0.007728300454962078,2.6637150149704327
226,1.383507686311873,5.929330190928589,-4.545822504616581,4.9826088189246995,0.014961544941136374,2.433308557769397
227,1.3746756463307293,6.031707566729025,-4.65703192039814,4.31607091207227,0.011028326995383796,2.5417999637944817
228,1.7021038838159939,6.263493159397534,-4.561389275581632,5.407149288237029,0.016637663644840036,2.3946185577613663
229,1.3082789519750122,6.090515717892842,-4.782236765917787,4.389684614288864,0.010169910531110098,2.569997989100232
230,1.8049047663183728,6.593544119875588,-4.788639353557301,5.499603522869283,0.014234317798027817,2.4512951607827906
231,1.6464721613280062,6.062073723453267,-4.415601562125403,5.359748898984758,0.01844909532341087,2.35647931076156
232,1.5781558328893652,6.384100546084113,-4.805944713194776,4.122796712468247,0.009053168741609654,2.610039806664334
233,1.7935759010559877,6.429444332555597,-4.63586843149983,5.547987561053816,0.016280473724505102,2.4025665095925195
234,1.521850091490137,6.283777694072079,-4.7619276025818635,4.792880359401657,0.011822679771291101,2.517393226524783
235,1.6357397916398213,6.202658428620126,-4.56691863698029,4.686754287648178,0.013444554588757644,2.471771163816885
236,1.904846434306478,6.538913288860215,-4.634066854553566,4.384612779291672,0.011513742784288955,2.526707264744305
237,1.6391383451585853,6.228776962686872,-4.589638617528408,4.687458367482524,0.013195936189223602,2.4784371376218024
238,1.1745266686751847,5.7875219593122225,-4.612995290636945,4.485159141417874,0.01212280940493905,2.5085491725130735
239,1.765552117346374,6.492005307046924,-4.726453189700578,3.9481386916071735,0.009080559654330661,2.6090062020936773
240,1.3673439242701306,5.952481750844555,-4.58513782657451,4.701711137054183,0.013304782782524553,2.475505190356671
241,1.2820805159466317,5.941717167352863,-4.659636651406345,5.413487421644625,0.015410977377186648,2.4225742193640367
242,0.9017414057599353,5.575907298603234,-4.674165892843348,3.8886944390610054,0.009289772701043033,2.601202032029015
243,1.568120475807632,6.214568472100993,-4.646447996293091,3.971824443675974,0.009825108029573497,2.5819244867393927
244,1.7930828211545986,6.50061412894722,-4.707531307792806,4.738439818254914,0.012157957246004502,2.5075261867807166
245,1.7210785147605066,6.249605454605302,-4.528526939844596,4.509485333842381,0.01311942246417186,2.48051097580948
246,1.22715338876435,5.986977557522273,-4.759824168758087,5.497570317152302,0.014556860138693908,2.4432200080982445
247,1.3786291201896574,5.9599761515359475,-4.58134703134624,4.966308783280521,0.01446436656422485,2.4455194024953846
248,1.0967096494363204,5.840481131254691,-4.743771481818612,5.176754397706901,0.013476752703359948,2.4709158499822683
249,1.317476151673759,6.105310689215294,-4.787834537541585,4.910937200163012,0.012006483174754234,2.5119537241509033
250,1.074515518404155,5.926513351568914,-4.85199783316466,3.6078878228752274,0.007077656433463005,2.6931681470653754
251,1.2617099179925617,6.007635395746526,-4.745925477753872,3.653604569169378,0.007932471378484442,2.6549306536047506
252,1.5303616796319375,6.192986839733017,-4.662625160101015,3.544630381129469,0.008161734812487775,2.6453048574994957
253,1.6759493960795453,6.344696099529273,-4.6687467034498695,4.439296360618485,0.011389555580602222,2.5305139498249907
254,0.7274070645031543,5.513566503557485,-4.786159439054245,3.5100692914987093,0.007197058029454221,2.687585936507022
255,1.3863958059067727,6.166221817726793,-4.779826011819978,4.857495475277027,0.011887312251569101,2.5154719902634337
256,1.263158142464249,5.882696664787844,-4.619538522323637,4.399744494937959,0.011716367681453326,2.5205737689738044
257,1.470602169535482,5.969884498923719,-4.499282329388052,4.716754472041369,0.014353609056600795,2.4482899610244466
258,2.006409690734131,6.573855865525871,-4.567446174791712,5.061214928427539,0.015039750815674813,2.431420443401817
259,1.1806012368866732,5.906222432384276,-4.725621195497752,4.904887633868629,0.012614578470334432,2.494468887614803
260,1.4019058425914181,5.9132734982136625,-4.5113676556220526,4.819638585521524,0.014663447337062627,2.440586166675809
261,2.010363462416649,6.610138709375583,-4.59977524695887,5.325776218537005,0.015783816841841804,2.4138763723908
262,1.6984679052592355,6.238524903808774,-4.540056998549517,4.619513057589231,0.013460266532286734,2.47135356436134
263,1.8708034766924584,6.321408160276029,-4.450604683583606,5.020970160600569,0.016346953265702794,2.401075725494872
264,0.9829280468676416,5.808318499441917,-4.825390452574538,4.7161146691554485,0.01094228750825469,2.544536500211157
265,1.1005255198643908,5.819197911291248,-4.718672391426708,4.636809064803014,0.011659128379598198,2.5222968158021697
266,1.2887338434708226,5.976859231028172,-4.68812538755742,4.797974225511915,0.01258860325882763,2.495200341218713
267,1.8755256245086684,6.401300612418652,-4.525774987910154,4.393943597670493,0.012659217849440772,2.4932149660167435
268,1.350105644636301,6.0345518618696445,-4.6844462172334715,3.893149207662656,0.009222416935616961,2.6036972977084147
269,1.0601535516394733,5.7969983115769566,-4.736844759937412,4.293499197478962,0.010220973571329136,2.5682624616373637
270,1.3452053270506212,6.023113972308103,-4.677908645257276,5.137463106036485,0.01405562343912722,2.4558386893966997
271,1.177217903007545,5.830943917490828,-4.653726014483254,4.899058676743838,0.013359669426573613,2.4740347691726434
272,1.497229724784006,6.2554556546692766,-4.758225929885157,4.8994111356130325,0.012259540999580695,2.5045842323209904
273,1.1008322701239877,5.769746821371363,-4.668914551247099,5.577323842848148,0.015983463632914845,2.409292922914961
274,1.390826142860874,6.2877111596043065,-4.896885016743454,4.029805505418356,0.008075915972805053,2.6488793375356803
275,1.5295572971521096,6.181036942064651,-4.65147964491257,4.6556910716933615,0.012407737211040144,2.5003308431385483
276,1.6700173833070266,6.242302983874694,-4.572285600567511,5.21312380708013,0.01564091875893026,2.4171884110230586
277,1.769448442433145,6.400761077408177,-4.631312634974847,4.746436523469036,0.012984940173575432,2.4841820628625833
278,0.6264279822629533,5.277594413720571,-4.651166431457796,3.935327757413873,0.009650082549471398,2.5881218938160413
279,1.1848225233021594,5.95890911025414,-4.77408658695208,4.3662386288127735,0.01015742581595635,2.5704234989315484
280,1.733521734987903,6.530805635146436,-4.797283900158618,4.317844882056182,0.009790318851867805,2.583148444128139
281,1.0349527758604609,5.70089938443558,-4.665946608575268,5.137004281248675,0.014190791987360764,2.452397202736324
282,1.5156402315607238,6.02360664696775,-4.507966415407054,3.8372093117934583,0.01053451683722977,2.5577718951328863
283,1.5218512109926223,6.130051649517149,-4.608200438524591,4.166927482725406,0.010910508789738397,2.545552078194342
284,1.4307414910616671,5.88830194553811,-4.4575604544766065,4.17668393636632,0.012458043344076011,2.4988972301988515
285,1.211842169704937,5.742461255905333,-4.530619086200431,4.536901715854526,0.013213152936297752,2.4779719583907807
286,1.6136896398228373,6.18067860155319,-4.566988961729976,4.412952636231175,0.012303607821808095,2.5033147307093793
287,1.1677021696358452,5.792155241939881,-4.62445307230405,4.506454413633541,0.012091209707497726,2.5094711351391377
288,1.4736773276371196,5.976114314420165,-4.502436986782868,4.875005803810446,0.01501819291454734,2.4319400479806665
289,1.8472647450449813,6.169979652046976,-4.3227149070019095,5.5474265686821305,0.020830167896612548,2.311048649057447
290,1.5796421736685033,6.044078452727263,-4.464436279058646,5.151624344776927,0.016770613365678297,2.3916984828697205
291,1.1813013222657673,5.753532754244496,-4.572231431978707,4.932611607213577,0.014428048042575995,2.4464258290898764
292,1.0905228401912836,5.607094543182775,-4.516571702991541,5.061480189948348,0.015675130683708155,2.416393043583626
293,1.2112628983824152,6.0603048334933405,-4.84904193511079,4.6704614791643735,0.01056923304171165,2.5566274985662174
294,1.6174683661362224,6.1322779997013015,-4.514809633565164,4.772479771007088,0.014414442453652268,2.446765911395392
295,0.8375090358400712,5.558317762278051,-4.720808726437781,4.5022614431604495,0.01113281536584938,2.538502040592784
296,1.9370747479316606,6.457226248444137,-4.520151500512384,5.62402194328822,0.018189662684736433,2.361734524264411
297,1.955724855634685,6.620184518929207,-4.664459663294565,4.583079492340239,0.011989223161844163,2.5124613664706525
298,1.4556265949528324,6.092991856274402,-4.63736526132152,4.798637052217327,0.013131303686262571,2.4801882453113517
299,1.685453913591914,6.215755972445216,-4.530302058853522,5.6141833714967255,0.018000057688794258,2.3656169401692377
300,1.293265308460036,6.0228159626512365,-4.729550654191144,4.341423122847377,0.010459273372096995,2.5602638061072724
301,1.3273421418733733,6.000250876993441,-4.672908735120018,4.706481417980541,0.012387021976689599,2.500922678069086
302,1.668219035615607,6.460151983331542,-4.79193294771585,5.108084283497199,0.012701223658485347,2.492038590846814
303,1.3972439064924629,5.871882375339098,-4.474638468846706,4.921356468847197,0.015575346906509753,2.4187171297122836
304,1.424333622154677,5.993202360277714,-4.5688687381232285,4.4316707238853965,0.012361029703941144,2.501666519482619
305,1.151724181428449,5.608529229909472,-4.456805048481101,4.300461309001335,0.01300652739846742,2.4835905174072885
306,1.8701501938209049,6.363767559785813,-4.493617365965065,5.363598968621897,0.01735672911055364,2.3790625787161783
307,1.9430208557968172,6.720862216271229,-4.77784136047444,4.724386953857618,0.011415483543772384,2.529716152695785
308,1.296302619893254,6.059200391440285,-4.762897771546932,3.9975007498382276,0.008964382871849152,2.613409472663362
309,1.0496438829462704,5.640140647239029,-4.590496764292766,4.596482262966305,0.012810600146527462,2.4889915750032556
310,2.248177507786636,6.863751776942479,-4.615574269155786,4.565779978854941,0.012420626104043143,2.4999630485380924
311,1.333191882588494,6.092251446349579,-4.759059563760957,5.04292322645005,0.012796309553069953,2.4893883725536456
312,0.8833099763095333,5.682096343284364,-4.798786366974809,4.571944396509288,0.010670706925299504,2.5533015436071005
313,1.699170113617015,6.432916750416261,-4.7337466367991965,4.6164676515693195,0.011436799261880508,2.5290614770703685
314,1.8776317181999502,6.3934482675033095,-4.515816549303281,4.733219253017083,0.014230391293419617,2.451394454932255
315,1.59314913259675,6.2395887798111005,-4.646439647214493,3.9794770297832933,0.009853602090683929,2.5809248784453804
316,1.147317665906371,5.840556560620712,-4.693238894714341,5.1573455938710495,0.013961853832835158,2.458243331069459
317,1.5950458793562348,6.330563619470546,-4.7355177401143465,4.7012135968815585,0.01173777767872457,2.519931192702897
318,1.5350551563377621,6.304949120713239,-4.769893964375569,4.176446760120317,0.009526017137282303,2.592575855402426
319,1.4139237595567238,5.936247258539602,-4.522323498982814,4.558450726530761,0.013397795903718115,2.473016494846318
320,1.4285160729804147,6.312568109473688,-4.884052036493358,4.3744006319968705,0.009275049327995109,2.6017460929157266
321,1.224493521232148,6.07721996738826,-4.852726446156339,3.794354996489883,0.007646585812280705,2.6672891267066476
322,1.825117065034533,6.366320628380187,-4.541203563345562,4.368034834408146,0.012386981227526286,2.5009238431376737
323,1.8791225986866493,6.548355607888759,-4.669233009202117,5.164529993028452,0.014265527416196497,2.450506784624713
324,1.6030172717008782,6.176381976684716,-4.57336470498376,4.8316824450095766,0.01398446075461269,2.45766229465546
325,1.8845778049502542,6.665586014585976,-4.781008209635729,4.7261712607495845,0.011391921633710249,2.5304410801340818
326,1.240946088351734,6.0697191792259275,-4.828773090873938,3.7672452477508394,0.007724322581333259,2.6638882169251565
327,1.3538212150180016,6.02234063292461,-4.668519417906509,4.398354705541788,0.011234646472274358,2.535314336389876
328,1.4045859329363566,5.808098180457293,-4.403512247520894,5.770183410299541,0.020658170449779745,2.314174166020398
329,1.5259138295931507,6.037292418677993,-4.51137858908487,5.328976109107522,0.01695440412765213,2.3876950341324346
330,1.1193812042039326,5.816585625936348,-4.697204421732522,5.03901803213618,0.013443981629222085,2.47178640035464
331,1.4237522007402958,5.994941858298795,-4.571189657558534,5.133179366323638,0.015306180536652506,2.4250523235771166
332,1.5146685752214353,6.01093819082552,-4.496269615603978,5.037678154217325,0.01582741150141571,2.4128712020253844
333,1.5829451331857172,6.298772998355169,-4.715827865169558,4.543882954648801,0.011335883871743946,2.532170551426614
334,1.0350650962435566,5.6273167204599375,-4.59225162421626,5.236172547808351,0.015490882844921517,2.4206946619662526
335,1.5363436758228772,6.2969892035043245,-4.760645527681163,4.100853003713905,0.009338582550671978,2.5994038877657664
336,1.652927529141948,6.40231205763957,-4.749384528497558,3.7656308095007702,0.008280885929150895,2.640397411208198
337,1.2127548878685275,5.660650845729393,-4.447895957860965,5.891590871779812,0.020551213694910885,2.316129231460444
338,1.521920457735746,6.161175423291027,-4.63925496555521,4.8903693609587116,0.013484054216777126,2.4707221430718707
339,1.9394960846697131,6.711685843927739,-4.772189759257799,4.391904467830404,0.010265090824761717,2.5667692111493965
340,1.5049593017041616,6.07492795543908,-4.569968653734804,4.406073708664572,0.01224443030287572,2.5050204806387737
341,1.396616521011424,6.130251130329228,-4.733634609317733,4.085031854444356,0.00950348736077847,2.5933902211181294
342,1.1230030022460369,5.57284344587157,-4.44984044362559,4.684049420148526,0.014803934370576304,2.437140298937528
343,0.9479568732148209,5.549700060110645,-4.601743186895874,4.534992121361004,0.012440209218145561,2.4994048755610176
344,1.6189724438014537,6.165135556968629,-4.54616311316704,4.222696998260517,0.011735364766760237,2.520003559199737
345,1.5590385821614063,6.193062648246858,-4.634024066085658,4.4435636556562415,0.011745714631297106,2.5196932458016503
346,1.11661302266873,5.632298780198219,-4.515685757529354,5.890250171382139,0.019496871316193078,2.33589199432852
347,1.7548417397691765,6.468074284426336,-4.713232544657103,5.438850753557915,0.014868094574137956,2.4355761538411738
348,1.4035906873701833,6.087841201619348,-4.684250514249243,3.817789944339033,0.008955672289256932,2.613741666495786
349,1.5818067052497327,6.30269307387281,-4.720886368623042,4.721336570658195,0.011958452750459468,2.5133679786797853
350,0.8744575059132558,5.737390213580561,-4.862932707667142,4.533795476845572,0.009979805876810159,2.5765282201163657
351,1.607848860672334,5.975553673253991,-4.367704812581451,4.787071164932907,0.01634244903555831,2.4011765631368656
352,1.5039851532661714,6.129003570031266,-4.625018416764988,5.308471902384394,0.015394281579225047,2.4229680253416976
353,0.9586434649546618,5.608511732514522,-4.649868267559668,2.7426239138040067,0.0056156253486872535,2.7694196503023845
354,1.1576480568818397,5.868597652977378,-4.710949596095361,4.854104064687601,0.01257027197231081,2.4957173490200715
355,2.0216408584336705,6.645793135817293,-4.624152277383473,4.23673850649762,0.011032139277316949,2.541679151351982
356,1.968823120158845,6.589675196831884,-4.620852076673145,5.4439814023284505,0.016026159716280023,2.40831925359389
357,1.4003875367126284,5.922212934060958,-4.521825397348266,4.552588977080543,0.013378200361614313,2.473539528313227
358,1.1794853572727106,5.735800964203854,-4.5563156069310935,4.7860589562097715,0.013986688058587875,2.45760509402536
359,1.660298799125826,6.247329684947154,-4.5870308858213775,5.299031516572274,0.015829139433151326,2.4128314109667075
360,1.4279392674089877,6.170624019243931,-4.742684751834986,4.354091592738328,0.010388664047041559,2.562616792231389
361,1.6500679274685126,6.321008200152463,-4.670940272683993,4.357542822133553,0.011055911414588088,2.5409266403477626
362,1.6664898081661477,6.214100255234335,-4.547610447068109,5.045451344600295,0.015214820734661932,2.427224902653469
363,1.1450370596627408,5.8762537358801055,-4.731216676217173,3.4460188013931017,0.007352561026701598,2.6804392439549773
364,1.044209647024104,5.871858870376336,-4.827649223352182,4.783297999367644,0.011160504931008971,2.537632695816465
365,1.6182817940920131,6.036364084984825,-4.418082290892926,3.6656792825340716,0.010664380109540347,2.5535080902979006
366,1.5146238950200086,6.135809319150162,-4.62118542413009,4.886597276492726,0.013670287939543403,2.465812480683498
367,1.3324194524158202,5.879862818777468,-4.5474433663616765,5.495368329268661,0.01722073347148461,2.381960736057321
368,1.5567809738955702,6.227775769619441,-4.6709947957238,4.634195737750421,0.012123141525063318,2.5085394937885077
369,1.3408142800909673,5.798893395332179,-4.4580791152413894,5.361710929771412,0.0178457062799315,2.3688040316717194
370,1.6335154763438595,6.390909553222642,-4.757394076878882,4.679987137524638,0.01144685874672602,2.5287528933880195
371,1.494980627150312,6.293447669879711,-4.798467042729271,3.942822523620258,0.008509003633661895,2.631175686247283
372,1.4821226504815286,6.189242383569294,-4.707119733087893,3.655031470376425,0.008216162599398946,2.643055254610367
373,1.7852003131405354,6.560745513354895,-4.7755452002145375,4.012796742230233,0.00891805028089681,2.6151797728351176
374,1.5892196754058432,6.007994329007822,-4.418774653602213,5.7096251883194284,0.020115632827557853,2.3241840306679564
375,1.4321096425552469,6.105821667799368,-4.6737120252441855,4.510244729301675,0.011614589643634337,2.5236427430839035
376,1.8103972378188473,6.397092872882787,-4.586695635063961,5.255253021829191,0.015643065047600106,2.41713846858767
377,1.568545489993653,6.418210487637957,-4.849664997644368,4.022038672852688,0.008390091424077655,2.6359547698655694
378,1.0869281384717624,5.89398007058967,-4.807051932117702,3.8022898584480593,0.007987148727118575,2.6526125808278027
379,1.990360721221009,6.55985677467001,-4.569496053448802,5.542534617710427,0.017133087136797984,2.3838391941946613
380,1.3390609758026812,5.79104730869075,-4.451986332888055,4.533336365426472,0.014096246306533743,2.454801343753147
381,1.5820553932732082,6.33560332085856,-4.753547927585487,4.743196056695098,0.011719125333952411,2.520490945393518
382,1.3651691313683614,6.184318909037636,-4.819149777669281,4.234609347548194,0.009326050876898404,2.5998647503604855
383,1.8380653396637854,6.675741215980246,-4.837675876316325,4.566248204832611,0.010307223868957193,2.5653484441190937
384,1.2642800139402652,6.074024637686968,-4.80974462374661,4.8087781583237685,0.011419985248273843,2.529577800252771
385,1.6112847017476497,6.479358502402782,-4.868073800655338,4.075560859995054,0.00842735828944612,2.6344505316178064
386,1.3599370752034474,5.876993037023794,-4.517055961820233,4.4282002438937305,0.0128986520749651,2.486555300898539
387,1.3163815596366248,6.120964229132774,-4.804582669496085,4.102310455310061,0.008994832510551684,2.6122504812905905
388,1.3437589708586302,5.931250643559665,-4.587491672701162,5.192008814594981,0.015359230330651787,2.423796008363194
389,1.461491679350388,5.958380355587792,-4.496888676237404,4.500229931782258,0.01343211379879982,2.4721021270548205
390,1.1409899379810895,5.909283795417707,-4.768293857436674,3.5283698616964863,0.007372035796919872,2.6795537889810834
391,1.6185385461461692,6.148652891409277,-4.530114345262973,4.528063187059093,0.01318106151112255,2.478839468788783
392,1.2674431069966658,5.893048226626995,-4.625605119630109,4.191742575090913,0.010844229299489883,2.547678712363059
393,1.7451777947638902,6.571358316874758,-4.826180522110917,3.743100417651366,0.007665711199727023,2.666449544967303
394,1.4474187629044764,6.001094534066304,-4.553675771162034,4.841003573111692,0.014253198412207213,2.450818041643695
395,1.4540208059914903,6.037519777101309,-4.583498971109975,3.963303819339604,0.010345279209693848,2.5640696170126067
396,1.2893154825879947,5.769127088388608,-4.479811605800705,5.644765054963006,0.018872881894342754,2.348032353367729
397,1.7399912842214462,6.20569067535456,-4.465699391133057,5.93374780590344,0.020475189837586224,2.3175242755575045
398,1.398757197331065,6.122568180243533,-4.723810982912482,4.679126943142645,0.011769124879476255,2.51899224497912
399,1.812602785238255,6.653093707777835,-4.8404909225396295,4.11935053799321,0.008775162632336915,2.6206915154081796
400,1.3294989681431844,5.9513978528444085,-4.621898884701068,4.547262065617318,0.012280603334174488,2.5039769533529204
401,1.5808446442778177,6.35954140061007,-4.778696756332238,4.457392468963512,0.010441341748301806,2.5608600177858167
402,1.689037888686812,6.283876272537313,-4.594838383850401,4.635773358683071,0.012925693559696994,2.485810054020065
403,1.6049189099666137,6.212715846135936,-4.607796936169507,4.547682091181571,0.012428501448655076,2.499738485779895
404,1.5850530808057783,6.30073261756349,-4.715679536757534,3.8773384270385733,0.008918254975603734,2.615171933703383
405,1.4516919564865702,5.9879051671764145,-4.5362132106899935,4.100803499583751,0.011335837194677687,2.5321719951633526
406,1.3455535959536746,5.90721083683804,-4.561657240884415,4.6291417173233675,0.013260416971582666,2.4766976809773387
407,1.5069220976671431,6.004696998278433,-4.497774900611375,4.863935020708162,0.015026188332376046,2.4317472598668846
408,1.4426638079868326,6.085651562779866,-4.642987754793012,4.944550481243795,0.013663955943344885,2.4659784374141993
409,1.7236198139006547,6.259404287750101,-4.5357844738493895,5.579198157676437,0.017762619146964396,2.370529650663653
410,1.2617250722115614,5.747845766875123,-4.486120694663441,4.3245284051757835,0.01279031981247058,2.4895548023945464
411,1.0028175134406183,5.898181121744358,-4.895363608303796,4.091454922419992,0.008279799484475162,2.6404418720967553
412,1.6977780631208361,6.280352155029682,-4.582574091908782,4.795615492248196,0.013726762478592938,2.4643353223718414
413,1.6256080998401785,6.224261597365903,-4.5986534975256745,5.386587982164887,0.016061759442963525,2.4075091561100788
414,1.1542455875934365,5.560883372386712,-4.406637784793247,4.750998504084585,0.015657675815312883,2.4167986477242867
415,1.515804734559083,6.1886084179999585,-4.672803683440861,5.10621730390951,0.01398680866674007,2.4576019968499256
416,0.9481837063427747,5.694707058750687,-4.746523352407621,4.319830141400434,0.010231305487619666,2.567912240275034
417,1.9867763884848273,6.550138812614691,-4.563362424129991,3.98212155609896,0.01060229336791115,2.555540790680302
418,2.001652892533116,6.410691922707869,-4.409039030174654,5.1747301400715,0.01764698131416672,2.3729431190244394
419,1.553904604327613,6.140705791159959,-4.58680118683219,4.932860937483305,0.014257965542838319,2.4506976629019235
420,1.644653698942534,6.491172979343503,-4.846519280400798,3.5290294304796745,0.006873554763769965,2.70290906797305
421,1.6048649063853873,6.160192408916622,-4.5553275025310995,4.9217741914009565,0.014582192395773446,2.4425924945168123
422,1.2416101683821807,5.950607638805785,-4.708997470423583,4.290496209364861,0.010456077454286259,2.5603700011028168
423,1.5023973732928653,6.190410857566597,-4.688013484273597,3.861552034720642,0.009081139519953032,2.6089843507887696
424,1.958789926736813,6.517101645547669,-4.558311718810728,4.596537370842295,0.013160130712641913,2.479406286690418
425,1.5165036136633034,6.1514680157533235,-4.634964402089963,4.434614716547301,0.01170117157475917,2.521030480628307
426,1.5357297752753993,6.137894477669498,-4.60216470239402,4.730331229403173,0.013235976403462371,2.477356116610074
427,1.5434528683227882,5.9689594904145835,-4.425506622091689,4.057566187227362,0.012278971630140667,2.5040239664108768
428,1.3393847566500199,5.983959266179163,-4.644574509529093,5.320062396331853,0.015203345198374104,2.4274986077872693
429,1.4287147881572082,6.142045524361379,-4.7133307362041705,4.210209737654992,0.01012410817552472,2.571561329873955
430,1.2909486229297045,5.914883076043772,-4.623934453114089,4.480070834140253,0.011991336085562146,2.5123991874946117
431,1.7072671771317118,6.301851169053229,-4.594583991921354,4.300403474182961,0.01156809408543247,2.5250526985533686
432,1.5063543158840957,6.303574957418235,-4.797220641534295,4.0347782118852535,0.008824913162479218,2.618763401523084
433,1.8592407559816593,6.5804327257828135,-4.721191969800884,4.660778550504276,0.011725295054659957,2.520305706042928
434,1.899325743634904,6.389404190553535,-4.490078446918687,5.792986319640917,0.019423363251222986,2.3373043745315236
435,1.0705447185799812,5.487045209863524,-4.4165004912833865,4.90375343672817,0.01624929447978554,2.403267538418291
436,1.215008573593991,5.957463507268834,-4.742454933674708,4.132087462397642,0.009596843728797006,2.5900268826504234
437,1.0317489739355779,5.785286207508179,-4.753537233572615,3.5110729756926133,0.007414556305858828,2.6776277877591013
438,1.5802173529469883,6.254364533453099,-4.674147180505997,5.078543491814003,0.013859288437757565,2.4608899135578075
439,1.5281366593302437,5.999498846404961,-4.4713621870746465,4.9784400787713246,0.015878404293265435,2.411698536681717
440,2.0179958352888434,6.732684128279672,-4.714688292991013,3.7564120849344036,0.008507061598196506,2.631253255628641
441,0.9285757118424272,5.439868070500964,-4.511292358658466,4.796218677535968,0.0145609667665262,2.4431182161284672
442,1.6293754658432817,6.413819499549753,-4.784444033706677,4.685063908374488,0.011209496383243181,2.5360992370042394
443,0.9853870571545258,5.768429711136434,-4.7830426539819655,4.064877884512544,0.009036597745301484,2.6106664747139097
444,1.7271567844396714,6.062458287455854,-4.335301503016353,5.434909197377031,0.020047520601850468,2.3254573002448975
445,1.608776405746653,6.12764077418241,-4.51886436843597,4.616345383683278,0.013686495257180352,2.4653880085136217
446,1.4933454243542883,6.074072654651445,-4.580727230297271,4.335368200311855,0.01184658897563176,2.516681429211447
447,1.4962589581147085,6.078122768888896,-4.581863810774166,5.055036005899904,0.014838035871091202,2.4363082051688894
448,1.1002111186265893,5.923222375299346,-4.823011256672771,4.1410398174712455,0.008981236689110564,2.612767539495915
449,1.4478565394891802,6.263431606884993,-4.8155750673956845,4.491595828851018,0.010239271304583008,2.567642437541873
450,1.406684732662029,6.071720885581129,-4.665036152919129,4.534852155180719,0.011795383717582984,2.518207415562752
451,1.3506561724778976,6.015328476576073,-4.664672304098076,4.975486747237241,0.013548086514219645,2.4690273448471425
452,1.6050693747775995,6.394366929236817,-4.789297554459381,3.7561605604059025,0.007962858437490792,2.653640619569456
453,1.4396758976300816,6.176293929918373,-4.736618032288561,5.390874742211931,0.014401588531168505,2.447087465383977
454,1.2135841122518514,5.855029784719967,-4.641445672468308,4.781261135785904,0.013016792653222392,2.483309527651941
455,1.4134089370080574,6.030005110277052,-4.616596173269045,3.9202238420720903,0.0098886363599138,2.579699355394391
456,1.5536576984949306,6.307705559361786,-4.754047860866876,4.1884237253529975,0.009699146903319085,2.5863745534955607
457,1.6332156618581166,6.188760696579514,-4.555545034721263,4.379236965694247,0.012283637746502832,2.5038895398315977
458,1.685850549609654,6.382486203282255,-4.696635653672729,4.770453606951701,0.012392974720500721,2.5007525182767454
459,1.6690003380584812,6.339266875472767,-4.6702665374143635,4.4132388622390515,0.011274982065093092,2.534058768524513
460,1.289910875335977,6.1463863215575145,-4.856475446221339,4.241276943516887,0.009053481521626468,2.6100279880630763
461,1.1559858858914822,5.89431712767967,-4.7383312417882735,4.658505592784216,0.011550030409512881,2.525601827475243
462,1.3661676310949815,6.016386726556576,-4.650219095461807,5.139157693793301,0.014381826023747282,2.44758233876862
463,1.6753444869042369,6.334094685449763,-4.6587501985454765,4.244192192767876,0.010738423900333383,2.551097633256022
464,1.0732464732728886,5.6374558546598905,-4.564209381386945,5.435777747300456,0.016727759058625793,2.3926374976133955
465,1.7513776638701302,6.278790617276421,-4.527412953406383,4.486388674720647,0.013033343259586218,2.482856902106111
466,1.3786573552441723,6.244209697344743,-4.865552342100727,4.343939943482642,0.009321424152811756,2.6000350416014686
467,1.465069472731443,6.045492229378446,-4.58042275664684,4.8212274510865605,0.01385920696555426,2.4608920227186237
468,1.8173729363421671,6.39893605946687,-4.581563123124624,4.9282112930567195,0.01429948318524057,2.4496507652851216
469,1.4804259109888562,6.149997282319461,-4.6695713713304485,4.118051842717737,0.01016767538368487,2.570074134237376
470,1.1322605802148473,6.011893424905168,-4.87963284469015,4.557113730895509,0.009918289456241857,2.5786650885238966
471,1.5256646463186598,6.181177806950124,-4.655513160631472,5.207777562411948,0.014603687306175521,2.4420607903857587
472,1.2118031269500307,6.013273496470944,-4.801470369520757,4.359484775056352,0.009899716575093984,2.5793125669373396
473,1.6279114642214836,6.231218449452911,-4.603306985231484,5.0305696552376915,0.014477980120735106,2.445180156600045
474,1.6039057834692585,6.131414439401347,-4.527508655932024,4.396549326919896,0.012651669231348011,2.493426731676118
475,1.1446326850285686,5.775528662493457,-4.630895977464888,4.468664317770006,0.011876011245627413,2.5158072496161603
476,1.2043509645640142,5.935447146850471,-4.731096182286365,4.225249006274872,0.010024837386426037,2.574971405980032
477,1.4449419760625233,6.099570988120227,-4.654629012057512,3.6305096618877357,0.008522074502324964,2.630654017005019
478,1.3130211917620045,5.842624650766076,-4.529603459003965,5.188349265323556,0.016076395173908808,2.4071765672671055
479,1.3476629369491775,6.144421136312488,-4.796758199363239,4.294509020099852,0.009713839920897395,2.5858528206453744
480,1.1784784268899102,5.948670826438402,-4.770192399548478,5.076292191204747,0.012807139438943434,2.489087630248244
481,1.7572094543612593,6.307747459221979,-4.550538004860755,5.397823276518121,0.01674014971621764,2.392365779236277
482,1.5845405651401734,6.379596370385464,-4.795055805245283,4.842521042216951,0.01168356269844808,2.5215603654714687
483,1.3104419090460624,5.866842174286461,-4.556400265240654,5.238801579180141,0.015955647645997006,2.409928487727265
484,1.4494343567286023,5.95288611281228,-4.5034517560836775,5.822424481517814,0.019361460922499553,2.3384973897217924
485,1.3640395589812897,6.204904962439237,-4.840865403457656,4.113775882631639,0.008754014531947775,2.6215140834584356
486,1.4287727816125653,6.131642072230079,-4.7028692906174,4.1856790548264335,0.01012570919263464,2.5715065773257497
487,1.338472473414754,6.023935268646838,-4.68546279523207,4.673915058674552,0.012131486210085314,2.508296388062621
488,1.4623880975367456,6.1558472842574545,-4.693459186720929,4.124848421439058,0.009984961669640923,2.576349658978111
489,1.7089631796037565,6.423988902293104,-4.715025722689461,4.750904432401487,0.012130231936781711,2.5083329193439865
490,0.9207878782232228,5.840584626324599,-4.919796748101362,3.9581017466640347,0.007697458307082331,2.6650600206404054
491,1.3642951924208546,6.049922420828331,-4.685627228407611,4.06103241773555,0.00981907817926884,2.5821363527547057
492,1.7608595891700816,6.509181936913052,-4.748322347742942,3.930964571525564,0.008849740066025031,2.617804848486672
493,1.575918616662534,6.25032625912538,-4.674407642462938,4.278490255134091,0.010724373172336637,2.5515539088999057
494,1.1506254508511802,5.787990016963789,-4.637364566112865,4.358409766814152,0.011379331202658658,2.530828994748786
495,1.2949511578157171,5.797396716983755,-4.502445559168109,4.876439280356671,0.015024484479240936,2.431788336149942
496,1.7409665093003923,6.3238774078011915,-4.582910898500813,5.771981197283459,0.01797585781949862,2.366115039480907
497,1.0128143911514371,5.7870540046479135,-4.77423961349632,4.1754401406119825,0.009486918704381512,2.5939902144138003
498,1.762902911733022,6.413133810940195,-4.650230899207145,4.2806233774626,0.010956346712353801,2.5440880350312645
499,1.48088691714986,6.142242975458444,-4.661356058308456,4.585093448695833,0.012028348908967137,2.511311548879075
500,1.4522710446987048,6.126167385441164,-4.673896340742431,4.471431779933241,0.011463346267305923,2.5282476441409325
501,1.514433368956702,6.176894959267507,-4.662461590310613,4.254449673643222,0.010743198558347532,2.5509427044571304
502,1.2189905702797432,5.720006370203933,-4.501015799924062,4.947559692845669,0.015360627842708231,2.423762964416124
503,1.2194753323686882,6.092239785239016,-4.872764452870342,5.181362495184281,0.012152589944107717,2.5076822336064155
504,1.555802107452223,6.21734469065332,-4.661542583201026,5.019912969899533,0.013763206783734126,2.463384925434998
505,1.2675164715768688,5.906818252980678,-4.639301781403674,4.346552685126401,0.011314498167065274,2.532832571598408
506,1.3796731938042512,5.992190800759715,-4.61251760695518,4.246425297544963,0.011180479712888809,2.5370067539329697
507,1.1461654659891565,5.966911635713046,-4.820746169723861,3.59209689635394,0.007229275392592966,2.6860939693358747
508,1.8335508437966155,6.380907254453682,-4.547356410656903,5.357781449425225,0.016603011051260386,2.395383024261743
509,1.4046662328431694,6.1528435322850825,-4.748177299441977,4.164549848165581,0.00966389600777689,2.5876291524060826
510,1.3079927818001806,5.746999564480888,-4.439006782680735,4.716475694474216,0.015086328173023853,2.4303000374234025
511,1.1858940879252486,5.823221281262811,-4.637327193337569,4.125898585524855,0.010484346782526197,2.5594316589154382
512,1.058212310612248,5.719597056715372,-4.661384746103067,4.150811820980866,0.010362358115759342,2.563497051073029
513,1.603389284426953,6.323886078548803,-4.7204967941218,5.042932181398896,0.013206004856546575,2.4781650272341236
514,1.7153220968731375,6.452574923773348,-4.737252826900203,5.490964603278606,0.014794347143114913,2.4373745362930372
515,1.4974405870240162,6.083996663168627,-4.586556076144689,4.584790248467989,0.012804654484778504,2.4891566166934544
516,1.5716943827181922,6.0003286481088836,-4.428634265390883,4.424367874743716,0.013878995562907556,2.4603800547634243
517,1.5466047836599728,6.086404409371276,-4.539799625711339,5.162913806889968,0.015831735588213464,2.4127716335182923
518,1.2957318263062234,5.92604192346775,-4.630310097161555,4.297921687459933,0.011211553454859623,2.536034979856467
519,1.2840279274702198,5.917120884597196,-4.633092957127246,4.422334317233595,0.011671364728781016,2.521927841284318
520,1.5406636124597526,6.42562112865037,-4.884957516190752,3.982549691374409,0.00801219216617711,2.6515555935454915
521,1.3842645996079455,6.038883037560531,-4.654618437952422,4.79466819990337,0.012929333590821568,2.4857098423306403
522,1.6375688035810754,6.294505310085171,-4.656936506504053,4.50008069095858,0.011740187666783678,2.5198589270682077
523,1.7648428911257952,6.385350100677464,-4.620507209551761,4.929454805767023,0.013855382790175362,2.460991035684744
524,1.3772867671526683,6.035154492239414,-4.657867725086589,5.020314609143593,0.013806203606020431,2.4622665051004105
525,1.7163491681086498,6.301756566490937,-4.585407398382358,4.830281528079091,0.013840476937217697,2.4613771984306094
526,1.5578436712324901,6.1664682366543815,-4.608624565421906,4.376777445816977,0.01173358716260547,2.520056880398825
527,1.8235948075997612,6.256016335372813,-4.432421527773158,4.995803350157956,0.01647137152689333,2.398299938371556
528,1.8611120119600173,6.580565069118123,-4.719453057158034,4.959299614919644,0.012890309101436303,2.486785507202688
529,1.645280580956637,6.222878270817489,-4.577597689860795,4.465284265043074,0.012407960259630322,2.500324475396652
530,1.6371732566855144,6.394985078193692,-4.757811821508085,4.34393976011334,0.010219309516353093,2.5683188976366322
531,1.407202099202891,6.13863181118635,-4.731429711983537,4.736063934489351,0.011909706603503076,2.514808466134031
532,1.5033846175261942,6.08092211263574,-4.577537495109709,3.737255329479815,0.009529584131704068,2.5924470796490384
533,1.4629732956940416,6.143216043635675,-4.68024274794152,4.319860973297427,0.010826555640120248,2.548247737685492
534,1.6834917039037691,6.324931097627392,-4.641439393723658,4.823965140972916,0.01318976366250314,2.4786040437882813
535,2.020224802791404,6.543085151735383,-4.52286034894405,4.391200562656721,0.01267884371879822,2.4926649130267147
536,1.1531155403282582,5.907077781021535,-4.753962240692999,4.58460047356024,0.011127233644339358,2.5386775175299294
537,1.913977144818432,6.45361425931079,-4.53963711449228,4.639394515548776,0.01354989749123698,2.4689795151460134
538,1.591957206406164,6.340472447484508,-4.748515241078621,4.210825835361991,0.00982481942407059,2.581934624599111
539,1.0014222238127104,5.672735403713119,-4.671313179900608,4.5950377379986485,0.011967088361647196,2.5131133324814887
540,2.153375113335983,6.794661746851688,-4.6412866335156195,5.326830402311838,0.015271996318041298,2.425863900228077
541,0.854698522508329,5.409081449340434,-4.554382926831977,4.32040202735454,0.01205308109776605,2.510586434619779
542,1.06817714540432,5.794441055898545,-4.726263910494254,4.321408210644282,0.010415505021435928,2.5617206715552876
543,1.6042391251099843,6.384564574487996,-4.780325449378097,4.660448414640548,0.011158443657484965,2.537697345760392
544,1.7340677060630014,6.404651770849199,-4.670584064785999,4.478746017320201,0.01152363095322654,2.5264057333344545
545,1.1350759934708776,5.877213100432719,-4.742137106961536,4.306799412277982,0.01022271014297995,2.5682035749747407
546,1.6284387789895618,6.0307190974686975,-4.402280318479143,5.200485847247506,0.017868082808608216,2.3683405016358896
547,1.6821989865037494,5.9864458996274905,-4.304246913123734,5.7908067377918755,0.022417434137960032,2.283219634165522
548,2.0414890613261605,6.632133012783726,-4.5906439514576505,4.9433026572166305,0.014257349896457572,2.4507132070988304
549,1.3196576400119966,5.9306915786043675,-4.611033938592527,4.269989953921833,0.011287264259301879,2.533677240067787
550,1.0214622505328634,5.938684391237047,-4.917222140704098,4.20835814230151,0.008488810633509926,2.631983015958995
551,1.3478926738970358,5.973344972479779,-4.625452298582786,4.664567086857815,0.012715934477313562,2.4916274275766392
552,1.7416464406629757,6.337256430921329,-4.595609990258254,4.174449563904297,0.011058784186702007,2.5408357996412483
553,2.0591787540885207,6.672085157667752,-4.612906403579245,4.474761917964862,0.012082017200101146,2.509739739575657
554,1.1154852189100666,5.508654615271411,-4.393169396361145,4.809269482878435,0.016109776480042113,2.4064189903607485
555,1.5424359313032028,6.03208753372563,-4.489651602422327,4.13915507874502,0.01196144415327453,2.513279749987389
556,1.5901320863755473,6.0679471368925135,-4.477815050516938,4.738339845486568,0.014707791988903676,2.4394953492033116
557,1.6615034956615773,6.245657160618762,-4.584153664957512,5.603067758405739,0.01720431080120106,2.3823120713320294
558,1.9357249024423027,6.7804497814563405,-4.844724879014166,4.818407158719818,0.011127101823774663,2.5386816626209336
559,1.5798776464872617,6.454046627363475,-4.87416898087622,5.0166899298290275,0.01155248592315914,2.52552713605039
560,0.9184674285819483,5.539491292864206,-4.621023864282279,5.70508635535441,0.017156140775521023,2.383344287268336
561,1.7718871738053394,6.476146357592228,-4.704259183786917,5.159936473217556,0.013848013967782695,2.461181892320134
562,1.6770759918566682,6.328560879025261,-4.651484887168635,4.809011590571593,0.013020583829093702,2.4832058017468315
563,1.8052242411173438,6.55666838647771,-4.751444145360438,3.833880923362873,0.008495418833662198,2.63171862681885
564,1.3806824042916332,6.060352250423406,-4.679669846131901,4.741396025206068,0.01245436584038954,2.499001857020193
565,1.26519776855514,5.785563405125096,-4.520365636569977,4.303974132577995,0.012337415211042473,2.5023435162082253
566,1.368004564398575,6.2550760672890675,-4.887071502890649,3.7038372539834867,0.007144583845372927,2.690028867301321
567,1.5385230777625338,5.979484619540031,-4.440961541777597,4.504540060903587,0.014096617794300773,2.4547918696205637
568,1.110765294458929,5.7972643455902215,-4.68649905113125,4.650159821244749,0.012028837861711238,2.5112972006467476
569,1.764142598781632,6.48805726154405,-4.723914662762354,3.6886956077442257,0.008207854346631507,2.643397786195423
570,1.26414675942317,5.827790321742981,-4.5636435623198395,4.747194777006168,0.013737088216424893,2.464065821085564
571,1.805190025393017,6.476297452327664,-4.671107426934668,5.459714614085527,0.01546312808134806,2.421346547599053
572,0.8655389214133038,5.624443626093054,-4.75890470467948,3.390898360372198,0.006996615783635849,2.69700529485057
573,1.3280036208699357,5.8888231109244344,-4.560819490054655,4.593659653352475,0.013120503066395119,2.4804816126507196
574,1.225184414006094,6.08459623536303,-4.859411821357071,4.5895939738495635,0.010199907097383954,2.568977530206781
575,1.4159256190174574,6.0908093841480735,-4.674883765130744,4.787707334712067,0.012686742725159617,2.49244374076718
576,1.7155160491780634,6.211693115196702,-4.4961770660186176,4.786287040173999,0.014699259054797928,2.439705022199034
577,1.305024757273145,6.049273099481994,-4.744248342208948,5.20251813908251,0.01357216372956393,2.468391902832837
578,1.784062440150933,6.20487234872747,-4.420809908576302,4.788126429762446,0.015649221609136954,2.4169952437235325
579,1.4632986108562136,6.117460735812145,-4.654162124955974,3.9489938826517985,0.009675153666379036,2.587228043349976
580,1.6711589966290603,6.452136049103352,-4.780977052474327,4.2879433377211384,0.009822940074886124,2.582000647081501
581,0.9797761118926474,5.731648817894801,-4.751872706002132,4.755933436880813,0.011783138394123505,2.518573213214469
582,1.3923894863554551,6.010696057545459,-4.618306571190033,5.123763706522006,0.014693603576966524,2.439844048877196
583,1.3480976213846816,5.988806775631858,-4.640709154247361,4.872927907094251,0.013396820310248891,2.4730425188548386
584,1.4466931798787073,6.116977127206987,-4.670283947328016,3.8939491667158634,0.00934040111121341,2.5993370545598498
585,0.9820083155399288,5.981028944791596,-4.99902062925139,3.7243729523917395,0.006523375707591241,2.7202440202414544
586,1.3799742270933848,5.770861114656192,-4.390886887562829,5.4666925837653935,0.019344170752698765,2.338831210683617
587,1.3278318823923883,5.8848653991229725,-4.557033516730598,4.557216584653133,0.01300894224719669,2.4835243983627677
588,1.581363588289264,6.297430548207174,-4.716066959917953,4.873858046693922,0.01259377156564567,2.4950546969475393
589,1.4695581860456741,6.291627317320405,-4.8220691312749295,4.446258596679449,0.010025991606798975,2.5749315845954883
590,1.1610103878784912,5.7076360578457965,-4.546625669967398,3.976442988752762,0.010734888709238456,2.5512123831176843
591,2.0490422074423122,6.823972697919416,-4.7749304904768906,4.8815062419994,0.012024984884793186,2.511410279594654
592,1.3330716798240019,6.007154366495676,-4.674082686671909,4.538881351283067,0.011721570294286037,2.5204175276950544
593,1.6187503762454298,6.090923660126926,-4.472173283881602,5.376930722560637,0.017718183623401013,2.3714554275180344
594,1.6282042532806145,6.351818947463052,-4.723614694182288,4.679511514545258,0.011772510613412331,2.5188909643209247
595,1.674386960415518,6.410886340710654,-4.736499380295072,5.004819649742917,0.012886871325030944,2.486880403557427
596,2.073242056270715,6.353684027165819,-4.280441970895254,5.882268162616789,0.023325269000513214,2.268064609878255
597,1.9108531139389697,6.364254880752064,-4.453401766813158,4.391908659412387,0.013448290257659782,2.471671836380543
598,1.2306277127612475,5.893666088484231,-4.663038375722863,4.559880843902729,0.011912831379231516,2.514715969859257
599,1.5451937520462025,6.009506683434765,-4.464312931388349,4.584713930725965,0.014181079585086711,2.4526435206555166
600,1.8740717699098468,6.442134644681197,-4.568062874771613,3.6810067750326105,0.009395485893872752,2.5973181365181475
601,1.275239707799642,5.866434718071105,-4.591195010271576,4.696280921295788,0.013215465062122709,2.4779095278939676
602,1.2558585992902636,5.890531100399365,-4.63467250110898,4.580479355934433,0.012281909489043147,2.5039393240854113
603,1.2260568934490266,5.709871942305696,-4.483815048856513,5.4650858498636765,0.01796722159602488,2.3662929387337743
604,1.2481220951384557,5.933400049103163,-4.6852779539647145,5.023528723028356,0.013513424292249698,2.4699438990278546
605,1.6829200766181884,6.3727611035658,-4.6898410269475335,4.824480616495826,0.01267472323983891,2.492780334890685
606,1.3508249483940062,5.9774376002866845,-4.6266126518926285,4.240879704881831,0.011024996269047585,2.5419055459592785
607,1.46170079626188,5.969675833917755,-4.507975037656024,4.193587592543491,0.01200244255840601,2.5120725065852776
608,1.4628297933560361,6.174253117962401,-4.711423324606358,4.097424034797772,0.009732542726654213,2.585189721232594
609,1.4089020583056708,6.197424506988256,-4.788522448682443,5.082187006109137,0.012639069968744183,2.4937804351896586
610,1.4678369488746057,6.088825635006444,-4.620988686132023,5.19967561041873,0.014982022819672577,2.4328133243124985
611,1.3796965319949095,5.967197004364614,-4.587500472369584,4.3059238231245125,0.011660251093795575,2.522262947199955
612,1.1359992284479858,5.828083406212592,-4.692084177764855,4.4183224716271745,0.011087603956588189,2.5399256401298382
613,1.6419953067648976,6.248636582946041,-4.606641276181335,5.452186675591406,0.016243976575038826,2.403387223261419
614,1.343874150958868,6.041753117011183,-4.697878966052258,3.223033364019127,0.006847138118245929,2.7041887585732653
615,1.4995192871023164,6.166076402226302,-4.666557115124078,5.118292301297547,0.014107283082336417,2.4545199644054416
616,1.1915009557320673,6.023446585741041,-4.831945630008931,4.794069785174589,0.011159025571338353,2.5376790934942925
617,1.5350209886456696,6.219684578570174,-4.684663589924412,3.5708314225299667,0.008091770294707437,2.648216429463337
618,1.375694389101568,6.088145130324762,-4.712450741223165,4.482262627238338,0.01113658996004916,2.5383834200150166
619,0.9324015286282474,5.601133663893499,-4.668732135265145,4.510183995155359,0.011663171896584014,2.522174849718709
620,1.6430070793857112,6.288738228152319,-4.645731148766799,5.1421918834080245,0.014446819073373005,2.4459570965118522
621,1.4932594545176698,6.061884879923696,-4.5686254254057985,4.0882766781126385,0.010973671027749187,2.543536121020666
622,1.853336356566274,6.31920972089506,-4.4658733643289,3.9209657807196905,0.011280564238269416,2.5338853207285963
623,1.5254909107619596,6.188658021081075,-4.6631671103191366,4.674257360940381,0.012360508855918688,2.5016814391562314
624,1.1214913365828352,5.840652980566411,-4.719161643983625,4.3015986905539485,0.010406245318718792,2.562029586309594
625,1.80855243579947,6.381381258643032,-4.572828822843803,4.923330022371182,0.014381276309329555,2.4475961127511057
626,1.9799940393596671,6.5338738106008805,-4.553879771241327,4.893159687562225,0.014475718395581231,2.4452364986472968
627,1.5665600756116191,6.282189420594605,-4.715629344982744,4.041870653739501,0.00949871001831113,2.59356312509531
628,0.8869105550953691,5.543830632309941,-4.656920077214636,4.529626713175606,0.0118557114963773,2.5164101797572265
629,1.265101440241665,5.8733799966510745,-4.608278556409232,4.811379480650565,0.013503592109425519,2.470204264235317
630,1.1178472535551691,5.864141421418019,-4.746294167862743,3.667689248849804,0.007976527353329847,2.653061764646849
631,1.6373982764833954,6.209248815711987,-4.571850539228535,4.864278495722601,0.014140625323698993,2.453671092128768
632,1.0726538204684175,5.647701365221195,-4.575047544752806,3.4372183437063413,0.008431993306073589,2.6342638601811603
633,1.4474220761941297,6.121457953034387,-4.6740358768402075,5.301470449230152,0.014771556912687714,2.437931889875454
634,1.2822767696844721,6.022033928610483,-4.739757158926068,4.211747744159474,0.009902337709043028,2.579221124734403
635,1.6597089534740235,6.089457680711284,-4.429748727237211,6.051535736337936,0.02163438699333993,2.2967263203708392
636,1.57502736388426,6.110666332162268,-4.5356389682781355,4.16782708006162,0.011615605247618815,2.5236120013112218
637,1.2893496065354384,6.148511445919084,-4.85916183938366,3.2447558026655976,0.005967696413345117,2.749551061461426
638,1.230518666971534,5.801054106781798,-4.570535439810328,4.502503197929226,0.012635736343394774,2.4938740734386644
639,1.6990891638241692,6.404435994494811,-4.705346830670578,5.372178655783053,0.014690690122407504,2.4399156877432207
640,1.8305269381970675,6.437253826970569,-4.606726888773437,4.62533242474192,0.012755482083830733,2.490524166623046
641,1.5391175875068939,5.987035788742048,-4.4479182012350975,4.916530825359914,0.015896677121544363,2.4112791280603765
642,1.420592129892725,6.13681171934693,-4.716219589454113,4.270620152961246,0.01031903407101043,2.5649511202428905
643,1.7809096407155494,6.433558026653223,-4.6526483859377095,5.433928363716401,0.015583230439015413,2.4185330367088596
644,1.6934810657413664,6.27438176174671,-4.580900696005301,5.104136603731952,0.01506101415983657,2.4309085807145077
645,0.7959611479567457,5.335458738652129,-4.539497590695419,4.235288602585076,0.011854299561704688,2.516452150179072
646,1.4699105935675334,6.04104113102828,-4.571130537460704,4.640045463886171,0.013201682416121324,2.4782818207057575
647,1.3418589175895477,5.8067609118342745,-4.464901994244656,5.194111658812062,0.016962476602540036,2.387520069059689
648,1.523839870190045,6.16108460218318,-4.637244731993178,4.037602805499905,0.010150926269612722,2.570645203815989
649,1.691772775210552,6.327672395707538,-4.635899620496957,5.05741045244514,0.014209621122841338,2.451920097180624
650,1.4018517872783605,6.024684243455646,-4.622832456177321,4.988192752092765,0.01407281997924823,2.455399235960222
651,1.382382875194594,6.015047554226754,-4.632664679032132,4.184194526823571,0.010749720791290746,2.550731168990677
652,1.7239380011895946,6.329913946872914,-4.605975945683213,4.185551484031453,0.011004198053201618,2.5425654795177817
653,1.4744011770206953,6.154823515683617,-4.68042233866322,4.508353557165453,0.01154186114622575,2.525850420295288
654,1.4826735890059126,6.161225673283958,-4.678552084277953,5.348766979880157,0.014912674896305784,2.434492839812687
655,1.725089369254988,6.220179637537974,-4.495090268283093,4.297133873684594,0.012576074631684591,2.4955536211191567
656,1.4516627856265814,6.091008141340353,-4.639345355713658,4.026062261016495,0.010089091186894656,2.572760794527384
657,1.1222330419985838,5.7164279089297665,-4.594194866931275,4.997109465242616,0.014443738542700077,2.4460339837817004
658,1.3619303558194815,5.855531457007906,-4.49360110118846,5.010657529671516,0.015739189080525524,2.414907895714244
659,1.9929299891565506,6.437993996717076,-4.445064007560632,4.674660505427159,0.014819764580318903,2.4367538240330786
660,1.300052098018682,5.860108934293926,-4.56005683627518,5.152793628250205,0.015530593803300165,2.4197637422386244
661,1.297877129250196,5.728061951458912,-4.43018482220873,5.189969346326805,0.017422372338300334,2.3776707977631877
662,1.2652976609239204,5.769540614253813,-4.504242953330049,3.8983278924384024,0.010817381268524082,2.5485434435550856
663,1.1602719158757964,5.703333520516843,-4.543061604641025,4.755303924696204,0.014008010330931001,2.4570579114495885
664,1.495997416809928,6.2320465790981245,-4.7360491622880545,3.574169225611989,0.0077391140833655515,2.663244578540515
665,1.321526384531694,5.870110139757351,-4.5485837552257635,5.1885148072862535,0.015833159899109894,2.4127388418854605
666,1.5766081457769587,6.0096265466878975,-4.433018400910896,4.95206456769743,0.016257839392517945,2.4030752985545925
667,1.4805993631661067,6.1426402395673065,-4.662040876401079,4.962825371966428,0.013526038269886577,2.4696101143540994
668,1.2141349671638864,5.85131002638159,-4.637175059217725,4.587437365638738,0.012283896787162574,2.5038820784307108
669,1.5899618304507612,6.217578651395314,-4.627616820944468,4.1148416125135086,0.01053015725890278,2.5579158427287125
670,1.5887473651688424,6.177311480705413,-4.588564115536656,4.861941617964032,0.013937743858634267,2.4588639143753674
671,1.78593425746692,6.438430984264329,-4.652496726797153,4.746519359185811,0.012759062758004525,2.4904244259488033
672,1.661457873688164,6.208852977032137,-4.547395103344115,4.779063849559979,0.01405999220659408,2.4557270016538433
673,1.587598881110921,6.268947383309339,-4.681348502198489,3.8562564734447626,0.009115511339556329,2.6076913239747475
674,1.4924947232019576,5.931347452650378,-4.438852729448399,5.3269450291052465,0.017954197912032295,2.3665613578454248
675,1.266769969337588,5.8623959347800465,-4.595625965442423,5.44548108598088,0.016357506226167204,2.4008395685543373
676,1.7506887827729543,6.39733627313521,-4.646647490362284,5.125857480649486,0.014368433175903255,2.4479180504358378
677,1.8986574602325845,6.53660374510212,-4.637946284869486,4.957685182861056,0.013774497570989024,2.4630909344833363
678,1.1651728733619393,5.6868444631112,-4.521671589749076,4.544533423174546,0.013345335167409975,2.474418270151913
679,1.2523384127556483,5.979860620964644,-4.7275222082089385,5.0971050045269735,0.013342300126129365,2.474499516817785
680,1.0775478105234697,5.838093829169011,-4.760546018645755,3.4447519443612578,0.007156415557697806,2.6894766400641026
681,1.4401215920889854,6.0820798383024695,-4.641958246213562,3.8084228331009804,0.00926095613688092,2.6022675895754293
682,1.4003355728187898,5.8720443995256915,-4.471708826706845,5.042010035859818,0.016166045695723875,2.4051450981240468
683,1.486031559466369,6.114816036025978,-4.628784476559531,5.178611333595278,0.014799431018246219,2.437250309227536
684,1.2240012212897682,5.799097497706299,-4.575096276416616,4.817067526383195,0.01390258066464041,2.459770705295319
685,1.5562749766155548,6.2412764969266235,-4.685001520311289,4.772415339400485,0.012520835906913616,2.4971149576851457
686,1.7111700521999182,6.30645230373046,-4.595282251530534,5.009164951113128,0.014482050615260417,2.4450787756807646
687,1.6851470014656798,6.336515436287478,-4.651368434821734,5.328395587772484,0.01515561550314304,2.428638973007336
688,1.702003330289358,6.0651429561352685,-4.363139625845633,5.224656744240352,0.018557818779381466,2.3542961615616878
689,1.0081042782904888,5.644922108931546,-4.636817830641121,4.952804507340858,0.013767164231484767,2.4632818566729475
690,1.1628930128332513,5.9011051223600575,-4.738212109527012,3.9200164488252973,0.008890541072055589,2.6162347497200478
691,1.1662391895068822,6.10387881507193,-4.937639625565225,4.4839513687371415,0.00920887215313033,2.6042010417815327
692,1.3313370313622954,5.8257527454509415,-4.494415714088518,4.190260389805438,0.012128452180125399,2.5083847613129566
693,1.7408679219612395,6.314490274864795,-4.573622352903385,4.968312227976266,0.01456456731467376,2.443028989299975
694,1.069875775886544,5.590551912493538,-4.520676136607108,4.229301893569147,0.012021418072725361,2.511514988675922
695,1.74860737970846,6.3074493863936425,-4.558842006685381,4.509844435004872,0.012791163122174615,2.4895313661735483
696,1.4200065941478215,6.112757204641994,-4.692750610494386,3.9946230996776855,0.009518629829018242,2.592842689057386
697,1.323701332555288,6.06135180402174,-4.737650471466168,4.892756608187639,0.012443756942800258,2.499303838851891
698,1.3960466607449007,6.1575121373304285,-4.761465476585272,4.94762608188892,0.012408958576787619,2.500295976006053
699,2.045599241625837,6.523186350470901,-4.477587108844773,3.568753181802162,0.00972706649616121,2.5853837608028
700,1.3255830289919004,6.00637336837719,-4.680790339385112,4.457052510814695,0.01134185229363171,2.531985989679329
701,0.790654571026721,5.594617997136169,-4.803963426109249,4.791961492552613,0.011413862667794879,2.529765979496827
702,1.6293537738371242,6.309950114626822,-4.680596340789634,5.051320508904958,0.013676983474876513,2.465637069714377
703,1.6003092227164188,6.107018521252009,-4.5067092985354975,4.40242834190526,0.012901207603271998,2.4864848129801778
704,1.1722852796584675,5.811460512437932,-4.6391752327795075,3.751380129253114,0.00907572050588145,2.6091886062276664
705,1.061107509139788,5.82436534495546,-4.763257835815693,4.059140459259606,0.009173298559771026,2.605527215399719
706,1.167378437201819,5.793579109172029,-4.626200671970082,4.380133747542892,0.011573170345303876,2.524898519130995
707,1.3488514948395505,5.798627421091204,-4.449775926251732,4.6969515587934545,0.014863514008848132,2.4356876249135424
708,1.597905037212854,6.303058759746541,-4.705153722533851,4.042647051006725,0.009588259100781576,2.590334939107825
709,1.693407782401323,6.318029968497527,-4.624622186096076,4.263859008096297,0.011133170959278679,2.538490864172595
710,1.20463098602238,5.868740762343613,-4.664109776321311,5.035818100996742,0.013799001253820428,2.462453635850469
711,1.5289760464526125,6.226005575819677,-4.697029529367228,4.655796016413273,0.011945164467728895,2.513760141107107
712,1.2959984431978455,6.011683433438243,-4.715684990240561,3.551812222731339,0.007806701261927795,2.6603175393320027
713,1.3598237075042334,6.106939130880903,-4.7471154233767265,4.2678330023406446,0.010039749562977113,2.574457239908093
714,1.942414950654097,6.444461307799159,-4.502046357144991,5.289567483027525,0.01690011056453052,2.38887371110605
715,1.3269748340186425,6.017462029375373,-4.690487195356809,4.137099555891581,0.01005549451856178,2.573915097597269
716,1.8803611358122225,6.495412719212233,-4.615051583400145,5.226110861283853,0.01516635780928452,2.4283820406701886
717,1.7862420592786066,6.659057287682764,-4.872815228404079,4.382545671721239,0.009391373400606773,2.5974684986879093
718,1.5685360146147787,6.367721735847553,-4.799185721232789,4.561232889840031,0.010629000508897165,2.554665113326091
719,1.9015591279322734,6.455202222587431,-4.553643094655172,3.786895920482337,0.009925030717364114,2.578430345236888
720,0.8712967506795621,5.568184524636074,-4.696887773956632,3.929985489660485,0.009253327904754248,2.602550155934419
721,1.3728488201489881,5.779018366366024,-4.4061695462169155,5.780647635223389,0.020667855387024286,2.313997570862834
722,1.270626738355645,5.722217341023111,-4.451590602667466,4.970842859300568,0.016100758386165485,2.4066235166673735
723,0.9406636013258094,5.666791516219988,-4.726127914893823,2.870125261133026,0.005596027197811679,2.770558353954171
724,1.0015646952055022,5.768256151531396,-4.766691456326043,4.270148033959643,0.009880963419813723,2.5799674289403174
725,1.4035396723187432,6.15664537807438,-4.753105705755615,4.194324680382177,0.00972783588988363,2.585356492955563
726,1.8638787830169576,6.550144754068853,-4.686265971051853,5.272698098892192,0.01450958586251129,2.444393633956865
727,1.2251823525654117,5.949292501710524,-4.72411014914519,5.413758850728751,0.014638527300901647,2.441200442149319
728,1.3635130942560636,5.999200521095894,-4.63568742684015,4.61952234463071,0.012427367985321939,2.4997707983340995
729,1.0336544129512504,5.695350307225901,-4.661695894274544,4.320686322068926,0.011002192517615141,2.542629174327915
730,1.4530120089619913,6.278522187858911,-4.825510178897048,3.7618142144832234,0.00772945799923875,2.6636646289459796
731,1.7289172924625973,6.249630650611543,-4.520713358148669,4.823239757887656,0.014566882859643528,2.4429716169969886
732,0.9774940921298594,5.801257103658408,-4.8237630115286265,3.9081828044452642,0.008210357089768675,2.6432945707770377
733,1.5630129808436095,6.104210591663275,-4.541197610819609,3.748587619129246,0.009884454139630086,2.5798454488384603
734,1.70717419265236,6.329672073466703,-4.622497880814308,5.474443485391966,0.016136217791895842,2.405819892897556
735,1.5817344312696378,6.047918220857532,-4.466183789587831,5.743852227167817,0.01955055258801023,2.3348635012763626
736,1.0523077280212192,5.806992945240168,-4.754685217219048,3.6116533542378697,0.007733277509869724,2.6634984197982403
737,1.3630112551469438,6.208132591055147,-4.8451213359082885,3.684833363822591,0.007357446113795188,2.6802169372926024
738,1.7265570429611898,6.377690130878655,-4.651133087917515,4.369056912280598,0.011288103774371899,2.5336511752178854
739,1.2964682269511059,5.9225168082577895,-4.626048581306804,5.06149140375982,0.0143410675298272,2.4486048701117644
740,1.340918310663369,6.075113895056852,-4.734195584393547,4.094856490070487,0.009533592440401506,2.592302422832564
741,1.402094795745711,6.063543431821273,-4.66144863607542,4.555095301483128,0.011910038006737528,2.5147986552693444
742,1.0591314876859315,5.6046453321410965,-4.545513844455172,4.957788924712624,0.01485686368853133,2.4358495187251545
743,1.3678450169387588,5.982786718893017,-4.614941701954194,4.95122853132629,0.014009483134759741,2.457020142788263
744,1.2133129743402833,5.831032235106626,-4.617719260766535,3.9485376295058963,0.009985789295274824,2.5763210033788146
745,1.896306150099349,6.583609783468823,-4.6873036333697655,5.321084029196538,0.014695074063557308,2.4398078958711387
746,1.1483707796434146,5.940864576284959,-4.792493796641793,4.671887984509784,0.011086701532243053,2.5399541077758205
747,1.8319658731230675,6.403190723256969,-4.571224850133831,4.3026548740030925,0.011809654603488616,2.517781534159559
748,1.3062299707640932,5.995227451419211,-4.688997480654962,4.174789573392658,0.010207051247187564,2.5687348859855432
749,1.3281989152313827,5.850044337311161,-4.521845422079878,5.13054549737868,0.015917333970856075,2.4108055102021844
750,1.5262865639873553,6.114476188704565,-4.588189624717415,5.707157009278021,0.01761244763888989,2.373666556498633
751,1.7239923842461167,6.265675381680822,-4.541682997434464,4.601644789389329,0.013365934058655674,2.4738672784367814
752,1.5423161601521542,6.278628077704546,-4.736311917552257,5.198270764222922,0.013642964735143079,2.4665290870798042
753,1.4041565026756189,6.213218502300158,-4.809061999624646,4.271959637876318,0.009534798102466548,2.59225892201458
754,0.7836310698809257,5.5741683684097865,-4.790537298528989,4.591103356957355,0.010813733415399023,2.548661082119003
755,1.376031696371797,6.155339049865006,-4.779307353493323,5.183690351134288,0.013120219033580946,2.4804893304552427
756,1.9238910512179928,6.408281612860833,-4.4843905616430675,5.514015907032352,0.01818869498311818,2.3617542490923116
757,1.6179061213935029,6.3552534203963305,-4.737347299002977,4.986674094191184,0.012807848547773584,2.489067946384426
758,1.270264658503379,5.7735315477486395,-4.503266889245424,5.469350201537132,0.01771244551648576,2.371575124458502
759,1.4413808290108818,6.158668967928044,-4.717288138916956,4.308924805934662,0.010449761727887454,2.5605799470630966
760,1.7064940407873337,6.186628070833223,-4.480134030045747,4.3565852822421505,0.01299447037042783,2.483920803804913
761,1.0404249878887413,5.62305813200571,-4.582633144116926,4.913586254754261,0.014224806323030127,2.4515357303114165
762,1.2759902275078048,5.954540924092058,-4.678550696584125,4.436654892479176,0.011285395883162304,2.533735254667898
763,1.016906171364667,5.789584220914634,-4.772678049549768,4.329814084231373,0.010040612451681186,2.5744275086616524
764,1.6613761640275015,6.155757583753939,-4.494381419726551,5.22037943255981,0.01668568460580766,2.3935614813800075
765,1.8508889298860822,6.462375302223187,-4.61148637233714,4.31665091760026,0.011466847767703226,2.5281404260008906
766,1.2689043652516148,5.882381047755871,-4.6134766825041424,5.3554350893113565,0.015738900956283487,2.4149145637543556
767,1.4940164895232328,6.23929788779607,-4.745281398272937,5.067452159378259,0.013035950376814931,2.48278564908672
768,1.6036036221468066,6.29010786358667,-4.686504241439934,4.684009963407927,0.01216017892296272,2.507461612482101
769,1.402343403215923,6.148166260045059,-4.745822856829136,4.52141115233583,0.010970590701172171,2.543634196727931
770,1.3256210362809497,5.892970321939174,-4.567349285658338,5.485115196261159,0.016905719052118635,2.3887518007933863
771,1.2557535778122428,5.841923077238079,-4.586169499425978,3.6681851088466075,0.009197938441996113,2.604608160061112
772,1.1338151818234792,5.799236636418897,-4.665421454595389,4.063731696786661,0.01000246377291518,2.5757441186800945
773,0.8372176010851717,5.827393699729903,-4.990176098644497,3.6127114486606224,0.0062669671696066916,2.733476098319094
774,1.163507688789764,5.771184361680156,-4.607676672890193,4.276726033254487,0.011346233961025418,2.5318505500844553
775,1.6928079548639516,6.565192103227076,-4.872384148362926,4.611507619712626,0.010163509265567462,2.570216101857883
776,0.9861223260558063,5.542388979362585,-4.5562666533069205,4.776908117950384,0.013948116665668208,2.45859680545876
777,1.5624220066293901,6.0410091781470285,-4.4785871715175745,5.014811270196972,0.015951500838316337,2.41002332116687
778,1.6760507191362422,6.554949984401716,-4.878899265265545,3.988605511207961,0.008073746536054112,2.6489701376055703
779,1.5736129854420824,6.005895030120634,-4.432282044678459,5.442119222798741,0.018603379207611986,2.353384642002817
780,1.215708345264943,5.915312164955189,-4.699603819690537,3.0297204120786816,0.006225635847635111,2.735654473039065
781,1.694997345570414,6.433236008650603,-4.73823866308021,5.1341143564679435,0.013370615465524193,2.4737421619842506
782,1.0593639707809643,5.842996625759994,-4.783632654978874,3.381202520761562,0.006811590355213699,2.7059178034176528
783,0.8423352933392607,5.548628479435216,-4.706293186095991,4.568624294299077,0.011520942500080938,2.5264876927209086
784,1.3758963475198698,5.974555570877278,-4.598659223357345,5.2398216608187305,0.015426915537409658,2.4221986340779917
785,1.4303531826736844,6.109268566941914,-4.678915384268294,5.681628952019381,0.016295424625604616,2.402230774471057
786,1.0161101573088445,5.659911252017309,-4.643801094708351,3.536516325360413,0.008271951654410378,2.6407631862304286
787,1.6875076791233141,6.099004594444025,-4.41149691532064,5.492750131905108,0.0191598803833232,2.3424055971876228
788,1.604907100973037,6.282601876978198,-4.677694776005183,4.6060332433918845,0.011945937447724287,2.513737318408793
789,1.5328459011415134,6.07738917330019,-4.54454327215899,4.9714868372453935,0.014928514629915766,2.434108616891119
790,1.967373729767246,6.470927778617728,-4.503554048850219,4.633598818437132,0.013937732576384742,2.4588642049987577
791,1.5753325303677457,6.034860641393713,-4.459528111025747,4.584303421038385,0.014235945664678066,2.4512540020862175
792,1.6141123157923403,6.241801806602098,-4.627689490809644,4.675474949417868,0.012736314021441004,2.491058520080642
793,1.0433510787216846,5.562018766671848,-4.518667687950256,5.035262317814009,0.015531292219645026,2.4197473884436467
794,1.5877661946855142,6.3714861079491385,-4.78371991326344,3.9954727911887673,0.008796343391149387,2.6198694505797695
795,1.1792751351762263,5.882190227511543,-4.702915092335388,4.611290586016359,0.011716271308950284,2.520576663746833
796,1.4610256313143282,5.968739272436686,-4.507713641122336,3.7721898387997186,0.010275106547863429,2.5664310016421203
797,1.7782684393954469,6.4531624396890805,-4.674894000293534,4.648763409787993,0.012140549847292998,2.5080325049420678
798,1.2000065855885396,6.0710582688537045,-4.87105168326525,4.03650018580737,0.008281080914365038,2.640389432324491
799,1.3641051203602501,5.940952466400979,-4.576847346040722,4.888363874889489,0.014185028098802337,2.452543363763117
800,1.675048581258693,6.3418787819008315,-4.666830200642153,4.4665393149374,0.01151304716369289,2.5267284857616596
801,1.332572486645745,5.816746766194186,-4.484174279548597,5.044136422673958,0.016013090778654836,2.4086170437270713
802,0.91501487182461,5.597068216450552,-4.682053344625956,5.532138697401319,0.015629796801238435,2.417447306775215
803,1.5156773989411931,6.204051138004765,-4.688373739063536,3.38467278876859,0.00743749562222813,2.67659284312734
804,1.382087561777439,6.074837601040514,-4.692750039263274,4.350148469925692,0.010825023108894237,2.548297118318365
805,1.3314053018472123,5.7118579768949616,-4.380452675047536,4.401851318840439,0.01434804661706679,2.44842960008202
806,1.1133411215135993,5.921083745398747,-4.807742623885133,5.127592332090394,0.01261121853005894,2.494563427326829
807,1.2887686187947338,5.889009814044847,-4.600241195250192,4.799925795198032,0.013545816510626557,2.4690873058743232
808,1.721709198763051,6.230285594541442,-4.508576395778391,4.756171379666757,0.01441691956372263,2.4467039730242375
809,1.5842788358955886,6.1437405057806345,-4.559461669885195,4.674376475089744,0.013475728223695253,2.470943036531808
810,1.3666395725889515,6.036728493633255,-4.670088921044453,5.052595075639928,0.01379982763611062,2.4624321604938406
811,1.3369507937067056,6.109912699018295,-4.7729619053113765,5.280548046898886,0.013560489065668596,2.46869989420613
812,1.0386641510079926,5.6619856274681055,-4.623321476460205,4.031198607099487,0.010249833579552002,2.5672849805832967
813,1.5836210796829846,6.151509235473306,-4.567888155790342,4.7959918596080975,0.01389583044860261,2.4599450119617283
814,1.6636731324732636,6.274139785740964,-4.610466653267849,4.230932351955023,0.011139326422764502,2.5382974461345484
815,1.3471850262054659,5.757331396922936,-4.410146370717712,4.890201185274833,0.016269532197483495,2.402812382556635
816,1.3274615745880283,5.883765866794455,-4.556304292206505,4.221963359087692,0.011631041007018013,2.523145062712694
817,1.2941392768694868,5.891236967755901,-4.597097690886358,3.8738269637878844,0.00988147223556073,2.57994964643614
818,1.978842863056684,6.574180124655605,-4.59533726159907,5.269855075635149,0.015597868577245896,2.418191430169338
819,1.3480160296381882,5.872787902286305,-4.524771872648216,4.405858287990842,0.012720343465547828,2.491504279588406
820,1.3291615565675556,5.969010856477517,-4.639849299909656,4.752828601365422,0.012919111398758568,2.4859913272714387
821,1.7692087226163267,6.225223617811842,-4.456014895195722,5.83309100102101,0.020138407074769195,2.3237591349931477
822,1.485909623690418,6.219947145887808,-4.734037522197468,4.435608247038218,0.010763585420657593,2.550281876539418
823,0.7413805546690355,5.574553911162013,-4.833173356492807,4.097673135267765,0.008759446107348145,2.621302649758298
824,1.2316756563099034,5.872433747727676,-4.640758091417865,5.0175464698402905,0.013988962605378946,2.4575466884238004
825,1.2259957614218138,5.708089475601987,-4.48209371418011,4.42775421340685,0.013282585711863864,2.4761013762699515
826,1.0861559198457371,5.817076191223407,-4.730920271377727,4.15682142750406,0.009781088542768655,2.5834738366093037
827,1.0053025242085596,5.833464497265048,-4.8281619730566945,3.597105115749951,0.007196887399884823,2.687593854206886
828,1.727402369967308,6.380711675858649,-4.653309305891298,4.845635723251007,0.013148388099591604,2.479724632464327
829,1.1196507506648459,5.5717814347458585,-4.452130684081112,3.9781366527472244,0.011659722554907718,2.5222788911229403
830,1.930134249071557,6.452284667860852,-4.522150418789124,5.208706805111845,0.01626490286236462,2.4029164545925576
831,1.2500169627438709,5.861821527373138,-4.611804564628983,4.469895308920137,0.012073724697482444,2.5099822013806667
832,1.379324723915829,5.972889772871071,-4.59356504895527,5.860172463571132,0.018221330787202745,2.3610895344001137
833,1.8084130929991034,6.589287689306779,-4.78087459630774,3.8843306762519774,0.008445490518691614,2.633720793420661
834,1.3702758686951029,5.952399200087669,-4.582123331392722,5.364088063728026,0.016176190909587038,2.4049158329804725
835,1.830023931390656,6.606047817592547,-4.776023886201983,4.3090391233915,0.009938802429864693,2.5779512296694262
836,1.5585526719072504,6.1544079166811585,-4.595855244773929,4.861355756847743,0.013851926282888578,2.461080550000254
837,1.4507819621882163,6.1442678638554895,-4.693485901667145,4.348413426931334,0.010811749450817601,2.5487250772316457
838,1.3974997340743585,6.122140729702323,-4.724640995628079,4.069129836458345,0.009521289263308794,2.5927466075542727
839,1.0137253336789627,5.630638479503823,-4.616913145825038,4.118147860023907,0.010640557612980623,2.554286783895431
840,1.4151060826681032,6.098553679766567,-4.6834475970986205,4.25213754513101,0.010543352846205346,2.5574803040945078
841,1.4094670310827269,5.7468241544341865,-4.337357123351694,4.651075582389513,0.01608642711026888,2.406948750807117
842,1.623118332223953,6.252843456129028,-4.629725123905246,4.446374751397585,0.011799565018151608,2.518082587060666
843,1.5252619851975169,6.154763994466876,-4.629502009269345,4.454501801137596,0.011833924615811797,2.517058299102994
844,1.6604576127643895,6.096074124482051,-4.435616511717626,5.340095129948853,0.018063601335729228,2.3643118253296227
845,1.6849140681634935,6.18873888125853,-4.50382481309498,4.567710386470999,0.013647024263638731,2.466422537581558
846,1.3227999742929342,6.070320210322755,-4.747520236029914,4.705957199839506,0.01163860469841318,2.522916458357889
847,1.4535534243092343,6.048008086382254,-4.594454662073076,4.926534584520368,0.014142154813030794,2.453632194688112
848,1.9189225288499756,6.537682845482053,-4.618760316632006,4.230312301360641,0.01105811227086838,2.540857044595688
849,1.4681033299392539,6.028585962530045,-4.56048263259072,5.646551260054181,0.01772419205998445,2.371330127904002
850,1.4077609369447828,5.849138327433536,-4.441377390488697,4.647112825520015,0.014739190797805078,2.4387247332873607
851,1.8160782829817208,6.312863435918267,-4.496785152936582,3.7472702636095896,0.01027379155482008,2.5664753894009764
852,1.506124596964014,6.24581940722193,-4.739694810258015,4.575570858683491,0.011227856773141231,2.53552607992212
853,1.5308783310839544,6.229028700974261,-4.698150369890072,4.363641778167324,0.010825783233668547,2.5482726250929972
854,1.7536898031306691,6.425544384705404,-4.671854581574735,4.882423070263108,0.013095453022150703,2.481162846960841
855,1.4669166947288659,5.955410761275509,-4.488494066546764,4.483564382154409,0.013454245177095902,2.4715135518493123
856,1.2419295374871808,6.0139911293989385,-4.772061591911779,4.260959784927756,0.009803352656043717,2.58268943379175
857,1.5770483812844986,6.351867671852858,-4.774819290568075,4.058497845982103,0.009079500485765201,2.6090461183765536
858,1.316222263059558,5.903169434626946,-4.5869471715675445,6.453140862180682,0.021020909250981677,2.307608716846835
859,1.3053820766637045,5.930841527915973,-4.625459451252254,4.696441635231018,0.012844940494503737,2.4880396681900234
860,1.5919267394052667,6.275936395293094,-4.684009655888076,4.998871418743505,0.013428684828980778,2.4721933958092936
861,1.201853124436525,5.663217078398198,-4.461363953961609,4.176835387955748,0.01241820332162235,2.5000321587152157
862,1.256360846603343,5.991895393276259,-4.735534546672852,4.903750041617283,0.012507635501747454,2.497488973244465
863,1.7176211335294056,6.349934262312956,-4.632313128783608,5.170645882453915,0.01472388205966519,2.4391002722422708
864,1.0843922708953642,5.760575537046023,-4.676183266150474,4.588600365529047,0.011893364795796217,2.515292549697407
865,1.3091709944759486,6.052402033695522,-4.743231039219609,4.826192043678805,0.012133567244169037,2.5082357843801977
866,1.866016826336022,6.4412126084368495,-4.575195782100764,4.4312064570497895,0.0122932647223743,2.503612338280569
867,1.484705100453425,6.064737737062238,-4.580032636608848,4.353759673351398,0.011928063812226126,2.514265383437711
868,1.811430177984107,6.467156303370075,-4.655726125385854,4.963091402761684,0.013597276990269715,2.4677301779194636
869,0.9307053227161077,5.723854984798628,-4.793149662082669,3.8819385262860813,0.008347067433071679,2.6376988390733462
870,0.9829882664683964,5.204558839540837,-4.22157057307254,4.335084026710668,0.01605201892579254,2.4077306516287336
871,1.6334115365058324,6.401566936082247,-4.768155399576244,5.107454300128161,0.012947334250045057,2.4852146427076764
872,1.0972577622168274,5.608068999158384,-4.510811236941663,5.078574355133743,0.01582546829872069,2.412915954938869
873,1.3826707071167448,6.003063894032202,-4.620393186915408,4.8214160576772045,0.013410434426991089,2.4726795128499335
874,1.8519871580177778,6.493525607452568,-4.641538449434847,4.72985597005858,0.012808505681064418,2.4890497061493986
875,0.7636403721827492,5.4777791164867295,-4.714138744303909,4.544636383972385,0.01135484234729892,2.5315845956095333
876,1.1218709348187303,5.870752645932882,-4.748881711114109,4.7272131146831455,0.011704859723180992,2.520919586775852
877,1.7348241614498647,6.336800107916716,-4.601975946467064,4.9922492231298605,0.014331784106067896,2.4488381269714297
878,1.4370139347234954,6.041735163836144,-4.604721229112556,4.228592774519857,0.01118502754749986,2.536864379051059
879,1.5541188067167013,6.092938192822842,-4.53881938610607,3.722134735461175,0.009801963242047405,2.5827383387571925
880,1.4877463471065084,6.063871852226399,-4.576125505119762,5.431857963273355,0.01655274886380805,2.396494345903122
881,1.5714587197229548,6.245791649640331,-4.674332929917455,4.982289294696535,0.01346867685707591,2.4711302077463824
882,1.1626054098074974,5.771292301055965,-4.608686891248226,4.8591134212497415,0.013697088340901189,2.465110813861382
883,2.0201404669345493,6.552448248468117,-4.532307781533518,4.2015028934472305,0.01178762863985155,2.5184390395008083
884,1.1277802566327182,5.755346033162105,-4.627565776529536,5.005963739219464,0.014092246711529945,2.4549033602457557
885,1.6260391253507578,6.29823747349738,-4.6721983481468214,4.847272512651909,0.012951571724983396,2.485098157991212
886,1.2143571599868892,5.948052122089287,-4.733694962102163,4.304416250259113,0.01028805789905622,2.5659940970466146
887,1.633326214188969,6.484344825988799,-4.851018611799873,4.853216882720119,0.011191933120490613,2.5366482908939885
888,1.4180220531674195,5.989837781093335,-4.571815727925923,5.1364965910230715,0.015312848256282907,2.4248942094752324
889,0.822377833916903,5.5333305587256945,-4.710952724809204,5.032255989164707,0.013267237916167025,2.4765141143495186
890,1.6731927071374457,6.261741395485842,-4.588548688348283,4.42237378395016,0.01211955785171195,2.508643942474173
891,1.4956021881770312,6.135857066890779,-4.640254878713677,2.8637538768523747,0.006045435678899033,2.7453067718335324
892,1.154614436283623,6.019121712489465,-4.864507276206041,4.3916754089730965,0.009488575663142006,2.593930169674413
893,2.096794548979801,6.77280183900109,-4.676007290021062,4.642395398271923,0.01210442081013052,2.509085424423512
894,1.0820381617166959,5.723437958765942,-4.641399797049189,4.406265193645233,0.011526815645537416,2.526308667701169
895,2.0367816953709053,6.692918293248297,-4.656136597877321,4.246339999029811,0.010770641384803253,2.5500534208901824
896,2.0853364219238983,6.700940470639061,-4.615604048715113,4.545091402743523,0.01233691181995422,2.5023579602653983
897,1.3736416224818413,6.068760817743943,-4.695119195262123,4.247854371237629,0.010422666604336966,2.5614819201247876
898,1.5639605634268037,6.0525858833010275,-4.488625319874245,4.174597502857445,0.012122172117491933,2.508567745155292
899,1.429632831427739,6.018840203156898,-4.5892073717288895,4.9595201238383915,0.014342906782797584,2.4485586725420805
900,1.456312414518493,5.920206659782636,-4.4638942452641,3.956163366093417,0.011448445543953783,2.5287042389467165
901,1.599104643707392,6.305927831232609,-4.706823187525288,5.0802591320294965,0.013502154664002659,2.4702423431406744
902,1.3735425094570246,6.020471795573712,-4.646929286117029,4.9367594263192665,0.013588083023014083,2.4679723100951003
903,1.3762707277159052,6.070660545018953,-4.69438981730309,4.4674731740492,0.011251660359578355,2.534784240111771
904,1.49166363761708,6.271320929910971,-4.779657292293905,4.456974152042687,0.010431357846405916,2.5611923692029275
905,1.3003219603957632,5.862647584679699,-4.562325624284085,4.841006611168378,0.014152097896072831,2.453379416128847
906,1.130581295954812,6.049413549084505,-4.918832253129494,3.7681600119698793,0.007134700464501906,2.690490788779056
907,1.320152640053152,5.9782538424606955,-4.658101202407579,5.425126347532313,0.015478703683109949,2.4209805914404368
908,1.4746898550878313,6.10300357712277,-4.628313722034818,4.875645117050201,0.013545374426633046,2.4690989843381588
909,1.5580027558186202,5.997767838606848,-4.4397650827879716,4.720787977634046,0.015096693441069722,2.4300511181562343
910,1.3523597447621114,6.084826465659646,-4.732466720897264,4.535279670866128,0.011146288259385729,2.538078804472486
911,1.5574396262785513,6.214506805373077,-4.657067179094611,5.014099251549119,0.013789884540971666,2.462690629039015
912,2.025369554632448,6.706895288782611,-4.681525734150227,4.592612370634949,0.011855729036060563,2.5164096584097706
913,1.4782655180546271,6.055634366104307,-4.5773688480499,5.099802190943599,0.015085466349712792,2.430320740672335
914,1.3570702540390585,5.93904723407617,-4.581976980037098,4.448008340828508,0.012291632545199424,2.503659322056582
915,1.9208436652994578,6.268895225155319,-4.348051559855776,6.085325724632067,0.02320170382222512,2.270096909321696
916,1.636054460857281,6.291618562913747,-4.65556410205636,4.574784256001482,0.012046344323562387,2.510783816918327
917,1.606361667692795,6.305860299127993,-4.69949863143529,4.709735113239535,0.012128389627287095,2.5083865835174466
918,1.5109706230631446,6.039645647445447,-4.528675024382437,4.075642844780987,0.011306766222740282,2.5330721966916747
919,1.8920119699799898,6.520382696305006,-4.628370726325102,5.04333324620292,0.014238344244297091,2.4511933643832218
920,0.7160889764603553,5.427975448508569,-4.711886472048263,4.322514337008762,0.010548111075285062,2.5573233710912606
921,1.133515318258219,5.890657882973734,-4.75714256471565,3.578993622709536,0.007610013475169309,2.6688998634316867
922,1.6298247916207629,6.2454913912699155,-4.615666599649103,3.9943952207850977,0.010177729586944365,2.569731733207701
923,1.845865575528137,6.325142854654153,-4.479277279126109,6.377717419867306,0.022418596840940903,2.283199885968301
924,1.906775922718566,6.343872326508674,-4.437096403790065,4.818467331682534,0.015581454424919903,2.4185745023061083
925,2.223591796409778,6.677625157175505,-4.454033360765834,5.234844852830157,0.017303021955708667,2.380204726156609
926,1.5304681932219637,6.068316844391077,-4.537848651169043,5.470910635300736,0.017240953465990427,2.3815285669124817
927,1.6940755865319943,6.424159202263226,-4.730083615731473,5.122848116248296,0.01341533177638896,2.4725490098634677
928,1.1841503017382138,5.811408194652984,-4.62725789291494,3.929677279636824,0.009832381450899874,2.581669080482202
929,1.468089341550808,5.962370940513729,-4.494281598962743,5.321404157336364,0.017152356222513564,2.383425492599706
930,1.7302804025706564,6.404348365806527,-4.674067963235757,4.977951121079297,0.013454155266881053,2.4715159412443333
931,0.7916679033513674,5.529322436956157,-4.737654533604882,3.4596549477486356,0.007354059240078661,2.680371050366887
932,1.4205561207066921,5.979555554863616,-4.558999434157158,5.517143616739116,0.017161618958553847,2.3832267694711597
933,1.3025818433269478,5.894793548759054,-4.592211705432192,4.906934132671189,0.014085434573885176,2.455077174273455
934,1.0003519049879515,5.756048439137707,-4.7556965341495925,4.111918637856036,0.009417255041675995,2.5965231832050857
935,1.810038899726237,6.514702624981908,-4.704663725255841,5.34014856311363,0.014568809241106661,2.442923893132682
936,1.4847225770298564,6.060423037740691,-4.575700460710777,4.295274523346535,0.011734899045520587,2.52001752832982
937,1.1004734531028362,5.7329292163082854,-4.632455763205371,5.530185515011212,0.016248010033061058,2.403296443042137
938,1.3249282275681935,5.763366443330426,-4.4384382157622895,4.85382526606401,0.015728327570339262,2.4151593372219096
939,1.5233594275138103,5.938307837523887,-4.4149484100100835,4.855227547737037,0.016040640004886236,2.407989553490164
940,1.2933640051165867,5.927194947375767,-4.63383094225901,4.0958546053596265,0.010401640112113439,2.5621833125883797
941,1.1719446636617477,5.738408006197993,-4.566463342536508,4.217264058872853,0.011511423985391494,2.526778007834138
942,1.7290782183021065,6.383948440325447,-4.654870222023192,5.309501353859286,0.0150342299848375,2.431553448052562
943,0.711177792392732,5.209978459656952,-4.4988006672640495,4.544098371100514,0.013601432127183278,2.467620795750914
944,1.8316910412539755,6.577099371149345,-4.7454083298953265,4.851429635367218,0.01220735251502632,2.5060929471260356
945,2.000145644640611,6.362522773637139,-4.362377128996513,5.380537766209574,0.019349838144231652,2.33872176175431
946,1.831167440309514,6.3183073929726845,-4.487139952663256,4.5949255021474436,0.013958565922831602,2.458327905124946
947,1.3566307577112866,5.894817776324423,-4.538187018613144,5.3628768907916715,0.01674786784864521,2.3921966152746683
948,1.6437116924568045,6.261494742711804,-4.6177830502547295,4.802499127920342,0.013361489419011243,2.4739861028376993
949,1.3622952521051275,5.989197999721696,-4.626902747616668,4.348297594092173,0.011441230254509164,2.528925522737937
950,1.4642485697535221,6.072618414713112,-4.608369844959498,5.371193416090495,0.015871258117612315,2.411862675337533
951,1.4183741847597275,6.2128591048638455,-4.794484920104196,4.800983713733075,0.011537027387119387,2.5259975863879456
952,1.687486718299283,6.129857681820596,-4.442370963521171,4.550151837479053,0.014286190306591222,2.449985662754048
953,1.4063132589739098,6.061932071016351,-4.655618812042576,4.149547458544703,0.010409177041987263,2.561931754064806
954,1.4782209454641588,5.9381900533162835,-4.459969107851975,4.420676897728352,0.013501167546843195,2.4702684946191122
955,1.1436705600773394,5.816543542482009,-4.6728729824046695,3.83958922643556,0.009123797795944228,2.607380248617464
956,1.269465183756779,5.843816380750518,-4.574351196993803,4.7910865496259305,0.013801131241322182,2.4623982857612976
957,1.3039316376733723,5.9268988015822615,-4.622967163908697,3.9301182125780016,0.009870929381680936,2.580318273409063
958,1.1531393951339624,5.788738620527724,-4.635599225393662,3.558820924738537,0.008412001111617988,2.6350696860009397
959,1.8958082892232824,6.527922967140846,-4.632114677917343,5.732096391282113,0.017124928885376842,2.3840144724566072
960,1.1427677112773154,5.888060165532231,-4.74529245425515,4.134216850856323,0.009580858601910753,2.590600700932584
961,1.6985244227251997,6.375819979564575,-4.677295556839454,4.484564236378063,0.011480874189941778,2.5277112192896256
962,1.288149712273139,6.13253023400889,-4.844380521735729,3.799870227624254,0.007720518365858011,2.664053932361157
963,1.3230142322214533,6.0359844562565215,-4.712970224034962,3.8207488360350084,0.008742346640748258,2.6219686734781256
964,1.5551009394720268,6.521917114525245,-4.966816175053509,4.658690257631058,0.009537368455635067,2.5921661989139713
965,1.5811304217010047,6.037968439753854,-4.456838018053077,4.230030328842982,0.012697899766434774,2.4921315510753868
966,1.7674874427344776,6.481171836479355,-4.71368439374487,4.6427646729199346,0.011730523931175255,2.5201487822224418
967,1.4843611157026544,6.1469185688367745,-4.662557453134241,3.901828901251452,0.009432456510191593,2.5959690360656418
968,1.3687936945026422,5.9964577076017775,-4.627664013098865,4.866025425917623,0.013513089198087032,2.469952769872671
969,1.198063258814841,5.93172621349828,-4.733662954683268,4.868201743891142,0.012390600817811103,2.5008203678484473
970,1.1341734824337664,5.695860367390722,-4.561686884956771,4.717060122422051,0.013631449553063134,2.4668314758428305
971,1.438381542414504,6.0581564848587135,-4.61977494244411,4.497163122136822,0.012101734726726326,2.509163816956588
972,1.414436013454747,6.036632308520161,-4.622196295065351,5.124163696653071,0.014649027466395717,2.44094150221971
973,1.7225222244829865,6.4267879664590595,-4.704265741976087,4.348239265184059,0.010712344563960608,2.551944941810304
974,1.4142637215855984,6.013510130687131,-4.5992464091016245,4.172730561383336,0.011017554707608061,2.5421415417305275
975,1.363808219418047,5.857293951450508,-4.4934857320326955,5.047406180750791,0.015907406020809995,2.411033069594566
976,1.646268498249242,6.174359856521093,-4.528091358271922,5.941008470405755,0.019547888319678845,2.334914488451537
977,1.4759882326544584,6.150443964443703,-4.674455731789294,4.098737460138697,0.010053503589863072,2.573983609000426
978,1.6485525343367726,6.172099664478999,-4.523547130142333,3.847670996693399,0.010433482082829394,2.5611216323743626
979,1.2395816574356786,5.789685013915964,-4.550103356480349,4.658577262486901,0.013513770412671756,2.4699347364923203
980,1.3300230974617762,5.888659358889157,-4.558636261427409,5.253884818453361,0.015993613454113348,2.40906125277449
981,1.2470892687487094,5.935271100686904,-4.688181831938209,4.471126614060083,0.011324728398772754,2.5325157440057104
982,1.1268646065267376,5.762995195890795,-4.636130589364029,4.726180493002484,0.012851312547308867,2.487863284037941
983,1.4337758005455044,6.165584516584055,-4.731808716038358,4.0355178921281265,0.009343860548734182,2.5992099501684396
984,1.71519260241746,6.496790005174937,-4.78159740275737,4.257023981512667,0.009709821555630091,2.5859954384446384
985,0.6859695910112578,5.487643045542555,-4.80167345453151,3.8774895516857626,0.008270234268594988,2.6408335376249132
986,1.369788759300377,6.015292292198147,-4.645503532897692,4.930830399579538,0.01357978204689824,2.4681910488336407
987,1.1329364315798784,6.027960917937179,-4.895024486357215,3.774670560840619,0.007306454789490584,2.6825439625592105
988,1.4803328005531284,5.951337984306079,-4.471005183752823,4.8682228326188515,0.015379311682104192,2.423321442055682
989,1.5553562106327945,6.243026078419113,-4.687669867786099,5.45196101438928,0.015228508395657016,2.4268986733359545
990,1.4084890694483647,5.89331299974625,-4.484823930297807,4.448832266898851,0.01334396793936429,2.4744548681991807
991,1.1720317475864022,5.886757170915459,-4.714725423329128,4.994119382627758,0.013076695775393821,2.4816737040064942
992,1.318367805136063,5.93782220412082,-4.619454398984772,5.098061393317291,0.01457177199181783,2.4428505052807674
993,1.4943610082399346,6.197587764850319,-4.7032267566105475,4.032101572546491,0.00956643606912451,2.5911191597708987
994,1.3274667361939692,6.194192112353186,-4.866725376159366,3.1956741099313106,0.0057883574708021196,2.759535630268839
995,1.7017810828264146,6.241300706259118,-4.539519623432852,3.9252946775304878,0.010596772187292696,2.555722064564433
996,1.0786215165477415,5.744992780792529,-4.6663712642448445,4.594095646072208,0.012013058608058742,2.5117605011630775
997,1.6816083060983829,6.387803915607748,-4.70619560950945,4.765275630503655,0.012275053746563805,2.504136872039737
998,0.938621554714814,5.5758256490357,-4.63720409432085,4.316785119641239,0.01121898312776213,2.5358029848803167
999,1.6009709971007169,6.308333879967428,-4.707362882866619,4.766387466740081,0.012267460544614852,2.50435578397884
