,logR,logI,logS,d_G,p,sigma
labels,$\ln\mathcal{R}$,$\log\mathcal{I}$,$\ln\mathcal{S}$,$d_\mathrm{G}$,$p$,$\sigma$
samples,,,,,,
0,0.6932604978373916,3.579439238276588,-2.8861787404390498,0.8893509417882148,0.008101700182426388,2.647801828445976
1,0.8270514764259275,3.6532317980571736,-2.8261803216312273,1.0539750287175573,0.010510324918257432,2.5585713506414947
2,0.5986595951246642,3.4520413492655107,-2.8533817541408553,0.8711090940284789,0.008214750125488566,2.6431134660290634
3,0.8103354953826652,3.6344014805158555,-2.8240659851331884,0.9661871034724401,0.00954714613007307,2.5918136818897137
4,0.8092262340750181,3.6382579134163566,-2.8290316793412558,0.9854333245270313,0.009708152018503268,2.5860547082866536
5,0.5821904001003219,3.469306982300949,-2.887116582200747,0.8280718198606318,0.007464231279945391,2.6753902270843035
6,0.84822668176229,3.7131727080279835,-2.8649460262656703,0.9443003926712135,0.008883236918960608,2.6165153535010597
7,0.6152320143742059,3.490681860203877,-2.875449845829735,0.8759391213349637,0.008061081929014493,2.6495006411354574
8,0.7238776156462933,3.598850992716431,-2.8749733770700914,0.9213640453724938,0.008541344800779551,2.6298862267160654
9,0.7473580738007882,3.603549708810885,-2.8561916350100773,0.9556529864355547,0.00909391207397196,2.6085033532318573
10,0.6377947440349686,3.481038215361679,-2.843243471326673,0.9705206395535737,0.009390528194046541,2.5974994086511125
11,0.8294129023365627,3.631090737631332,-2.8016778352948677,1.0767077791929753,0.011065381679174318,2.540627257874404
12,0.6281643489335152,3.4736171305781753,-2.845452781644667,0.9149063243364044,0.008761720429109776,2.621214152547533
13,0.706658271815732,3.528110301168835,-2.8214520293531677,0.9739077471435404,0.009661856924846167,2.587701849243843
14,0.7683688711250539,3.5674739491385528,-2.79910507801344,1.0818013721323636,0.011156496395054354,2.5377584295958395
15,0.5878920903959312,3.4537536995470304,-2.865861609151011,0.9167601759214934,0.008581028502475638,2.62830996753872
16,0.6935776244507593,3.517094506483043,-2.8235168820322087,0.9449758607798195,0.009316404130582389,2.6002198939019774
17,0.7244303076879447,3.5856347171063354,-2.861204409418292,0.8730957546114912,0.008162833637996685,2.645259308352741
18,0.6394308577407543,3.5138792691619476,-2.8744484114212128,0.9685464787304037,0.009045456829140009,2.6103313217858424
19,0.7691137136241565,3.5939591919853,-2.8248454783611123,1.0302108619673822,0.010257335453997539,2.5670312952368497
20,0.7540959549291898,3.6032584362529305,-2.8491624813237877,0.9513596612852795,0.009119632801734891,2.6075365718571204
21,0.5664222535364075,3.404849544640982,-2.838427291104722,0.9333925480404699,0.009033812154679877,2.610771918569324
22,0.746215752065487,3.599700612905998,-2.853484860840581,0.8742021055551628,0.008246739148877564,2.641797312211838
23,0.5654269291745692,3.4135407518090966,-2.8481138226344456,0.9097552037155356,0.008679711276196619,2.624418302733488
24,0.5299220546158864,3.3420820999092524,-2.8121600452933535,0.9774874549512442,0.009804054056658667,2.582664748051331
25,0.7187482786399556,3.5649877013884335,-2.8462394227484538,1.00795665247146,0.009769550986046361,2.5838809506183598
26,0.714877482546504,3.557445426670309,-2.842567944123857,0.903833770286611,0.008670273125688398,2.624788791546144
27,0.74482589956107,3.583550329620216,-2.8387244300591874,1.0355616978189168,0.01015896885236255,2.5703708832407455
28,0.7744607772290152,3.6886045850788256,-2.9141438078497686,0.8782859448595755,0.0077374330565068,2.6633176713033775
29,0.5758170142962541,3.456949247126355,-2.8811322328301685,0.909289155155927,0.008355885730791294,2.637340716447183
30,0.6441862932433565,3.495847729587189,-2.851661436343761,0.9523480078622963,0.009104661783560699,2.6080990005116194
31,0.6768059274146395,3.552413040698681,-2.8756071132839907,0.8359569395805102,0.007644676100472452,2.6673730641065747
32,0.6065674354049321,3.4248977864300802,-2.8183303510252244,1.0317949738426155,0.010350339001419974,2.5638999011588766
33,0.5990515938665254,3.4457219653510998,-2.8466703714844925,0.8325080835714109,0.007865411373883777,2.657793313739372
34,0.7771848786199967,3.6001182620121113,-2.822933383392069,0.9327263138423669,0.009186206644594547,2.605045475850547
35,0.7915829746219657,3.60532613805842,-2.8137431634363566,1.0857021343410203,0.011021285120402867,2.542023220684118
36,0.7566095839935002,3.5797404282372782,-2.823130844243906,1.0150998221218916,0.010106441690450383,2.572166011440605
37,0.5249556206599578,3.3906249476768413,-2.8656693270168034,1.0028119276573402,0.009503663747070741,2.5933838387408037
38,0.485288272394078,3.3868146529073404,-2.9015263805132463,0.863590932533655,0.007700258458321319,2.6649377087510193
39,0.6861780187458549,3.5417899064147735,-2.8556118876689425,0.9165969840205479,0.008679515719615869,2.6244259755334998
40,0.6287268608518758,3.4803612232928205,-2.8516343624410183,0.915352521703551,0.008705332851003438,2.6234143559246443
41,0.6945873379099708,3.539404754980431,-2.8448174170705443,0.9848948717111923,0.009531483809804685,2.5923785149467498
42,0.7301423617506003,3.5821757884944243,-2.852033426743901,0.9492017465881628,0.009066763758134791,2.609526446041984
43,0.5912064854480746,3.4180622690095137,-2.8268557835614274,0.9886142531584454,0.009767497168011603,2.583953466524924
44,0.8637767884275632,3.7217590089255688,-2.8579822204981156,0.9654443537404274,0.009181172507866289,2.6052332817524726
45,0.4682643421840481,3.2720040145970875,-2.8037396724130303,0.9893471014113353,0.010033086616664468,2.5746868915997925
46,0.5966276712022051,3.4493975309913094,-2.8527698597891913,0.9275378885403325,0.008825298746413688,2.6187484959327727
47,0.758155437042879,3.6070290629806583,-2.848873625937699,1.0716360175434205,0.010443422185411838,2.5607907982759466
48,0.5052390081111667,3.394679301547082,-2.8894402934358823,0.870125031533183,0.007874041656397981,2.657423680961122
49,0.7058686868998535,3.547888606405063,-2.842019919505219,0.9555677809618612,0.009239512815589376,2.6030624265322984
50,0.6597527882524815,3.508380739005117,-2.8486279507526433,1.0438665349892142,0.0101388727313134,2.5710566946998155
51,0.6891848933450916,3.5804554553074692,-2.891270561962415,0.795928204545715,0.007103692811673072,2.6919437369913632
52,0.754107877312768,3.5820389102306653,-2.8279310329179452,1.037288393549739,0.010301662881930476,2.565535669555544
53,0.6656811359888394,3.5309433361913674,-2.8652622002024373,0.96600436194871,0.009112210130217504,2.607815322405944
54,0.6199251841800247,3.460048462002726,-2.8401232778227268,0.9430633269438591,0.009122265293265115,2.6074377600840526
55,0.6978970273570354,3.530343556314756,-2.8324465289576892,0.9563304931017691,0.0093482940546408,2.599047118560373
56,0.9204844866996978,3.74178024961317,-2.8212957629135644,0.9761734687596797,0.009688978448243606,2.586736036764276
57,0.6940531388727237,3.5585216185147712,-2.864468479642028,1.0121360383533244,0.009617216769715494,2.5892967852603577
58,0.6512280389215362,3.5257836440444357,-2.874555605122964,0.8634820102662175,0.007939491912517796,2.654632215412285
59,0.5833714793642372,3.504417748878051,-2.921046269513795,0.9020435272543637,0.007913986352979756,2.6557175725424016
60,0.9253805740230433,3.7488917704692937,-2.823511196446134,0.9849331252711346,0.009762995827868671,2.584112446725392
61,0.40472152719632104,3.2911126509746382,-2.886391123778253,0.8675989404065643,0.007875431795917666,2.657364175582068
62,0.39640827183335714,3.266347004296698,-2.8699387324634245,0.8472792722729672,0.0078122673441009295,2.660077498705873
63,0.763810206947474,3.593550623730659,-2.8297404167832383,0.9804846593570091,0.009645289508491337,2.588293013861063
64,0.793387473902149,3.611898668580609,-2.818511194678422,1.022983371976924,0.010248242457662786,2.5673388076204846
65,0.6179990545846209,3.5240498468406876,-2.90605079225611,0.8628289804856863,0.007652999124639675,2.6670073803781578
66,0.9361849884687586,3.707906990115346,-2.7717220016465944,1.1851681960628684,0.0127487805556688,2.490710906158172
67,0.6201721210268175,3.490068012900577,-2.869895891873739,0.9302187226817735,0.008684324621551817,2.6242373396831566
68,0.7000728574588407,3.5575805473884405,-2.857507689929548,0.9641375281173916,0.00917196841817531,2.6055768916771265
69,0.6010895054854387,3.434957469063027,-2.833867963577518,0.9854694709166569,0.009655907712350108,2.587914027162502
70,0.7897633732969694,3.620151803968564,-2.8303884306716327,0.9709292096508952,0.009532012477350294,2.5923594360221407
71,0.51058363498054,3.4020495603289915,-2.8914659253484842,0.8091026917778965,0.007235046512179308,2.68582734258212
72,0.7619181752767105,3.664713666465269,-2.902795491188499,0.8668677769203406,0.007722268133984264,2.6639777016231228
73,0.6125917965263085,3.472037230367589,-2.859445433841188,0.9938582269201008,0.009473117028129191,2.594490722196697
74,0.6018078767733556,3.4494822122188986,-2.847674335445504,0.9100988137667225,0.008687749790943068,2.624103039580476
75,0.8417032173961075,3.6894670704990298,-2.847763853102947,0.9556464015246577,0.00918069291018187,2.605251178646997
76,0.6705128998046263,3.4922328509124436,-2.8217199511077524,1.0154087368347358,0.010125918913694042,2.5714994057295586
77,0.742738251368101,3.570659044978281,-2.8279207936100192,0.99102346334465,0.009782731244381076,2.5834159070796474
78,0.7584655839759676,3.564266447149484,-2.8058008631735447,1.0481496022799908,0.01068474122005756,2.5528437651936855
79,0.8420349722784891,3.685680314335659,-2.8436453420572434,0.9356235627058764,0.009004935458095002,2.611866711223627
80,0.6496777050832548,3.509105225149964,-2.8594275200666743,0.944632777811631,0.00894233064549843,2.614251034119313
81,0.7758837864901039,3.6397178167385937,-2.8638340302484266,0.9893482999480558,0.009377950084890629,2.597959694933276
82,0.5710775657352002,3.4218129348663164,-2.85073536913103,0.8585429008701553,0.008105513708509869,2.64764272378761
83,0.5034638573040325,3.4271717177518997,-2.9237078604478484,0.7654602825890566,0.006548126832683774,2.7189916134455725
84,0.5533188095267775,3.4080589119148663,-2.854740102388064,0.8594196841144459,0.008077842397827982,2.6487987268332054
85,0.5799258332366349,3.4501576867014703,-2.8702318534649294,0.9399865242980008,0.00878458706196919,2.6203255170027346
86,0.8459233385426529,3.638879181523438,-2.7929558429807457,1.0139849022431773,0.010441168119908011,2.560865795238274
87,0.7407196605590712,3.6078520415700424,-2.867132381010947,0.9224750005472515,0.008629285242600983,2.626401939361133
88,0.7078848736878086,3.528132160021317,-2.8202472863334833,0.9873443813486542,0.00982603433954873,2.5818919499958093
89,0.5606275933936246,3.437458986364063,-2.8768313929704163,0.9161694669555276,0.008468866248015908,2.6327820933706896
90,0.7667148816412833,3.588296480748212,-2.821581599106935,0.9743658803069577,0.009665584949377373,2.587568949065853
91,0.6801392311557407,3.5425706252124987,-2.862431394056671,0.869736752247035,0.00811597936614209,2.647206428646538
92,0.7684212351748471,3.645207974348199,-2.876786739173326,0.9435099646422116,0.00875695318842093,2.621399676496724
93,0.6968542119903901,3.5322173513871262,-2.8353631393966907,0.9693414531801818,0.009461203460072174,2.594923282369808
94,0.6063365475362076,3.507920795942496,-2.9015842484063796,0.8323103669330081,0.007384235412582557,2.6790001801800596
95,0.5586408725824782,3.4321292330849853,-2.873488360502506,0.8619181436314673,0.007932869682602066,2.654913715635469
96,0.8211827911861661,3.706059632801748,-2.8848768416156645,0.9889592749148721,0.009154940228450127,2.606213405546313
97,0.7648065250665382,3.593115793081965,-2.8283092680154596,0.9747686656409424,0.009597122306290238,2.5900168901082465
98,0.7290133945581289,3.5577943425192253,-2.8287809479611496,1.0725262575232706,0.0106894936395501,2.5526888693154928
99,0.6756571862135757,3.5561520342309234,-2.8804948480172925,0.9433450284370495,0.008718645958928375,2.6228937418766103
100,0.6335754673705111,3.5375845059067657,-2.9040090385362873,0.7913331978882856,0.006954796311395057,2.6990010203136796
101,0.6806332389020241,3.5626763125978314,-2.882043073695854,0.9103099932497809,0.008357905451339154,2.6372587405359114
102,0.7283474785648337,3.542252473730463,-2.813904995165558,1.0523442557113585,0.010636517556796753,2.554418996238659
103,0.9157511890644997,3.7627450386321732,-2.846993849567639,1.0241802747952868,0.009939943890786526,2.57791154498131
104,0.6702714315533654,3.5128964826728573,-2.842625051119512,0.9361104276138232,0.009020641660960478,2.611270858965382
105,0.9126192811523793,3.736250777246138,-2.8236314960937534,1.0920919737788761,0.010973736586281499,2.543534033943117
106,0.7035070227928969,3.5379484048134135,-2.8344413820206,1.0145085066632311,0.00997260137074011,2.5767778722470323
107,0.8629236956455685,3.687183347869737,-2.824259652224214,1.048176589385807,0.0104671765573901,2.56000132041175
108,0.7306912341788262,3.559082227668925,-2.828390993490075,0.9373998596789179,0.00918132700404027,2.6052275166777075
109,0.7819052215210064,3.6490991903516563,-2.86719396883052,1.007636605705005,0.0095394088424623,2.5920926097205244
110,0.7602590747368282,3.600932932753769,-2.840673858016885,1.0501650080725042,0.010299409060186372,2.5656115760833917
111,0.6142276995486696,3.4416113123944103,-2.827383612845665,0.9495535131560495,0.00932657619782618,2.599845420159851
112,0.7360609263173415,3.61162758369232,-2.875566657374975,0.9193292386373622,0.008514214691663477,2.630967622757182
113,0.5694918069374267,3.4087804272526836,-2.839288620315301,0.9752933634513696,0.009485013190184468,2.59405927784915
114,0.6762971438749815,3.5126175708865968,-2.8363204270116285,0.9567033618229499,0.009311628716727943,2.6003958214873935
115,0.6199621843631945,3.4843488789408874,-2.864386694577661,0.9671427639874199,0.009133410093091357,2.607019716722287
116,0.743639941954703,3.573704096344461,-2.830064154389788,1.0325627199308298,0.010224057082970127,2.5681579067453533
117,0.6496576610471635,3.494060398383929,-2.844402737336736,0.9167793070657742,0.008792470178940696,2.6200196449496773
118,0.7404025762856378,3.5875412855395834,-2.847138709254068,0.90414431391621,0.008628742731368953,2.626423336699428
119,0.5573937324115746,3.4317908065838885,-2.8743970741722933,0.8484125294793166,0.007784328471842993,2.6612839287539862
120,0.7400606927376344,3.5791271325470286,-2.839066439809585,0.9236788030403682,0.008921115741390944,2.615062392629265
121,0.8139190506182018,3.667925069271662,-2.854006018653422,1.0055370106083292,0.00965847619097567,2.58782240840233
122,0.6711803737080032,3.5377545801597035,-2.866574206451787,0.8852405543577229,0.00824088711421685,2.642037746028145
123,0.7785261892657814,3.602118114696539,-2.823591925430719,0.9880952916044659,0.00979757589804293,2.5828928062267873
124,0.7569358897511534,3.5933577919834385,-2.8364219022323596,0.9263296506337384,0.00897691383011483,2.6129320871810644
125,0.574024928121608,3.468089241516249,-2.894064313394665,0.8340392102137506,0.007465542439448807,2.6753313482964938
126,0.5888121413996629,3.4843677503681882,-2.8955556089684933,0.8415066108305673,0.007528445851893651,2.672517451432604
127,0.8451461824089307,3.6185490701203853,-2.7734028877115406,1.129474843761513,0.01205222607245115,2.5106114807845605
128,0.7691606068537936,3.625162162158038,-2.8560015553042604,0.8964952561586803,0.008460633503514564,2.6331124313807797
129,0.7370892065240383,3.6077972860923277,-2.870708079568317,0.904081367544217,0.00840032642799578,2.6355410502716907
130,0.6636980651338632,3.494377044684987,-2.8306789795511804,0.9979989779157243,0.009830248975380464,2.581743944931134
131,0.9005915670629662,3.7529227289892586,-2.8523311619262586,0.9758051378965162,0.009352387466980555,2.5988968389007954
132,0.7300895764033072,3.5555233222269504,-2.825433745823716,0.992477472636411,0.009826401457515796,2.581879055691582
133,0.7071263280094996,3.5161793475229843,-2.809053019513499,1.0243665719074724,0.010373180354762814,2.563134672803342
134,0.521432765488376,3.2963005110735746,-2.7748677455851976,1.096697045934053,0.01163946533059308,2.522890455038166
135,0.6525606476843592,3.4938426281001633,-2.8412819804157152,0.9548116880662672,0.009238923023655754,2.603084311530219
136,0.7437126726908815,3.604129097596424,-2.860416424905452,0.9383415937099107,0.00886490209531655,2.617220631789176
137,0.7136473109502418,3.5600423706374102,-2.846395059687211,0.9618074788633586,0.009262087895331528,2.6022256844683715
138,0.6674326557036835,3.4921928147666494,-2.8247601590629756,0.8990961322277067,0.008795155600901003,2.6199155041042306
139,0.6048228712462475,3.5186015920999307,-2.91377872085377,0.7968260451656257,0.006931188156988562,2.700132422977829
140,0.8362375429594436,3.704714007356562,-2.8684764643971903,0.8461268772749597,0.007813306532521701,2.6600327000578066
141,0.536233444586847,3.436648022224144,-2.9004145776373207,0.7750429089571407,0.006821455914518783,2.7054371308029856
142,0.7486389056365311,3.5912285805977526,-2.842589674961232,1.0627410223778557,0.010417448167145293,2.561655876913052
143,0.6798082742696948,3.517368602209672,-2.8375603279399684,0.9664713896699975,0.009406176093397377,2.5969275528361675
144,0.8569515303261056,3.7385431608001993,-2.8815916304741904,0.9423550949793782,0.008697469325190844,2.6237221963846458
145,0.8499467668617541,3.6662960697597486,-2.816349302898061,1.0381402189387985,0.010445548922958308,2.5607200509555867
146,0.8330278611648424,3.7237677100536852,-2.8907398488888703,0.9069735029892629,0.008241483117159656,2.642013251958159
147,0.7489761304735708,3.583608497981284,-2.834632367507652,1.0149808598277674,0.00997573276160646,2.576669342869516
148,0.5288451725574447,3.3954429637180588,-2.8665977911606433,0.8353949474803017,0.007718031906013358,2.664162284590828
149,0.6256877836088875,3.488950398275651,-2.8632626146667235,0.8966930722336648,0.008393229909258214,2.6358278579693724
150,0.6640083715975521,3.48341741201637,-2.8194090404188046,0.9552474436327776,0.009474730409944815,2.5944321805186545
151,0.5398243251527134,3.3635862075118284,-2.8237618823592356,0.9847830605630619,0.009758561356444477,2.5842691291191784
152,0.5896759225619149,3.427249744639503,-2.8375738220776157,0.9223905994523527,0.00892212684035391,2.6150236843225696
153,0.7477398884218388,3.585337011629665,-2.8375971232078427,1.07326612988328,0.01059349120978353,2.555829826887691
154,0.6526057407258946,3.538843842170978,-2.886238101444974,0.8466773473621485,0.007661980121187582,2.6666131873500247
155,0.7903443987307724,3.6452339638652957,-2.854889565134613,0.8873658850446589,0.00837382886093093,2.636613065036455
156,0.654744615437599,3.562799026216283,-2.908054410778732,0.8116704198234999,0.007124188214788115,2.6909827326684552
157,0.6523465499005766,3.476974178757667,-2.824627628857229,0.9675089296191395,0.009555863663404328,2.5914996577693694
158,0.6617820210899396,3.4931247593103643,-2.831342738220428,1.0359996488172565,0.010248011137877785,2.56734663369856
159,0.8086558090789054,3.626318972778219,-2.817663163699308,1.0919041392626085,0.01104451417777508,2.541287242221815
160,0.6104364837558393,3.471479868094899,-2.8610433843389274,0.9570123676598694,0.009058900112858545,2.6098233008265455
161,0.7203613656843032,3.5498288093017094,-2.829467443617318,1.044986189712465,0.010370606012971802,2.563220843084031
162,0.5377117893194651,3.4396804857804724,-2.90196869646104,0.8068553087349852,0.007125935937350996,2.6909008989940255
163,0.6723394535108497,3.551072703657312,-2.8787332501464107,0.9338587119948092,0.008636217967870858,2.626128609602592
164,0.6445515484759795,3.5614566582529936,-2.9169051097769625,0.7469199076418547,0.006419478831062062,2.7255482740489416
165,0.8148236057519312,3.6466286901269043,-2.8318050843749916,1.0379944462974464,0.01026509598297846,2.5667690368918867
166,0.8488518520556368,3.6558935369076138,-2.807041684852038,1.049205782638468,0.010682115448826144,2.5529293733809446
167,0.6389149022445423,3.497765363348202,-2.858850461103657,0.9283720417620316,0.008773711311568157,2.6207479087598498
168,0.6980754867949969,3.5253156810269215,-2.8272401942319902,0.9470137788632382,0.009299894028581323,2.600828472891348
169,0.9259314925137602,3.7721124397187533,-2.846180947204857,1.063928678033825,0.01038907432166286,2.562603079185171
170,0.8144163559189707,3.6534010680507643,-2.838984712131719,0.9420464645296418,0.00912286654712955,2.6074151953163054
171,0.7020263440989453,3.5638414578548754,-2.861815113755938,1.0166603499949805,0.00969490629167023,2.586525263942813
172,0.6860058328533029,3.5212097573741636,-2.8352039245207834,0.986800479287631,0.009656170975982831,2.5879046354339277
173,0.7423383077854083,3.562266488678692,-2.819928180893271,1.0764845960028446,0.010840479170983613,2.5477993834536887
174,0.7152518806332097,3.560640390923296,-2.8453885102901495,0.9998911245842517,0.009690098062389272,2.5866962185032074
175,0.6821468911093603,3.5175456615610456,-2.835398770451661,0.9864435643045297,0.00965010030273494,2.5881212601339723
176,0.7515350277635576,3.575393299705652,-2.823858271942072,1.0020660014527012,0.009951520792947048,2.577509284948902
177,0.5807566047599181,3.4708502028302344,-2.8900935980702798,0.930304266189776,0.008489164098200797,2.6319688694433294
178,0.677727305941508,3.515997076127874,-2.838269770186457,1.0075424513379438,0.009852616239616705,2.5809594203273662
179,0.6565481996788008,3.4941735396464026,-2.8376253399675306,1.0099103610205893,0.009886023307249917,2.5797906281741865
180,0.43475718952730913,3.298691560168216,-2.863934370640891,0.8508893475967456,0.007903926325883295,2.6561465261145787
181,0.8038285156566104,3.660882362954419,-2.857053847297834,0.9207437869320669,0.00870976312158071,2.6232410295982103
182,0.7424571817222073,3.578616454392494,-2.8361592726702156,0.9025217260715945,0.008719290962822193,2.62286853680666
183,0.7061372022086431,3.5141904097752534,-2.8080532075665587,0.994701637001,0.010045587625088611,2.5742561310333647
184,0.7895078270050732,3.616905388018766,-2.8273975610136404,0.9883188791173536,0.00975824952038434,2.5842801495553265
185,0.6328341593583587,3.5140381881460914,-2.8812040287876926,0.8943632300434783,0.008199727937667737,2.6437331210513397
186,0.6068374114610066,3.4816664103785953,-2.874828998917451,0.8719996873563614,0.008025708767572966,2.6509863383671584
187,0.7160251691723175,3.5498517303663912,-2.8338265611939732,0.9920527496082752,0.009729469274802227,2.585298611032503
188,0.6040834470048736,3.4468836775740246,-2.842800230569196,0.9277955719420556,0.008928264414023697,2.6147888011706355
189,0.5699929647147343,3.423972216215802,-2.853979251501073,0.8960567767079919,0.008475404063911276,2.6325199687060006
190,0.6865403219870728,3.516949533640187,-2.830409211653091,0.985847022289599,0.009697734662212631,2.586424737723619
191,0.7439227856902931,3.5466624637246134,-2.8027396780344134,1.0594339859284079,0.010851938379044093,2.5474307671735437
192,0.7130573775242425,3.582847785662094,-2.869790408137874,0.8626948837015269,0.007974518635547398,2.6531467746626918
193,0.6783298746778342,3.547674474803785,-2.8693446001259417,0.8815091305415397,0.008175764532451578,2.6447237013552765
194,0.6324864721417413,3.507208445126064,-2.874721972984389,0.9546497123870226,0.008895269489173088,2.61605320781616
195,0.6456231765604258,3.485676654180651,-2.840053477620245,1.0160180808832007,0.009926845957875309,2.57836715944988
196,0.6593083964067915,3.4913648391571743,-2.832056442750286,1.0174096476777539,0.010031704572155433,2.5747345435197757
197,0.5664131581391899,3.4360121717479504,-2.869599013608763,0.963064478740085,0.009036463347312292,2.6106715614577114
198,0.8012435519276465,3.5996381292440245,-2.798394577316344,1.0886176468641966,0.01124492286921494,2.534994072773962
199,0.8429659576689715,3.6681187202986645,-2.825152762629614,1.084671510545987,0.01087076171091627,2.5468260142729546
200,0.813330685089673,3.6790837858269154,-2.8657531007372654,0.9255485042004166,0.008675435174208504,2.624586113861774
201,0.6814178889817327,3.5415705578959833,-2.8601526689142247,0.9299651848581574,0.008777839138836825,2.620587537390012
202,0.5730468148971027,3.41567340585255,-2.842626590955433,0.9876642741698225,0.009585457443449115,2.5904355288541203
203,0.792292190824233,3.5891323836277427,-2.796840192803529,1.0832074919407952,0.011201069165016139,2.5363625890440864
204,0.7276929744378918,3.5835626266854415,-2.85586965224752,0.9461106749730992,0.008994259156776542,2.6122722722190743
205,0.7974297835722751,3.6303274132518024,-2.832897629679678,0.9196413442546199,0.008939333567903843,2.614365552226755
206,0.7491036489918684,3.583805057925909,-2.8347014089341656,1.0018338908634554,0.009828595798675184,2.58180199267813
207,0.6361671876968472,3.501989280447741,-2.865822092750932,0.8511584780798973,0.007889719063075663,2.656753149064825
208,0.5337057691760861,3.4047140069436037,-2.8710082377674553,0.8678233959503912,0.008017035155413188,2.6513515310128377
209,0.6522389780999361,3.5191049173220317,-2.866865939222066,0.9149595701794819,0.008552185472746426,2.6294549801387186
210,0.6734409625508903,3.4783490840672946,-2.804908121516519,1.0376819143846738,0.01057468995805294,2.5564479191157257
211,0.713162523339966,3.5602509246137255,-2.8470884012737088,0.8789731496413218,0.008358276550233768,2.6372436803941337
212,0.779067034485584,3.61300047168215,-2.833933437196606,1.0683752801449349,0.010581694031335574,2.556217545654375
213,0.7187259489231707,3.5630190225909115,-2.8442930736678136,0.883074924571265,0.00842912067882945,2.6343795420355827
214,0.6160530794442053,3.4289210992324883,-2.8128680197883114,1.0068043550433707,0.01012891638985718,2.571396918845346
215,0.6987570817697047,3.5531973211204595,-2.8544402393507653,0.9673274690726523,0.00923827824910583,2.603108238156335
216,0.6523691994003599,3.5300624901244695,-2.8776932907239825,0.8807895941292729,0.008090989633935905,2.6482490435757513
217,0.7732911422940475,3.6209873080152026,-2.8476961657211177,0.964171137121014,0.009274284855607613,2.6017743628860384
218,0.7412662238880244,3.6283913488861246,-2.8871251249981924,0.8337820372612645,0.007522409138122548,2.672786579005962
219,0.6847736686697686,3.5289459117429174,-2.844172243073217,0.9578899641039667,0.009242484586626711,2.6029521740602393
220,0.5811002985851615,3.411748590872373,-2.8306482922872647,0.9317402706447471,0.009095457421174022,2.608445198398925
221,0.824547547668763,3.673154942365439,-2.8486073946966144,0.9533798981366997,0.009147311141497331,2.606498923734687
222,0.5194493386118125,3.404285639004993,-2.88483630039309,0.9545784008543619,0.0087936934400906,2.619972203275741
223,0.6212219761249486,3.445974392249202,-2.8247524161242836,1.0106511389719925,0.010038038769373531,2.5745161928562434
224,0.7987127942358171,3.6420076879935004,-2.8432948937577294,0.9726375372022291,0.009413202304391655,2.596671054485989
225,0.9037759516808052,3.6724110344312693,-2.7686350827506203,1.1620354121496876,0.012510668041017876,2.497403019446841
226,0.7425168799626277,3.618799784984884,-2.876282905022208,0.8557574309413778,0.007843693813637581,2.6587250811973004
227,0.8877706135646036,3.718071969384272,-2.8303013558197563,0.9870359907111386,0.009712156520316536,2.585912560650557
228,0.8139691622869719,3.6815170572190987,-2.867547894932045,0.9593300095181068,0.009017466652305448,2.6113912357417437
229,0.7349608624776834,3.5796139483897726,-2.8446530859120003,0.9058832546974838,0.008671942938874725,2.624723217816739
230,0.6308229710539223,3.50609808427776,-2.8752751132238927,0.9107704212509109,0.008427095358717865,2.6344611236859685
231,0.7903546263615823,3.6220012488413142,-2.8316466224797523,0.9695125044803019,0.009502795682473116,2.593415249887014
232,0.7288039975064663,3.6086841156519047,-2.879880118145593,0.9144866967817693,0.008422075590395246,2.6346633999243503
233,0.7693009922692141,3.6451409809152326,-2.875839988646021,0.9298508845578319,0.008622276620270665,2.626678461033236
234,0.7149094859562325,3.5397019455704215,-2.824792459614173,1.0466184560709815,0.010443325751528912,2.560794006516139
235,0.6042371920002466,3.4501604836766036,-2.8459232916763995,0.8687187587405694,0.008259241672339624,2.641284150765428
236,0.689714555603237,3.5291897153040623,-2.8394751597008963,0.9891787115088122,0.009636185665513292,2.5886182460098355
237,0.6318169034564022,3.4546247276432287,-2.822807824186725,0.9785408517408922,0.009699028926977977,2.5863787455555842
238,0.7983405305744696,3.614359732368229,-2.816019201793665,1.1067471555755188,0.011235432406986002,2.5352898335719214
239,0.6518398451580566,3.5120270894744245,-2.860187244316421,0.93757964326034,0.008859032692177521,2.6174466831030787
240,0.732802066285663,3.5663298383473117,-2.833527772061643,0.9421869399931171,0.009180857769547902,2.605245026582629
241,0.6144832754101713,3.473645104072997,-2.8591618286628773,1.0123251125476627,0.009676584950039055,2.587177076694674
242,0.7457273496836393,3.6253285432057836,-2.8796011935222623,0.8708780105634193,0.007970576948273253,2.6533136447337977
243,0.7395954261739831,3.545601396094804,-2.8060059699207613,1.0669413891556534,0.010899238713604101,2.5459128765857044
244,0.9397542495799968,3.7844511316794835,-2.84469688209947,1.0160792992492733,0.009876042813487569,2.58013944037726
245,0.9287061464921095,3.7400711163473965,-2.8113649698551626,1.0834959950506082,0.011025004566383044,2.5419052829031688
246,0.7950783621019951,3.604505919900903,-2.809427557798813,1.0402852020231061,0.010551271483857918,2.557219171225427
247,0.7094825308706646,3.569563699234473,-2.860081168363763,0.9720123376049612,0.009230288806853578,2.6034048382023576
248,0.7598479403208017,3.619681005769531,-2.859833065448697,0.9268667329107072,0.008747856157710562,2.621753950941948
249,0.6532310782410974,3.53155269008913,-2.878321611848037,0.8441546155930326,0.007705531121808905,2.664707504550789
250,0.765258446686849,3.609117165162408,-2.8438587184755306,0.9344956570435619,0.008990480260255243,2.612415924294472
251,0.7567087174123713,3.6304397905323813,-2.873731073119984,0.9298194417760492,0.008642530194374108,2.6258799141672386
252,0.5306883470564031,3.3688926055258723,-2.838204258469432,0.978595447485545,0.009533033305366591,2.592322598335832
253,0.6996236910974772,3.523218120907788,-2.8235944298103277,0.9457192076070369,0.009323865465673748,2.599945177226583
254,0.6976324439296974,3.5437475783243007,-2.846115134394722,0.9595722065514507,0.009240611525108623,2.603021660808734
255,0.7015110406241462,3.5032070916151787,-2.801696050990927,1.1139346413076643,0.011499171847164796,2.5271520123505273
256,0.9107003625589328,3.7739236583975546,-2.8632232958385657,0.9524946531425611,0.008988248132885537,2.612500802368977
257,0.6506119769239745,3.4929127786954575,-2.8423008017715574,0.9147670873630851,0.008791578272705143,2.6200542394207096
258,0.631852839340118,3.5221133153938076,-2.8902604760537542,0.9238365640680328,0.008420475205991148,2.6347279115728104
259,0.7558839497769355,3.615396823808075,-2.859512874031111,0.8967772454206053,0.008429951109402726,2.6343460966397245
260,0.5308133256327124,3.4168189721740005,-2.886005646541321,0.8512641426317398,0.007711042130476767,2.6644670450503094
261,0.6690663776372417,3.5479546779073527,-2.878888300270205,0.8964049145766708,0.008242609454611393,2.6419669669367605
262,0.6230941048681785,3.4872557035721576,-2.8641615987039586,0.8540406708995705,0.007934946805243839,2.6548253978840184
263,0.6237394359429714,3.501296550767409,-2.8775571148244126,0.9495193090498781,0.008812721113896185,2.619235012151254
264,0.6390415510068038,3.5162397766293574,-2.8771982256224646,0.8495511333451367,0.007771240869577074,2.66185040012744
265,0.8249036362333214,3.662603681876148,-2.837700045642805,1.0568783223851779,0.010408689642788634,2.5619480169830067
266,0.8210944857903456,3.6747702088477383,-2.8536757230573357,0.9068218048424193,0.008593652928945004,2.627809884418861
267,0.6012630515723373,3.4770642532261564,-2.8758012016538714,0.9443892686139157,0.008775985993518793,2.6206595261190997
268,0.7769457321021406,3.6008615763088083,-2.823915844206681,1.0000127446695841,0.00992779998625804,2.5783339552857374
269,0.5925276499301532,3.4902892691186787,-2.8977616191884863,0.8340045980109276,0.00743369253268462,2.6767642275484507
270,0.7004599247181801,3.5702374185238157,-2.8697774938057137,0.9349448645959884,0.008735594455993152,2.622231991505823
271,0.9128899177264799,3.7158774606362512,-2.8029875429098183,0.9817638457894278,0.009954764783091994,2.577396641519592
272,0.8319574118050838,3.6709536930306412,-2.8389962812254907,1.0679934377270803,0.010517977337764614,2.558318288985368
273,0.45064862552634677,3.293183906236799,-2.842535280710422,0.8958196053613938,0.008583783415550534,2.6282007828982112
274,0.6609612685320968,3.495634703775481,-2.834673435243303,1.0386141271728175,0.01023919446424172,2.5676450392365635
275,0.6096425859391189,3.4164212293538356,-2.8067786434146456,1.0597754550172933,0.01080712530807556,2.548874274927252
276,0.6785156006372887,3.540096913559308,-2.8615813129219987,0.915493632587308,0.00860924467107809,2.6271931646031095
277,0.6327797297444618,3.527619417567196,-2.894839687822696,0.8714188289831735,0.00783898787572322,2.6589272887746955
278,0.7029507114262884,3.568405077309929,-2.865454365883693,0.8751720304724588,0.008145265699890603,2.645988203062438
279,0.6944402081725144,3.520058753297324,-2.825618545124712,1.0556388653668896,0.010535742690902064,2.5577314285867776
280,0.7385988684690034,3.576801689089845,-2.838202820620836,0.9404626068383886,0.009113565767000656,2.607764397779645
281,0.5949029762978085,3.459759577972615,-2.8648566016747736,0.9425624095669454,0.008865577410166236,2.617194631621338
282,0.7351890956805306,3.565017032742316,-2.8298279370617365,1.00944296164336,0.009967571686967717,2.576952257201975
283,0.6716583324647359,3.514774837668497,-2.843116505203625,0.902385679628896,0.008649187458891539,2.6256178004267317
284,0.6036297901566655,3.485130565273821,-2.8815007751171606,0.9470456972202692,0.008747618047141479,2.6217632283320347
285,0.5967032198822068,3.4215482065610385,-2.8248449866788405,0.9226391230571562,0.009054515865056255,2.6099889073036793
286,0.6669010932339375,3.5558310198905736,-2.8889299266566013,0.8767443802430921,0.007946631172992831,2.6543289725114123
287,0.6672195593482598,3.5347597591979585,-2.8675401998497136,0.8671991776658907,0.008042238389491961,2.650291354649237
288,0.6627594177065163,3.50220262954577,-2.8394432118393524,1.045714597960057,0.010263916631365378,2.5668088803782645
289,0.5961393277344683,3.4167584733906575,-2.8206191456562237,0.9998038538108824,0.009962253523514777,2.5771367293573944
290,0.8500311406073621,3.6714760475821113,-2.8214449069747616,1.1460636310773862,0.011619756613069862,2.5234863665602516
291,0.8018276691398029,3.6245078491780016,-2.8226801800381054,0.9397329596016708,0.009266811395081523,2.6020508389015413
292,0.9181711744100681,3.723213926023607,-2.805042751613655,1.0980321580622472,0.01127155242424389,2.534165371229703
293,0.6718723354635955,3.501527071176912,-2.829654735713234,0.8835071908751004,0.008575532237924977,2.628527892996241
294,0.7747280513617539,3.5972405663291878,-2.822512514967457,1.023325077384306,0.010206301819137587,2.568760332493689
295,0.7081141499058873,3.508705844160185,-2.8005916942541944,0.9326259498733567,0.009420451039526054,2.59640661160394
296,0.6884545972392203,3.5523118452029947,-2.863857247963665,0.820429885674423,0.007585986276368312,2.6699618622643078
297,0.7616446075806976,3.6162182615597316,-2.8545736539790596,0.965953109385592,0.00922199981066163,2.60371280114781
298,0.5082283363623133,3.3558631035080695,-2.847634767145678,0.872832402344851,0.008287213412534255,2.6401385734474703
299,0.658036487991572,3.505484972278794,-2.84744848428727,0.9406262828646943,0.009020599003441888,2.611272476025048
300,0.5928955123557585,3.473117562643566,-2.8802220502877844,0.8415112653477586,0.007661585607095588,2.6666304946254136
301,0.7663333408853447,3.6147487814750607,-2.8484154405896334,0.9762039725863367,0.009398035465331737,2.5972249478272347
302,0.619757825943671,3.5010333605845143,-2.8812755346408494,0.8415528702723405,0.007652792603356945,2.6670164498662468
303,0.7941394244341978,3.6300140774270075,-2.835874652992743,1.0660353149492905,0.010532591751687357,2.5578354524145595
304,0.6726983425638678,3.5159892247219164,-2.843290882158044,1.008829631815039,0.009811525079864112,2.5824019035806924
305,0.7168764163817428,3.5776640289187687,-2.8607876125369103,0.9599132044232286,0.009092699244637936,2.6085490008615833
306,0.7058778228507577,3.552392256893167,-2.8465144340423194,0.9533289001202783,0.009168382573275905,2.6057108428634455
307,0.38828964490504914,3.2939716160051398,-2.90568197110008,0.7984894217169893,0.0070124619661954355,2.6962518749644224
308,0.5712806704158225,3.4036886006039393,-2.832407930188083,0.9298026589979722,0.009056029947209093,2.609931707688493
309,0.5948909564319734,3.4229567949242825,-2.828065838492421,0.9315433379796376,0.009119907598525231,2.6075262560438053
310,0.696275143464041,3.52889893932713,-2.8326237958630145,0.957594420202001,0.009360400450396503,2.5986028315299023
311,0.785293093242663,3.6893375861198305,-2.9040444928771194,0.8297451832495368,0.007337775528221356,2.681112899066828
312,0.8133231540074263,3.6634502694276896,-2.850127115420264,1.0060498699140963,0.009706180523576885,2.5861247095607762
313,0.9065731914436043,3.707597356783961,-2.8010241653404364,1.0189161980490538,0.010403971623458418,2.5621054769032163
314,0.6052854268801781,3.4283478513082515,-2.8230624244280307,0.9602633639114,0.009491743091904349,2.5938154146626764
315,0.5690147190938347,3.397416067426144,-2.8284013483323633,1.0242077433669863,0.01014916817042937,2.570705195746347
316,0.8535327373275464,3.692411717431708,-2.838878980104141,0.9280465421882851,0.008970732906689934,2.6131674842191503
317,0.721368189279579,3.5821845363479086,-2.8608163470684076,1.038648963409155,0.009945043037104355,2.5777343146823175
318,0.8167819448490178,3.6528991804239435,-2.8361172355749886,0.9116857203492335,0.008819764749015526,2.6189624804764757
319,0.7015570099388156,3.580390466235182,-2.87883345629632,0.9463542102161906,0.008766696485375305,2.621020598429276
320,0.5914957078987214,3.4245501513918852,-2.8330544434933245,0.9388389757699169,0.009148875405927846,2.606440363899517
321,0.6988727808354639,3.516670707131944,-2.8177979262964072,1.0620411190417487,0.010701075786052387,2.552311628067615
322,0.7032957945914319,3.557996058420041,-2.8547002638285903,0.9672120702098987,0.009234323204661905,2.603255036598564
323,0.6616842545866944,3.527111967573487,-2.8654277129868433,0.9605156671004527,0.009051727375738654,2.6100942743452715
324,0.8577638027369318,3.716118124341772,-2.8583543216049065,1.0149771354994597,0.009714201245827718,2.585839999259617
325,0.6733180329884959,3.524718550238729,-2.8514005172503403,0.9983416445962887,0.009608028326840247,2.589625895519481
326,0.813243699171258,3.6285420427867883,-2.815298343615382,0.9559271966497507,0.00952645383040604,2.592560087582786
327,0.8474454075051113,3.6993277170912156,-2.8518823095861308,0.9790928118369071,0.009392897456710847,2.5974127688582427
328,0.5392378999717863,3.416513217655733,-2.8772753176840524,0.8392186791200125,0.007663763327018962,2.666534968334704
329,0.6300316433071117,3.5151041736854585,-2.8850725303784657,0.8948045886676574,0.008168361716439193,2.645030238485967
330,0.6974986984582671,3.5304058216434746,-2.832907123185123,0.9161072678860007,0.008900445918213299,2.615854563840878
331,0.6341830638456173,3.517813809328372,-2.8836307454827192,0.8319127898303993,0.007533396604208672,2.672296882355452
332,0.5061498562148387,3.356194988578991,-2.85004513236413,0.9144324710514384,0.008711111453032641,2.623188294206497
333,0.6296974613840035,3.4873072799332205,-2.8576098185492356,0.9647502969880639,0.009177529455362696,2.605369248536304
334,0.5594090547083311,3.3993204793290768,-2.839911424620709,0.9771362649320472,0.009498664980053514,2.593564755511523
335,0.8592805737199484,3.6982932954790226,-2.8390127217591044,1.0273361926651745,0.010064165225247551,2.5736168639321284
336,0.6742073098006273,3.5269163766695404,-2.852709066868897,0.969198123533499,0.009276618271423185,2.601688080348213
337,0.7731904790614322,3.5768808508345296,-2.8036903717732002,1.1943269675976493,0.01241695485768724,2.500067775970368
338,0.6319250320684574,3.4773649462589966,-2.8454399141905924,0.914780588801805,0.008760486406493729,2.621262167638219
339,0.6312559270593198,3.477643548468755,-2.8463876214094626,0.9936765405630732,0.009610993454997377,2.589519660352741
340,0.5212290781963617,3.3849432118679483,-2.8637141336715786,0.903208150317881,0.008457990056519241,2.6332185603833724
341,0.5765992986625775,3.4602116522691797,-2.8836123536066225,0.8713581386041138,0.007939206721075485,2.6546443341029113
342,0.7781264108142437,3.645526592380054,-2.867400181565813,0.9889005481272632,0.00933566976667244,2.5995109585469343
343,0.7966280184976909,3.6426791698475713,-2.8460511513497977,0.9528679379454892,0.009168151531606892,2.605719475154092
344,0.6542814262464759,3.4981553729880406,-2.843873946741496,0.9541706165566195,0.00920493792528222,2.60434748359928
345,0.47627511350753193,3.3331579881162834,-2.8568828746088,0.8694975362457997,0.008164931862586931,2.6451723467831787
346,0.649189365641169,3.4829410944175616,-2.833751728776406,1.119603471709538,0.011162536846710697,2.5375689770326972
347,0.760949892359568,3.5789329339011924,-2.8179830415417655,0.9694823425201564,0.0096498927202235,2.588128669614975
348,0.8406391650813617,3.6598961593120074,-2.8192569942307273,1.0528559239247723,0.010579033423192627,2.5563050406826635
349,0.5569262050074627,3.414095553813557,-2.8571693488059964,0.882982349804811,0.008305498988697159,2.6393915597075153
350,0.5370922252176257,3.3801914690601946,-2.84309924384263,0.9740327985675818,0.009430586611676303,2.596037157475363
351,0.6710016076447033,3.499530154198595,-2.828528546553912,1.00664739221603,0.009950788267651972,2.5775347254844596
352,0.6798324042590508,3.5226660217207937,-2.8428336174617925,1.0150593239366748,0.009885390764072393,2.579812725860317
353,0.7773526354834445,3.5702107282269187,-2.7928580927434723,1.0822335584951013,0.011239337907073883,2.5351680957003606
354,0.8869038736485123,3.6779497247104254,-2.7910458510619947,1.0748255447496708,0.011174950131526688,2.5371799327650266
355,0.6761264641172516,3.533536650631706,-2.8574101865143575,1.044053628757714,0.010042074637822257,2.574377133527659
356,0.49887244444072676,3.3853785979283546,-2.8865061534876304,0.9353890110208121,0.008576658455941175,2.62848322857565
357,0.8365584424662899,3.6593202000219827,-2.8227617575557815,1.110636692053574,0.01119632553620637,2.536510905684235
358,0.8227334345274272,3.6452531787464912,-2.8225197442191075,1.0626825108924551,0.010652224635676928,2.5539052266815117
359,0.4319155391647115,3.317050873022455,-2.8851353338576473,0.7964242272286186,0.007158997745133456,2.6893562293385602
360,0.7126055278204063,3.5558538245921327,-2.8432482967716624,0.9796802561467755,0.009491005693815538,2.593842127328119
361,0.6669712247154308,3.5623202588443417,-2.8953490341289125,0.8412755162460885,0.00752788024945552,2.672542658790868
362,0.6707526996865368,3.5501411511318675,-2.8793884514452657,0.949158003890604,0.008790731841653174,2.6200870729406396
363,0.7247570794208883,3.5654753825938914,-2.8407183031729346,1.0218465781995005,0.009984073480966776,2.576380413857629
364,0.7593203646269927,3.567688843162355,-2.8083684785352716,1.0807176463636965,0.011029661908079746,2.5417576557601653
365,0.609871413180818,3.4529512605890367,-2.843079847408262,1.0285998373279353,0.010032496085163876,2.574707251994118
366,0.6881172600941369,3.502011309648123,-2.8138940495539373,1.0307066556979305,0.010389401049102161,2.562592158970194
367,0.7217586515827094,3.5470608929467784,-2.82530224136417,0.9789424810806464,0.009676327534124021,2.5871862425359264
368,0.7004240506132561,3.5589110124512637,-2.8584869618379116,0.8995990427089553,0.00846984362969935,2.632742895105385
369,0.8191824638448594,3.6250820725004425,-2.8058996086556363,1.026466283021208,0.010433991280015192,2.561104678070607
370,0.6358797331888496,3.4934658729589185,-2.857586139770092,0.9485373264118855,0.009002964820649013,2.611941537566158
371,0.835410311887918,3.6731858252955436,-2.837775513407678,1.0403110298334708,0.010222714801132933,2.5682034170300416
372,0.6522668804418487,3.4609614898191094,-2.808694609377312,1.0285579161184226,0.01042537016942318,2.5613918271595826
373,0.6648226158848644,3.543080867449493,-2.8782582515646027,0.9983824577850466,0.00932337860610671,2.599963096781123
374,0.6779336372646781,3.531970393811522,-2.8540367565468614,0.9341037185598764,0.008883362510043957,2.6165105269250484
375,0.471891321848139,3.3403194826820344,-2.8684281608339006,0.8802504991607072,0.008171066466743792,2.6449182108855376
376,0.7990976045937174,3.6496019232634382,-2.8505043186697776,1.0907773837527213,0.01063679826469699,2.5544098085245293
377,0.6702472876730695,3.5605515309991387,-2.8903042433261135,0.8378943539213917,0.007536958854952919,2.672138255076935
378,0.758554142750873,3.602332996029857,-2.8437788532788772,0.9096178150191148,0.008721016840178508,2.622801102214012
379,0.5134881829036345,3.367027411234098,-2.853539228330419,0.7840513335253485,0.007294374508775746,2.683097389137326
380,0.7921797822044624,3.653903972462896,-2.8617241902584283,0.9148214286156287,0.008600689476277524,2.627531435258117
381,0.7674893542757587,3.595670514524182,-2.828181160248505,1.109420968516818,0.01111550164251632,2.5390466006608805
382,0.7910485289471495,3.565862522530805,-2.7748139935837344,1.1581196101820506,0.012378522195938968,2.501165770760088
383,0.7649879929471041,3.5775831004119856,-2.812595107464972,1.057004568175408,0.010705501215399454,2.5521675835859976
384,0.7004812162289141,3.5277570840212022,-2.8272758677923093,0.9448220357112325,0.009275200145361534,2.601740515978198
385,0.5278598751467513,3.4010084483159457,-2.87314857316926,0.8771357634862325,0.00809473220014819,2.648092713854094
386,0.6166983133743912,3.4494664442549072,-2.832768130880595,0.9457009480343048,0.0092275054947733,2.6035082196903896
387,0.8240221568779503,3.694911852639923,-2.8708896957620027,1.029113347082086,0.009731028470404798,2.5852433662200833
388,0.6695769364067615,3.5486106694477733,-2.8790337330410694,0.9609171891426338,0.008918285619578399,2.615170760154116
389,0.5502996857295471,3.430367405632874,-2.880067719903195,0.8891657319589359,0.008156221316847626,2.6455334889864575
390,0.5861490636716468,3.4655466731264615,-2.879397609454827,0.9187379067769719,0.008471175283472947,2.632689495132267
391,0.7800184194918444,3.649250849716021,-2.8692324302242014,0.9361758097318513,0.008754042703876672,2.621512986513775
392,0.7274164177304016,3.570339822938299,-2.842923405207898,0.8803215315125903,0.008412565719660552,2.635046904839447
393,0.7882641523337867,3.6026516617864988,-2.814387509452672,1.0776260345878765,0.010920590740980346,2.545229596811733
394,0.6108109784099639,3.4487276652543506,-2.8379166868443235,0.9728695009800679,0.009472930265468285,2.5944974994678556
395,0.7473859087580109,3.572094159757756,-2.82470825099972,1.031906533971013,0.010278047320179898,2.5663317537900405
396,0.6718890358046025,3.4767379704666586,-2.8048489346620045,1.0161710840258595,0.010327947689297722,2.5646515123848426
397,0.7371057002718459,3.589356323019351,-2.8522506227474196,0.9354631763740069,0.008916001542679323,2.6152582416025867
398,0.7304125500556807,3.5815389406777363,-2.8511263906220847,0.9924002569960768,0.009546058847892214,2.591852866041848
399,0.7588443651902622,3.593261131217298,-2.8344167660269477,1.0458246057881562,0.010322874956837404,2.5648219907277383
400,0.5833226970626043,3.4533520614328945,-2.870029364370339,0.8586191038073854,0.007929758073280911,2.65504605777119
401,0.5954193398368858,3.461612558031676,-2.8661932181946668,0.9519368512550539,0.008952232998610293,2.6138729095343622
402,0.7971719175162576,3.617458941516292,-2.820287023999981,1.0214189089500665,0.010210180555642028,2.568628649627867
403,0.6702899858113284,3.5116292560359326,-2.84133927022458,0.9425630551524717,0.00910426979024207,2.6081137379382215
404,0.7796985328953866,3.6016384849356737,-2.821939952040225,1.0206572655318866,0.010182696881836574,2.5695626805695873
405,0.60128375205135,3.4838732936465804,-2.8825895415951663,0.9673337331481298,0.00895019844375246,2.613950569174746
406,0.8350521669213918,3.7077948736884507,-2.872742706766985,0.9963553001960235,0.009359525119827886,2.5986349376842135
407,0.6895085072650232,3.5355576584777038,-2.8460491512125827,1.0474417861137084,0.010207687247127619,2.5687132921849143
408,0.9142137641344931,3.744599341971812,-2.8303855778372053,1.020897958165159,0.010089565384552487,2.572744526715338
409,0.5723654892393512,3.4046389194032405,-2.8322734301640367,0.8974064857291828,0.008701871246774568,2.6235498398008743
410,0.7984886733487343,3.62087890073191,-2.8223902273831527,1.0544092732252126,0.010559765594319176,2.5569392547037975
411,0.6127662161561517,3.4475648557621175,-2.8347986396059923,0.9452550225024923,0.00920145007771308,2.6044773567459663
412,0.6281951465418757,3.4748138988622235,-2.846618752320296,0.9438715944989102,0.009064349681882142,2.6096175536279587
413,0.6381387475461139,3.471092682096446,-2.8329539345502326,0.9985850332099149,0.00981170171770743,2.58239569129185
414,0.6409504429960776,3.4927463067499454,-2.851795863753864,0.8554375384128243,0.008062666340370764,2.649434231433887
415,0.7770464282367499,3.6178623405144985,-2.8408159122776624,0.9705068570308062,0.00941608209493969,2.5965659744013903
416,0.7131882425185182,3.5903471286132,-2.877158886094776,0.9495308208271078,0.00881680183193582,2.6190770976856346
417,0.7047443928306535,3.519515980648809,-2.8147715878183135,1.0702067091702494,0.010830798482167003,2.548111058863291
418,0.7103102370131097,3.564833716733077,-2.854523479720001,0.9913702643762297,0.009498510695873678,2.593570340758274
419,0.8478508747518759,3.6487428029253954,-2.8008919281735416,1.0122320435973529,0.010328460107853418,2.564634295777365
420,0.6766347268834266,3.568706430755172,-2.8920717038718067,0.9342476911497419,0.008511078444744368,2.631092830989831
421,0.6342018915547584,3.4877510420601934,-2.853549150505387,1.0048222665175168,0.009655618502537218,2.58792434476432
422,0.7728777454059269,3.593780794819191,-2.820903049413346,0.9246328299298754,0.009117240349775952,2.6076263957234724
423,0.678883548917716,3.4730132546171775,-2.794129705699447,1.1082822833630421,0.011529401068416694,2.526229884588844
424,0.8178738074569679,3.6357113471896487,-2.8178375397326363,0.9950192458478204,0.00993934117979077,2.577932498673172
425,0.6757609775269117,3.5489904864283113,-2.873229508901318,0.8056656990560787,0.007352689788799358,2.6804333826516666
426,0.6517954178362885,3.4913628599594984,-2.8395674421232115,0.9794768268541443,0.009528139996445518,2.5924992106897133
427,0.6042554805154537,3.4642719767613808,-2.860016496245862,0.9655531747333823,0.00916133389590026,2.60597428640057
428,0.6493710358943104,3.4964483066646923,-2.847077270770342,1.043358894442441,0.010150814082739953,2.5706490317122124
429,0.7573688852626134,3.5937293505327585,-2.836360465270218,1.01230038076113,0.009926623766669373,2.578374893038087
430,0.6565425015366969,3.472791123807531,-2.816248622270791,1.010150168720412,0.010128515603646285,2.571410620586171
431,0.7798403468504972,3.581322497567753,-2.80148215071722,1.142097735877005,0.011831835344006458,2.5171205066588778
432,0.5714680757969205,3.4193666942285854,-2.8478986184316,0.9641424759760213,0.009271856944174681,2.601864160147661
433,0.8680395708449765,3.6755788731739503,-2.8075393023289053,1.1369411746086286,0.011692860131538668,2.5212804996765636
434,0.7282653393345896,3.586616371953132,-2.8583510326185433,0.8928361767865709,0.008399119574862139,2.635589810265446
435,0.6437785782903717,3.506522734252824,-2.8627441559625595,0.9306800744635608,0.008759775811917099,2.6212898191953395
436,0.6033490485666476,3.418998705139368,-2.8156496565726457,1.0484604396459651,0.010571473149713727,2.5565537697831444
437,0.6053993980523188,3.4534926549937865,-2.8480932569415245,1.0434130401076809,0.010139911683511502,2.5710212091806652
438,0.703803676868111,3.562007673850441,-2.858203996982297,0.9859772082710454,0.00940089408033159,2.5971204901843525
439,0.7109159484483513,3.5609381040877,-2.8500221556392944,0.9516434926392092,0.009113870319080912,2.6077529581816763
440,0.5228890908143654,3.3793830517581287,-2.8564939609436806,0.9546556239428248,0.009080049579200345,2.6090254244858753
441,0.7084050540217873,3.5185984657384473,-2.810193411716682,1.0180534676091082,0.010287774235418788,2.5660036609921826
442,0.7943614371872542,3.6425873837643796,-2.848225946577145,0.9876349322199416,0.009525020743174059,2.59261183493966
443,0.6516899723229613,3.4977852859150924,-2.8460953135921727,0.8800801237537503,0.008379636204160452,2.6363778573988634
444,0.624917717343115,3.4908741942426977,-2.865956476899669,0.8984556938589372,0.008386222139184168,2.636111291794998
445,0.8225893905117715,3.598843571769708,-2.7762541812578547,1.1186267372552336,0.011884110664903217,2.5155669408829118
446,0.715572900433122,3.5170094968427876,-2.801436596409758,1.0451079655684077,0.010701713648981358,2.5522908628301524
447,0.7565109224160466,3.615302127284201,-2.858791204868112,0.894435784445887,0.008411939934346179,2.6350721545022155
448,0.7949412813961686,3.6438017304734784,-2.8488604490773923,0.8831538979479863,0.008386255434714501,2.6361099446347818
449,0.8250818935389276,3.6382653957518376,-2.813183502212837,1.038531656247631,0.010487041528612196,2.5593423299114715
450,0.9019246018580048,3.734580104963143,-2.8326555031051157,1.0830701257059263,0.01076247010493307,2.5503180000445735
451,0.7211701806527259,3.564904661256922,-2.843734480604212,0.9274011285579347,0.008914536487339308,2.615314364595925
452,0.6953693682124736,3.5316705450935175,-2.8363011768810793,1.008643047248575,0.009886616770049516,2.5797698968934277
453,0.5559734791310035,3.4289328247962607,-2.8729593456652083,0.9314923941456343,0.008667748574699367,2.6248879523496678
454,0.7047490579601486,3.5533876764236747,-2.8486386184634966,0.9823899778514069,0.00946325204037456,2.594848867540537
455,0.7343387528512636,3.579066115155046,-2.8447273623038427,0.9186028310099612,0.00880901089211552,2.619378645969785
456,0.7135088825765393,3.6210006477342627,-2.9074917651576015,0.8810020399077896,0.007823580476906336,2.659590084913521
457,0.6020325167514698,3.463285053884283,-2.861252537132941,0.8838187908849306,0.00827585784882452,2.6406032206225882
458,0.5767116888782681,3.467255795188437,-2.8905441063102444,0.773370639783117,0.006882696177861592,2.7024672632198166
459,0.6742802847345416,3.564660541936411,-2.890380257201855,0.9223002540687677,0.008403413184190408,2.635416365824464
460,0.7085219449723951,3.5438539086643686,-2.835331963692056,0.960303981023777,0.00936173584537929,2.598553855883047
461,0.7951339071079161,3.6512846889977166,-2.856150781889937,0.8522822886132744,0.00798926649265867,2.652523083305171
462,0.6197649312335812,3.47799334678875,-2.858228415555118,0.8364500616162642,0.007803431433294915,2.660458624155986
463,0.8160417653755218,3.6594469923170903,-2.843405226941627,0.9215379582434591,0.008854108741095193,2.6176364249620048
464,0.6971692963253332,3.5504692793571704,-2.8532999830318886,0.9077536635389589,0.008607315806876509,2.62726940525399
465,0.7768513992825689,3.6609673206345525,-2.884115921351963,0.8598417088160821,0.007815933592406468,2.6599194732397327
466,0.6798154804252959,3.5618031259559886,-2.881987645530671,0.7838210230594611,0.007056857232113405,2.694149178189965
467,0.9204239729299303,3.79119627811567,-2.87077230518571,0.9714679459258644,0.009114115564339003,2.6077437465170834
468,0.6799745734891672,3.5198981177892494,-2.8399235443000634,0.98223396827116,0.009554715952452131,2.591540986157353
469,0.5219800117881647,3.366612069192207,-2.8446320574040556,0.8227627933071693,0.007779975670238504,2.6614722365200456
470,0.7572766713479865,3.5830810722779964,-2.8258044009299965,0.9632586438771389,0.009495805754891548,2.593668275563273
471,0.643930255796127,3.4910176701720306,-2.847087414375892,0.9338100420053097,0.008950267868514359,2.6139479189485253
472,0.7515358430844031,3.5791443958422016,-2.827608552757738,0.9894064057278269,0.009768088906192693,2.583932572126344
473,0.7400711425702781,3.60546198932555,-2.8653908467553038,0.9155211847224614,0.008572453188063982,2.6286500310969267
474,0.5857836979625887,3.4267089011203278,-2.8409252031577807,0.8945899332189544,0.00858617757933793,2.6281059211649644
475,0.7125560025310648,3.533113478848167,-2.8205574763171626,1.0546676327682012,0.010584306077773305,2.556131666626846
476,0.789155808890078,3.607742987858946,-2.8185871789689827,1.1275980434400958,0.0114433905369367,2.5288592566231354
477,0.5958849559478864,3.4378718553531233,-2.841986899405242,0.8148209387282375,0.007718932853059574,2.664123020491689
478,0.678292477444748,3.521460584614817,-2.8431681071699586,0.9250853899371649,0.00889506057531888,2.6160612269927115
479,0.5330738483577221,3.3851040820139473,-2.852030233656251,0.8352428807843997,0.007846214730940711,2.6586168056018202
480,0.5621618312173865,3.4217022982985896,-2.8595404670813878,0.9425719623491973,0.008919067533774621,2.615140816992143
481,0.7216041280083715,3.592142078395113,-2.8705379503867334,0.8669289229731199,0.008011978964598243,2.6515645794718696
482,0.7691255027049152,3.6429577606888546,-2.8738322579839632,0.9530461740002822,0.008887196016018173,2.6163632312294705
483,0.70234215405832,3.5896996190542816,-2.88735746499583,0.8568364492291414,0.0077562660186480375,2.6624996069272653
484,0.6802623694768414,3.502443186131534,-2.8221808166546225,1.0082676363775305,0.010040145410604223,2.5744436005046745
485,0.6508883460080511,3.503118288751391,-2.8522299427432927,0.9019979081972966,0.008555978806854854,2.629304195105821
486,0.7419444733471806,3.590622807901515,-2.8486783345543927,0.8871204221635316,0.00843056960075785,2.6343211889604903
487,0.5415000310183501,3.383562016475811,-2.842061985457349,0.9055173314885687,0.00869351841262282,2.6238769601782534
488,0.704616419540676,3.5877208901406017,-2.8831044705998465,0.8346795792268678,0.007566292230182585,2.6708345875814667
489,0.6521855501285841,3.4646070738412615,-2.812421523712601,1.1260681981351834,0.01150390378990688,2.527007524810993
490,0.5737845879923412,3.456469136559899,-2.8826845485675676,0.9202437032515154,0.008455428278138633,2.6333214388640767
491,0.599986712588921,3.4621935320515917,-2.862206819462699,0.9139234680524049,0.008586426169542105,2.6280960728608105
492,0.8188459123120907,3.642388250497351,-2.823542338185348,1.0098972987291335,0.010043175848519393,2.5743391990065496
493,0.8154137024950984,3.637478855986408,-2.8220651534912804,1.0365404678119088,0.010360929389596289,2.563544916550395
494,0.6445984081183184,3.4702812004593437,-2.8256827923411265,0.8671019860035827,0.00843446693015377,2.6341642745846454
495,0.8010996179037789,3.6074899650060908,-2.8063903471022513,1.0981602503865,0.01125619978011144,2.5346429271254283
496,0.5919669548381904,3.444125373660239,-2.8521584188220004,0.8451117100027972,0.00794965988512177,2.6542004004738726
497,0.6896463256355133,3.5456492119366234,-2.8560028863010984,1.0328173586566343,0.009934761114777885,2.578091765000503
498,0.7987920748168932,3.632651419726145,-2.8338593449093423,0.8525692362296704,0.008198527641269467,2.6437826762806016
499,0.6909601187760387,3.527096155669938,-2.8361360368938904,0.9462564827146296,0.009198568953109046,2.6045846711580745
500,0.6837121082737582,3.5426537230696886,-2.8589416147958673,0.9450493689657562,0.008951714195750029,2.6138927109159424
501,0.7691291760399878,3.5926435073529324,-2.8235143313130493,1.0644356882950123,0.010660342567366737,2.553639957797925
502,0.6405755226964999,3.473814834820361,-2.8332393121237374,0.9319332969484986,0.009070944808569355,2.609368703821476
503,0.584029230478896,3.4320473868605252,-2.848018156381613,1.0095062218030355,0.009767120394940286,2.583966771048485
504,0.7449433995336591,3.563759048675981,-2.8188156491423797,1.0387661048714745,0.010423915465061034,2.561440300800839
505,0.7977885469497238,3.6389423145122914,-2.841153767562446,0.9308499556149177,0.00897823925695365,2.612881627883364
506,0.769390109592328,3.5924695373211253,-2.8230794277287714,1.0330653822237643,0.010309885283161815,2.5652588723299035
507,0.7739410025056855,3.635328144332138,-2.8613871418264125,0.9981959483264944,0.009499418981428745,2.5935374610463415
508,0.7698827181959501,3.561769638666815,-2.7918869204709154,1.087008040987994,0.011307596876224247,2.533046446461704
509,0.8006734623623885,3.624194129274874,-2.8235206669124864,0.9359543185447747,0.009215980331029345,2.6039365991101144
510,0.6920859956496684,3.5362353121983063,-2.84414931654851,0.9646612468847051,0.009316790251962028,2.6002056725981793
511,0.7570366147565352,3.5817955799485115,-2.8247589651919043,1.0032367956693813,0.00995461887626767,2.577401707246048
512,0.6809417489353023,3.5210505643866177,-2.840108815451231,0.9589556551578755,0.009296638412273005,2.6009485919646136
513,0.6557377438281179,3.579741879274223,-2.9240041354461255,0.774779054797341,0.006636089803239435,2.7145748710199924
514,0.6807841528727664,3.5610815684670825,-2.880297415594214,0.8700647492233005,0.007955833791896972,2.6539384473908543
515,0.4688287039815492,3.327385068816272,-2.858556364834726,0.8545761569972137,0.007991558370289786,2.652426251675957
516,0.5160685139857065,3.3671562442613365,-2.851087730275708,0.9356717762697251,0.008929988086501861,2.614722862666101
517,0.6450029007581776,3.4915418990867493,-2.846538998328583,0.9282825871419029,0.00889583810199196,2.6160313824154424
518,0.6530545629557224,3.5084376438196823,-2.8553830808639304,0.8798263332585861,0.008288781138640702,2.6400744699577507
519,0.6766483098235682,3.508862599028348,-2.832214289204785,1.0011096094181484,0.00984798641923729,2.581121679449859
520,0.6259149756533503,3.505437266591786,-2.8795222909384393,0.9293943064442107,0.00858166335715222,2.6282848037560753
521,0.7495872572817376,3.564315239090082,-2.814727981808346,0.972133395363588,0.009715279449348371,2.5858017424187816
522,0.6633445720707328,3.482215375955627,-2.81887080388492,0.9993343997059014,0.009976525083298125,2.5766418869816783
523,0.6733423567286451,3.529095038776276,-2.855752682047637,0.8978479583210603,0.008477474802362097,2.6324369830231555
524,0.6554279944343676,3.520314222897151,-2.864886228462751,0.8385547830649545,0.007766195505077779,2.6620690072096638
525,0.6217655222292165,3.4858034708310908,-2.86403794860189,0.9217436629836282,0.008651784593803087,2.625515593395886
526,0.5795389007564523,3.4326180694294313,-2.853079168673048,0.9669564681497318,0.009248423286523368,2.602731943506476
527,0.6368628894679119,3.480103306024404,-2.843240416556455,0.8868846548252183,0.008480348299506172,2.6323218564845403
528,0.5309669539117209,3.424226965762078,-2.8932600118504297,0.9876763118511263,0.009055807105718924,2.60994012574961
529,0.6123627620363464,3.456960854668782,-2.844598092632509,0.9278257225382713,0.00891043875553654,2.6154713832934817
530,0.6367488832346367,3.497836188410703,-2.86108730517617,0.9314840951138534,0.008784804189310326,2.6203170889820853
531,0.6367444953875662,3.511446635492655,-2.8747021401051143,0.8914337921657367,0.008229834114899272,2.6424922812129075
532,0.42796415028055035,3.2790188081919047,-2.8510546579113907,0.9690356834301577,0.009292147749110623,2.6011143408789743
533,0.8099718313783256,3.6260443181103867,-2.8160724867319686,1.02215507781392,0.010266844218243433,2.5667099816053467
534,0.8495985738887754,3.70061000034752,-2.85101142645874,0.9011655997593166,0.008558884003391717,2.629188753952626
535,0.5822752007226114,3.498228665840625,-2.9159534651180365,0.8089820051647081,0.007033482404626047,2.6952547966272347
536,0.6819479767573199,3.526547109134865,-2.844599132377539,1.067225710974939,0.010444070436013708,2.5607692324361926
537,0.5838080390532155,3.393381883363746,-2.809573844310421,0.9970628692537722,0.010055335693844035,2.573920562595302
538,0.7652626215410606,3.6284248099736796,-2.8631621884327387,0.9857774280572671,0.009346526253506982,2.599112037223821
539,0.7457136931033034,3.6152838368163356,-2.869570143712963,0.9824234674779648,0.009243590153665212,2.6029111656837025
540,0.7739038264776269,3.628104922832152,-2.8542010963544726,0.9352729379816753,0.00889431038429835,2.6160900245273724
541,0.8601550662569849,3.6589539004916793,-2.7987988342347307,1.109238350324915,0.011481090978102211,2.527704589252818
542,0.9242264148591545,3.7429138478273285,-2.8186874329680904,1.0793453905628652,0.010888165389943657,2.5462676992555076
543,0.565360085876128,3.4414322855964685,-2.8760721997203973,0.8725491096160352,0.008020072008320923,2.651223627520427
544,0.47744788696888063,3.3394377129834454,-2.8619898260145646,0.7864658089885097,0.007248715639846143,2.6851965870606658
545,0.6929290739379809,3.5505709430156833,-2.8576418690777246,0.9334366842742199,0.008840061631069113,2.61817824145278
546,0.7930031269114494,3.646122512307309,-2.8531193853957575,1.0098341575837255,0.009715043030992191,2.5858101306961156
547,0.7662017860466136,3.6007418983193538,-2.834540112272748,0.9984720390343202,0.009792992953029414,2.583054226159443
548,0.7143318445557639,3.590183079751562,-2.875851235195796,0.9224229679034588,0.008543996630223457,2.629780690611467
549,0.764503226645607,3.617702108699444,-2.853198882053789,0.8788309216013643,0.008298796912476526,2.6396651861183185
550,0.6792525515614812,3.52043428193585,-2.8411817303743874,0.9232406200102994,0.008894990592120528,2.616063913341513
551,0.6612051969908549,3.526570362370997,-2.865365165380126,0.9665875390911278,0.009117403544771694,2.607620267949344
552,0.8992227155468896,3.7323772601517704,-2.833154544604781,0.9873623620770151,0.009684683138715743,2.586888834377353
553,0.7573797782983916,3.5871715432181435,-2.829791764919719,0.9852518553598477,0.009697836312131787,2.586421125358885
554,0.6451955014371066,3.499262081739411,-2.8540665803022875,0.8771899045773526,0.00827310871286398,2.640715795585249
555,0.7164322108648008,3.5555601103753545,-2.839127899510686,0.9850228566751467,0.009594049855441737,2.590127112867401
556,0.5556039005813233,3.4087671855666684,-2.8531632849854986,0.878499023289089,0.008295591705478163,2.6397961153520813
557,0.6748856623823855,3.4974232177024382,-2.822537555320082,0.9930551579351241,0.009864922450219369,2.5805284604414083
558,0.736403333964509,3.5951325682276134,-2.858729234263137,0.9782323454856408,0.00931155442269219,2.6003985591363947
559,0.8057777850682356,3.6544674064443936,-2.8486896213761383,1.0054912389560462,0.009715702067360683,2.5857867481096193
560,0.7922321151731836,3.6519248972045983,-2.859692782031516,0.9688078887161602,0.009199759950982316,2.60454030594224
561,0.7438222869682164,3.5621672526909696,-2.8183449657227584,0.9709452846609408,0.009662406440995308,2.5876822566953255
562,0.6794958543849731,3.5117304730580927,-2.8322346186731693,1.0146992823737855,0.009999415741514492,2.5758495070091976
563,0.6745274288547222,3.496720880504022,-2.8221934516493548,0.9169253956680739,0.009018344593467049,2.6113579458340976
564,0.619255156480213,3.448141608585629,-2.8288864521055075,1.0378071920714949,0.01029651005655502,2.565709233451553
565,0.5841045021162387,3.427730773972678,-2.843626271856465,0.8801182756044907,0.00840364335679546,2.635407070021358
566,0.712639755667729,3.5674805284193503,-2.8548407727515723,0.8900491571983893,0.008402933849559579,2.6354357250727056
567,0.5435628937482221,3.4147063486528126,-2.8711434549046544,0.8436749808921689,0.007764021634675149,2.6621632365543793
568,0.7545562734680885,3.630639528994523,-2.8760832555265097,0.9373253010657527,0.00869865954936742,2.6236755856458647
569,0.6341909478464828,3.508546724386728,-2.8743557765402556,0.8703327320358394,0.008012657555040043,2.6515359792841173
570,0.5998154550095393,3.468219517840607,-2.8684040628310186,0.8863291553305102,0.008235206850902245,2.6422712686956022
571,0.8848676516168922,3.7196229660454594,-2.8347553144285484,1.0773243246966735,0.010672689112327634,2.5532368550743456
572,0.5600345586645886,3.4360609480858675,-2.8760263894213267,0.9041843672169936,0.00835087693045947,2.637544088889196
573,0.9524511161920287,3.7986903280963094,-2.846239211904276,1.0115015689804545,0.009808576295487526,2.5825056259790102
574,0.549608508697807,3.430552264366122,-2.8809437556683406,0.8514917692748405,0.007758078444010693,2.662420972887906
575,0.6639011380319658,3.4806378964871585,-2.8167367584551357,0.9673954171990142,0.009639960711989736,2.5884833503404954
576,0.6855078915123073,3.5210914558403954,-2.83558356432809,1.0229080016212455,0.010053440801989546,2.5739857698395348
577,0.6570025586516891,3.5136508602385654,-2.8566483015869153,0.9403600746022258,0.008924446370971785,2.614934899604201
578,0.7516189730091497,3.5858605307893536,-2.8342415577801603,0.9845362640422177,0.009641500036912906,2.588428358370987
579,0.6419996579777404,3.4789893700239296,-2.8369897120461474,0.9594082747127795,0.00933438471818501,2.599558205011356
580,0.8186991021604996,3.693787453347681,-2.8750883511871734,0.8803359905900892,0.008110268333511476,2.6474444492363163
581,0.6820682917765367,3.57372167822612,-2.891653386449434,0.9017011663411716,0.008178589865055211,2.6446067749697004
582,0.7438016484293172,3.6036913072266183,-2.8598896587973286,0.930300755302953,0.008784043074621911,2.6203466332474243
583,0.6371309175083212,3.4686084835007382,-2.8314775659923725,1.029547931812933,0.010174119354331063,2.5698546468575367
584,0.6704456004060745,3.550430535464081,-2.879984935058019,0.9693523369259847,0.008997793923853274,2.6121379493294903
585,0.6147775443193865,3.433265930904708,-2.8184883865852726,1.0834171776250574,0.010937176834087802,2.5446996491054743
586,0.5980756859406625,3.4320692988772623,-2.833993612936638,0.9101496641177924,0.00882422266267179,2.618790095757352
587,0.6409181494333239,3.482526240843763,-2.8416080914104214,0.8792368471804775,0.00841346241497048,2.6350107272217635
588,0.8974793000070264,3.7363544266289215,-2.8388751266219288,1.0092594169196105,0.009864968033986503,2.5805268650019006
589,0.7108338808216018,3.5236613329930973,-2.8128274521715184,1.0306116972524284,0.010400719162773112,2.5622140620399727
590,0.7731706830896797,3.610894210544514,-2.837723527454841,1.040616956023943,0.01022672185047136,2.568067573127173
591,0.73022775191736,3.544973542943334,-2.8147457910259845,1.0480762930973924,0.010577751982576976,2.556347188288427
592,0.592041704760723,3.4399780385897336,-2.8479363338290113,0.9493453367369575,0.0091103551427427,2.607885016149278
593,0.6736461730549678,3.490060279997724,-2.816414106942716,0.9340285068050127,0.009268837188465336,2.6019758762862755
594,0.8807179907124606,3.713899583100225,-2.8331815923877457,0.9985726686634049,0.00980905720880963,2.5824887081348415
595,0.6988202717048949,3.544028600446508,-2.8452083287415917,0.9367742903940042,0.00900154847935431,2.6119953259693443
596,0.8053628044882458,3.6141180854962154,-2.8087552810078478,0.9691543084443497,0.009747063345867592,2.5846756820567522
597,0.6900548416953057,3.579951374487941,-2.8898965327925907,0.933573289318153,0.008525008760141242,2.630537006669283
598,0.620679941943527,3.425388768994569,-2.804708827050945,0.9867909861983875,0.009992933044924338,2.576073747042877
599,0.6292968046877746,3.5077025175049177,-2.878405712817198,0.8582656349716262,0.007850678090346633,2.6584251768365306
600,0.5844167423721188,3.411963748582312,-2.8275470062102386,0.9115248089931702,0.00890418458924456,2.6157111575862473
601,0.8698204475305061,3.6984522072590758,-2.8286317597285233,1.0846433407619709,0.010828516817936179,2.548184554429166
602,0.768452183732839,3.620883299220727,-2.852431115487775,0.9770805368632627,0.009365208372801602,2.598426530015958
603,0.7626562754704679,3.5605330799926365,-2.797876804522275,1.0561670798363763,0.010872915926755286,2.546756863347212
604,0.7266268296725599,3.5575433264886818,-2.830916496816144,0.9778818800156599,0.009603593170879771,2.5897848536903383
605,0.847912500679277,3.6796125325098434,-2.8317000318305645,1.0305798400349118,0.010183152757273146,2.5695471693759004
606,0.6182097679599025,3.472037139076146,-2.8538273711162674,0.9843883501998234,0.009429947880410556,2.5960604295599112
607,0.7262829110562649,3.5357074685702092,-2.809424557513921,1.036778002973547,0.010511072255813388,2.55854662934468
608,0.6883215353462816,3.516962212269615,-2.828640676923328,1.0213348044449972,0.01011419575770987,2.5719004924478086
609,0.6222321256224091,3.4822791167900244,-2.8600469911676782,0.8970946645956626,0.008428213461263337,2.6344160833779395
610,0.810577367660349,3.6512102643145252,-2.8406328966541423,1.0362485833540895,0.010144970515765635,2.5708484704893375
611,0.9283920556864501,3.7410089781464175,-2.8126169224598243,1.1636311027496453,0.011937777165482678,2.5139783217184304
612,0.7470966254462524,3.593749840130448,-2.8466532146841246,0.9554530981626517,0.009190094882039113,2.6049004822779858
613,0.5526537759798117,3.3963301565207282,-2.843676380540842,0.9697365076894777,0.009377356940408978,2.5979814141968567
614,0.8704485831373091,3.6785717450356166,-2.8081231618983793,1.0682478235621238,0.01088864296935165,2.5462523895553306
615,0.6691257124823465,3.5477240030132307,-2.878598290530931,0.890973942611951,0.008188692917870409,2.644188955695254
616,0.5606019452842389,3.4318643259976205,-2.871262380713347,0.8483379141662359,0.007811478435161967,2.6601115115547858
617,0.6215087640100506,3.463882046013023,-2.8423732820029954,0.9468002195798975,0.009139929775776302,2.606775373362045
618,0.6356928136095717,3.4766947599432325,-2.8410019463336766,0.9058148912650434,0.008707219175010692,2.623340547273896
619,0.6662533533923266,3.4930721352008924,-2.8268187818085835,1.0060629250072937,0.009963330798234872,2.57709935463896
620,0.8052519425876795,3.63917060666595,-2.833918664078169,0.9757450239922392,0.009547521737800388,2.591800146429366
621,0.6301858304413969,3.458153146155522,-2.8279673157142042,0.8913429144851346,0.008677978180495788,2.6244863073460087
622,0.636099483249032,3.440977807585053,-2.804878324336073,1.000989456449763,0.010153485576277524,2.570557888674189
623,0.6568974451629316,3.544906908702456,-2.888009463539561,0.8390900794209566,0.007568966113185031,2.670715977275739
624,0.7382802020736022,3.590416229139667,-2.8521360270660807,0.966002709379723,0.009247893622630147,2.6027515804183685
625,0.7861478962897678,3.652158596460166,-2.8660107001703636,1.0380758438246331,0.009881344521601373,2.57995410981018
626,0.8907451575845385,3.7493339917908215,-2.85858883420633,0.9352865806089903,0.008850443970553125,2.6177777061596337
627,0.9009606722627183,3.747643079771867,-2.8466824075090926,1.0211522744045638,0.009910016064673767,2.578953377796131
628,0.7319474822346507,3.5376717848367494,-2.8057243026022434,1.0598389883317925,0.010820568374414101,2.548440692356236
629,0.8138020037488246,3.61004314569838,-2.7962411419495083,1.0711190879506227,0.011067215678143724,2.54056930617011
630,0.8334634058072566,3.6892387541771243,-2.855775348369889,1.0029406253428057,0.009611057808862785,2.5895173549944035
631,0.6838725803570384,3.5295867113535517,-2.845714130996498,0.9439676872715181,0.009074663946054964,2.6092284431467876
632,0.7684610369083117,3.6313781117419137,-2.8629170748336037,0.8515514475374713,0.007920072955062975,2.655458280519199
633,0.9945434881211582,3.8175621510015945,-2.823018662880486,1.0925187045880072,0.010986072948973913,2.5431414988148435
634,0.7297071591346963,3.5545378494428763,-2.824830690308204,1.0613226059692467,0.010609419547127377,2.5553069448324317
635,0.6297942118993575,3.500293481545993,-2.870499269646757,0.9670556279698346,0.00906984798862762,2.6094100782441503
636,0.6932879925346839,3.5799025721269646,-2.886614579592333,0.9249457106644638,0.008466814247781314,2.6328644027873964
637,0.7107037062557907,3.5937246744231772,-2.8830209681674432,0.9252028317374967,0.008503985057933252,2.631376172168235
638,0.7159079139043939,3.527261002948087,-2.8113530890436778,1.025827616234122,0.01036319728852626,2.563468939672338
639,0.8598203142840845,3.6710140041251624,-2.8111936898410477,1.1159035102755306,0.011401680654191025,2.5301406637931927
640,0.6916409500636206,3.5015415482800845,-2.8099005982164726,0.9970064743011937,0.010051002997596007,2.574069675955408
641,0.7856109547388911,3.663925121042865,-2.8783141663038805,0.8861693560308366,0.008141274439102,2.6461539968291654
642,0.637717359096419,3.452934901178861,-2.815217542082337,1.1260123281951544,0.011467756460701433,2.5281126060000885
643,0.6740983833885735,3.492527344115,-2.8184289607264645,1.0388183771510684,0.010429014339658446,2.561270422578938
644,0.740931651842962,3.5997501332087842,-2.8588184813658017,0.9734501643123732,0.009258942509717816,2.602342158535415
645,0.7472173229207243,3.5797582401587067,-2.832540917237907,1.0666550063995863,0.010578726166686602,2.556315146180781
646,0.6762995206463444,3.526968437511838,-2.8506689168655157,0.9359082932533336,0.008936776139346547,2.6144632984956195
647,0.8112669208179483,3.6299446374626494,-2.818677716644629,1.0405594295433302,0.010445911093798688,2.560708004381943
648,0.8097358472297088,3.687334604653047,-2.877598757423357,0.9258386680903277,0.008562984456911622,2.6290258775630106
649,0.5786309751322193,3.4606944407572846,-2.8820634656250377,0.8990912495586616,0.008240886153958064,2.6420377854933994
650,0.813485212607921,3.7053054748812433,-2.8918202622733133,0.9045835789665881,0.008206751155072694,2.643443291769289
651,0.6345508091964035,3.492565649378261,-2.8580148401819088,0.9400049580829561,0.008906862394117745,2.6156084766092227
652,0.7927244440486362,3.6603252183958666,-2.8676007743472383,0.9465166923030317,0.008880258801113474,2.616629823058113
653,0.561881172080794,3.4239314766666147,-2.862050304585864,0.8925732517113363,0.008361094374838752,2.6371293453785603
654,0.6874255731253157,3.5805431583547054,-2.8931175852294473,0.9038541890449228,0.008187180216868092,2.644251485194602
655,0.6915310646697804,3.503373881441916,-2.811842816772014,1.0370586612414165,0.010485909201434017,2.559379863301156
656,0.5799261091268505,3.4610499154546877,-2.881123806327878,0.8822182956876978,0.00807429992449095,2.6489469738925338
657,0.8413369863733265,3.656159510086843,-2.8148225237135875,1.151577689421715,0.011768869182779064,2.5189998949255057
658,0.7099703880050953,3.5296041705489336,-2.8196337825438604,1.0833660466161161,0.010922681685600224,2.5451627489667796
659,0.6494995071964155,3.4868667439592262,-2.8373672367629297,1.0044984046288223,0.009828803965066095,2.581794682883944
660,0.7741079373082499,3.607102510713807,-2.8329945734055855,1.0108744122843671,0.009948220709341676,2.5776239097201037
661,0.6734297027918416,3.468685404435162,-2.7952557016433275,1.0843098480567792,0.011233730186598938,2.5353429050372185
662,0.6896931590118726,3.5788253586858505,-2.889132199674009,0.8030628552545576,0.007193298689237211,2.6877604196907527
663,0.6693654171250415,3.52375282635504,-2.8543874092299575,0.9922330298124793,0.009509353299945287,2.593178024091873
664,0.7505394928995116,3.575596306716385,-2.8250568138169,1.0640761904873608,0.010637970185620793,2.55437145327828
665,0.728256397670853,3.5729471205161807,-2.844690722845371,0.9323893591134345,0.008959113012993907,2.6136104138043033
666,0.780483759415111,3.6394984599563878,-2.859014700541138,0.9220879762818144,0.008704818858335161,2.623434470061625
667,0.8506099379364883,3.6595866967553987,-2.8089767588189716,1.0741647611759664,0.010946548889544138,2.544400515196156
668,0.8353831220949729,3.665894042453338,-2.8305109203583925,0.9236262601045317,0.009007430590267426,2.6117719904618126
669,0.7572650826175419,3.615348788690562,-2.858083706073103,0.8920136412799806,0.008392915154613004,2.635840583885128
670,0.6421886887392162,3.5112533940887913,-2.869064705349615,0.9335593704722207,0.00872793015164758,2.6225311003599923
671,0.47419754540589165,3.337550140559474,-2.8633525951536285,0.8589647139801038,0.0079940430527524,2.6523213021482763
672,0.660200736879338,3.489302394913206,-2.829101658033778,1.001863083000993,0.009890869852370456,2.5796213575170315
673,0.5184117080933589,3.3704018439636747,-2.8519901358704374,0.9046118600992066,0.008586370410104875,2.628098281839184
674,0.680184358567763,3.5258377902776075,-2.845653431709934,0.9779260187168335,0.00944614702838172,2.595470649737804
675,0.790330205177716,3.592230445763121,-2.8019002405853826,1.0314062464081908,0.010537819049877044,2.5576628956399574
676,0.6748941188976602,3.520894338959503,-2.84600022006191,0.8719646834804746,0.008293351872797719,2.639887636958759
677,0.6775439722606421,3.5372035494376957,-2.8596595771771263,0.9484425675978858,0.008980903046353862,2.612780236938461
678,0.6270403730877575,3.439293726568558,-2.8122533534808554,0.9939453213438023,0.009989696329532366,2.576185755305817
679,0.6113020888803845,3.4869260708199215,-2.8756239819396114,0.9598578263840647,0.008941377206516563,2.6142874612320273
680,0.7009943124828538,3.5817126723751405,-2.8807183598923984,0.9785693460695706,0.009087772116050281,2.608734500627098
681,0.6607117907158141,3.4573546552582273,-2.7966428645423775,1.0912518977809778,0.011297668616707522,2.53335433216623
682,0.6775035629783502,3.549348784947789,-2.8718452219693518,1.0067753118984206,0.00948060284805504,2.5942191737165703
683,0.6926012603174655,3.540852895898253,-2.848251635580823,0.908734280861722,0.00866733997073214,2.624904004164448
684,0.6146731408327838,3.4500931486643576,-2.835420007831658,0.9709864450030847,0.009478778340847297,2.59428534017507
685,0.557286225837052,3.3957634774401435,-2.8384772516030807,0.9554876298461839,0.009275636347971973,2.601724386496066
686,0.5333910312821132,3.3988148330831858,-2.8654238018010574,0.8918044327467936,0.008320979035991029,2.638760308388722
687,0.6548529441553143,3.476305205199211,-2.821452261043987,0.9921081251761481,0.009866303515108369,2.5804801258532235
688,0.7380744301823284,3.5649113769058567,-2.8268369467235743,1.003648368731782,0.009936050864805429,2.5780469088583606
689,0.8232394924598253,3.6605687102111664,-2.837329217751403,1.0844532127071727,0.010722290783767963,2.55162157646321
690,0.8163594234697399,3.632255639222343,-2.8158962157525593,0.9808351952036458,0.00980068700638315,2.5827832654849385
691,0.8984419620107843,3.733105225742929,-2.834663263732068,1.0077996706250496,0.009895396138359382,2.5794633389651396
692,0.8402584415630286,3.6870281468773176,-2.8467697053143866,0.9771893431114833,0.009426232759911547,2.596195817336268
693,0.5317645201034708,3.4124478716672297,-2.880683351563789,0.8738237363533599,0.007991276837389937,2.652438145076514
694,0.8454691346770374,3.6713315591288826,-2.825862424451884,1.1112261924054867,0.011164680009267632,2.5375017808245377
695,0.39831916192803474,3.3091719292585986,-2.9108527673306526,0.8518774603970929,0.0075016181713329815,2.6737149622041185
696,0.6935750387755121,3.526692385631684,-2.833117346856284,1.021181903071669,0.010061933003358864,2.573693620538271
697,0.6651593040659151,3.5339492183809447,-2.868789914315016,0.849464849390595,0.007845337613872252,2.6586544750087646
698,0.6019761942799192,3.4469072687248095,-2.8449310744449576,0.9299469325997509,0.008930128188044492,2.6147175036287735
699,0.7822434626543696,3.660920943616081,-2.8786774809616418,0.9209187285720368,0.008500941372662881,2.631497815191422
700,0.6351731197727218,3.4952214508627075,-2.8600483310899563,0.9329016049631524,0.008810309465681414,2.619328368143302
701,0.7918014489368858,3.6416578086459848,-2.849856359709065,0.9717125461829217,0.00933385432740156,2.5995777072042414
702,0.6115662346620553,3.464450689864518,-2.8528844552025703,0.9434513675864125,0.008995880068471789,2.612210670925468
703,0.6451754993349738,3.4941616328673297,-2.848986133532321,0.9877067477092418,0.00951767473946693,2.592877200899941
704,0.9113463436673243,3.791032325259381,-2.879685981592047,1.0145505671932562,0.009480509917056052,2.5942225436206363
705,0.7533839245575024,3.5915970056360744,-2.8382130810786066,0.9985753228719827,0.009753849883992893,2.5844356682810177
706,0.6588306751626675,3.479098285346582,-2.820267610183919,1.0823611173109369,0.01090350820639226,2.545776154740827
707,0.6606788538205052,3.5033953814842627,-2.842716527663697,0.9570778847732382,0.009248781578668187,2.602718660649253
708,0.5841622289772118,3.3993315234428887,-2.8151692944657043,0.9863700272584959,0.009871281891109649,2.5803059423805315
709,0.5738361729149716,3.4701582759663565,-2.896322103051375,0.8241209859861569,0.0073461151111660255,2.680732782423063
710,0.7186078930553691,3.587565959198803,-2.8689580661434775,0.8637140100894478,0.007992758404733262,2.652375560244362
711,0.8179368067478577,3.6526784869176727,-2.8347416801698273,0.9322723080096602,0.009059257632161685,2.6098097993825586
712,0.5432923956765222,3.393805749240961,-2.850513353564452,0.8766019501609135,0.008300370490356748,2.639600923723853
713,0.6665478988512546,3.534490740173107,-2.867942841321792,0.9310609083161152,0.008712468828891309,2.623135212441309
714,0.6073356236920432,3.486153600798801,-2.878817977106678,0.8546298040161044,0.007809372035562488,2.660202341491111
715,0.5688445059980637,3.4360158088308856,-2.867171302832844,0.9449750668827379,0.008868135710734616,2.6170961510239916
716,0.6615423139902447,3.5182787364944574,-2.856736422504241,0.9661219592274732,0.00920138852601066,2.6044796490735678
717,0.7535047279563883,3.616161046189562,-2.8626563182332347,0.8937503308533432,0.008367812538387575,2.6368568906348453
718,0.5664584723518743,3.4318661361204277,-2.865407663768451,0.8665542982896577,0.008055033441661651,2.6497542675502372
719,0.9071442167656784,3.7181763040866325,-2.811032087320882,1.0273034185117895,0.010383793020414618,2.5627796385848334
720,0.5764335054081954,3.4144474226497343,-2.8380139172415966,0.9148414983887676,0.008835235074522862,2.618364585974024
721,0.5990764354731851,3.443560696121556,-2.8444842606484144,0.9126490761333628,0.008746880223449499,2.6217919772424803
722,0.5496178381222222,3.423855973188893,-2.874238135066662,0.8719146483107223,0.008030224874943844,2.650796332642485
723,0.6831276197353787,3.5140665946440737,-2.8309389749086904,0.9316237970551304,0.009091180887327978,2.6086061554043614
724,0.5564524533835907,3.4135228179958106,-2.857070364612241,0.8942656647453706,0.008426591563180416,2.6344814197305797
725,0.7241225175470077,3.584633216289047,-2.8605106987420186,0.9334689483244776,0.008811776829090946,2.619271563123521
726,0.6794458840807834,3.5138833905490885,-2.834437506468362,0.9617764805234095,0.009387448530753125,2.5976120557047113
727,0.8452564380843256,3.647931959087622,-2.802675521003266,1.0539896623668126,0.010789663269040269,2.549438198857335
728,0.9028055146109096,3.748843651342305,-2.8460381367314085,1.0111464902471436,0.009806875327739517,2.5825654695275353
729,0.6639059495114367,3.468817523043866,-2.804911573532536,0.9327305194362667,0.009375648861107795,2.5980439660488246
730,0.6555918796859629,3.4938522222238366,-2.8382603425378647,0.9088572372172794,0.00876751111833304,2.6209889209276276
731,0.6249879998774673,3.443573926855709,-2.818585926978244,1.0994886217619093,0.011120190259519679,2.538899057534082
732,0.7957976925742883,3.6486165720803903,-2.852818879506003,0.9136321153123785,0.008675158791463031,2.624596962755447
733,0.5917667795861149,3.4576496262086533,-2.865882846622526,0.9163631653529629,0.008576609193987412,2.628485182134454
734,0.6160405252043034,3.4680828027837927,-2.8520422775794714,0.9121814457550661,0.00866719937183458,2.6249095276824526
735,0.7326487627532202,3.570883192279626,-2.8382344295264375,0.9509737106973626,0.009228579324269438,2.603468330786808
736,0.7027911063439575,3.569939573747266,-2.86714846740324,0.8140782709237455,0.007491451259553902,2.674169787652733
737,0.7609405370750352,3.637904757744099,-2.876964220669038,0.9006855052549838,0.008305389011618924,2.6393960481594605
738,0.7618846359463219,3.603291231151396,-2.841406595205058,0.9687213081309873,0.009390206746368193,2.597511164932915
739,0.49484682487285736,3.3763711501879876,-2.8815243253152403,0.8430328172282482,0.00766583893409494,2.6664439438950627
740,0.740917760654375,3.5491893849584817,-2.8082716243042114,1.0339969792983077,0.010492703052904085,2.559154720722489
741,0.5074274207569175,3.349076366483455,-2.841648945726547,0.9877796833839008,0.0095972648781447,2.5900117761725077
742,0.8254616954728732,3.667163235216201,-2.8417015397432124,0.9788790943346002,0.009498719177413113,2.5935627935302996
743,0.583280638360398,3.4691540870862183,-2.8858734487257607,0.9149510692713276,0.00836992483836165,2.6367712668604617
744,0.6353381644662391,3.4793217828731673,-2.84398361840681,0.8934519849554534,0.008544080747177017,2.6297773434487137
745,0.6489129220508317,3.5153110763511886,-2.866398154300441,1.0193640380024147,0.00967452739908665,2.5872503462488354
746,0.6336275075935788,3.522858726959726,-2.8892312193661382,0.9084331854827599,0.008270686379673648,2.6408150159733412
747,0.8037585486465474,3.603650579879464,-2.7998920312328437,1.1296271351222034,0.01170613532406259,2.52088123970497
748,0.6231235938911283,3.470597979227589,-2.8474743853364544,1.0593469644858213,0.010323320724628132,2.5648070069078
749,0.6965241033917579,3.5428205148333496,-2.846296411441699,0.9574545060076058,0.009215620435551106,2.603949983780582
750,0.616621146736739,3.489974704246897,-2.873353557510086,0.8790838953364917,0.008113202880250003,2.64732212643127
751,0.7885050711587297,3.6371368190322904,-2.8486317478735828,0.9596562299266438,0.009215344397625619,2.60396025006806
752,0.6817023767630331,3.564395930759811,-2.88269355399666,0.8598173438425665,0.007828370464112685,2.659383903873257
753,0.5535261705015188,3.443307681872566,-2.889781511370984,0.9280052143916913,0.008468289921841352,2.6328052090478926
754,0.7837611119529043,3.5939221083373964,-2.810160996384411,0.9604689606444752,0.009633256788659113,2.5887229375265295
755,0.7547654806911538,3.5966864348411884,-2.841920954150055,1.0142791449562725,0.009886866700245339,2.5797611664790465
756,0.5425699416721187,3.435344528762394,-2.89277458709023,0.8894356234081,0.008042093512798082,2.6502974403949238
757,0.8229561482020159,3.6607676530777895,-2.8378115048758445,0.9616585312410195,0.009350505995076114,2.5989659052681686
758,0.9693409511871692,3.7703594687527953,-2.8010185175656943,1.0604738700747274,0.010884851106199531,2.546373961258476
759,0.715587092182082,3.5827794820978753,-2.867192389915772,0.8672511289050293,0.008045972703879047,2.6501345234763196
760,0.7768774304913592,3.6094702756392496,-2.8325928451479285,1.0952099002661577,0.01090041362057188,2.5458752478273303
761,0.5221409672525311,3.358838583893705,-2.8366976166411177,0.968529919698518,0.009438036062314031,2.5957658415488436
762,0.7185472732975228,3.523188263010479,-2.8046409897128797,1.0321536564994904,0.010514162830010155,2.5584444123540098
763,0.6866834830092244,3.5568728641971243,-2.87018938118797,0.7944935475029147,0.007263195915494256,2.6845295647271095
764,0.6092243494913333,3.4919686801607086,-2.882744330669425,0.9326758630563781,0.008584785236371566,2.6281610858024878
765,0.7831867838868817,3.645924483958676,-2.8627377000718752,0.9172004515749688,0.008616139591027373,2.626920759481331
766,0.7169663388623263,3.5956237446717325,-2.878657405809463,0.8414704024961228,0.0076748803021098105,2.6660476979097436
767,0.6878358005014803,3.5427643621468765,-2.854928561645238,0.9623582150177712,0.00917939651187559,2.6052995598375226
768,0.7514577993525705,3.621475046082575,-2.870017246729958,0.8521172322184407,0.007862003606735937,2.657939367586716
769,0.7187467040922598,3.5377868576137224,-2.8190401535215415,1.0138813759244218,0.010139079828209765,2.5710496210256695
770,0.6872034033199185,3.5116789764882266,-2.8244755731683426,1.0210982023744006,0.010158798358498798,2.5703766965273402
771,0.6534644459900306,3.512436165446869,-2.8589717194569175,0.9396779016664367,0.008893727676328648,2.616112394398037
772,0.8029121084929244,3.6832124248787417,-2.880300316385842,0.8709227694852508,0.007964696630760226,2.653562723504532
773,0.6723787092499748,3.534421977835937,-2.8620432685859214,0.8326737674701334,0.007729862213359278,2.663647035753979
774,0.6990176523424821,3.5292845450821564,-2.830266892739587,1.0376291534407667,0.010278643884206273,2.566311623489875
775,0.5798948550661777,3.4622498951810363,-2.882355040114817,0.8597918820129569,0.007831130537411857,2.6592651501191353
776,0.6977544817971107,3.521419073771422,-2.823664591974193,0.9546775785367367,0.009422965185145637,2.596314934834505
777,0.7250600812632143,3.553305406171606,-2.82824532490838,0.9269100422698604,0.009066849555767448,2.6095232084255184
778,0.6910158104546923,3.573613859804994,-2.8825980493502357,0.7379006190320689,0.006588629289852117,2.716951343576444
779,0.8532812790543772,3.7184402558931535,-2.8651589768387566,0.9695981082710001,0.009151801266752557,2.6063308553023457
780,0.8079689428411626,3.589489502192414,-2.781520559351179,1.0533619507387066,0.011039995489800516,2.54143030238071
781,0.6116061730484631,3.4513122098811233,-2.8397060368326947,0.9474262079729754,0.009174366398781546,2.6054873398866016
782,0.8302900662262033,3.6744845469190985,-2.844194480692863,0.9259181595790649,0.008893776973504621,2.6161105018531496
783,0.7018005381889821,3.544219235987184,-2.8424186977981662,0.9957894382377996,0.009677205475738507,2.5871549824505675
784,0.7354986370323701,3.5965195369038008,-2.861020899871278,0.8756776838748079,0.00819184670296353,2.6440586230484904
785,0.7446841649499362,3.611794543736185,-2.867110378786265,0.9415541719811658,0.008832305139955048,2.6184777497536555
786,0.5098469005354133,3.421977464598563,-2.912130564063091,0.8155348654758563,0.0071292387674199605,2.690746299654287
787,0.5069134435373058,3.40603539919215,-2.8991219556548913,0.9321334327781599,0.008421815393370414,2.6346738877449063
788,0.8145834002480029,3.634130157138322,-2.819546756890304,1.054747171890702,0.010597146845316662,2.5557097609674067
789,0.6948550734048154,3.524878797009722,-2.8300237236048815,0.9288776453267058,0.009070304419415134,2.609392860144077
790,0.8269239025023495,3.675001733148233,-2.8480778306458205,0.999204937353295,0.009653380874098281,2.5880041817947688
791,0.6950313156294129,3.5028964608832625,-2.8078651452537997,1.056886254147143,0.010760746798493514,2.550373822056971
792,0.5534667605612554,3.4047884098875287,-2.851321649326337,0.9175261271503299,0.008731828356673644,2.6223789388215666
793,0.8757670455772683,3.6901818264506008,-2.8144147808732214,1.0669301032981,0.010797522384145641,2.5491842940883
794,0.7054943800611596,3.602483393175689,-2.896989013114535,0.8786870953537793,0.007893921197057892,2.6565736241487268
795,0.7727462125644621,3.6324831654284044,-2.8597369528639547,0.9189490653892851,0.008664159714501239,2.6250289621589658
796,0.7381794990528675,3.599023622764945,-2.8608441237118996,0.8810429976923202,0.008250294974661327,2.6416512938589944
797,0.6409897357011601,3.4968584609457785,-2.8558687252447044,0.9142933454943827,0.0086522996260077,2.625495328199157
798,0.7043356861043918,3.536994465033892,-2.832658778929499,1.0070202518562876,0.009908965395222147,2.5789900040893947
799,0.7748207752811055,3.5851137253669116,-2.8102929500857954,1.0065438033074607,0.010155250913819492,2.5704976725716078
800,0.6311541108609532,3.476237177354975,-2.8450830664941122,0.8874171458808129,0.008468324552131559,2.632803820033233
801,0.6748735507941234,3.4971074705008927,-2.8222339197067186,0.9698118567642711,0.009607465690644393,2.589646057053835
802,0.8131516746276389,3.630470523906944,-2.817318849279218,1.0565535183971164,0.010644122084077784,2.554170172314402
803,0.5596914493209993,3.4033529043948465,-2.843661455073857,0.982589659637696,0.00951854810020833,2.5928456421798627
804,0.5744245522272337,3.4503048504853093,-2.875880298258153,0.7664419314426527,0.006929502455114838,2.700213341291043
805,0.7862054875358723,3.6195143108764714,-2.8333088233406443,0.9978185392403902,0.009799263523792116,2.5828333818282343
806,0.7589367289719945,3.6194225804999545,-2.860485851527983,0.9332200871295608,0.008809360571889786,2.6193651065096932
807,0.6105383409635493,3.4423771071557776,-2.8318387661921633,0.9560997279633039,0.009352153946485415,2.598905410458242
808,0.5861375653299689,3.4831167322057834,-2.8969791668758944,0.8630271106869309,0.007734520513536401,2.663444345336537
809,0.6760592390078187,3.570295737161032,-2.894236498153191,0.8663406682091321,0.007792528997262814,2.660929419689863
810,0.6839087119980064,3.535131713061191,-2.85122300106309,0.9687053987500391,0.009286794535995364,2.601312019643297
811,0.6451652093701256,3.466889914675422,-2.8217247053053143,1.0012648118035328,0.009966351855451623,2.576994561981751
812,0.7056253895747119,3.5025776175398255,-2.7969522279651073,0.9832826881598491,0.010040121093157947,2.574444438377562
813,0.8793149847580167,3.702836794525591,-2.8235218097676125,1.0579076645495824,0.010586138437304736,2.556071433443632
814,0.9424986474181111,3.75933898423547,-2.816840336817336,1.1058802811595534,0.01121524065983866,2.5359198281138977
815,0.7145559176627699,3.539135140564303,-2.824579222901548,0.9692022707589745,0.009575299547655782,2.5908004544274137
816,0.8413255262479339,3.6653282679742643,-2.8240027417263036,1.0431965252793005,0.010413800755057427,2.5617775095654536
817,0.879233928737213,3.6590052547929184,-2.779771326055652,1.179334361891785,0.012566264492014232,2.4958304631981347
818,0.5906383277168658,3.4291609281825157,-2.8385226004655806,0.9197430721319111,0.00888362876007035,2.6165002949034775
819,0.707570162296625,3.5293953160190097,-2.8218251537223296,1.078531230016925,0.010840969487873494,2.5477836039996347
820,0.8278623204206411,3.6512468547837167,-2.823384534363072,1.065367536871556,0.010672470746087279,2.5532439809174137
821,0.7527344323117319,3.6202348014256605,-2.867500369113827,0.9673159620737248,0.009103302836409874,2.6081500940697473
822,0.6631897233721616,3.470108221859577,-2.8069184984874482,1.054203730724475,0.010741180418610113,2.55100818187858
823,0.6963716991872303,3.560868523999647,-2.8644968248123632,0.9503864305143233,0.00895279510587356,2.613851456490914
824,0.6608080391468917,3.5500888040077467,-2.889280764860814,0.9139717942354886,0.00832754941856997,2.6384926963523125
825,0.7114873045318205,3.5829698714953753,-2.87148256696355,1.0025889562882515,0.009439556276092687,2.5957104974165275
826,0.5989497701944998,3.424083441475616,-2.825133671281151,1.0209019107744126,0.010149105557579044,2.570707332466374
827,0.6245809472887828,3.5099990004188943,-2.8854180531300244,0.9424819358865157,0.00866131340092753,2.6251408337141373
828,0.6358557723814243,3.471261668001055,-2.835405895619715,1.020463558895158,0.010028184502112078,2.5748559394682964
829,0.6336060251941177,3.477430006423879,-2.843823981229775,0.9157983743169105,0.008787595771568204,2.6202087474271343
830,0.8384908832517709,3.6902840453899626,-2.851793162138165,0.9529669605022473,0.009110016513841237,2.6078977401447188
831,0.780302520030196,3.642524085867365,-2.862221565837217,0.9016632345373368,0.008455919493611313,2.633301709977732
832,0.7563251328498296,3.5738626248906553,-2.817537492040742,1.1066547532843698,0.011215485079442407,2.535912196056005
833,0.6489838863017127,3.4815464358212957,-2.8325625495195936,0.9775810986698108,0.009582481319494168,2.590542411308095
834,0.6431412983920296,3.502294316634147,-2.8591530182420684,0.9762788664891686,0.009286010179437799,2.6013409922149817
835,0.5836446097416598,3.433231727840989,-2.8495871180992935,0.9756117446478878,0.00937919554724309,2.5979140936328653
836,0.536165527192216,3.459950123728078,-2.9237845965359384,0.7943248283957929,0.00682765414973609,2.7051354580274496
837,0.7323202239943981,3.5667985577754986,-2.834478333781135,1.031803679972919,0.010165251635740669,2.5701567213037197
838,0.6637654116851678,3.5168779822163034,-2.8531125705310387,0.8810899323814434,0.008323725484282066,2.638648422415111
839,0.7299550907006193,3.5826213606769595,-2.852666269976339,0.9987824292359766,0.009599206361106588,2.58994214350819
840,0.8052062906674479,3.6059519994400184,-2.800745708772638,0.9454587092388773,0.009564892662363307,2.5911746831785876
841,0.893125081725762,3.7054036502570304,-2.8122785685312692,0.944752245798901,0.009433004485987724,2.5959490752945644
842,0.6793540744060834,3.4802390623021062,-2.8008849878959836,1.048197719877109,0.010744100214491119,2.550913454259264
843,0.5351769835747205,3.36184326610833,-2.8266662825336653,1.0075572522573886,0.00998180084391503,2.5764591184582146
844,0.6915879725122437,3.503705486461968,-2.8121175139497154,1.0385353181743082,0.010499583346425794,2.558926845657151
845,0.6243031651175585,3.496840103558473,-2.872536938440817,0.8631638866825488,0.007954470181420498,2.653996288438528
846,0.7474752254545279,3.6011873961383665,-2.8537121706838207,0.9242699667874414,0.008780719630694917,2.6204756665097304
847,0.5794790031511553,3.464396439269293,-2.884917436118144,0.9141201427082271,0.00837034698046536,2.636754157309053
848,0.7455982823280379,3.601623617749985,-2.8560253354219185,0.8619688163557,0.008093023868390347,2.64816406408982
849,0.7679661219163932,3.570019119182279,-2.8020529972658323,1.0215171686404498,0.010421954882310838,2.56150564083914
850,0.6581067058868854,3.521091479136898,-2.862984773250105,0.8958814446024235,0.008387275156967286,2.6360686882830042
851,0.6252430975096018,3.46173390009869,-2.836490802588969,0.9897870146922121,0.009675290558685759,2.5872231684539515
852,0.7483521977963988,3.5663801665763617,-2.8180279687799157,0.975975770794705,0.009722469587033678,2.5855467185174708
853,0.7114845691829629,3.5357814025320837,-2.8242968333491945,1.0099321541754929,0.01003507618342331,2.574618303005576
854,0.8658907571033211,3.684550697451374,-2.818659940348084,1.0074090017976358,0.010070155593340045,2.5734109555905493
855,0.776256994664314,3.6198423136681295,-2.8435853190038642,0.9649602946184077,0.009325988348345029,2.5998670512843702
856,0.7104561240204162,3.5515429593922936,-2.8410868353718115,0.9362863501665699,0.009038269578425179,2.610603204213802
857,0.5848216136607703,3.413479436557863,-2.828657822897185,1.060092933967057,0.010550396996763354,2.557248000617269
858,0.7232718064883471,3.5697946417231967,-2.846522835234964,0.9217855069819265,0.008825572909659397,2.618737897906792
859,0.5606834007108915,3.4067628872664772,-2.8460794865555954,0.9950175973822906,0.009629044940294307,2.5888735380962205
860,0.77330149427859,3.606264871686713,-2.8329633774081913,1.0561025744904242,0.010455052575616438,2.560404062219586
861,0.8398677919382095,3.7188461053376627,-2.878978313399557,0.9324952089120355,0.008619503373102145,2.6267879335896254
862,0.5071327761794379,3.397224519028215,-2.8900917428487674,0.8536429775130352,0.007699465970892153,2.6649723209202567
863,0.7992149965156073,3.6324097022048893,-2.8331947056893796,1.0316290880214078,0.01017789329047213,2.569726160692365
864,0.7841093436230636,3.6595618646236443,-2.875452521000625,0.8634850843883228,0.007931408825115772,2.6549758426446295
865,0.5883889519325208,3.43410787988319,-2.84571892795077,0.9670602789022147,0.0093265480695499,2.5998464551696214
866,0.6660608265009301,3.5087603692845017,-2.8426995427836346,0.9898719381231555,0.009608972568135567,2.589592061893901
867,0.6709496620059013,3.53769115899236,-2.866741496986492,0.9742148551905196,0.009184974809711383,2.6050914227788393
868,0.49955253431539004,3.359012339101295,-2.8594598047858426,0.8232972544993018,0.00765438720198029,2.666946427941275
869,0.70190622091649,3.5638142474062247,-2.8619080264896866,0.9392588519369647,0.008859787233905408,2.6174176155602886
870,0.7432707151422079,3.5931708926852646,-2.849900177543077,0.9511107733773878,0.009109341930347762,2.6079230889067126
871,0.727881664385896,3.5681762986867045,-2.840294634300676,0.9667258860923709,0.009380038519017834,2.5978832321690364
872,0.5309357436882379,3.3647797586730994,-2.8338440149849475,0.954102058359029,0.00930896103678507,2.60049413461373
873,0.7747452974901904,3.649122675527758,-2.874377378037593,0.943032229448935,0.008775749821502324,2.6206687016173293
874,0.5350358919524666,3.3888515943357578,-2.8538157023831445,0.890226119784411,0.0084146253841502,2.634963811788919
875,0.5627242003049474,3.490535778922576,-2.927811578617593,0.7754375778769718,0.006613426233424381,2.715707782359603
876,0.7615697713554169,3.600043768361599,-2.83847399700619,0.9735289244408718,0.009474257890154481,2.594449325013362
877,0.7133478683064055,3.568137897885936,-2.854790029579476,0.9167319532930387,0.008689052009536897,2.6240519923048025
878,0.7693749355466849,3.6107734485179015,-2.841398512971182,1.0500690393847707,0.010290021624462421,2.5659278949154865
879,0.5584491077615809,3.4246431049066675,-2.86619399714516,0.9094401688184313,0.008500198765039537,2.631527499937516
880,0.7589235714398143,3.574953196676581,-2.8160296252368653,1.014316800528683,0.01017829146303365,2.569712607116519
881,0.692263219037946,3.530783812734137,-2.8385205936963303,1.0031964200095445,0.009801670383188143,2.5827486476699106
882,0.4070912967815644,3.2974416135427744,-2.8903503167612143,0.7383003408487654,0.006533722097461558,2.719719973979918
883,0.6799408928429699,3.5348076751145725,-2.8548667822716425,1.0071960004995053,0.00966725819530506,2.5875093144540653
884,0.6114759630908025,3.4863775996949387,-2.8749016366042497,0.9663191468047663,0.009017197973846204,2.6114014241111496
885,0.6678494434771579,3.526802364921711,-2.8589529214444838,1.0792596212559096,0.010410827957653768,2.5618766734390013
886,0.7266199622701975,3.5938542803417515,-2.867234318071496,0.8500527684114663,0.00786543953873564,2.657792106855251
887,0.7295030530635728,3.5667435467530058,-2.8372404936893645,0.9460253200837987,0.009184559842769323,2.605106902111479
888,0.724829807815459,3.5358237161154915,-2.81099390830002,1.123065698153682,0.011487238551757782,2.527516624114597
889,0.8050618155268608,3.692419123581225,-2.8873573080544475,0.9290798971952174,0.00850271396822461,2.6314269674277524
890,0.5903001578270647,3.4689269238905927,-2.878626766063576,0.9745420307623736,0.009066489636770621,2.6095367903317093
891,0.5217492462654633,3.3598919952072452,-2.8381427489417774,1.0646314118178655,0.010490315891202135,2.5592338144907556
892,0.8232164214059509,3.6783643508153756,-2.855147929409327,0.9994254045550215,0.009579523507136065,2.590648665461572
893,0.7181955352982555,3.583806334202286,-2.8656107989041857,0.8438069263475225,0.00781466715059641,2.659974052883419
894,0.9587122015618575,3.780765679022514,-2.8220534774605994,1.0459560317865748,0.010467783956984028,2.5599811543611857
895,0.7766511650101989,3.580301861685508,-2.8036506966752768,1.0199077225088162,0.010384802009561407,2.562745900853194
896,0.7272907502070808,3.5934977662626397,-2.8662070160556823,0.8604333250371843,0.007983448364633923,2.652769010473217
897,0.645372055535509,3.4898135848031067,-2.8444415292676695,0.9905206565670235,0.009597318064070654,2.5900098684542185
898,0.6603146797350433,3.5182192640918015,-2.8579045843567883,0.8519457460377406,0.00796972058151363,2.65334990851839
899,0.5298015503928951,3.4105872767505416,-2.8807857263575443,0.844564838631463,0.007688087816945406,2.6654696181496598
900,0.7301932463068311,3.5793273768731777,-2.8491341305663127,0.9199204890832733,0.008779357830179482,2.620528551244833
901,0.7573814189681712,3.608798381956045,-2.851416962987855,0.962653371885366,0.009218998145604203,2.6038243836162565
902,0.6584723335785071,3.4764569181501517,-2.8179845845716045,0.9116436806968427,0.009002684866655513,2.6119521687817038
903,0.7558012152680845,3.616828928297178,-2.8610277130291024,1.0450993539313165,0.010013048640030739,2.57537835972633
904,0.5770756333890773,3.4583632677431964,-2.8812876343540665,0.8687402418555945,0.007933160746099645,2.654901338578548
905,0.6715411442664759,3.5206362601230192,-2.8490951158566986,1.0047367375330616,0.009703011261072505,2.5862372661727937
906,0.716443605937107,3.5605428185364754,-2.8440992125993034,0.9949506498701726,0.009649737152972461,2.58813422254869
907,0.6561970400203933,3.5185930877453866,-2.862396047725042,0.9110649285415557,0.008554167588218154,2.629376183590103
908,0.6645317050114187,3.5558960410347535,-2.89136433602323,0.8241460030510406,0.0073881939407412995,2.678820721636628
909,0.9761296560802663,3.852081975356754,-2.8759523192763936,0.9274679642525232,0.008596094373966263,2.6277132488518737
910,0.8625956477383084,3.6996898422967095,-2.8370941945584036,1.0120597377794545,0.009915792282065778,2.578752080866284
911,0.8635147583606709,3.7088652302414613,-2.8453504718808063,0.9816305034907273,0.009489972019932898,2.5938795758688507
912,0.918528027801122,3.730482250508691,-2.811954222707527,1.1190586989721387,0.01142862230333441,2.5293124901387616
913,0.6165811980986206,3.4682180827837814,-2.851636884685149,0.8715578687295911,0.008235894384581098,2.6422429956678983
914,0.6921675116218381,3.5426489144028417,-2.8504814027810426,0.9849513122171589,0.009471617985942853,2.594545123022776
915,0.9379484148366742,3.7386004806502107,-2.8006520658134377,1.1502336839006695,0.011938309707901301,2.5139625893172837
916,0.6783890985631075,3.500442908317686,-2.822053809754607,1.0843260531287642,0.010904305239004692,2.5457506366587
917,0.8514253078252437,3.6721318920872545,-2.820706584261984,0.9939202027519123,0.009894979403707989,2.5794778850239433
918,0.6390032316114599,3.5089886868390727,-2.86998545522772,0.9076079758575255,0.008444404568133293,2.6337644584333324
919,0.6153797850915822,3.4615421294576154,-2.8461623443660073,0.9874830385767401,0.009545464317677214,2.5918742937749206
920,0.5950520350170251,3.4590040515330336,-2.8639520165160093,0.8688328707877924,0.008092405417335016,2.648189897659299
921,0.5553488365085201,3.3850190036985404,-2.829670167190102,0.937495890372122,0.009169112537023655,2.6056835708804114
922,0.6424274848752617,3.519627454266065,-2.8771999693908583,0.8481134521548723,0.0077563507537769276,2.6624959302349596
923,0.6759260122282654,3.5379484984462253,-2.8620224862179384,0.900567546210695,0.008446192972583182,2.633692551109324
924,0.6129792448525592,3.4983417173275515,-2.8853624724749807,0.8832166126932846,0.008045788848924916,2.650142243365069
925,0.8571645886400944,3.6971416094789302,-2.8399770208387736,0.9901910583329103,0.009641929316744036,2.588413023860066
926,0.6165410374887784,3.487216910425268,-2.8706758729365447,0.8935182407842563,0.008289477677469237,2.6400459923346298
927,0.7776643013115659,3.584109956415323,-2.8064456551038575,1.028790500502574,0.010454312192545046,2.5604286701748156
928,0.5659920044512233,3.407247548378486,-2.8412555439272182,0.9498125798206014,0.00918444499607096,2.6051111862985588
929,0.4794903044067865,3.3562237846993326,-2.8767334802925006,0.868647065792953,0.007973459693214528,2.653191597390494
930,0.6999636216387358,3.5594074641643085,-2.859443842525593,1.0326968522744995,0.009895337359524858,2.579465390598242
931,0.6354154949055925,3.4714748033466933,-2.836059308441122,0.9749412647579052,0.009515659335998251,2.592950036968296
932,0.7387354463478374,3.6021879525844764,-2.8634525062366265,0.8825909481105114,0.008242193858364767,2.641984044535475
933,0.8109806648994805,3.6648377550157067,-2.8538570901162075,1.0292088428482344,0.009919037194032702,2.5786390438918807
934,0.7163700427685086,3.599191366098738,-2.8828213233301767,0.9014452175079697,0.008258274069838577,2.641323840827706
935,0.8011515255551472,3.605072879931677,-2.803921354376598,1.0359632424811234,0.010566541896209708,2.556716090749042
936,0.5874507221114896,3.399814997719296,-2.812364275607706,1.021531221794631,0.010302445308538483,2.565509321643368
937,0.6531617269738405,3.470272904517851,-2.8171111775441204,1.0123931828179822,0.01014414919447696,2.570876510078678
938,0.49642718227879923,3.379380944939132,-2.8829537626603496,0.8837918210531486,0.008073813343517266,2.6489673411057724
939,0.6661074624239433,3.542208131258144,-2.8761006688341695,0.8453130934342261,0.007737103681066882,2.663331994550804
940,0.6940566864848193,3.4979389374261856,-2.803882250941456,1.0173590048982732,0.010352800287044604,2.5638173712524863
941,0.6808444647908715,3.5321635453757385,-2.851319080584858,0.9905076191656401,0.00952333008385087,2.5926728918966067
942,0.6738409396692674,3.5424481149616303,-2.868607175292368,0.9232222662137728,0.008622808066246662,2.6266574860606915
943,0.6837464177018461,3.5127509952251255,-2.8290045775232784,0.9828003542513373,0.009679088550065733,2.587087942025046
944,0.713228696448246,3.575068498242645,-2.8618398017944173,1.0122395623705112,0.009646685769738967,2.5882431570399347
945,0.7296101682185195,3.5909168844500834,-2.8613067162315247,0.9002455966714233,0.0084496378935564,2.633554077717046
946,0.8245187990422579,3.6677585742266827,-2.843239775184543,1.0647363635635467,0.010432138549176382,2.561166370400995
947,0.7479420056620171,3.582859616191293,-2.83491761052926,1.0124996293162112,0.009944903710916605,2.5777391561468814
948,0.6575039487001874,3.4980633047183782,-2.8405593560181615,0.9652767230810184,0.009361319011951806,2.598569142591064
949,0.5883825996861475,3.422852096497181,-2.834469496811039,0.9047854864866776,0.008760786540978997,2.621250489026607
950,0.8013062582964409,3.691952062996093,-2.890645804699602,0.9363826683181498,0.008546970611320023,2.6296623685190648
951,0.6609529988939954,3.520110674753433,-2.8591576758594783,0.9753703180968469,0.009276146897563764,2.6017055087422056
952,0.5668281107015133,3.4291300611916182,-2.8623019504901777,0.9381920732376039,0.008844435499072713,2.6180094528963345
953,0.5110536004080956,3.3624404292828465,-2.8513868288747517,0.8204430218077867,0.007695416525963425,2.6651492317170313
954,0.6472635819957219,3.481232452605473,-2.8339688706097377,0.9292338846398249,0.009033790411741483,2.6107727417259268
955,0.6987753468463239,3.534904790999492,-2.83612944415313,0.9396223556009082,0.00912572212200649,2.6073080450893635
956,0.6396021265747919,3.5107604206733867,-2.8711582940985636,0.905130385319052,0.008407082910028568,2.6352681865641263
957,0.8048603000759073,3.6539248967016316,-2.8490645966257944,0.9867749067220228,0.009506646473970546,2.5932759274789023
958,0.8271120436935376,3.6442056764370654,-2.8170936327435356,0.9853678439133768,0.009838628301645603,2.5814498566128443
959,0.6583767524551746,3.520614520640797,-2.8622377681856506,0.8644887220897628,0.008062418893891404,2.649444602242537
960,0.8129224097166258,3.6929366835115105,-2.880014273795041,0.9390876689338341,0.008678631565356342,2.624460667876401
961,0.6085465110495448,3.513399823015893,-2.904853311966349,0.8134775132060419,0.00716840564061694,2.688917856576913
962,0.37643632411151484,3.312198349330147,-2.9357620252186507,0.7431867390514308,0.00624569464071494,2.7345956500143003
963,0.6273129059418266,3.4679339084694054,-2.8406210025275413,0.9579219356739643,0.00927992824170115,2.601565721045068
964,0.7397328195105416,3.583864183485502,-2.8441313639749524,1.043426470282256,0.010184986159183586,2.569484793989406
965,0.7572174977818719,3.5991346408562417,-2.8419171430742836,0.9769811293954294,0.00947554689860683,2.5944025575555227
966,0.661662078839177,3.510621921448068,-2.848959842608906,0.8498504003134326,0.0080292616684588,2.6508368495023453
967,0.7620469561835449,3.618857678716538,-2.8568107225329413,1.053318293476233,0.01015037407060294,2.5706640456041865
968,0.5156268088087387,3.3481117559067246,-2.83248494709801,0.9115815334988753,0.008855048036528285,2.617600222433211
969,0.7725836857794007,3.6119151061022516,-2.839331420322992,1.0231790591820036,0.010014380902188074,2.575332347952388
970,0.7163494698952405,3.5725354698964833,-2.8561860000011166,0.9786356863287071,0.00934259478948474,2.5992564509958846
971,0.6802210513214874,3.573446392796852,-2.893225341475386,0.8595398668682277,0.007732094537687578,2.6635498899408203
972,0.7667952761433895,3.6171063373686674,-2.850311061225284,1.0104417181824572,0.009752317591165034,2.5844898465787907
973,0.7428859690766018,3.5452537712022782,-2.8023678021257865,1.0292038184651076,0.010506897283111438,2.5586847539613258
974,0.6893930951520048,3.532061774304268,-2.8426686791522116,1.0670312116314031,0.010464358148382352,2.5600949069982835
975,0.6804139320956807,3.5215194699332675,-2.8411055378376204,0.87547885374173,0.00837769032415318,2.636456652721929
976,0.6977560659936358,3.5756678706004767,-2.8779118046068106,0.951441352069974,0.008829475643409091,2.6185870661211497
977,0.7555443008272874,3.616903823589261,-2.8613595227619726,0.8700654505854306,0.008129372293888704,2.6466488346983756
978,0.72759625241371,3.563868063438179,-2.836271811024403,1.0094787327048171,0.00989623239562099,2.579434151180642
979,0.8139355450617728,3.682526610982251,-2.868591065920441,0.9986762134852261,0.009428140520807045,2.5961262880738714
980,0.5925474933203446,3.4374676493097636,-2.8449201559894846,0.9786426108325401,0.009461798236818988,2.59490167558061
981,0.5359202707876335,3.4100936626075007,-2.874173391819909,0.9187995605706196,0.008522080163853328,2.630653791203762
982,0.6519977445345745,3.492281635988721,-2.8402838914541917,0.9101565746517983,0.008761532042511108,2.621221482167908
983,0.8458197854667929,3.7125798588383607,-2.8667600733716654,0.9024888541200156,0.00842119878861409,2.6346987425299804
984,0.6649565722294625,3.504181509269921,-2.839224937040399,0.9215448817526455,0.00889622086496262,2.6160166913006315
985,0.6105164010805225,3.4853549863859885,-2.874838585305497,0.9029042200858974,0.008348709852313686,2.6376321126360778
986,0.8441807811213863,3.636946440681164,-2.792765659559791,1.0918317021630288,0.011353241957920398,2.53163402578931
987,0.7753977251301108,3.579832072837912,-2.8044343477077973,1.023567015550038,0.010417764813708921,2.56164531927929
988,0.7866193865022438,3.6414678274710597,-2.854848440968908,0.9623793208999936,0.00918045370981191,2.605260105073276
989,0.5396098471661531,3.418448389528972,-2.878838542362928,0.9593472952320821,0.008903667972568132,2.615730970532542
990,0.5603621452526028,3.415598112394107,-2.855235967141425,0.9048283103429597,0.008557111869899915,2.6292591674418078
991,0.8854546336473191,3.7299630994920867,-2.8445084658447968,0.9835746755157562,0.009520299958483594,2.5927823469066884
992,0.7706268943089668,3.6270271732030683,-2.856400278894057,0.8970405739380269,0.008462622202246653,2.6330326087290543
993,0.7183920001822258,3.5572404525493293,-2.838848452367074,0.9870717044418278,0.009619693393186489,2.5892081258996225
994,0.7442224192322925,3.5820024539386774,-2.837780034706384,1.0536152117138342,0.010371265821939792,2.5631987556541724
995,0.7335586268209141,3.6259087773788052,-2.8923501505578315,0.9863832455689088,0.009051519143811719,2.610102143848168
996,0.8375663523792042,3.640096314633824,-2.802529962254539,1.067394756421535,0.010946777148891224,2.5443932325355068
997,0.7033337793171682,3.5596659358226996,-2.8563321565054594,1.016558334360163,0.00975346519987868,2.5844492691002086
998,0.7073943440812996,3.5563089773249987,-2.8489146332436803,0.9386357998943144,0.008984082274979757,2.6126592621467646
999,0.6750083582666008,3.5499000402176395,-2.8748916819509986,0.9515166469549179,0.008860393938611781,2.6173942448119942
