,logR,logI,logS,d_G,p,sigma
labels,$\ln\mathcal{R}$,$\log\mathcal{I}$,$\ln\mathcal{S}$,$d_\mathrm{G}$,$p$,$\sigma$
samples,,,,,,
0,2.556878576903833,3.492754743439401,-0.935876166535536,0.9925661469617848,0.08964644922690579,1.6972656451660373
1,2.6462417687811155,3.5768167265842856,-0.9305749578032874,1.0793004948929008,0.09598905342970694,1.6646176917756577
2,2.6445247547522883,3.5750040024323018,-0.9304792476799548,0.8706027372471725,0.0817336156684518,1.740714612164899
3,2.4963250808015034,3.4596473095849407,-0.9633222287833405,0.9235409916826467,0.08201369607037559,1.7391197800156581
4,2.58929987867497,3.520838848452057,-0.9315389697770797,1.0746779351996718,0.09557630122549521,1.6666887993968758
5,2.566491152212953,3.515840505846423,-0.9493493536333517,1.077586449764309,0.09371024956408491,1.6761426747143975
6,2.7615712600202103,3.704613629293624,-0.9430423692734848,1.0888148475835362,0.09515275525089188,1.6688215264012929
7,2.480080350748145,3.391960075632055,-0.9118797248838746,1.0806349621992934,0.09829065082067916,1.6531976194554447
8,2.6366414014167874,3.631011353035181,-0.9943699516184097,0.9761356164172519,0.08230954963646978,1.7374399226649413
9,2.601215244816095,3.5680694685838117,-0.9668542237676547,0.9533267202312228,0.0836574804030772,1.7298477510662222
10,2.5825378499620144,3.513343023662222,-0.9308051737002643,0.9432963226016833,0.0868377294862406,1.7123199100219213
11,2.7207746907706594,3.6681280677505446,-0.9473533769798905,0.938384114137232,0.08470861680832002,1.723995714513564
12,2.6675458494951187,3.6253136075216754,-0.9577677580265345,1.0426602081611474,0.09051622347555144,1.6926808963459308
13,2.614444432046176,3.5216900577212766,-0.9072456256751593,1.0351706976827089,0.09581274690585252,1.6655014885185349
14,2.574752324128204,3.52156489408125,-0.9468125699530674,0.943294576331958,0.08510292592710564,1.7218156100133912
15,2.753476201309573,3.7054822858155734,-0.9520060845059106,1.095053987951323,0.09451898926343945,1.6720270445148975
16,2.63975178010991,3.630250075344455,-0.9904982952344881,0.9130765395002007,0.07855139253311406,1.7591537789850487
17,2.6720686655689776,3.6293334442053147,-0.9572647786364996,0.9917565212122139,0.0872398543684336,1.7101407206046186
18,2.554269984826638,3.5013405300967624,-0.947070545270094,1.0238062699386172,0.09047745932535523,1.6928844732445893
19,2.5377367512804683,3.5067983701719023,-0.9690616188914873,0.9191810122944544,0.08112534737899722,1.7441935401665143
20,2.620351065831065,3.565295528711698,-0.944944462880585,1.0155899871490441,0.09017253458727377,1.6944882922133155
21,2.5136230736906016,3.4939589410388856,-0.9803358673483444,0.9894709415554066,0.08462899784005677,1.724436917319838
22,2.6570397423249603,3.597516548656721,-0.9404768063317306,1.0282218888539851,0.09150842429763634,1.6874938874154253
23,2.6059687938975373,3.542634706774446,-0.936665912876947,1.0715697274443075,0.09477923579076784,1.670708668663242
24,2.4771814977060473,3.438732176557146,-0.9615506788512675,0.943218957464568,0.08353403422158037,1.7305389177971242
25,2.5940187785739597,3.559352745567257,-0.9653339669932848,1.0231585681162976,0.08842157246611995,1.7037833351124052
26,2.3967561482031585,3.3256025739093755,-0.9288464257062969,1.0437055261629098,0.09385854816099731,1.6753858648580302
27,2.559429094160683,3.504488295853236,-0.9450592016926294,1.075396879290513,0.09406017096070549,1.6743584631508106
28,2.5042301846191237,3.4861587995932193,-0.9819286149742084,0.9648680370450544,0.08285383604647518,1.7343622086109476
29,2.6037405228666928,3.5741034501012643,-0.9703629272346461,0.9518594723251224,0.08319247014210626,1.7324556322103908
30,2.4552513738197974,3.4472034608238054,-0.9919520870039378,0.9316823300643025,0.07964455589943713,1.7527521730498963
31,2.398853473507066,3.3759780689078487,-0.97712459540071,0.9002478464951329,0.07901975507780501,1.756402214039067
32,2.552994391200278,3.4932889879677416,-0.9402945967675578,1.105429610382073,0.09653183938827065,1.6619049233310543
33,2.6846009170274017,3.611464107575746,-0.9268631905482607,1.059386749097549,0.09512209395343428,1.6689762134847659
34,2.7366188118868338,3.6843357828229615,-0.9477169709360851,0.9523310112190102,0.08562272496287816,1.7189541278746712
35,2.5992329390111224,3.529139368370983,-0.9299064293599031,1.0673394321776437,0.09528848646050707,1.6681372379286192
36,2.818830090736802,3.740385834349826,-0.9215557436131121,1.0980391422922249,0.09826907073210896,1.6533036981570237
37,2.7074838328439825,3.6272483950066268,-0.9197645621627544,1.067354099841951,0.09647858833090268,1.6621705239388345
38,2.792406590898841,3.7702752858458246,-0.977868694946892,0.9830994431705211,0.08447225933235603,1.7253064546951775
39,2.6503034888368036,3.6067534228583846,-0.9564499340216344,0.9378941623091293,0.08370967977993242,1.7295557387541776
40,2.544986563244939,3.423645752435658,-0.878659189190671,1.1129749584297655,0.10452719167160605,1.6232910977777717
41,2.688502463792011,3.6378416081259632,-0.949339144333976,1.0374192510957474,0.09111569890602525,1.6895415366098308
42,2.514390775300163,3.46260572657989,-0.9482149512797378,1.0150407949273028,0.08977243622794745,1.696599331860636
43,2.6107477376665345,3.5583298617666483,-0.9475821241001086,0.9554821658062327,0.08585165403845395,1.7176983305337203
44,2.564342857723878,3.5547227417225717,-0.9903798839986848,0.9473302059923763,0.08083571321552559,1.7458575188107919
45,2.6324800024682333,3.5701769581691143,-0.9376969557008579,1.0503266372451572,0.0932770115663572,1.6783591278260612
46,2.6033157147343133,3.56082607163439,-0.9575103569001158,1.0720159584529485,0.09242979172122846,1.682717503182158
47,2.6509461631338724,3.642869903132889,-0.9919237399989242,0.9489435942863607,0.08078561612344717,1.7461458227380815
48,2.491842789517469,3.4774139158855104,-0.985571126368086,1.0463470450664853,0.087718389182354,1.7075579890954264
49,2.6934027494869413,3.601896090438142,-0.9084933409511677,1.027693627966462,0.09515985087709294,1.6687857344624084
50,2.5187044842505117,3.4893764841908816,-0.9706719999403504,0.9278471616390713,0.08154716141810911,1.741778778711563
51,2.6162019477424026,3.5308595642204677,-0.914657616477939,1.077874542105778,0.09777674773951472,1.6557288221776176
52,2.7815070596403673,3.7629925054291538,-0.981485445788735,0.8857415303209217,0.07759634257373947,1.7648061983790038
53,2.5643381276868156,3.5296378455366573,-0.9652997178498026,0.9401092191025051,0.08293158508803469,1.7339239085992093
54,2.547522220301508,3.4921855235666865,-0.9446633032652016,0.9347304406826116,0.08474509923460496,1.7237936618305814
55,2.598323100976009,3.535254591424049,-0.9369314904480461,1.0497135550976382,0.09332448260660076,1.6781158627396147
56,2.6166705350724357,3.514849512801199,-0.8981789777286622,1.0732896289620304,0.09945977367609901,1.6474782963366161
57,2.5239503159053727,3.4615184634575606,-0.937568147552156,0.9785876658905073,0.08851355158674169,1.7032913872670594
58,2.387061128627684,3.35714458184612,-0.9700834532185354,0.93943849439086,0.08238911667877252,1.7369889763381832
59,2.634685313714377,3.5808462310738522,-0.9461609173595207,1.0030000757287694,0.08920224765721711,1.699620947027571
60,2.5626424887668606,3.518442542939417,-0.9558000541725278,1.038402666236906,0.09045902372569371,1.692981315730702
61,2.626318912618436,3.6087990087279995,-0.9824800961096116,0.8971274542839471,0.07827301198318817,1.7607955578324432
62,2.567852071040184,3.5051824483318303,-0.9373303772915733,1.0653129063750928,0.0942964183290651,1.6731568706558464
63,2.69228643556402,3.651565449305791,-0.9592790137418206,0.9631815062208589,0.0851184416478909,1.721729991983091
64,2.655237751439691,3.604171920301995,-0.9489341688622517,1.0416083877965858,0.09143419584942357,1.6878803684270614
65,2.5858515115536336,3.556721205409565,-0.9708696938560024,0.9571905841619095,0.0834951980648052,1.7307565298294416
66,2.706045857443988,3.644478958502638,-0.9384331010586493,1.0387536659603887,0.09243379993128957,1.6826968082714315
67,2.5778868778432895,3.5533784960070247,-0.9754916181638009,0.9473256376502528,0.0823576688975189,1.7371671644666384
68,2.6432793244987267,3.6080833212281616,-0.9648039967294153,1.013761990927138,0.0878683408275392,1.7067510143093723
69,2.5269402559172165,3.4572981809970327,-0.9303579250797611,1.0221089896438498,0.09225062878186586,1.6836432817435925
70,2.8420867997934836,3.740075538895679,-0.8979887391022885,1.219397503706596,0.10888796687173916,1.6032115022996267
71,2.5755838567424605,3.5064150061537505,-0.9308311494113468,0.9148442060035071,0.08484648208204695,1.7232325366898373
72,2.4688256329195526,3.420203005360922,-0.9513773724412431,0.9627920726840515,0.08593823196851084,1.7172241098505443
73,2.5519867554535183,3.5117600403989955,-0.9597732849455269,0.9906298831539264,0.08689390410121649,1.7120150005233297
74,2.395803027585194,3.3722304910149465,-0.9764274634298999,0.8318605376148174,0.07435164442454194,1.7844433985081074
75,2.627361271742862,3.5259123244771025,-0.8985510527343195,0.9931887744476546,0.0939625281925131,1.67485579696064
76,2.593065109136424,3.50041641324113,-0.9073513041047363,1.0177790423047555,0.09462075091345235,1.6715111869784856
77,2.6513105595611166,3.6048793372365524,-0.953568777675514,0.9819079045936852,0.08698529398577953,1.7115192863437854
78,2.5099909363240074,3.4410081480747228,-0.9310172117507136,1.0127007815571047,0.0915464857109954,1.6872958129523683
79,2.5245988167596267,3.475888810342003,-0.9512899935824635,1.0872037385778526,0.09410248879547704,1.6741430500098486
80,2.667631208276694,3.5892091780892756,-0.921577969812688,1.138635235928236,0.10086924889026656,1.640654047437933
81,2.5215025755128324,3.481162554375008,-0.9596599788621916,0.9575961090090979,0.08470286937262142,1.7240275522796689
82,2.577799118066983,3.5181609900947213,-0.9403618720276654,0.968204432302938,0.08750121032502149,1.7087287268050795
83,2.658590938174362,3.653096668955636,-0.9945057307812704,1.053070005018421,0.08718675692942493,1.7104280003145858
84,2.598997665582479,3.5140861729298165,-0.9150885073473773,1.02353863045098,0.09410655450555377,1.67412235815957
85,2.5735090218878356,3.505706756526426,-0.9321977346386348,1.0541190712430843,0.09415750444526205,1.673863116476409
86,2.585295949114189,3.5542243087986933,-0.9689283596844689,0.9841750046425857,0.08548710677797398,1.7196993460252272
87,2.3281539879088684,3.2730120871854607,-0.9448580992766438,1.0779948729920643,0.09425015675465426,1.6733919743539134
88,2.648755030734938,3.6128588425768835,-0.9641038118420511,0.9729545048929122,0.08525755886070821,1.7209628860376118
89,2.592764671414207,3.5479202082600723,-0.9551555368458367,1.0105977971169566,0.08871378865506997,1.7022218479202884
90,2.5709933470291078,3.5526774928927165,-0.9816841458635963,0.9354912621250331,0.0809338596993626,1.7452931155399927
91,2.428738229071192,3.4179502680354568,-0.9892120389641832,0.9377070511941297,0.08031861958187772,1.7488403515445632
92,2.705571173577701,3.625265671841906,-0.9196944982642208,0.9706098184519307,0.08996417405953215,1.695586722271674
93,2.575335628843382,3.5072017998468152,-0.9318661710034348,1.082346943378662,0.09603549501802679,1.6643851036570596
94,2.575920303873309,3.524044684982979,-0.948124381109551,0.9405002749482447,0.08477126852940664,1.7236487702799919
95,2.5982962844240007,3.535118708038033,-0.9368224236139895,1.039340290886927,0.09265575537962155,1.6815519465495141
96,2.589859525731518,3.573520694932189,-0.9836611692006727,0.8828435199972446,0.07718399223556978,1.7672642008754835
97,2.5268021656462367,3.4673735906104484,-0.9405714249642187,1.0258042643998224,0.09133810402236807,1.6883810589806307
98,2.53755445659896,3.4807963378868103,-0.9432418812878041,1.035234641850891,0.09165802819582515,1.6867157184057486
99,2.6485952118389293,3.60031370551154,-0.9517184936725016,1.0230082679522428,0.08990795882634146,1.6958834271119665
100,2.5486690780587566,3.479403452561194,-0.9307343745024355,1.0290913785398508,0.09267274087856295,1.6814644248971815
101,2.6037891911919275,3.5581568385870868,-0.9543676473952019,0.9325830387979013,0.08356695328499801,1.7303545253772883
102,2.4631889450218893,3.3882389439676825,-0.9250499989458376,1.0015716140985302,0.09147470405447193,1.6876694254285072
103,2.475215075472866,3.412837061188162,-0.9376219857152819,1.0695565489445262,0.09453826463062805,1.67192929826597
104,2.6716628400847555,3.6027845215381977,-0.9311216814534191,1.0842427431566741,0.09624531132535744,1.6633354251818864
105,2.654922256891942,3.6173927577131626,-0.9624705008213823,1.0195440301003622,0.08849885635057776,1.7033699566750196
106,2.628013589365074,3.5775300983665246,-0.9495165090014552,1.0194023710917504,0.08991541610817258,1.6958440588777899
107,2.586571607695183,3.518208585341878,-0.93163697764669,1.0073310722628175,0.09111608534832809,1.689539518235812
108,2.644302477510101,3.5854566964024586,-0.9411542188922795,1.0747651336660005,0.0944679707997698,1.672285838554138
109,2.5596480095365366,3.524476305125719,-0.9648282955892,0.9619927705087583,0.0844502702255446,1.7254285479387657
110,2.606261895911294,3.5656835313552606,-0.9594216354439595,0.9917463732573255,0.0870057472972477,1.7114084017022215
111,2.482878847536304,3.4681776408708154,-0.9852987933344366,0.8519381525367549,0.07490062205898868,1.7810724113790717
112,2.3972701162644996,3.375490380480136,-0.9782202642155653,0.9230568872144209,0.080453006772012,1.7480636480995821
113,2.3847051428959873,3.3388949759963222,-0.9541898331003722,1.0266515131262133,0.08987258311481917,1.6960702172088853
114,2.6267937493369033,3.565237794536183,-0.9384440451992759,0.9758039530709637,0.08822806858568306,1.704819633715808
115,2.745305963667525,3.694947002646923,-0.9496410389793937,1.1114667688959048,0.09582788933692217,1.6654255308257813
116,2.739402146557373,3.6713802741962485,-0.9319781276388994,1.178297143395581,0.10209279956771669,1.634791326810992
117,2.7610879952749117,3.720837541582792,-0.9597495463078758,0.9856376768376152,0.08656577249872922,1.7137983176489542
118,2.580982107323044,3.5740162229051813,-0.993034115582077,0.8180006197543839,0.07180975466805663,1.8003223446477978
119,2.4365666128744494,3.4112548996705496,-0.9746882867960949,0.931175262367578,0.08135918403072985,1.74285363883679
120,2.6636169318664913,3.5978047388588448,-0.9341878069923268,0.9369363010273744,0.08602724159388972,1.7167369721008654
121,2.559352601209176,3.4833226493128664,-0.9239700481036834,1.0847447767636684,0.0971195616461029,1.6589812945073832
122,2.68948117553156,3.630198805851006,-0.9407176303194547,1.0898492717600363,0.09548804275532677,1.6671325916887851
123,2.6012482155286905,3.5282005908947345,-0.9269523753661133,1.0588881940978614,0.09507894092952711,1.6691939893474466
124,2.60961752177831,3.5835643205093146,-0.9739467987310491,0.9216201434082509,0.08079096601595054,1.7461150277007498
125,2.749845572504674,3.665700664764612,-0.9158550922599034,1.158874588530953,0.10284969868139798,1.6311925411368753
126,2.701359665569035,3.6268217431151926,-0.9254620775461717,1.0543548561362173,0.09495411501983116,1.669824381334235
127,2.74642917749633,3.642320222259358,-0.8958910447629478,1.1571370613205678,0.10522659354121713,1.6200264579498063
128,2.4627791229867086,3.4109065552209796,-0.948127432234287,0.9986804589232512,0.08869784082647346,1.7023069597541463
129,2.4616202800316302,3.390215135570648,-0.9285948555390178,0.9942451152761591,0.09057691139651355,1.6923623236392202
130,2.856272817649247,3.7913124312333673,-0.9350396135841947,1.122555572922337,0.09823680625763595,1.653462331546147
131,2.5522056799712716,3.488533293476529,-0.9363276135053411,0.9965401087942458,0.08986361537876122,1.696117577865788
132,2.5754186342072587,3.5035550995860008,-0.9281364653788842,1.0275219793695838,0.09286575659556523,1.6804707710228388
133,2.484814918846601,3.4494693837951247,-0.9646544649484667,0.9321998296395702,0.08246387809916852,1.7365655875055492
134,2.578072858031638,3.5246568589239033,-0.9465840008921305,1.0500476475695648,0.0922480658716087,1.6836565353976451
135,2.5909422774864113,3.485922726837695,-0.8949804493513511,1.1326961756010732,0.1037643124725457,1.626871874758666
136,2.6663638793265734,3.585675188683926,-0.9193113093574539,1.0626249195820732,0.09622039280483607,1.6634599927947447
137,2.6113838201657615,3.5649589809444246,-0.9535751607786551,1.0304664740681617,0.09018977623409302,1.694397489652216
138,2.6126168089286836,3.591186997984526,-0.9785701890558585,0.9377869421299612,0.08140475029060115,1.7425929047468622
139,2.702516861646464,3.604366125565226,-0.9018492639187343,1.2223023566492717,0.10857270773688743,1.6046415689566134
140,2.4603174053568098,3.4481350982720493,-0.9878176929152005,0.9159659479441524,0.07901139943772327,1.7564511858819714
141,2.677714409561523,3.6064785879602552,-0.928764178398751,1.081054921091006,0.09631505781160174,1.6629868998510227
142,2.6224000599151993,3.569317588197585,-0.9469175282824835,1.0895779490688224,0.09475482584425635,1.6708322029779372
143,2.3804672414453223,3.313417823500075,-0.9329505820546729,1.0492741559850043,0.09375260802035784,1.675926409538837
144,2.6360234972344103,3.6155387793169234,-0.9795152820825024,0.9432241825130814,0.08167049493217772,1.7410746459006627
145,2.7032026701967795,3.6011899667463108,-0.8979872965495588,1.1287491277264656,0.10313272203393023,1.6298522765807253
146,2.770091589248628,3.713306639727778,-0.9432150504791252,0.9887064519958724,0.08857255931358624,1.7029760029544299
147,2.401519127696807,3.315039365408744,-0.9135202377118503,1.0427505039711364,0.0955817057132801,1.6666616345383582
148,2.7181848463890135,3.6772225125655633,-0.9590376661765276,1.0308037075976957,0.08960751925999268,1.6974716883662329
149,2.6591598225119157,3.564106363959944,-0.9049465414481119,1.0443087755421607,0.0967020013974405,1.6610569902124457
150,2.586561985162112,3.505459287669954,-0.918897302507844,1.0895560343890485,0.09803524360422966,1.654454289375783
151,2.924958473933876,3.8485171501199313,-0.9235586761860759,1.1501199155877164,0.10135559207773324,1.6383169574335124
152,2.5870139490194703,3.5324278202356916,-0.9454138712162603,1.0131185992105824,0.08995665263544886,1.6956264118110203
153,2.5686149350042258,3.4864749065176377,-0.9178599715133942,1.0492535930825375,0.09550534927404071,1.6670455430032387
154,2.786780562492132,3.6859741872642933,-0.8991936247721242,1.1473846868215842,0.1041856349661013,1.6248917097780955
155,2.6513255444051453,3.5668428035226953,-0.9155172591174505,1.1831999930350419,0.10441871341813042,1.6237990006955647
156,2.596699205917153,3.5596467324474728,-0.962947526530229,1.0054331544864248,0.08752533025853514,1.7085985887675348
157,2.537032020770303,3.4965697754665315,-0.9595377546961572,0.9624318930553337,0.08504061392096188,1.7221595840251527
158,2.77649958194626,3.690016312332516,-0.9135167303861635,1.0685949527848495,0.09730115279359636,1.6580808291866524
159,2.8138258801405898,3.7424423673689904,-0.9286164872283962,1.1358623761625695,0.09984464967650143,1.6456072298818605
160,2.6740647217501334,3.6054032710210557,-0.931338549271004,1.0336404547949927,0.09290564610007937,1.6802656247533907
161,2.553894566689897,3.518337530541077,-0.9644429638511838,1.0014370948008224,0.08710177266610977,1.7108880952804848
162,2.6278556831535895,3.637624373561651,-1.0097686904080092,0.929777136125987,0.07775834260177203,1.7638434339039022
163,2.716074611462878,3.6506445813725894,-0.9345699699096031,1.1621266464720585,0.10077668215680134,1.6410998872745934
164,2.610411573620914,3.5193510643930215,-0.9089394907721271,1.047586034035978,0.09644719538639858,1.6623271576650231
165,2.9176805719160854,3.8345756676465785,-0.9168950957305242,1.06660547608356,0.09676854887084568,1.6607257025874864
166,2.654606381031036,3.588281792999409,-0.9336754119682382,0.9583640307327215,0.08756286500054447,1.7083961292567311
167,2.4744755419798055,3.462090073694134,-0.987614531714371,0.9617884085811059,0.08206668048155215,1.7388185735429496
168,2.5457957060307224,3.4665682493997747,-0.9207725433691394,1.022015607442636,0.09334458916917854,1.6780128567016313
169,2.4925353835499124,3.409138611476504,-0.9166032279266574,1.0544909170205794,0.09600119859352273,1.6645568578390708
170,2.6212207032533485,3.5966398257132117,-0.9754191224599253,0.9644188806423233,0.08350002362346659,1.7307294861437983
171,2.5266803401791464,3.493017683627858,-0.9663373434486857,0.9256108771284293,0.0818425034502303,1.7400940580752737
172,2.5737270925338778,3.535874571143776,-0.9621474786098361,0.9793606529464016,0.08589185857067741,1.7174780667841585
173,2.5415722977391995,3.525763490011252,-0.9841911922719646,0.8913694552069122,0.0777124572093274,1.7641159643548894
174,2.478257325150358,3.403110315335241,-0.9248529901848315,1.0610102831421695,0.09546346104204298,1.6672562550170238
175,2.501117055751925,3.3654565091214406,-0.8643394533696664,1.1341003129518286,0.10777032147892217,1.608296204766135
176,2.689369651205189,3.623934959852211,-0.934565308647052,1.0211577594689427,0.09170885378686502,1.6864515799185156
177,2.416149458606006,3.4119703330711197,-0.9958208744651529,0.9114703503809858,0.07791828559927479,1.7628944955736718
178,2.669326614565071,3.6085932485301204,-0.9392666339650759,1.0341597359517696,0.09203679904992652,1.6847500842867078
179,2.6421495851676498,3.6035757052231125,-0.961426120055421,0.8843902703634832,0.07951229952720062,1.7535228575861057
180,2.7287303887340983,3.6558496913014404,-0.927119302567462,1.0807881622551074,0.09649091979484797,1.6621090077918168
181,2.398373909278908,3.3612879153902573,-0.9629140061113048,0.9707908915713095,0.08524013598676743,1.721058902008184
182,2.521589502590237,3.4892120451712416,-0.9676225425811253,1.0209613808869564,0.08803043539194585,1.7058799398662923
183,2.6689142295272092,3.598768481923941,-0.9298542523968081,1.102095430856122,0.09754525553346907,1.6568724987349015
184,2.617081121105676,3.5751348611835323,-0.9580537400779576,0.8871888136061412,0.08005067756838952,1.7503921040309989
185,2.6218697887744526,3.572331377274383,-0.9504615884999339,1.0145847396911167,0.08949342582196455,1.6980759619503427
186,2.61890526028582,3.599253652881156,-0.9803483925953742,0.9545231007063952,0.08233465961475656,1.7372975736714635
187,2.4584565540990213,3.40260383819069,-0.9441472840917413,1.0141031073061313,0.09016298283830775,1.694538602196957
188,2.580084453216719,3.490811443524248,-0.910726990307694,1.092481561725017,0.09920670131608057,1.648711752385766
189,2.6475160223389964,3.5566277131163413,-0.9091116907773085,1.062934730301399,0.0974513562067916,1.6573370224659068
190,2.4668637394221293,3.383994708032889,-0.9171309686107634,1.0531967080251587,0.09585309410846295,1.6652991195718514
191,2.516269950802658,3.4667334164508667,-0.9504634656482267,1.0239657418535455,0.09011007063427764,1.6948173735994796
192,2.6117294310231416,3.582800553294532,-0.9710711222713826,0.9938194084094012,0.08589231577893015,1.7174755624112674
193,2.7404942366882694,3.6724779116640094,-0.9319836749756405,1.0483188678378168,0.0938011063064713,1.6756788930823754
194,2.6142456862054275,3.533148468282532,-0.9189027820769979,1.0788986497971302,0.09733850602279095,1.6578957704413522
195,2.6059315879546063,3.5249130622802647,-0.9189814743256193,1.0570072448695484,0.09588796447134937,1.6651242756646925
196,2.6535687089693654,3.6184771631583907,-0.9649084541890716,0.8874712241369811,0.07937317711684148,1.7543346775141702
197,2.549916525998461,3.4590911724169238,-0.909174646418478,1.0266879414651007,0.09501158696449835,1.669534055864591
198,2.470416344309561,3.3803765942954525,-0.9099602499858293,1.0711186706785538,0.09789279544391805,1.6551563078718547
199,2.602705242895118,3.5597439092188297,-0.9570386663237969,0.8899016602281988,0.08034359240014247,1.748695938966591
200,2.5690770894691384,3.522787554000589,-0.9537104645314685,1.0242097189793495,0.08976600371496683,1.6966333335471215
201,2.5655989449398846,3.5793758246783205,-1.0137768797385434,0.806576542770626,0.06912518242374599,1.8176007140667996
202,2.6089976830726216,3.54192130801264,-0.9329236249399173,1.048214450124661,0.09368604786915712,1.6762662739969565
203,2.523985125243249,3.5153607718650233,-0.991375646621691,0.9980167761888199,0.08402879676897106,1.727773742057555
204,2.4183515915127516,3.396553716550924,-0.978202125038024,0.8913923990428532,0.0783080831981794,1.7605884602215116
205,2.4326712168665297,3.401653925730948,-0.9689827088644734,0.9502403188779054,0.08322817904259734,1.732254950775756
206,2.6275218878064295,3.5278840719108726,-0.9003621841045515,1.1780928468763345,0.1059964218390464,1.6164529327185766
207,2.614095774427929,3.5464523293220105,-0.932356554894227,1.1631214434181394,0.10110525244863032,1.6395188295224894
208,2.7851449395901597,3.723683398444089,-0.9385384588538273,1.0625725576627554,0.09397928056103835,1.6747704409818882
209,2.5915180291177564,3.5376763903085044,-0.946158361190669,0.9980137213171836,0.08887049807198716,1.701386161894101
210,2.4738543334816456,3.4419169527943994,-0.9680626193127182,0.9869892171623187,0.08576453632774814,1.7181758980280015
211,2.4161771553892692,3.3467142678756,-0.9305371124863768,1.0426837257117951,0.09359615308235693,1.6767255955873215
212,2.5836922868684185,3.564217990235513,-0.9805257033669932,1.007706108729773,0.0857904972229247,1.7180335429279798
213,2.566727948878102,3.4963697535378295,-0.9296418046596955,1.1542487478530912,0.100878669516428,1.6406086920691039
214,2.542659058864038,3.517185008807408,-0.9745259499434269,0.9252430051506653,0.08097640029842829,1.7450486532784393
215,2.756726580755631,3.7186106035433384,-0.9618840227876717,1.0527843752606514,0.09071125040612461,1.6916577401620476
216,2.563278019847749,3.514334609151637,-0.9510565893040166,1.0485157604859936,0.09164464872252266,1.6867852705436508
217,2.7725081124235573,3.6636929096427058,-0.8911847972191254,1.1488506084732293,0.10528806982336805,1.6197403257637484
218,2.5163823696702736,3.41230475626119,-0.8959223865908825,1.1554071521288716,0.10511170026907521,1.6205615674001843
219,2.658824548425392,3.597511538211045,-0.938686989785765,1.06418774437852,0.09406716918106128,1.674322834306673
220,2.7780879644353633,3.6322863330526904,-0.8541983686174035,1.1309547518230336,0.10889048729946235,1.6032000824346866
221,2.5599848269051706,3.5260219800713695,-0.9660371531662122,0.9764926104559972,0.08528685747894062,1.7208014596180354
222,2.5211179148041,3.4354186195232885,-0.9143007047192668,1.0213578749890515,0.09405098551321142,1.674405230676881
223,2.4598148163104185,3.3923584469526635,-0.9325436306422716,1.057133074269663,0.09431511261942391,1.6730618915431221
224,2.7157321693493857,3.6617808955068125,-0.9460487261575281,1.1052595645470789,0.09585170722265653,1.6653060746254318
225,2.414875493145806,3.385188053459425,-0.9703125603135732,0.9327905447038471,0.08191785177499906,1.7396650381128949
226,2.5317973859825913,3.502974770033442,-0.9711773840508613,0.872703261271166,0.0777204937353065,1.7640682229662727
227,2.6324390564671973,3.5910513816837626,-0.9586123252166772,0.997891880322026,0.08749942636645529,1.7087383532242608
228,2.6983926164233396,3.6210004986352913,-0.9226078822119916,1.1046474351803153,0.09857049418400739,1.651823708047295
229,2.682286767717861,3.6292633226008744,-0.9469765548830082,0.9686685149560255,0.08681107073239518,1.7124646664605587
230,2.5551186342072385,3.4969309822014414,-0.9418123479941869,0.925287425362298,0.08439729843041634,1.725722776426004
231,2.672804204760715,3.6053403144491685,-0.9325361096883853,1.0839792456647839,0.09606276385281758,1.6642485782005103
232,2.639785289850684,3.5793821002298087,-0.9395968103790437,1.084157972700473,0.09525268439612015,1.668317658081853
233,2.4958027744411226,3.4382112671930014,-0.9424084927518379,1.0712609732985263,0.09409769300077535,1.6741674584429214
234,2.5669129542677553,3.4788196185630835,-0.9119066642953157,1.2051388246519146,0.1062341163158015,1.6153537203323936
235,2.6596569371501944,3.646824487608782,-0.9871675504585937,1.0259357099670008,0.08625487542831235,1.7154930123612635
236,2.6708242177488644,3.5873153279953045,-0.9164911102463975,1.016510974401697,0.0934686226821025,1.6773778256196887
237,2.536956490997787,3.452599759265985,-0.9156432682682407,1.0782435527502106,0.09768340385869703,1.65618972268938
238,2.7236888111444757,3.62840606309098,-0.9047172519464084,1.0353395175994042,0.0961238772087914,1.663942717753352
239,2.637216343055903,3.5583536616881424,-0.9211373186321907,1.1047235282568193,0.09875122435201296,1.650938054505162
240,2.689727487183623,3.6402524780807908,-0.9505249908970654,1.0064345835756439,0.08894825300778537,1.7009719579512776
241,2.46703641384635,3.4159092441363,-0.948872830289929,1.0533854000649665,0.09220605022450182,1.6838738543419378
242,2.7836285874852735,3.6800352237294205,-0.8964066362441372,1.1504801053468912,0.10473428883491705,1.622322615284343
243,2.63635881981144,3.605701482727978,-0.9693426629165742,1.0366971588370044,0.08885850586855375,1.7014500708739002
244,2.3548458427746852,3.3185608217941422,-0.9637149790194144,0.9904814742825996,0.08645970003997648,1.7143759635900013
245,2.505050998715993,3.4643634329145283,-0.9593124341985231,1.0105008286152182,0.08825261556155047,1.7046880724207532
246,2.5060494694508777,3.445036275426855,-0.938986805975901,1.036840184789186,0.09224501374867394,1.6836723193175975
247,2.4888430866815185,3.4533267575383086,-0.9644836708569073,0.859038262673768,0.0774321011318014,1.7657839563593651
248,2.4820423540907,3.4498351613033997,-0.9677928072127315,0.9271696120822306,0.08179793350560526,1.740347982248345
249,2.606753413510765,3.5557092747259955,-0.9489558612152678,0.9840345263799486,0.08762932029320575,1.708037846172607
250,2.4559991182763867,3.4280699257880802,-0.9720708075116136,0.9644732272321979,0.08385352858743647,1.728751786030417
251,2.6570254781644196,3.5731694460804833,-0.9161439679160139,1.0919127281725112,0.0985180257749007,1.6520810680648803
252,2.25146235203396,3.1779970736748564,-0.9265347216409054,0.9532092878108027,0.08799556493962019,1.7060672197326734
253,2.5373458099834267,3.5119586503369953,-0.9746128403536432,0.9545256237486968,0.08292797342575824,1.7339442614947544
254,2.756496029832866,3.672303134532853,-0.9158071046999794,1.015472983749587,0.09347763181177635,1.6773317267078012
255,2.4815599275057054,3.4602356586248315,-0.9786757311190968,1.0030191813750093,0.0856835056923181,1.7186204490245673
256,2.398313784320172,3.3280060580541204,-0.9296922737338491,1.0398681095135671,0.09350721249608047,1.6771803900488427
257,2.5235727054023216,3.4575985117113306,-0.9340258063090232,1.0005430282521222,0.09039071747283413,1.6933402679868719
258,2.6144827054401873,3.599595735180594,-0.9851130297403188,0.9169001517273547,0.07934437157316154,1.7545029108400512
259,2.7502816278947564,3.7003629764991985,-0.950081348604499,0.9752783870371902,0.08691942471159522,1.711876530082585
260,2.5934808187138203,3.5932494647822613,-0.9997686460684463,0.8951048546968603,0.07644033007849797,1.7717243228777324
261,2.6589058867132196,3.5653627023523478,-0.9064568156391033,1.1776268809203878,0.10519981060040606,1.620151156642784
262,2.4477241634797253,3.3860165768174064,-0.9382924133376491,0.9921694393080354,0.08935052927452568,1.6988336612503117
263,2.6595185177422906,3.6125429315877704,-0.9530244138454691,0.9876860074061318,0.08742983216111362,1.7091140141710455
264,2.507396499343932,3.474650458656256,-0.967253959312302,0.9896148036752086,0.08602358595259103,1.716756970914838
265,2.831289759051734,3.7826535284549956,-0.951363769403315,1.0729010849443994,0.09318107373396503,1.678851064142951
266,2.637115095882328,3.5689348581692113,-0.9318197622868638,0.9900019012119199,0.0899268623077936,1.6957836375941888
267,2.792815311319251,3.7032765806372594,-0.9104612693180343,1.1326415101130762,0.10184228499724142,1.6359871107745934
268,2.782403045278548,3.666976714736649,-0.8845736694580637,1.1685844408073096,0.10740249445428698,1.6099787545752773
269,2.614872268523405,3.546377324386292,-0.9315050558628855,1.0668134574894903,0.0950681865258778,1.6692482747987258
270,2.707267818858091,3.650341582721501,-0.9430737638633673,1.1198740454702802,0.09712168145495087,1.6589707751406058
271,2.5835795770697048,3.540472654610625,-0.9568930775410536,0.9209504243723061,0.08250526338620916,1.7363313481637244
272,2.575610092843013,3.547096893066279,-0.9714868002232606,0.9688696343358509,0.08420608177450355,1.7267861221721825
273,2.373690568908492,3.3212354241367383,-0.9475448552281023,1.011731970039568,0.08962812819143037,1.697362603258557
274,2.3996214228998185,3.385767941847949,-0.9861465189482033,0.8700600451965603,0.0760666021893921,1.7739791317376354
275,2.445251194045787,3.391916436822538,-0.946665242776703,0.9973876629611231,0.08877284731408329,1.7019067655909916
276,2.797477718001565,3.7532031294570705,-0.9557254114555462,0.9597674680576098,0.08526796338937088,1.720905555134029
277,2.6859569424456056,3.630359068580806,-0.9444021261351736,1.073271758884569,0.09399872635724513,1.674671376860955
278,2.6611601548270216,3.5731735673106804,-0.9120134124837023,1.0249237888344311,0.09455919334393219,1.6718231859100083
279,2.596836175931563,3.564676997492055,-0.9678408215605714,1.0036468727949188,0.08688048554187976,1.7120878204868764
280,2.604804934255631,3.5365100405047376,-0.9317051062490691,0.947302165309249,0.08701664198185027,1.7113493463488525
281,2.6181156953593843,3.5343957491475515,-0.916280053788114,1.0735957234249378,0.09730209113786426,1.6580761796612884
282,2.4877043178557785,3.449588595143425,-0.9618842772875951,0.9060854657387145,0.08096678728268011,1.7451038859653984
283,2.6172004605431227,3.5814372531122403,-0.9642367925690678,1.0633014204054794,0.09112215239626867,1.6895078311684797
284,2.539425411999096,3.4691419154117757,-0.929716503412692,0.9113332611643596,0.08471919726604417,1.723937108920584
285,2.7645381005537417,3.68158533707711,-0.9170472365233309,1.1110117538903161,0.09964859688779486,1.6465596160189988
286,2.457804907632854,3.4566133402838966,-0.9988084326510034,0.9374382505370571,0.07933972518200173,1.7545300518595421
287,2.792210567339103,3.7393320813245974,-0.9471215139853939,1.0401948092319069,0.09154571516349976,1.6872998222831175
288,2.4187854193106575,3.3994301171415384,-0.9806446978309395,0.978154677196466,0.08385841469205099,1.7287244978264975
289,2.5165394749447985,3.461176358738776,-0.9446368837940327,0.9854190987690434,0.08819527744812414,1.7049954262427671
290,2.6834874010926257,3.593504412577128,-0.9100170114845696,1.112494742325178,0.10059668548928907,1.6419677610502135
291,2.767823120736003,3.752158437278347,-0.9843353165422286,1.0184379682898776,0.08607650478663821,1.7164675362852189
292,2.48629878664905,3.4631209316441898,-0.9768221449951398,0.8682407382578119,0.07685309298292219,1.7692444275940307
293,2.5524022902675285,3.47921003279531,-0.9268077425277852,1.0072169955336288,0.09165615009189121,1.6867254810888013
294,2.4809447763584473,3.4220616678292104,-0.941116891470756,1.0680362722284893,0.0940375299517582,1.6744737460170243
295,2.7148592251445423,3.6900147110629464,-0.9751554859183216,1.0250437635427718,0.08748019424906814,1.708842141713277
296,2.5565295228257043,3.4967889201890814,-0.9402593973633202,1.0480833307082125,0.0928377503971813,1.680614845342136
297,2.788097739145192,3.72579325257489,-0.9376955134297305,1.0570269446781633,0.09371494216953759,1.676118712304091
298,2.5618420846744727,3.513997887312233,-0.9521558026376624,0.9810880439756895,0.08708375658233342,1.7109856788144358
299,2.4401344708223776,3.4305146911395554,-0.9903802203170926,0.8993341343488499,0.077640952461401,1.7645409190714278
300,2.7437646918386833,3.67662740080778,-0.9328627089690826,1.124779856546638,0.09863592831906105,1.6515029037574365
301,2.7174297241948495,3.691461710892376,-0.9740319866974687,0.9854061965626062,0.08502725360809293,1.7222333620030204
302,2.6867226573650584,3.6841280379158516,-0.997405380550731,0.9263774722048277,0.07875071078535073,1.7579811847927418
303,2.5969622235548884,3.540687862152883,-0.9437256385979254,0.970285798375428,0.08727450571653957,1.709953318165492
304,2.3808634263636947,3.362882782079359,-0.9820193557156927,0.9185083180792522,0.07976306909381198,1.7520624560909643
305,2.604957520765075,3.5629023965005033,-0.9579448757355067,1.0532739111815457,0.09118086615307985,1.6892012677028703
306,2.4814987886495516,3.436528186728054,-0.9550293980786364,1.0103712724732208,0.08871272646169148,1.7022275163480132
307,2.3628725504789743,3.338403275074033,-0.9755307245950462,0.8812623068119354,0.07787923493521078,1.7631260358476484
308,2.646588857537941,3.5808177009898263,-0.9342288434519332,1.040943120224613,0.0930575648688776,1.6794849740715898
309,2.5037760420359434,3.44952012806286,-0.9457440860268207,1.0172768649240533,0.09019492552291174,1.6943703738024716
310,2.4536361185052926,3.4071094853927897,-0.9534733668875788,0.9463171510192412,0.08459783729782246,1.7246096826635025
311,2.654571044564014,3.5961782179143555,-0.9416071733503486,1.0586563709903039,0.09337313911119625,1.677866625762948
312,2.522182447870469,3.484545985443408,-0.9623635375729691,0.9582009593335801,0.08445703283655229,1.7253909961936151
313,2.520927905121758,3.4980138310622073,-0.9770859259404006,0.9190842114916151,0.0803004246614182,1.7489455919306176
314,2.754012299097431,3.6864488018358785,-0.9324365027384829,1.0301758528710514,0.09255029086704551,1.6820956649733318
315,2.600883625952511,3.5743417786127307,-0.9734581526603279,0.8453941075633349,0.07559050074108646,1.7768647171350787
316,2.5001666048268505,3.4565511880796707,-0.9563845832527704,0.9795794327493914,0.08652545724359345,1.7140177977780937
317,2.5032419041700593,3.4453858427671293,-0.9421439385971553,1.005326920053678,0.08980304635106168,1.6964375563655654
318,2.458041049040267,3.4264579725728486,-0.9684169235326863,1.029753178161342,0.08851244249029853,1.7032973167845733
319,2.755111117487209,3.710303411504665,-0.9551922940174791,0.957776423051482,0.08519064232649674,1.7213317439343625
320,2.499541147050073,3.4463681767374283,-0.9468270296872561,0.9634356623625582,0.08647313908917031,1.7143027460029778
321,2.6345977272885563,3.5887749362080013,-0.9541772089194183,0.9933803729149189,0.0876830371219749,1.7077484006378485
322,2.5164264248839943,3.4869865073752035,-0.9705600824911471,0.8622958277575359,0.0770575698768705,1.768019942010064
323,2.4943823732481776,3.475430931397883,-0.9810485581497232,0.96225871928924,0.08277308275056339,1.7348177977316976
324,2.708560492046891,3.657385807368058,-0.9488253153211872,1.0814063093227622,0.0940144084403611,1.674591498464329
325,2.4079214315605584,3.385610936585762,-0.9776895050251824,1.0027215204318076,0.085768742926794,1.7181528290162043
326,2.472265638457307,3.3907198575404487,-0.9184542190830598,1.0339531110436773,0.09441472085888211,1.672556071396639
327,2.5424796259851434,3.5234232922936113,-0.9809436663085762,0.8346180313369045,0.07411240061186912,1.7859188364493743
328,2.3533454874526485,3.3047285999763383,-0.951383112523672,0.9869747993327063,0.08756111946914219,1.7084055429663692
329,2.6730869079313977,3.650108611076377,-0.977021703144942,1.0007371421411164,0.08571084216929578,1.7184704374380746
330,2.731732463845438,3.663687334073352,-0.931954870227969,1.0387520064838043,0.09317344279948785,1.6788902104062742
331,2.5863146144310947,3.5403853959256346,-0.954070781494579,1.063697775978008,0.09228486614896989,1.6834662573864105
332,2.703177856309131,3.63297225831766,-0.929794402008497,1.0424169875740692,0.09366405407353229,1.6763786196403827
333,2.598464240216677,3.5400733340844615,-0.9416090938677826,1.0256657938027838,0.09121210228618344,1.689038238448768
334,2.6013722991678976,3.59350733210198,-0.9921350329341294,0.9515425413095051,0.08093480793361679,1.7452876653148288
335,2.5343431204097358,3.5527087934644705,-1.0183656730547455,0.9174170383435338,0.07612167960087173,1.7736462668163504
336,2.471895415992995,3.3527876969706907,-0.8808922809777187,1.0456557084838667,0.09970783430034,1.646271694795595
337,2.6511471706074787,3.6158225341898134,-0.9646753635822733,1.0021006888135426,0.08712020215235179,1.7107882894196729
338,2.644535507144488,3.5878770590526528,-0.9433415519082473,1.034148688962251,0.0915755018132191,1.6871448554276587
339,2.493032873788698,3.4856242190522946,-0.9925913452635768,0.9702761895348795,0.08211140114183339,1.7385644676598808
340,2.4842689542693877,3.4244199472059695,-0.9401509929365375,1.0078104845601568,0.0901909797458587,1.6943911519190216
341,2.4778813263956097,3.423171270061625,-0.9452899436661255,0.9807587071592443,0.08781033758462228,1.707063030805325
342,2.5843757841843087,3.5448346098109984,-0.9604588256265743,1.0131195290372363,0.08829904912813648,1.7044392890218327
343,2.6741870922588675,3.650783224731011,-0.9765961324721957,0.9827385034661429,0.08458229893930404,1.7246958521944633
344,2.4440329906561744,3.3915109180190215,-0.9474779273627973,1.0350707045705474,0.09117085986766617,1.6892535025252904
345,2.619566532495233,3.5385780194693557,-0.919011486974,1.079394802916118,0.09735808178280943,1.6577988091115512
346,2.4534259693854126,3.3911441058908562,-0.9377181365053957,0.936149763637065,0.08559005282768774,1.7191335730640631
347,2.4052742681953903,3.3784669349673213,-0.973192666771979,0.9388159085416428,0.08202595204288195,1.7390500930753476
348,2.582154312471849,3.515691542144236,-0.9335372296724245,0.9822829394835768,0.08921157811850036,1.6995713768515104
349,2.6933926730190394,3.618856900632862,-0.9254642276139293,1.1258410035798798,0.0995868488922086,1.6468598852060292
350,2.4475596165348095,3.4410094658987718,-0.9934498493639694,0.8211246704942323,0.071989068991784,1.799187228630241
351,2.4522343360600787,3.3755250823670626,-0.923290746306975,1.0880089693612673,0.09741219492842289,1.6575308605993453
352,2.4992369419857057,3.4862135084372823,-0.9869765664516308,0.9715491041979056,0.08277046615581526,1.7348325659035766
353,2.3879272629624126,3.3542783687682385,-0.9663511058058702,1.0212297528475285,0.08818584873051401,1.7050459831334874
354,2.7959610082887054,3.7075316161728264,-0.9115706078840731,1.1408130045550475,0.10222939329181052,1.634140306020428
355,2.623760888107418,3.559819610678874,-0.9360587225713743,0.9403742596002673,0.08606220643165113,1.7165457256277878
356,2.7373752913999767,3.69596989865529,-0.9585946072553497,0.9721510237291324,0.0857920068831812,1.7180252658624608
357,2.6455922066693263,3.5156067024057056,-0.8700144957363136,1.1323867543856196,0.10692019822654378,1.612191849998019
358,2.6611173342505396,3.6154716000598346,-0.9543542658093429,1.0477845040566067,0.09122780530649872,1.6889562973805794
359,2.651771475843353,3.622576139252651,-0.9708046634092398,0.9949808963088818,0.08599670932172049,1.716904025228408
360,2.8323564308217244,3.8005142809048276,-0.9681578500830028,0.9920393113411619,0.0860863706913523,1.7164135915391432
361,2.645841799036353,3.578400928686252,-0.9325591296499169,1.0121593190587381,0.09133550546774669,1.6883946047390102
362,2.6247112704100943,3.547330219189639,-0.9226189487794727,1.0364483612147217,0.09409729583105832,1.6741694799024582
363,2.650252990468735,3.616581916305131,-0.9663289258364784,0.9854325086360645,0.085846847567454,1.717724668747646
364,2.593733867574534,3.581654138032514,-0.9879202704580621,0.9038051000027747,0.07818479300277628,1.7613168303261002
365,2.510633727586415,3.4259901200897507,-0.9153563925034405,0.994495720272774,0.09210087782512555,1.6844181900378123
366,2.4241457731047746,3.395850496833211,-0.9717047237284078,1.00174701556067,0.08634244118990797,1.7150151944476908
367,2.6014542080906637,3.594749726781766,-0.9932955186910704,0.8221427374452652,0.07207440237629603,1.7986478546118811
368,2.68658861270375,3.5935628614036568,-0.906974248699953,1.2168188478312967,0.10758005662710325,1.6091659638096532
369,2.555025095594138,3.53953089309929,-0.9845057975052214,0.940339710883205,0.08096947701059486,1.7450884312880948
370,2.6113134066359778,3.537598074002116,-0.9262846673661898,1.043214055353423,0.09412216319149429,1.6740429266409582
371,2.7079575714170603,3.687310110404423,-0.9793525389874276,0.9886352168125505,0.08467782903651953,1.7241662829472906
372,2.4856589537270026,3.419277334030163,-0.9336183803031872,1.1519663942402663,0.1002573223483704,1.6436074099855937
373,2.511044743447647,3.4397397523847624,-0.9286950089370976,1.0177632039161182,0.09214977586439455,1.6841650487516338
374,2.6741520149434934,3.6173321495438153,-0.9431801346004249,0.9446085086205409,0.08558340901602501,1.7191700696488723
375,2.75941422680136,3.690338680785422,-0.930924453984062,1.0109338796631815,0.09143854809055253,1.6878577009038125
376,2.7131979922790976,3.643158570613259,-0.9299605783342031,1.0762183769227256,0.09586070345135177,1.6652609611313376
377,2.7456393695815593,3.6304259477182304,-0.8847865781367545,1.1701912322571995,0.10747832330536371,1.6096315179466882
378,2.5213622930941626,3.4725914704985006,-0.9512291774043433,0.971969511541384,0.08657264704241975,1.7137609002093401
379,2.4824106772386956,3.4181504272054224,-0.9357397499668423,1.010989011457907,0.0908981297463481,1.6906789868175731
380,2.5242161633831217,3.4532198737173414,-0.9290037103342002,1.0385146303872996,0.09349682713940777,1.6772335178172628
381,2.7973623475605707,3.7239451895561353,-0.9265828419955824,1.093959058225739,0.09740794399882986,1.6575519053416572
382,2.576634207769635,3.5222669262081667,-0.94563271843856,0.9791544966790466,0.08766485227784544,1.7078463710792164
383,2.661366631003139,3.6251792436338364,-0.9638126126307043,0.97004089629258,0.08509464032074622,1.721861336378664
384,2.4897013195072675,3.4665390685611723,-0.9768377490538569,0.8993089363587585,0.07898456773348934,1.7566084731794995
385,2.770531397039227,3.6777326669588803,-0.9072012699195966,1.0940266578616968,0.09973465521566229,1.6461413776140372
386,2.4840688748818054,3.4643203153666886,-0.9802514404848353,0.9390079469548973,0.08131435170743681,1.7431102889657892
387,2.6150294631321374,3.5647657478492225,-0.9497362847171189,0.9733700979403312,0.08682855947027449,1.7123696989556259
388,2.6642327799177026,3.5913937426063147,-0.9271609626886175,0.9987107225059049,0.09104141734016849,1.6899296343952648
389,2.705901188777935,3.6040196136374747,-0.89811842485949,1.0453233525654702,0.0975881883304741,1.6566602275198832
390,2.559856746920096,3.444015629895333,-0.8841588829752709,1.1530000734708883,0.10645026569631118,1.6143558343666597
391,2.462283697994613,3.425366730396489,-0.9630830324018689,0.9505925988930768,0.08387013153657771,1.728659066149405
392,2.6498794689629137,3.6317338289675924,-0.9818543600047178,0.9403658148747076,0.08124115600610805,1.743529556913465
393,2.6562618791673374,3.587317859613074,-0.9310559804457625,1.022272827851208,0.09218198173430463,1.6839983804378316
394,2.6067795905698774,3.54320115848668,-0.9364215679166819,0.9933086246441636,0.08963562280980208,1.6973229385116486
395,2.597535594298725,3.5886197229754715,-0.9910841286765617,1.0044859347517976,0.08447402926393682,1.7252966283707722
396,2.5264815432527628,3.451926311013008,-0.9254447677601547,1.0551128332055832,0.09500610527168503,1.6695617411319141
397,2.792409024062968,3.7204385389049883,-0.9280295148420237,1.1990392284095515,0.10385356944086091,1.6264518451364731
398,2.479221896897562,3.4375835680438223,-0.9583616711462355,0.8899726250560249,0.08021305896095637,1.7494511897846388
399,2.6472908627554177,3.585377413297237,-0.9380865505416978,0.9622263737193062,0.08734315082523658,1.7095822468918085
400,2.56755620468754,3.5579936531714247,-0.9904374484838172,0.8966990635394256,0.07745781834728187,1.7656307457960465
401,2.520040153725168,3.4605449477669343,-0.9405047940417717,1.0171863795315166,0.09077498410088795,1.6913237621336705
402,2.415545905547552,3.3612394260810157,-0.9456935205334958,1.0053537668357322,0.08941048286708561,1.698515642629561
403,2.8505874384425085,3.75864276610061,-0.9080553276580758,1.1197554588444236,0.10130663317956225,1.6385518213120813
404,2.613732349650141,3.513679411838527,-0.8999470621884029,1.1910665663023814,0.10686721135980294,1.6124354708433113
405,2.705090195708286,3.6684294492896217,-0.9633392535813528,0.8385570530458599,0.07609782359469487,1.7737904184485902
406,2.49110090225644,3.459199756673739,-0.9680988544172351,0.8601331309435161,0.07714997920973737,1.7674674283415617
407,2.583454001301098,3.504039236632828,-0.9205852353318278,1.043420119018508,0.09479830034353312,1.6706122041469935
408,2.5889965100168326,3.5048913895010885,-0.915894879484199,1.0923108108871278,0.09857383915283402,1.6518073045270623
409,2.488344682475136,3.417945444436701,-0.9296007619616375,1.0601953615678148,0.09485666646290487,1.6703169746847397
410,2.717724400495277,3.666816799331864,-0.9490923988366831,1.1684461506394885,0.09943432174033642,1.6476022338625609
411,2.491989985589717,3.477330389524797,-0.9853404039350835,0.9007618962868462,0.07823519290165314,1.7610189664183873
412,2.69891405202076,3.6379276608053828,-0.9390136087845349,1.0517047564518847,0.09321656564350003,1.678669026450855
413,2.7538756891252576,3.7006948887550064,-0.9468191996296582,1.0270257203258162,0.09071721056550129,1.6916264996690673
414,2.5194445015925937,3.438058591947066,-0.918614090354481,1.0860574672684535,0.09784087415697083,1.6554123913162673
415,2.562463271980383,3.5296181214912594,-0.9671548495108482,0.916970659562133,0.08117063215850602,1.7439338104907474
416,2.7121294909873,3.634531710667502,-0.9224022196801798,1.0653022427377137,0.09603295484748604,1.664397822976394
417,2.554720709131621,3.5052786723136014,-0.9505579631819501,0.9698255615934221,0.08650097473501944,1.7141511232167872
418,2.731879191484373,3.692846320494368,-0.9609671290098731,1.0063960738051163,0.08780327781668236,1.7071010187192077
419,2.6545946698168934,3.6211611046632375,-0.9665664348464134,0.9485147061753794,0.0833649932460864,1.731486709829248
420,2.498412715902751,3.441660265733042,-0.9432475498304029,0.9871990765849878,0.08846774245736307,1.703536344625914
421,2.4118514034078005,3.3901507778170274,-0.9782993744091755,0.9210650680917079,0.0803109127533995,1.748884925885059
422,2.4439483159117033,3.4256398024929102,-0.9816914865812123,0.9810873928732102,0.08394083517808806,1.7282643849352985
423,2.5851888815275204,3.5499950492397763,-0.9648061677122541,1.0012775239914373,0.08705214343660654,1.711156949782294
424,2.6891023706472112,3.6450357025601847,-0.9559333319128882,1.0734761556193977,0.09270066394519517,1.6813205729210967
425,2.521261077643422,3.541758831774288,-1.020497754130929,0.8271668559278624,0.06992851928687689,1.812373405105788
426,2.6461238196605934,3.612542796370659,-0.9664189767102016,0.9337070260572671,0.08238264555496368,1.7370256382479148
427,2.605081764603702,3.5641542528687435,-0.9590724882650647,1.0236993809891857,0.08914153799095018,1.6999435828332563
428,2.7159482913224253,3.681015524006106,-0.9650672326836229,1.0856439601481482,0.0924446637753407,1.6826407204527156
429,2.786787734549867,3.6882736281282527,-0.9014858935782968,1.1043636853471896,0.10110987868461103,1.6394965976335178
430,2.7634385077806116,3.6760829590092734,-0.9126444512285161,1.1238798454259804,0.10101205404859884,1.639966877449129
431,2.688063012540843,3.676810854454516,-0.9887478419136642,0.8469207087520476,0.07422319393397799,1.7852350809815736
432,2.5546069004287717,3.5571191851228297,-1.0025122846940349,0.7806618908331098,0.0683264335883301,1.822847880552484
433,2.602748833250408,3.54986801633568,-0.9471191830854195,1.0242424879652021,0.09050072615383428,1.6927622748981381
434,2.598643903129292,3.5538407278022714,-0.955196824672953,1.0318043709318063,0.0900971023870471,1.694885717757101
435,2.680097134691542,3.618004318676903,-0.9379071839853168,1.022021523284688,0.09138818772396484,1.6881200429184062
436,2.5335370966760054,3.5165043594303333,-0.9829672627544142,0.9668530314091575,0.08287686884878157,1.7342323294811626
437,2.7444061289471535,3.671279443427671,-0.9268733144804173,1.0100329494495641,0.09183840040651964,1.685778863143395
438,2.6324150692841983,3.636016943937926,-1.003601874653782,0.9545746644225139,0.07997998133069144,1.7508022359741338
439,2.5839599846905146,3.5393761742220815,-0.9554161895316611,0.9705830218238414,0.08602808092092362,1.7167323805150005
440,2.419086832844519,3.4284548407438202,-1.0093680078992975,0.9223355209555275,0.07731095037333484,1.766506271333449
441,2.5878952786233556,3.540608116370826,-0.9527128377475265,1.0213279221356797,0.08968763631866118,1.697047734178811
442,2.4277908865324123,3.411877153674283,-0.9840862671419472,0.9044566019411362,0.07860943693491478,1.7588120527078535
443,2.732463006376284,3.691683624890793,-0.9592206185145642,1.0232446086044904,0.08909563599960091,1.7001876421731479
444,2.577528879496404,3.505441302170198,-0.9279124226737849,1.028940924120402,0.09298604608789024,1.6798523533750342
445,2.456397690785471,3.3889929394100524,-0.9325952486245797,0.922091755329761,0.08516489738077418,1.721473717851299
446,2.5222609387732207,3.4878945651820676,-0.9656336264088168,0.9189047336636236,0.08145890293760459,1.7422831925787299
447,2.4384372926949625,3.40148197747413,-0.96304468477922,0.9701618310767144,0.08518432178843158,1.7213665961662066
448,2.5450024476243613,3.4378088603009656,-0.8928064126765776,1.0970956846504256,0.10170136064974328,1.6366608159441196
449,2.6273190052022444,3.546644997222821,-0.9193259920206174,0.9040079096854319,0.08532486299899954,1.720592127621724
450,2.7027486526412674,3.652862674599868,-0.9501140219585977,1.001895656808702,0.08869281541765033,1.702333782372069
451,2.479592429344953,3.44346069077602,-0.9638682614311165,1.0123078155651932,0.08787504553368435,1.7067149584355645
452,2.444362522111297,3.398978088420869,-0.9546155663095988,1.0439520123791286,0.09095060427378417,1.690404450142752
453,2.639359649971985,3.586590031674224,-0.9472303817021839,0.8981000296582662,0.08193072104787498,1.7395917947680615
454,2.5811116827725216,3.4659938786678564,-0.8848821958953295,1.0730927611887804,0.10107984830313133,1.639640926400178
455,2.6556603391749065,3.5662183571127497,-0.9105580179377739,1.1056543970610768,0.10008665226427113,1.6444336831638913
456,2.8161665938300673,3.7397016295770737,-0.9235350357470224,1.0540663104546157,0.09515982515070966,1.6687858642282265
457,2.627034994254237,3.5822110325660437,-0.9551760383117198,1.0166156475908674,0.0891068108031769,1.7001282167931255
458,2.5932779213041983,3.5421725438373532,-0.9488946225332029,1.0340574535378262,0.0909459059639238,1.6904290256072307
459,2.620219156277463,3.5159416780903503,-0.895722521812786,1.1405216479900335,0.10417825783512186,1.6249263266371097
460,2.6479282275041585,3.584061940213004,-0.9361337127089655,1.0471372345384842,0.0932469127887227,1.678513420314197
461,2.583032169812546,3.512033361731341,-0.9290011919187009,1.0630827828094107,0.09511553900011308,1.6690092885853198
462,2.597314267753396,3.5319935368412874,-0.9346792690878374,1.0490236149084464,0.0935374576343817,1.6770256937068293
463,2.6067319563988947,3.5887030012890224,-0.9819710448900878,0.9622927692424055,0.08268004384213626,1.7353431459035227
464,2.4901381177656874,3.419990538858807,-0.929852421093301,1.0393331256845415,0.09345337208612951,1.6774558696825035
465,2.6407611545389416,3.5646733657929137,-0.923912211253878,1.1358259033036404,0.10040853819021132,1.6428762579584701
466,2.601446076429275,3.556494163825269,-0.9550480873958804,1.0176240528011193,0.08918702181867176,1.6997018466917564
467,2.534400642331312,3.5063377166742495,-0.9719370743430318,0.9201861979167862,0.08089915402577441,1.7454926311877281
468,2.5921621293787127,3.5098055475409553,-0.9176434181623563,1.0773028750710558,0.0973835433314274,1.6576727180068087
469,2.616838449489356,3.5661906319655796,-0.9493521824762183,1.0813149650687819,0.09394836981400692,1.6749279456638824
470,2.4548490175804916,3.4161379163332932,-0.9612888987527413,0.9938458847380707,0.08694279016992018,1.7117497819025456
471,2.6403146147529157,3.560553803109182,-0.9202391883562768,1.0916025604194497,0.09800843785370059,1.6545863322292385
472,2.7306164281568415,3.6654889337554404,-0.9348725055986051,1.0309004014047933,0.09232063138201663,1.6832813895185026
473,2.80073567905537,3.750777850399771,-0.9500421713443075,1.0371562437870518,0.09101984951430613,1.6900423671881681
474,2.5784944701255115,3.5560475502654705,-0.9775530801399555,0.8828133595804495,0.07778509850183524,1.7636845810860522
475,2.4968157944689353,3.4044706081310765,-0.9076548136621341,1.159373031411724,0.10389569266431137,1.6262537193229785
476,2.533279272593623,3.4753554310999264,-0.9420761585063246,1.0822771891910263,0.09484522662122763,1.670374828604834
477,2.8932949808090513,3.8385724869901927,-0.945277506181128,1.0124929828218243,0.08993039050342039,1.6957650144853285
478,2.366057105489395,3.284311429282998,-0.9182543237935761,1.0453787830671581,0.0952012158753224,1.6685771226278472
479,2.386926559293093,3.3554852621956006,-0.9685587029025555,0.9957695715388584,0.08628818715656143,1.715311194927358
480,2.596322634919366,3.5830932998312472,-0.9867706649117736,0.895804773170886,0.07775849953815059,1.7638425020250206
481,2.7036790499126853,3.6778305127649644,-0.9741514628524328,0.9651259612336973,0.08367910466711334,1.7297267633104851
482,2.715318617803851,3.6519005347118783,-0.9365819169080396,1.038733756560127,0.09264322604807779,1.6816165150403586
483,2.521081840949242,3.488055284883384,-0.96697344393408,0.9767524562740268,0.08520462077669266,1.721254672448543
484,2.747054024113132,3.678768680807201,-0.9317146566939982,1.0356594420841092,0.09299635583907206,1.6797993800234028
485,2.5147656468311568,3.472610415023946,-0.9578447681928992,1.0365170156257548,0.09010999482674219,1.694817773090927
486,2.461200294697383,3.3904882215730674,-0.9292879268756451,0.88181165392592,0.08266492737812776,1.7354285469070407
487,2.776814014776383,3.7131561588924877,-0.9363421441161108,0.9926358984439103,0.08959916012995942,1.6975159398249215
488,2.693730799161918,3.621191425136742,-0.9274606259747316,1.1043851593346543,0.09797584131089067,1.6547469389136582
489,2.507669949466154,3.433414662674077,-0.9257447132079051,1.1228503057978205,0.09936259195802266,1.647951656368831
490,2.4461601806794904,3.3704745024761533,-0.9243143217967145,1.1308497027002187,0.10004389360631463,1.644640868653212
491,2.69804338933715,3.656292118012655,-0.9582487286754713,1.0387660584397613,0.09021097116080702,1.6942858864127865
492,2.5130713373904343,3.427399227561612,-0.9143278901713074,1.0300524352135394,0.09463445964970867,1.671441727645911
493,2.475911688833881,3.3687372261353024,-0.8928255373014053,1.0585589081309377,0.09912353139544872,1.6491176646143149
494,2.5528563500622483,3.4656005378363646,-0.9127441877741376,1.0668181828857002,0.09727564622763477,1.6582072287553613
495,2.50416520086616,3.4795310982458116,-0.9753658973797883,0.9726364622851849,0.08404790746437385,1.7276671990733823
496,2.531594532050454,3.5119252305007165,-0.9803306984503024,0.9461118096039698,0.08177890524057632,1.7404564243898955
497,2.6490261450295436,3.598329112183317,-0.9493029671538125,0.932465438822657,0.08409481095502766,1.7274057931084958
498,2.4487774620702027,3.3930866422881345,-0.9443091802179424,0.9454105253166074,0.0855167671449621,1.7195362815342035
499,2.4098769810928986,3.375512056223663,-0.9656350751307627,0.9493063943595297,0.0835156736032119,1.7306417882956826
500,2.7493852003960826,3.6831539338746686,-0.9337687334785869,1.1234281676716027,0.0984426949227543,1.652450760884219
501,2.7013530094704863,3.6455197717208265,-0.9441667622503473,1.065267858466297,0.09350927794118116,1.6771698245351587
502,2.454505875088549,3.442423658646231,-0.9879177835576911,0.8731667536616201,0.07610706231233542,1.773734588460041
503,2.765006742928327,3.6887737257800546,-0.9237669828518165,1.003494710118229,0.09175105183169362,1.6862323677944102
504,2.6082235751191463,3.548678985751988,-0.9404554106328078,1.0601232926569706,0.09360019506146747,1.6767049353108792
505,2.4530526222678106,3.391423142350606,-0.9383705200826853,1.0358476911670977,0.09224964414632107,1.6836483735836902
506,2.6280714279736146,3.587906540993665,-0.9598351130200626,1.0478790487883598,0.09062341856733701,1.6921183069790464
507,2.543495996297898,3.4751207860487825,-0.9316247897509129,1.003092226783838,0.09083250493793404,1.691022502671785
508,2.659161647259444,3.6353682781823538,-0.9762066309230022,0.9469182431081915,0.08225671162209479,1.7377395775159776
509,2.7087329654396997,3.65179454698915,-0.9430615815493866,0.9512013063556588,0.08604786070392263,1.7166241845720385
510,2.5885214430717185,3.5468813007231854,-0.9583598576514305,0.8978479999481335,0.08076016203761434,1.7462923641678625
511,2.571262112316268,3.523548387096564,-0.9522862747802492,0.9807354488382922,0.08704601149116449,1.7111901767191509
512,2.569166533255603,3.4869480561432575,-0.9177815228875943,1.0523136613450623,0.09571791579998662,1.6659774004221763
513,2.4929843559572107,3.4100006982875777,-0.9170163423302711,1.036841294927576,0.09477593258648515,1.6707253840897474
514,2.569064405354075,3.5319476861245476,-0.9628832807704839,1.025643355938957,0.08885024491707097,1.701494099268304
515,2.6979235572049363,3.6799014015943405,-0.9819778443893483,1.0276416813384281,0.08691547730063952,1.711897945909415
516,2.4044236395875402,3.3832848641200273,-0.9788612245325794,0.9810614829716777,0.08423491300938873,1.7266256681687049
517,2.6300654390880625,3.568710191162784,-0.9386447520746515,1.0819122820008389,0.09521846943323349,1.6684901309930817
518,2.6538589148500393,3.5894527927415028,-0.9355938778913924,1.0858679832116813,0.09582779222161134,1.665426017946465
519,2.56848144457023,3.5144109405601456,-0.945929495989958,1.0750115226093917,0.09393575876551816,1.6749922167772868
520,2.63366092379612,3.5706992075161064,-0.9370382837199713,1.0301693545460906,0.09202613660010407,1.684805328164161
521,2.4737099127071276,3.4623731297452314,-0.9886632170381517,0.8917812741826672,0.0772999540865527,1.7665718781206536
522,2.617493885315517,3.597114359717859,-0.9796204744022816,1.029065402778023,0.08725856029255737,1.7100395472167418
523,2.479698305745947,3.4298213878097283,-0.9501230820636692,0.9933159523177264,0.08812156141316699,1.7053908086714145
524,2.8039070122133496,3.7090405930665056,-0.9051335808530894,1.097662251862811,0.10022448264089669,1.6437663112412437
525,2.466341055610761,3.4310441385756847,-0.9647030829648884,0.9661820442869171,0.08474307321793628,1.723804880787726
526,2.3510103708440426,3.334316295871757,-0.9833059250275937,0.915391160177075,0.07942422112806072,1.7540366865173247
527,2.6783416245281075,3.632433110101655,-0.9540914855735991,1.0112939795349165,0.08887644272728398,1.701354484149001
528,2.592801336853077,3.56723430244141,-0.9744329655882211,0.9453532815151022,0.0823354329833621,1.7372931899874007
529,2.572126818372445,3.5379258055616476,-0.9657989871891459,0.9453830183015448,0.08323478892610857,1.7322178113600697
530,2.5918776950470517,3.502928918314527,-0.9110512232674637,1.0520062348704977,0.09649227003128948,1.6621022724493921
531,2.6713477208449974,3.5880684899132462,-0.9167207690682062,1.0364165685543418,0.09478204117336157,1.6706944727638375
532,2.386429382359316,3.3663026097687525,-0.9798732274093709,0.9377454145097419,0.08126879061971636,1.7433712287140917
533,2.588700063985803,3.488607534543219,-0.899907470557423,1.1308926032047242,0.10303280975270357,1.6303250794333735
534,2.6055138542048923,3.5768715766542667,-0.9713577224493974,0.9585088199154166,0.08353195674540614,1.7305505565195085
535,2.638289636725736,3.6180913516829585,-0.9798017149572615,0.961754152859541,0.08286877644228645,1.7342779582291727
536,2.4668487829521752,3.4188209255768496,-0.9519721426247543,0.9848928349852148,0.08735799552996587,1.7095020325973855
537,2.480522182500627,3.456749066005854,-0.9762268835053192,0.8928029625022842,0.07860160020189084,1.7588581781125134
538,2.4842119501463373,3.4409422547976622,-0.9567303046513871,0.9676820216357389,0.08569253308134744,1.718570906068853
539,2.7175709934023105,3.6915464782344,-0.9739754848320672,0.9352315390901063,0.08170484155695719,1.7408787085440836
540,2.5548357587516564,3.4981882651340794,-0.9433525063824391,0.9771398953312078,0.08777875816678413,1.7072329756730529
541,2.6834098073131742,3.620187462343376,-0.9367776550302551,1.1153458390757516,0.09757439223652863,1.6567284309533206
542,2.7038248336203794,3.6277267319576993,-0.9239018983373626,1.025728592547413,0.0932327040010679,1.6785862713511661
543,2.70792849431256,3.642015143240052,-0.9340866489274049,1.0264144920462557,0.09211260800662185,1.6843574539739052
544,2.3823901337275317,3.3633537254330172,-0.9809635917054038,0.997118142355844,0.08505963677161454,1.7220545526988218
545,2.669745528106992,3.592068077412146,-0.9223225493052496,1.137223239338436,0.10068940428398765,1.641520552752513
546,2.695078214520882,3.6594817788439875,-0.9644035643231064,0.9651597336863451,0.08470660558866218,1.7240068554122236
547,2.4442155165343054,3.3614548242610973,-0.9172393077269589,1.0339288603812071,0.09455476254678771,1.6718456492809104
548,2.510982676106883,3.457672522029148,-0.9466898459222648,1.0437471707241588,0.09182603162012375,1.6858430595170468
549,2.4824364134412833,3.3955290779989284,-0.9130926645576665,1.0761036801757342,0.09784715564194321,1.6553814043333526
550,2.5408660298112324,3.498610384607981,-0.9577443547967732,1.0544423939675387,0.0912783737082933,1.6886924997699713
551,2.7491511870246,3.7100140935768526,-0.9608629065522791,0.9748621391607113,0.08573012083539042,1.7183646671240198
552,2.58900727441891,3.505465037612043,-0.9164577631931934,0.9632214138384239,0.08981756433463269,1.6963608438705686
553,2.642767608604791,3.589437941318043,-0.9466703327133246,0.994952647170114,0.0886098682601073,1.7027766815899559
554,2.515028343817326,3.4670172973852904,-0.9519889535680477,0.9493580655401055,0.08496267716631144,1.7225900966040435
555,2.517320174536272,3.4681146341931766,-0.9507944596568905,0.9653179614535179,0.08617155469988064,1.715948030438607
556,2.670677457848106,3.678682422851907,-1.0080049650038063,0.9649925269333222,0.08021317560415485,1.7494505144555006
557,2.464882674838455,3.4441499249041496,-0.9792672500657318,0.953134171270305,0.08235411215086406,1.737187321030897
558,2.3531287094291344,3.3725186365976527,-1.019389927168504,0.8173320275603193,0.06935959184556163,1.8160702810481932
559,2.487953064430704,3.4264921496314344,-0.9385390852007731,0.9778296527833177,0.08835491182437451,1.7041401256327504
560,2.558623771729677,3.5108863096149414,-0.9522625378853036,1.023556036940511,0.08988355172879077,1.6960122946317158
561,2.6337016371287434,3.581185656755683,-0.947484019626927,0.9918560301358408,0.08831362529566303,1.704361214069342
562,2.5459711089679247,3.4798014697010644,-0.9338303607331682,1.0907271054619532,0.09634668078898459,1.662828945398056
563,2.4962257542754203,3.4701646172613523,-0.9739388629858468,0.9528746933067502,0.08288811590016856,1.734168919375087
564,2.507150315541358,3.4789993553728835,-0.9718490398314543,0.9839694551178797,0.08516378897018057,1.7214798311076571
565,2.7353827572069265,3.6644359411102383,-0.9290531839033065,0.971262436648308,0.08895957161359287,1.7009116875697448
566,2.6477465320687004,3.6072983114063404,-0.9595517793376303,0.9221630836540649,0.08231120041779837,1.737430563269744
567,2.604642993150938,3.5825138320764727,-0.9778708389255826,0.9352029966358801,0.08130354676682154,1.743172160828206
568,2.6117407020781145,3.533431701118215,-0.9216909990401518,1.0532232746826249,0.09531964743233208,1.667980250183402
569,2.614817440707944,3.5539450648333735,-0.9391276241253763,1.025070277326576,0.09145241017646927,1.6877855095908711
570,2.5050016200665284,3.426321062302924,-0.921319442236495,1.0536447710177779,0.09539103272332172,1.6676207687779943
571,2.854140494988647,3.7362554711035805,-0.8821149761149627,1.123158286426665,0.10476179019014888,1.6221941205735562
572,2.465810190132507,3.4576072572331182,-0.991797067100606,0.9159929419915085,0.07861733237909735,1.7587655855251576
573,2.590127742842688,3.546097538570629,-0.9559697957280378,0.9145875060361344,0.08216410586473229,1.7382651398191142
574,2.676139906350605,3.6142208618081146,-0.9380809554573943,1.1003378168713267,0.09646585726959263,1.6622340400977977
575,2.667453299583818,3.577712409563351,-0.9102591099795063,1.0759257292205506,0.09817472342530499,1.6537676887176278
576,2.685787541561686,3.6268465477572858,-0.9410590061955872,1.042023407819517,0.09235019192962955,1.6831286366265812
577,2.597629650764239,3.5231557891297602,-0.9255261383653988,0.9643925179491792,0.08888070069857427,1.7013317954169416
578,2.3629859562398594,3.370818501091055,-1.007832544851226,0.8531782731564386,0.07285130074473825,1.793761147399155
579,2.520305714634438,3.4688915799714413,-0.9485858653370087,0.993122198814606,0.08827717143409074,1.704556492958137
580,2.5737510640774333,3.536039356459734,-0.9622882923823681,0.9339345785012385,0.08282800095557907,1.7345079243208226
581,2.6692107331120867,3.6274434212113165,-0.9582326880992014,1.0037468951476105,0.08792661294909486,1.7064377186634998
582,2.510663816424645,3.4525286847895615,-0.9418648683648598,1.031966915203623,0.09159861586950058,1.6870246310577193
583,2.7141782607876537,3.6930422100641045,-0.9788639492763878,0.9826725915529118,0.0843399760650389,1.7260413382769053
584,2.4645394075303018,3.4190374660989993,-0.9544980585686744,1.0966986493599957,0.09433807866648719,1.672945229793452
585,2.575923764029986,3.5448600883431376,-0.9689363243131766,0.9752697928498293,0.08489849602098665,1.7229448648399512
586,2.5237159854054796,3.452533424040864,-0.9288174386354058,1.100153082148381,0.0975430003776843,1.6568836508913731
587,2.639572335772178,3.627011014062774,-0.9874386782905731,0.9575731013797575,0.08180818281316718,1.7402895798923965
588,2.6256136025156054,3.551340303513174,-0.9257267009975294,1.0434840450012635,0.09420468808501165,1.6736231386344589
589,2.59194156498028,3.57045035843135,-0.978508793450942,0.9610433844274122,0.08295576547904292,1.733787662703535
590,2.5872390142025012,3.5600655744514893,-0.9728265602490183,0.950197412028327,0.08282516913456718,1.7345238986666245
591,2.714203374816853,3.6316991545547004,-0.9174957797379193,1.0847569858874428,0.09788924246191867,1.6551738282436173
592,2.59764849989937,3.540105387096022,-0.942456887196613,1.1226613988474936,0.09736960081599993,1.6577417610989962
593,2.5545185747380317,3.5436579709906337,-0.9891393962525399,0.8843364209448756,0.07674873815625868,1.7698703678299499
594,2.7920402025374558,3.678500006176709,-0.8864598036392408,1.1707213379271155,0.10729741784087947,1.6104602441074085
595,2.5812068753578985,3.508904164626719,-0.9276972892688491,1.001031790235975,0.09113763817147076,1.6894269595236766
596,2.623938117354888,3.5331610890857843,-0.9092229717308555,1.0210391584697334,0.09462287190457339,1.671500439827616
597,2.6920427731932848,3.6523775694036957,-0.9603347962103044,1.0900408240450319,0.093254571732176,1.6784741552137825
598,2.5697489139131364,3.4894922525608103,-0.9197433386476632,1.0832120492901027,0.09752072627950156,1.6569938114381728
599,2.641735416227212,3.6072515271941294,-0.9655161109670871,1.0001281065356078,0.08690031793220038,1.7119801970917161
600,2.7012176448688394,3.594240911082713,-0.8930232662138451,1.0007306975527115,0.09513935334489508,1.6688891344706205
601,2.543123658536038,3.5047412328654155,-0.9616175743293525,1.0167125449478112,0.0884073744092977,1.7038593097837789
602,2.628983958516065,3.58955243166683,-0.960568473150829,0.9591327486700401,0.08470970331715179,1.7239896960233925
603,2.500699635623383,3.4354783043409616,-0.9347786687176267,1.148487309890413,0.0999006607912292,1.6453354127773143
604,2.5509972176094977,3.503234512899924,-0.9522372952902742,1.0160462086310966,0.08939337001385618,1.6986063987537017
605,2.593149089767613,3.5195341580088777,-0.9263850682410748,1.068351294265207,0.09576580301449915,1.6657370302719807
606,2.511605308410131,3.457933196898589,-0.9463278884884403,0.9346796970326241,0.08456371180188914,1.7247989458602595
607,2.6899494292625747,3.650859747869742,-0.9609103186070342,0.9396616303381295,0.08336052522256805,1.7315117825972581
608,2.5394980860781886,3.4968116821542083,-0.9573135960760055,1.0148943933213677,0.08875919383349151,1.7019795929082915
609,2.85803688456098,3.774692749137063,-0.9166558645761143,1.0161004893628958,0.09342175645165914,1.6776176934579703
610,2.4988913807561546,3.4447136084142014,-0.9458222276580273,1.0226712319220075,0.09054213705393457,1.692544845645988
611,2.6120351095088297,3.534173769302955,-0.9221386597942001,1.096727938761051,0.09811467783032099,1.6540631724139383
612,2.7570808914679135,3.7169691477499183,-0.9598882562819426,1.0710065453022048,0.09209831664531665,1.6844314520385246
613,2.4546609788341045,3.4057407403743682,-0.9510797615403135,0.980992511905463,0.0871942460508993,1.7103874724333694
614,2.710969276545248,3.6626339408670705,-0.951664664321811,0.9757572735217968,0.08677990864743076,1.7126339213876556
615,2.6976370652108614,3.652904608784809,-0.9552675435739957,0.9418823801351222,0.08410595323959598,1.7273437114611634
616,2.7045281900124025,3.6087916096739137,-0.9042634196615609,1.0463026368121529,0.09691772419585672,1.659983737268273
617,2.6802449868694027,3.557081468460494,-0.8768364815911127,1.1162937513127595,0.10497909551346188,1.621179744576799
618,2.6528705894811453,3.6131485946347675,-0.9602780051535547,0.9446156426238796,0.08376230232730453,1.7292615083570189
619,2.5355672597441896,3.5283146505188925,-0.9927473907747526,0.8353102500319536,0.07304063981706772,1.7925766687115103
620,2.5822367890551647,3.4832018242424767,-0.9009650351873688,1.1563475296792025,0.10453810072210531,1.623240043993275
621,2.50241421688701,3.4627306964562954,-0.960316479569201,0.9819120007550197,0.08625754517657169,1.715478438622811
622,2.4941258073180195,3.4362517311152136,-0.9421259237972208,0.9849945581890078,0.0884431199708478,1.7036680518800014
623,2.6198544478672745,3.5561811343380634,-0.9363266864708066,1.0424640188696215,0.09291785274048746,1.680202861798578
624,2.510083183350494,3.4792204813675505,-0.9691372980170172,0.9781756041850964,0.0850692699836164,1.7220013718570053
625,2.7410359040011287,3.6919358182721997,-0.9508999142710763,1.1142430089698032,0.09585699920973924,1.6652795364249657
626,2.838633515182883,3.7446867795113685,-0.9060532643285342,1.118998032365549,0.10150302949938166,1.6376102212102224
627,2.5510333730589907,3.498893969298701,-0.9478605962397069,1.0201510041563346,0.09014877689731222,1.694613434193142
628,2.665681353120354,3.613104763146494,-0.9474234100260901,1.0096864517946393,0.08950620323249356,1.6980082580584661
629,2.6693766659560567,3.604293818111953,-0.9349171521558901,1.0342863543674823,0.09253953853277512,1.6821511261792466
630,2.8278093282503876,3.773366372480609,-0.9455570442303269,1.0082615266783768,0.08961873519995299,1.697412318784251
631,2.476704105783361,3.427971552115466,-0.9512674463321673,0.9710656362683294,0.08650772085850755,1.7141143825237972
632,2.5086103133174817,3.481909194970051,-0.9732988816525676,0.9778349543200204,0.08460727744912662,1.7245573376069507
633,2.404819658512102,3.356637982711835,-0.9518183241997349,0.9928381622960605,0.0879043269245496,1.706557518005381
634,2.672470275219317,3.6138832108952346,-0.9414129356759986,1.0356474515015373,0.09189169799245375,1.685502317886564
635,2.4417214499605877,3.4121489832633904,-0.9704275333028818,1.0238164957931375,0.08791124333427007,1.7065203359703387
636,2.605293429614895,3.5165025136082293,-0.9112090839934126,1.098418481783195,0.09953641702582933,1.6471052363366698
637,2.7731338808571224,3.7136120395656325,-0.9404781587084017,1.0889250417835639,0.09545658008355278,1.6672908756516596
638,2.519135943232064,3.4855924331861545,-0.9664564899541119,0.964174824220738,0.08442394098776276,1.7255747733532307
639,2.745825257045786,3.6726708540478747,-0.9268455970019431,1.0035930890105755,0.09140730335517591,1.6880204502731586
640,2.6715628263409514,3.5774369159265667,-0.9058740895857227,1.0005987690546831,0.09361755111792701,1.6766162292491114
641,2.5926845280860022,3.556985223178645,-0.9643006950926747,1.042405244068891,0.08977766462753198,1.6965716964545317
642,2.39026573078103,3.3478843118227,-0.9576185810416291,0.9214427782185455,0.08246331749056471,1.736568761185668
643,2.693529537791156,3.6528162748815434,-0.9592867370903377,1.0338609079066203,0.08977843202535127,1.6965676403796437
644,2.566022199348359,3.51773541180127,-0.9517132124528871,1.0203691397579775,0.08973538373302901,1.6967952149223189
645,2.690257045952413,3.6117412847884274,-0.9214842388360012,1.0928490744991872,0.0979411193205709,1.6549180648693258
646,2.679933452362994,3.5919444815493846,-0.9120110291863739,1.1121407744340432,0.1003312036448743,1.6432500727185195
647,2.605549709537391,3.5807790786924314,-0.9752293691550449,0.9878125771494592,0.08505836085989986,1.7220615968267554
648,2.7499216159271698,3.691626997250428,-0.9417053813232314,0.9694367759324214,0.08743779029703351,1.7090710449194262
649,2.495583037066686,3.454404769033657,-0.9588217319670775,0.9787772813860287,0.0862096523852826,1.7157399332624124
650,2.5927292351891453,3.5357760961207654,-0.9430468609315312,0.9468817817113431,0.08575368701771291,1.718235399923263
651,2.657087953618762,3.633792155258756,-0.9767042016399046,1.0424492526921614,0.08842656675789495,1.703756612689294
652,2.5391351303992367,3.478768878743035,-0.9396337483437947,0.9986212334148765,0.08963447551948052,1.697329010292843
653,2.425890926371372,3.3824656327373384,-0.956574706366041,1.0190833778727626,0.0891146267460964,1.7000866567330202
654,2.7763042010172883,3.6983549572508383,-0.9220507562336024,1.0885834694039263,0.09759664114217773,1.6566184433553681
655,2.5456304559925145,3.523493260788728,-0.9778628047962457,0.9711869698955127,0.08369154010688981,1.7296571984912157
656,2.6153647787951884,3.5697137505510725,-0.9543489717559623,0.9278676751965356,0.08324616244394936,1.7321539117704945
657,2.6520976795328495,3.622248517748712,-0.9701508382157726,0.9785577006764108,0.08498719573732538,1.7224546247602766
658,2.630202116107617,3.5314646494838056,-0.901262533376098,1.1334662694608109,0.10303089961771279,1.630334122086073
659,2.6870343715127007,3.633526922110605,-0.9464925505978954,1.0393367938786104,0.09156043934562898,1.6872232137665975
660,2.516380260251586,3.4820813385043334,-0.9657010782527777,0.9199946003495167,0.08152621535607792,1.7418984493020517
661,2.7674574847624087,3.668149724097215,-0.9006922393348304,1.078487346618296,0.0994999062679623,1.6472829231405612
662,2.4485998789565344,3.428982100899575,-0.9803822219430458,0.9459511855562712,0.08176295349179885,1.7405473492293682
663,2.615324518009848,3.51838593791889,-0.9030614199090223,1.1085905771447127,0.10119299954197407,1.6390972891590119
664,2.6641580606671966,3.6082846726809774,-0.944126612013747,1.0402890926994013,0.09188938819203339,1.6855143000792536
665,2.674690683851273,3.667813714177926,-0.9931230303266148,1.001426553949342,0.08406600066483663,1.7275663467389732
666,2.6046734249823573,3.567271830367624,-0.962598405385279,1.017817602663655,0.08837245797891269,1.704046191585612
667,2.7060283183958433,3.6420679330273438,-0.9360396146315679,0.9923569775974586,0.08961410995424766,1.6974368009742862
668,2.4869042821466025,3.4537594884517984,-0.9668552063051266,0.8978196869544555,0.07989010895399562,1.7513240404829142
669,2.4934808974241975,3.4468511754645292,-0.9533702780403246,0.9638012355296341,0.08579204239132669,1.7180250711821634
670,2.3930131542602937,3.338098558907673,-0.9450854046473296,0.9669678083923063,0.08690156228561094,1.7119734450852382
671,2.557181140351864,3.527947756661461,-0.970766616309561,0.99802103418279,0.0861995248019509,1.7157952448975424
672,2.6415635821298253,3.6116823994516243,-0.9701188173218043,0.9723957917435286,0.08458346352463063,1.7246893934253815
673,2.4633318781820805,3.4192301809958043,-0.9558983028136936,1.016456021212496,0.08901691039854276,1.70060645948122
674,2.6319305730250933,3.5990890754570644,-0.9671585024319711,0.9743309479807791,0.08502459522977178,1.7222480431500347
675,2.5404028371916554,3.491274935981352,-0.9508720987897732,1.0510789133876315,0.0918314135471573,1.6858151254296985
676,2.393590448068372,3.3441375122275177,-0.9505470641591955,0.9745175804664439,0.08681778645583868,1.7124281968508595
677,2.6698536691360375,3.6088681353746836,-0.9390144662387456,1.06614717239349,0.09415670923990761,1.6738671617480962
678,2.469670009036682,3.4333072133010387,-0.963637204264387,0.9442146615131719,0.08338236149663689,1.731389256464329
679,2.4370509045335127,3.4093501262756605,-0.9722992217422188,0.9985794972545323,0.0860724817178827,1.7164895350348708
680,2.6379279382547254,3.5839090550877484,-0.9459811168330816,1.0801007134913378,0.09425645679831247,1.6733599517677098
681,2.618127396817718,3.564549358422712,-0.9464219616049832,1.1080221798442438,0.0959832800055688,1.6646466124523607
682,2.5609776642190725,3.520682470155759,-0.9597048059365534,0.9618637724214125,0.08498472768222097,1.722468260012253
683,2.5958199710173546,3.53929571652384,-0.9434757455063618,0.990309825754256,0.08865138916615516,1.702554937528858
684,2.5745354615925096,3.5677545200240908,-0.9932190584316913,0.8955720754640386,0.07710926016131532,1.7677108202671896
685,2.48885725328079,3.4632662933966203,-0.9744090401158019,0.8964679367783392,0.0790343832582104,1.7563164894014311
686,2.6756698736279447,3.633848039859496,-0.9581781662316189,1.0810024148187398,0.09292621842586582,1.6801598517268954
687,2.608557689076966,3.562905153982769,-0.9543474649058226,1.0722203198848488,0.09279957012923781,1.6808113150802382
688,2.6546549297100825,3.5942876199480724,-0.9396326902379997,1.1119912514406767,0.09702610520042211,1.65944524654591
689,2.589256385861168,3.53739243764802,-0.9481360517868325,0.925716433240342,0.08375411437861523,1.7293072801035019
690,2.744171839305969,3.7150160761062394,-0.9708442368001897,0.977466630957631,0.08484191223085007,1.7232578178375075
691,2.56438624337317,3.53710899480235,-0.9727227514292736,1.0088563740922618,0.08669587056162863,1.7130906137553386
692,2.443495846385068,3.4185665859102845,-0.975070739525222,1.0019119940877095,0.08599433729902661,1.7169170054302314
693,2.7612798427349987,3.722061282142253,-0.960781439407242,1.0119890439664452,0.08818991470802497,1.7050241807815247
694,2.490572244082378,3.4853501717021502,-0.9947779276197934,0.8872980222467302,0.07640002460928805,1.7719670643800258
695,2.576379589719514,3.5545238420953607,-0.9781442523758415,0.9939648600132764,0.08515202259197932,1.7215447305984959
696,2.6559232077721533,3.591299637182536,-0.9353764294104394,0.9566156442387728,0.08725597005724571,1.7100535557923051
697,2.6741401615395177,3.647217055483041,-0.9730768939434711,0.9734522035899391,0.08434183050115104,1.7260310297390065
698,2.574327948363353,3.518758916522542,-0.9444309681591676,1.0518875407134982,0.09261156144735341,1.681779726228605
699,2.6796052207430336,3.6407488492638795,-0.9611436285207446,0.9987327004207309,0.08728054567333887,1.7099206588390372
700,2.6271379035158504,3.5328231258053404,-0.9056852222894349,1.1524172512238962,0.10369790479194281,1.627184565445816
701,2.545783272551708,3.474536721756564,-0.928753449204919,1.0848559788383794,0.09656287392894539,1.661750186228967
702,2.6927077917925915,3.6575492803201013,-0.9648414885274406,1.0201322256336005,0.08827875043237299,1.7045480331101177
703,2.6764439399581677,3.5720851519666508,-0.8956412120085133,1.1549123532156393,0.10511540097855795,1.6205443243041902
704,2.363728012708512,3.328549277329652,-0.9648212646212642,0.8762175189373029,0.07860028768430949,1.7588659036878929
705,2.7534111044408207,3.6716301838483063,-0.9182190794074359,1.1341666577919196,0.10099256731974073,1.6400606008168446
706,2.5911356224943263,3.5203850582865734,-0.9292494357922578,1.0365631375522515,0.09333917880699641,1.6780405722679759
707,2.580586327604115,3.5704338172808243,-0.9898474896767766,0.893936697457985,0.07732938945681736,1.7663962758927427
708,2.6099950474422173,3.5754825705721376,-0.9654875231298092,1.0509414029174162,0.09019454557201992,1.6943723745587798
709,2.45715282947605,3.392895513630157,-0.9357426841540928,1.0280186053877884,0.09203083541251525,1.684780982223229
710,2.675319685181526,3.603486363176993,-0.9281666779954776,0.9648092969788311,0.08861524534283373,1.7027479603448532
711,2.6520203961738305,3.5684263874738833,-0.9164059913000528,1.1453643227251844,0.10192644848908006,1.635585111340644
712,2.727486415017998,3.6320021154992355,-0.9045157004812836,1.113460256798461,0.10133201456524585,1.6384300513529275
713,2.671711211523976,3.6401065419664715,-0.9683953304424904,1.029423718273622,0.0884935445248867,1.703398359418587
714,2.6415732996183494,3.602559831513864,-0.9609865318955144,0.9426714913681944,0.08355628229869476,1.7304142912585525
715,2.736398073248998,3.681954656598449,-0.9455565833494575,0.9724139210633467,0.0872186561014936,1.710255395311057
716,2.5052989815571807,3.415972938203572,-0.9106739566464057,1.0573746374444937,0.09689506688054413,1.6600963709292478
717,2.6103406385911883,3.525345115925829,-0.9150044773346053,1.020686222110758,0.09392364199897164,1.675053975343932
718,2.6568555650750256,3.6226581983167088,-0.9658026332417649,0.9655567375829492,0.08458507302431534,1.72468046728777
719,2.69382976914425,3.6131926674665578,-0.9193628983222197,1.1354968458561978,0.10093840314485618,1.6403211845234125
720,2.8481443900844767,3.801213634636978,-0.9530692445524664,1.1007562190987228,0.09475782101719572,1.6708170435781726
721,2.7343841386632364,3.6283361623554984,-0.8939520236922363,1.193537648985194,0.10778754099516043,1.608217549085874
722,2.42360137840125,3.3784204093137533,-0.9548190309125175,0.8884611145155581,0.08047084688984295,1.7479606187089975
723,2.457959275476347,3.4168094689762136,-0.9588501934998703,0.98107476070233,0.08635950164860796,1.7149221466279692
724,2.497510756364696,3.476229658423524,-0.9787189020589722,0.9242176077850051,0.08048045196425055,1.7479051556284328
725,2.6426232550020274,3.581760196659968,-0.9391369416580346,1.1439156303501279,0.09909521532149453,1.6492559237224635
726,2.4780556499068696,3.4859869298445934,-1.0079312799376794,0.9020011092149445,0.07611108754843979,1.7737102655052703
727,2.7014862208200072,3.625939793522789,-0.9244535727027596,1.1071739812572525,0.09851291237643281,1.6521061553775978
728,2.6725272616325726,3.5808731639963196,-0.9083459023637488,1.0801819035115618,0.09868561256361717,1.6512594300158074
729,2.4959421047104713,3.480795925762339,-0.9848538210519564,0.9718499249886399,0.08300917441527449,1.73348684077729
730,2.604163195299171,3.590256869909846,-0.986093674610629,0.8706119476370278,0.07610956077749195,1.7737194910718046
731,2.737657388168023,3.6592966296013523,-0.9216392414332404,1.1292308452431652,0.10026340047785084,1.6435780043352772
732,2.561745195933318,3.5056331471425115,-0.9438879512092626,1.0314799695633254,0.09133866938465131,1.6883781118983576
733,2.5644056860476128,3.528666574014211,-0.9642608879665886,0.8983043490917026,0.08018753496907169,1.7495989852363456
734,2.492577967385492,3.4023195339269514,-0.9097415665414701,1.0968728962128844,0.0996130694085835,1.6467323615022258
735,2.8187551352179896,3.7356770808720756,-0.9169219456540532,1.1643480865795994,0.10306340536287734,1.6301802568004524
736,2.501410749238963,3.4256381297185343,-0.9242273804795786,1.086596014193876,0.09720947455468569,1.6585352706789516
737,2.692901279947583,3.651859096269819,-0.9589578163222541,1.037788648266867,0.09006922245244542,1.6950326750367435
738,2.634979375221738,3.614178491342152,-0.9791991161204123,0.9212715199640682,0.08023365456944272,1.7493319597531214
739,2.4609753273634767,3.402005033675217,-0.9410297063118378,0.9691124481585618,0.08748974608123038,1.7087905917743562
740,2.704881435095095,3.611981595652628,-0.9071001605575475,1.1349927285283874,0.10240677460651346,1.6332959193967231
741,2.612282254697894,3.54727086773318,-0.9349886130353298,0.9917724929117202,0.08969201276801572,1.6970245841746245
742,2.5845566824705117,3.5126545469991073,-0.9280978645285813,1.142121858323187,0.10030236360909774,1.6433895366335831
743,2.5499967984124994,3.503332421495014,-0.9533356230824666,0.9889332591363014,0.08747903841868257,1.7088483798806526
744,2.538206699786534,3.4465719134654393,-0.9083652136788487,1.0863150394577932,0.09908728110404419,1.6492946698409987
745,2.5695856283987184,3.528118782880967,-0.9585331544822111,0.9596879987115436,0.08496325650746336,1.7225868952202568
746,2.593894781601071,3.5391844775205645,-0.9452896959195414,1.0293167642126981,0.09103905156446668,1.6899419990112687
747,2.6738686558282923,3.6367891138523647,-0.962920458023973,0.9905079996065855,0.08654681196319408,1.713901530345573
748,2.803143827521231,3.706993918892667,-0.903850091371396,1.0672049666295675,0.09836705959354909,1.6528221753071384
749,2.7081181649976913,3.656648041220396,-0.9485298762227785,1.0507470346914118,0.09207372864475205,1.6845587858145101
750,2.4493484888350765,3.446746760382576,-0.9973982715475813,0.8462036399132917,0.07335379134474748,1.7906231386633338
751,2.59850618487109,3.551827287518241,-0.9533211026472372,0.9466882453812422,0.08463925738532946,1.7243800459427039
752,2.653348361102863,3.581477626305769,-0.928129265202756,1.0382429547563516,0.09357953613183854,1.6768105394176294
753,2.6186467539606526,3.563054392184093,-0.9444076382234243,1.0665380261540536,0.09356384351733908,1.6768907692642705
754,2.7216804301649433,3.668136771884322,-0.9464563417193403,1.0718038254197935,0.09366931042018396,1.676351767978432
755,2.7585252738219794,3.689423003337669,-0.93089772951555,1.068591635639534,0.09525478866822856,1.6683070523560493
756,2.58486186841798,3.534839112523921,-0.9499772441058667,1.056039203361704,0.09225309975381434,1.6836305038128685
757,2.534790374652394,3.542730926052609,-1.0079405514002246,0.9298483346550985,0.07794162482760413,1.7627561570874462
758,2.4389951298277226,3.3884490372690252,-0.9494539074412387,0.9764982999708292,0.08706953763068898,1.711062706810729
759,2.7475137040655597,3.6655174914815736,-0.9180037874160689,1.0082722583530486,0.09273553500168748,1.68114097564906
760,2.5639504544943663,3.488547146779015,-0.924596692284581,1.0313895685930135,0.09353100073775669,1.677058715754003
761,2.4840860286203594,3.418898240119589,-0.9348122114993203,0.9385828545736108,0.08607358580764594,1.7164834976220156
762,2.487400800050628,3.464461781707604,-0.9770609816570186,0.9417950453994184,0.08182709151294328,1.7401818503719406
763,2.6453253150714233,3.6164456397685636,-0.9711203246971536,1.0223193754258866,0.08773968532358849,1.7074433147326902
764,2.6133701421728035,3.520699633359803,-0.9073294911870562,1.1264830771117185,0.10183045128622316,1.6360436546471926
765,2.7882282782735417,3.7168289497993867,-0.9286006715258281,1.1199677241729087,0.0988374213809512,1.650516108650727
766,2.618665714567888,3.5619646330749117,-0.9432989185070255,1.0139735932533047,0.09024907236802723,1.6940853151233906
767,2.638036339576266,3.6198634732255432,-0.9818271336492899,0.9810228879455014,0.0839224788292346,1.7283668277021575
768,2.5715901154684304,3.49726185059053,-0.9256717351221369,0.9843304587750301,0.09023222154644285,1.6941740123325597
769,2.7286375542821504,3.659934349548744,-0.9312967952665758,1.0669403253415715,0.09510066622320226,1.6690843406805762
770,2.6142861003802325,3.5610610024772087,-0.9467749020969904,1.0094582786552593,0.0895629766167107,1.697707526003791
771,2.683821662324695,3.6146525996968317,-0.9308309373720931,0.9590425639871785,0.08792310665776616,1.7064565652376396
772,2.343230039298524,3.311057099658982,-0.9678270603604915,0.9424323011933438,0.08282473298253608,1.7345263590462632
773,2.6652014848244705,3.638115851495502,-0.972914366671148,0.9121038171292075,0.08025119647499825,1.749230427519512
774,2.4848275900461574,3.4310533644895647,-0.9462257744434055,0.9575243721260223,0.0861369104805799,1.7161373286234336
775,2.5822401175421335,3.543637538605266,-0.9613974210631113,1.092217342391909,0.09327170187801448,1.6783863434716524
776,2.5358056100125084,3.46012623404225,-0.9243206240297468,1.0643910731648116,0.09574795383523606,1.665826613079237
777,2.6588765046446867,3.621981686967182,-0.9631051823224652,0.9336386907133705,0.08272271061321787,1.7351021667080972
778,2.5606463811185365,3.5383192920495135,-0.9776729109310054,1.0089074097899107,0.08617086432275359,1.7159518021020674
779,2.501708174912656,3.4688968254470187,-0.9671886505343537,0.9380820462329873,0.0825981569368862,1.7358059204087855
780,2.730167172610314,3.6660783826746575,-0.9359112100643188,1.085418509128925,0.09576186496138274,1.6657567937207176
781,2.5339921452089045,3.555257146028819,-1.0212650008199944,0.9436340779273955,0.0775373046399621,1.7651574672552977
782,2.688238844152798,3.6327781585476413,-0.9445393143948877,1.002945169575714,0.08937819521337421,1.6986868883349848
783,2.73685856183794,3.660077400699731,-0.9232188388616578,1.0444857039950728,0.0945623046618043,1.6718074125736921
784,2.6829863334410136,3.6588838568027504,-0.975897523361823,0.9613411551815241,0.08324658590278268,1.7321515327974426
785,2.554524670313404,3.457381812071056,-0.9028571417577496,1.149286039855662,0.103849924310571,1.6264689929420313
786,2.757004208081517,3.6261322853119613,-0.8691280772303571,1.11972942731083,0.1061948921497134,1.6155349770962792
787,2.66915356905985,3.620168786185092,-0.9510152171252457,0.9937702382566853,0.08805414460936202,1.7057526381674908
788,2.378599844122269,3.3466584530543284,-0.9680586089320968,0.8458238140026801,0.07614860396210658,1.7734836186869227
789,2.5869133360922576,3.534475946335759,-0.9475626102434944,1.0032733318261255,0.08906546688046538,1.700348105532856
790,2.582615361634103,3.520437513296781,-0.9378221516626581,1.007376660530245,0.09042275773958743,1.6931718678602
791,2.727634703235927,3.6692365267726523,-0.9416018235366437,1.0464960846703075,0.09258127047024667,1.6819358991845061
792,2.5573740375834775,3.501997174575607,-0.9446231369921634,1.0032538905169073,0.08938945890889947,1.6986271428305182
793,2.78497952909469,3.7565901192053315,-0.9716105901106857,0.9782178713855827,0.0848105131732905,1.723431552234743
794,2.3840467408356205,3.3141143276523057,-0.9300675868166763,1.0288844549399743,0.09273526386313777,1.6811423718915328
795,2.6150659057873242,3.5512307323173844,-0.9361648265301028,0.9633654133892788,0.08763189754107766,1.7080239557685617
796,2.653655624418653,3.5538177030855915,-0.9001620786671083,1.1164054655177047,0.10205999161190783,1.6349477963940742
797,2.455144660922875,3.4100888370433933,-0.9549441761205344,0.8708906668353738,0.07922534715397915,1.7551985774612904
798,2.5554453912180777,3.5061732362194484,-0.9507278450013246,0.967149442794023,0.08630228382017585,1.7152342715541549
799,2.6676815234403564,3.611476998997045,-0.9437954755567262,0.9291584281874985,0.0844534636598958,1.7254108149827878
800,2.664198571771968,3.5996078439551344,-0.9354092721831648,1.0848821640613342,0.09578575943063888,1.665636887330825
801,2.499593560291592,3.495327112698915,-0.9957335524072732,0.9126662638894463,0.07800652662442863,1.7623716422415003
802,2.5489009046497046,3.5008637212798797,-0.9519628166302709,1.0425797423009238,0.09115794576703393,1.6893209235415338
803,2.537924551276993,3.492562884083711,-0.9546383328067805,1.0302696990772153,0.09005901681827244,1.6950864788732323
804,2.6259683195853456,3.5826833518157195,-0.9567150322303632,1.0002515262105591,0.08786147112048522,1.7067879598095095
805,2.5997726712096125,3.557622391509938,-0.9578497203003735,1.011717634441565,0.08849220370675931,1.7034055290942263
806,2.6756765655635406,3.615015851506151,-0.9393392859426513,1.0469818083788198,0.09287053323935444,1.6804462016692185
807,2.451442998942858,3.3919801939284278,-0.9405371949854953,1.080606820712151,0.09491549216281905,1.6700195677933267
808,2.879525789629261,3.824298348431911,-0.944772558802697,1.1172309528778015,0.09675656082536489,1.6607853681952394
809,2.6006558565071516,3.587435061082554,-0.9867792045754413,0.8782482831213096,0.0765648878034725,1.770974827444689
810,2.6591632220674826,3.588575633376268,-0.9294124113088174,0.9833339112428241,0.08974389126024054,1.6967502329624864
811,2.7770005586081568,3.7364571620747262,-0.9594566034664922,1.0467761457013918,0.09059439399720876,1.6922705830436144
812,2.366728722091912,3.3587735044693354,-0.9920447823774339,0.9437022737329686,0.08042877407330683,1.7482036253432511
813,2.6521665816609272,3.6113205125062735,-0.9591539308454458,0.9906380114471462,0.08696133533641612,1.711649201431346
814,2.4517400778378176,3.406024840460559,-0.9542847626227058,1.033593525137628,0.0903147843024796,1.6937395562712443
815,2.336945626951993,3.34209106051652,-1.005145433564394,0.9337121870990299,0.0784684846809904,1.7596422410373118
816,2.392543332650112,3.330469671024105,-0.9379263383741545,0.9712852595014714,0.0879782045212818,1.7061604802084764
817,2.5545483077139495,3.5268616935696078,-0.9723133858556139,0.8477087876964569,0.07586457754014296,1.7752017703131886
818,2.674409386189146,3.616449897726801,-0.942040511537698,1.0095702472115469,0.09009711332835597,1.6948856600918047
819,2.429968652745393,3.425504261195535,-0.9955356084501545,0.859123870520619,0.07441480933797318,1.7840545023053083
820,2.7039315153706327,3.6660014744645477,-0.9620699590939239,1.067554532467729,0.09163436696977045,1.6868387249705374
821,2.5656423815782916,3.514459150794352,-0.9488167692162506,1.0410437554027967,0.09141059233742037,1.6880033163282113
822,2.6075595716724735,3.5879176856276573,-0.9803581139551625,0.9175360285643372,0.07986509750974338,1.751469343309994
823,2.481487714324308,3.4200068952602813,-0.9385191809359412,0.9913202498783096,0.0892681664934515,1.6992708278036122
824,2.5755717872426573,3.5543479144148713,-0.978776127172182,0.9602054586455209,0.08287271655710043,1.7342557415800248
825,2.5876419689159236,3.533989888043483,-0.946347919127561,1.0670551443545333,0.09337584708195003,1.6778527575763897
826,2.558076399713278,3.5369865582260682,-0.9789101585128037,0.9979695363886976,0.08533137753029196,1.7205562535646393
827,2.620580404207536,3.569130196310145,-0.9485497921026536,0.9074983987476073,0.08244851886112577,1.736652544527497
828,2.7669570121032536,3.684999375666498,-0.9180423635631314,1.0111948497873833,0.09292928092125526,1.6801441074526329
829,2.4859874265199466,3.485244402227418,-0.9992569757075671,0.9280028808133509,0.07867469036521697,1.7584281296091235
830,2.6207912056846596,3.6206975406969817,-0.9999063350123834,0.9313406131700444,0.07883015790713951,1.7575144684311992
831,2.703461988265181,3.6366685953503386,-0.9332066070852534,1.0507121738007363,0.09381760337455056,1.6755947218352116
832,2.5960056374185485,3.5477205465236925,-0.9517149091050214,1.0795220898795,0.09356451959643201,1.6768873125290285
833,2.7273112013766565,3.635903534134004,-0.9085923327573937,1.1300726980689593,0.10190662382207323,1.6356797783027237
834,2.5295383024468863,3.4618933286595763,-0.9323550262126901,1.0044881611374172,0.0908440072969395,1.6909622786605663
835,2.718399765949576,3.631365558399277,-0.9129657924497678,1.0734679956974977,0.09768858822201015,1.6561641148280932
836,2.7916587365126504,3.7325834094990262,-0.940924672986398,0.9020456865347177,0.08286941251352042,1.7342743716332494
837,2.5866726139279224,3.4857930220557223,-0.8991204081277147,1.0403811168583128,0.09713313977485544,1.6589139174038354
838,2.6395207324414884,3.5886201455303097,-0.9490994130889021,1.0030526924185055,0.08888127508021104,1.701328734873618
839,2.4339673585413863,3.4080689052029087,-0.9741015466615863,0.8848492826061443,0.07826832417493573,1.7608232453415467
840,2.4820575733031007,3.4712119403502713,-0.9891543670471492,0.9584631199182678,0.08169138871380556,1.7409554450810343
841,2.6765973819985818,3.632098670575162,-0.95550128857667,1.0493417209715155,0.09120024634725865,1.6891001122971723
842,2.4704490105240127,3.4204771076816027,-0.9500280971575421,1.0684699200225982,0.09304840253229955,1.679532026712062
843,2.5175927294579794,3.5038193766471495,-0.986226647189028,0.9626375351397405,0.0822646379057063,1.7376946160422697
844,2.575178197620508,3.5239665571993366,-0.9487883595787707,1.0497911066457513,0.09198256226160796,1.685031147322171
845,2.5312396525149468,3.5120645206675385,-0.9808248681525811,0.9505927155823919,0.0820254377338544,1.7390530172449248
846,2.4140697047021065,3.3899026657004954,-0.9758329609984457,0.9652241398546764,0.08351010445813112,1.7306729946086052
847,2.4772712220890214,3.414402536934553,-0.9371313148456011,1.1015299835802674,0.09665307229160272,1.661300686163331
848,2.493381939526208,3.4194718546494873,-0.9260899151232707,0.9763784399838049,0.08964141902870738,1.6972922642570134
849,2.456103919826879,3.4306399702964465,-0.9745360504696237,0.9660962518032279,0.08370310231035889,1.7295925261322957
850,2.3796460956171956,3.3483877937662716,-0.9687416981490742,0.9538229809441194,0.0834929992160273,1.7307688531696284
851,2.6309294518048234,3.5737787540470536,-0.9428493022421662,1.0064206529329105,0.08979736865869752,1.696467559800405
852,2.5485502482754243,3.5033027725765167,-0.9547525243010568,1.0156343387963607,0.08908902579282593,1.7002227967627703
853,2.7909722169790627,3.7312774694637283,-0.9403052524846771,1.034387777533962,0.09193417938949576,1.685281986885481
854,2.747976501869053,3.6573539126938424,-0.9093774108248454,1.1303909895101287,0.10183068765995694,1.636042525154327
855,2.687865130391279,3.619751720073634,-0.9318865896823354,1.0340528707566468,0.0928702447262872,1.680447685648848
856,2.5193903243828033,3.487720067267047,-0.9683297428841797,0.979972172045041,0.08527352993084877,1.7208748847693456
857,2.4753621351853696,3.4465641352935514,-0.9712020001081783,0.9367524821468716,0.08209281994341898,1.738670033681594
858,2.739105003155592,3.7014220448155606,-0.9623170416598441,1.0607474663275627,0.09117274134486114,1.6892436804840645
859,2.7064907349620086,3.687037894463159,-0.9805471595011568,0.9297280613040897,0.08066442525540422,1.7468438653543856
860,2.8239521897183892,3.755795382142749,-0.9318431924244805,1.09856525560146,0.09708392579864496,1.659158161786194
861,2.512963553145133,3.496172570153386,-0.983209017008221,0.9225872547776668,0.07991693307588267,1.7511682480703221
862,2.4607042052172035,3.43038116750868,-0.9696769622914871,0.977743445893668,0.08498359811659754,1.7224745006247575
863,2.7383274064607037,3.6871524257259094,-0.9488250192652004,0.9916754959684935,0.08815442888182719,1.7052144881848332
864,2.7211428458630196,3.6558888461714827,-0.9347460003084507,0.9808084639059904,0.08897701135503124,1.7008188348793605
865,2.4991241229762324,3.4676841704943144,-0.9685600475180536,0.9579631728129188,0.08378848997110805,1.7291151401854998
866,2.708436375135753,3.6540578083798425,-0.945621433244014,1.0352806575723301,0.09139307456617296,1.6880945808245575
867,2.5696841393089387,3.541727830845414,-0.9720436915365553,0.9570152113041075,0.08336094202740499,1.7315094436085252
868,2.6752892661256653,3.5577482571348757,-0.88245899100923,1.0975661935155123,0.10302266981042975,1.6303730838356938
869,2.6364484689761327,3.6158211009843737,-0.9793726320082214,1.0079513768040749,0.08592854692288042,1.7172771393957313
870,2.5268125079019144,3.525692159566034,-0.9988796516641969,0.9098342010031955,0.07750920472057926,1.7653247350568582
871,2.5904855928277954,3.5568884603745823,-0.9664028675467762,0.942792527317855,0.08299737624626928,1.7335532796024724
872,2.4632638741126045,3.4312571254126873,-0.9679932513000722,0.9424926057165246,0.08281149154352564,1.7346010604000466
873,2.5209242102601963,3.4581903438590396,-0.9372661335987686,1.0504966705406764,0.09333744673040519,1.6780494454183836
874,2.38055639910248,3.3398290121841687,-0.95927261308168,0.92056700937448,0.08223100271100951,1.7378854342943708
875,2.607455421896694,3.5682366353680597,-0.960781213471364,0.999329372468651,0.08735905456563947,1.709496310451937
876,2.6897634481481334,3.636486785052116,-0.9467233369040287,1.0524811558713223,0.09239036474638913,1.6829211082101738
877,2.6480783005496193,3.5963269264164732,-0.9482486258668814,1.0871279788671833,0.09444573856553631,1.672398647863917
878,2.667452286251651,3.5957842109594664,-0.9283319247076633,1.0414470852327724,0.09376849992473683,1.6758452921082068
879,2.7264775099154037,3.667456736595462,-0.940979226680156,1.019306763270452,0.0908623159136611,1.6908664311173272
880,2.654772378868293,3.5998545183798494,-0.9450821395114417,1.0817674648655327,0.09446646774582843,1.6722934645787693
881,2.4603816919284243,3.3967178104603186,-0.9363361185318126,0.9724525811631635,0.08823296317669549,1.7047933984454688
882,2.549990257591267,3.5309315239942287,-0.9809412664029651,0.9509946908301243,0.082040108416176,1.738969611046366
883,2.2625887113274445,3.233796405557753,-0.9712076942302019,0.938487742975983,0.08220887307109574,1.738011014073743
884,2.643757373527356,3.5904839368526926,-0.9467265633253419,1.0298275176371694,0.09091154635368749,1.6906087815730095
885,2.586710220087744,3.498748478325967,-0.9120382582382263,1.0684695527786117,0.0974690830106645,1.657249299871393
886,2.5228834660839454,3.481359733604052,-0.9584762675200409,1.0019162892294573,0.08777955490070548,1.707228687437297
887,2.8973157286231896,3.7965577608985766,-0.8992420322755379,1.1965573792361157,0.10730176566803819,1.6104403137788517
888,2.5323918573972066,3.483212677750774,-0.9508208203536697,1.0627955322910192,0.0925936440619563,1.6818720989807427
889,2.517126891679928,3.462824584701061,-0.9456976930210885,0.9820304855858659,0.08785119630377916,1.7068432224446652
890,2.638326781293691,3.565771160511481,-0.9274443792178317,1.0407648107781142,0.09382575110282039,1.675553154921286
891,2.5351780849102767,3.495587687313989,-0.960409602403729,0.9876557725185899,0.08662842875303814,1.7134573747380375
892,2.6782083169176674,3.5907358743655995,-0.9125275574479019,1.098258046889002,0.09936665530741501,1.6479318569026613
893,2.6443180240431645,3.5874487745149772,-0.9431307504718234,1.028050562354415,0.0911982042117039,1.6891107704598753
894,2.669765504178818,3.594723150824074,-0.9249576466453391,0.9904661089698574,0.09073114738059915,1.691553455553207
895,2.281453963330469,3.306288012009331,-1.0248340486789402,0.7269142928069545,0.0626111250083254,1.8619430006759063
896,2.6271088481004115,3.6167326540261384,-0.989623805925703,0.8801666670822237,0.07641822634205699,1.7718574306969426
897,2.5389294695015594,3.5219036205388403,-0.9829741510372969,0.8188890122137051,0.0728142048052676,1.7939935094682502
898,2.6838607176342664,3.6336512375062777,-0.9497905198720673,0.998012501470398,0.08847053153841002,1.7035214275162582
899,2.5391994966181444,3.458681307768677,-0.9194818111506038,1.0684201889705693,0.09658212931961635,1.6616541995426863
900,2.738079332127191,3.6653128978342946,-0.9272335657070698,1.1280945492899326,0.09951803134306904,1.647194707387438
901,2.661305267652088,3.5390509303644238,-0.8777456627123001,1.2072535108996896,0.11075684270529124,1.5948005559376608
902,2.6613705931640568,3.631557433652216,-0.9701868404880543,1.0653180971105136,0.09059131729562371,1.6922867271166087
903,2.618832644071054,3.5999543771346354,-0.98112173306356,0.9543455913557379,0.08224330120126565,1.7378156555025226
904,2.6045588572040885,3.5994387145569307,-0.9948798573528848,0.9372593797852926,0.07971988235854932,1.7523136954905212
905,2.5313056876462867,3.5088433730392077,-0.9775376853929174,0.9260893208743846,0.0807263146913677,1.7464872844484487
906,2.561956745281114,3.4962053429982416,-0.9342485977172146,1.0608593504608934,0.09436182275794519,1.672824639707748
907,2.5370232579808687,3.4997835043799586,-0.9627602463989433,1.0317984720943996,0.08926263181518151,1.6993002165091013
908,2.48692812286412,3.414804402676048,-0.9278762798118123,1.0222328552607614,0.09254240773807355,1.6821363261345281
909,2.659959936791202,3.560000428196187,-0.9000404914049795,1.144572828586176,0.10389898214861225,1.6262382499805266
910,2.5079598566231796,3.5009424234789734,-0.9929825668558578,0.8825353371630964,0.0762524618729216,1.772856659646912
911,2.5123103666611457,3.4788832256349473,-0.9665728589739047,0.9997073162898931,0.08675908386819638,1.7127470572360364
912,2.57545696136082,3.506809221502134,-0.9313522601412387,0.9678760070661587,0.08847197356666407,1.703513715126904
913,2.527159642835946,3.478698477968701,-0.9515388351328511,1.0824644963838048,0.09377227033841552,1.6758260483131522
914,2.4866630552335125,3.452582871835691,-0.9659198166021952,0.9367167438555113,0.08263793724969754,1.7355810600838508
915,2.4949138444670695,3.4656020881782195,-0.9706882437111517,0.9449363583649277,0.08269539841043416,1.735256412676408
916,2.7425426292534127,3.6569762510726336,-0.9144336218191711,1.0690045169208673,0.09721908232120537,1.6584876297019842
917,2.512683934799034,3.4538544130804625,-0.9411704782814923,0.9901295165219441,0.08889403588109701,1.7012607441492897
918,2.4848398529830917,3.404686177886966,-0.919846324903915,1.124253676271743,0.10016195587774337,1.6440689738338863
919,2.706433401247742,3.6187800840225246,-0.9123466827746824,1.0841486611944504,0.09846550958398292,1.6523387720748974
920,2.5342492757298403,3.502146054365403,-0.967896778635577,0.9426396001485615,0.08283141730922881,1.7344886532065011
921,2.556173318516804,3.4808681516737026,-0.9246948331569911,1.0763083538672902,0.09648431029998467,1.6621419788173342
922,2.804811277896525,3.7714408956789867,-0.9666296177824734,1.0275496525910628,0.08856475632308011,1.7030176986353276
923,2.624026173361804,3.626109714372648,-1.0020835410108475,0.9535537853241729,0.08006539276043943,1.750306773410546
924,2.54476957417875,3.520924562318854,-0.9761549881401379,1.0420472699557635,0.08846043833091038,1.7035754117822879
925,2.798858375010005,3.7189935297551373,-0.9201351547451395,1.0575376058474277,0.09578742692632358,1.665628520456175
926,2.574141274710874,3.547116638529469,-0.9729753638185912,0.8618483195279891,0.0767880457101009,1.7696345121936412
927,2.580204906354757,3.5375649549130164,-0.9573600485582574,1.0200371037275775,0.08909066946227655,1.7002140551568816
928,2.6392476171378036,3.597442524979926,-0.9581949078421985,0.9588800210062458,0.08494491379525623,1.722688263863765
929,2.7140959156697506,3.7032972577644414,-0.9892013420945887,0.9182816105726674,0.07902825287891538,1.756352413319973
930,2.753033058994552,3.6828155620343135,-0.9297825030397462,1.1233400852962827,0.09891115327299321,1.650155414331109
931,2.6313773036074424,3.5702085948602496,-0.9388312912527681,1.0078996524178425,0.09034459906993231,1.693582745590798
932,2.586242133762417,3.522694667733085,-0.9364525339706233,0.9620258036658771,0.08750866687868152,1.708688492208369
933,2.5426518267444096,3.505914253590364,-0.9632624268459722,0.9029744909859581,0.08061127731350538,1.7471502588145775
934,2.6687321119330734,3.6200427761873155,-0.9513106642542652,0.9190409870219238,0.08295858897349487,1.7337717556492305
935,2.570258601649235,3.526027513790091,-0.9557689121407975,1.0252631414485467,0.08960733158894403,1.697472681820423
936,2.5088007144139426,3.439957245522008,-0.9311565311081722,0.9161244121959524,0.08490145643506163,1.7229284960592677
937,2.5773319172301314,3.5484292019068637,-0.9710972846766026,0.9701676496401355,0.0843329528391977,1.7260803810203662
938,2.711152439696994,3.665568205046202,-0.9544157653491538,0.9879364161013067,0.08729528104479807,1.7098409892142736
939,2.5436735319191173,3.4770084606364553,-0.933334928717386,1.0543650241582683,0.09404244245737214,1.6744487307656952
940,2.5776420773837487,3.529434775905495,-0.9517926985217855,1.0557495986282248,0.09202976259519355,1.6847865407200362
941,2.7518131801274337,3.6644271700682904,-0.9126139899408372,1.1007954114854588,0.09952149733382112,1.647177839676727
942,2.6368216086560694,3.557393408830476,-0.9205718001743435,1.0715549218837368,0.096659367267416,1.6612693279219608
943,2.5596936026728287,3.5134789508766358,-0.9537853482037235,1.024608026308792,0.08978377431740538,1.6965394045122164
944,2.5280009319998187,3.4639859137436546,-0.9359849817437862,0.9987126237793678,0.09004799284363815,1.6951446024927748
945,2.476144909860514,3.3760300094181166,-0.8998850995575367,0.9818193038939378,0.09301474394461086,1.6797049103370154
946,2.5953520898954054,3.5301602292151952,-0.9348081393197845,1.00683095441353,0.09072482513892126,1.6915865898785531
947,2.59552129588632,3.542608144022472,-0.9470868481361094,0.9533754113507151,0.08576167067458505,1.7181916138089974
948,2.397084330487465,3.34449249824508,-0.9474081677576578,0.9815482362973595,0.08763165380243776,1.7080252694147433
949,2.6100648645602775,3.5622319893138843,-0.9521671247536005,0.98056070060986,0.08704725014419219,1.711183464725377
950,2.5206018595699704,3.4617960771877923,-0.9411942176176353,0.97134600256837,0.0876233046674126,1.7080702694326415
951,2.4100094246357373,3.3524228073454254,-0.9424133827096739,1.0641553663958054,0.09363770461774205,1.6765132421252122
952,2.6177309344280872,3.5709294302451604,-0.9531984958171051,1.0014243251002795,0.08832306792624464,1.7043106416459957
953,2.622381780231413,3.5718046900606804,-0.9494229098291953,1.0535000818508287,0.09215140028703632,1.6841566410959332
954,2.540550705721094,3.4787462398801545,-0.9381955341591492,1.0475551144165711,0.09303856638533879,1.6795825438051013
955,2.485588589605291,3.4539258726756334,-0.9683372830703547,0.9010278644175298,0.07995995063529064,1.7509184941331948
956,2.5902312365963014,3.5523232211996096,-0.9620919846032621,1.1303318590401905,0.0955714163364198,1.6667133536275882
957,2.747484642060036,3.702028550132312,-0.9545439080721962,1.0424450849429852,0.09086095736450198,1.6908735427321973
958,2.6306144910972677,3.5967586162192027,-0.9661441251219003,1.027906111660763,0.08864071468030692,1.7026119370534167
959,2.6721802235936054,3.6017564961923285,-0.9295762725987515,1.0444742340143724,0.0938251331701168,1.6755563073004553
960,2.745303950691769,3.6413898494970014,-0.8960858988052678,1.0979313964656863,0.10135134533087342,1.6383373261966687
961,2.841755442538434,3.764384497100694,-0.9226290545622078,1.0719090886243419,0.09643989238976043,1.6623636014959051
962,2.465799480561478,3.445530172946642,-0.9797306923851465,0.9371749293173293,0.08124527913565151,1.7435059313130477
963,2.664787060376844,3.620503256066874,-0.9557161956900018,0.9408037854486735,0.08398513282153602,1.7280172441474928
964,2.6396617732441343,3.567841714173818,-0.9281799409296809,1.0694180267572655,0.09562564020057873,1.666440849959488
965,2.589662761302853,3.509122521463715,-0.9194597601609757,1.0862900941929705,0.09775533701186964,1.6558345100238843
966,2.621246518981016,3.5477520060675283,-0.9265054870865015,1.127733338293429,0.09958236064914597,1.6468817164989384
967,2.6296365108570314,3.597831223851102,-0.9681947129939772,1.0024435821103155,0.08676385893287444,1.7127211135596545
968,2.641169726750141,3.5704420964281387,-0.9292723696779603,1.0058401569846518,0.09128349564496868,1.688665786976639
969,2.588713151795892,3.5324914036971564,-0.9437782519012217,0.8992077090455388,0.08236977028766605,1.7370985895375577
970,2.5384278322232974,3.5155582923698714,-0.9771304601466682,0.9393948210895955,0.08165966517349812,1.7411364403402838
971,2.831162877472926,3.7660940022981895,-0.9349311248253116,1.079647861110796,0.09550344938257395,1.6670550984993724
972,2.7520651456740013,3.73122833967339,-0.9791631939993977,1.007205588634047,0.08590259830026471,1.7174192424154051
973,2.5148533639417026,3.4733370605900515,-0.9584836966483863,0.9668965054008245,0.08545230458197636,1.7198907371925856
974,2.591766810793493,3.523650663234785,-0.9318838524413877,1.1045501429391809,0.09746297765251007,1.6572795113149759
975,2.578746711389036,3.529160205496089,-0.9504134941071243,0.9563149341755632,0.08560357592982036,1.7190592934071567
976,2.572228361708986,3.490346802404462,-0.9181184406955936,0.9822568074562126,0.0909453524239791,1.690431921077626
977,2.675007856922653,3.588899980377368,-0.9138921234548434,1.1280101471233142,0.10112539112350229,1.6394220568052091
978,2.6876794908863446,3.625193804104732,-0.9375143132183439,1.1188797144046803,0.09771169361156097,1.6560500003031406
979,2.6505633294900606,3.592563474607973,-0.9420001451180724,1.057544537130696,0.0932560124512458,1.678466769369437
980,2.508382564883951,3.4156193847253253,-0.9072368198413869,1.0882318096450212,0.09934978926761553,1.6480140442114573
981,2.7479289428848603,3.681532827362832,-0.9336038844778614,1.0618834505999957,0.09450317708510163,1.6721072407075734
982,2.5786230603337033,3.5147948686968538,-0.9361718083631558,1.0012718158722254,0.09019893480751864,1.6943492620099427
983,2.5919280500738666,3.5440271789660813,-0.9520991288923142,0.9797381410143047,0.08699958145971605,1.7114418266744897
984,2.3955856975145395,3.3281929279998654,-0.932607230485246,0.9877784708963704,0.08968808811329071,1.6970453442889806
985,2.633173708639666,3.5658783298629815,-0.9327046212233654,1.0494423874098586,0.0937919750806216,1.675725487475723
986,2.7006017501415642,3.7067072716167577,-1.006105521475206,0.8567667996849564,0.07325581016905186,1.791233639058516
987,2.57245735918888,3.5316940935848167,-0.9592367343959722,1.0333955064161806,0.08975377026080458,1.6966980039012514
988,2.263927721630003,3.2057472909684983,-0.9418195693385769,0.9853064013957158,0.08849789843994225,1.703375078595856
989,2.7374981705414627,3.684066080843881,-0.9465679103024058,0.9883262671540343,0.08817814732811588,1.7050872813743372
990,2.5490861301537877,3.5056710494925647,-0.9565849193387521,0.9588680284825162,0.085115622237102,1.7217455489683535
991,2.5772736179395594,3.491218037954557,-0.9139444200150137,1.091167486515643,0.09873329836165483,1.6510258415277754
992,2.7074894226550357,3.6378125578887617,-0.9303231352337207,1.0710880425638016,0.09548444943026553,1.6671506670532807
993,2.7781051610979746,3.68704058614539,-0.9089354250475026,1.1269195099305191,0.10166142301596781,1.636851877584633
994,2.7273896618263422,3.635026991586606,-0.9076373297601776,1.1495789181205722,0.10327446625336631,1.6291821419382653
995,2.5528284841740203,3.523422390435315,-0.9705939062613425,0.9983002951570574,0.0862362140991667,1.715594891816209
996,2.7154760681480554,3.661120767841665,-0.9456446996936165,1.0603717960747956,0.09302416250407443,1.6796565278860203
997,2.4600056109809345,3.4138959220015868,-0.9538903110207002,0.934863894496198,0.0837732185559788,1.7292004907886687
998,2.762547363007107,3.678862359280805,-0.916314996273627,1.1092711108833322,0.09962447990919349,1.6466768747973801
999,2.529997025834851,3.5201216655272014,-0.9901246396923398,0.8410113016547993,0.07368331420197753,1.7885748315097032
