,logR,logI,logS,d_G,p,sigma
labels,$\ln\mathcal{R}$,$\log\mathcal{I}$,$\ln\mathcal{S}$,$d_\mathrm{G}$,$p$,$\sigma$
samples,,,,,,
0,5.167623115852544,6.128154568846194,-0.960531452993564,1.7444482687198484,0.12913609324081535,1.5175174417993664
1,5.464158037761004,6.414865500458058,-0.9507074626963004,1.9011063812645332,0.13777943426557254,1.4841111553134014
2,5.53326902749806,6.53416103470366,-1.0008920072059482,1.161797142812608,0.09310714008554831,1.6792304479286564
3,5.223393507098004,6.319284526156027,-1.0958910190574898,1.579535092342205,0.10449179916927874,1.623456761971135
4,5.248571200997427,6.589479228323926,-1.340908027325895,1.5513502572854048,0.07912257680100476,1.755799927414633
5,5.755318564249061,6.870571250772445,-1.1152526865234904,1.6781660764895925,0.10684834148028813,1.6125222531157863
6,5.7875153984258905,6.722995092472269,-0.9354796940460801,2.7109839825654714,0.17197261119648413,1.3658928056001585
7,5.321413615760244,6.299656483425055,-0.9782428676662676,1.7593240632096805,0.12746066955115765,1.5241923456607387
8,5.218847567974004,6.306056673967314,-1.0872091059936793,1.3059844552758388,0.09183928286622137,1.6857742832737999
9,5.816289961689941,6.866409857822996,-1.050119896133765,1.4368559246367454,0.10268874596713477,1.6319560458299807
10,5.713078491771663,6.82432215957394,-1.1112436678022277,1.6485773094062246,0.10596027668716335,1.6166202562847665
11,5.691735584864469,6.749378897355593,-1.0576433124915638,1.5265436952758282,0.10632114059649418,1.6149517663131507
12,5.461870553666737,6.610534118589749,-1.1486635649225718,1.2621278644457696,0.08340257817542629,1.7312758412559144
13,5.646082131282961,6.613742963281547,-0.9676608319987281,2.382720848433987,0.15530324498785458,1.4210464884956406
14,5.789684177430823,6.87337402818679,-1.0836898507550359,1.410332570689599,0.09758775560699401,1.65666236664797
15,5.500667671479201,6.553167706034957,-1.052500034556033,1.5123716704471963,0.1062192411454522,1.6154224529652055
16,5.934062925595677,6.901300919908623,-0.9672379943131091,2.3396161079453783,0.1537160351613823,1.4265278453072203
17,6.0239022358363545,6.970859500343332,-0.9469572645066364,2.5753477598662755,0.1654698009805204,1.3869080561495122
18,5.0689625169315295,5.995816543681885,-0.926854026750334,2.009883137891494,0.14603997454359682,1.4536622303497648
19,5.287713319253195,6.364116383422187,-1.0764030641703357,1.1892020328894386,0.08666846953934396,1.7132395977695498
20,5.021964672483515,6.174693519168985,-1.1527288466859318,0.65461600207197,0.04839381959046914,1.9738938027712813
21,5.281654165250908,6.311729161236025,-1.03007499598516,1.925281173223965,0.1281326192876098,1.5215071465209233
22,5.6986864804984325,6.725458358099596,-1.026771877601277,1.7870625483045366,0.12242160847783357,1.5446885800498786
23,5.730961235388273,6.823545439256806,-1.0925842038686824,1.423986433819179,0.09730605609553696,1.6580565335670145
24,5.464917815935147,6.481579102740442,-1.0166612868051743,1.152966121536359,0.09086328570021861,1.6908613546153908
25,5.606889841568696,6.596628136815079,-0.9897382952458429,1.4228097269011162,0.10909622996834012,1.6022685824497873
26,5.229051009062383,6.356249007203035,-1.1271979981402183,1.2816588162829472,0.08649529286218563,1.7141820695901608
27,5.373338808640179,6.456084590177499,-1.0827457815375965,1.5297263053221144,0.10359773178528973,1.6276565465390398
28,5.569191898271052,6.516452550892554,-0.9472606526223899,2.558282497568218,0.1648106690768311,1.3890726184120241
29,5.561362094900611,6.635384488732372,-1.0740223938319104,2.038997077653466,0.12728160093137847,1.5249097849879905
30,5.6034377403883955,6.544300389084762,-0.9408626486965659,1.6764065153286474,0.12850148046494364,1.5200377808976933
31,5.677808609688251,6.63910130883823,-0.9612926991503628,1.6289729923832486,0.12338703549156367,1.5407114227569336
32,5.587976447461111,6.588921244374577,-1.0009447969132452,1.913583675112811,0.13145825102715683,1.5083762771720093
33,5.503441906976983,6.504750429980733,-1.0013085230029901,1.5600472719264644,0.11477911130111028,1.577071338279819
34,5.2667549269216725,6.234232261991048,-0.9674773350689065,1.7369868484389368,0.12784184788484082,1.5226677597465492
35,5.220545203728685,6.32720884915827,-1.1066636454288528,1.4684770035775614,0.09797623571359626,1.6547449953938485
36,5.546381464564471,6.734761371361872,-1.1883799067982181,1.387615456548227,0.08575514853105663,1.7182273840531037
37,5.352173026078086,6.648413778802544,-1.296240752723861,1.163633788921615,0.06589314886090444,1.8391498480834756
38,5.567120729953709,6.689363187711296,-1.1222424577572383,1.1236352818060968,0.07859312106886192,1.7589080887670834
39,5.50916093270545,6.628910882247917,-1.1197499495419834,1.1946319211190435,0.08266673979816387,1.7354183069074802
40,5.536613139486613,6.370324951241296,-0.8337118117551654,1.675664380646296,0.14401573061005307,1.4609989462587034
41,5.748702250720195,6.871387863702489,-1.1226856129833322,1.4171378959907592,0.09376059507452114,1.6758856396473396
42,5.272362790470575,6.36852183443766,-1.0961590439674183,1.1970141680850919,0.08510866068237054,1.7217839633196181
43,5.359554139677963,6.341086572305835,-0.981532432628228,1.9625172389299923,0.1362321904964101,1.4899697479322938
44,5.7801456361629935,6.765971895492337,-0.9858262593297695,1.6523053090158388,0.12132462876676882,1.5492375380269992
45,5.707235306096587,6.70604559960279,-0.9988102935058123,2.1892999467354812,0.14333272399723826,1.4634922819233727
46,5.561523107447934,6.644000207204586,-1.082477099756943,2.323760394253515,0.13729104693678176,1.4859549140093236
47,5.027765303275297,6.0372439314228235,-1.0094786281460983,1.5655140121265099,0.11403640338388236,1.5803077610097713
48,5.188176985713577,6.247279102053584,-1.0591021163390906,2.1240515523271615,0.13262951212212495,1.5038130419918372
49,5.197782272130022,6.293975520123739,-1.096193247993142,1.093184882656649,0.07935130074653364,1.7544624377786058
50,5.393939269640137,6.433259761720729,-1.0393204920801509,1.323173790217897,0.09794359414696178,1.6549058661812897
51,5.103622379518052,6.301433032035073,-1.1978106525175463,1.283347155132148,0.07986377468722251,1.751477029215831
52,5.709212751214105,6.659281446800586,-0.950068695587106,2.1664926616693343,0.14931558888893307,1.441953156461091
53,5.120176799259676,6.151349221934419,-1.0311724226758088,1.7237202659397592,0.11895208462251193,1.559187178317737
54,5.238997183323514,6.360671023300187,-1.1216738399762107,1.181891818262022,0.08180048499720123,1.740333442845837
55,5.233991012349103,6.433244013772873,-1.1992530014240401,1.6804849023562163,0.09785433013338753,1.6553460140345417
56,5.472289423232647,6.572189532940408,-1.09990010970796,1.8377564956696002,0.11566324650716567,1.5732400431816242
57,5.591903345169081,6.593179242202163,-1.001275897033338,1.589529479858717,0.11625654785824886,1.570681932945068
58,5.042948616035497,6.18244527002822,-1.139496653993774,1.1269014835715208,0.07717730896014578,1.7673041276129493
59,4.900775801040178,6.153124749775154,-1.2523489487348343,0.7006096603662897,0.04507737485121129,2.0039317225240634
60,5.353627960471309,6.643610906112928,-1.2899829456409861,0.22502050188300338,0.014906639477304154,2.434639335010131
61,5.085386044550356,6.169618673429477,-1.084232628879363,1.6932580317747092,0.11111131361667782,1.5932179150153236
62,5.420670782575977,6.555760093549866,-1.135089310972944,1.4750694512169602,0.09526499172048467,1.6682556306908285
63,5.434082415167646,6.371481770727508,-0.9373993555600464,1.7581004536080194,0.13296963830228334,1.502493759895043
64,5.9885477444922035,6.967069429613774,-0.97852168512145,2.1650815805453067,0.14519089499046736,1.4567301094188867
65,5.75009796628448,6.649360412816579,-0.8992624465308836,1.9407843135948912,0.14701387099123828,1.4501601277715446
66,5.390648453295322,6.410850528444181,-1.020202075148518,1.971625776488798,0.13142046848212083,1.5085240017362658
67,5.483950753548848,6.723941395950712,-1.2399906424006986,1.6413744286047347,0.09208846817392992,1.6844824509973428
68,5.8316032733400025,6.847420735670541,-1.0158174623293235,1.7675040134497753,0.12292574256630513,1.542608713614092
69,5.848558864818111,6.975200195447323,-1.1266413306293543,1.7105869486262346,0.10700974605275908,1.6117803480365431
70,5.4281391914827655,6.352110036324179,-0.923970844840369,1.6812704626861628,0.1310770509227688,1.5098682292595822
71,5.527803865103957,6.529935180268682,-1.002131315164661,1.8854619901171112,0.1300554089282409,1.513883424115153
72,5.090167686439523,6.099091897767318,-1.008924211327212,1.344111361134301,0.10255306146585368,1.6326004265884566
73,5.369574847871187,6.433192656352867,-1.0636178084823769,1.4316607922504456,0.10089273482434763,1.640540981276587
74,5.270564802045479,6.1967219238343905,-0.9261571217894016,1.73933472153856,0.13363417320286175,1.4999236801246436
75,5.365156118710653,6.663516414581894,-1.2983602958711344,1.2523619207088839,0.06982086353950716,1.8130710504394123
76,5.26481934742325,6.433113957279533,-1.1682946098553657,0.7649193706514978,0.05420298496266135,1.925210852365537
77,5.409482539520392,6.508985584640415,-1.0995030451204002,1.8881455654085553,0.11786339300701988,1.56380490090986
78,5.697386244519217,6.7569109978366715,-1.0595247533183283,1.129326566656097,0.08500792307315158,1.722340125185342
79,5.797523059641131,6.737706311386015,-0.9401832517442017,1.9196052403332686,0.1401024736211707,1.4754095342828213
80,5.1278535632517706,6.1530486433686935,-1.0251950801175553,1.6461792519832539,0.11603531935095515,1.5716345915205572
81,5.622799875568413,6.78113539401882,-1.1583355184493485,1.8053925411046006,0.10755611405551974,1.609275498920537
82,5.44622097286439,6.622289067392666,-1.176068094528091,0.9088221069684277,0.06203997886797615,1.866009911080856
83,6.033634388773786,7.071419621935805,-1.0377852331630493,1.7358310894245328,0.11868672697040891,1.56030963763069
84,5.123707061901692,6.2242422847927035,-1.1005352228903575,2.0131908292122933,0.12292845228667884,1.5425975523523259
85,5.657193004180877,6.725864796543762,-1.0686717923636024,1.5018285650077647,0.10383314355372301,1.6265479409140053
86,5.317042837165824,6.245249369305954,-0.9282065321394839,2.6548811904656233,0.17113325978460384,1.3685714936851547
87,5.232811561031591,6.202809589729641,-0.9699980286986829,2.8442766711257033,0.17124844072122367,1.368203326311871
88,5.333192302926287,6.420961780677226,-1.0877694777518627,1.8795774125839664,0.11891674615677383,1.5593365461864162
89,5.27011940155891,6.2578360075575095,-0.9877166059986848,1.8903257299114333,0.13220176508273318,1.5054759126500399
90,5.659012265190464,6.672361641158583,-1.0133493759685734,1.9132821012575558,0.12979885430159635,1.5148955625942513
91,5.656301323645417,6.6155014981892055,-0.9592001745440939,2.088140353502297,0.1447430249596202,1.458353883901573
92,5.649527235383099,6.746833806036124,-1.0973065706530178,1.8495655778890328,0.11648077126317094,1.5697178300485375
93,5.6082631288544835,6.6134693146700645,-1.0052061858159504,1.5802098344865403,0.11530046419284473,1.5748093213394534
94,5.499654166984252,6.673576570506954,-1.1739224035218285,1.4935316843965545,0.09213388201626782,1.6842473181090405
95,5.65741397040612,6.614815096507536,-0.9574011261011037,2.234566609953763,0.15101519808908084,1.4359548187705646
96,5.443095643546181,6.3638751687462065,-0.9207795251995776,1.9611007906069986,0.14476308858277534,1.4582810599680027
97,5.707779771734673,6.591741857708806,-0.8839620859744173,1.8000700209691498,0.14267944340196248,1.4658856447531838
98,5.585156957398718,6.777120650828175,-1.1919636934298978,1.4127600103361644,0.08659528048524695,1.713637725641171
99,5.891427555242368,6.814452858281912,-0.9230253030391395,2.0822246799195874,0.1497355047589029,1.4404663460977292
100,5.267911951565035,6.329054397079419,-1.0611424455146334,1.267939750096879,0.0925718559134668,1.6819844467208733
101,5.5990855210483605,6.710695017861584,-1.1116094968137986,1.7292688849243643,0.10954927410706869,1.6002223119883359
102,5.788265005735335,6.697228548894119,-0.9089635431591887,2.2038032495436877,0.1569356224309501,1.4154533311734567
103,5.440967553253282,6.340606880098671,-0.8996393268453176,1.4350907866878924,0.12140633000847112,1.5488976331726327
104,5.457134002109266,6.388318128258179,-0.9311841261487643,1.762660481679232,0.13405794019768205,1.4982899263402276
105,5.998184581238016,7.027531253948242,-1.0293466727107443,1.1232653843681177,0.08776548351903068,1.7073044280088059
106,5.491743625826453,6.4569526255261795,-0.9652089996998257,1.6949116897626215,0.12611750222293272,1.5295930039818877
107,5.6676164985846444,6.676956297649733,-1.009339799064037,2.088571288536384,0.1377908461772022,1.4840681333794097
108,5.647663255454896,6.7419880707356175,-1.0943248152807428,1.3959808767117519,0.0957119390677545,1.6660074074215434
109,5.177524401611587,6.368101809587012,-1.1905774079759794,0.5911845767006216,0.04208783433013658,2.032650611489736
110,5.399247108106389,6.445764530660648,-1.0465174225546434,1.5888915748163797,0.11067692921919012,1.595157905812589
111,5.366409591404514,6.197263949784999,-0.8308543583798382,2.0629970227329473,0.16311060983712583,1.3946857966143342
112,5.793663605420912,7.082059570885081,-1.2883959654636783,1.4714895171504399,0.08034581291353306,1.7486830999680938
113,5.0655665846315205,6.133862237434466,-1.0682956528025898,1.7087596144669845,0.11371202251586206,1.5817264906731887
114,5.538526957415266,6.381644566321755,-0.8431176089070505,1.5397090840830714,0.13529264257692616,1.4935524232236033
115,6.035592993394781,7.1650139379499596,-1.1294209445550223,1.2854473203389993,0.08646939014710768,1.7143231697745367
116,5.588014442796444,6.517799598856891,-0.9297851560604613,2.1416941785091765,0.15125244942871244,1.4351215998802382
117,5.162661397885055,6.263757681314468,-1.101096283429797,1.187631962486428,0.0841101042577199,1.7273205848682713
118,5.315143691268455,6.339005774965502,-1.0238620836971677,1.6132023719906616,0.11460749233281377,1.57781771738581
119,4.959074248279572,6.159127551526334,-1.200053303246932,1.2905303315945105,0.08000846169723844,1.7506369766540486
120,5.292944776704568,6.313980752365568,-1.021035975661107,0.8136160897173923,0.06895937043118631,1.818685858435418
121,5.488037335425284,6.553098974279523,-1.0650616388538765,1.570264346813664,0.10758723841957898,1.6091331115190985
122,5.206711667896267,6.342380771501022,-1.1356691036053235,1.8287196681677358,0.11110082446276293,1.5932646896957068
123,5.586973769250941,6.708032904928226,-1.1210591356775694,1.8342501606435029,0.1130223980906021,1.5847532935755295
124,5.205329509369145,6.1658752485520285,-0.9605457391826349,1.9774294291580095,0.13979675355810217,1.4765483202609826
125,5.331938151347382,6.276865517565641,-0.9449273662185078,1.5751604348089163,0.12283170802766519,1.5429961583297538
126,6.125890044800068,7.1727083005181544,-1.0468182557178807,2.2151907106624993,0.1378419222308597,1.4838756146619931
127,5.269844000380468,6.232907983039626,-0.96306398266006,1.8566309554559712,0.13403763358244777,1.4983681234738429
128,5.590830395361005,6.556903516677126,-0.9660731213161853,1.1025585716946313,0.09339247799736214,1.6777675936297909
129,5.637590421320889,6.617361058735918,-0.9797706374156405,1.9136757827372808,0.13432099908407147,1.497277760783245
130,5.365634097215585,6.244250967701527,-0.8786168704864394,1.1585504556990163,0.1075220018893109,1.6094315923710187
131,5.864853534289901,6.909033687366227,-1.0441801530769226,1.3048615571829707,0.09641486270462826,1.66248852281393
132,5.794480821164976,6.77470806652803,-0.9802272453625847,0.8753178835240973,0.07700618430079896,1.7683274090608538
133,5.526265045144024,6.409172669548427,-0.8829076244046519,2.3043685423487545,0.1650179383556841,1.3883912532741662
134,5.214598940589818,6.304202477601949,-1.0896035370114987,0.7928039444301671,0.061804335871680605,1.8676968650159127
135,5.115169617792995,6.221831586252948,-1.1066619684597754,1.1599270038012612,0.08205763762332882,1.738869969337558
136,5.595483957211323,6.687523504331837,-1.0920395471193842,1.7722330557347963,0.11373741374027364,1.5816153233592019
137,5.6366476499887685,6.836707074064693,-1.2000594240762439,1.2149593636143567,0.07629482697809813,1.7726011142091669
138,5.707759577026005,6.668308120978198,-0.9605485439515178,1.5407527169994122,0.11899261711179264,1.559015899282428
139,5.463012999921299,6.436958436874628,-0.973945436953727,1.7632752224267243,0.12822164385850138,1.5211522146872014
140,5.0360411099226585,6.212991958145659,-1.1769508482220772,1.589842776791695,0.09619931803324047,1.663565365668154
141,5.00076694485953,6.148936141297371,-1.1481691964381753,1.457505819805606,0.09306931218531167,1.67942465185847
142,5.482696088016306,6.390487277769269,-0.9077911897529702,1.8987883170055628,0.14383037947581453,1.4616746779015788
143,5.3686618048304044,6.47440414768535,-1.1057423428546826,1.1019568551829462,0.07894099393279237,1.756863995179983
144,5.520878167459083,6.5693051178014645,-1.0484269503413088,1.6577121694092902,0.11373554321100673,1.5816235122034075
145,5.341368019511643,6.490293341788922,-1.1489253222771367,1.148665249697368,0.07747988660914573,1.765499306943496
146,5.456999547638512,6.585791576202547,-1.1287920285649307,1.7073621131772772,0.10662496694410856,1.6135504730155572
147,5.2605852667456166,6.366306422784236,-1.1057211560391806,2.463872502195688,0.13935929366142166,1.4781811658798831
148,5.342549042499664,6.42396413288102,-1.081415090381597,1.6202087122781705,0.10806097589227069,1.6069698784737008
149,5.755761880407514,6.715783756055815,-0.9600218756477261,1.753870447979823,0.12965503117583624,1.5154636414273
150,5.740316595116306,6.80304475293614,-1.0627281578190377,2.109956624766186,0.13159580404141918,1.5078387416376062
151,5.095709545698734,6.192086982521227,-1.0963774368219674,1.3646337226183043,0.09390366570056422,1.6751558075114568
152,5.390490942120701,6.3630537059953145,-0.9725627638745209,1.465743443608611,0.1135170190092814,1.582580903096139
153,5.875696540497225,6.748985637097421,-0.8732890966011837,2.354006722718152,0.16849777621647571,1.3770468091081602
154,4.936643831751022,6.039687819004344,-1.103043987253841,0.782466278681996,0.06008616213447476,1.8801608303078337
155,5.315996065678442,6.45373870539863,-1.1377426397202726,1.6232229530687157,0.10186691349821599,1.635869447567368
156,5.120039026634837,6.2167779815529105,-1.0967389549177824,0.4747249056054681,0.03939895643374244,2.059995652543683
157,5.6916482450705335,6.743984153526023,-1.0523359084554613,1.6571529036546249,0.11323642672240744,1.5838123556878323
158,5.5391232243845625,6.5436108907135395,-1.0044876663287141,1.8449484856896472,0.12792969873716242,1.5223168871095982
159,5.4481047424577955,6.477337505165787,-1.0292327627084887,1.6166310418881995,0.11411330905253574,1.5799718682804806
160,5.427723011337472,6.415092432833761,-0.9873694214966235,1.393503523596749,0.10780756603488442,1.6081260907859392
161,5.64700065592289,6.750651991665366,-1.1036513357421427,1.4072541475383513,0.09528027115622664,1.6681786331559325
162,5.339312824450568,6.398496484898027,-1.0591836604480704,1.1582485703749619,0.08669321832616385,1.7131050327481772
163,5.200595993005587,6.337007654810032,-1.1364116618051412,1.1876327592324873,0.08070434835136803,1.7466138198405599
164,6.001350202466634,6.947758056982858,-0.9464078545161101,1.6018950188589756,0.12400418273975361,1.538181746711382
165,5.356148889577449,6.62116624042701,-1.2650173508491207,1.2890990018608903,0.07424102362983942,1.7851251238337564
166,5.406356457622602,6.477230876364674,-1.070874418742278,1.7287694202159702,0.1143149425556948,1.5790920603469767
167,5.679267444413123,6.699223039431866,-1.019955595018473,1.1453135208031373,0.09005911929093219,1.6950859386156607
168,5.733081543554286,6.535559281448188,-0.8024777378941508,2.3698255274130346,0.18068984347374922,1.3386340258682068
169,5.503761551601125,6.654892759688012,-1.1511312080865537,2.197665909204064,0.12399613325163825,1.5382146781151458
170,5.276120107240709,6.268606832435596,-0.9924867251947944,2.2269013522133303,0.1457128781591739,1.4548424680246241
171,5.393787638401514,6.577696015926572,-1.1839083775248582,1.3842381019393972,0.0860245509431394,1.7167516917015004
172,5.348919640205091,6.237760745409135,-0.8888411052039373,1.6623446694885526,0.13510742908126014,1.494260943804124
173,5.358353003170047,6.405316520523991,-1.046963517354925,1.2597624542744548,0.09365152707689801,1.6764426177585803
174,4.925881715326719,5.971922921353697,-1.0460412060274393,1.1344846885541973,0.08668351954194163,1.7131577636410273
175,5.396786652626284,6.413439194146543,-1.0166525415197611,2.270992235611315,0.14408863351979515,1.4607333480026272
176,5.608505592396719,6.522985607758473,-0.914480015362642,1.5903395548283843,0.1277605844934651,1.5229924893236493
177,4.88341968528213,5.993803116088857,-1.1103834308059959,1.564526536018306,0.10216499369873866,1.6344471552933841
178,5.5568961838843425,6.49770835941783,-0.9408121755341199,1.577045245685614,0.12347983056136064,1.5403304273895992
179,5.2225362077923965,6.310893439998319,-1.0883572322054533,1.7048699707056105,0.11115530173408199,1.5930217950921775
180,5.722388774680363,6.7933858022248845,-1.0709970275447631,1.263295902014713,0.0912748414722489,1.6887109223888743
181,5.513318627979894,6.612330550702085,-1.0990119227217292,1.9865047865759227,0.12202476816035655,1.5463305057626384
182,5.510904101309203,6.415767499409236,-0.904863398100133,1.8744503514739996,0.1431312638851003,1.4642294582091853
183,5.616737405340169,6.702937312022138,-1.0861999066819408,1.4672918089553804,0.10015795332975733,1.6440883534119317
184,5.60216593544366,6.7432116932376704,-1.1410457577949273,1.204550971652699,0.08115607632743313,1.744017282251459
185,5.150114146078446,6.326552991929015,-1.1764388458495887,1.197944104226364,0.0775462969812289,1.765103949803304
186,5.146084683465157,6.2987876119885104,-1.1527029285234676,1.2855567016421983,0.084200872690129,1.7268151169471115
187,5.949043027008807,6.956532884707771,-1.0074898576986016,1.8967987282208743,0.12984761431382064,1.5147030791016787
188,5.62443156310284,6.6193968205834555,-0.9949652574805441,1.229935363020351,0.0977591884273794,1.6558154972641344
189,5.87464886270474,7.075986069469275,-1.2013372067640375,1.2927993023407947,0.08000138624751285,1.7506780279828087
190,5.069428130152042,5.983020711385452,-0.913592581233388,1.703236420389313,0.13363002529034743,1.499939691414393
191,4.950601457261579,6.024683570936114,-1.0740821136751038,1.3531463798157546,0.09570201032166914,1.6660572593616785
192,5.133418053403981,6.245060614439774,-1.1116425610352962,1.5627140870418597,0.10194060308011456,1.6355175291538675
193,5.216198923559128,6.128077869236138,-0.9118789456761078,2.38349375565223,0.16364791359737102,1.3929070059175408
194,5.66871840824289,6.725568415863181,-1.056850007619687,1.4802936046827693,0.10411607541889273,1.6252181922695665
195,5.273787285976065,6.433440241042648,-1.1596529550661216,1.4018839020355625,0.08924519985473045,1.699392788437679
196,5.9903102525212635,6.8571542836507025,-0.866844031128494,2.129930412251518,0.16031476957320814,1.404013701486727
197,6.196638512722453,7.109450892604629,-0.9128123798818706,2.732976579407312,0.1762212694931995,1.3524816987402704
198,5.379033180619368,6.358415807710708,-0.979382627090672,1.7817827701688334,0.12836221960277058,1.520592143510621
199,5.646271030018321,6.835385923552801,-1.1891148935337696,0.7522470677222497,0.052024115717130816,1.9429341450696893
200,5.7031109862863705,6.788345497147747,-1.0852345108605732,2.0609410764287617,0.1267602478682801,1.5270030704378506
201,6.121785045007451,7.188500183188092,-1.06671513818128,1.4217269408259767,0.10004037184606636,1.6446579363588092
202,5.596883986945537,6.5972034489574956,-1.0003194620121576,2.119728137228824,0.14030419965198954,1.4746591653579775
203,5.199192000211875,6.249771829841579,-1.0505798296289868,1.483961906204069,0.10502371723336973,1.620971657777263
204,5.997305350201637,6.970684996320189,-0.9733796461196107,2.5613768971282216,0.16105370142621955,1.4015364974549958
205,5.099274119765974,6.298393283774802,-1.199119164009062,1.1551647886185084,0.07336953127517018,1.790525128611969
206,5.214682053155153,6.28186618089479,-1.067184127738983,1.7359787213932538,0.11508668691954285,1.575735871208995
207,5.571137159010428,6.688003089270866,-1.1168659302611559,1.0119554109884206,0.07282395471145055,1.7939324284847518
208,5.726350158693927,6.655019834546403,-0.9286696758526887,1.2629680491093342,0.10764220780344,1.6088817178402908
209,5.595798245493748,6.672642235878721,-1.0768439903858962,1.998417415678869,0.1252597412245674,1.5330654021362689
210,5.252518999081909,6.381653141851496,-1.1291341427695443,1.7022293886911548,0.10635918147703308,1.614776142280656
211,5.464742897982356,6.387883509225171,-0.9231406112430705,1.2968347666547313,0.11034907220679357,1.5966261234468468
212,5.487520056795725,6.5606720479788425,-1.0731519911832947,1.2709551561048293,0.09145979372434863,1.687747060958167
213,5.771016745287776,6.9223582807632145,-1.1513415354756944,1.342878943642214,0.08719252629787787,1.7103967787432566
214,5.245651186158208,6.381452095414646,-1.1358009092564316,1.1380945813055199,0.07811972098748753,1.7617016378666754
215,5.362513631005564,6.376305318725963,-1.013791687720186,1.0075456226338808,0.08233421688193843,1.737300083228234
216,5.202264304911219,6.1018361986389795,-0.8995718937276251,1.349627816095408,0.11652195874091477,1.5695408930393486
217,5.983019036385409,6.94226619454888,-0.9592471581636346,2.0675836086179196,0.14386726848350592,1.461540139042532
218,5.251012924490093,6.247243415721309,-0.9962304912305626,2.2089234513949663,0.14447536712487885,1.4593261288906614
219,5.4190728601624105,6.1457561558171765,-0.726683295654766,2.177710726625726,0.18589650943678382,1.3228161972305
220,5.328846110473856,6.200360634965415,-0.8715145244914311,2.3398979729098794,0.16822154943155151,1.377940855945808
221,5.801998870520871,6.8307886481470295,-1.0287897776261161,1.6893648283713407,0.11764188679597086,1.564748520154712
222,5.514756193859208,6.588010895402009,-1.073254701543192,1.9706636842726404,0.1245563012540534,1.5359269348643727
223,5.278711157324247,6.401987779777828,-1.1232766224538864,1.4102894337066765,0.09336229844172907,1.6779221467387202
224,5.44945270762029,6.554960900899561,-1.1055081932790927,1.9418825066712984,0.11939382258693368,1.557322978000589
225,5.477389886233064,6.428457806609062,-0.9510679203749532,1.57873948154562,0.12219841891130376,1.5456115134918795
226,5.5363804623038195,6.607736317757899,-1.0713558554543852,1.0457795207043397,0.07898642438476648,1.7565975881007134
227,5.367011638142609,6.4371802211943905,-1.0701685830517818,1.0921269199099957,0.08180421116825505,1.7403122103187534
228,5.566767587300925,6.592611713801199,-1.0258441264995781,2.7204322980555844,0.15902204067287704,1.4083683006119776
229,5.638609655907127,6.745615718480886,-1.1070060625734186,1.6610031315032057,0.10700708346981033,1.6117925795518162
230,5.341392864790501,6.312891286524975,-0.9714984217343954,2.438360627006114,0.15683766767235205,1.4157877144285167
231,5.546766748415317,6.607847347618902,-1.0610805992046153,1.5720334230584498,0.10813790747778748,1.6066192937875077
232,4.9529468432510075,5.987839253720589,-1.0348924104700927,2.1477320609404185,0.13676167487788685,1.4879591199961222
233,5.923019844900333,6.874468188686942,-0.951448343786069,1.539299311840507,0.12010794657519905,1.554320665243365
234,5.834520429650107,6.929776474790964,-1.0952560451414683,1.6678864257442392,0.1086681048012544,1.6042084861361474
235,4.986531464026408,6.075013228983275,-1.088481764957578,1.7042299175614772,0.1111116741188018,1.5932163074765393
236,5.613513154471471,6.6420272257301765,-1.0285140712594512,1.0259253295904713,0.08199187718856756,1.7392438621583863
237,5.319299061494272,6.355659668002184,-1.0363606065075146,1.5689121756691318,0.11092145169853826,1.5940651135002029
238,5.004392815427233,6.054552285598108,-1.0501594701718204,2.1404366510250163,0.1344510463454329,1.4967779470623679
239,5.489575891774544,6.584090680862973,-1.0945147890897715,1.7503899179088833,0.11247636214954727,1.5871602183933626
240,5.404441595742279,6.458781842905511,-1.0543402471630543,1.0257077782217134,0.07943180703340642,1.7539924138790828
241,5.365657533235131,6.418845052579394,-1.0531875193437372,0.9664442206793122,0.07592768235625731,1.774819579544145
242,5.661628437627693,6.854624778110258,-1.1929963404827504,1.9324021741147632,0.10891930741517938,1.6030695155594883
243,5.403273728973469,6.445680698626491,-1.0424069696528022,1.9737599368741439,0.1286102762849568,1.5196050167875443
244,5.270244889882557,6.25162611352574,-0.9813812236425292,1.947130303780856,0.13557920240499924,1.4924576848611368
245,5.735976678813964,6.771303095179023,-1.0353264163650238,1.7942594054349765,0.12166318941787237,1.5478301749953849
246,5.541217874543614,6.640312112606937,-1.0990942380631168,1.9760644447918896,0.12158546612692181,1.5481529918939823
247,5.347730562260873,6.404042674069645,-1.0563121118084382,0.8633437563294368,0.06913628890258308,1.8175281049738974
248,5.7063735955170305,6.774515894631081,-1.0681422991137879,1.4607933376670932,0.10185299128852224,1.635935958448736
249,6.170507578891298,7.099618781381581,-0.9291112024893664,1.9718040285414062,0.14403012125345221,1.460946510423242
250,5.599138579053866,6.631625661084593,-1.0324870820304568,1.6949846331009422,0.11744593426076484,1.5655844434283137
251,5.270925589449613,6.409813016448668,-1.1388874270005545,1.0021644616697039,0.07034648142734669,1.8096731967611575
252,5.908895733043133,6.973090577384385,-1.0641948443417277,1.751863218540592,0.11616836236652865,1.5710615081636266
253,5.377710598568152,6.488085620454038,-1.1103750218862842,2.052730420511377,0.12331793108886258,1.5409952950113261
254,5.405056328033348,6.368125784202848,-0.9630694561692508,1.7557088875895506,0.12932909762946776,1.5167528410759437
255,5.6333358098262725,6.707665467000178,-1.0743296571745304,1.9566307457080683,0.12383457254580116,1.5388759950241164
256,5.309035374021656,6.476056391704299,-1.1670210176826004,0.9859808088300088,0.06708404500717681,1.8311105443194735
257,5.252974570962502,6.2912278386237634,-1.0382532676612755,1.799005037971174,0.12150804972921044,1.548474694598159
258,5.517439511269837,6.360192729460367,-0.8427532181904098,2.226886466195637,0.16823270472161128,1.3779047289354918
259,5.349634208194326,6.358363981528706,-1.0087297733343803,1.2732382253702088,0.0986533473441325,1.6514175320474098
260,5.472428462979147,6.447021875012348,-0.9745934120337552,1.5320402404363112,0.11672937199503268,1.5686506137285734
261,5.6549789845875384,6.750799261509728,-1.0958202769224954,2.369803538107732,0.13725867656630972,1.4860772971716254
262,5.199110212876727,6.265465485839586,-1.0663552729638468,1.4876978396621112,0.10339776427614637,1.628599811173735
263,5.335608042180789,6.215238708525087,-0.8796306663434734,1.9173544655174357,0.1488823184234578,1.443490600528444
264,5.799814042880749,6.883901388264279,-1.084087345383523,1.7856967743446663,0.11528021734472692,1.5748970169403478
265,5.6086540881314395,6.428410621502232,-0.8197565333712191,2.6305583026041734,0.18765087002136205,1.3175603380963248
266,5.347052339490725,6.398274710000615,-1.0512223705109136,1.1928042443110147,0.0894727245113869,1.6981856688757844
267,5.512288725794784,6.545772796422556,-1.0334840706282193,1.5603955905937976,0.11084888394395488,1.5943892264780553
268,4.968087572160508,5.916629718658237,-0.9485421464978572,1.4624325185850608,0.116411274582594,1.5700164918363282
269,5.6482227899331665,6.434084129818077,-0.785861339884832,2.3353652640445155,0.1821320406899229,1.334219164067315
270,5.39759045241855,6.552044043610062,-1.1544535911907587,1.9227859957626077,0.112858939724966,1.585472854617624
271,5.517649318973705,6.6393531977068765,-1.1217038787335696,1.1716363702414352,0.08124736284111252,1.743493992016493
272,5.532923793071783,6.764456256404289,-1.2315324633327691,1.5111546597730658,0.08728213154835625,1.7099120839790267
273,5.36779747774464,6.457892838026625,-1.0900953602822483,1.4610332139123994,0.099418811098178,1.6476777749357039
274,5.432036619248644,6.361802923730524,-0.929766304482655,2.2859241229322347,0.1571272712838763,1.4147995664253363
275,5.385138459283477,6.34814351322593,-0.9630050539435615,1.4573704727003847,0.11428155088149694,1.5792376771866397
276,5.393774759464501,6.534447179163161,-1.1406724196986033,0.8603259784658555,0.06196438898286475,1.8665504759691363
277,5.311284253171758,6.302227474089635,-0.9909432209169609,1.5293040732437362,0.11451752547048039,1.5782093389973524
278,5.423620039768972,6.3594016810230745,-0.935781641253925,1.728820994658344,0.13177767552614172,1.5071286846661
279,5.174379837395387,6.0565692571532725,-0.8821894197571964,1.5606742343404818,0.1307366298923916,1.5112034256602445
280,5.505046144634358,6.533467607096613,-1.0284214624625747,1.706104975279251,0.11847445549468802,1.5612089604889021
281,5.555347825629648,6.500882326309105,-0.9455345006799689,1.7877359732986253,0.1332531535239106,1.5013960555093722
282,5.606676311236621,6.6090300681079786,-1.0023537568713436,1.7997017954514014,0.126152103766435,1.5294533161457575
283,5.332267014435198,6.301529014384288,-0.9692619999495946,1.474131758834634,0.11437965079373569,1.5788099712344243
284,5.167305102556307,6.280514676074192,-1.1132095735183611,2.5188086966887795,0.1403174497971182,1.4746099072804022
285,5.8259143368249315,6.798417157371242,-0.9725028205466515,2.6200919516535492,0.16326426609459327,1.394176653789253
286,5.403584161652285,6.502208376176492,-1.0986242145245342,2.3576462530883013,0.13645327769825938,1.4891294743424484
287,5.735709285300723,6.814540986658317,-1.078831701357558,1.9384574784756712,0.12251117044973592,1.5443185930689478
288,5.897062599886263,6.745231426959963,-0.8481688270740051,2.0714756313430254,0.16071794478267434,1.4026610251416018
289,5.6956669741183905,6.89738875838213,-1.2017217842640093,1.549894585489719,0.09190253131334852,1.6854461227801516
290,5.614739101500087,6.601660522896426,-0.9869214213958912,1.3635882735118372,0.10623023865784512,1.6153716368130475
291,5.255197602569675,6.390961842271468,-1.1357642397015297,1.0015369053028564,0.07057907872690185,1.8081762181906857
292,5.348793947965456,6.368382173330518,-1.0195882253647142,1.520591600026055,0.11054201715600803,1.5957616559712462
293,5.556670503805359,6.48138817320404,-0.9247176693988877,1.8780031082366566,0.14041432901994733,1.4742498625890763
294,4.807496572875531,5.825704805458793,-1.0182082325836745,1.2137788049639866,0.09421933620862719,1.6735486573053802
295,4.908062770764369,5.940931302760662,-1.032868531996428,1.5111053325426944,0.10846853682071267,1.6051148272566322
296,5.495310510847881,6.504035793497346,-1.0087252826488111,2.0324659990531995,0.1355343794949541,1.492628802867159
297,5.359144474172277,6.220829527111279,-0.8616850529388103,1.8610803978103352,0.14896913735261377,1.443182253444381
298,5.3319818173803615,6.275638895977936,-0.9436570785974254,1.7325685205283374,0.1308704697342881,1.5106781588979643
299,6.176845505324232,7.059456694005471,-0.88261118868013,1.8005193875934342,0.1429017646214365,1.465070205143875
300,5.9086477631162015,6.891841902487174,-0.983194139371335,2.5590766666406157,0.15954065727557934,1.4066181192752931
301,5.487118247359755,6.54250463060138,-1.0553863832419665,1.0072348365214179,0.07821522171881062,1.761136977618932
302,5.679306188967454,6.704098995697928,-1.0247928067310568,1.819721776779307,0.12415359770615865,1.537570775113911
303,5.434885000020509,6.343244125965095,-0.9083591259450259,2.4696870499960806,0.1674656496886773,1.3803930799325714
304,5.119625393975108,6.047950405440391,-0.9283250114658586,2.1029053716279336,0.14983557886139376,1.4401124798253735
305,5.137021455885511,6.198580414466123,-1.0615589585804628,1.6495238425468006,0.11177130121242473,1.5902817909673324
306,5.621026501515113,6.622814726189498,-1.0017882246738736,1.7256461076531888,0.12278069166167013,1.543206454874915
307,5.4188055849762495,6.486277334979741,-1.0674717500032784,2.358849210238601,0.14056101609050703,1.4737050740744813
308,5.301179925977445,6.370518562074276,-1.0693386360972,1.5751117732092403,0.10732267012744295,1.610344497201934
309,5.736490376631915,6.7312092712158975,-0.9947188945852758,2.0109606202763626,0.13652055828610918,1.4888739733818912
310,5.127698963495201,6.417653504680908,-1.2899545411864892,1.7887065845166106,0.09322107606042065,1.6786458965455555
311,5.365000804511434,6.372592580592576,-1.0075917760814264,1.5561571566286947,0.11380206048270733,1.5813323765765115
312,5.858836400729084,6.815523247991132,-0.9566868472611532,1.4690084546454951,0.11571313669346255,1.5730245372859908
313,5.68958849751372,6.697849766884753,-1.00826126937136,1.4813966921005495,0.10991587964223558,1.598571351152661
314,5.051205502223562,6.337620388698385,-1.2864148864746312,1.1059674053948854,0.06390595516694733,1.852835396052747
315,5.408013095463426,6.579289218137044,-1.1712761226735893,1.4671681837611743,0.09117610029329373,1.6892261458746793
316,5.161773052199274,6.354570180614539,-1.1927971284148953,1.53723754584726,0.0922274524986314,1.6837631447033372
317,5.125091182187058,6.159881023902765,-1.0347898417157921,0.5598973189970575,0.049606459635565536,1.9633419023782277
318,5.387030356571737,6.455337200675709,-1.0683068441030628,1.675625668187143,0.11218446384988538,1.5884506858184297
319,6.16032185211399,7.286458326911637,-1.126136474797022,1.7148184288509807,0.10725392535623336,1.6106596477601736
320,5.408384962454798,6.49375639245652,-1.085371430001942,1.0549903733279642,0.07819050832149792,1.761283044878931
321,5.141167980232163,6.183544552579393,-1.0423765723480756,1.254203218897409,0.09384326558749405,1.6754638118292402
322,5.2447347068800045,6.3484674230353395,-1.1037327161548092,2.1733848812937406,0.12887967396221858,1.5185346394645236
323,5.427200854658546,6.340194312240849,-0.9129934575821608,1.490064186965899,0.12262716697544125,1.5438397170179305
324,5.376447680707239,6.36963939954788,-0.993191718840535,1.968290610028335,0.13489282039292586,1.4950828527974835
325,5.173060971587725,6.258686746994551,-1.0856257754057879,1.5130470410980443,0.1024642003620023,1.6330228054750613
326,5.240069803329712,6.169146252057859,-0.9290764487286651,1.885693841388564,0.1401432457073834,1.4752578056285628
327,5.469817197409535,6.539422229515511,-1.0696050321057555,1.3961043954249917,0.09841011734664976,1.6526107081972163
328,5.789932062509175,6.761730209141044,-0.9717981466319543,2.1705890631772924,0.14636641761397784,1.4524863653610334
329,5.517721704717511,6.405844796537304,-0.8881230918195797,1.688676081775725,0.1365518137641264,1.4887553124006974
330,5.755531851614174,6.61719133930214,-0.8616594876884847,1.8959321362962491,0.15062307008381984,1.437334148953076
331,5.439987485548878,6.454564961518438,-1.0145774759694177,0.9429569305044794,0.07814425423726681,1.7615565282846226
332,5.391173226264906,6.465709604020207,-1.074536377755976,1.8330816109387644,0.11851872959346085,1.5610212818017917
333,5.817934556862307,6.789814954540541,-0.9718803976784329,1.6627004523444882,0.12365781130219416,1.5396003041560724
334,5.1861741958763705,6.253260992297323,-1.067086796420881,1.481610248851231,0.10301191931669869,1.6304239828075053
335,5.457785077898658,6.525852846482936,-1.0680677685841147,1.5878897918582222,0.10808289724843159,1.606869960609078
336,5.433638461762635,6.685275879241717,-1.2516374174792873,0.5085092447993418,0.03385884066057707,2.121748771251245
337,5.853863377836129,6.838321203394658,-0.9844578255579108,1.7553470381128822,0.12644746499267057,1.5282621436927208
338,5.081039427051033,6.202792051440605,-1.1217526243899556,1.2916515292974982,0.08755172928372823,1.7084561871506148
339,6.072062234912588,7.076192894701885,-1.0041306597895527,0.983411606173755,0.08178402163738738,1.7404272640167784
340,6.099477691296594,7.09811775968261,-0.9986400683865213,1.521787442853162,0.11317246871105517,1.5840933885173774
341,5.4108114061845445,6.302835833056351,-0.8920244268720126,2.3376406109929295,0.16491885956766925,1.3887168787643374
342,5.203042367499544,6.173377204172377,-0.9703348366720093,1.3935523218663821,0.10990258569568158,1.598631142628781
343,5.320691413560704,6.328399779559165,-1.0077083659971322,2.068596782655254,0.1371840913137445,1.4863593675518982
344,5.58687207520226,6.628917969445128,-1.0420458942426194,1.6112296780047632,0.1122928480840732,1.5879712159812092
345,5.598058047712508,6.506374833113393,-0.9083167854005296,1.9573962451288,0.14642505991557941,1.4522753453998813
346,5.289565220211367,6.360517114613325,-1.070951894402242,1.5807984774378525,0.10740786393944125,1.6099541601604164
347,5.728662883084249,6.731008450159786,-1.002345567075281,1.9516385468913473,0.1329354409661562,1.5026262863669302
348,4.742882954907978,5.6590248798745595,-0.9161419249658138,1.4307275863593514,0.11893563732754074,1.559256693063476
349,5.168963700117198,6.339634346581713,-1.1706706464638046,1.0343429119400511,0.06943729012947808,1.815563934970209
350,5.793208544669065,6.766823472125958,-0.9736149274576746,1.8584117539788974,0.13267398204931471,1.5036404031925577
351,5.108021854255563,6.270614197359615,-1.1625923431038245,1.5427991821959655,0.09555996026842882,1.6667709422828743
352,5.694683108397763,6.675718706685396,-0.9810355982872352,2.319974065152479,0.1509742374284591,1.4360987722142373
353,5.010557610772517,6.102764689152766,-1.0922070783808522,1.7333169543155904,0.11198549424303367,1.5893318386699262
354,5.582732219102505,6.742574490093519,-1.1598422709912484,1.7319333902355716,0.10425753049490163,1.6245544451190665
355,5.843467776108733,6.765332547724698,-0.9218647716161286,1.676918966806964,0.1311535109943145,1.5095687081375984
356,5.8114920046609,7.034210774795726,-1.2227187701346338,1.7531633420113213,0.09848910084466911,1.652222993012251
357,4.702900698073714,5.850713609545666,-1.147812911471192,0.6148229555021736,0.046128172862173814,1.9942185768983784
358,5.711595128867808,6.7015083648711755,-0.9899132360023941,1.4564423177972685,0.11086053484904715,1.5943371781730251
359,5.346636723401312,6.378384992904133,-1.0317482695027138,1.710930319444552,0.11828434612131197,1.5620154631681327
360,5.7162965710357785,6.797848325930568,-1.0815517548944626,1.5382092622933605,0.10414315411556818,1.62509107596363
361,5.029173629895846,6.146737830940014,-1.1175642010439333,1.8387055573995976,0.11362006396233339,1.5821292653208094
362,5.551319757442721,6.553791571913651,-1.002471814470482,1.7303465802599742,0.1229138007862347,1.542657903758992
363,6.166230339332211,7.113547703577064,-0.947317364243645,1.6084296011796546,0.12421476471353078,1.537320823066129
364,5.382963520723857,6.342525771702677,-0.9595622509796158,1.9665848636155676,0.13945862223702649,1.4778100701099237
365,5.492607334284836,6.468584021012484,-0.9759766867282451,2.3335492276345366,0.1522219760419088,1.4317269654408122
366,5.613075448277337,6.736773087361373,-1.1236976390837299,1.2589627930302143,0.08566884655211969,1.7187009084207276
367,5.563601474539533,6.554875583607876,-0.9912741090683994,2.126663882238166,0.14183712256564454,1.4689840238141363
368,5.4784388328388705,6.390465965427348,-0.9120271325891736,1.6029118902887038,0.1287548876170787,1.519030227206221
369,5.971311821658597,7.004265467413022,-1.032953645753878,1.127468145023034,0.0876346651952563,1.7080090395125578
370,5.364656049660804,6.357550951370095,-0.9928949017094055,1.411726338520376,0.10811827939470814,1.6067087220994327
371,5.5913014847991835,6.662901081424886,-1.0715995966256742,1.5816719647992734,0.10737445365391336,1.6101072086131718
372,5.33965070948299,6.430468443445422,-1.0908177339624672,1.6559319732076379,0.1086323291212188,1.604370865015568
373,5.671026191572233,6.741902423028607,-1.0708762314570777,1.2752711243504766,0.09193195414616934,1.6852935261443192
374,5.307198760977295,6.387203362620641,-1.08000460164385,1.4631935736286419,0.10064292099018783,1.6417447134457186
375,5.658528101541302,6.730394650955299,-1.0718665494132438,1.7150380880255796,0.11357116562281552,1.5823435425859647
376,5.032869347365628,6.2300741078468125,-1.1972047604804175,1.176769657423728,0.07463019169691498,1.7827304524116447
377,5.173301053096035,6.229960030921903,-1.0566589778263733,1.7072468841545092,0.11504679449131959,1.57590892214878
378,5.619416882222973,6.712493255284615,-1.0930763730621038,1.6677292824419023,0.10891284836365091,1.6030987753204493
379,5.976717314455451,6.99119201043383,-1.0144746959786062,1.975698590505484,0.13235380037858782,1.504884397268664
380,5.7647261993305765,6.746039254614809,-0.9813130552838629,1.4806695122481983,0.11320458785897734,1.5839522406775126
381,5.168046265836816,6.254515053315297,-1.0864687874791343,1.8225747223607058,0.11661320268761399,1.569149093687936
382,5.232644027080747,6.235182104964283,-1.0025380778834005,1.3893180107379592,0.10575466474829537,1.6175729396476772
383,5.609021019324169,6.70172319274616,-1.0927021734214577,1.856027355313211,0.11731092606835711,1.5661610184696804
384,5.224254111247243,6.342809115788109,-1.1185550045411219,1.2937751126715273,0.08798212280136265,1.7061394298415797
385,5.510814271223277,6.611497664200131,-1.1006833929768618,2.158701013171237,0.12869280118049495,1.5192769419309822
386,5.312122706231927,6.479423521305124,-1.1673008150737587,0.9373531364806773,0.06433902759150642,1.849823257616426
387,5.7570712786727345,6.885151438918713,-1.1280801602470092,1.5496530290136405,0.09953253349796747,1.6471241338194842
388,5.509434124477517,6.558990232552832,-1.0495561080742846,1.0047708486274871,0.0786261934368931,1.7587134399235478
389,5.536181168489671,6.725948587827931,-1.1897674193387502,1.8873478171644429,0.1074678077939818,1.6096796591462816
390,5.386397455204966,6.5174740695514135,-1.1310766143460569,1.089517011027299,0.07590804283869566,1.774938497390808
391,5.115235063365541,6.274886386879709,-1.1596513235135717,1.3393356637326619,0.0862032928167738,1.7157746653313868
392,4.784482589365249,5.9492543235670485,-1.1647717342011674,1.24906656613617,0.08121408738908457,1.7436846847082796
393,5.345206549617538,6.31311796067361,-0.9679114110549563,2.7303469802644127,0.1677533425703289,1.3794587938931209
394,5.258933582113892,6.326339964096919,-1.0674063819824369,1.992580048269291,0.12620532783659721,1.5292385066542928
395,5.815938774248858,6.855384602867675,-1.0394458286191366,1.1143261768919963,0.08618921465201226,1.7158515590098666
396,5.633137939408622,6.687339977152101,-1.05420203774338,1.9999998543866866,0.12819508354088885,1.5212580878913708
397,5.516595687319674,6.497235351299269,-0.9806396639796731,1.7040523291552248,0.12451185695765374,1.536108153265038
398,5.634000020849195,6.85334995163271,-1.2193499307832099,1.520058684648541,0.08884543648248805,1.701519728301601
399,5.442261026066186,6.65474554502528,-1.2124845189591724,1.5404623293949733,0.09041977334561606,1.6931875514796226
400,5.2744145443611306,6.49905797561288,-1.2246434312510246,2.113690031756791,0.11239672375597594,1.587512033453785
401,4.98809278082164,6.02060774522962,-1.03251496440771,1.8478943598748803,0.12442445059586954,1.5364646936096846
402,5.873504178641193,6.829321621182169,-0.9558174425410471,1.7989316439542868,0.13236074342745976,1.5048573968989831
403,6.033331768306121,6.917143033399151,-0.8838112650928451,1.3690811909221203,0.11978590166745469,1.5556728673290017
404,5.4212589917369005,6.451125868339085,-1.0298668766017727,1.415567021552759,0.10392537142571635,1.6261141641339547
405,5.793338345458247,6.939760569140654,-1.1464222236818387,1.4600622218635646,0.09337086228161766,1.67787828621887
406,5.563101491801641,6.588146710527143,-1.0250452187256087,1.9699027324812892,0.1307086884638766,1.5113131369886303
407,5.074536427843592,6.022088008533737,-0.9475515806898329,1.859461481575785,0.1363210371907635,1.4896319469276482
408,5.677123531015164,6.818783756710575,-1.1416602256949773,2.1139787508568997,0.12194298538350362,1.5466694003366497
409,5.435893439831412,6.585567515173915,-1.149674075342773,0.5888054126685542,0.04430589061285802,2.0111852741940206
410,5.003547384226218,6.052986384738249,-1.0494390005123932,1.4194767712130822,0.10187424800057142,1.6358344111966934
411,5.196844729206456,6.189003183900391,-0.9921584546946178,2.572696747210591,0.1587288204782506,1.4093597462067324
412,5.699566583863012,6.788001938619198,-1.0884353547562569,1.8442054849312193,0.11731542602855502,1.566141792248829
413,5.1914457096290025,6.4258083099231715,-1.2343626002939345,1.3647465738833908,0.08040879220673665,1.7483190739439847
414,5.447136891264487,6.704793024549781,-1.257656133285309,1.496353738505725,0.08418872902456934,1.726882716584817
415,4.897872084378756,5.884965387336836,-0.9870933029587832,1.4465821567493116,0.11068703529571106,1.59511270312473
416,5.2958227986336315,6.483645279938459,-1.1878224813044653,1.6079646378798866,0.09588235742668251,1.6651523865805846
417,5.6036749099684275,6.48376430847666,-0.880089398508062,2.181785762796114,0.1604453083436417,1.4035754551223467
418,4.908483136802639,5.94701221678495,-1.0385290799831637,0.759848300452397,0.0637709482706529,1.85377785262893
419,5.653449083275442,6.766575861214777,-1.1131267779401242,1.9723091743787222,0.11973051397731517,1.555905716027251
420,5.602901401641171,6.665811481548966,-1.0629100799078515,1.2635765702431385,0.09214669818951954,1.6841809784489625
421,5.354698397527423,6.399956104029124,-1.0452577065007063,1.0163811827976588,0.07975083819583578,1.7521335982753639
422,5.068502539793295,6.193166152652951,-1.124663612860786,1.6819096924142762,0.10595566232456007,1.6166416204050422
423,5.141521218640188,6.288674091321953,-1.147152872681545,0.7362018116258735,0.05391894655521209,1.9274871612092481
424,5.1898880976286055,6.118485748079637,-0.9285976504506834,2.400141919733384,0.1617486239138033,1.3992146526504252
425,5.4266102814771475,6.422206060813275,-0.9955957793354173,1.4805921141393732,0.1114247945401828,1.5918216036103472
426,5.596973413929769,6.642511876038414,-1.0455384621081976,1.7205292509416275,0.11701988958757321,1.5674057123988694
427,5.480293333329351,6.435896428018326,-0.9556030946896499,1.792376725048129,0.13208216945142467,1.5059415872348585
428,5.822687666099151,6.651292226936215,-0.8286045608374479,1.9131932169376729,0.15660906666185787,1.4165686946714047
429,5.241951986937162,6.321284622848468,-1.0793326359107596,2.3217607511601326,0.13762600670991967,1.484689831034448
430,5.061539239351001,6.18432961258973,-1.1227903732387858,1.6671219141277724,0.10550188947993157,1.6187461653622137
431,5.153410721138167,6.081295531926566,-0.9278848107887825,1.7819015806715441,0.13544604034215607,1.4929661784965174
432,5.447096530065133,6.566959756944451,-1.1198632268797155,1.7780347528252936,0.11074087388718344,1.5948719475679562
433,4.851146025688573,6.069392284394484,-1.218246258706131,1.1118994067215056,0.06956262618579807,1.814748121634945
434,5.299362684299846,6.281283505515228,-0.9819208212156809,1.8504909029775494,0.13118777422008443,1.5094345309039248
435,5.529876021080705,6.431773201084974,-0.9018971800032887,1.8007619059069047,0.1400771426958951,1.475503817532479
436,4.952507339132277,6.060442730967177,-1.1079353918348716,1.9370086083600633,0.11889920463154184,1.5594107032513929
437,5.455415707399803,6.6281620376670976,-1.172746330267728,1.142624617919381,0.0750229159404855,1.7803242179356649
438,5.359964311844047,6.409155989524139,-1.049191677680028,1.906446978785775,0.12486333295537143,1.5346764109405986
439,5.541700438300646,6.584932729559464,-1.0432322912593008,1.2380192458271235,0.09285347280835247,1.680533959106389
440,5.5724468903744455,6.621442661840918,-1.0489957714662523,1.775507347865899,0.11910386109946529,1.5585460479749598
441,5.558520326302565,6.565537538241765,-1.0070172119394556,1.61801110046434,0.11693974443746147,1.5677489009537382
442,4.94420221601005,6.1354919454637855,-1.1912897294541835,1.576837267630884,0.09414994174703298,1.673901589620953
443,5.176873866660495,6.28881560555889,-1.1119417388990769,1.8194483539585509,0.11345271391282602,1.5828629108463972
444,5.833868033050672,6.693510321636284,-0.8596422885848369,1.6103208561724838,0.13666420740652804,1.488328784649483
445,5.2483280403538775,6.52847612151171,-1.2801480811576766,1.6515773233607884,0.08865717816057953,1.7025240278211602
446,6.002645774640692,6.9449034913836645,-0.9422577167433701,3.1371240448857556,0.18468404973280364,1.3264700484637644
447,5.488523797044687,6.4897021540369,-1.0011783569925683,1.6417943436354339,0.11883997626945818,1.5596611554360693
448,5.7404841097085555,6.870244467061591,-1.1297603573530068,0.7179411968079314,0.053988515723890323,1.9269287039903633
449,5.730797575741159,6.82581767060419,-1.0950200948627753,2.1671420115121673,0.12973233072315513,1.5151582595392528
450,5.378393118257842,6.465183079771657,-1.0867899615141141,1.6063611156072515,0.10679092275846497,1.6127863956202788
451,5.75300468641573,7.004598912317755,-1.2515942259014992,1.5139560428202046,0.08551643174998365,1.719538125187422
452,5.285422628085067,6.364573437403651,-1.0791508093188895,1.6613675113882316,0.11024247170251601,1.5971042468142065
453,5.541179850078985,6.664907414674007,-1.123727564595356,1.1458958749617842,0.07966626268352925,1.7526257826510332
454,5.105514663273349,6.104803532867566,-0.9992888695942383,1.3011859293317052,0.10130777360540738,1.6385463494736892
455,5.1867659648832305,6.329564340369588,-1.1427983754865636,1.1027559316556736,0.07557243276838788,1.776974516409465
456,5.584877496901678,6.55821265862553,-0.9733351617242079,1.0596473307349807,0.08988585181950559,1.6960001491349033
457,5.43508029288561,6.433917221953829,-0.9988369290676928,2.5746130161444967,0.15783679476987733,1.4123844424850343
458,5.512405151948693,6.617219880128788,-1.1048147281799174,1.659350475619238,0.10718137973859919,1.610992396328486
459,5.171369996125501,6.347695696619363,-1.1763257004931802,0.8323260215000339,0.05762589723083786,1.898533058382518
460,5.497673413547014,6.429026939147898,-0.9313535255996612,1.9029895762534412,0.14060875740159806,1.4735278595182792
461,5.24310172707184,6.347168002447292,-1.104066275376681,1.2364287279157864,0.08643681874439224,1.714500644841304
462,5.914724085397134,6.989577778768153,-1.0748536933706418,0.5680207524854897,0.047532803819026456,1.9815216507929458
463,5.115325987820976,6.245130176089896,-1.1298041882691905,1.2049431127507333,0.08224651261950526,1.7377974360506663
464,5.407788775518307,6.356995611593414,-0.9492068360750636,1.7425859123921228,0.13059113827086927,1.5117748942818696
465,5.552576863684331,6.3777424077723825,-0.8251655440881223,2.4596576994124053,0.18039721842880072,1.3395330013250095
466,5.256688393128494,6.451873770360004,-1.19518537723161,1.376184651590778,0.0845651127398235,1.7247911749110663
467,5.734704143852392,6.9376224250783185,-1.2029182812257204,1.3592785750010439,0.08303783885023684,1.7333254551112494
468,5.744513266583377,6.692014406862151,-0.9475011402782911,2.268434758712198,0.15380865482790257,1.4262068088390758
469,5.187505239482485,6.323363227889972,-1.1358579884072242,2.464065645699005,0.13552610802133527,1.4926603852031388
470,5.230076285597457,6.13173145065168,-0.9016551650547626,1.5561029769546924,0.12774259870126095,1.523064382494923
471,5.538125938508452,6.65510446914948,-1.1169785306401536,1.307127442732856,0.08882758569083633,1.7016148830842994
472,5.188632383424116,6.167092570107366,-0.9784601866831508,2.0381902252649944,0.13991820189520282,1.4760957044582812
473,5.327279504250251,6.463818500486839,-1.1365389962365953,1.6143697968199326,0.101596444467358,1.6371628627169181
474,5.301583586046869,6.396411558280365,-1.094827972233361,1.8075576362564671,0.11495781660784121,1.57629507293666
475,5.366143102279162,6.234315048440537,-0.8681719461610555,2.0372926656603703,0.15607147188527012,1.4184087177613083
476,5.239463811326383,6.327416320225987,-1.0879525088985247,1.708568300451324,0.11137040311413424,1.592063652213682
477,5.393676116498606,6.403206099260503,-1.009529982762615,2.1442064906279725,0.14004076310699187,1.475639247532051
478,6.409127003048448,7.349113016429408,-0.9399860133817128,2.1469051206695102,0.1499728748587065,1.4396272885752681
479,5.29063464168477,6.413684503431442,-1.1230498617469493,1.5496575778088637,0.10007795970333536,1.6444757969287527
480,5.163706352733167,6.223248611615697,-1.0595422588830843,1.3542773348381338,0.09735102004375296,1.6578337850424545
481,5.2765249426437695,6.3216982606973975,-1.0451733180534575,1.538231185396727,0.10835963509154492,1.6056099627526723
482,5.34950455289974,6.380949020953844,-1.0314444680534507,1.2710724660691248,0.09597689709006187,1.6646785878603731
483,5.2773962882446686,6.588328680812554,-1.3109323925682475,1.0954814462485558,0.06159448594569798,1.8692036551696862
484,5.020994515288217,6.112489229436507,-1.0914947141482116,0.324072331386148,0.028100395316197298,2.1958819315285756
485,5.284592915541831,6.350406561947112,-1.0658136464044219,2.020331193078519,0.1275562738483619,1.523809627587442
486,5.164644594471534,6.087746564235035,-0.9231019697626834,2.225825637350468,0.1557099080210326,1.4196489468515026
487,5.586893856640851,6.592382308610974,-1.0054884519695406,1.7537406383365184,0.12361908050222815,1.539759118092507
488,5.245049306874458,6.317765919821143,-1.0727166129472607,1.5294806031369923,0.10472662109571154,1.6223584460738238
489,5.103115458350581,6.062148526696662,-0.9590330683458888,1.857448066573303,0.13463122855441395,1.4960860658282518
490,5.634883340684533,6.650166396507176,-1.0152830558226924,1.838960755509655,0.1262477445403041,1.5290673656262377
491,5.023172014862135,6.036237867905209,-1.013065853043372,1.7923911680823608,0.12442337036351708,1.5364691012204903
492,5.289594550089456,6.5060530318937655,-1.2164584818046933,0.8382660509900894,0.05511624049790875,1.9179587603279828
493,5.270554655416996,6.407099347784454,-1.1365446923673517,1.0986096809987735,0.07591106561003828,1.7749201927885754
494,4.990569810684898,5.8870982096452185,-0.8965283989600721,1.6656396600081695,0.13416937273123417,1.4978609826276166
495,5.617464544842656,6.694776562768583,-1.077312017926488,1.3846844654767008,0.0969784894926945,1.6596817657876712
496,5.221273995655716,6.246858384737353,-1.0255843890818142,1.8723970716541132,0.12640173079466285,1.5284464448434574
497,5.23536089019664,6.324369289940806,-1.089008399744671,1.6136845705500527,0.10687960644758172,1.6123784726414554
498,5.259050713606408,6.3360631641336855,-1.077012450527036,1.6165242519481282,0.10839915393313956,1.6054302398367415
499,5.1062932360108935,6.207455664534111,-1.1011624285229118,1.080385205549451,0.07815791531547252,1.7614757416384623
500,5.464448590449061,6.401567457052176,-0.9371188666027592,1.8514949905320872,0.13742028736845888,1.4854665143792307
501,5.363011475516865,6.4774955776967875,-1.114484102179631,2.2212784839526307,0.1293684658378744,1.5165969899316687
502,5.58440272974614,6.558778259222871,-0.9743755294766743,1.791813250615311,0.12950237024182573,1.5160671637661822
503,5.649375601392345,6.847188924045804,-1.1978133226539285,1.5228498809958388,0.09107996392588757,1.6897282088581607
504,5.358211184865391,6.3241908037334955,-0.9659796188680048,2.343253907370457,0.15403852911439525,1.4254106575923469
505,5.655899393723226,6.700489911687123,-1.044590517964025,1.2607278481393251,0.0939622643104266,1.6748571415794111
506,5.161598090698968,6.306436479688715,-1.144838388990138,1.5806098713174652,0.09916127316909877,1.6489334315675446
507,5.152845884842387,6.335231844970616,-1.1823859601281583,1.0671591422263997,0.07021822322986127,1.8105003945176994
508,5.331765700551765,6.5811688351643,-1.2494031346122938,1.5008052125659752,0.08514621493111862,1.721576766427795
509,5.383748288822895,6.485228451638884,-1.1014801628161877,1.8285157554158893,0.1150769902817693,1.5757779302959471
510,5.661446728783554,6.673548100871118,-1.0121013720872725,2.1809528889083047,0.14116852692507553,1.4714534524471954
511,5.455381617336494,6.521968897466865,-1.0665872801300793,1.011037231321934,0.0773773221926032,1.7661104406705592
512,5.676844160294346,6.752171715637369,-1.0753275553424828,1.8457613887933046,0.11897504114901546,1.5590901648000905
513,5.21883931579479,6.1294515360700235,-0.9106122202756524,2.2215078250161167,0.15741187879665958,1.4138298095318977
514,5.509200401876948,6.518284533923799,-1.009084132047974,2.1905029170153227,0.1419634375519138,1.4685184898075994
515,5.38149483726094,6.377036793155357,-0.9955419558946232,1.0185728778404766,0.08490664444458959,1.722899811526594
516,5.480578774690835,6.5656829459520285,-1.0851041712621736,1.6471290492620572,0.10888798792464946,1.603211406909637
517,5.617824706554453,6.622308994371844,-1.0044842878178315,2.0703320393004745,0.13769396532869252,1.4844334532809365
518,5.585571854829064,6.752884382417017,-1.1673125275874554,1.8539938761440151,0.10858536113174982,1.6045841078632996
519,5.363318973964775,6.409681253075329,-1.0463622791103262,1.3165436652500908,0.09680335909567471,1.6605524823890025
520,5.765727309691934,6.8614878308905904,-1.0957605211988266,1.9693126424085534,0.1217143691421702,1.547617692527393
521,5.022920046245341,5.966426115321903,-0.9435060690766477,1.6880067567671233,0.12871358262563015,1.5191943517866502
522,5.504463685048828,6.451479252907577,-0.9470155678591254,2.3352345069821574,0.15650279985450583,1.4169320332511566
523,5.780471103163942,6.801910081129273,-1.0214389779657722,1.189530923587391,0.09247289136881535,1.6824950118646893
524,5.563524394681659,6.6882748251455,-1.1247504304637914,1.9388941334455492,0.11697252338702832,1.5676085163050124
525,5.600441299276023,6.599528555145378,-0.9990872558701085,1.8154034893952211,0.12729998720877633,1.524836084112489
526,5.291476321917722,6.274659715057227,-0.9831833931402798,2.094370305635138,0.14162614376579347,1.4697622970920894
527,5.6938590432491,6.6581867885300685,-0.9643277452805705,1.7766125404751776,0.13014816660346357,1.5135178655072419
528,6.24071780533624,7.365236049126233,-1.1245182437896801,1.6263607617249214,0.1034624735876485,1.6282944129874601
529,5.571306515338543,6.550059324327764,-0.9787528089900661,1.624387954847359,0.12086709973649473,1.551144329864867
530,5.714187538162074,6.615608918861108,-0.9014213806995031,2.5133823604389427,0.1701672547875705,1.3716665862776511
531,5.543810044984562,6.394494689930385,-0.8506846449454315,1.8777022460411814,0.15145565305190317,1.4344087467379099
532,5.585271273136565,6.635519728585182,-1.050248455448127,1.7644355810917087,0.11844746795394347,1.5613233881326583
533,5.454595576181342,6.555819951079032,-1.101224374897356,1.2129026975171584,0.08546280848579721,1.7198329653949354
534,5.104368471286685,6.166923884652151,-1.062555413364862,1.1318983745176592,0.08484890573666372,1.723219129091835
535,5.862222447998571,6.906416738847954,-1.044194290849191,1.2678825739132602,0.09439862944875853,1.6726377561336587
536,5.070697716758255,5.986672175778354,-0.9159744590206174,2.387516867082999,0.1631778345067793,1.3944630019596183
537,5.457896055177949,6.607966090250253,-1.1500700350716215,1.502173879934423,0.0949805085879679,1.6696910340210576
538,5.439234752194276,6.38292503365235,-0.9436902814577479,1.908259110479742,0.13909205742442454,1.4791805836884024
539,5.511781318768877,6.360140931858568,-0.8483596130899969,2.621556190090237,0.18258688136674622,1.3328321842777173
540,4.896472986197219,5.993457344016564,-1.096984357819565,1.7209563724618118,0.11087200796256054,1.5942859283400175
541,5.690880207236583,6.64525423186681,-0.9543740246308516,1.5939385668008157,0.1225366742497199,1.5442132736888683
542,5.341268677035183,6.555173423101481,-1.213904746065964,1.8447843034247438,0.10314853507730645,1.6297774798071183
543,5.170368147858349,6.202207709955269,-1.0318395620970477,2.486334047248155,0.150037509983601,1.4393989913539176
544,5.28244111997166,6.272049402713579,-0.9896082827417558,1.193492222295994,0.09624363906078745,1.6633437840197887
545,5.202135181765621,6.229561891983318,-1.0274267102176964,1.276829516202076,0.09674264358012094,1.6608546430250473
546,5.102010547200658,6.0312431599793275,-0.9292326127788328,1.311344532610935,0.11042274724354154,1.5962958901891868
547,5.503442212221595,6.621593754478605,-1.1181515422567827,1.351019320960905,0.09094044313497826,1.690457601327855
548,6.196202380889114,7.162130379949575,-0.9659279990601135,2.671715687131817,0.1660361521082808,1.3850533589361689
549,5.798367998946484,6.714337133782893,-0.9159691348368142,1.5160977473615258,0.12362944331169626,1.539716622044181
550,5.551177160814328,6.460909109450535,-0.9097319486354536,2.521881712414684,0.16919278381802128,1.3748021744488537
551,5.737181571682337,6.834410798657347,-1.097229226975287,1.7040418899660832,0.11008234893372355,1.5978231144534143
552,5.427131717862645,6.620760390696889,-1.1936286728332561,2.1695790411392863,0.11796137207109907,1.5633879526824797
553,5.556311197376923,6.651032471956713,-1.0947212745795696,1.7014292359564127,0.110255911237593,1.5970439478497367
554,5.522131222168278,6.614844015885952,-1.0927127937166006,1.0176683213132254,0.07533429927472443,1.7784236622754652
555,5.7578968012812,6.730621476194196,-0.9727246749125698,1.3414549129960722,0.1067251525312999,1.6130890957648125
556,5.619010690949759,6.647655189341998,-1.0286444983921683,2.0900383971855874,0.135257081850977,1.493688400004695
557,5.387427410740125,6.325660405532135,-0.938232994792088,2.1156173681351174,0.1489212907471625,1.4433521690110078
558,5.75462761684677,6.639609583306646,-0.8849819664601455,1.1140752032294934,0.10380068194189106,1.6267006909601955
559,5.397872758171539,6.48707734383323,-1.0892045856608092,0.9290399016856092,0.07036447810811182,1.809557226672951
560,5.538713500036389,6.620073653102617,-1.0813601530662709,1.186961665189644,0.08604241140922185,1.7166539903545435
561,5.537977176897508,6.471004999078639,-0.9330278221814297,1.9780310683153264,0.14374028725681584,1.4620033668350232
562,5.529036745494446,6.472858570900415,-0.9438218254053936,1.9943474819537776,0.14290825241135552,1.4650464235664964
563,5.604019225813241,6.508333769651069,-0.9043145438381543,2.116178063750821,0.15397341196320175,1.4256360939229875
564,5.348406536110739,6.493996507052048,-1.1455899709408186,1.1504793065771377,0.07788141894509393,1.7631130838604643
565,5.562267526606698,6.622399238250198,-1.0601317116434075,0.8061798749899243,0.06508296975701164,1.844687778237029
566,5.435622797161992,6.4161204149330775,-0.9804976177711069,1.8866521386888024,0.13301440154262917,1.5023203267684466
567,5.906097650104053,7.0812076510125,-1.1751100009087168,0.979925454243455,0.06609171229878656,1.8378011488355976
568,5.537415635252652,6.750486197646966,-1.213070562394023,1.3059649068919974,0.07956999846238373,1.753186506207862
569,6.208971550871789,7.083296702724434,-0.8743251518526449,2.3334764948736026,0.16752331914030866,1.380205701148025
570,5.386688446054828,6.496530566159466,-1.109842120104986,1.6600894631179024,0.10664328378624957,1.613466094162421
571,5.030245438922899,6.0704968416604235,-1.04025140273734,1.359095530132942,0.0997596155277843,1.6460201258206544
572,4.838159804931744,5.890263355802292,-1.0521035508718342,1.9785401338943647,0.12756472475382066,1.523775808104103
573,5.002246863022188,6.034434829449006,-1.0321879664270455,1.5774757277457638,0.1118454153467201,1.5899529302806428
574,5.875266956903866,6.8422732763573055,-0.9670063194544127,1.9528700736396534,0.13781484094753202,1.4839776840993075
575,5.209654969625186,6.239934736893526,-1.0302797672684392,1.0609697803996028,0.08395043650710507,1.7282108092422905
576,5.590808505784404,6.530379380216745,-0.9395708744323201,1.8211752688723415,0.13566103738203963,1.4921453805638485
577,5.26925071535417,6.358556058829622,-1.089305343475644,1.4802831606693942,0.10045375700528349,1.6426577884711981
578,5.377503623466433,6.346715303981485,-0.9692116805154001,1.8317516629644341,0.13205323463413315,1.5060543010364227
579,5.371085726477682,6.315752605341759,-0.9446668788641546,0.5855096734876568,0.058376700225691455,1.8928584187872577
580,5.667903424873581,6.668062387904117,-1.0001589630310264,1.4472051905232188,0.10911932700808603,1.6021640973566686
581,5.061650372919681,6.04712956185452,-0.9854791889347325,1.322372158758574,0.10412024625049343,1.6251986113036472
582,5.953646605743339,6.87376333927226,-0.92011673352863,2.5245219027495764,0.1676928684262633,1.3796550844369853
583,4.756783612390715,5.718685863746424,-0.9619022513561504,2.2391476256179637,0.15054765179854007,1.437599750361701
584,5.639491033849405,6.561087885244186,-0.9215968513954067,1.1321057275440491,0.10045174698503816,1.6426674979871114
585,5.295916071372554,6.289631380674182,-0.9937153093005691,1.7511387922824593,0.1250304951173699,1.5339965760672172
586,5.532285275671635,6.502499274577966,-0.9702139989067291,1.9438948883211893,0.1369738463004884,1.4871551202463893
587,5.16051496277843,6.252976526277985,-1.0924615635003647,1.292198263193944,0.09056756280315954,1.6924113865748547
588,5.767690635866453,6.8659499852124615,-1.0982593493463355,1.4308297269693124,0.09703268166533756,1.659412586879566
589,5.476374240423789,6.578161739806918,-1.1017874993831356,1.003959312416157,0.07370863005580301,1.7884177787653806
590,5.252263855053494,6.312205007535228,-1.0599411524817697,1.5514679914217222,0.10727374234479978,1.6105687832038345
591,5.792168236269314,6.877742593934316,-1.085574357664882,2.189836407944556,0.1318104213987248,1.5070009199474288
592,5.314035250985322,6.4689235808584815,-1.1548883298737564,1.8078290416270821,0.10804328506654863,1.6070505252176421
593,5.301414934678101,6.476301813752096,-1.17488687907462,1.9797983725094248,0.11282342322504965,1.5856293106212982
594,5.576989180967681,6.51197861639311,-0.9349894354254502,1.7550360022667864,0.1331580824151198,1.5017639468853994
595,5.099024598133761,6.277023434084386,-1.1779988359503477,1.1092180409780834,0.07281500123500874,1.793988519762851
596,5.677479116539795,6.755751935660642,-1.0782728191206843,1.1153200065389637,0.08233802467636121,1.7372784997414064
597,5.454754753538433,6.3628833047674025,-0.9081285512293107,1.158748616462443,0.10379714945201833,1.6267173155915473
598,4.9591170508446485,6.073121247718683,-1.1140041968747028,1.4782517807906554,0.09765852068907456,1.6563126467782476
599,5.499390089923432,6.458534845504596,-0.9591447555803825,1.6344433505083966,0.12394573940129551,1.5384208832137956
600,5.501993274475277,6.725495531480073,-1.223502257005748,1.0426494695157995,0.06558987358600159,1.8412162592687686
601,5.392560003961913,6.500632879367162,-1.1080728754041047,1.4238320380194978,0.09563293919928981,1.6664041780693224
602,5.200898864127263,6.345916465263473,-1.1450176011358053,0.46490030238758706,0.036146688301479095,2.0952734827721655
603,5.29533512518166,6.447736549350958,-1.1524014241686018,1.603905298270572,0.09941173567074196,1.6477122373271311
604,5.518098405394918,6.445078056284645,-0.9269796508897343,2.0760803592031642,0.14889065081842479,1.4434610011467526
605,5.251007038840649,6.1972051666122585,-0.9461981277718223,1.343736551108437,0.11013956809317618,1.5975661354960773
606,5.148838751741019,6.202783961956415,-1.0539452102157156,0.9305837715617784,0.0736246679994497,1.7889388263388823
607,5.556445740045016,6.5967129171452275,-1.0402671770998495,1.6854802929473234,0.1160379005594918,1.5716234680429921
608,5.392839361004841,6.574000767753136,-1.1811614067491973,1.4416916538365978,0.08900220042511828,1.7006847490846753
609,5.481124289688447,6.583825750602779,-1.1027014609144317,1.6567890196360526,0.10730556967234388,1.6104228768450168
610,5.177343329833926,6.222459435660811,-1.0451161058272191,1.850201886534995,0.12292484333805279,1.54261241755236
611,5.056930472344826,6.132987381809373,-1.076056909464569,1.6870975442852298,0.11179353605004236,1.5901831120521939
612,5.440643101323909,6.54819718809256,-1.1075540867686868,1.7497113134263085,0.11092286010542288,1.5940588247187153
613,5.988543496287926,7.0421026191379585,-1.053559122849947,1.6536666985996948,0.11292484119329367,1.5851826506212794
614,5.5245643320621785,6.832817801079189,-1.308253469016563,0.9389897852142841,0.05421174368725098,1.925140817538362
615,5.218186378814531,6.33025882517253,-1.11207244635807,1.6067799626393846,0.10394712067338878,1.6260119151330752
616,5.659810379629485,6.615557704681537,-0.9557473250515613,1.3281145534683567,0.10805881404399502,1.6069797330791558
617,5.000999767065801,6.310418033794187,-1.309418266728244,0.7158118502198842,0.04269059778998481,2.0267244771404473
618,5.237945041170784,6.4399869701036625,-1.2020419289337951,1.2678936074409553,0.07872665388304788,1.7581225839111003
619,5.232807632321888,6.288899263550542,-1.05609163122881,1.9200536698103097,0.12457445801326786,1.5358529165033656
620,5.3572310502521905,6.531079527756768,-1.1738484775041798,1.804542801684141,0.10580833248263362,1.6173241337155577
621,5.6729448980358175,6.714756008441478,-1.0418111104054333,1.6711750768524833,0.11517605689699038,1.5753483608326535
622,5.791556938759564,6.90007363743147,-1.1085166986713375,1.6180584197881398,0.10486685304742366,1.6217034813373905
623,5.157452908834708,6.114998777013016,-0.9575458681774762,1.7659109406083058,0.1305650272508805,1.5118775066045134
624,5.382375910440638,6.434342355073513,-1.0519664446328534,1.670824941537873,0.11392303725945846,1.5808032235691738
625,5.648800276389844,6.794104282603898,-1.1453040062133368,1.1666667951596974,0.0787658990295939,1.7578919310329464
626,5.720720160954366,6.5488982860455724,-0.8281781250925633,1.4010812451637857,0.12956420774124533,1.5158226318631425
627,5.3322001437654,6.473102441759012,-1.140902297993307,1.1748517308168882,0.07960746804744373,1.7529681864039106
628,5.508748514339382,6.526390545934044,-1.0176420315947325,1.364751299770223,0.10265450971739663,1.6321185736614388
629,5.597382622257024,6.592750473269698,-0.9953678510128157,1.7901885424272628,0.12663140883671004,1.5275214045905419
630,5.526278673924859,6.57522074887615,-1.0489420749509009,1.0266976120095883,0.08001683305575849,1.750588410351203
631,5.542720815636054,6.663530846628506,-1.1208100309922884,1.6094372218603201,0.1030981364940375,1.6300159003315284
632,5.637127543198327,6.499415999784256,-0.8622884565857021,2.34627250132443,0.16993959862029995,1.3723979157218649
633,5.320588408781001,6.433150383158244,-1.112561974376149,1.7467116331192525,0.11021119805799577,1.5972445842983727
634,5.405734711677647,6.494297530539528,-1.088562818860737,1.4403095657317913,0.09855904729368843,1.6518798462527284
635,5.429822608805731,6.415182999164964,-0.9853603903593466,1.5624255652735695,0.11690977548960212,1.5678772780590366
636,6.019436455891915,6.920775010010475,-0.9013385541184107,1.8077706382053123,0.14049491110816603,1.473950530555542
637,4.787776823151868,5.801854706232676,-1.0140778830809722,1.1524897823683649,0.09111463689091845,1.6895470835113562
638,5.333083782176724,6.567130642219192,-1.234046860043236,1.660056763265775,0.09346233055761011,1.6774100239730332
639,5.900903664255489,6.900802213109722,-0.9998985488537073,2.155170695715217,0.1418068940127863,1.469095478397498
640,5.532288872707719,6.481433584334079,-0.9491447116261043,1.6943980431262204,0.12825888724208329,1.5210037859735748
641,5.7454417868210985,6.812925952817439,-1.067484165996575,1.6712581962758044,0.11207986753269795,1.5889137451873319
642,5.495858483984117,6.54485676478099,-1.0489982807966953,1.497727070720238,0.105897506210961,1.6169109417150198
643,5.251872276712598,6.5365268559406875,-1.2846545792281177,1.4026687517413485,0.07768128713315327,1.7643011698182052
644,5.507270997941228,6.5130720029445275,-1.0058010050033772,1.9057886569747478,0.13046818360054896,1.5122582264485602
645,5.294034070523518,6.465092589467412,-1.171058518943937,1.3847917063753137,0.08729785549745156,1.7098270710536405
646,5.25808511347706,6.314497138242851,-1.05641202476545,1.0464333585824797,0.08047105012971903,1.7479594450747284
647,6.2464144402746715,7.287686130362696,-1.041271690087342,1.5004234530591418,0.10693724211934255,1.612113506621568
648,5.310533772583691,6.297832571033796,-0.9872987984499559,1.8314228061464828,0.12959645756932936,1.5156951382126804
649,5.199260333683847,6.266307331369939,-1.067046997685793,2.1566279823520134,0.1328933357692754,1.5027894947858742
650,5.365210593700718,6.325853185554275,-0.9606425918536843,2.4676984056989912,0.1595148658018257,1.406705056275974
651,5.496725807739418,6.526789312898986,-1.0300635051598874,1.8674723819598533,0.12560624647851842,1.53166045171596
652,5.358632930162381,6.380621489086538,-1.021988558924022,1.291861369020653,0.09818462209355432,1.653718991344067
653,6.249347166879412,7.303164507096293,-1.053817340216483,1.4801470948258473,0.10445787978421006,1.6236155726630688
654,5.909063929036089,6.832376211743446,-0.9233122827081388,2.1068934700814115,0.15074362366338465,1.4369098045357653
655,5.287578763490197,6.381328496479009,-1.0937497329887265,1.4488195215303072,0.09841439034269527,1.652589726503642
656,5.232372340932594,6.220666434451418,-0.9882940935185616,1.447488344893058,0.11058694455934144,1.5955605350262108
657,5.189706765571751,6.534231967993934,-1.3445252024230285,1.1484177707323155,0.06161367514722889,1.8690656941378594
658,5.4960289616810005,6.421452581068907,-0.9254236193864926,1.8629396586243292,0.13961573846858125,1.4772234924246905
659,5.886880241638133,6.704758472101888,-0.8178782304648848,1.9306897168340758,0.15915372848621487,1.4079234836650656
660,5.178805541448961,6.188731986322006,-1.00992644487269,1.6756738166944043,0.11936412047763989,1.5574481556992275
661,5.50606037276331,6.646632115538958,-1.140571742776956,1.7719342919151124,0.10811877578478407,1.6067064603179342
662,5.290602241247067,6.405534530055727,-1.1149322888077222,1.6219743963626438,0.1043280145719131,1.6242239809202264
663,5.863326706675176,6.90880145377402,-1.045474747098524,2.0600267617644743,0.13180862774729868,1.5070079176084723
664,5.389329310932149,6.282966267587961,-0.8936369566554276,1.6827714323979013,0.1354549114375802,1.492932291263107
665,5.415013134603138,6.370523744138739,-0.9555106095358497,1.8360120853181314,0.13413115827789532,1.498008052686579
666,5.26260036508385,6.4703395199110805,-1.2077391548273226,1.1020891706016478,0.06992866023489537,1.8123724922934046
667,5.765473972165561,6.826796603932552,-1.0613226317673252,1.955174890075778,0.125406938510907,1.5324682020928573
668,5.805145108514731,6.925403441763892,-1.1202583332496943,2.0491802212450576,0.12197470087177432,1.546537955407996
669,5.11268101759371,5.963444723106543,-0.8507637055136001,1.6809435851780385,0.14169042033303325,1.469525094929855
670,5.254748740479878,6.534990154908941,-1.2802414144298382,1.3546580084468065,0.07593038701282241,1.7748032047365305
671,5.205892204732587,6.417891853065443,-1.2119996483334035,0.8816506352630693,0.05784423773967535,1.8968765146946798
672,5.602963829005526,6.621762334148771,-1.0187985051434225,1.8518104775271649,0.1263666524542323,1.528587839863939
673,5.019400625789709,6.157405479234784,-1.138004853444727,1.5102694829919994,0.09662549725978693,1.6614380696482012
674,5.461637665050981,6.4687312265912755,-1.0070935615403869,1.9548839712785142,0.13244080817684525,1.5045461175580865
675,5.29709617833843,6.229464049006198,-0.9323678706678038,1.1722679712013448,0.10167220274642859,1.6368003014665415
676,4.993281747125289,6.068440417420101,-1.0751586702936038,1.6108230104268184,0.10834610921665155,1.6056714873426
677,4.901670727785964,5.827858677798604,-0.9261879500127179,2.049027461537035,0.1478425857762956,1.4471940384291737
678,5.153439424127933,6.229516311676052,-1.0760768875488793,2.087344187326952,0.128978845904064,1.5181410448920263
679,5.1954970981522965,6.316333260452085,-1.120836162300293,1.7671526816951015,0.11015529866780538,1.5974955058508098
680,5.504280393960395,6.545339201769588,-1.0410588078093497,2.21193797332767,0.13848172439979908,1.4814686820741096
681,5.741319262471658,6.783124873520878,-1.0418056110493126,1.4068050715344889,0.10208997137121494,1.6348048136314715
682,5.824072644997537,6.926296899222828,-1.1022242542248932,1.5908518486109777,0.10430975949541937,1.624309552723034
683,5.680409553524365,6.8936423369594895,-1.2132327834342505,1.9918143062859865,0.10903035579129638,1.6025666764848234
684,4.98555875766389,6.236668344521023,-1.2511095868576376,0.4725851750493515,0.03168981881337628,2.148301411888647
685,5.504505068143695,6.566801479722935,-1.0622964115791547,1.8956462240786536,0.12274618103170556,1.5433487511919386
686,5.815901202236924,6.826146842599899,-1.0102456403628821,2.035852728536785,0.13547210309670737,1.4928666246857534
687,5.625210644529867,6.6468041225425,-1.021593478012619,1.1974387356400413,0.092911045086742,1.6802378639355677
688,5.721123425223519,6.722179391162401,-1.0010559659385763,1.937267535402226,0.132482342925451,1.504384694304007
689,5.586241056118448,6.575279600276199,-0.9890385441576655,1.6723528543644157,0.12188400151338753,1.5469139302376071
690,5.77708799093663,6.737112612093201,-0.9600246211557533,1.5041640781714438,0.1171490513188271,1.5668530187276746
691,5.573556844338706,6.664946061712891,-1.0913892173748536,1.5864389616623402,0.10532753108453669,1.6195567290668433
692,5.60017572726421,6.600638437961878,-1.0004627106982298,2.073918841870272,0.1383913726213965,1.4818080647071803
693,5.410386955327263,6.4123753643011,-1.0019884089742845,1.7655115281925955,0.12462112598926048,1.5356627071035873
694,5.527291539376998,6.7000836433224595,-1.1727921039455396,1.3055252272124314,0.08327612050141595,1.7319856329049217
695,5.310383767852651,6.3469489976723015,-1.0365652298205532,2.188341219927487,0.138154120014911,1.4827000550317526
696,5.242707869651818,6.317857024812534,-1.0751491551609433,1.9996069968867651,0.1255214573005779,1.5320039610265264
697,5.074096096018289,6.2452559207670735,-1.171159824748429,1.0825702662024383,0.07199273121863041,1.7991640697280322
698,5.229078017420685,6.275954524435656,-1.046876507014531,1.4235886217856475,0.10237864571980933,1.6334297433916356
699,4.714107464351324,5.929428185050172,-1.2153207206984007,1.3292612069438867,0.08047421599245864,1.7479411637123439
700,5.534576208059585,6.469878959915656,-0.9353027518563977,1.1689398873162862,0.1011114500104416,1.6394890466377023
701,4.955207693481421,5.984130943269735,-1.028923249788022,1.7726718366070457,0.12149183040320537,1.5485421140774245
702,5.810934262150036,6.794391078457254,-0.9834568163078075,1.3617716375088875,0.10654898583968002,1.613900612321199
703,5.236419278919053,6.383800618026848,-1.1473813391075964,1.3047645319023626,0.08568285457364759,1.7186240225734382
704,5.075169278001264,6.2346219233555775,-1.1594526453545768,1.429095780882438,0.0905685344875542,1.692406286827686
705,5.407850423653068,6.47928880131329,-1.0714383776594332,1.99140124148483,0.12564789573091484,1.53149178284131
706,5.4805971471259145,6.681721489965222,-1.2011243428396483,2.0335417597471306,0.11197477431796055,1.589379347762699
707,5.5226471653112785,6.448727853437235,-0.926080688125694,1.8209464878106871,0.13755695955011124,1.4849504153546929
708,5.393668821136012,6.459328659000272,-1.0656598378636772,1.8721613897111062,0.12131263968175675,1.5492874317463234
709,5.457056951726296,6.547785124070247,-1.0907281723439155,1.2321574087109344,0.0875546371184157,1.708440503827312
710,5.192764201764399,6.3358931693380445,-1.1431289675729204,0.7575084551596998,0.055527915221863636,1.914722400946143
711,5.285924825749058,6.251991907204578,-0.9660670814555488,2.0304991786945994,0.14132151058685857,1.4708876223553058
712,5.427905081588429,6.4774192757861915,-1.0495141941983093,1.8265291809218969,0.12132430491234746,1.549238885727342
713,5.551986034022699,6.475744278209719,-0.9237582441865015,1.854606855107459,0.13946688686079492,1.4777792022949285
714,5.514658079144207,6.58642452702877,-1.071766447884329,2.1047159454255926,0.1302245582002119,1.5132169575257095
715,5.20279434438809,6.223528552486771,-1.0207342080984745,1.1924045609766267,0.09271530989247861,1.6812451349283333
716,5.487849733183717,6.417154131544239,-0.9293043983598182,1.7946334518877691,0.13585310931184855,1.4914129534716372
717,5.15721603306603,6.164594292202766,-1.0073782591362033,2.0342405524759517,0.1357907521746284,1.4916506519671164
718,5.471705793814104,6.4645812578185105,-0.9928754640050101,2.285517400018202,0.14796047398933312,1.4467731326857272
719,5.34560165772738,6.347512244657681,-1.0019105869296254,1.882385633806141,0.1299478119450688,1.5143077181325184
720,5.607796252838776,6.514559550194649,-0.9067632973556101,2.0891354216700506,0.15245007905377603,1.4309306942913262
721,5.36881521589468,6.385006049825657,-1.0161908339305228,1.677144410352252,0.11864208721068323,1.56049865649801
722,5.264888390269258,6.216420407333404,-0.9515320170639825,1.3819414358966409,0.11161634511535123,1.5909699214409083
723,5.7251801068131645,6.699109483328025,-0.9739293765142065,1.3271072366621386,0.10577431003728444,1.6174818516220666
724,5.0630774816662925,6.278520959798792,-1.215443478132329,0.9628467670030414,0.062009954557536516,1.8662245582306325
725,5.378731445481131,6.511060810284791,-1.1323293648038089,1.620153038540872,0.10231934142986415,1.6337119811624576
726,5.375549634947598,6.485808225677852,-1.1102585907301545,0.8440654095005442,0.06338587255976263,1.8564750747473049
727,5.313005769133193,6.339990537176066,-1.0269847680428938,1.5120157511759675,0.10921754469285082,1.6017199809183336
728,5.738542327596329,6.875908979844761,-1.137366652248602,1.0125364197060787,0.07106284027271273,1.8050756792830995
729,4.958287222204413,5.884566634182578,-0.9262794119786122,1.500736959622813,0.12141001622828522,1.5488823014675739
730,5.553582342312362,6.61194220427212,-1.058359861959616,1.5561344422600278,0.10768573684354477,1.608682716857089
731,5.183556513794352,6.255473304572741,-1.071916790778232,1.7791368095306854,0.11645564687446273,1.5698257858775173
732,5.599021544893654,6.662108843824919,-1.0630872989313502,2.2187429774429184,0.13583534260276395,1.4914806696131282
733,5.6899734365987715,6.659937892746941,-0.9699644561478635,1.9595475603938368,0.13769789133339666,1.48441864518588
734,5.841867856489367,6.823918139803689,-0.9820502833144928,1.5886190822550628,0.11865474975301421,1.5604450336227282
735,5.519424105967952,6.467120569520427,-0.9476964635514378,1.5790201815925204,0.12266111552599851,1.5436996319431475
736,5.490818607232464,6.561823193715407,-1.0710045864834683,2.2389297765832232,0.13558000100218168,1.49245463649597
737,5.618907546672668,6.66924361663923,-1.0503360699658515,1.2746700004880545,0.0941015384956186,1.674147886528492
738,5.284109473994173,6.227664918787278,-0.9435554447927643,1.6240363630777122,0.12551222207967455,1.5320413869132337
739,5.8249869813197765,6.921277813143684,-1.0962908318242626,1.4300743472234707,0.097207975488682,1.65854270427245
740,5.2619240532093645,6.4806707119324205,-1.218746658722921,0.9915847366526709,0.0632878956911337,1.857163503380178
741,5.418810899635824,6.59331616724034,-1.1745052676033083,0.6276418054021189,0.04532515217279777,2.0016243123812902
742,5.804914932269563,6.744149474064672,-0.9392345417945762,1.9554739576506055,0.14184642351505128,1.4689497342971525
743,5.395476857261125,6.342567635822805,-0.9470907785625968,1.6057656982300532,0.12410971969434664,1.5377501368277289
744,5.541419993316518,6.5029678658538845,-0.9615478725381763,1.7490505115720936,0.12921813307921245,1.5171923267126268
745,5.58537183821492,6.574816351305843,-0.9894445130912572,2.1574074987408434,0.14334744462548252,1.463438447851029
746,5.687639950424378,6.76890753538588,-1.0812675849620064,1.487397622532411,0.10169849561397358,1.6366745202861033
747,5.209444538505446,6.140501200398136,-0.9310566618923986,0.8517437325086998,0.08030846478488479,1.7488990850410155
748,5.534915672195817,6.531743684043009,-0.9968280118464463,1.3297464972209916,0.10318394907741031,1.6296100022390037
749,5.143447403943279,6.069097492846106,-0.9256500889032395,0.6193113723838035,0.06277844793932964,1.8607573711839123
750,5.335758802410888,6.354725710039135,-1.0189669076280552,1.9160791990404835,0.12918239638976536,1.5173339276677948
751,5.5116080548495265,6.667330798472763,-1.1557227436223911,1.7910623353670179,0.10724076566050128,1.610719994746368
752,5.356495090329114,6.542709942992376,-1.1862148526633973,1.211658977873677,0.07736190999826349,1.7662023318071567
753,6.017382460386139,7.09285355655866,-1.0754710961718956,1.5076910273617354,0.10334822943448758,1.6288336955264597
754,5.437883639089629,6.490502186800024,-1.0526185477101535,1.8238768281090216,0.12081867029822774,1.5513464940918233
755,5.489898800659754,6.518041179505611,-1.0281423788455868,1.620192204839885,0.11441950708623803,1.5786362842037729
756,5.652492885603275,6.738113177410222,-1.0856202918057534,2.063002141014051,0.1267949574416514,1.526863499984059
757,5.364058666993438,6.308791330262254,-0.944732663268951,2.514041160972809,0.16358200873913323,1.3931249525592755
758,5.384764173954787,6.5370425211491625,-1.1522783471937146,1.541338977766511,0.09656931482397339,1.6617180771435545
759,5.779306678785284,6.669649861286311,-0.8903431825019652,1.6154845016978818,0.13247017259104973,1.5044319897951588
760,5.185109467607541,6.278131316910761,-1.0930218493031134,1.9248596675858174,0.12019646334674151,1.5539494985336866
761,5.3323499692723235,6.3769842871157625,-1.0446343178437019,1.4995807121617286,0.10650020353518957,1.6141255173165527
762,5.639549694989833,6.8198709875780015,-1.1803212925879052,1.427880950630879,0.0884372863768743,1.703699260477732
763,5.737562834169617,6.7743129353157645,-1.0367501011469358,1.8036508086259317,0.12190706672716181,1.5468182975841973
764,5.559821294101235,6.573576895300983,-1.0137556011995912,1.218198923202447,0.0949656210797106,1.6697662460146268
765,5.292121155066448,6.132311848428602,-0.840190693362274,2.1775077829608325,0.16657379307096334,1.3832970797776845
766,5.027886409587987,6.189461627131331,-1.161575217543941,1.23318576715252,0.08070674865628526,1.7465999917098805
767,5.999037084194166,7.0499256168140025,-1.0508885326198651,1.5336614443605079,0.10746081613163841,1.6097116698316256
768,5.17322879712348,6.126123775245505,-0.9528949781215488,1.6517894042852195,0.12564653056439706,1.531497310727721
769,5.925996034376945,6.719451461548916,-0.7934554271723755,2.22105739541896,0.1761252786307268,1.3527820194172364
770,4.727273383289608,5.760849004136277,-1.033575620846932,1.463752532203948,0.10598335526790734,1.6165134154217218
771,5.332218925375779,6.349126834716545,-1.0169079093402615,1.9937234303146187,0.13279965615362668,1.5031527599571823
772,5.2505015247651645,6.466372442545643,-1.2158709177801938,1.449716486611397,0.08601562660049351,1.7168005162934787
773,5.310630912507728,6.420259218905629,-1.1096283063980081,1.3618304797386926,0.09236866852201311,1.6830331795508255
774,5.439014887459885,6.494520661938603,-1.055505774478661,1.710067994096983,0.11531700729929678,1.57473767682253
775,5.6556464578824635,6.668593404910959,-1.0129469470284675,1.576899674798078,0.11417336427713416,1.5797096953449814
776,5.822061850829337,6.9779631458860525,-1.1559012950565375,1.9374668177190788,0.11328959799188468,1.5835788152120394
777,5.952623179252365,6.847279600841455,-0.8946564215884791,2.3078952890034934,0.16333360362504884,1.3939470209049822
778,5.68406532579767,6.607449441576394,-0.92338411577839,2.162944416563775,0.1530849573792268,1.428719198938657
779,5.531439840516137,6.679812396976731,-1.1483725564612541,1.674169204654282,0.10298743435300124,1.6305399243656102
780,5.41355364812072,6.446473441892197,-1.0329197937708159,2.2958553206027865,0.1428231273533066,1.4653585230324906
781,5.247361555884632,6.339848952885712,-1.0924873970016051,1.6510332237868344,0.10821375938374668,1.6062738225294355
782,5.219323778297545,6.330127964470572,-1.1108041861725724,1.0611882271693336,0.07617673416229466,1.773313736271506
783,5.470710648379205,6.704712233485838,-1.2340015851068529,1.398322578645189,0.08198325281008313,1.7392929156573111
784,5.058159932967934,6.209245822784682,-1.151085889816386,1.131443623601239,0.07636791563522788,1.7721605168685792
785,5.83937889083783,6.880599563335894,-1.041220672498639,1.9148815354118245,0.12624466444147722,1.5290797915639647
786,5.069282782916085,6.150044731787533,-1.0807619488714408,1.201308103732602,0.08689205674284983,1.7120250252461466
787,5.624720565514432,6.656987808704686,-1.0322672431893807,1.5825864039757391,0.11208616554014965,1.5888858535768313
788,5.686167709339239,6.760045489003376,-1.0738777796641443,1.7566707973043076,0.11521349977113218,1.5751860779222695
789,5.328150674982604,6.470718713704388,-1.1425680387219472,1.4314078880540446,0.09239506963492759,1.682896808006888
790,5.39590272018169,6.5556958790971525,-1.1597931589149084,0.9990739747635367,0.06840760296846168,1.8223123657340679
791,5.267762134327237,6.17211495324567,-0.9043528189185963,2.0035815156700334,0.14907794886277642,1.4427959909135208
792,5.096481776652505,6.045946170770359,-0.9494643941179675,2.4995684913385308,0.16234477016197288,1.3972288286242498
793,5.6827260726921995,6.839521937846891,-1.1567958651539811,1.340598708606585,0.08654434548211018,1.7139149581103272
794,5.107567430803934,6.360836872348566,-1.2532694415440346,1.240375067543356,0.07295115961232292,1.7931361308099578
795,5.445281107734369,6.379035313320324,-0.9337542055864105,2.2064887296450486,0.15334000852078167,1.4278327340509154
796,5.659127938496491,6.768070025280119,-1.108942086783827,1.959451744680715,0.11970634033069198,1.5560073679839852
797,5.673094057093218,6.620783103641182,-0.9476890465484757,1.8467453611554792,0.1357150474166772,1.4919393434305257
798,5.838300078886201,6.966353073876023,-1.1280529949890479,2.1798612644507447,0.12611875076632614,1.5295879630424407
799,5.588203121439543,6.318113788284281,-0.7299106668442619,1.9388470906287338,0.17439541859515678,1.358215169238025
800,5.242873412291297,6.310831914380303,-1.067958502089823,1.8835372203548744,0.1215190974684985,1.548428776076458
801,5.799575526199911,6.764447454072725,-0.9648719278720819,2.203256836875184,0.1486795225263122,1.444211387921839
802,5.9518686699310965,6.92901355076039,-0.9771448808296554,2.0617987816447325,0.1411020651930452,1.4716994167155881
803,5.12063823366581,6.203041228085384,-1.082402994419681,1.8360367363324315,0.1176905355257094,1.564541156552824
804,5.601639818822074,6.697009210752329,-1.095369391930035,1.492266409996109,0.10036899584279314,1.6430673665334905
805,5.968644724315633,7.11018389920905,-1.1415391748942056,1.3389083343315686,0.08796673981493919,1.7062220769513983
806,5.605010254712321,6.623175084514466,-1.0181648298030268,2.114309365504271,0.13765342548149823,1.4845863804165054
807,5.617498965927476,6.688061697391079,-1.070562731463724,1.7151242793916985,0.11373120011600134,1.5816425259093585
808,5.2462757244137865,6.237126520411538,-0.9908507959971757,2.0377265726243117,0.1381873765406922,1.482574950536996
809,5.374711730180858,6.417243178056852,-1.0425314478752625,2.1122586929980507,0.13432214580786256,1.497273351917755
810,5.206188220789878,6.507276041334295,-1.3010878205441259,0.9711429817412114,0.056284140334147956,1.9088291098555454
811,5.212628699226039,6.268771453198086,-1.0561427539723809,1.8349245559150802,0.12086803721011039,1.5511404170930827
812,5.368050808105105,6.391799681291127,-1.0237488731863778,1.5546874751015807,0.11174489674312132,1.5903989949574728
813,5.595425881453517,6.561239073697999,-0.9658131922451503,1.978378208155398,0.1391007415428766,1.4791480833400592
814,6.021890944059956,7.022833428513374,-1.0009424844529349,1.9286537284463687,0.13212068491882129,1.5057915822766652
815,5.528391068650231,6.563586909245354,-1.0351958405954065,1.8298049074757916,0.12327685731527999,1.5411640797990456
816,5.65289897710492,6.578295101057643,-0.9253961239519413,1.786377135274682,0.13601223298212942,1.4908067732443524
817,5.735985196345533,6.767940951194548,-1.0319557548491503,1.5630909671774873,0.11116616834783423,1.5929733560027477
818,5.140485322384771,6.223654165226394,-1.0831688428415873,1.3703408438554572,0.09560762671068364,1.6665313635707317
819,5.568242916212435,6.614955678821483,-1.0467127626088768,1.0320471137651115,0.08055845029222196,1.7474549648153594
820,5.708651906156698,6.863050370909749,-1.1543984647541947,1.1337638347529104,0.07619274020721711,1.7732170962527167
821,6.114985004440237,7.183095428290416,-1.068110423849248,1.73744183320777,0.11504122674088692,1.5759330784665804
822,5.560693751290197,6.684475922130902,-1.1237821708400588,1.5675415341590746,0.10083343929162897,1.6408264826588561
823,5.081982172267013,6.146379363097255,-1.0643971908302774,1.622907127917939,0.11017978793329518,1.597385565894728
824,5.520730716740141,6.495979031485222,-0.9752483147449311,1.1197875401249267,0.09342802787584942,1.6775855898487995
825,5.036739172982303,6.233909423733197,-1.197170250750787,1.3242246069399002,0.08190078948778218,1.7397621596988488
826,5.6381481271336416,6.685682417037912,-1.0475342899044335,1.315770152300903,0.09663219925834264,1.6614046762702417
827,5.36360095718093,6.613469024881114,-1.2498680676999356,0.9180722687205272,0.05711860573351713,1.9024021074010888
828,5.399115933807403,6.404781677287639,-1.0056657434806766,1.7897314281845276,0.12526169939296197,1.5330574539833253
829,4.962105928780071,5.930204196806729,-0.9680982680265515,1.1529160156457063,0.09626862162758625,1.6632189204083165
830,5.539787936600911,6.59048816711895,-1.050700230518487,2.2102896178163345,0.13713622090061012,1.4865404686927148
831,5.096319156572386,6.22914325125897,-1.132824094686839,1.7595746927727092,0.10845900332511445,1.6051581567863127
832,5.1572562937289295,6.206439323295685,-1.0491830295668478,1.734098567883395,0.11719551573465257,1.5666543106817112
833,5.353011878246358,6.406624040144253,-1.0536121618970355,1.2234508995576192,0.09093325936070241,1.6904951813084435
834,5.265872222085742,6.223448748384017,-0.957576526297089,0.9002561744007274,0.08100765342585739,1.7448691216207657
835,5.362758789608884,6.385021223701516,-1.022262434093136,1.3896387624167108,0.10344578609681884,1.62837315573632
836,5.111257479534212,6.008603705436011,-0.8973462259018561,1.5547085466442727,0.12827143352180953,1.5209537919346803
837,5.60928547612904,6.768092411629,-1.1588069355002517,1.4471279343950378,0.0914909372898936,1.6875849133222525
838,4.866036340745191,5.86859054797389,-1.0025542072289682,1.083099374703492,0.08818701135737775,1.7050397488795004
839,5.21896761842701,6.30823651190614,-1.0892688934791295,1.7472911534460565,0.11295695564151645,1.5850412796621096
840,4.953739720332047,6.158433134541584,-1.2046934142099417,1.0710362256154475,0.06857277457404459,1.8212242572893096
841,5.353526556035755,6.4385766679945124,-1.08505011195939,1.5149912580736977,0.10262333667967188,1.6322665971865804
842,5.616481101294008,6.585617921361129,-0.9691368200665238,1.8355977578901346,0.13224047564522945,1.5053252536048585
843,5.409818259067757,6.4789559856271755,-1.0691377265593474,1.6231720114138533,0.1096335478184981,1.5998424100766053
844,5.209508578764067,6.192090406049802,-0.9825818272847755,2.294256506472303,0.14975709339981885,1.4403899924886552
845,4.891675574291108,5.847952782527267,-0.9562772082363153,2.8724783120204087,0.17422989080555615,1.3587371648517268
846,5.282991854030948,6.1353640140562025,-0.8523721600249701,2.061893048872763,0.15963060065036758,1.4063150244349172
847,5.018380150022418,6.026631714176689,-1.0082515641533973,1.9310763486672418,0.13125174772856044,1.5091840787986428
848,5.592793064576577,6.714244487312891,-1.121451422735845,1.6855990649879828,0.10648199342154858,1.6142094938045166
849,5.357047432533287,6.3735339637906225,-1.0164865312572147,1.650159849760703,0.11731227584216358,1.5661552514580448
850,5.096691858370756,6.25423431968632,-1.1575424613147334,1.8353683357046435,0.10890289425577813,1.6031438705135639
851,5.0520601720344676,6.198208468621539,-1.1461482965869436,2.008404688225589,0.11726891101275173,1.5663405570535267
852,5.144915916654023,6.048178171463137,-0.9032622548093059,1.8572436651892996,0.1425609029459515,1.4663208313943268
853,5.371184963691045,6.330759274381508,-0.9595743106892769,1.5201717774911092,0.11804741990410746,1.563022001631378
854,5.445229848837622,6.447766431436039,-1.0025365825986228,2.0869373322063804,0.13864901209498265,1.4808407600189686
855,5.20947325748231,6.344559708370925,-1.135086450887684,1.698329329459261,0.10552114840048771,1.6186566989856117
856,5.2889585341890015,6.354242648084531,-1.0652841138962685,1.429998374118421,0.10062111605108108,1.6418498938543962
857,5.554459338798475,6.475004265994601,-0.9205449271967154,1.7801811589073804,0.136404064747495,1.4893164242417898
858,5.471183181796656,6.498844917759856,-1.0276617359641023,1.3932758039847961,0.10301058668403174,1.6304302925452434
859,5.208527442049595,6.337120771966385,-1.1285933299168391,1.634378641431585,0.10337654884731579,1.6286999713110273
860,5.306415503281565,6.329418317232156,-1.0230028139503702,2.2653078470764285,0.1429982099021493,1.4647167616539438
861,5.5995813874532505,6.46636899946237,-0.8667876120098299,1.6466835801270339,0.13751987680361463,1.485090407451585
862,5.376963304277448,6.4620309251048,-1.0850676208274308,1.136738154581547,0.08287987214071206,1.7342153964443734
863,4.84693858649454,5.899030437750037,-1.0520918512556818,1.4807113312676279,0.10468542806449158,1.6225509737835335
864,5.241439073107282,6.5282889981556185,-1.286849925048955,1.0431176060795764,0.06082641291106982,1.874755171736913
865,5.669718737551117,6.717596022444164,-1.0478772848928202,1.782146461879785,0.11954262312089654,1.5566962344184367
866,5.328881327226478,6.429925278167696,-1.1010439509418575,1.222400814495792,0.08599060801099015,1.7169374134554056
867,5.456082449891179,6.538433431766586,-1.082350981874697,1.7255174963834108,0.11279805090896876,1.5857411036050308
868,4.9206853764052685,6.1734950753186855,-1.2528096989126425,0.9823255327891722,0.06025414812465886,1.8789292953563774
869,5.732541587038137,6.788977330304208,-1.0564357432649558,1.8521583078375983,0.12158923873241727,1.5481373189809244
870,5.679320203320382,6.82259037471743,-1.1432701713965798,1.8235770093972743,0.11001676931771653,1.5981177711773624
871,5.3341928821654765,6.43102115479922,-1.096828272633502,1.4049365455931149,0.09589388811929672,1.6650945788876919
872,5.284840143715806,6.447154385740676,-1.1623142420248769,1.1952903648383089,0.07869489664210681,1.7583092971124272
873,5.6375575388218895,6.731395974823217,-1.093838436000624,2.1361983209838886,0.12867334120813892,1.5193542896415866
874,5.296660241319765,6.202519586303319,-0.9058593449835826,1.6444143579161654,0.13175802976338724,1.5072053484362877
875,5.462400340731543,6.560136259568141,-1.0977359188364062,1.524351672286837,0.10165845521295389,1.6368660779396043
876,5.234801700825225,6.109932900107575,-0.875131199282805,2.232896103709381,0.16333703431791594,1.3939356610025282
877,5.547314914000632,6.442747842762019,-0.8954329287616929,2.037997474868437,0.1519342063390645,1.4327328202935607
878,5.27524050140793,6.335116499670017,-1.0598759982622141,1.5254650642276335,0.10600885738786962,1.6163953763904562
879,5.332335814215108,6.420384011759646,-1.0880481975445946,1.6938999448639365,0.11069310816832602,1.5950855418102579
880,5.5164505755364335,6.598256274306104,-1.0818056987691307,1.5827296899538048,0.10624673761267697,1.6152954079949133
881,5.4253146885065835,6.320420230708217,-0.8951055422021454,2.1561837780804325,0.1570612532559633,1.415024703036786
882,5.308843192823511,6.326815151302023,-1.017971958479393,1.5307797790670037,0.1112519659033132,1.5925910354423864
883,6.066229055683758,6.961175855726497,-0.8949468000419074,2.2971622907383473,0.1628609295352591,1.3955138887458198
884,5.576170474192546,6.784968537596926,-1.2087980634041742,1.3487243341637232,0.08199280689176384,1.7392385744684105
885,5.408961308667964,6.389614662414148,-0.9806533537457653,1.8235916494477618,0.13012882560456246,1.513594071821661
886,5.481741486379102,6.450648279567853,-0.9689067931885802,2.742286491028871,0.16801057564355906,1.378624444881378
887,5.556949065375116,6.624992459783721,-1.0680433944080505,1.3167277462267837,0.09444463182747131,1.6724042641560108
888,5.23392730450079,6.264692733274389,-1.03076542877443,1.8658485373477944,0.12544423700160337,1.5323169636433196
889,5.664680213790158,6.684421182846849,-1.0197409690572385,1.894928705109585,0.12815451849647996,1.5214198188454515
890,5.307209178065856,6.4764846706291355,-1.1692754925625195,0.4686517644753092,0.035202066882096816,2.1060263115334843
891,5.772634402547661,6.786513521761927,-1.0138791192148346,1.9657305429809995,0.13200512366855152,1.5062417567117155
892,5.415096312288293,6.454324774705158,-1.0392284624167587,1.5882872620205912,0.11152261171169199,1.5913865395696105
893,5.329492150359252,6.276517086944816,-0.9470249365849668,2.043563014060755,0.1445862015008214,1.4589233648687492
894,5.141689333230639,6.17507130798724,-1.0333819747575035,1.1076902900797325,0.08642536685221444,1.7145630567472803
895,5.62390296130881,6.761349129239109,-1.1374461679297383,1.4411041200389434,0.09339049707073764,1.6777777369627491
896,5.506595258686426,6.60163569037387,-1.0950404316872664,1.5677341726386391,0.10402987305285774,1.6256230294845748
897,5.621637580648818,6.68176409836037,-1.0601265177101595,1.5079325627818445,0.10511502435359493,1.6205460791295616
898,5.525131163272741,6.428971214429106,-0.9038400511562941,1.7709058850292987,0.1383524120322123,1.4819544625684775
899,5.060901587588811,6.156272479402363,-1.095370891813218,1.1373588337681664,0.08190772254886935,1.7397226934976815
900,5.225546444791613,6.3132938058481844,-1.0877473610553352,1.973549332163616,0.12287460502037055,1.5428193837660857
901,5.537566015794178,6.576954448329731,-1.0393884325349063,1.9454150818118094,0.12779355018291902,1.5228607386376087
902,4.841921582247702,6.0566640237859435,-1.2147424415379646,1.30652374292203,0.07944575742606558,1.7539110059800564
903,5.618208108785362,6.602661351469765,-0.9844532426841397,2.126325114090843,0.14277217130698294,1.4655454147712133
904,5.081558814192173,6.327515233852234,-1.2459564196606152,0.6500851477167977,0.04254563410519623,2.028143208505828
905,4.8920447958388795,5.871161043435345,-0.9791162475967212,2.0797838319372755,0.14158364464069628,1.4699191785913432
906,5.449480478309775,6.3716727898144985,-0.9221923115055688,1.801003359233798,0.13716553767536466,1.4864295530357623
907,5.352435004622672,6.468890094984852,-1.1164550903613417,1.146869943918313,0.0804065926250046,1.7483317838218497
908,5.646729145803798,6.6847477733420195,-1.0380186275378946,1.5771675647958272,0.11112618852841159,1.5931515887354584
909,5.112057970421043,6.246700190783011,-1.134642220362366,0.858453594951289,0.06232445763190417,1.8639803943208868
910,5.504985998860244,6.582763310026715,-1.0777773111667557,2.072069093759737,0.12814856141110256,1.521443572820478
911,5.407372297247017,6.43984171915667,-1.0324694219088997,1.2488871702608577,0.09463137196966448,1.6714573715787726
912,5.297158797226908,6.28735865809457,-0.9901998608684153,1.0248245704456949,0.08586376729948185,1.717631958291405
913,5.455175664423146,6.36451759016631,-0.9093419257433197,1.0555895884370994,0.09693459094158415,1.659899903260112
914,5.7201512696655445,6.774347379803219,-1.0541961101380366,0.8528362158726228,0.06864202878442488,1.8207686690876257
915,5.891193295371446,7.009024535531546,-1.1178312401598305,1.0072985471189817,0.07247109523655337,1.7961472892830426
916,5.575771159698812,6.332688978380469,-0.7569178186822683,2.1935176401264815,0.18122717271025707,1.3369861042322138
917,5.460202806545491,6.554966690869479,-1.0947638843235836,1.2928441776661899,0.0903627492745862,1.6934873050323322
918,5.864860936183428,6.679147476527428,-0.8142865403442556,1.9021855409426944,0.15838290303950533,1.4105311574772117
919,5.538272701130078,6.4370507040450935,-0.8987780029146961,2.0649426801922033,0.1526064249790393,1.4303854392703428
920,5.486102775042051,6.475381981052601,-0.9892792060109059,1.96297498788687,0.13519363290994119,1.4939310841117397
921,5.43790629037168,6.48665121643562,-1.0487449260645008,1.6430665295821836,0.11300461197000038,1.5848315501836088
922,5.220383833807242,6.20017704180888,-0.9797932080018654,1.5276674394868994,0.11584105929853059,1.5724722957267514
923,5.390354415300786,6.431623718091226,-1.041269302791079,1.978067718480105,0.1289396763084972,1.518296473462814
924,5.170327281118185,6.194486014809934,-1.0241587336913653,1.5337160833636752,0.11064866259465676,1.59528435472124
925,5.479812180279547,6.636042297572979,-1.1562301172934895,1.4155690037346993,0.09024546854759836,1.6941042833341489
926,5.717929743594974,6.780514867986449,-1.0625851243921716,1.7490399781507815,0.11623638236962062,1.5707687109361204
927,5.737476438806803,6.777758625334792,-1.0402821865282021,2.011636559123101,0.1304797545746727,1.5122127261379743
928,5.752479723893808,6.8702933171872775,-1.1178135932932491,1.4430447698345361,0.09554176201741683,1.6668624346710732
929,5.367106975958373,6.323008959708924,-0.9559019837497544,1.9418768864368143,0.13887931606439202,1.4799772575345305
930,5.540816025774726,6.577296515542473,-1.0364804897672002,2.3097224982982194,0.14286866205587134,1.4651915584760808
931,5.99731699112173,6.987979600138113,-0.9906626090169084,2.2317608430085176,0.14616121693469247,1.4532252743563665
932,5.470686096671594,6.404078848040131,-0.9333927513680464,1.3788708014446982,0.11376196632227481,1.581507846356412
933,5.088844501484269,6.092610163257961,-1.003765661774196,1.6153039657119397,0.1172164395576562,1.5665648488112356
934,5.010992641193221,6.046935537142085,-1.0359428959491197,1.3120382079970767,0.09771955723215785,1.6560111678182297
935,5.260522162473459,6.32377168193071,-1.0632495194577132,1.8033496740866681,0.11859121027737092,1.5607141535371207
936,5.4961932503619355,6.625907618232647,-1.1297143678702923,1.0907102789379497,0.07609745434788687,1.7737926499386572
937,5.508458434718628,6.4046423911428025,-0.8961839564244656,1.7645069081366316,0.1391518861461231,1.4789567061452613
938,5.453078710702281,6.660184732302861,-1.2071060215994294,1.61709700051715,0.09431840429644674,1.6730451692528094
939,5.813692767886929,6.7289149544798,-0.915222186592473,1.9812308466147375,0.1464759325900824,1.4520923362341474
940,5.87525688431189,6.9051475705211605,-1.0298906862090007,2.6639060013156506,0.156536570696603,1.4168165465364564
941,4.946781040593956,6.047399640756064,-1.100618600161397,1.3266493385268046,0.09151169582282942,1.6874768595509066
942,5.606208032399914,6.5973427916111635,-0.9911347592114907,1.7015901913640121,0.12301959227589783,1.5422222611844558
943,5.158412568874079,6.201610662845789,-1.0431980939720233,2.1084023073070597,0.1340784766395669,1.4982108535021494
944,5.2862987568595745,6.354170690030346,-1.0678719331708635,1.881472274423615,0.1214407694695093,1.5487544069435422
945,5.299665288913198,6.411558890394518,-1.1118936014818246,1.3141051697999426,0.08970332638598527,1.6969647430021677
946,5.849531919879988,7.03946540554273,-1.18993348566255,0.7492572636523178,0.05179209850213418,1.944857773031545
947,5.321103491805767,6.26253825400425,-0.9414347621986963,2.261935813113487,0.1544419013357359,1.4240157898019286
948,5.261389704962236,6.434076275183118,-1.1726865702212308,1.3792713229171074,0.08687387743425361,1.7121236847638588
949,5.590187086790971,6.677576955607586,-1.0873898688168993,1.2440871920091716,0.08853664827851725,1.7031679199635625
950,5.513006899252938,6.679530265487054,-1.1665233662351966,1.2636596670694633,0.08178515994973586,1.7404207765248303
951,5.523053522188016,6.503325310976388,-0.9802717887878316,2.120778904095367,0.1431281301597741,1.4642409313210878
952,5.766354993770543,6.8542496110857645,-1.0878946173152144,1.0693419089152627,0.07877980559719368,1.7578102213287832
953,5.4165749056073,6.601605860581865,-1.1850309549754456,1.8900697753861238,0.10809818317149936,1.60680029663858
954,5.576768336854835,6.5799928956757885,-1.0032245588208752,2.246920410095644,0.14500535046407778,1.4574023439025123
955,5.414223978567785,6.289649054647208,-0.8754250760803188,2.7510946428618492,0.18275573413530805,1.3323179409076125
956,5.30465832033307,6.365300245467951,-1.060641925134405,1.7043302383003418,0.11442996571358229,1.578590715148935
957,5.54096592061425,6.6537220922807965,-1.112756171665751,1.963345018239167,0.11940743186354925,1.557265630698937
958,5.0511960177054025,6.135822170413997,-1.0846261527085517,1.630330628089009,0.10816237996369765,1.6065078116876386
959,5.5777853118642415,6.547685338859106,-0.9699000269947646,1.3385757519995476,0.10690855742214221,1.6122453634101723
960,5.166951269171401,6.152998367085781,-0.9860470979147067,1.509843444344618,0.11413078958774445,1.5798955452602756
961,5.882471858184468,6.837287936931171,-0.9548160787471716,2.0097382829553645,0.1420139135166207,1.4683325495584463
962,5.609951488920993,6.635458704290821,-1.0255072153695437,1.3126336683658018,0.09892711959750213,1.6500773357973015
963,5.535319357359109,6.670565526440287,-1.1352461690803466,1.5577247138800505,0.09913590351646731,1.6490572650602335
964,5.662013136290549,6.736633017182713,-1.0746198808919871,1.398021375993876,0.09795565624836326,1.6548464142984365
965,5.444175108949745,6.544632690434883,-1.1004575814858981,1.5666582224195675,0.10337045295673707,1.6287287536353061
966,5.611727643839837,6.684408933936874,-1.0726812900975347,1.2886951197884002,0.09245885783539654,1.6825674473806727
967,5.324400950569649,6.227164361447956,-0.9027634108788334,2.4871974493859224,0.16898595523421858,1.375469435219243
968,5.370961426289719,6.45319826709782,-1.082236840808946,1.606328328164647,0.10731355189011098,1.6103862892553917
969,5.306205593744304,6.379325160299006,-1.0731195665548512,1.3930644523067688,0.09786697712206995,1.655283634074305
970,5.59256478348099,6.5916080061135975,-0.999043222632281,1.7488352092824346,0.12422666813333819,1.5372721922519619
971,5.33049000771363,6.1258806591933865,-0.7953906514803748,1.616670759460785,0.14686344583472902,1.4506998910158115
972,5.169167912582376,6.314530789047774,-1.1453628764647874,1.6552169656339526,0.10247391899039009,1.6329765962312706
973,5.321628624883411,6.511409620548983,-1.1897809956653873,1.604894438231005,0.09554595159830971,1.666841370159927
974,5.150890795747651,6.2107450304233485,-1.059854234676095,1.6752438764496542,0.11317789909709254,1.5840695224277765
975,5.7055286220628805,6.636105318265487,-0.9305766962024791,2.0800306040197096,0.1485322394779643,1.444735339474756
976,5.418466528609239,6.357942508451453,-0.939475979841518,1.6705101852691975,0.12839835021419924,1.5204482717041248
977,5.343817273683195,6.563210888590044,-1.2193936149069486,1.751529689701437,0.098763802184659,1.6508764660341504
978,5.50503512588322,6.587491298468551,-1.082456172584898,1.484779493421744,0.10143669661457534,1.6379280843839241
979,5.3875276865991655,6.367226888993288,-0.979699202393931,1.243056990278772,0.10028490292138444,1.643473988122049
980,5.396945491866896,6.381813584519756,-0.9848680926525049,1.4957774045833752,0.11354875973375482,1.5824417516414337
981,5.42976730454931,6.243710685749699,-0.8139433812011703,2.17153485630136,0.17060095557990562,1.370275379440786
982,5.4759714246164695,6.529307683703424,-1.0533362590877005,1.6516925794639103,0.11285867383269794,1.5854740257724675
983,5.817798245599002,7.004642266056473,-1.186844020458011,1.4152813783816,0.08720858782291688,1.7103098688162157
984,5.395430728382886,6.201497528363712,-0.806066799981636,2.5625517171846415,0.18747367939510953,1.3180895287438028
985,5.3940039592425055,6.269252707079767,-0.8752487478377589,1.4791472625738074,0.12726316358759357,1.5249836988801788
986,5.198994797923584,6.178727765023703,-0.9797329671000625,1.307536568198051,0.10397305030578763,1.6258900352418963
987,5.528836005166264,6.590578152836679,-1.0617421476708842,1.6362382710505123,0.11112430776089802,1.593159974570437
988,5.133882253377957,6.228105903678719,-1.0942236503005915,0.7005604660731031,0.05540319287150989,1.9157007818199379
989,5.461276114874559,6.52435703628276,-1.0630809214080728,1.2421708781678849,0.09096262525565163,1.6903415766015608
990,5.556735215502082,6.553631507577636,-0.9968962920756894,1.2644035594093648,0.09951239518152315,1.6472221375272764
991,5.192964704606235,6.150138448554822,-0.9571737439482604,2.486916317789106,0.1607356803399393,1.4026015802229037
992,5.513351415019239,6.605790507122082,-1.0924390921027225,1.0521258553573052,0.07736040122179892,1.7662113282896772
993,5.3248659376239775,6.396877737845914,-1.0720118002218442,1.4237733425312111,0.0995541522452227,1.6470189431561237
994,5.284785233097788,6.431856114246083,-1.1470708811484656,1.5897713188204996,0.09934047946717779,1.6480594151390937
995,5.173150513007309,6.185136258084649,-1.0119857450772543,2.201601330210119,0.14200718340237461,1.4683573386056148
996,5.862548491838348,6.899936457461083,-1.0373879656226563,1.3776312347984039,0.10106590947267412,1.6397079293047647
997,5.335678060757269,6.228691651374264,-0.893013590616647,2.1826199417404784,0.15848716092261325,1.4101778959092923
998,5.310889888160014,6.3134877530375935,-1.0025978648782257,1.8008027529503128,0.1261706416246554,1.5293784903352108
999,5.418902180810543,6.5702631232598225,-1.1513609424491733,1.2859255827943024,0.08434882897667682,1.7259921278939234
