,logR,logI,logS,d_G,p,sigma
labels,$\ln\mathcal{R}$,$\log\mathcal{I}$,$\ln\mathcal{S}$,$d_\mathrm{G}$,$p$,$\sigma$
samples,,,,,,
0,5.725155413582524,7.442314992081624,-1.7171595784991496,0.30234728476186845,0.010970244798838697,2.5436452115740265
1,5.653747454700078,7.305483424783507,-1.6517359700831094,1.4631748607973663,0.05379851950150651,1.9284552966372932
2,5.127119276210987,6.858754858709194,-1.7316355824982566,1.0763788304167008,0.03712395501002116,2.0843982707035256
3,5.29684729914079,6.938295024519139,-1.6414477253783843,0.2806792806077105,0.011289365281792252,2.5336120117939105
4,5.557387602361995,7.270873916136441,-1.7134863137744105,0.8279619328599814,0.02956211864485671,2.1759082921426294
5,5.118915295184205,6.7394191274237905,-1.6205038322395922,0.6903380861347301,0.027861088710867576,2.1992368030044323
6,5.492881196560983,6.99960942501588,-1.5067282284549037,1.7786638279031308,0.0741504864390417,1.7856836974907073
7,5.619428093289752,7.115743715209906,-1.4963156219203029,1.8691644736281283,0.0780369674060339,1.7621913836165815
8,5.632373300969402,7.205344202567819,-1.5729709015986373,1.1428615148157242,0.047105198641958584,1.9853531129295123
9,5.554623224752458,7.380402756293787,-1.825779531541457,1.7902281483161886,0.05364177845745876,1.9297180804530063
10,5.302377264237929,6.896851273225995,-1.594474008987845,1.352740986042054,0.053435918263776305,1.9313812814576565
11,5.358303763058029,7.108842925152604,-1.750539162094583,1.964328655345824,0.06289896010973754,1.8599050545140847
12,5.848695507719821,7.548773617285416,-1.7000781095657658,1.2944601367712885,0.04567133217668545,1.998418273259197
13,5.650125272092918,7.289238543116095,-1.6391132710232341,1.7515174788861287,0.06381437675133775,1.8534745073128274
14,5.131050502018024,6.874841537055854,-1.7437910350379298,1.4063673214382604,0.046955189311213535,1.9867041712554478
15,5.531695848123899,7.294400645026993,-1.7627047969031082,1.3039873454417936,0.04288649091579308,2.024813766753455
16,5.521603012751665,6.982222698945829,-1.4606196861941498,1.3180720306123277,0.06064557773910386,1.8760706610003124
17,5.31840617563439,7.022952211945412,-1.7045460363110578,1.140226021619192,0.0404199851069825,2.049431034953856
18,5.537868753473003,7.178465169664673,-1.6405964161917836,1.6639076703914704,0.06095283236361697,1.8738374539100768
19,5.327810003488548,6.744133717505729,-1.4163237140171532,1.4428727085995234,0.06872941060676144,1.82019436726675
20,5.133365227486319,6.830076764865058,-1.6967115373786328,0.8822542062075307,0.032049023657918,2.143798648847227
21,5.529972005984018,7.328170443984828,-1.7981984380007816,-0.6491718021174506,,
22,5.70457542909703,7.380651202353686,-1.6760757732567981,2.6758436744966367,0.08747314022888986,1.7088802142159767
23,5.51548467034122,7.30374344574847,-1.7882587754074848,1.6157402389250137,0.05081762733835791,1.9530166075136435
24,5.317534792485912,6.907967326504679,-1.590432534018646,3.0357575163008157,0.10404795074899413,1.6255381080639488
25,5.692846415220355,7.273568722536101,-1.5807223073159093,1.6186734977120167,0.06340796688629104,1.8563199517906452
26,5.103760934611909,6.589745753987092,-1.4859848193750622,1.4090729863548894,0.06240947554935047,1.8633753504624402
27,5.252613171070333,6.8889357123434145,-1.6363225412731026,1.1688482902657427,0.04470709277866859,2.007399962897765
28,5.393145814918352,7.072817092298106,-1.679671277379839,1.1787928221758008,0.042883600604887155,2.024841904706605
29,5.323378051928739,6.995638697369191,-1.6722606454402467,0.6197521167627542,0.023539418071770877,2.264564490242949
30,5.0230515751408795,6.8259729982961765,-1.8029214231553397,0.4737662782754555,0.01531110811992692,2.4249354681263844
31,5.2655049770005,7.008387438568246,-1.7428824615678877,1.4317667420252889,0.04777849545417853,1.9793332759371116
32,5.730993432694003,7.685266588638836,-1.9542731559447475,0.7033035870279143,0.018801823327345365,2.349437044536136
33,5.099048032729524,6.821939773506866,-1.7228917407774134,1.5630996842971925,0.05286249664571743,1.9360424942996581
34,5.3706320706593935,6.755158254212827,-1.3845261835535894,2.402947296656926,0.10560353802906702,1.618274108175824
35,5.492764643025975,7.110221685211005,-1.6174570421851513,1.882869434544432,0.06939239837945503,1.815856429836223
36,5.496842172799415,7.228300537744477,-1.7314583649451833,1.337075521335656,0.04543833370465152,2.000573852856544
37,5.393872308151867,7.095497354949391,-1.701625046797517,1.535743400347549,0.05322891464241253,1.9330591252258635
38,5.719077875791708,7.3343685327994415,-1.6152906570077903,1.752561684616893,0.06544518022660213,1.8422049256534485
39,5.545091282900284,7.314389960477289,-1.7692986775768986,1.170450641581784,0.03847576964763933,2.0697499165740902
40,5.576980109550686,7.085127943613589,-1.508147834062811,2.315726945842769,0.0913601046778874,1.6882663862676186
41,5.741862859479578,7.25156477192299,-1.509701912443461,1.9902866944765876,0.08097630511601124,1.7450492001338636
42,5.579679275564057,7.2017559781524945,-1.6220767025884015,1.337652251399465,0.051311261074287705,1.948867408788766
43,5.683677917722843,7.277788128630387,-1.5941102109075018,2.3930571253315307,0.08638477120686047,1.714784353618743
44,5.072389402997441,6.712764334514244,-1.640374931516817,1.9190683913148057,0.06889559486782652,1.8191038037663332
45,5.086777724044804,6.894362318099102,-1.8075845940545605,1.161406877711979,0.03657022084906552,2.0905299504813244
46,5.16374266530438,6.767110411080953,-1.6033677457764952,1.2122726171224762,0.04797552251190622,1.9775851798787498
47,5.1820441784177085,6.8018834196102596,-1.6198392411927216,1.2282456812578069,0.04764735500749907,1.9805001633550654
48,5.775230232032481,7.474770645295681,-1.6995404132633212,2.01445156933692,0.06765166003818265,1.8273200652621164
49,5.476210253476619,7.122440276231277,-1.6462300227544802,1.0738085523240457,0.0408916739247376,2.0446267121643897
50,5.7182400644544025,7.538760087120213,-1.8205200226657325,2.2124706676654213,0.06512168880320686,1.8444218266778318
51,5.059049667589715,6.57934181635996,-1.5202921487702952,1.4673303839874379,0.06221861354054268,1.8647346058816465
52,5.89418393070623,7.513632448687272,-1.6194485179810272,1.1545154076272794,0.04506913226336998,2.0040086646842634
53,5.137058447923845,6.704001288112725,-1.566942840188858,1.0758836141861572,0.04492035020340393,2.005399546096629
54,5.662938220901605,7.328529755887015,-1.665591534985424,1.425996537301831,0.05178981782503897,1.9448767176143729
55,5.874439120301485,7.499582630919544,-1.6251435106180452,1.840611205299954,0.06754191318606811,1.8280508981161587
56,5.403855989356497,7.118041373427101,-1.7141853840705608,1.7160632004751584,0.05797832637262203,1.89586176199426
57,5.624861493236221,7.043108605738208,-1.418247112501831,1.7103536764533622,0.07876908417574553,1.7578732152888747
58,5.528776329310357,7.374919973357759,-1.846143644047288,1.3925863197507162,0.04160403727025972,2.037459292831099
59,5.274838887156829,6.96463429896389,-1.6897954118071539,0.8384416437922972,0.030788544752502985,2.1597949759884316
60,5.349139100692536,7.018949976515895,-1.6698108758232593,1.4138310548457405,0.05115695663718077,1.9501607979285718
61,5.885290898325092,7.676621751749867,-1.791330853424597,1.010044784831102,0.03260813831243427,2.1368752651417533
62,5.503126757349673,7.182854425448394,-1.6797276680988489,0.8349362931279245,0.03104172642761038,2.1565374030469067
63,5.2246617896430045,7.020710410009524,-1.7960486203664914,1.1922223288598346,0.037982998761782245,2.075038154447278
64,5.425697429031015,7.1463843738471375,-1.7206869448159523,-0.03403969930858963,,
65,5.366044666235393,6.875517224903422,-1.5094725586679942,1.8117066684153436,0.07506294145132941,1.780079558361661
66,5.325933255012114,7.056052792344783,-1.7301195373327118,1.008282593990245,0.0349646380852246,2.108767698103834
67,5.599401779302706,6.923243056138194,-1.32384127683531,2.465372059577877,0.11383913780725549,1.5811701531247175
68,5.596155202322915,7.267772701228576,-1.6716174989053343,1.4844109261005585,0.05333168864385307,1.9322254226045064
69,4.89442401833362,6.6560452959835,-1.7616212776497377,0.947643711957312,0.03176248517560797,2.1473869944604975
70,5.183255556422136,6.702788034552295,-1.5195324781300314,1.548935742388597,0.0651993712125373,1.8438886384953121
71,5.4403480830989785,6.958479730914103,-1.518131647815153,1.2079555580618688,0.05269207320943139,1.937435970404186
72,4.99461420624284,6.583589169536108,-1.5889749632933672,1.3031098131236263,0.052012597354138664,1.9430294730195468
73,5.2379349866809655,6.873140889906846,-1.635205903225824,1.102779695068957,0.04244421533401092,2.0291382067561194
74,5.549257843804025,6.928262862200182,-1.3790050183961284,1.3183857025902483,0.06647543930125215,1.835204198494713
75,5.268854619569719,6.800882072436284,-1.5320274528667142,1.8430140160414368,0.0743808309431814,1.7842636682738766
76,5.235526036617056,6.864653151279445,-1.629127114662424,1.3703224071828153,0.05202031453697346,1.9429656023374133
77,5.0221628759106345,6.892586254140642,-1.8704233782300435,1.5161723222422907,0.0439008996525061,2.0150357854654297
78,5.48370776903921,7.078256641508862,-1.5945488724696588,0.8639633842291374,0.035537816151817045,2.102176516158946
79,5.317906785278819,7.1325530831128,-1.8146462978340878,0.5625552744900126,0.017888374681919977,2.367920594768709
80,5.849598743760634,7.502865789848986,-1.6532670460885583,1.508030936624742,0.05516746122034212,1.9175549960482938
81,5.426859276808681,6.827718859658422,-1.4008595828497619,0.8390786978681923,0.04384610800636981,2.0155590257919496
82,5.424143180673763,7.153579103414632,-1.729435922741004,2.2595425471055286,0.0724236614429573,1.7964456988150046
83,5.7262788900197386,7.564812858864453,-1.8385339688447857,1.6283932519399649,0.04853677203234594,1.9726384238437964
84,5.756968508945828,7.395349278491448,-1.6383807695456198,1.6845326921162744,0.06175064667138488,1.868081967172979
85,5.20614970230049,6.807134711105359,-1.6009850088048552,1.0174618162424807,0.041024415719956804,2.0432831591930714
86,5.178208224274567,6.818353261355941,-1.6401450370813109,1.9604005812134453,0.07016186588931188,1.8108642617613497
87,5.2504096003753595,6.931059672655419,-1.6806500722800592,0.870002338236155,0.032242131287902445,2.1413958256644343
88,5.619267012767931,7.207129733735737,-1.5878627209679053,1.6701269648191257,0.06463640664899248,1.8477645822730944
89,5.212478817208147,6.973534698807203,-1.761055881599077,1.3791071394996948,0.045253292013026795,2.002292408424289
90,4.738197558254296,6.550581420617792,-1.8123838623632764,-0.3442383468544499,,
91,5.0834638359373905,7.070611528126573,-1.9871476921891826,1.2356596281723995,0.03173144219001878,2.147777412814321
92,5.576084141377304,7.075808501829091,-1.4997243604520918,2.8807768004589143,0.10842283939599512,1.6053225484599907
93,5.884097685171081,7.616542906745213,-1.732445221574153,1.7888922476128002,0.05901749605899684,1.888062979449266
94,4.715213199029403,6.542861931011682,-1.8276487319822081,1.5048187818081828,0.045640627910756376,1.9987018021583614
95,5.31864765533869,7.103027873304985,-1.7843802179661452,1.7963667311262306,0.05615074210360089,1.9098638774355907
96,5.128149876755696,6.90897664609167,-1.7808267693362723,2.1082368799777207,0.06491110361772903,1.8458698620325678
97,5.061226692482887,7.036645492965118,-1.9754188004822026,0.7864137712085366,0.020505194033170943,2.3169731573443895
98,5.24210712792701,6.942286636870765,-1.70017950894362,0.5092897299549257,0.01876587352176413,2.35014947271986
99,5.561430375414556,7.243687276205851,-1.6822569007913444,0.970954208294657,0.035693882624359886,2.100397569784956
100,5.5955866207923,7.391058098576945,-1.795471477784531,1.4554618904331988,0.04581315812200358,1.9971107065870262
101,5.973663103177568,7.51903569852168,-1.5453725953441335,1.5156517482602574,0.06224940788057394,1.864515065728751
102,5.342804062350705,7.031063459415062,-1.6882593970642574,1.7197331292259577,0.0596784791816945,1.8831615415027485
103,5.767130894086403,7.399665773053261,-1.6325348789669079,2.337355824803346,0.08173348041542453,1.7407153833920936
104,5.806041333599023,7.310220613304029,-1.5041792797048856,1.564874893026463,0.06685641397786067,1.8326380614106892
105,5.444112720147313,7.129620183278821,-1.685507463131671,0.5822274915924446,0.021788011598357377,2.2940433017666475
106,5.4750666430015364,7.2965795479331526,-1.8215129049315237,0.08436075630146433,0.0026545670284644444,3.0051422108191326
107,5.968838448242149,7.608365426359857,-1.6395269781178285,2.538624834562544,0.08675730532528897,1.7127567206336565
108,5.461823303287655,7.126258040729805,-1.6644347374419795,1.8944949236649649,0.06650297076435041,1.835018348939026
109,4.817368533343096,6.7567818934910555,-1.9394133601479098,0.7369260765344983,0.02006242262656995,2.3251784039566656
110,4.9172880384912325,6.4522489820103495,-1.5349609435190814,1.2350407812758242,0.052712236013637434,1.9372709118873472
111,5.4474733551516685,6.869089351466773,-1.4216159963150403,1.5385307031340858,0.07204176217811935,1.7988541045022315
112,5.126004722061861,6.731171798847999,-1.6051670767860742,0.6388629880067818,0.026380747761441063,2.22056043983845
113,5.148663841878669,6.7690492470207495,-1.6203854051418602,2.6761287034532018,0.09204030013312298,1.684731945729559
114,5.267385542791043,6.815707366909987,-1.5483218241188297,1.0081469841507413,0.04328601960539348,2.020939583999967
115,5.405671819566759,6.840300244390296,-1.4346284248238135,1.7987559236278976,0.08061631797549369,1.747121192777114
116,5.036710844879462,6.629448413925456,-1.592737569045994,1.1366119159259078,0.04581872059314892,1.9970594928262975
117,5.8365062183565435,7.512837732290354,-1.6763315139337465,1.908389617420326,0.0661173227654206,1.8376274384637006
118,5.3411593998359415,7.124205158305717,-1.7830457584698252,1.1409689298774808,0.03697689822753373,2.0860190418704514
119,5.051460538352284,6.897543505860941,-1.846082967508437,0.7973124463803565,0.024283715729619862,2.2526105437568895
120,5.347234604568211,7.013929133224703,-1.6666945286565351,1.5266784849767738,0.054971399706065724,1.9191022111097795
121,5.579463110802589,7.236228349967224,-1.6567652391645424,1.7602315576697407,0.06292546975677323,1.8597177474585387
122,4.779481926836024,6.338083292787356,-1.5586013659515174,1.2135513660481294,0.0505255721040742,1.9554873747437689
123,5.256046434475774,7.065716425860455,-1.809669991384908,0.1379703738589697,0.004418140382296321,2.84665363892675
124,5.19413118759935,6.809943349409036,-1.615812161809572,1.1758349673657449,0.04601492181330673,1.9952564066924308
125,5.440326575981725,7.062182363245729,-1.6218557872639394,1.641836422474455,0.061453598449097264,1.87021765892915
126,5.759743669637327,7.549657727691919,-1.7899140580545918,0.9984664030894592,0.03230286117751867,2.1406427173805533
127,5.281005241697539,6.85387142463755,-1.5728661829398334,2.6471635494968595,0.09531639642854674,1.6679966266914799
128,5.35959269701284,6.929547985841811,-1.5699552888290782,1.521620373518381,0.06082544586367198,1.8747621979202418
129,5.409228086587927,7.070075205268335,-1.6608471186802944,1.2197593421449895,0.04520309623175023,2.0027596178128664
130,5.608076524414354,7.09045712561036,-1.4823806011957004,1.5967073786367578,0.06959299485970209,1.8145506333740644
131,5.451876140407375,7.215592685809799,-1.7637165454025308,1.0486441343609059,0.034898783101979386,2.109530884073218
132,5.862993956202853,7.249367376353359,-1.3863734201504485,1.4229293144239499,0.07022091137937062,1.8104830446561224
133,5.3880803232454575,7.030575431736299,-1.6424951084907207,1.536139271071665,0.05672744190324867,1.9054050298442224
134,5.973850972597074,7.6151653605796845,-1.6413143879826748,2.0952329242645114,0.07409024058530705,1.7860556961980543
135,5.394251692244961,6.997964913959262,-1.6037132217143153,0.3485757150145474,0.01470164274181975,2.4396464389592643
136,5.605797431284554,7.19046438819586,-1.5846669569114056,1.487344149450891,0.058697325820516705,1.890453561129962
137,5.035403361218368,6.9580884394872164,-1.9226850782688416,0.22692199921539213,0.006251314464937111,2.734299551103887
138,4.978382544530586,6.61934482428585,-1.6409622797550583,0.9234505194877407,0.035764585797985575,2.099593832308863
139,5.516527880997909,7.0808201669411694,-1.5642922859433384,1.380986055542241,0.056262315644614695,1.9089982637566034
140,5.759884437878508,7.533959886354719,-1.774075448475969,1.5853147297622598,0.05070196210297649,1.9539937012120592
141,5.267599298564573,6.923262644744749,-1.6556633461802903,1.0733105794223405,0.040429152923867374,2.049337205560012
142,5.273961142417146,7.179794244498279,-1.9058331020810328,0.42761079036036165,0.012107605823900766,2.5089924907353285
143,5.526526136853317,7.113586081165554,-1.5870599443121591,2.068453661621003,0.07734662608570554,1.7662934728279955
144,5.729485057649253,7.377031773252664,-1.6475467156035393,0.9654302728665627,0.036990425114990816,2.0858697276860725
145,5.01945167339677,6.7609254351048556,-1.741473761708221,0.8071861856774696,0.027888146665215507,2.1988562310955975
146,5.549081393493861,7.341923753629761,-1.7928423601356371,1.198881547921097,0.0383220673970913,2.0713931834674875
147,5.370642976251883,6.922672040033991,-1.5520290637819016,2.869661750207623,0.10321767802772529,1.6294505359846747
148,5.223780760977387,6.875501101396548,-1.6517203404191605,2.0490111145955616,0.07197871870769262,1.7992526861610378
149,5.289614645004985,7.081790269648511,-1.7921756246435052,0.5267512409528088,0.01724426831667428,2.3814577598480864
150,5.51946192632813,7.26448838341123,-1.7450264570832132,1.3018340975147211,0.04367020245286215,2.0172426000263677
151,5.4821826349554605,7.202963743588899,-1.720781108633446,1.6133906078764326,0.05450629562355342,1.9227910573907463
152,5.513050501259567,7.074150915541576,-1.5611004142822367,2.496696519686232,0.09211260199493101,1.6843574850994054
153,5.357002410248651,7.187912766721663,-1.8309103564731686,0.596422013509855,0.018572351901453725,2.3540051874322323
154,5.58099852865821,7.282408715938676,-1.701410187280544,1.5584386385909035,0.0539442817134797,1.9272837170126034
155,5.621640059150831,7.2382876929375435,-1.6166476337868971,0.9869301008733977,0.039159632097045316,2.0625055249180404
156,5.206016529048565,6.663648381484958,-1.457631852436407,2.191522899226783,0.09193172879034485,1.6852946947657481
157,5.758604743620662,7.353999143426105,-1.5953943998056275,2.0264347312661606,0.07542857127217556,1.77784952966764
158,4.7895642874265825,6.394775952073093,-1.6052116646462764,1.7019734895772203,0.06450259549139616,1.848689951494175
159,5.342494458674263,7.1525166452896904,-1.8100221866154698,0.03598980457864087,0.0011493200296320558,3.2511677983627028
160,5.274393789120904,6.932846656918382,-1.658452867797223,2.1329713035723934,0.07394151805509469,1.7869750694946447
161,5.08242021641281,6.652880985509736,-1.5704607690972807,1.57926593721756,0.06276584540483945,1.8608465801268643
162,5.308174003658632,7.090210045856974,-1.782036042198115,1.5502672312477266,0.04925894241259929,1.966343523959696
163,5.54420202929823,7.21230972836732,-1.668107699068969,1.1809920729468075,0.04352606035316508,2.0186264442737367
164,4.766177836701171,6.4331214133738435,-1.666943576672793,1.245312975830867,0.045750761508449096,1.997685552460847
165,5.802640905962061,7.496081844474073,-1.6934409385121398,2.026772597787719,0.06841937204697011,1.8222347626282307
166,5.149638236672171,7.070570733858059,-1.9209324971857313,1.0731558508653904,0.029772824423598923,2.173099565403103
167,5.38146062137157,7.206557260516103,-1.8250966391444763,0.30128213772178825,0.009465589578741131,2.5947639738370323
168,4.8987844303143895,6.71041007267382,-1.8116256423593313,1.140670341598689,0.03578340957513934,2.0993800763693087
169,5.420260510101524,7.094895072716856,-1.6746345626152106,0.47318500547012476,0.018050021406767133,2.3645904035171426
170,5.278194317704628,6.877884272938861,-1.5996899552342256,1.3772777055092504,0.05397945674223294,1.9270013897300067
171,5.625301621287189,7.29423813557209,-1.6689365142847237,0.9310222562434411,0.03485811325198382,2.110002816793568
172,5.281077353833506,7.055923596156614,-1.7748462423228375,0.5046251582558874,0.016897024160831543,2.388940814650683
173,5.030670740769619,6.955988296622454,-1.925317555852871,0.9125438750342241,0.025246001509730904,2.237617620214292
174,5.070272614421764,6.940823826893332,-1.8705512124715824,0.6463375733449652,0.019147973553609313,2.3426375669862547
175,5.049094059469507,6.923514029208956,-1.8744199697393924,0.6412826973487391,0.018908197356764543,2.347335954486243
176,5.861483569326946,7.307198207070474,-1.4457146377437766,1.4130716773001453,0.06539679248423065,1.8425359534286394
177,5.556289440527689,7.263909373190447,-1.7076199326629649,2.302558290086857,0.07513877980938842,1.7796162814994334
178,5.192361796829527,6.832061419512616,-1.6396996226828833,1.8977145926893009,0.06829288459803762,1.823069372712182
179,5.83138963707729,7.6850204256290375,-1.8536307885517544,1.1165082912756326,0.03341732650634086,2.127033179118502
180,5.601388106073227,7.1267709657733285,-1.5253828597001302,2.828688022734937,0.10457561192369617,1.6230645258149041
181,5.242921070524243,6.923981981238992,-1.6810609107146774,1.5736689699852882,0.05560779398498659,1.914096755800548
182,5.076915327503638,6.616194338400643,-1.539279010896962,1.2929773812597567,0.054611637371993045,1.921953274942552
183,5.274160449337568,7.00587053481382,-1.731710085476152,1.0537586406356887,0.0363853043681861,2.092595211785074
184,5.877941068909831,7.4576201132520445,-1.579679044342356,1.5855210164527094,0.062362540859332474,1.863709284468537
185,5.17174892963585,6.797859488599197,-1.6261105589635463,1.816244333256435,0.06671558161715686,1.8335852618218853
186,5.697149358432352,7.328458289315524,-1.6313089308830513,1.2912079978233173,0.04920341762910847,1.9668247549500293
187,5.47996445288636,7.2171995766998585,-1.7372351238134343,1.4060376308146054,0.047282763122887754,1.9837585486802898
188,5.25778989023247,7.006458153600615,-1.7486682633682449,1.3947165961766963,0.04635001671582636,1.99219180808578
189,5.237842706302853,6.775202787279664,-1.537360080976896,2.025044259943609,0.07987319045715284,1.7514223236600388
190,5.361322878456303,7.0476859605747,-1.686363082118305,1.7376282575987219,0.06034050065353387,1.8782973370652114
191,5.745862680156915,7.287827984351626,-1.5419653041947186,1.3424341490590983,0.05626369831932571,1.908987545611306
192,5.423083542970016,6.995496159605562,-1.5724126166353471,2.219040980142836,0.0830522927027081,1.7332440945708758
193,5.119346728454001,6.994855239713662,-1.8755085112597953,0.7348557654934709,0.021619965689728817,2.2969790357784334
194,5.521692854127831,7.2198243904530806,-1.6981315363252634,0.5285932204511496,0.019512581592305914,2.3355907413920765
195,5.312736292179988,7.0991959772133235,-1.7864596850333783,0.9592128444442238,0.031208123840612483,2.15440884121185
196,4.998781372413941,6.573344553491548,-1.5745631810775649,1.1101132522092598,0.045802886667978465,1.9972052897974062
197,5.251705675095263,6.783822419969585,-1.532116744874429,2.006412172621012,0.0796960427757361,1.7524524299708464
198,5.7442005081165455,7.449710657168961,-1.7055101490523157,0.9784528600522684,0.03498155578181075,2.1085718389784316
199,5.163226469695655,6.799959681009323,-1.63673321131364,1.6300296385299369,0.06011751454309313,1.8799307637749265
200,5.263237226599767,6.95487525027011,-1.6916380236702935,0.32588990205860213,0.012227620821164516,2.5055063339674515
201,5.943126206278247,7.557083415440875,-1.6139572091626633,1.6454194406432237,0.06208491639185061,1.8656888082474148
202,5.530623857258615,7.184565001116699,-1.6539411438582192,0.6934477342571448,0.02683730810491005,2.2138760294224893
203,5.46037146854469,7.189271025585935,-1.728899557041359,1.0171461435140685,0.03530561212776924,2.104835703168347
204,5.665087502810092,7.084990518027542,-1.4199030152174146,1.6216514114872673,0.07533275105615729,1.7784330960856192
205,5.459546105245135,7.112605597216184,-1.6530594919711348,1.2373810402936343,0.04620224531028268,1.99354093892485
206,5.373903639507898,7.184585191374868,-1.8106815518669919,1.5117904756894127,0.04667944618882495,1.9891971516536475
207,5.626172024161814,7.333101668797365,-1.7069296446354656,1.2162114504310324,0.04279507347404545,2.0257045176719783
208,5.08797113808755,7.055474852319495,-1.9675037142319525,0.04026129478359053,0.0010329580901216827,3.281392724858769
209,5.315520180573412,7.135950833953483,-1.8204306533800718,0.9182996687655702,0.028746318816623168,2.1869480201500338
210,5.330725619578242,6.811460218507815,-1.48073459892953,1.2483771811032334,0.05658242484260066,1.9065226889886384
211,4.868070823503285,6.578687643335247,-1.710616819832012,1.9382190353398805,0.06472245091731915,1.847170379116679
212,5.576285199251696,7.0034223472330375,-1.4271371479815116,2.1641883318135235,0.09379859554796717,1.6756917045011284
213,4.983542380858307,6.469544421818473,-1.4860020409603294,1.2480927701420477,0.056234492894736275,1.9092139853100951
214,6.005020116007426,7.6967547842897055,-1.6917346682821517,0.4290020551052507,0.016033875578653475,2.408143539389873
215,5.366687953633072,7.057654033751977,-1.6909660801190967,1.0811019132471564,0.0390706994662882,2.063441510644301
216,4.9501988939081905,6.673584580886324,-1.7233856869781903,1.509431530456105,0.05119749436401242,1.949820692259969
217,5.44920756899246,7.142862838602962,-1.6936552696106446,1.4507868995171123,0.05101401112183691,1.9513618937989352
218,4.824498777127882,6.427698809303077,-1.6032000321754367,1.2254241332631963,0.04845249906312104,1.9733781153875307
219,5.750580510150666,7.386517371936453,-1.6359368617859218,1.6809652847306005,0.06179567533202975,1.8677589666419017
220,5.542650262645065,7.408769166969247,-1.8661189043241393,1.066607318050039,0.03151768013425702,2.150474763207057
221,5.4141919544062596,7.0310019097625265,-1.6168099553563025,1.4090918723992942,0.054052769506325656,1.9264134486247044
222,5.928528006993428,7.580576657417769,-1.6520486504243763,1.888349787799541,0.06715875234678746,1.8306101509759443
223,5.990052711079169,7.557716562495923,-1.5676638514164551,1.9101986477955322,0.07387386719531285,1.7873937740191743
224,5.239335808612122,6.894017668565983,-1.6546818599538256,1.5356741602816086,0.05597536464595253,1.9112273962688027
225,5.711819399466048,7.416911408481337,-1.7050920090152886,0.7375991644007698,0.026728842979214386,2.215455099552372
226,5.236267341477696,6.869522993665452,-1.6332556521876995,1.593207789978699,0.059150634363213744,1.8870720579813567
227,5.5780509825160145,7.267275451982268,-1.6892244694661258,1.7456354743765452,0.060403668216041526,1.8778355291615316
228,5.1329889994592115,6.769771577930829,-1.6367825784716388,0.8661135810984284,0.0338480012815412,2.1218777984038995
229,5.03961004907951,6.8833507879559725,-1.8437407388764768,1.2066100856129793,0.03640774293552333,2.0923441278620816
230,5.405832978674606,7.135494740095542,-1.7296617614210845,0.5081668547409208,0.01802868407791551,2.3650284877656604
231,5.505415054893046,7.07901661379751,-1.573601558904329,2.0679107703546507,0.07836733554767049,1.7602387430314592
232,5.903005463507906,7.399597878024121,-1.4965924145162717,1.6450003234700112,0.07026631058899843,1.8101901112491998
233,5.734016550344858,7.420437783720896,-1.6864212333762225,1.9057294594538376,0.06536631313860872,1.8427445708756465
234,5.230645200675507,6.939513497076515,-1.7088682964008512,0.9627159715124911,0.034313684823647835,2.1163660777179025
235,5.797242105201075,7.342365428268149,-1.5451233230669459,2.467618176270868,0.09265488593012984,1.6815564269326242
236,5.412658559391911,7.081274159306883,-1.6686155999150287,1.9304270430333794,0.06729266144640002,1.8297143668709044
237,5.2729089806513905,6.9234984201595005,-1.6505894395081668,0.6811385010596638,0.02649126133976341,2.218933318930583
238,5.13011293481345,6.57896330227646,-1.4488503674631374,1.6589948079632677,0.07441946300611323,1.7840258610894755
239,6.008603230887683,7.527930321467348,-1.5193270905797363,2.131397821115165,0.08470283277986351,1.7240277549898695
240,5.965065184332115,7.375047203870263,-1.4099820195381199,1.9000471062866389,0.0863222560375801,1.7151253035410376
241,5.32258092648085,7.022769230402236,-1.7001883039213226,1.198795036305313,0.04255168790813444,2.0280838793836162
242,5.311557872426601,7.097955916923464,-1.7863980444965364,0.8116207550016981,0.02655413624683126,2.2180102103659727
243,5.2831044404174,6.9446662715843495,-1.6615618311670914,0.28596844724736314,0.011189698908580119,2.5367181905575826
244,5.531241848543186,7.256433806456986,-1.7251919579139212,1.0155143091874415,0.03540501832338974,2.103695487784194
245,4.790199492852889,6.669169595888764,-1.8789701030357264,0.984693330287385,0.028727047466092424,2.187212052187166
246,5.529604608597946,7.354042612295199,-1.8244380036974235,1.1947709495606063,0.03685971326694039,2.0873145182795523
247,5.424924127026497,7.129130633423262,-1.7042065063967584,0.6173870969573727,0.022526404821566395,2.2813726535466494
248,5.707492264805477,7.351477406668135,-1.6439851418626859,1.5091686020960537,0.05575937320185993,1.912911577310744
249,5.470954783605475,7.03454709634585,-1.5635923127404112,1.153921592639179,0.04802929336910018,1.97710915321628
250,5.592149149886108,7.198560508557197,-1.6064113586710391,1.7349225402634758,0.06548475648524674,1.8419343285503558
251,5.52759770460052,7.4442251220911935,-1.9166274174904174,0.8407143671499853,0.023515070649579868,2.2649610364183315
252,4.75239644734479,6.693064524369955,-1.940668077025066,0.5089955208547288,0.01380579187928179,2.4622772002174442
253,5.699683729043908,7.467677773003555,-1.7679940439597885,2.1178321163072873,0.06599602426567146,1.8384506716662543
254,5.598857814162965,7.062309673030793,-1.463451858867984,2.0831351467581634,0.08789617678554679,1.7066013354932916
255,5.208438549744368,6.941129618818405,-1.7326910690737805,1.6392187470238184,0.05459460839940976,1.9220886148937186
256,5.721137754110213,7.327431989922669,-1.6062942358123564,1.5751426506566126,0.060274227140809,1.8787822830668062
257,5.53131515696732,7.2241081775330365,-1.692793020565432,1.0247173776191474,0.037083981459335995,2.084838293272617
258,5.559139738445719,7.225203002402235,-1.6660632639564028,1.5140868693187208,0.05460588430490925,1.9219989942459186
259,5.884761150638223,7.375850096967557,-1.4910889463292278,1.879035303280702,0.07878799176225929,1.7577621280221283
260,5.735487011995428,7.276489471642687,-1.5410024596471885,1.8486286300416488,0.07388500530948323,1.7873248164819227
261,5.46142860341315,7.179383472417879,-1.7179548690046431,1.227691529020575,0.042635081916077996,2.027267318159904
262,4.980076996490833,6.7572784506742956,-1.7772014541835688,0.4027201530083424,0.013469268458083775,2.471114500983865
263,5.710157620904237,7.326801824155407,-1.616644203251326,1.1288598914524712,0.04429919632378679,2.0112486792116866
264,5.482783469534478,7.13015687430082,-1.6473734047663129,1.7734920348980445,0.06395266171012164,1.8525097296932518
265,5.3610087342567105,7.028789355005731,-1.667780620748772,1.059583208496253,0.03939144945668418,2.060074183755329
266,5.775194303809894,7.1540046534568695,-1.378810349646983,2.109491218794485,0.09646259635526334,1.6622503101072494
267,5.4000480326009885,6.967905350724724,-1.5678573181237425,0.4502396034014673,0.019782143439257223,2.3304544757446366
268,5.300259574191568,6.676733099278682,-1.3764735250870217,0.977029189425167,0.05166044695169584,1.9459524892402964
269,5.440266001932013,7.108612542384396,-1.6683465404523758,1.0478395219232155,0.0389598658521625,2.0646105328785107
270,5.725389640303273,7.267705671305077,-1.542316031001974,1.529523318564916,0.06294304709485966,1.8595935886554182
271,5.510325943285306,7.185837912799567,-1.6755119695142184,1.6889224319991314,0.05952871903501464,1.884268107701654
272,5.303852705837198,7.076390828684811,-1.772538122847891,1.4559434242463176,0.04698006300045661,1.9864798956026772
273,5.839597248611607,7.324671324660802,-1.4850740760493863,2.4716441546098515,0.0981258644423482,1.6540081122754975
274,6.0799083490468995,7.689338379560279,-1.609430030513522,2.2744720657603708,0.08174161250202899,1.7406690152067033
275,5.622503840645276,7.346369040575684,-1.72386519993006,0.9731086595349154,0.03405711121305411,2.119394855546399
276,5.337053518349602,6.911609708294332,-1.5745561899445875,0.5952793304628834,0.025640625219248255,2.231611888500313
277,5.327146476403822,6.731919658094622,-1.4047731816908708,1.6405588617003133,0.0772717967493682,1.766739906995398
278,5.380864278658645,6.961027612554144,-1.5801633338953707,1.212620939846591,0.049268941637429065,1.9662569094633517
279,5.6417752446495335,7.314214464360003,-1.6724392197104407,0.8136808369047692,0.030558791226956414,2.1627710767818766
280,5.325899215981689,7.191322977631113,-1.865423761649481,1.173371088301451,0.03458910641067475,2.113136266168872
281,5.097372937830368,6.8586753821077515,-1.7613024442773622,1.3832913420198203,0.045367757449013675,2.0012286254232303
282,5.064370717023575,6.720426600376992,-1.6560558833534742,1.0798660026303573,0.04063892415677693,2.0471951835776556
283,5.544051601596674,7.246219507271743,-1.702167905674969,2.103612964537497,0.07000994634008886,1.8118463158151015
284,5.65639977138785,7.220926799470011,-1.5645270280822388,1.8799628237070252,0.07313915898407772,1.7919613400537286
285,5.2538968177775125,6.9216578995211755,-1.6677610817437198,2.4598910827654166,0.08239122818014041,1.7369770142113838
286,5.225433765201796,6.842981492804842,-1.6175477276028687,0.6653397887289394,0.02699836300557121,2.211541476263721
287,5.493937208600027,7.150639439806685,-1.6567022312067365,1.66665412187076,0.06001527418685799,1.8806813790441137
288,5.570048671299173,7.318064777733344,-1.7480161064340791,1.223482044916473,0.04108447050639505,2.0426765214155367
289,5.1104643225784905,6.831946302812906,-1.7214819802345573,2.121747230938965,0.0691946884802538,1.8171464727395572
290,5.155839730693014,6.9310911981802725,-1.7752514674871236,1.5584417477624655,0.049855847586792144,1.9611987075545194
291,5.853378871682889,7.650692277065236,-1.7973134053822832,1.1047221386483486,0.03527971523011682,2.1051331972370226
292,5.376552255204114,7.243377609348823,-1.866825354144794,0.8580101635266182,0.025459593152124115,2.2343569919455026
293,5.507447899041107,7.024281465303975,-1.5168335662629033,2.0009151250564123,0.08074440192879132,1.7463831153130294
294,5.433865085527213,7.110554439872875,-1.6766893543456263,0.8082454464593134,0.03020794829680381,2.1673529975472117
295,5.271503672402513,6.893651389338583,-1.6221477169360696,0.35268489344689513,0.014507529486927488,2.444444761786868
296,5.427669274993104,7.340444910995924,-1.9127756360028343,0.3325639611758504,0.009313747357596689,2.6003177602311824
297,5.261424028323017,6.836376583533667,-1.574952555210757,1.7527988873472786,0.06825178039069416,1.823340866778664
298,4.882898610896927,6.6746617297434305,-1.7917631188463474,0.8323616068699842,0.027038039314856207,2.210968198963646
299,5.287818845307992,6.970584225211002,-1.6827653799032305,1.281421598383563,0.04613360697475721,1.994168832799171
300,5.243624371603527,6.902515066160891,-1.6588906945573854,0.7212760679501251,0.027696431475456088,2.20155961216442
301,4.769462418148304,6.724483968917038,-1.9550215507686062,-0.3554317029488061,,
302,5.135721107556446,7.017485253428429,-1.8817641458720118,1.374228427896007,0.03951494649224898,2.058783880889332
303,5.110173326334415,6.803354125088237,-1.6931807987537013,1.7369870946524841,0.05989507521482916,1.881565197922683
304,5.283897863743913,6.96734042731924,-1.6834425635752268,1.1309626591693949,0.041096690072141624,2.0425531786143734
305,5.185666061862957,6.980475229009638,-1.7948091671469228,0.6314536655131917,0.020556686977266075,2.316028970032647
306,5.462253527834445,6.960950104915025,-1.4986965770806364,1.7313099829464171,0.0731343845539685,1.7919911444347514
307,5.4093307235102195,7.041310151930492,-1.631979428420209,1.6708436369852961,0.06172965884353224,1.8682325841136918
308,5.512553826988732,7.106844924102912,-1.5942910971143647,2.006037923113116,0.07488480393612369,1.781169259439824
309,5.799181919323427,7.535565602725068,-1.7363836834017548,1.0002814176449526,0.034448361100577474,2.114784000727656
310,5.705802307766088,7.453492353333086,-1.7476900455671966,0.983328408330955,0.03344726756644322,2.1266729378181477
311,5.596822341765073,7.348276851676832,-1.7514545099118095,1.8078530364115295,0.058415809096704796,1.8925644954444198
312,5.432139400601226,6.991828845668504,-1.5596894450670789,1.536562109705116,0.06202021223476473,1.8661512152803341
313,5.169361285709282,6.805321999318746,-1.6359607136093928,0.9814607675198097,0.03807994359659493,2.0739931870763617
314,5.47911977992926,7.185263819916347,-1.7061440399870662,1.4254186164878355,0.04952944462368814,1.9640055816079764
315,5.831721644894923,7.524034231899666,-1.6923125870046078,1.3939947654773697,0.04927959796908254,1.966164619262136
316,5.512675446125694,7.13220490425687,-1.6195294581311828,1.9936096740247464,0.07264323467990928,1.7950656884870424
317,4.664258175876466,6.572723735323411,-1.9084655594467677,1.5169576254978914,0.04216896632651975,2.03184878831475
318,5.68921128639381,7.364718309045234,-1.6755070226513453,1.458911233934728,0.05229131595450489,1.9407276893152812
319,4.8047170096226175,6.558233568067269,-1.753516558444744,0.24985019871906644,0.008640177487181308,2.6259725895012016
320,5.307690662970753,6.88496678974688,-1.577276126776269,0.62462288869499,0.02674992512987973,2.2151477461366547
321,5.39485779837214,6.908963451954623,-1.5141056535826465,1.5121264263469065,0.06426033529877088,1.8503693371853696
322,5.66841777614577,7.192324463712627,-1.5239066875669778,1.4852630607911372,0.06262015018371395,1.8618789825948299
323,5.219927435414956,6.893610493144937,-1.6736830577299315,0.6579424785153449,0.024893826393388534,2.243046340170442
324,5.532985383565073,7.234752298824848,-1.7017669152596682,1.1308823484445938,0.04023967727410028,2.0512801000662497
325,5.413294915891083,6.996469533923143,-1.5831746180319897,2.2172183758471995,0.08213664206052101,1.7384210965614506
326,5.294072916304184,7.019271293510908,-1.7251983772066524,1.7783227761447478,0.059150562179764866,1.8870725947263534
327,5.723541233518244,7.252518935844929,-1.5289777023265287,1.4928180120753716,0.06254672141408031,1.862400054962776
328,5.447761461274876,6.964180375426277,-1.5164189141514726,1.2877889079371592,0.05583512869790203,1.9123202603789982
329,6.050522923763946,7.755720831698863,-1.7051979079349167,1.4584042305415572,0.05061700325953671,1.9547125897665352
330,5.572247237019564,7.07754496994475,-1.5052977329251007,2.289693913799425,0.09081273900172081,1.6911260074194396
331,5.687892338458095,7.331268160163855,-1.6433758217058312,0.6304395149097601,0.024819514295935513,2.2442003381893616
332,5.545685479938765,7.117529799872724,-1.5718443199341436,1.0769023897347552,0.04470288706207692,2.0074394946035974
333,4.855668157407035,6.662164875743802,-1.8064967183368026,0.7885947173499979,0.025200052981053673,2.2383221761532437
334,4.885491972229783,6.769819687432513,-1.8843277152025166,1.922512770052677,0.053918335132400526,1.9274920719898139
335,5.136153734253821,6.849069067580661,-1.7129153333269187,0.3492164622140308,0.012726905100652861,2.491321075689139
336,5.080710409724542,6.7954005952221515,-1.7146901854976022,0.22479828860621254,0.00819781108493876,2.6438122629963154
337,5.112976670774014,6.853135499623928,-1.7401588288500989,1.5683298149771439,0.05205442579512108,1.942683377986859
338,5.647108018245444,7.20065783401655,-1.5535498157710208,1.7110046592134474,0.06838957438241827,1.8224312641497635
339,5.841618172876405,7.479230667943586,-1.63761249506706,1.935482075131958,0.06958691631967139,1.8145901566100724
340,5.639839580595616,7.326434996330615,-1.6865954157349279,1.2598167783141747,0.04522769072700706,2.0025306439745054
341,5.573823141531829,7.368000814535858,-1.794177673004242,2.218860609414808,0.06697700400990288,1.8318283101300343
342,5.282838241534545,6.857298598610772,-1.5744603570760773,1.3040281405845846,0.05289639649178866,1.9357657582367016
343,5.08064383885262,6.614560738098813,-1.533916899246151,0.6067013529396128,0.02750264959895786,2.204308585090551
344,5.200737012965373,6.983764687591002,-1.7830276746256004,2.255541388507485,0.06866835272122145,1.82059559638829
345,5.550007482798673,7.355969335977196,-1.8059618531785873,0.8232940756181115,0.026298519338771975,2.2217749365944006
346,5.0713838615951765,6.741302743404564,-1.6699188818092807,0.7313088912140415,0.027684739073129978,2.2017250085676867
347,4.920754128618636,6.555550040427587,-1.634795911808851,0.8710575475174949,0.034111073053919916,2.1187562359133354
348,5.606540521771375,7.28145647095614,-1.6749159491846513,1.5947820534238488,0.05663676650030885,1.9061035941079079
349,5.977082896395313,7.612793117635977,-1.6357102212405152,1.872075053582833,0.0677843233818456,1.8264379264930442
350,5.648405082714543,7.165888604031029,-1.5174835213165352,0.7107632165972113,0.03258307577524578,2.137183423171912
351,4.637251270102251,6.311902846317384,-1.6746515762149556,1.2445348393964686,0.0453297726111389,2.00158138594293
352,5.734357228549424,7.421119319418661,-1.6867620908690242,1.1828796138685362,0.04267512405973044,2.026875721141613
353,5.3774879725435305,6.9577173431105415,-1.58022937056694,1.7883082364755012,0.06903416614867713,1.8181960982978735
354,5.408413171157871,7.13608936310499,-1.7276761919470118,1.448769008504641,0.04910089589608584,1.9677145053397564
355,5.7138464260835455,7.220885980066928,-1.5070395539835317,2.2752655438141325,0.09021849110950059,1.6942462947143588
356,5.688075486590559,7.139527885094207,-1.451452398503534,0.39406120955603896,0.020338786584438738,2.3200386505295323
357,5.45130258752847,7.089702209231273,-1.6383996217027743,1.7095386732301954,0.06254095703759224,1.8624409821038768
358,5.846586560717878,7.513794756854015,-1.6672081961362437,1.056940504513502,0.03932634730033657,2.060755757113328
359,5.037310692263144,6.583832959385635,-1.5465222671223273,1.407251775851794,0.05832290033011799,1.893263020154906
360,5.576847814567326,7.142364894630592,-1.5655170800635005,1.8850646185342192,0.07322943189236157,1.7913981107473063
361,5.6301810817376,7.121892433904005,-1.491711352166476,2.199468022958154,0.08918771539367576,1.6996981612680064
362,5.470938022468953,7.110148744632465,-1.6392107221633978,1.7156922792228428,0.0626821126670481,1.8614396713481387
363,5.222070090275519,7.00897559839493,-1.7869055081193892,0.26143791832991425,0.008642644749656352,2.6258754023034165
364,5.004926571787745,6.711098282117437,-1.7061717103299543,0.871987565474619,0.03133664026594302,2.152771509831983
365,5.101890312989735,6.644630809217649,-1.5427404962281344,1.9429896310225594,0.07682413007398967,1.7694180831727062
366,5.188293273525414,6.824705552237699,-1.6364122787119868,0.5676120493617347,0.0226313519878077,2.2796011956536417
367,5.712431008214207,7.333388651243364,-1.6209576430292145,1.7044343495998184,0.06352760512870083,1.855480753614717
368,5.4360661057555255,7.174675267504792,-1.7386091617493094,0.9187069121943523,0.031685552939470354,2.1483551485574353
369,5.787145910369144,7.304926948861482,-1.5177810384923305,0.48981512569539376,0.022915087275049175,2.2748473729735426
370,4.949208131368277,6.619893692374955,-1.670685561006394,1.132199450921103,0.0417446926286522,2.0360563953814808
371,5.737632540108006,7.491692795509696,-1.754060255401555,0.6383266723422096,0.02186029960187584,2.2927865003483427
372,5.280554255787546,6.880045419987869,-1.599491164200117,1.3089404010720962,0.05160962611976957,1.946375701996858
373,5.382405315602181,7.002212781812791,-1.6198074662104318,1.9239094862787312,0.07049352400213708,1.8087263707350474
374,5.876452441782202,7.512773602428094,-1.6363211606458208,1.9563446038023073,0.07030964833550873,1.809910624044837
375,5.215194376259159,7.058337044637984,-1.8431426683787322,1.232991573618854,0.0371922373139942,2.083647562019458
376,5.6394183824392705,7.1093914509867595,-1.4699730685474606,0.7020961082309718,0.03420120107172474,2.1176915251349606
377,5.168927442760104,6.8271107474981,-1.6581833047380314,1.3112468683192233,0.048417710544125483,1.9736837807635894
378,5.180493386179659,6.961489949752998,-1.7809965635733533,0.22211694101153157,0.007401746066483247,2.6782069929733585
379,5.120618587852686,6.591108059381835,-1.470489471529163,2.3766972443724335,0.09658718743638446,1.6616289877467108
380,5.553917135461642,7.186555429641739,-1.6326382941801967,1.9282531114359287,0.06971714134832557,1.8137440407007397
381,5.71427930086379,7.4956359628262454,-1.7813566619627181,1.2419608282584775,0.040133119774648084,2.0523761579369646
382,5.39276008390625,6.987358914056468,-1.594598830150062,1.9064060305696167,0.07176552812821198,1.8006026694735715
383,5.910488805892282,7.655018845210737,-1.744530039318306,0.817291341726321,0.028120493774803457,2.195601290863919
384,4.944682880356549,6.556856407497609,-1.612173527141067,0.6708231581501778,0.027394807581648268,2.205845666781264
385,4.877606513038426,6.600682388656342,-1.7230758756179512,1.1475677831065845,0.03981041313470944,2.0557106668877116
386,5.58886428049227,7.174584014126101,-1.5857197336338231,2.15240792554129,0.0799961903921056,1.7507081758985714
387,5.569481885305276,7.167137306522395,-1.5976554212172687,0.7839829625662986,0.03232761726031665,2.1403360664748763
388,5.173997702310043,6.996955644596444,-1.8229579422863935,1.9058972314856284,0.05692372627449858,1.9038960299249321
389,5.165441012602923,6.947081168300219,-1.7816401556974597,1.0622874779677787,0.03460553938414074,2.1129442555239453
390,5.314615266683585,6.967390763916111,-1.6527754972325965,2.4357149292794453,0.08289563227910342,1.734126546431753
391,5.46496056002179,7.069344419179682,-1.604383859157906,1.1630301744058045,0.04616000139692517,1.9939272872935025
392,5.447565034025683,7.050852542601508,-1.6032875085759315,1.7762298527444536,0.0670242927345462,1.8315110981735858
393,5.2937336378958655,6.976675948656766,-1.6829423107608363,2.173739444186726,0.07334085662994373,1.7907036939592398
394,5.05258577786385,6.817482885087021,-1.7648971072233053,1.2705456793105157,0.04175909755624345,2.035912946537741
395,5.508013888532286,7.11584041483783,-1.6078265263054163,1.3206839673582778,0.05154046396487043,1.9469522135702535
396,5.402631859232496,7.108708785215573,-1.7060769259830977,1.122061283135448,0.039750423379294436,2.056333063830284
397,5.678398346254152,7.432505191918342,-1.7541068456644098,1.8338251571615665,0.05899733303184741,1.8882132105336586
398,5.755592920093886,7.39646058789312,-1.6408676677992844,1.8550110358725007,0.0669059098816992,1.8323055554716987
399,5.357333602899825,7.093971699901356,-1.7366380970017872,0.9150209166057905,0.031638092806583,2.1489534166463837
400,5.1467088208320995,6.864491500905704,-1.7177826800736966,0.696996492354959,0.02491310335989699,2.242747474101317
401,6.157134086828091,7.698490528782106,-1.5413564419541217,1.7803523357020303,0.07159692473337995,1.8016726426457608
402,5.43923640220164,7.112482316096848,-1.6732459138950162,0.7259128486261588,0.027376232475273373,2.2061109462324304
403,4.934352173026991,6.6973864763882425,-1.7630343033613372,1.2590396829796333,0.04149236143818897,2.038576011028048
404,5.096761004928521,6.503283356342873,-1.4065223514141962,1.6241784114590772,0.07650849084312812,1.7713140589986454
405,5.399243933644993,7.141025788098734,-1.7417818544538477,1.5521434306033406,0.05147958459960822,1.9474602187450836
406,5.527669942438887,7.287704707779856,-1.7600347653408335,1.2381390384310151,0.040986232468238806,2.0436692551070017
407,6.020124040617201,7.579520016114035,-1.5593959754969546,1.3478240712313116,0.05537804426946098,1.9158982816219046
408,5.263481111272494,6.9397201512562425,-1.676239039983784,1.6359653418538365,0.057843141325663934,1.8968848201648199
409,5.586231196735479,7.05746797751387,-1.471236780778554,0.8603106753354517,0.04112861690664918,2.042231059632451
410,5.634243448159804,7.247099174272858,-1.6128557261129117,1.2564812214641847,0.0490169338333036,1.9684443448521212
411,5.318772867658208,7.166672739365371,-1.8478998717071136,0.28106191056850705,0.008565302469267065,2.6289338333566206
412,5.950125709871781,7.648160943318839,-1.6980352334469444,1.7603699327355216,0.06029601914322719,1.878622774762263
413,5.993586935893017,7.529808598024342,-1.536221662131311,0.6125787685971353,0.027672715616772224,2.201895150774803
414,5.72983568801801,7.2703857630646915,-1.5405500750466672,1.1043070203322678,0.04742039862640367,1.9825260156135212
415,5.493124436780317,7.126411553509552,-1.633287116729207,1.6478833805885564,0.060910340020767804,1.8741457428591555
416,5.1207988794073565,6.641707005951364,-1.5209081265436453,1.3872397814794653,0.0592543867310951,1.8863011327246089
417,6.02785301981903,7.730836942175618,-1.7029839223566796,1.529605621878467,0.05296106715038319,1.9352382402753647
418,5.442134853641573,7.117226502103517,-1.6750916484618301,2.079016555234208,0.07119517532795834,1.8042305287963698
419,5.359282967146054,7.171222949437382,-1.8119399822915057,1.7678958741192048,0.05379761533778382,1.9284625722167308
420,5.627979151136923,7.438961956080295,-1.8109828049432508,1.8972396302457248,0.0573843721283612,1.9003715926980596
421,5.009329260754566,6.77017162245016,-1.7608423616954951,1.41985396708451,0.04649503057892067,1.9908713691112654
422,5.753378624698097,7.384240037692937,-1.6308614129948182,1.9208975908734196,0.06961794420012796,1.8143884401142518
423,5.112436289492916,6.735065649144527,-1.6226293596514552,1.4222712096821688,0.05415357788871876,1.9256060886740254
424,5.084274314529193,6.723491513853904,-1.6392171993247757,0.7775497905485906,0.03048087824076604,2.1637846826616713
425,5.5637738309869285,7.229915822683534,-1.666141991696577,0.8411375624447999,0.03177865721042383,2.147183733216497
426,5.347390556266827,7.027432912478201,-1.6800423562112883,1.0514495039044327,0.038556331025807015,2.0688908434675635
427,4.854063176199315,6.678850186096039,-1.8247870098969088,0.7147445015069493,0.022379035281816118,2.283872329249869
428,5.019223813659618,6.72378903675278,-1.7045652230929136,0.30111331655783147,0.01111220211034867,2.539150464699259
429,5.659829771337581,7.215724339508963,-1.555894568171425,2.010786085400664,0.0779630882863167,1.7626289666107393
430,5.76318231869136,7.235675299835076,-1.4724929811436596,1.4785029071274849,0.06596460936710709,1.8386640827379146
431,5.452948198407238,7.15806590018077,-1.7051177017735881,1.7695156167086132,0.06012794394419533,1.8798542540297067
432,5.783895087708924,7.524944361886956,-1.7410492741778398,1.3002469182154321,0.0438142501512104,2.0158635106262395
433,5.5461161777263435,7.085805495099944,-1.5396893173735862,1.302726949514149,0.05494674598748548,1.9192970908678069
434,5.338409321112248,6.913327557023347,-1.5749182359111273,1.6690101711526957,0.06548531400646233,1.841930517540696
435,5.51639047384192,7.150153482208541,-1.6337630083664862,1.2913874682249578,0.04907473184971226,1.9679418236723838
436,5.82589054419368,7.406955401438029,-1.5810648572442005,2.0530102283690397,0.07733265789565469,1.766376780766706
437,6.372758717774513,8.073868095742792,-1.7011093779683506,1.7971920201948635,0.061202454081822816,1.87202999355041
438,5.76036228911148,7.34949545727542,-1.5891331681641532,1.1877895426793508,0.04787224173520382,1.978500770663928
439,5.454163640081742,7.169580314093071,-1.7154166740115215,0.9842723049784112,0.034770611934035134,2.1110197777732935
440,5.384472087351423,6.9374666231561655,-1.5529945358046007,0.8944512097502475,0.03858752673431467,2.0685585950757983
441,5.762475887712252,7.49953762181055,-1.7370617340984609,0.9670195102355876,0.03333291675849011,2.12805025903608
442,5.425373687195087,7.0233529605624945,-1.5979792733674003,0.7338311809315101,0.03036358278442979,2.165314838471364
443,5.289568595344189,6.935528240887013,-1.6459596455429164,1.5716261188877247,0.05766315001262867,1.8982500537646612
444,5.484807133637968,7.1260402281790824,-1.6412330945413487,1.1801472948779903,0.04484910423418451,2.0060669613922766
445,5.42000405883682,7.1664358140978415,-1.7464317552610282,1.0845019559465676,0.03675498583738463,2.088475248692475
446,6.528176227116045,8.14206442017171,-1.6138881930555726,2.019930957274216,0.07385464176904658,1.787512821175295
447,5.56393852863739,7.403058376275059,-1.8391198476376758,1.26273678978297,0.03821744015540896,2.072514985915139
448,5.910849596646994,7.477233764986405,-1.5663841683394821,1.7953191238077828,0.07025757600941794,1.8102464580961062
449,5.539715613814632,7.340539986481165,-1.8008243726665114,2.14057119672281,0.06449769795316967,1.848723850396411
450,5.4995045952716275,7.22092125282067,-1.7214166575490708,1.9468268634584263,0.06426742539692182,1.8503201133316562
451,5.142961758238652,6.968307919372631,-1.8253461611338935,0.6557444302572151,0.020541879039327478,2.316300280556447
452,5.475934607787803,7.180482265118048,-1.704547657330295,0.7769240166600504,0.028116452233755945,2.195657710196193
453,5.437290013533765,7.017975730015845,-1.580685716482094,1.5658120613055466,0.061629423445539545,1.868952498099575
454,4.817985776156046,6.403425632984014,-1.5854398568278611,1.691535322838856,0.06550766520186559,1.841777755031917
455,5.158822661915064,6.907658343070555,-1.7488356811554695,1.9725110989523493,0.0632356067272989,1.8575312691821038
456,5.058497865365052,6.877521359581909,-1.8190234942169354,0.24146904412294035,0.007644808089061603,2.6673672622188156
457,5.444724193972387,7.239698272247924,-1.7949740782753452,0.8457474369411031,0.027354669247175386,2.206419095243852
458,5.5463715519264944,7.196614685454119,-1.6502431335275105,1.1197969189859727,0.04230548307110924,2.0305025417378277
459,5.617361960589459,7.206216603219378,-1.58885464262994,1.739074393380708,0.06682770953214519,1.8328309863659147
460,5.432314693174657,7.058229795476787,-1.6259151023020877,1.2054640466255755,0.04652620427136624,1.9905879665977817
461,5.425692885539728,7.213550517355959,-1.7878576318162231,2.307367567631495,0.06969559234057054,1.8138839622269478
462,5.779358541220017,7.257188080390616,-1.4778295391706706,1.583958374051793,0.06946819423965463,1.8153626676373822
463,5.321465733757076,7.037575694909851,-1.7161099611528243,1.359203019212167,0.04691561558370305,1.9870611971056589
464,5.329936322192406,7.058099037989788,-1.7281627157974526,1.8946960610425307,0.062341839731985156,1.86385663627549
465,5.224972036240569,6.904205121191136,-1.679233084950738,0.7989936379231644,0.029785954956510676,2.1729251006169967
466,5.7332761402203225,7.54551055120832,-1.8122344109881396,0.483978735141676,0.01545349132350275,2.421573130287113
467,5.112120007277962,6.833875445659469,-1.7217554383814786,1.3914832007654638,0.047635730081020976,1.9806037321406718
468,5.342719451025186,7.0497185642092965,-1.7069991131841107,1.150044421936304,0.04062944517892013,2.0472917731482663
469,5.9444804913488944,7.435295610409209,-1.4908151190604713,2.1588198454655227,0.08797869076422693,1.7061578679007328
470,5.307184936840894,7.0391307754182755,-1.7319458385773032,2.1980672368818794,0.07058045834287278,1.8081673511675225
471,5.586398214217706,7.223802831285926,-1.6374046170678866,1.4390751406125872,0.053844106916772425,1.9280885983565588
472,5.680569807199571,7.272814676120095,-1.5922448689204884,0.8327224099051413,0.03443402710962453,2.114952134264599
473,5.435943732347777,7.0572359190354454,-1.6212921866876968,1.561548968404452,0.05887079164460633,1.8891570219903184
474,5.242164749434732,6.998270908611385,-1.7561061591766247,0.4884234948694193,0.016759032223386598,2.3919520385613318
475,5.223005599654197,6.9221313611291215,-1.6991257614749884,0.8189893534954997,0.02976865594112694,2.1731549656728193
476,5.536756992051959,7.148004702502508,-1.6112477104504705,1.483343581219767,0.05689711028416737,1.904100395029013
477,4.905961091132166,6.635434036861579,-1.7294729457296398,1.2218238217182886,0.041898787428660995,2.034524038650325
478,5.465993528806575,7.269707770259675,-1.803714241453008,0.770783730133509,0.024726922147982684,2.2456424030918987
479,5.381278871911672,6.932049529489451,-1.5507706575776865,2.3737942456601786,0.0894329205252936,1.6983966681842544
480,5.700735400246867,7.266406461205303,-1.5656710609584934,1.5639394376006486,0.06256327988931631,1.862282506941219
481,5.193592921285653,7.047899935942578,-1.854307014656797,0.8329724304892743,0.025101622549575278,2.2398352184900867
482,5.622497762853481,7.3090541916377525,-1.6865564287843426,1.2996453154760843,0.04653451199184176,1.9905124674253225
483,5.1294958009988925,6.714616871709122,-1.5851210707103291,1.211377106734524,0.04894729130296657,1.9690505084859242
484,5.18056248120315,6.683629600981444,-1.5030671197782794,1.1678884729665242,0.052041437515702824,1.9427908201232922
485,5.306780786878743,7.252769160337504,-1.9459883734589312,1.0089197717313638,0.02721990797493706,2.20834966125164
486,5.549806701295392,7.101946653339372,-1.5521399520439445,1.9302031730442408,0.07568917068612435,1.7762654763572274
487,5.149872327478942,7.012095238750714,-1.8622229112718287,1.0431544349809805,0.030983701899722722,2.157281958080132
488,5.734810762720553,7.393945265308378,-1.6591345025879036,0.5213816078415725,0.020243184900803138,2.321809696722369
489,5.425271696819163,7.089769707486585,-1.6644980106673302,1.2659293447223945,0.04656794448807753,1.990208753145963
490,5.3643005725861705,6.972443107671257,-1.6081425350851077,1.3947667146908067,0.05407884467251573,1.9262044959372613
491,5.5551745060590285,7.2652400257551015,-1.7100655196963999,1.2158115437972299,0.04263085129041558,2.0273087102412846
492,5.119644592576105,6.857548122092414,-1.7379035295161884,-0.17824496676588097,,
493,4.981072455969706,6.553006978754336,-1.5719345227846588,1.5150925407127112,0.06047116256354594,1.8773425309907286
494,5.027890578085998,6.7446463429509755,-1.7167557648649563,0.6014067422272014,0.02161389854852281,2.297085398736446
495,5.390340911153043,7.0576127916059015,-1.6672718804527449,2.0308349876462692,0.0703452421612027,1.8096811834519382
496,5.710978224682275,7.353409219050025,-1.6424309943677144,1.0787608545325504,0.0412469559897001,2.041038947400373
497,5.062578466281547,6.720888780163012,-1.6583103138814295,1.2086575442934056,0.04495614542614565,2.0050645618267393
498,5.299654270096834,7.077204392277803,-1.7775501221810828,1.5869684726695148,0.05056315936082058,1.9551687193326202
499,5.734191684369488,7.317670675351632,-1.5834789909822575,1.51548269560314,0.05973608872287761,1.8827364824852908
500,5.72358488523032,7.451706796805016,-1.7281219115748172,1.1676230571035333,0.04022735485027992,2.0514067234152984
501,5.701199508071522,7.497723963648173,-1.796524455576673,1.1766548149368248,0.03749304549371859,2.080354323889074
502,5.596870975924684,7.348734923257329,-1.7518639473328221,2.381242019390662,0.07408770231308094,1.7860713746369938
503,5.431067846796804,7.095971089109543,-1.6649032423126755,1.608170916562461,0.05766537595243951,1.898233148397517
504,5.621431364550244,7.193643318616903,-1.5722119540669155,0.8253574635039591,0.03499486515214314,2.1084178109041916
505,5.024402561199121,6.773990189270133,-1.7495876280709126,0.7819548245953172,0.02678057200837019,2.214701322892255
506,5.869084597292112,7.5076045974499515,-1.6385200001577687,2.5959110765000837,0.08838764933302728,1.7039648762003183
507,5.2310369540104595,6.81786519334516,-1.5868282393346362,1.4448359041192802,0.057098680121833285,1.9025546599735088
508,6.286180691655954,7.848027359794283,-1.561846668138287,1.1106009675131645,0.046500574032361214,1.990820961446081
509,4.923669050886655,6.676164993358331,-1.752495942471569,0.5963089406314808,0.02049022907597776,2.317247946274031
510,5.783687036606079,7.479640703620799,-1.6959536670146917,1.6335349154372913,0.056577193812239204,1.9065630495246897
511,5.611533087404677,7.306615790030111,-1.6950827026253137,1.4070833130625786,0.04954753377981134,1.9638496200100388
512,5.367916877864399,7.282800371360711,-1.9148834934962906,0.7619998268250221,0.021369029705740863,2.301400039295929
513,5.495055313476723,7.090705426252949,-1.595650112776184,2.161061011736745,0.07948154836950148,1.7537022000963973
514,5.523704172091538,7.325172877543803,-1.80146870545218,0.18804246982147177,0.006093432705926655,2.742710788431987
515,5.410699219475372,7.066792220240938,-1.6560930007656225,0.7496117400233011,0.028834071483303046,2.185747666113527
516,5.3634183730000125,7.269440918089213,-1.9060225450891721,1.270632677514044,0.0356871122331316,2.100474605265689
517,5.133886008777335,6.698612948292247,-1.5647269395149124,0.730693582727806,0.03151818302259151,2.1504683991362876
518,5.143019206931239,6.694159147573391,-1.5511399406420878,2.322426119779916,0.08788369195005422,1.7066684639091778
519,5.243153692196483,7.035584374461063,-1.792430682264694,1.6808034360376212,0.05244385227216311,1.9394723164665952
520,5.455558812717253,7.230187044519763,-1.7746282318023532,0.7024728653894385,0.02340078995891117,2.2668270997818873
521,5.092475199060527,6.477965571321075,-1.3854903722606196,2.0649224985152195,0.09430162307683543,1.6731304256472903
522,4.305260058312296,6.115878531742421,-1.8106184734299404,-0.04759854732651547,,
523,5.912484847696486,7.487706294202834,-1.575221446506248,0.6486045481513045,0.027796890635432222,2.2001410297185084
524,5.343193200409768,7.1030075080057635,-1.7598143075958887,1.3637213411144096,0.04484783411934692,2.006078867635956
525,5.517736619322658,7.141212519288747,-1.6234758999662517,1.1874174897939227,0.046021815276171836,1.9951931737196984
526,5.141577349774661,6.855195576994841,-1.713618227220195,0.13925765562072456,0.00509293227932408,2.801096273138956
527,5.615662115061195,7.245645420551011,-1.6299833054895316,0.814280815461359,0.03220226794903964,2.1418908299715844
528,5.084530802363542,6.811670947978445,-1.727140145615067,0.9575194437096144,0.033409964281552164,2.1271218013587205
529,5.360676784797942,7.058791249434318,-1.698114464636319,0.3187123795546505,0.011857767616336879,2.516349068551433
530,5.492134750879995,7.004858796180354,-1.5127240453002742,2.3656873789160286,0.09247188039761266,1.6825002298007363
531,5.344897229541129,6.747119114586209,-1.4022218850450372,1.1571986916272508,0.057996499651761846,1.8957243808179063
532,5.273798842376163,7.2053259722148475,-1.9315271298387415,0.9719306445582276,0.026676830254347292,2.2162142814053136
533,5.142237364140964,6.922422722478256,-1.7801853583373486,1.8145362477140417,0.05690332080925345,1.9040527017469486
534,5.437568624969071,7.103961283723709,-1.666392658754603,1.5670854184862186,0.0562756068602445,1.9088952426853227
535,5.592600354484556,7.167128737080102,-1.5745283825956449,1.136352152434167,0.0467797597740448,1.988288790827277
536,5.3156512848963295,7.084871852251855,-1.76922056735566,0.23683285517071795,0.008018716325298056,2.6512807196230352
537,5.491287461326419,7.285581558071183,-1.7942940967448067,0.6982038587531036,0.022704768054052794,2.278366206780796
538,5.749805608766291,7.570992071351153,-1.8211864625848193,0.7223543762685729,0.02271339728912805,2.2782212756890288
539,5.096907617125179,6.915888944352776,-1.8189813272279025,1.2589288018493683,0.03897414027051869,2.064459814492787
540,6.023467405303972,7.441236987650061,-1.4177695823459544,1.8598246708074022,0.08421891269758439,1.7267147089544754
541,5.095949415629274,6.643817154716775,-1.5478677390876783,1.169453213060848,0.04949148157590619,1.9643330479077132
542,5.219861683872477,6.866743700542326,-1.6468820166696787,1.7260918284116542,0.06250812118456872,1.8626741765675743
543,5.924899076418068,7.42164333473853,-1.4967442583204047,2.3562766714414387,0.0935978022234559,1.6767171660384717
544,5.361619973955339,7.035999546909014,-1.6743795729537396,1.3186369564841876,0.047795984675026444,1.9791778604035692
545,5.095366056965712,6.589543501790704,-1.4941774448252545,1.5851564241139116,0.06830807431355233,1.822969078349585
546,5.571517189302266,7.006849608025835,-1.435332418723874,3.0005057154404717,0.11808887300885483,1.5628457812625378
547,5.045327156294842,6.731263290535676,-1.6859361342410466,0.35845420723266486,0.013536652369383898,2.4693294624538216
548,5.4630336099082335,7.161262242817006,-1.698228632908922,1.7719419269072532,0.06063048702062832,1.876180585626334
549,5.527310738318828,7.311402420495821,-1.7840916821769497,1.1502027324869601,0.03721587635465794,2.0833879433063176
550,4.989204828822448,6.79967778660426,-1.8104729577821672,0.49209946820417017,0.015746735933314722,2.4147332776311634
551,5.653745910117731,7.278250285317764,-1.6245043752001038,0.3293827378890839,0.013523221639124788,2.4696846227502682
552,5.157527153047976,6.811872160783036,-1.6543450077349462,0.9159080232505197,0.0349283536663338,2.1091880421666453
553,5.98706714728878,7.730892998803629,-1.7438258515148846,1.33640819379427,0.04480065681262596,2.0065213162559092
554,5.2266058284639705,6.925833765892346,-1.6992279374283044,1.414578860157988,0.049561118541692706,1.9637325259252878
555,5.537950542222415,7.211964404042899,-1.6740138618206402,0.6466888236153707,0.02447286057882655,2.2496234183813693
556,5.361320699073712,7.006584871665009,-1.6452641725913963,0.3293156865955602,0.013147749685042806,2.4797419472794995
557,5.6756085910951235,7.060151353787457,-1.3845427626922628,2.43946755340939,0.10676083549025452,1.6129248505812341
558,5.478486233934927,7.099411598572782,-1.620925364637742,1.931668311186879,0.07065211978748448,1.807706966401106
559,5.438156262829079,7.272428615115299,-1.8342723522862343,0.2791394260254201,0.008662127882703805,2.625108817953462
560,4.991490640715892,6.584153381723123,-1.5926627410071887,1.515595472870796,0.05915123572900124,1.887067586339212
561,5.803681767852776,7.41678201840158,-1.6131002505485412,1.51620107565779,0.05788254550639296,1.8965864107970782
562,5.637911858404959,7.200041745531667,-1.5621298871269573,0.9514244636449085,0.040392621149046244,2.049711202827315
563,5.717749204871961,7.319137231029803,-1.6013880261577924,1.4084300895413122,0.05495219863825452,1.9192539831298492
564,5.600872613168303,7.179037445290593,-1.578164832122411,0.9319272039715969,0.03887959729426303,2.065458933933495
565,5.460046776315902,7.12601749628033,-1.665970719964207,1.1934553515846105,0.0440541087056284,2.0135756154490085
566,5.8411833866864065,7.526981771008305,-1.68579838432197,2.0865613927180995,0.0706613822989474,1.8076474878917945
567,4.9936919523181125,6.764510994809488,-1.7708190424914392,1.0670337975337176,0.03518977682383947,2.106167826353327
568,5.158062491423561,6.8069990123611355,-1.6489365209374682,1.8895676871962088,0.06740850263407597,1.8289406306433134
569,5.000679059728508,6.647232426312652,-1.6465533665839303,1.5713478463130812,0.057617668878682235,1.8985955886280377
570,5.857926870303071,7.460537767290749,-1.6026108969876987,1.678065671708513,0.06390066001752595,1.85287232945194
571,5.872689654334817,7.464467671319273,-1.5917780169843354,0.8416602654860696,0.034798666931168266,2.1106934781802984
572,5.1761891319958515,7.018591282744911,-1.842402150748967,0.5006238711013076,0.015378703256665092,2.4233358124661524
573,5.379553515804854,7.190258991836206,-1.810705476031444,0.11439327728299986,0.0036563758564963915,2.90637959599878
574,5.139011268160356,6.884922150508654,-1.7459108823484257,1.2985496443866609,0.043525339466771125,2.0186333749056002
575,5.595749968517975,7.423613948594625,-1.8278639800766996,1.802211665930951,0.05385173549009475,1.928027260581419
576,5.590214643573699,7.202922093680595,-1.6127074501068819,1.0584138334840532,0.04195686763081525,2.033947712370154
577,5.376999229320699,7.052483822517178,-1.675484593196643,1.0491062155136603,0.038680863955381936,2.0675658728547597
578,5.764261011451207,7.326162119088725,-1.5619011076375955,0.5091075377359822,0.022442020525342454,2.282802230526876
579,5.405991098899857,7.201360841086217,-1.795369742186267,1.709787125703123,0.053099478449574744,1.9341110268648285
580,5.3894589401424575,7.147553386484528,-1.7580944463420565,1.1959260430796732,0.03976372177673652,2.056195023513428
581,5.720824145549795,7.263830837864415,-1.5430066923147479,2.4475987622416184,0.09225706067756631,1.6836100215923948
582,5.282520617378804,6.8704768978652275,-1.5879562804864236,1.2211394237188955,0.049141972519086176,1.9673578286295463
583,5.543927444330574,7.144927950651084,-1.601000506320588,2.0785293809994556,0.07659136787830023,1.7708156182778423
584,5.864312588767188,7.363310728387436,-1.4989981396201983,1.7003115966917797,0.0720320379700397,1.7989155655209517
585,5.416353231847051,6.951921002557466,-1.535567770710486,1.031682068435643,0.044868687214386936,2.005883423633383
586,5.641805538471271,7.307626304488,-1.66582076601685,1.5302314698208868,0.05513655352210567,1.9177985987879829
587,5.01038399213321,6.552657595755992,-1.5422736036227889,0.8789224144648955,0.038466579302963044,2.0698480157212256
588,5.147029424763058,6.706853742605997,-1.5598243178428675,1.7528480191659206,0.06933410563000507,1.8162364716997776
589,5.133193343063521,6.975290298134372,-1.8420969550709287,1.707840209322658,0.050523078329091135,1.9555085233728995
590,5.454778645349233,7.161942457089179,-1.7071638117399743,1.7831941585703035,0.06040715138256748,1.8778100759380907
591,5.420282687592088,6.99685792281279,-1.5765752352206164,2.556619349964688,0.09248043616969856,1.6824560722529691
592,5.736584101767402,7.223326856347494,-1.4867427545800638,2.117318533373723,0.08700084196832124,1.7114349933085942
593,5.709631728643171,7.405688801716035,-1.6960570730727795,0.8502004170476987,0.030964731217416747,2.157525644363782
594,5.304908959245903,7.000243038820702,-1.6953340795748773,1.0512421079563836,0.03786981264976574,2.076261060439032
595,5.44539111469653,7.125827871968017,-1.6804367572715364,1.8586035428380114,0.06436284046009381,1.8496581185760506
596,5.096902027904843,6.896222355771716,-1.799320327867008,1.384473387837236,0.04355099303024366,2.018386800124192
597,4.999484816428957,6.816568709393298,-1.8170838929640922,0.7589026778655992,0.02396116106173209,2.2577514267186367
598,5.240976440450094,6.915964368764282,-1.6749879283142945,0.8722963924142704,0.03254342822174161,2.137671327068428
599,5.579402051445822,7.331901001576679,-1.7524989501307573,1.7119880929135682,0.05559064347488973,1.9142310228824382
600,5.28788291408814,7.094218003431539,-1.80633508934352,1.2758044581537042,0.040027842331578994,2.053461475827312
601,5.214762840017055,6.765999112505224,-1.5512362724880404,1.2348994264685658,0.0517437079191327,1.945259882147291
602,5.531142181409177,7.339630738135501,-1.8084885567261608,0.6384589777713856,0.02043034333005012,2.318349332543597
603,5.373901221749929,7.1693540983378305,-1.795452876588115,1.1837737961037753,0.03775361749233442,2.077519715659984
604,5.467257988536584,7.158394057128337,-1.6911360685915042,2.0545081655096986,0.06937353092997006,1.8159794082058638
605,5.269872657787072,6.968514110710071,-1.6986414529230842,0.6973150482183641,0.025522637953611944,2.233399092927997
606,5.081000694599378,6.599164062630532,-1.5181633680313098,1.2961093520832812,0.05603912604761809,1.910731255182323
607,5.1524783474189455,7.031739747860872,-1.8792614004421466,1.0430313823292536,0.030376859426964005,2.1651413859295388
608,5.326575481389863,6.980549316457587,-1.653973835067518,1.044399951336537,0.03949724239136658,2.0589686437892194
609,4.992445160988336,6.734750065292243,-1.7423049043038645,0.6407896495464129,0.022267429797953965,2.2857749173537263
610,5.630481981293951,7.486153637213338,-1.8556716559194228,1.2412317753461721,0.036908280795037864,2.0867771806323847
611,5.119516565462117,6.866036761013458,-1.7465201955515113,0.7465276354018862,0.025700585720071778,2.230706365418695
612,5.2954557542702325,6.8692449690344795,-1.573789214764247,1.6436578102917778,0.06471551250166417,1.847218270147819
613,5.344302027921184,6.871573639335654,-1.527271611414335,0.5293417237619096,0.024370951690294677,2.251230348144909
614,5.45233750496045,7.2381507372432985,-1.785813232282635,1.5934504822347826,0.050308225548514135,1.9573338897142811
615,5.415961605763368,7.098146478597993,-1.6821848728345685,1.0793995053454353,0.03941179483145268,2.0598613782606763
616,5.821502401145107,7.602939913993975,-1.7814375128489246,1.1624284426879292,0.03770360780185978,2.078062447852121
617,4.81717382927668,6.563201086151043,-1.7460272568746404,0.8414929252586454,0.028870035874769533,2.185256623727275
618,5.15793317602488,6.877965477282235,-1.7200323012573335,0.6931530393084948,0.024711038191319826,2.245890255670998
619,5.513962676796108,7.1178731973243465,-1.6039105205281885,1.9674042713966777,0.0729821400046263,1.792942366849207
620,5.527450541126608,7.155429303867724,-1.6279787627411224,0.7831018212708507,0.03111294071783661,2.1556252315171904
621,5.33777577123892,6.835178992681623,-1.4974032214424824,1.3784968529207617,0.06048482896016672,1.8772427632181192
622,5.671773905280087,7.139906361641973,-1.4681324563621274,1.7870371325922996,0.07746634388914292,1.7655799639428844
623,5.105118355579361,6.6915597554448745,-1.5864413998654072,1.516522874551729,0.05958096873695741,1.8838817766235956
624,5.6319454022227085,7.150316390147491,-1.5183709879249818,1.4176242097566139,0.06053755347204593,1.876858037404484
625,5.666451458530172,7.428567081580081,-1.7621156230497945,1.7319536881865183,0.05561069000741315,1.9140740869656037
626,4.993697872923757,6.774103946999549,-1.7804060740756995,0.8502665302133892,0.027980868893301952,2.1975544968074945
627,5.241602406313131,6.735441555187446,-1.4938391488742582,1.756901355682153,0.07439452812858054,1.7841793410370168
628,5.161556251143747,6.804504069236241,-1.6429478180923525,1.236573219538876,0.04670445473990746,1.9889705403051041
629,5.393076979116085,6.960187121540134,-1.5671101424240987,1.6209274742907347,0.06440643380782958,1.8493559352030304
630,5.0173112707429475,6.661573046548522,-1.6442617758057168,1.1778173901054032,0.044614078541380886,2.008274985299212
631,5.051889671669368,6.915545589380198,-1.8636559177109575,0.9504677016463106,0.028251860852218622,2.193771219536731
632,5.292063702907125,7.055798373175879,-1.763734670268832,1.5313383415074426,0.04967225234001193,1.962775615887261
633,5.074981454745238,6.612351795106054,-1.5373703403606669,1.1105351447850822,0.04783576475242049,1.978824538188959
634,5.368741843054249,7.021606301519473,-1.6528644584652739,1.141355429069943,0.04292380873824275,2.0244506116182945
635,5.200859043234868,6.715825925124239,-1.5149668818892223,1.2370309417093068,0.05399725509862405,1.9268585922988093
636,4.857698593404574,6.496084180597851,-1.63838558719317,0.6733414288250366,0.026603840174798075,2.2172818090593007
637,5.238604592364208,6.809828972503535,-1.5712243801394834,0.9634027367800613,0.04041809530669502,2.049450378640864
638,5.0888040849860765,6.78559604445606,-1.6967919594699197,1.8527217573365888,0.06312354937483268,1.8583202532848218
639,5.4582694422399065,7.2424221247263,-1.784152682486365,1.009394908709151,0.03286178150735509,2.1337679397622575
640,5.06664571239612,6.764562606725757,-1.6979168943296372,1.282624674441717,0.04539804396682184,2.000947536589571
641,5.866637155819671,7.465964963883859,-1.5993278080641176,2.283132610701969,0.0827918684399244,1.7347117816109345
642,5.567928577603606,7.410666631833262,-1.8427380542298124,0.20071096329833793,0.006150915579332176,2.739625878515257
643,5.247408413428001,6.741057762051913,-1.4936493486241034,1.7631923361402748,0.07462691943456366,1.7827505450760157
644,5.598627581950449,7.302507516078254,-1.7038799341280537,0.7201773008928036,0.02615924336206554,2.2238395206292294
645,5.50392460076041,7.235292314747337,-1.7313677139870833,1.4052637438320836,0.04756314370842612,1.9812508995550466
646,5.405648511869639,7.112244016428075,-1.706595504558436,1.1930775357540888,0.04205746149109508,2.032951121113212
647,5.156897559610524,6.704804478684753,-1.5479069190741939,1.558875036931287,0.06358857587506192,1.855053578666441
648,5.638032883639834,7.297635815964629,-1.6596029323247876,1.561185359152315,0.0564967668936372,1.9071839827461032
649,5.28810463782197,7.00496341964114,-1.7168587818191554,0.5837510109684771,0.02099190652474248,2.308130009519735
650,5.1750743274216795,6.827304117059189,-1.6522297896374312,1.2371382308988146,0.04623723738598701,1.9932211385571483
651,5.1275174402330315,6.977208651284247,-1.8496912110513222,0.42358443008224,0.012892502276732536,2.4867249785063956
652,5.619664675045623,7.119775892194173,-1.500111217148742,1.2892330417188624,0.05692347998251049,1.903897920660032
653,5.924448299095456,7.540752974026066,-1.6163046749304613,1.1994048331402745,0.04682285265650305,1.9878990788587096
654,5.726818923167411,7.221536635744382,-1.4947177125768576,2.5599224991188194,0.09984432067677143,1.6456088268483655
655,4.330694277886277,6.244086680814416,-1.9133924029281388,1.1204717541769504,0.031325165346611054,2.152917468687857
656,5.155145454014882,6.770145177703423,-1.6149997236886975,0.9159702601975859,0.036612857349668695,2.090055022407754
657,5.060285117612192,6.923739600275791,-1.8634544826636557,0.8531632107428386,0.025420107069668265,2.234957986940694
658,5.801728806665505,7.28211687338214,-1.4803880667168414,2.016368678136704,0.0842517305839703,1.726532094117532
659,5.735925294460639,7.286284530365361,-1.5503592359045797,1.8554998370537632,0.07340541446058493,1.790301753984358
660,5.167258728307569,6.96802028575468,-1.800761557447231,1.0968930177228735,0.03490291879552799,2.109482919816694
661,5.653511971205443,7.267526718106691,-1.614014746901148,1.2888396251044227,0.05008208467639353,1.9592622294894546
662,5.8968044006584925,7.562158112914414,-1.6653537122558646,2.563046790608116,0.08535388207146052,1.720432343157016
663,5.455168629386389,6.93953895811639,-1.4843703287299377,3.164292195822025,0.117476216018692,1.56545519155801
664,4.7276219101467625,6.32068885848069,-1.5930669483341262,0.554307209016045,0.023386649105593394,2.2670585521821534
665,5.724109190999297,7.3475146887329466,-1.623405497733529,2.0880996034042028,0.07519850951033782,1.7792516769340223
666,5.135616664291955,6.879483111968032,-1.743866447676055,1.3717246871187783,0.04588814081162151,1.9964207799340319
667,5.135009301005947,6.823160967252026,-1.6881516662460854,1.5356045106255216,0.05399906957893709,1.9268440368058604
668,5.329889053698434,6.9158581761545825,-1.585969122456163,1.4649478801636349,0.05784563024264971,1.8968659665030776
669,5.452915028906272,7.203841424812179,-1.7509263959059354,1.4780532401945443,0.048760512691896636,1.9706797981544837
670,5.2493614765239265,6.897587353169758,-1.6482258766457107,1.7620949036169193,0.0635426445993225,1.855375352195493
671,5.4401360534031475,6.944319426553886,-1.5041833731506813,1.942991843202421,0.07987089049961237,1.7514356859130726
672,5.275600883921651,7.061215103509728,-1.7856142195880693,0.7841659562931227,0.025704238613756904,2.2306512585163807
673,5.475668944622566,6.978742180093807,-1.5030732354709926,1.2559396324450205,0.055459189081109014,1.9152612943804863
674,5.136394884679657,7.04896519047578,-1.91257030579618,0.5057066496970677,0.014211457609498,2.4518735928824507
675,5.612809126170713,7.203401997425392,-1.5905928712545574,1.2169644371848953,0.048845159278640006,1.9699407689939574
676,5.485036753864687,7.162688414562123,-1.6776516606976202,1.4256950032658366,0.051102620203724455,1.9506170268713976
677,5.3076484714030805,6.692907680380944,-1.3852592089779137,2.4853415025109236,0.10813078161574083,1.6066517587333426
678,5.152085548332661,6.83010823680333,-1.678022688470719,0.13281785925295964,0.005105409040363324,2.8003065967432885
679,5.013097336305872,6.911643582838291,-1.8985462465323053,0.4219802524541798,0.012059589020389528,2.5103958503357267
680,5.194844156232602,6.89500881661964,-1.7001646603869176,1.3692723862781015,0.04806943092771142,1.9767541122441419
681,5.397889829585619,6.86997760512725,-1.472087775541695,1.9151747137186597,0.08155877055332533,1.7417124632840102
682,5.327433655968161,6.812291418511048,-1.484857762542788,1.5431049867589444,0.0674617701358777,1.8285852090499726
683,5.764826739918771,7.408968668454076,-1.6441419285354186,0.8205798440270655,0.031882872121352754,2.1458760117535456
684,5.5492168450586625,7.316510020808028,-1.7672931757492734,1.8263566705599708,0.05799543224365707,1.8957324489165137
685,5.355174601848102,7.069932671663867,-1.7147580698158436,1.1449088412718496,0.040103539016720466,2.052680865365557
686,5.559981210454634,7.2145265799031755,-1.6545453694484422,1.4538118450175475,0.05332911145571159,1.9322463123420826
687,5.762076166315591,7.392568719026553,-1.6304925527110754,1.7963481216331196,0.065795023495978,1.8398175804009842
688,5.0817640466031655,6.870829255306472,-1.7890652087032777,1.5052027796919916,0.047583984851166355,1.9810649986417719
689,5.392057165709911,7.100260727128752,-1.7082035614187134,0.9789788502770627,0.034888553840889125,2.1096495401419544
690,5.994063854217256,7.69016617861509,-1.6961023243977706,0.7102260574739709,0.026060088974105305,2.2253151520614844
691,5.125395132176845,6.630869557874053,-1.5054744256970025,2.0733781762099923,0.08401048261417146,1.7278758626989152
692,4.991551103809297,6.663570721197015,-1.6720196173878321,0.8857833642648671,0.03313699203961789,2.1304195396568275
693,5.419061289132696,7.220438276491141,-1.8013769873584806,1.6329487039142307,0.05060538477570846,1.9548109793984851
694,5.331182740464737,7.07632184073751,-1.7451391002725813,1.4135626634315912,0.047105958159486545,1.9853462815530583
695,5.593951720324821,7.165736109751737,-1.5717843894271937,0.7735095868617883,0.03295621824598127,2.1326162613995687
696,5.232043010616234,6.779071486782339,-1.5470284761659059,1.8425584946296425,0.07323180571191465,1.7913833077160732
697,5.190801492868058,6.844660173378077,-1.6538586805097566,0.7772659303147655,0.02992805936203665,2.1710411839434296
698,5.383861199130433,6.91468377515756,-1.5308225760272762,2.485315501694366,0.09441802656174562,1.6725392920570397
699,5.26368415025804,7.042139582504294,-1.778455432246119,0.28957889165813455,0.009680856921996847,2.587024995771201
700,4.92177176098512,6.716509263114251,-1.7947375021292373,1.0033894885459596,0.03227355184284654,2.1410060293504998
701,5.397004165920361,6.977908534293011,-1.5809043683725577,1.5097624285047608,0.059706439758757855,1.8829551981966128
702,5.245203183176681,6.912884506941555,-1.667681323764782,0.14388054876903666,0.005609666140437143,2.7697655159804513
703,5.731649662706058,7.381195131465933,-1.649545468759925,1.0685338452218716,0.04054976138131942,2.0481044969818343
704,5.470757145085553,7.0850797977633455,-1.6143226526778562,2.0597318104333837,0.07502463760318144,1.780313691922361
705,5.550402829495805,7.10913244092826,-1.558729611432227,0.7384859001217414,0.032071849147985804,2.1435139874361844
706,5.848455338264056,7.456715106291522,-1.608259768027665,0.5714818663954695,0.0236164949715122,2.2633114822837146
707,5.328646005156951,7.109043535283991,-1.7803975301269475,0.7747136165304163,0.025563964637097918,2.232772287908647
708,5.3108859650150855,6.9611221890735955,-1.6502362240582897,1.1396215598126531,0.042993331643940494,2.023774766686055
709,5.836200175774319,7.558311393313897,-1.7221112175395774,1.1778908806151556,0.04083494185955126,2.04520205626785
710,5.500384961660028,7.483787042019653,-1.9834020803596104,1.5413153931002874,0.03952401484203761,2.0586892693167673
711,5.934172870572137,7.367543840427967,-1.4333709698560142,2.3950881891309805,0.10061233489437964,1.6418922566200596
712,5.244482992106395,7.148009209081028,-1.9035262169745693,1.1846330134282468,0.033440895909129145,2.1267495764550697
713,6.019540362895167,7.486892712045698,-1.467352349150815,2.1909780322177,0.09105013678584513,1.6898840648512305
714,5.759720079061889,7.316936711765681,-1.5572166327035575,1.61123420151565,0.06475509361504371,1.8469451262335788
715,5.473709743200924,6.988922728778672,-1.515212985577591,0.8917798795680767,0.04028027367410277,2.050863170146978
716,5.450591807033742,7.008709716788662,-1.5581179097548556,1.5784293045890792,0.06356977352677877,1.8551852761059255
717,5.742779681039291,7.1043990423836725,-1.3616193613443102,1.8107284396436754,0.08737746425833755,1.7093968487704696
718,5.257505672762772,6.927669710607542,-1.67016403784487,2.06057630528527,0.07100851387058195,1.8054230054397498
719,5.149852611568985,6.8788925585166645,-1.7290399469477506,1.3189966534671669,0.044993067107970956,2.00471927132455
720,5.344664119862227,7.026291212588308,-1.681627092726103,1.3957948395334867,0.04991878608708525,1.9606592464922292
721,5.751925296486387,7.421942831173833,-1.6700175346877586,1.3191812782271768,0.04804621392365122,1.9769594502967738
722,5.892197973162819,7.5857643690530985,-1.693566395890457,0.9393140925788117,0.034137162110910696,2.1184477906071435
723,5.3363830397165195,7.166540951451001,-1.8301579117346591,2.0723514137132995,0.0608986536396386,1.8742305607183058
724,5.844698826179137,7.5418342848991635,-1.6971354587201404,1.7206097251102683,0.059155471966616836,1.8870360875473755
725,5.166030294909159,6.875361523507028,-1.7093312285978755,1.2735410152325635,0.044531095550018565,2.009056939688574
726,5.832889046471063,7.334756173578146,-1.5018671271068342,2.476528800614215,0.09674322293835906,1.6608517590379188
727,5.395757638546183,6.9449962924105115,-1.5492386538644496,0.6815288541024458,0.03009969230528396,2.168776024611063
728,5.782244253340831,7.482537147018679,-1.7002928936778972,1.2362579200532764,0.0437716053408333,2.016271385683938
729,5.6165362613339305,7.389360874108231,-1.7728246127742295,1.2408295287110747,0.04048432512129523,2.0487729181070504
730,5.157936573425513,6.862887329894537,-1.704950756468861,1.1295128413884115,0.04004793401860474,2.0532541613900706
731,5.408632254065832,7.054770718469133,-1.6461384644032933,1.6637163540671338,0.06059248534227774,1.87645749997441
732,5.506805484935921,7.146813383405561,-1.6400078984695483,0.4927612777278405,0.01964230221180754,2.3331113443885587
733,4.8781902975196765,6.708666321944573,-1.8304760244250247,0.03487972580867904,0.001082296954846382,3.2682108709486593
734,5.339029397333842,6.8112271502082,-1.4721977528743082,2.5342097645052633,0.10118017159415699,1.6391588969302477
735,5.824853238710784,7.42905926945129,-1.6042060307404427,-0.20449634539604844,,
736,5.3202967013336995,6.956270123417813,-1.635973422084362,1.1611681111567833,0.04445680713753315,2.009758008099172
737,5.428393800623734,6.9392319841666925,-1.510838183543001,1.9678520720052042,0.08015199670678622,1.7498048315129213
738,5.743213288059405,7.28059032780838,-1.5373770397488897,2.663242264572048,0.09890795517253943,1.650171054894055
739,5.998926887646075,7.730761821330649,-1.7318349336844676,1.2423726587577093,0.042439537777514524,2.029184145770816
740,5.062810999889688,6.757622897700312,-1.6948118978104958,1.1460329309004003,0.04106574787229453,2.042865565698265
741,5.507704790546949,7.29837711834794,-1.7906723278010759,2.3095587790387064,0.06956426212590079,1.814737481270924
742,5.236722627915196,6.907755213002556,-1.6710325850874597,1.4650777682903993,0.052744509613754986,1.9370068207131015
743,5.495495285404058,7.291850916260071,-1.7963556308561692,0.8867912044288744,0.028594125402517684,2.189037350386015
744,5.337775182290169,7.005894492100506,-1.6681193098102085,0.9763419752710547,0.036483170926769726,2.091501066477858
745,5.245764415634039,6.906789233406858,-1.6610248177726135,1.5194890989136773,0.05507651288637694,1.9182721418078734
746,5.476847916772112,7.277369664397252,-1.8005217476252255,0.9036869653405759,0.028977781349724126,2.183788658779508
747,5.508867919725343,7.381651454106372,-1.872783534381142,1.7259069622760563,0.049412023506785516,1.9650191296740689
748,5.380164998878808,6.932552999180611,-1.552388000301562,0.7303751032570034,0.03199359544175908,2.144490629626004
749,5.663770741263033,7.2169304437579775,-1.5531597024951225,1.4633303081273894,0.059890681073267414,1.8815975357530288
750,5.402677176922406,7.030361941113437,-1.6276847641911445,1.771983676975733,0.06522090720128566,1.8437409148529613
751,5.123548531853839,6.71251675258701,-1.5889682207332498,1.4043312340462393,0.05556405193682334,1.9144392696838062
752,5.1767588743766275,6.612486908233546,-1.4357280338570035,2.334473528605823,0.09849008221695917,1.6522181772015898
753,4.984560736110279,6.549043100875426,-1.5644823647651265,1.306697780714586,0.05358642218568646,1.9301647943194098
754,5.152811332931105,7.016872995528335,-1.8640616625973507,1.0362682357503736,0.030719707748993935,2.160684646065741
755,5.434852118562457,7.129718710369065,-1.694866591806658,1.3204523799104813,0.04677920050657739,1.9882938505672603
756,5.305343182181968,6.929477930219601,-1.624134748037477,1.410166857864752,0.0536566246739494,1.9295983399643886
757,5.46512293535211,7.284385189063972,-1.8192622537119405,1.4763696434915268,0.04524455830739234,2.002373668100095
758,5.637067240786745,7.282805685575912,-1.645738444789231,1.3693240830737956,0.05104247519623783,1.9511225006567563
759,5.764228710831002,7.418350952736805,-1.6541222419057249,0.6135561032113728,0.02385283382968526,2.2594914134515314
760,5.786343475061084,7.59220205443793,-1.805858579376718,1.8820951722568076,0.057271546517049673,1.9012326482188429
761,5.250016466835813,7.04835133083807,-1.7983348640020722,1.8401692416459206,0.05656012978623895,1.9066947303122177
762,5.378355938566937,6.979925189169034,-1.6015692506020969,1.6411982393057016,0.0627634264393842,1.860863704833174
763,5.229531612892014,6.95006854398375,-1.7205369310918286,0.831617838091951,0.029435319123943655,2.177606850132307
764,5.347454632264498,6.913797638915387,-1.5663430066508681,0.546953625855739,0.023899961347098545,2.258733595662542
765,5.639400293798371,7.3087696328858165,-1.6693693390875524,1.3387455152588608,0.04872588259735465,1.9709824557429962
766,5.2440666747779225,6.9069795304082895,-1.6629128556301112,0.6065878784927392,0.02333008791715505,2.2679855417895523
767,5.261129073602614,6.752878194133533,-1.4917491205308124,1.077631724708528,0.049112934396846726,1.967609946645658
768,5.555590182797868,7.181154125316429,-1.6255639425185109,1.617348461348179,0.06042121116466403,1.87770734650914
769,5.447978097729401,7.02926464911388,-1.5812865513844372,1.5749838679574282,0.06190003945021383,1.8670110880640747
770,5.462249863066926,6.898091309744306,-1.4358414466773866,1.3993858331798243,0.06557620464782996,1.8413095799636419
771,5.479549755525067,7.182306002305932,-1.7027562467808366,1.7560557608283567,0.059872982301428734,1.8817278063502507
772,4.623851827699536,6.435710394521092,-1.8118585668216838,1.0149401160698588,0.031986471541197985,2.1445796408284163
773,5.520829204968958,6.887180807615341,-1.3663516026463185,1.8784997587356322,0.08944982525564146,1.6983070476604853
774,5.235262921754337,6.969557543603532,-1.734294621849358,1.963329470997195,0.063906074929089,1.852834560747098
775,5.373553580241786,7.057343164375755,-1.683789584134047,1.5219452979934722,0.05382192821757494,1.9282669680745508
776,4.9035951130474125,6.786438525773537,-1.8828434127260607,0.43541173552508994,0.012699272869864532,2.4920931464929423
777,5.708626535880921,7.217049992350294,-1.5084234564694725,1.363589691182053,0.05919559019747617,1.8867378788844098
778,5.32672505612204,7.004556148641587,-1.6778310925194546,1.3200522881229766,0.04765943446133366,1.9803925675959404
779,5.514654721642682,6.9915792342053145,-1.4769245125626185,1.9740888062048754,0.08313896258300932,1.732756471483574
780,5.3360626361606585,7.130666058548147,-1.794603422387354,1.2983211183150658,0.04122592544843108,2.041250590858663
781,5.802234572488214,7.386973854697953,-1.5847392822099664,2.0531853894526826,0.07705660080693273,1.7680257389213585
782,4.83683147284405,6.629322779443488,-1.7924913065994588,0.992172011403408,0.032010849966660274,2.144275109410322
783,5.302955814344795,6.974493858347078,-1.6715380440020908,1.2737844064777946,0.04646285139675856,1.9911640804288187
784,5.917729003106341,7.444620468741061,-1.526891465634435,1.8792877009159952,0.07597446565865772,1.774536406354576
785,5.393906514854006,6.973314733318016,-1.579408218464323,1.8403729891147371,0.07077306761528782,1.8069308120884713
786,5.487366929841254,7.211820487428593,-1.724453557587367,1.5507537090366412,0.052399408000152435,1.939837776994084
787,5.4672236743226215,7.003530149236422,-1.536306474913772,1.6925989774656536,0.06900760090806465,1.8183699967616842
788,5.513761262951856,7.239178629673379,-1.7254173667213308,2.007805897736869,0.06573942520161198,1.8401962850528266
789,5.90696080961602,7.4477891153541655,-1.5408283057381595,1.380534726026557,0.05772265466652993,1.8977983196506092
790,5.7428436554257125,7.453629640472723,-1.7107859850468685,0.360680820921651,0.013177466490514139,2.4789367673522626
791,6.019882664225815,7.550253660462413,-1.5303709962365701,2.4287878875638462,0.09280475512464874,1.6807846300905989
792,5.2233186492323505,6.887858114660258,-1.664539465427879,0.8177475158765262,0.031000142002855762,2.157070881699385
793,5.074548307216173,6.68662721513088,-1.6120789079147926,0.8568927275999982,0.03452567137879235,2.113878202884425
794,5.594218349090124,7.344125344549422,-1.7499069954592414,2.014995821865025,0.06435038298522854,1.849744503196437
795,5.8498195815481715,7.425950432103075,-1.576130850555046,0.9905558170507369,0.04121964011403108,2.041313861850709
796,5.58381565798204,7.353145510497274,-1.769329852515284,1.617001805487842,0.051881587478813815,1.944114977827454
797,5.116840139374698,6.636937929029887,-1.5200977896554377,1.660864544980008,0.06909293404745243,1.8178115935654038
798,5.359479048458251,7.263732774323973,-1.9042537258658285,0.7170366823334255,0.020373146390469218,2.319403899953305
799,5.968164672126658,7.410908778959122,-1.4427441068323787,1.9173219114862832,0.08409431021086093,1.727408583269205
800,5.6669545235494745,7.371447430784254,-1.7044929072346804,1.593486706356643,0.05484503834339787,1.920101828862189
801,5.232039101985446,7.026662090517849,-1.79462298853241,2.2127868265131525,0.0667893419633335,1.8330889645497248
802,5.214894244411607,6.882829679619899,-1.667935435208392,2.2375934092257275,0.07623234575668789,1.7729780401921782
803,4.892898721089022,6.65990551923343,-1.767006798144621,2.042770438733598,0.06402182394915559,1.8520278491738484
804,5.096383738850772,6.650666473432356,-1.5542827345816477,1.6263987475118604,0.0654754461980118,1.8419979741982293
805,5.791547569308658,7.494708311760956,-1.7031607424521553,0.7930627106603438,0.028724976588095977,2.187240433852272
806,5.7577165040836,7.323244914898307,-1.5655284108147498,2.080841650151296,0.07939621405973322,1.7542001703331056
807,5.589437380244544,7.29814406547499,-1.7087066852302542,1.0069764397100194,0.035807758998875935,2.099103715421302
808,4.958062273497216,6.766413040744293,-1.8083507672472479,0.726953166779662,0.023217299451884225,2.269839887669471
809,5.205013899004097,6.905763549277719,-1.7007496502737922,2.1657112632008904,0.07185307483315376,1.800047901859469
810,5.52535842595098,7.412754081129332,-1.8873956551781248,1.032782445849179,0.029804474912469563,2.172679139190549
811,5.728005524577338,7.231330002513783,-1.503324477936303,1.8313949517030785,0.0762075005212749,1.7731279922832315
812,5.748299167748154,7.3294702171175565,-1.5811710493692317,1.1101964804895417,0.04545708214412798,2.000400057951167
813,5.457764017217368,7.140495644146338,-1.682731626929126,1.9339093953489659,0.0664424445565526,1.8354270111549265
814,5.809183301090751,7.296463746757386,-1.4872804456665563,2.8785634945606766,0.10956247644500418,1.60016278121512
815,5.500611892197821,7.025293056465781,-1.524681164267804,1.1956208713052767,0.051829054314556144,1.9445508945772725
816,5.657614248994104,7.277647791393623,-1.6200335423995966,1.3526894014097692,0.051942806022288714,1.9436074560203103
817,5.613562903319643,7.262124077883488,-1.648561174563838,2.3247599492974658,0.08014045258976736,1.7498717138090785
818,5.224916223107538,7.198548756512491,-1.9736325334049525,0.7341027959491484,0.019174512503234247,2.342120705581419
819,4.888891521674349,6.364588823385102,-1.4756973017108521,1.4541756326019062,0.06482369703496069,1.8464720294412975
820,5.572142471050892,7.110759272789604,-1.5386168017387263,1.0170251011439575,0.044133862125904026,2.0128172155548456
821,5.578952498291027,7.219063312757147,-1.6401108144661976,2.0513444473525375,0.07288244920735201,1.7935661139946797
822,5.657648903712651,7.323779206981083,-1.6661303032683463,2.08918870664262,0.07212363701752623,1.7983368909020079
823,4.66416653204119,6.322389661555722,-1.6582231295144538,0.8519836323766015,0.0324757318002769,2.138505579210762
824,5.288821539635773,6.96882281031041,-1.6800012706744383,0.6283925744295331,0.023625022685097724,2.2631730688047327
825,5.126335532223674,6.802580736295166,-1.6762452040716198,1.2645164824230726,0.045911758184364604,1.9962036697097303
826,5.7746809774639125,7.270040334188064,-1.495359356724066,1.5007559653974312,0.06516038148093554,1.844156186496405
827,5.444591806776952,6.839307671503473,-1.3947158647263223,1.350413251753647,0.06663138325593745,1.834152343968261
828,5.284585119517896,6.883519999960473,-1.5989348804425845,1.4580021079146839,0.056799135828471486,1.9048533565792178
829,5.508370559896274,7.289094939238762,-1.7807243793427006,1.1158303998283685,0.03630026409118024,2.0935479980360294
830,4.791849771825763,6.523395917712353,-1.7315461458865684,1.1040202142908697,0.03802345429509314,2.074601809221218
831,4.461834913108714,6.170507198066421,-1.708672284957629,0.41890164925530726,0.015318447547336021,2.4247614782292035
832,5.778449687943247,7.4393592623159925,-1.6609095743729085,0.6032149364689765,0.023263693767679502,2.269076177712077
833,5.807515173269575,7.677109682579523,-1.8695945093099908,1.7081091724125272,0.049103354038971626,1.967693153739862
834,5.433962807188845,6.951120405614962,-1.5171575984259107,0.6111616465749634,0.02829509338502314,2.1931705518519014
835,5.429926581881272,7.170900119955061,-1.7409735380738312,0.7444337931823028,0.025805495643159107,2.2291264026116195
836,4.950301582757401,6.601467434057216,-1.6511658512997656,1.1313827121759523,0.042662315460519164,2.0270009505870306
837,5.30361159558738,6.92964985348824,-1.626038257900973,0.8833726702087965,0.03492947137303967,2.109175088306917
838,5.125963956831537,7.000938647874552,-1.8749746910430076,1.714026195803605,0.04898555531935362,1.9687173716718318
839,5.560698055135571,6.876022760142288,-1.3153247050067876,1.555927193029845,0.0815257474082238,1.7419011231012271
840,5.761392139277586,7.403238925081748,-1.6418467858040913,0.9498208460596906,0.03667915373667865,2.089317481913841
841,5.590805821730964,7.327135939209715,-1.7363301174787011,2.1795245799219316,0.06977505824420219,1.8133681519027063
842,5.161236933732379,6.810991394192737,-1.6497544604603718,0.5382895033524058,0.021134149402340232,2.305579329145486
843,5.386314646496839,7.128603873679918,-1.7422892271831643,1.4661240733592429,0.0488557228265893,1.9698486166514915
844,5.47833157668283,7.122579364910994,-1.6442477882280855,1.0317357292700358,0.039499402956612646,2.0589460920103266
845,5.661977559946489,7.25375870421205,-1.591781144265724,0.7977869541823566,0.03309938118237558,2.130875731651006
846,4.866525119846255,6.621501199577001,-1.7549760797307954,0.6643092278608904,0.02270363782621188,2.27838519290693
847,5.395419099583432,7.1503157019885855,-1.754896602405097,1.0424587865356898,0.035060105552310324,2.1076635126153462
848,5.152220583247026,6.61694920197429,-1.464728618727122,1.493861869383558,0.06710199011141714,1.8309903053092433
849,4.867907965044605,6.671468691060344,-1.803560726015803,0.6160571000284989,0.019844507839154785,2.3292748878533747
850,5.7837077778389805,7.456388704166532,-1.67268092632753,1.0518847965026517,0.03890296592860166,2.0652117849990956
851,5.654214244245349,7.407186006975767,-1.7529717627305672,0.8384683984209715,0.028530611907134518,2.189912105023169
852,5.740954791148123,7.424948688318668,-1.6839938971706943,1.3933607570661977,0.049710943038334184,1.9624428936230285
853,5.38547246301955,7.185882253203719,-1.800409790184176,0.9564640845094772,0.030615794062289415,2.162030905736779
854,5.155804598248732,6.909291490289373,-1.7534868920406552,0.803555483197087,0.027365882099337338,2.206258831990827
855,5.8596781890525556,7.302043495372192,-1.4423653063197435,1.3920334378747903,0.0648178883070103,1.846512071060922
856,5.354228341876205,6.883126629270503,-1.5288982873942132,1.3938518372079258,0.05897564135961032,1.888374878876207
857,5.745186123616303,7.517358042200964,-1.7721719185847178,0.6618954203511542,0.022144708962564347,2.287876589848399
858,5.571664247150419,7.148630088720029,-1.576965841569745,2.771868014785852,0.0983515534330248,1.6528983479417685
859,5.347832348019164,6.979870943533154,-1.6320385955139045,1.946651354671431,0.07031917671045919,1.8098491940532244
860,5.257160725986932,6.867010257189197,-1.6098495312021441,0.9234284514750222,0.03711794567065043,2.0844643947958446
861,5.673697645879155,7.216625315620238,-1.5429276697409477,2.04034526936395,0.07991541809678543,1.7511770458186247
862,5.566034068385942,7.26742659251752,-1.7013925241315064,0.7884674408878531,0.0286270392978593,2.1885846941007805
863,5.545110160448257,7.182324282515015,-1.63721412206678,1.4597560773961504,0.054540678554440156,1.9225174617394525
864,5.1386049707327395,7.158823788554802,-2.020218817821842,0.937563094953692,0.02320869977683165,2.269981594897366
865,5.477042997741545,7.30840955975388,-1.831366562012363,0.5876232177382796,0.018290080666635823,2.359692664767571
866,4.826423709242317,6.678558844309638,-1.8521351350671011,0.8608848680265204,0.025994343867014266,2.2262962594926003
867,5.2999794462084076,7.105104963802251,-1.8051255175939787,1.458342182476418,0.04541988572978708,2.0007449215072004
868,5.657636460925868,7.446857061850576,-1.7892206009246365,1.869593677671805,0.057903803113487716,1.896425496231117
869,5.7820428114079725,7.465695991590838,-1.6836531801827732,1.7517677752072665,0.060940174572782876,1.873929269644359
870,5.523834688950682,7.280048684445941,-1.7562139954952727,0.8643127352781868,0.02926322827547639,2.179922210175709
871,4.945209129794147,6.6510986724635295,-1.7058895426694107,2.222604353680392,0.07307111542308573,1.7923862523971361
872,5.149529467430238,6.944931110055844,-1.7954016426256203,1.8297307949108657,0.05644176259880148,1.9076090652822624
873,5.533384702103103,7.256040183483396,-1.7226554813803432,0.5779554517174859,0.02063619153681999,2.3145751974888205
874,5.734177186723354,7.455400433949745,-1.7212232472263622,0.9699029985578775,0.03405651760113942,2.1194018855454
875,5.315938213871004,7.041362124588748,-1.725423910717609,0.6723764029761412,0.023832034787015885,2.2598262784106997
876,5.663873921468348,7.204580583355476,-1.540706661887043,0.8991243659844841,0.03935190551571873,2.0604880666083205
877,5.337119940529373,7.04391274807703,-1.706792807547572,1.3947436657363497,0.04852691213031068,1.9727249117045453
878,5.590157776874275,7.184024835066413,-1.5938670581922452,0.5608831011504449,0.0236285534771344,2.263115773143197
879,5.6267823211882835,7.015600244528873,-1.388817923340639,2.283679786657764,0.10133203364921613,1.6384299598046437
880,4.9825920673919875,6.8457734883503,-1.8631814209584263,0.6132911842567097,0.018340390952171357,2.3586733631921892
881,5.797488640843948,7.327896653624531,-1.5304080127807538,0.8706433873990882,0.03868654516287016,2.0675055140356196
882,5.584703275798983,7.254095770590514,-1.6693924947915093,1.457313074372621,0.052588161800313594,1.9382874571897948
883,4.794521470103245,6.829114423546688,-2.03459295344328,-0.6638037093264835,,
884,6.55616335533632,8.039241605618113,-1.4830782502820057,1.975701336193211,0.0826804932155548,1.7353406073460464
885,5.509907355181166,7.258421627431627,-1.7485142722505316,1.206892980507682,0.04054135993748611,2.0481902652218538
886,5.106657563820772,6.656510122676448,-1.5498525588557186,1.2967717598584123,0.05410694488909597,1.9259794096706144
887,6.030973895296892,7.620024153174928,-1.5890502578781707,0.8015254708882544,0.033356168602953144,2.127769870456993
888,5.510090553048666,7.153527291625192,-1.6434367385766109,1.774616012866737,0.06424852629040788,1.8504513325909755
889,6.0537815325901185,7.669200000026105,-1.6154184674360295,1.4522009998526997,0.055594081376274654,1.9142041056412695
890,5.669965648409924,7.52507066561402,-1.855105017204096,1.3399908131160458,0.039724371943122457,2.056603597141623
891,5.2145756424672065,6.942113902144538,-1.7275382596772033,0.9778024639668956,0.03406536486211226,2.119297120474277
892,6.012417372206027,7.576859201241465,-1.5644418290353315,2.21011401395819,0.08342726738709215,1.7311373654150355
893,5.528951288644475,7.279134690658555,-1.7501834020142724,2.706291571795454,0.08250457575353064,1.736335239363459
894,5.352848082628679,7.143570128416375,-1.7907220457877884,1.8643392634735747,0.05767038322534306,1.8981951215950223
895,6.130434688259083,7.748002385671445,-1.617567697412369,1.939935084640389,0.07114618037129888,1.8045432821158816
896,5.629786060843752,7.283174213571282,-1.6533881527275298,1.2190218725191606,0.04556085053669644,1.999439233275473
897,5.634996431945591,7.34198663959933,-1.7069902076536891,0.7688150572520414,0.02775156155017676,2.2007805728351824
898,5.450497196292371,7.114085850497968,-1.6635886542055687,0.9480628008183913,0.03568287985278947,2.1005227688528714
899,5.309123342235761,6.888084954727017,-1.5789616124914119,0.6089132477469654,0.026053028531542205,2.2254204116918896
900,5.308886674518316,6.874380683208468,-1.5654940086903935,1.5480963971529818,0.06203132279527039,1.8660717854916002
901,5.537816741000778,7.171034323121088,-1.6332175821203236,0.5939382705217007,0.023739223971211098,2.2613236307404185
902,5.508355874111384,7.285890944006443,-1.777535069895066,1.981679707146533,0.06169087637955498,1.8685110139572574
903,5.890796247198477,7.449874316506051,-1.559078069307816,1.2976796189080453,0.05358359328197952,1.9301876333448462
904,6.243532904968969,7.750981512609588,-1.5074486076405265,1.5141190451625235,0.06479659084939983,1.846658907313741
905,5.002549912242738,6.885300546438817,-1.8827506341958724,0.7368747426053623,0.021488803821232905,2.2992842459265344
906,4.882156245968144,6.554604808277521,-1.6724485623092278,1.580908080303935,0.05634894362913496,1.9083271686299594
907,5.569211435024453,7.053705185500785,-1.4844937504763038,2.335794161309874,0.09406451539010674,1.6743363448491715
908,5.574384619492729,7.380504179883733,-1.8061195603909255,1.0569650472115768,0.03347962022282726,2.126283990933246
909,5.260355820104177,7.069178279490931,-1.8088224593868745,0.17949821702174873,0.005758052387590493,2.7612503256083247
910,5.016323349147751,6.600904048589019,-1.584580699441176,1.436691290523889,0.05695698996278613,1.9036407336504408
911,5.22445515708996,6.92749291901789,-1.703037761927817,1.6840044355869104,0.05768877135905666,1.8980554998775023
912,5.563899670270484,7.3904239992496095,-1.826524328979076,1.681442305495871,0.050623142034294175,1.954660611983524
913,6.044933585166927,7.517442362857832,-1.4725087776907912,1.5850180162447671,0.06990317826551187,1.8125375440441416
914,5.751742860908461,7.453425108663399,-1.7016822477548885,1.9618820535670523,0.06599399833893015,1.8384644318843644
915,4.774698488904232,6.388568532170172,-1.6138700432661608,1.2100206812274017,0.04732777799841858,1.9833551065010573
916,6.121239951722327,7.750938948669049,-1.6296989969466722,2.1201938466740025,0.07568117120115499,1.7763140349497106
917,5.289334060565988,7.1192512166794195,-1.8299171561134244,1.116489141106637,0.034333872318151853,2.1161285923376583
918,5.249344991715542,6.880791894335065,-1.631446902619473,1.6019833306438152,0.059548902760327226,1.8841188371454023
919,5.131816966604855,6.766114318359211,-1.634297351754185,1.6819032502837956,0.06193193056991471,1.86678276284681
920,4.770592723444405,6.567576926817392,-1.7969842033730856,0.859245279697646,0.027711673472206565,2.20134409489584
921,5.435000354608018,7.02543069708992,-1.5904303424820228,1.5340209581066304,0.059918245419476004,1.8813947138405276
922,6.033331174763315,7.8400446669948884,-1.806713492231438,1.6107774773390702,0.04969575629903304,1.9625734667150267
923,5.430571097658866,7.213131613678076,-1.7825605160192026,0.735709027151259,0.024244323243840692,2.253235197258427
924,5.470380337708502,7.154873076267091,-1.6844927385582196,1.5476320666620822,0.05458927128683719,1.9221310395299358
925,4.860325295983056,6.493662569876729,-1.6333372738938579,1.1024248529511773,0.04252339598626267,2.028361210180406
926,5.527474262335499,7.134728968407455,-1.607254706071899,0.8195848674612094,0.03331015974576744,2.1283248426493873
927,5.438100167861375,6.919988155175236,-1.4818879873139394,0.8896887884765725,0.041851838910771655,2.034990400312687
928,5.389255575593051,7.128645609535329,-1.7393900339420725,0.8019202929005296,0.027782772031319323,2.200340131074257
929,5.370689308687314,7.088086484983581,-1.7173971762963447,1.0471735919923404,0.03677711392117433,2.088229760954727
930,6.030393294711484,7.666651856362929,-1.6362585616511751,0.9095258900994594,0.03545862826679686,2.1030817009756015
931,5.5227862638627805,7.155490235537098,-1.6327039716741183,1.5456865340246146,0.05763910452532236,1.8984327068578357
932,4.923716032757692,6.742056810473986,-1.8183407777162301,1.0027210676643215,0.03137762662121468,2.152250545079293
933,5.473998587772893,7.073452495835195,-1.5994539080622872,1.311528158517028,0.051702531130180515,1.9456022949798626
934,5.149030750242172,6.852459172509203,-1.7034284222668248,1.904167403842834,0.06420350801071746,1.8507640294938534
935,5.156963582151047,6.781307630092076,-1.6243440479408946,1.927279150575508,0.07027413725840297,1.810139626220319
936,4.9324272745354385,6.662922324763461,-1.7304950502282281,1.4251808101647363,0.048224158850300305,1.975387776833778
937,5.81463380937107,7.408515900734752,-1.5938820913636391,0.8706298200526348,0.03582192618655736,2.0989429945028
938,4.989960104753845,6.544926509245247,-1.5549664044915517,1.7745024944776269,0.07040280358835455,1.8093103394586714
939,5.716240044490359,7.658059053610945,-1.941819009120536,-0.40860927981061224,,
940,5.618850652283935,7.191474161259851,-1.5726235089762213,2.1076020266006417,0.07966246407703993,1.7526478984798057
941,5.564520303763356,7.065085731051855,-1.5005654272888478,1.577706511404898,0.0675766129866151,1.8278197175605406
942,4.829425807135248,6.492681094172948,-1.6632552870378277,1.316060210386091,0.04830505073250407,1.974674921015697
943,5.443585163467969,7.255315343982904,-1.8117301805150419,0.6152578643078854,0.019617810967172807,2.3335783569241575
944,5.1950607866364855,7.09580092216812,-1.9007401355318052,1.0467692808772995,0.029737598797965416,2.173567933693048
945,5.752681074569818,7.191713431268791,-1.4390323566990446,2.1389179686449253,0.09188781047295384,1.685522484706443
946,5.734576360785876,7.434926415644053,-1.7003500548580632,1.362934007059934,0.047857217465031014,1.978634100070019
947,5.230825296034208,7.043628319604718,-1.8128030235704955,1.192552113635255,0.037280874923702724,2.082674811406259
948,5.127897558751737,6.689860637379258,-1.5619630786275138,0.9091428062543265,0.038749265771160855,2.0668396519232677
949,5.688427416154308,7.4398305070119655,-1.7514030908575933,0.9594251726138054,0.03252940344321793,2.137844038290447
950,5.62391889223154,7.288818607643119,-1.6648997154113658,1.0818642596628685,0.040293596839060114,2.0507264173028052
951,5.319487743183526,6.903564227324214,-1.584076484140951,1.4985855987520118,0.059120139845891796,1.8872988589248731
952,5.6023365694624765,7.019457379893982,-1.41712081043147,2.183557900375895,0.09535921457756524,1.6677809716873664
953,5.730496705437371,7.29385018854882,-1.5633534831113138,1.0078649112946856,0.04251373667132568,2.02845593108719
954,4.999600604458646,6.534472168003813,-1.534871563545039,1.1022968849960506,0.047656308185380664,1.9804204121886524
955,5.192194339909928,6.885412350346133,-1.6932180104363397,0.773877108741992,0.028401266152633442,2.1916987487803667
956,5.207912023491371,6.966119343902047,-1.7582073204107473,0.9965620595319002,0.033461110522977185,2.12650647702748
957,5.183886230141024,6.989012103523056,-1.8051258733819395,1.0934875034007412,0.034625552135054215,2.1127105222177147
958,4.988102985584828,6.825945188673831,-1.837842203089167,1.1123659602135945,0.033903756377011623,2.1212144906178314
959,5.459687127839015,7.0284310555644005,-1.5687439277255635,2.5509215553433933,0.09299249561891647,1.6798192139752055
960,5.513316909522882,7.311883521319718,-1.7985666117967867,0.8801889253240702,0.028313162053670977,2.1929197422042543
961,5.597964619370895,7.286675402636806,-1.6887107832660604,2.0057319310695476,0.06813452239954096,1.8241160974631614
962,5.807690533253844,7.384048951263001,-1.5763584180092494,1.4317903886426997,0.05730012485113619,1.9010144125414792
963,5.156991785711806,6.83761714817172,-1.6806253624599776,1.0431179228674097,0.038245355759677684,2.072215422558826
964,5.187952067881451,6.915292878971844,-1.7273408110902437,1.967424331032209,0.06447063175761188,1.848911230660714
965,5.757233092753676,7.405829296998878,-1.6485962042449955,1.9558145513834546,0.06943052795163841,1.8156079844060373
966,4.95819789243178,6.64070824741329,-1.6825103549815594,0.7980653888627778,0.029634373425042007,2.174943195467566
967,5.129442426337118,6.953018972764834,-1.8235765464278302,1.1556168281901122,0.035741736795883834,2.099853426198615
968,5.544763904731052,7.284813055092865,-1.740049150361756,1.1555986675327787,0.03930269061227322,2.0610036631530995
969,5.341379870624632,6.996558339026667,-1.6551784684018003,0.8647964188008075,0.033057933215988725,2.131378979120536
970,5.199203601646513,6.990014635821954,-1.790811034175249,0.92122195679746,0.02986277360231852,2.1719057378598707
971,4.99180660762563,6.681321645809685,-1.689515038184254,1.6151673326056795,0.05639624200556296,1.907961117016912
972,5.4350213838769825,7.109029461671721,-1.6740080777947242,2.0754223403546064,0.07116772849004833,1.8044057105899307
973,5.542996016150891,7.109259824171641,-1.566263808020949,2.3839836584952643,0.08842599113416301,1.7037596925556315
974,5.687894075907888,7.131548542243404,-1.4436544663353743,2.064320920111715,0.08900483719074927,1.700670714891059
975,5.811679774480535,7.246227942947332,-1.4345481684665629,1.627965419209655,0.07440350523879323,1.784124080002326
976,5.642583599868384,7.343992308253451,-1.7014087083848608,1.0679604453257276,0.0381629376746776,2.073100390601992
977,5.787919373343765,7.35383223544498,-1.5659128621009586,0.704027453678215,0.0303906335277962,2.1649615031697786
978,5.710267844599638,7.28745054722776,-1.5771827026278515,1.5038059455934842,0.059742165230402405,1.8826916681708192
979,5.412620756618889,7.088749082063,-1.6761283254438695,-0.014337441270146911,,
980,5.445243344729487,6.939842174652281,-1.4945988299227793,1.844283228842933,0.07733130411454384,1.766384855529152
981,5.659158607772223,7.152489677471532,-1.4933310696992521,2.021566918871123,0.0833410133922795,1.7316212879736788
982,5.295294174383752,7.0583732301122915,-1.76307905572844,1.9533150162315742,0.061805700873378416,1.8676870777350159
983,5.365355666905042,7.113650265841276,-1.7482945989363543,0.3911628521477759,0.013590271496339679,2.4679146613738348
984,5.298639209427346,7.031151815694248,-1.732512606266937,0.6428966303998287,0.02261398778886609,2.2798938014273227
985,5.316892106813338,6.960013386866638,-1.6431212800532649,0.6704697903755701,0.026338491030593335,2.221184153769474
986,5.449325492064826,7.332849102563191,-1.8835236104985142,0.978134944824756,0.028388747763322873,2.191872036210095
987,5.123237735191378,6.91552586820622,-1.7922881330148357,1.70045479328774,0.05300709588531858,1.9348631120993665
988,5.4497073081181036,7.177786155879847,-1.728078847761708,1.48123933656046,0.050077308184494226,1.95930303805245
989,5.30531973667139,6.903984378134407,-1.5986646414628467,1.359942732598924,0.05343893600929326,1.9313568616490058
990,5.904737186679039,7.711527928671092,-1.8067907419920175,0.5330850134919132,0.017128558018503628,2.3839364922749233
991,5.313752987237148,7.090254931040096,-1.7765019438027139,1.3377271082313307,0.04325176626335994,2.0212705475735118
992,5.437832772205592,7.087131791212048,-1.649299019006321,1.9722256943466405,0.0698726714465999,1.8127352077030712
993,5.696191641730547,7.2482102384038605,-1.5520185966734061,1.0701416960262122,0.04548865196274873,2.0001075474589625
994,5.60073671225582,7.1768957879937965,-1.5761590757381327,2.6620751726297875,0.09543984986231652,1.6673750598894146
995,5.485753415909311,6.961844155201138,-1.4760907392917488,1.01883752294993,0.04759502864921506,1.9809665168106567
996,5.479570739521886,7.299913929436276,-1.8203431899144107,0.4634275608807137,0.01464706070991522,2.440989991074314
997,5.500300949800884,7.008535464400193,-1.5082345145992804,1.3518406946262154,0.05876832018987852,1.8899225423822468
998,5.608541250650159,7.2775643093803275,-1.6690230587300903,1.6609249975348668,0.05906470715507406,1.8877113846771423
999,5.361075463504175,7.154057409889663,-1.7929819463852255,1.3681765220044078,0.04337347219856338,2.020095599790774
