,logR,logI,logS,d_G,p,sigma
labels,$\ln\mathcal{R}$,$\log\mathcal{I}$,$\ln\mathcal{S}$,$d_\mathrm{G}$,$p$,$\sigma$
samples,,,,,,
0,2.765493068791321,3.6140989686384484,-0.8486058998471435,0.9500713015546376,0.09687873093175971,1.6601775929886573
1,2.4362292344245504,3.2768854192304766,-0.8406561848059937,0.9543733924937698,0.09818384291495398,1.6537228244398785
2,2.691883766429888,3.4955205824899394,-0.8036368160600205,1.059171546389393,0.11071255621197033,1.5949985670981417
3,2.422396501265317,3.2470160232525873,-0.8246195219873016,0.9562063064948751,0.10034660314726125,1.643175617282245
4,2.5601451826720365,3.322511058201107,-0.7623658755289853,1.0844428045513308,0.11840737982965457,1.5614934002266538
5,2.475186172426666,3.31148050602861,-0.8362943336019271,0.9106697584264525,0.09543016451904404,1.667423800643635
6,2.379907919116809,3.1763944191367446,-0.7964865000199097,1.054360498190952,0.11135063622593125,1.5921516404349008
7,2.500965762173101,3.362799124013263,-0.8618333618402403,0.9982373501089625,0.09874496852662348,1.6509686890400115
8,2.420235272258188,3.23400718581868,-0.8137719135604584,0.9944961139843369,0.10461625770333731,1.6228743970989208
9,2.5518469304507705,3.3406389548348394,-0.7887920243840654,1.1275383568305726,0.11765986793271523,1.5646718683156497
10,2.488366845703004,3.2876877209981816,-0.7993208752951659,0.9927580559308877,0.10641252512490204,1.6145299535384339
11,2.497269032078171,3.3062066685846205,-0.8089376365064709,1.0293851135101875,0.10782968713636241,1.6080250749937328
12,2.5957976698956515,3.411387813081619,-0.8155901431858865,0.9872421718574445,0.10383787956786009,1.6265256584897974
13,2.471532434219958,3.277108774461729,-0.8055763402417142,1.025252608848485,0.10798103822689463,1.607334371518023
14,2.368350529545856,3.211777151070559,-0.8434266215245998,0.9611123135016948,0.09833737342933471,1.6529680143451648
15,2.5640897085873946,3.3836501366421268,-0.8195604280546149,0.978198782912787,0.10264560850544897,1.6321608369489926
16,2.682001812742661,3.486758191154029,-0.8047563784114118,1.0158025216592557,0.1073962300794785,1.610007449177777
17,2.546210092773768,3.3291739313344357,-0.7829638385605904,1.0403253090795759,0.11220657378055544,1.5883528463267005
18,2.667434485416939,3.475814477475009,-0.8083799920581214,1.0658627248094579,0.11054279822788088,1.595758158892112
19,2.3974969319600548,3.2311912534908616,-0.8336943215307429,0.9087903686924559,0.09560626926083661,1.666538184994792
20,2.507359668369068,3.3362107156613026,-0.8288510472921189,1.0192941155661241,0.10445288700819425,1.6236389523173091
21,2.585807435397547,3.4206570100864604,-0.8348495746888602,0.9167230182914872,0.09607044848063159,1.6642101095763293
22,2.67565068271596,3.4919302327208244,-0.816279550004765,1.0468134291191118,0.10810438658776798,1.606772027452248
23,2.5765022910703608,3.3781896173144905,-0.801687326244064,1.0227007078712962,0.10832039449581761,1.6057884715982027
24,2.4202733323869468,3.2374129912237435,-0.8171396588368225,0.9951497094000992,0.1042211190335253,1.6247252295714916
25,2.525393493043899,3.344474059215981,-0.819080566172147,0.9378438363292374,0.0996628831064994,1.6464901658983637
26,2.6208006981056458,3.4544241270529565,-0.8336234289473623,0.9371720988111742,0.09777436502174343,1.6557405828581842
27,2.4042734981114706,3.266382340889598,-0.8621088427781842,0.9273617014549433,0.09355760733532238,1.67692265528054
28,2.400021238563673,3.19651515360095,-0.7964939150372174,1.0206981669017379,0.10887997701679249,1.6032477051023422
29,2.4046153496560607,3.211247735040503,-0.8066323853844324,1.0251110366908294,0.10782795594768994,1.6080329798579658
30,2.64013811558049,3.403266120944449,-0.7631280053640239,1.1460804127332023,0.12272395692081563,1.5434404035349312
31,2.3788409602993767,3.187783296708005,-0.808942336408677,0.9703990374816254,0.10344855597765336,1.628360084886098
32,2.657029587337084,3.4625451648788066,-0.8055155775416551,1.0089472024128416,0.10678713121248373,1.612803841774687
33,2.4944332070750677,3.2980926303103524,-0.8036594232353309,0.934492723181136,0.10139413017399942,1.638132147398865
34,2.387141861879505,3.2438756433380793,-0.8567337814586153,0.7928449814377592,0.08379700222223288,1.729067571425396
35,2.6290734154050512,3.511321709955188,-0.8822482945500951,0.925740321780312,0.09106560484011626,1.6898032343799243
36,2.548916557619569,3.3283611600394774,-0.7794446024199715,0.9564650754407795,0.10632717351266041,1.6149239107147149
37,2.791356129946044,3.59223654753221,-0.8008804175861997,1.0779713954516894,0.11244295237411478,1.587307787380524
38,2.6307840641982154,3.4457044714672374,-0.8149204072690281,1.0417571009449935,0.10792268797775414,1.6076005669667948
39,2.5287563456466757,3.3447555377303444,-0.8159991920836092,0.9088792019395959,0.09782184410950769,1.655506277508834
40,2.5509332031965557,3.3166343465072816,-0.7657011433105936,1.0492299777836753,0.1153226887643456,1.5747130735248291
41,2.495256977089403,3.3068722088757405,-0.8116152317863907,0.9291564250513624,0.09995220312802194,1.6450853896247313
42,2.6098036233124646,3.430564106890205,-0.8207604835777147,0.9458706662265459,0.1000591479602849,1.6445669461473116
43,2.5547693610023914,3.391035119026778,-0.8362657580244104,0.9618246661923802,0.09928824355064307,1.6483140476605078
44,2.4640864559482822,3.2425080514868037,-0.7784215955385889,1.0796696791094242,0.11573290496480261,1.5729391663683365
45,2.584220042657185,3.3983340123079198,-0.8141139696508617,1.033415051076072,0.10742705548506962,1.6098662630749225
46,2.6073103945186547,3.389273584273234,-0.7819631897544923,1.0739059061231255,0.1148090182040774,1.5769413615818915
47,2.481660830620504,3.2762615288083965,-0.7946006981878782,0.9875373446488966,0.10665566203905487,1.6134090786771742
48,2.4801687936114747,3.2761153713642126,-0.7959465777527157,1.0435440210104532,0.11063672020334014,1.5953377858987277
49,2.551826967972366,3.36549557466004,-0.8136686066875427,1.055970688088756,0.10911421944253355,1.6021872011690095
50,2.4648708425612456,3.2741803930830033,-0.8093095505217889,0.9960192181324032,0.1053204802061522,1.6195895298409522
51,2.623399928368704,3.4808068602505737,-0.8574069318817692,1.0013690924403034,0.0995184468622674,1.6471926851825824
52,2.661546769277939,3.456447778432955,-0.794901009155069,1.0735790181616949,0.11296100667075633,1.5850234488829082
53,2.6470501925688183,3.468909848433141,-0.8218596558643867,0.9648887399829664,0.10135274180075879,1.6383306282031624
54,2.5694266305348408,3.4138087792556013,-0.844382148720797,0.9086493899407042,0.09428824200328396,1.6731984164355502
55,2.49237553035197,3.334783598480938,-0.8424080681289752,0.9914067122995578,0.1006856217080262,1.6415387907361632
56,2.313627699179611,3.135302713283506,-0.8216750141039029,1.0475435098362138,0.10743406355058678,1.6098341693054343
57,2.38254444205551,3.1799397363827855,-0.7973952943272025,0.9956785144941005,0.10689149367824502,1.6123238147158896
58,2.481431715134127,3.2755208020165756,-0.7940890868825363,0.9744923450898764,0.10573434180187448,1.61766718384875
59,2.5609972911732855,3.3560384652496844,-0.7950411740764594,1.0055026311309736,0.10794701235950128,1.6074895846202444
60,2.5127867892235742,3.3079636618325607,-0.7951768726089767,1.0089685153368984,0.10818751865784267,1.6063933155240175
61,2.532678262228265,3.345986912533595,-0.8133086503053164,1.0589363029432541,0.10937547748344886,1.601006509050864
62,2.4837945685909433,3.2503303356847515,-0.766535767093842,1.0104050304451855,0.11227820650945974,1.5880359660079255
63,2.400868285666084,3.221195953422242,-0.8203276677561462,0.989832949581789,0.10341004449665048,1.6285418425032625
64,2.4365663824427117,3.242523369246619,-0.8059569868039489,0.9790772379776653,0.10449719564940702,1.6234314994053118
65,2.490719367157331,3.2772852644780293,-0.7865658973207701,1.015560743400007,0.10986222787465294,1.5988126928726822
66,2.5677445095604896,3.350923919978079,-0.7831794104175742,1.0681282184389724,0.11421628534722068,1.5795223886000724
67,2.434331587242005,3.2708051995252805,-0.836473612283271,1.0031786809989314,0.10229773292241352,1.6338148515582693
68,2.311119461983472,3.1301266213408048,-0.8190071593572839,1.0376000908839966,0.10707537025844258,1.611478956251025
69,2.5401919476747623,3.381675569833629,-0.841483622158762,0.8531861110748888,0.09034633271101511,1.6935736287917618
70,2.53808803398953,3.309880036043682,-0.7717920020540987,1.077411435216386,0.11652201758817651,1.5695406402729426
71,2.313079837042429,3.0937612865458175,-0.7806814495033905,0.9921035112674561,0.10890374914370614,1.6031399974783762
72,2.5601877821194337,3.3477878023957124,-0.7876000202762725,1.1272639750248594,0.11781189977910284,1.5640241384860214
73,2.7418073720578975,3.5141757874360366,-0.7723684153780823,1.1155282008604035,0.11918946852617808,1.5581847096484973
74,2.4117044743348885,3.2543542274793817,-0.8426497531444284,0.9040203288767099,0.09414590136790166,1.673922144952589
75,2.36191382037986,3.1863593869109494,-0.8244455665310397,0.9209244619119534,0.09768826671259119,1.656165702873596
76,2.6015867705597118,3.424277463106559,-0.8226906925468711,0.9724471402247703,0.10181101496808556,1.6361365366720066
77,2.366327380273893,3.199817597190967,-0.8334902169170846,0.9245232284700502,0.09683287666576557,1.660405638155605
78,2.5070201720601433,3.2895846982171917,-0.7825645261569889,1.0167325209143356,0.11050493910914509,1.595927687304415
79,2.6579253872738406,3.4902137432055294,-0.8322883559317233,1.0854194609368015,0.10869115511422074,1.6041038876336613
80,2.592625787613079,3.3494292441838636,-0.7568034565708786,1.122943706613275,0.12202214224488721,1.5463413843714389
81,2.5700481048555646,3.386694822266431,-0.8166467174108902,0.9420564389517967,0.10029597101283395,1.6434204541169588
82,2.5990731733892205,3.4246913264242242,-0.8256181530349522,1.0356752721370495,0.10605893152690661,1.6161636688941006
83,2.5031784651887308,3.297468909061567,-0.7942904438729101,0.9600924031341282,0.10460525182536513,1.6229258734895524
84,2.6016977073488676,3.3807388182908595,-0.7790411109419892,1.057965696454549,0.11406037791293379,1.5802030308759645
85,2.36001476142109,3.170895168790788,-0.8108804073696092,0.9086198928251128,0.09845099597689688,1.6524100116537574
86,2.527570576506369,3.384141233442603,-0.8565706569362419,0.9582808317394169,0.09650512696016444,1.662038142408062
87,2.4679550068041096,3.2677458526067844,-0.7997908458027041,1.0795358754888609,0.1127062538610897,1.5861457363069957
88,2.559226540725709,3.372744867324989,-0.8135183265992509,0.9868516981001316,0.10408109549346409,1.6253824384243098
89,2.461879927808687,3.299304516618021,-0.8374245888094265,0.9660941311792581,0.09945868847169813,1.6474835801941832
90,2.7082159516211193,3.5126508859546557,-0.8044349343335853,1.045428548653602,0.10960888939251305,1.5999535451999396
91,2.4020690603663213,3.199842685310672,-0.7977736249442842,0.9946400706410738,0.10676241295899214,1.6129175906505417
92,2.517187579877478,3.3174610085714424,-0.8002734286940267,1.026630371636843,0.10880220229502513,1.603600219692346
93,2.5860439595817213,3.379022713046489,-0.7929787534648085,0.9981248650142427,0.10767418421553004,1.6087355256028102
94,2.408624586619331,3.2139683151207987,-0.8053437285013842,0.8857349756334254,0.09734937032091895,1.657841956210364
95,2.5308281293500756,3.337627456453769,-0.8067993271035903,0.9789576578631571,0.10437661151149606,1.6239962377084571
96,2.647007669585028,3.4578983508445194,-0.8108906812594796,1.0571424102857994,0.1095751576373692,1.6001056056827763
97,2.583394480064831,3.3848458658323124,-0.8014513857674501,1.0563263358462547,0.11080765677655849,1.5945734360615662
98,2.6202622371372315,3.405145534116786,-0.7848832969795012,1.085558282239238,0.11523601633427558,1.5750885078045294
99,2.266888697117898,3.122608271150392,-0.8557195740323777,0.8928064104530327,0.09172479500977403,1.6863687582792308
100,2.3562038399578484,3.1827484740255874,-0.8265446340677727,0.8937884817463235,0.09532945704808161,1.6679308382330575
101,2.488500493397956,3.3129492852136013,-0.824448791815712,0.9345735485809792,0.09873129786187855,1.651035639149185
102,2.6250568739879925,3.456906302305345,-0.8318494283174687,1.0172056137999101,0.10391106054213789,1.6261814526804867
103,2.65312375892062,3.46159943942591,-0.808475680505353,0.9506918456285764,0.10201253829284762,1.6351741843261511
104,2.605385013909532,3.4051363842539586,-0.7997513703444383,1.0476393655817025,0.11041133849572908,1.5963470161729518
105,2.659355511547338,3.4636205758481347,-0.804265064300921,1.042709418642095,0.1094344663490381,1.6007402318620516
106,2.4867671498717443,3.297444931857068,-0.810677781985305,1.0254482514760836,0.10730789701243044,1.6104122089399697
107,2.498872505756586,3.3328791210219824,-0.8340066152654799,0.8874419065444976,0.09392076123478078,1.6750686593982411
108,2.5226596341697047,3.3360327305302353,-0.8133730963604648,0.9998915346070456,0.10506882326224252,1.620761383785244
109,2.6507669317311326,3.4688655584670403,-0.8180986267359458,1.0600886369408393,0.10881024183198637,1.6035637711870643
110,2.672562050828438,3.4723350179514187,-0.7997729671229763,0.9684112873699497,0.10451067556597027,1.6233684003393596
111,2.4209288867588072,3.2780184397085868,-0.8570895529497875,0.8993840321739959,0.09206092212547917,1.684625117701638
112,2.481035478187883,3.340442820562386,-0.8594073423745385,0.8958524892679192,0.09151969136888244,1.6874352458292392
113,2.449631922299423,3.2185402615284615,-0.7689083392290286,1.0998760296125423,0.11857149061191302,1.5607976986923686
114,2.4184692169280795,3.2418068118010317,-0.82333759487301,0.9484373519771818,0.09992444274921072,1.6452200377449302
115,2.6067026013415586,3.4311425420025654,-0.8244399406611365,1.1038152976074138,0.11102604248400227,1.5935982688613353
116,2.6541548681501497,3.434262484059286,-0.7801076159091735,1.148159775951615,0.12036020432606169,1.5532634669538519
117,2.570503587442309,3.395753597399841,-0.8252500099575855,1.0835654318796224,0.10950563770218825,1.6004191136284163
118,2.604062453510656,3.4000980826610214,-0.7960356291503103,1.0789292465170033,0.11318667457797976,1.584030956834881
119,2.5645587506016825,3.4011447674164415,-0.8365860168147492,0.9216688234411572,0.0962323472331733,1.6634002294205583
120,2.4410107944935278,3.2640182407342055,-0.8230074462406947,0.9753412576865439,0.10198587174965748,1.6353014405314334
121,2.559071352459901,3.3214664951325568,-0.7623951426726308,1.0353265131603537,0.11475771221934701,1.5771643559723023
122,2.586889992639945,3.4074584867685345,-0.820568494128679,0.9761137778123818,0.10235920617227032,1.6335222446998825
123,2.5037129226498025,3.3077473777593904,-0.8040344551095586,1.0151535130101301,0.10744568939044452,1.6097809318753418
124,2.66444668504129,3.4736780507957756,-0.8092313657544992,0.9987820316129468,0.10553627728497782,1.6185864275755315
125,2.5414716728082483,3.327545182807618,-0.786073509999369,1.0544535495515366,0.11280970805811942,1.5856897385692317
126,2.5483750038492787,3.3430059122546703,-0.7946309084054519,1.014961435512649,0.10870870127800318,1.6040242778113516
127,2.6343452641239,3.434441879368974,-0.800096615245252,1.0299479532689384,0.10907032477220588,1.602385791738652
128,2.6766579625041147,3.4624367855281704,-0.7857788230240885,1.0980852264968082,0.1160066920620257,1.5717579711935543
129,2.5047423596719143,3.3116541929438976,-0.8069118332720109,1.0053266536725887,0.10633158666246553,1.6149035348072829
130,2.682197112284476,3.5003727920800762,-0.8181756797955586,1.0412032503493824,0.10744624821871511,1.6097783729853792
131,2.457412159369929,3.2906129578389804,-0.8332007984689653,1.0410978395295096,0.10544907305059549,1.6189915880235555
132,2.366868709037354,3.1911914348880352,-0.8243227258506067,0.952174994526835,0.10008095939415507,1.6444612636813432
133,2.526765222572172,3.337763996683415,-0.8109987741112263,0.9073528015482024,0.09833685245427833,1.6529705740500729
134,2.6065522173611186,3.3808498345168325,-0.774297617155753,1.047342513570884,0.11395100659038443,1.5806809485566522
135,2.584371884805924,3.3606868862127706,-0.7763150014068287,1.0809110067157044,0.11612522502615025,1.5712472659112362
136,2.623686399808085,3.415545739675982,-0.7918593398678695,1.0354416555441204,0.11060661456658062,1.5954725010500905
137,2.5836265777701244,3.39031529860192,-0.8066887208317439,1.0428489887931294,0.10911452737099325,1.602185808246097
138,2.59172285670592,3.450513441888782,-0.8587905851828737,1.0084809388949272,0.09985281988413237,1.6455675729950598
139,2.3996004989191904,3.223143466298924,-0.8235429673796943,0.981808072043654,0.10239729210121368,1.6333410294226152
140,2.482193715091958,3.3224578811686842,-0.8402641660767358,0.9163109480435501,0.09537273602758808,1.6677128865748485
141,2.7752112197560934,3.57227375380717,-0.7970625340510651,1.0794550533457152,0.11308083905306503,1.5844962292823186
142,2.404307995629884,3.2581946179960304,-0.8538866223661898,0.9233953373199895,0.09424983660117794,1.673393601712627
143,2.441206058569256,3.296309601052688,-0.8551035424835618,0.9856681252243349,0.09867720054143524,1.6513006455870987
144,2.602249522916614,3.3811299089344087,-0.7788803860178177,1.0630373137925069,0.11445510936754102,1.5784811756993646
145,2.560380411653219,3.388088507893729,-0.8277080962404852,0.9155718405859616,0.0968689191604057,1.66022638221397
146,2.50119637328543,3.2831528498301075,-0.7819564765447922,1.0822516884640452,0.11541454189762401,1.5743154403775788
147,2.479115130326923,3.2850388255322316,-0.8059236952052515,1.0643671783077457,0.11077225237761865,1.5947316717801687
148,2.350944517535359,3.1756386352785166,-0.8246941177432063,1.012364354965972,0.10449369542020218,1.6234478849253966
149,2.6365940287105247,3.4657125606938854,-0.8291185319832266,1.0121583315290774,0.10390076916339888,1.626229846411892
150,2.410860263053783,3.23848997551718,-0.8276297124632492,0.9876746561797258,0.102302644106773,1.6337914696432103
151,2.4652485833657836,3.2842694650481294,-0.819020881682377,1.057534568766235,0.10850388588666289,1.604954192819059
152,2.582432768982463,3.4036294330628682,-0.8211966640802757,0.9320482393006362,0.09895072157218601,1.6499619358228659
153,2.5670538475064775,3.376885364592956,-0.8098315170864225,1.0859231222020997,0.11177084265235059,1.5902838262344778
154,2.5298186445673907,3.289106498217754,-0.7592878536504486,1.1194413719619856,0.12139972528212746,1.548925104424527
155,2.5681452331908674,3.3753136326097857,-0.8071683994188561,0.9707697492521068,0.10371012568559566,1.6271270095594697
156,2.6414478092856286,3.427601483554415,-0.7861536742688031,1.0144392101238064,0.10983525042211213,1.5989340807275358
157,2.4774524827089324,3.326785004020922,-0.8493325213120215,0.9381055443797202,0.09590114442628984,1.6650582031477512
158,2.547315205151327,3.329228254793691,-0.7819130496424123,1.0980508636819124,0.11655744933877697,1.5693884686209902
159,2.599488157616625,3.4209100254657847,-0.8214218678491534,1.0533856567967068,0.10788563331280004,1.60776967052958
160,2.6797329868644426,3.468541125562648,-0.7888081386983004,1.065248892570173,0.11321266279573534,1.583916760270084
161,2.495379132707049,3.325935835646231,-0.8305567029391341,0.9974231778889724,0.10264041157930479,1.6321855134968781
162,2.598907023610073,3.4064220793662323,-0.8075150557561983,1.059920969536248,0.11023495796100154,1.5971379611387937
163,2.434893464395364,3.218678945188008,-0.7837854807926306,0.9319309198571069,0.10381855385322995,1.6266165889222555
164,2.4685235287880603,3.28752795310332,-0.819004424315267,1.002091798801053,0.1044882733076253,1.6234732681622115
165,2.688491190845403,3.4823655271018334,-0.7938743362565219,1.1459107099154717,0.1182100305193724,1.562331009294479
166,2.4057007014177914,3.253298202885665,-0.8475975014680444,0.8922820030028906,0.09265216511459794,1.681570447857011
167,2.3893325020250047,3.1845335729905204,-0.7952010709655042,1.0659016374467065,0.11236549698536248,1.5876500362409696
168,2.4885359828724547,3.2848269012175604,-0.7962909183451075,1.0485738161789722,0.11095647948750198,1.5939087270452927
169,2.4650636551450504,3.321305176274357,-0.856241521129391,0.8567805716933399,0.0888992223672523,1.7012331123202455
170,2.5099327638403026,3.346292461938121,-0.8363596980977945,0.9494995327740143,0.09835792294648914,1.6528670571126827
171,2.317821674970324,3.1511173715155887,-0.8332956965451785,0.8892455180298731,0.09414742023265488,1.6739144176817307
172,2.4445792659488377,3.2902847117631366,-0.8457054458143602,0.9688727369677701,0.09862449880900695,1.6515589270278008
173,2.4616587660619786,3.2514511510223296,-0.7897923849604922,1.0688032414546547,0.11333213616573137,1.5833920399137253
174,2.443037678851843,3.262514363116964,-0.8194766842650552,0.8619252809141051,0.09368886628192126,1.676251878902652
175,2.4304203009754617,3.2615404214628234,-0.8311201204874124,0.9643748480447836,0.10012931217509044,1.6442270464705804
176,2.431164047714438,3.258352348342672,-0.827188300628336,1.0384515568251524,0.10605082769885524,1.6162011617610925
177,2.486554135682573,3.2836114258159843,-0.7970572901333526,0.9511850506415849,0.10355146716989946,1.6278746521054184
178,2.703918040813838,3.5272422705841877,-0.8233242297703782,1.0305537461893843,0.10599326912847935,1.61646752548228
179,2.675137776169541,3.485633718285126,-0.8104959421156082,1.0586808798173313,0.10973928148118782,1.5993660940594252
180,2.6719526559193043,3.5002567384885483,-0.8283040825692751,1.0068446482687783,0.10362020289599802,1.6275506387717968
181,2.675480247465535,3.4534189303036347,-0.7779386828379984,1.081555541030848,0.11593889306541272,1.5720502710046913
182,2.570957509607743,3.383187494311025,-0.8122299847033219,0.9850920570510375,0.10411942756266344,1.625202454780207
183,2.5876557126012956,3.4356815582014586,-0.8480258456002048,0.9295626746470633,0.0954228181032807,1.6674607735648632
184,2.573711853219939,3.3875801746129715,-0.8138683213931017,1.0325298502464524,0.10739572452264366,1.61000976498981
185,2.5560223351810607,3.3419333948035104,-0.7859110596224355,1.1192253640975454,0.11748889240092984,1.5654010926185504
186,2.5426661581243395,3.3853540962734807,-0.8426879381491972,0.8551203321479095,0.09035602368606577,1.6935226688909977
187,2.485472537703336,3.2812594267660384,-0.7957868890626969,1.0430451924424884,0.11062226684210953,1.595402457441003
188,2.441632638035108,3.2297278050429328,-0.788095167007782,1.035602544086459,0.11114061346105322,1.5930872755766268
189,2.4360839574159088,3.2513565311782817,-0.8152725737623996,1.0080144981372474,0.10541660339600543,1.6191425135264559
190,2.5283647531580216,3.3609719120554096,-0.832607158897531,1.0032898988908907,0.10280367143161527,1.6314107816033778
191,2.601798501789736,3.4348483050475944,-0.8330498032578362,0.8981864678418803,0.09486953277742348,1.6702519134413194
192,2.5539683475772024,3.3365370677420487,-0.7825687201649316,1.1213582476833803,0.1181211871409673,1.5627084450307862
193,2.525411491153696,3.3287528922092737,-0.8033414010556044,0.9961307994649542,0.10612529956439228,1.6158566984773322
194,2.7152334514589627,3.4756394251400846,-0.7604059736810314,1.0575899308663979,0.11671237301857285,1.5687235316213974
195,2.3548804918520916,3.229578313939269,-0.8746978220871142,0.8000245692531971,0.08238982248220654,1.7369849777764512
196,2.5958070200432446,3.401291903400477,-0.8054848833571668,1.0606636044191444,0.11056633604543727,1.595652782596446
197,2.4972863403785284,3.3286284918926765,-0.8313421515141499,1.012227930830098,0.10361668656008641,1.6275672102807446
198,2.5554264241763947,3.351087957160295,-0.7956615329840133,1.0172227050249756,0.1087359547294716,1.6039006445872157
199,2.5342880667641254,3.3449729920129436,-0.8106849252487791,1.0770991010747113,0.11102830630494866,1.5935881680566188
200,2.6380531498446005,3.4010619510037468,-0.7630088011592306,1.0476059505066306,0.11559018923824838,1.5735557536199758
201,2.4070450041016245,3.2282896200181184,-0.821244615916612,0.9477816654127178,0.10014213924814114,1.6441649282350193
202,2.3708994223772977,3.211133724659994,-0.8402343022827381,0.9041080657702905,0.09444631653469447,1.6723957149021702
203,2.448870743561193,3.330356732590872,-0.8814859890296702,0.8150121685341443,0.08282171690267365,1.734543373358447
204,2.6838250641852626,3.487755748285266,-0.8039306841000098,1.0482607521780014,0.10988332024953788,1.5987178019446964
205,2.4800851033336273,3.298614709744393,-0.818529606410948,1.0193216699555836,0.10581312057194038,1.617301940791042
206,2.4848324610310244,3.265561615752383,-0.7807291547213708,0.9762075623547415,0.10768006598914617,1.6087086385981129
207,2.5894792041628905,3.4120228748090846,-0.8225436706462688,0.9121361803099775,0.09725031189515584,1.6583328010396832
208,2.6828993313242706,3.480538905842256,-0.7976395745179161,1.0194493643885072,0.10863106810343544,1.6043765893027973
209,2.642837165592701,3.4402702010323147,-0.7974330354395534,1.1305498920370665,0.11663597883841682,1.5690513309930556
210,2.3704150729208693,3.149441925616555,-0.7790268526956652,1.0729838152649451,0.11516044565995484,1.5754160344811259
211,2.650614959508735,3.4475206085279892,-0.7969056490192088,1.0628610237434275,0.11190864189168082,1.5896725160729641
212,2.522639960091388,3.365480243967109,-0.8428402838758302,0.9751414098074076,0.09944339708877899,1.6475580387909605
213,2.608109211177853,3.3934525179689046,-0.7853433067911055,1.0647021345512804,0.11366081173094078,1.5819507601209502
214,2.722678623774178,3.5370385530155937,-0.8143599292412773,1.0992187646437832,0.112083336057619,1.588898384184676
215,2.3671443852309637,3.178829908217747,-0.8116855229868634,0.9458841743405748,0.10122798759294507,1.6389292864285847
216,2.4777297185502136,3.2890760240913868,-0.8113463055411785,1.002439348667235,0.10552621476642804,1.6186331655819437
217,2.546385863012452,3.3566148374386358,-0.8102289744261952,0.9202934966552712,0.09944384757683757,1.6475558450910353
218,2.559845797255767,3.4007742787452,-0.8409284814895273,0.8994445963974531,0.0940048573205307,1.6746401468602652
219,2.624941546857477,3.42494558307065,-0.8000040362131813,1.0051232250813058,0.10724561714007388,1.610697746423914
220,2.2996402883883236,3.1278222982453623,-0.8281820098570734,0.9007952027208783,0.09567088355313656,1.6662135727883078
221,2.605477694709626,3.4104103249905733,-0.8049326302809732,1.0148162948800743,0.10729964859584282,1.6104500183037709
222,2.4877203258439438,3.326598254601055,-0.8388779287570287,0.9958693124402838,0.10145896952552715,1.6378213354869675
223,2.5270738874431715,3.355070318882263,-0.8279964314391464,1.0808855343969568,0.10894893593988673,1.6029353147451249
224,2.403828447763195,3.2466447756684826,-0.8428163279052114,0.9754580631124856,0.09946962856554425,1.6474303150093697
225,2.5961023960522795,3.444333549457188,-0.8482311534049813,0.9738665372276083,0.09867516401915981,1.6513106241600444
226,2.5791164933825628,3.356747722173908,-0.7776312287912788,0.9222727133118171,0.10387890936477844,1.6263326516157401
227,2.6635790003684776,3.453863754168815,-0.7902847538002788,1.0196152855977334,0.10965161017557112,1.5997610158645466
228,2.340104644548879,3.1722457129455903,-0.8321410683967088,0.9255851537673525,0.09708150543300045,1.6591701763894047
229,2.4677083017976345,3.299728985624873,-0.8320206838271815,1.0460764517402135,0.1059584454639266,1.6166287346098043
230,2.585501852745202,3.3802726086676187,-0.7947707559224,1.078682299421458,0.11334597781938323,1.5833312763183616
231,2.6392734534400604,3.398014582521006,-0.7587411290809314,1.1160797815134726,0.1212393340821629,1.5495925838994498
232,2.6814206089952592,3.468676974489917,-0.7872563654946134,1.0077362501384206,0.10918017897227376,1.6018889023672278
233,2.587817134849607,3.4382946799197813,-0.8504775450702482,0.9645125226905367,0.09771144016508328,1.6560512519254775
234,2.632970084727154,3.3847437170004446,-0.7517736322732844,1.0759808996344917,0.11934636833597634,1.5575229826531891
235,2.5250298352555007,3.3215995883155487,-0.7965697530599982,0.985232308580841,0.1062157590079552,1.6154385437305876
236,2.367019731275596,3.1645046908660137,-0.7974849595905198,0.9984759521103408,0.10708926970593653,1.611415139147366
237,2.66426787498539,3.4683414504250485,-0.8040735754395882,1.0540380158071425,0.11028204195573314,1.5969267241590153
238,2.6459259793089047,3.4436570889043643,-0.7977311095954747,0.9911936664734935,0.10650899716587771,1.6140849692988235
239,2.5741058106301495,3.3730883001110024,-0.7989824894807498,1.0919959996659765,0.11370683342613015,1.581749211840271
240,2.8150941185007157,3.6350694519145432,-0.8199753334138222,1.0615862176685154,0.1086642016825802,1.604226199579944
241,2.594476169606756,3.3927866146063734,-0.798310444999629,1.0955878613157217,0.11405588935419995,1.5802226373399824
242,2.611588177879972,3.4568308896243924,-0.8452427117443904,1.009463910194717,0.10163061033124483,1.6369993263130098
243,2.443005137435867,3.239226669455888,-0.796221532020013,1.0514228058142803,0.11117364691984495,1.5929400216418117
244,2.6531506060548424,3.417657350079511,-0.7645067440246294,1.1341770625827907,0.12167582249621783,1.547777719845227
245,2.3818607871949014,3.1597234472028286,-0.7778626600080543,1.0729155938736348,0.11532182172004667,1.5747168281547796
246,2.5188126970795026,3.3849290798974683,-0.8661163828179497,1.001358455014888,0.09843817004699228,1.6524729743036557
247,2.4726153433240285,3.2654635655564497,-0.792848222232351,1.0311414425430656,0.11015280972684043,1.597506680564602
248,2.591083412619915,3.3956044930688054,-0.8045210804489216,0.9870451069735493,0.10528714641210615,1.6197446226628402
249,2.6508295393776877,3.4780961267153425,-0.82726658733759,1.0312087304357973,0.1055203428349478,1.6186604409414325
250,2.494291674361412,3.230942409244222,-0.7366507348828009,1.043841741201319,0.11918413659936244,1.5582072091094938
251,2.4518822718109647,3.276352331077709,-0.8244700592666732,0.9597722554595272,0.10063363098546277,1.6417895233883928
252,2.6257697891183995,3.4012693566169463,-0.7754995674985139,1.1106374932371943,0.11838387339529348,1.561593111047779
253,2.438902230774366,3.2559431634437375,-0.8170409326694426,0.9234375460150621,0.09881752825165141,1.650613462066436
254,2.439347262572929,3.2433014753015317,-0.8039542127286268,1.0659493017220356,0.11115656754007974,1.593016152434637
255,2.382665374834565,3.229795770982348,-0.847130396147918,0.8644121017395805,0.09055756406858997,1.692463866066286
256,2.399803423239169,3.221015929257715,-0.8212125060185826,1.0093105004151042,0.10472769772376056,1.6223534149432983
257,2.4560092881729276,3.2849922260875357,-0.8289829379145885,0.9359674159167293,0.09826522814480636,1.6533225886625764
258,2.6481579411649734,3.470642738671119,-0.8224847975061493,1.0449155298422428,0.10713781390805491,1.611192307629506
259,2.729650288293206,3.5196250105985336,-0.7899747223053737,1.053669155681515,0.11220591670581002,1.588355753753837
260,2.5846453679305257,3.4067569352351676,-0.822111567304546,0.9520800171884924,0.10035638358692217,1.643128334321227
261,2.655756478741742,3.4434283210988528,-0.7876718423572129,1.133698150133788,0.1182523694037158,1.5621512181417196
262,2.6917069107704408,3.497687382113893,-0.8059804713433323,1.0467212059462543,0.10949182782934284,1.6004814095296125
263,2.430773649960875,3.245497973538677,-0.8147243235779342,0.9571707783995036,0.10169307000832364,1.6367004734588901
264,2.475430650051172,3.2744894699073597,-0.7990588198560999,0.9926179258465324,0.1064372684664337,1.6144157926101554
265,2.542080279065195,3.300481818963805,-0.7584015398986139,1.0336188180361363,0.11520556496203173,1.5752204650851147
266,2.4995559573892394,3.2857672770878916,-0.7862113196986229,0.9728683740172042,0.10667510375133285,1.6133195387693178
267,2.5079873329763047,3.325111284525119,-0.8171239515487514,1.021099035089156,0.10612925412953443,1.6158384123325467
268,2.4949089791683634,3.3295731651116713,-0.8346641859433248,0.9840366859247671,0.1011319223638382,1.6393906754215908
269,2.502593956830529,3.2508340468223618,-0.748240089991782,1.0543032664331236,0.11825195261504924,1.5621529877796532
270,2.4804884924661708,3.3051094502191387,-0.8246209577529271,1.0051862499520257,0.10397923138531119,1.6258609852014283
271,2.6367582147924993,3.4205661121795523,-0.7838078973869642,1.1805513316836245,0.12205365239727684,1.5462108565932189
272,2.571362416931484,3.377203437018555,-0.8058410200870867,1.0568645203775686,0.11024398579199296,1.5970974532809485
273,2.4097874965034323,3.256238944259952,-0.846451447756408,0.8978101438457706,0.09321232220867132,1.6786907880630813
274,2.5485520546845835,3.360553411702807,-0.8120013570181754,0.9826899524750057,0.10396996551649833,1.6259045337491462
275,2.5765681616968465,3.36548677526932,-0.7889186135724913,1.1920838037881578,0.12208811734621251,1.5460681190125698
276,2.5741272164059326,3.4194904837855664,-0.8453632673797529,0.8232969956976599,0.08752503166986489,1.7086001996126543
277,2.596429845423464,3.364041207832727,-0.767611362409184,1.0976084872899015,0.11859718147159931,1.560688857875762
278,2.4759538649222947,3.2716246596249188,-0.7956707947026871,1.0194072179703322,0.10889682002699808,1.6031713902539093
279,2.5989780323684415,3.418983265636101,-0.8200052332675796,1.0481159775380693,0.10769823800989418,1.60862557725787
280,2.643437371441783,3.5046791619862403,-0.8612417905444545,0.8811517436433829,0.09018920908854046,1.6944004762832499
281,2.4999896240525374,3.3208702156785708,-0.8208805916260644,1.0170932257937961,0.10533975733591958,1.619499856523024
282,2.4050719774899023,3.2422202302879017,-0.8371482527981016,0.8603276162046005,0.09142323992579376,1.6879374333638906
283,2.5254449893939097,3.3300537847585088,-0.8046087953645156,1.0641701873926501,0.11093872189166003,1.5939880034394738
284,2.472631348276528,3.2707502223458405,-0.798118874069246,0.9546178033368173,0.10367501179693227,1.6272923974887568
285,2.593872264321354,3.3522447524613885,-0.7583724881400258,1.1034533143248264,0.12038141808650796,1.553174640357354
286,2.5692576902722437,3.3560234275074,-0.7867657372351005,1.1006016951340254,0.11604542854877821,1.571591027985462
287,2.566504481417374,3.347011561444791,-0.7805070800274052,0.9979531933785231,0.10937292325760033,1.6010180414534378
288,2.6926105327346392,3.5272707816448894,-0.8346602489102679,0.9315118939227935,0.09721731652969812,1.6584963852561252
289,2.748008261581154,3.56653500127142,-0.8185267396902418,1.0113420401353899,0.10523036489200178,1.6200089009410579
290,2.4348473759227915,3.194203319555809,-0.7593559436330679,1.034088726740201,0.11510299262559416,1.575665151626532
291,2.468771257524614,3.3167226756990282,-0.8479514181743752,0.9338445819349563,0.09575227087324507,1.6658049451775916
292,2.5121621253044766,3.277692325389419,-0.7655302000849815,1.1015224746737535,0.11918519313177237,1.5582027507317442
293,2.4928347583061083,3.2574545332571483,-0.764619774951143,1.0605700742715096,0.11632142065473576,1.5704028465420075
294,2.5776472440380673,3.341460288357982,-0.7638130443200453,1.123077045533201,0.12098797313980995,1.5506400313621758
295,2.3569689860695378,3.18860037588347,-0.8316313898139924,0.9465722944817241,0.0987324874935444,1.651029812805674
296,2.5050385497687473,3.344512664666522,-0.8394741148978255,0.9757406391698944,0.09991156619428625,1.6452825039339425
297,2.780792044924843,3.5904926139940376,-0.8097005690691503,1.0209219350064722,0.10710770596897701,1.6113305021003959
298,2.504430651226008,3.2974509203914812,-0.7930202691654813,1.02611246279001,0.10975731207885114,1.599284904832604
299,2.604683418478763,3.39464303863314,-0.7899596201543773,1.1061461347626074,0.11598447306904155,1.571853748487867
300,2.5308352057854706,3.3089797072907037,-0.7781445015052668,1.0695872486082578,0.11503883224121067,1.5759434675582564
301,2.7858966558210256,3.557594890388786,-0.7716982345676797,1.1354473394698013,0.12070202034028239,1.5518336990487016
302,2.7061283841130632,3.5122932252813226,-0.8061648411683109,1.0397768437702473,0.10896247696139964,1.602873991024713
303,2.5684753228658708,3.372345563973751,-0.803870241107802,1.0313164604195837,0.10865679306335248,1.6042598233498793
304,2.5609346296612245,3.371834204415675,-0.8108995747544441,1.089462051452277,0.11187379313774896,1.5898270573034383
305,2.4994266057317334,3.3013822422195376,-0.8019556364878326,1.0385672785638957,0.10944786480496278,1.6006797667176071
306,2.7036155484828357,3.4757529246099854,-0.772137376127148,1.1614472314679434,0.12245953621729515,1.54453187200574
307,2.750130413935486,3.5344284482599684,-0.784298034324479,1.0700338783968921,0.11419639472880475,1.5796091839955693
308,2.4596937196483766,3.2268303639220055,-0.7671366442737053,1.0631809833247843,0.11615013291529873,1.5711400010992378
309,2.6719036576625883,3.45320800097756,-0.7813043433150142,1.041588356854592,0.11253318354934456,1.5869093210059269
310,2.5424749787525713,3.3909195196788455,-0.8484445409262662,0.8357403566768218,0.08815654828323971,1.7052031202849727
311,2.470452855035083,3.2907258724040216,-0.8202730173690043,0.9627784761417693,0.1013987899287467,1.6381098052643341
312,2.571180607601596,3.3894816272366373,-0.8183010196351006,1.039280793796363,0.10729090750634199,1.6104900885106568
313,2.5986341104253285,3.3828634840252545,-0.7842293735999419,1.005737061827249,0.109447207223924,1.6006827341418421
314,2.4644671640337408,3.2658160825045432,-0.8013489184709215,0.977219061977542,0.10496940537842944,1.6212249423686498
315,2.5617544690820666,3.3864584751292752,-0.8247040060472273,1.014834145762959,0.10467221567517956,1.6226127384997224
316,2.630138016766628,3.4360721738892193,-0.8059341571225787,0.984901610294151,0.10493819167960808,1.6213705552510096
317,2.4473868107023606,3.2062121822918805,-0.7588253715895235,1.0546524651968978,0.11672376665231839,1.5686746571827428
318,2.630867258035997,3.4563949309650988,-0.8255276729290699,1.0690416814079327,0.10844729119783048,1.6052113922751652
319,2.6216597440717266,3.3922010661029245,-0.7705413220311357,1.046384969750973,0.11441591536254353,1.5786519343801892
320,2.4883568836751153,3.302020668049893,-0.8136637843748531,1.028163138236386,0.10710555858158868,1.611340359715101
321,2.628444545726316,3.4582326663729392,-0.8297881206465263,1.0335024781702482,0.10535371866968653,1.6194349193458533
322,2.629126176432797,3.459922715254588,-0.8307965388218008,0.9443552163358278,0.0986707946820327,1.6513320336382054
323,2.4021638710198574,3.223338857963815,-0.8211749869440155,0.9425996200311828,0.09975780177516703,1.6460289358229352
324,2.5950785411916883,3.41155791312562,-0.8164793719339514,1.0430841218136502,0.10780905354500364,1.6081192975709815
325,2.6958027009876475,3.486568212123466,-0.7907655111358736,1.0356888175975414,0.11077628602396142,1.5947136418656658
326,2.6334161044448963,3.4011931770255956,-0.7677770725806567,1.0643186106464961,0.11614149749671021,1.5711771871310822
327,2.4499381493301287,3.2536612402510507,-0.8037230909209256,1.0321806456565823,0.10874005836874619,1.6038820308610917
328,2.37209280366516,3.193128340515019,-0.821035536849763,0.9723086974402739,0.10201460869393682,1.635164305211144
329,2.689785382272808,3.4273382557982788,-0.7375528735254875,1.1422707353524038,0.12633691802151698,1.528707718407488
330,2.492173656670835,3.279937121290198,-0.7877634646193883,1.1042148062866979,0.11616029721972726,1.571096234128554
331,2.738088344222993,3.5167655177270203,-0.7786771735039792,1.0528846219784678,0.11373832308024127,1.5816113424689837
332,2.4351028363749863,3.2447978188938795,-0.8096949825189768,1.007078076869414,0.10608922751127758,1.6160235227476594
333,2.62732642926118,3.4112206537379497,-0.7838942244767395,1.1447565912985098,0.11957102717738351,1.5565766668257652
334,2.4116362131784315,3.2371289491602844,-0.8254927359819249,0.9324854877650242,0.09844036583443175,1.6524621946909677
335,2.594508960640033,3.407725770676547,-0.8132168100364652,1.0137140158384994,0.10610859813520489,1.6159339328410345
336,2.4790078940867404,3.2877534692703647,-0.8087455751837069,1.0030891508923954,0.1059206394894938,1.6168037973170426
337,2.4025757716215055,3.2073055598467506,-0.8047297882251314,1.0076367150574472,0.10679558833244514,1.6127649284482242
338,2.647229782576906,3.448079991041768,-0.8008502084647944,0.9804076715282504,0.10527705923021709,1.6197915631790627
339,2.4967607834306507,3.3303494758881196,-0.8335886924575107,0.9605680049044976,0.09953279885982648,1.6471228425338131
340,2.386989918546297,3.258966308050766,-0.8719763895045389,0.8747267391579956,0.08846021261762793,1.703576619083211
341,2.6133078894505304,3.37652156668837,-0.7632136772377862,1.175996472827194,0.1248050588798345,1.5349135736645918
342,2.4696254482776028,3.2860599892084177,-0.8164345409307998,1.02512007856068,0.10651394019137547,1.6140621778435789
343,2.683632143741866,3.461420746322696,-0.7777886025809266,1.1160138345352109,0.11843457712087374,1.5613780527052707
344,2.6640921486468785,3.424269858781161,-0.7601777101343714,1.0833740031686245,0.11865032827631779,1.5604637570221402
345,2.7526244605528434,3.578162005487901,-0.8255375449350595,1.0096765774830145,0.10418740387095696,1.6248834095601499
346,2.4171526303763273,3.2202043896546644,-0.8030517592783326,0.9931610313821331,0.10594193638448382,1.6167051747437946
347,2.6588721753181432,3.4291393201655613,-0.7702671448474803,1.086645178414519,0.11741527300083868,1.5657153417839431
348,2.5206741135176487,3.335701963088179,-0.8150278495705834,0.8876751783663632,0.09628279214902699,1.6631481072451006
349,2.6343678399821244,3.464739992389727,-0.8303721524076764,0.9718559092687187,0.1007807045858988,1.641080506804879
350,2.551035736191912,3.3421606763098093,-0.7911249401179248,0.9838807678113675,0.1068490591682711,1.6125189522581282
351,2.3102088951316007,3.119830170650648,-0.8096212755189072,1.0496171811003012,0.10920594664883285,1.601772407998398
352,2.5117490944926346,3.3057668289568203,-0.7940177344640915,1.0077767714849504,0.10825652939861309,1.6060791088752124
353,2.6747059763176737,3.475280861479472,-0.8005748851618364,1.0216814235266243,0.10839638195380605,1.6054428444921673
354,2.495829079277533,3.280490690875864,-0.784661611598267,1.078163475325054,0.11473404440817121,1.5772672512906138
355,2.5693839154215454,3.36529506018173,-0.7959111447601117,1.0408062167163157,0.1104412016462763,1.5962131993676605
356,2.500494098885261,3.2974261368468247,-0.7969320379614828,1.0389282902480153,0.11016300429032254,1.5974609108244442
357,2.5539638237796596,3.398956760302681,-0.8449929365231128,0.9466301766804168,0.09706934198522149,1.6592305589090486
358,2.6551031450149964,3.44042337191962,-0.7853202269046733,1.0964588173636862,0.1159558994255031,1.5719769393668692
359,2.39418620923299,3.227679316252693,-0.833493107019649,1.0100363296592574,0.10317912462304778,1.6296328150431407
360,2.599924282649559,3.352004788839803,-0.752080506190282,1.1382786705855936,0.12383082706529912,1.538891334394225
361,2.6010766815486392,3.4154631994232,-0.8143865178745955,1.0056969547878365,0.10536336190028966,1.6193900705856816
362,2.5752323357884195,3.3951616042961166,-0.8199292685077353,0.9853413936044668,0.10312902639185151,1.6298697585343924
363,2.4410437220482124,3.250508601703905,-0.809464879655593,0.9540043736459909,0.10213633687967015,1.6345837479462366
364,2.4569931320690928,3.302308710548003,-0.8453155784789033,0.940096911296977,0.09654277485925537,1.661850394926309
365,2.470708136336944,3.335236956933978,-0.8645288205971156,0.9276571077323799,0.09329066720234402,1.6782891394179282
366,2.7056528813328584,3.4899683504365,-0.7843154691036034,1.112296966213036,0.11722795129966539,1.5665156345681286
367,2.5811643015679153,3.3808913356270343,-0.799727034059174,1.0752336833097647,0.11240724559674234,1.5874655403104512
368,2.4733509670222618,3.3333035354744402,-0.8599525684521723,0.8743360869433037,0.089819538854383,1.696350411351464
369,2.6281053966487122,3.4425335669829793,-0.8144281703341676,1.0654361840362125,0.10968796691271723,1.5995972140066035
370,2.7009250733421966,3.4717850855281687,-0.7708600121860627,1.044368437943133,0.11422031051949724,1.5795048256656647
371,2.364995706573714,3.208467069192199,-0.8434713626185157,0.9425607677840477,0.09695426895172253,1.6598021109631758
372,2.574404267815899,3.413983275269636,-0.8395790074537217,0.9564801045393065,0.09847504131989702,1.6522919904139655
373,2.5975581297433252,3.4181730344150574,-0.8206149046717428,0.9958713883109565,0.10381872855751842,1.6266157668517107
374,2.50946212940527,3.331478227003393,-0.8220160975980662,0.9538281287788801,0.10050058332948016,1.6424316350911738
375,2.5160801167771667,3.364169899126986,-0.8480897823498026,0.8852307295255963,0.09205278531861284,1.6846672664746911
376,2.3588766747862935,3.2275762596700353,-0.8686995848837569,0.907980276784921,0.09133699270343973,1.688386852031521
377,2.384696759246245,3.1948524348681215,-0.8101556756218997,1.0315820521432024,0.10782578787018077,1.6080428797631412
378,2.608044682991013,3.431574779365738,-0.823530096374725,0.9290262259135877,0.09842419001719775,1.6525416099067447
379,2.4330951679894413,3.274287695347636,-0.8411925273582028,0.9419973749532367,0.09719436307246075,1.6586102099440498
380,2.706921298677449,3.5229086359799697,-0.8159873373024311,1.0030910886685194,0.10495947599683925,1.6212712595163905
381,2.5407341936954624,3.362316616549944,-0.8215824228544761,1.0065995103164913,0.10448060000136995,1.6235091919908393
382,2.5333008048458994,3.3595253230923654,-0.8262245182464767,0.9582629117246879,0.10029609189546677,1.6434198694593658
383,2.61468213577256,3.3914037676182933,-0.7767216318458168,0.9639344436782857,0.10728067297725728,1.610537008110953
384,2.6152015140551073,3.3974989991307303,-0.78229748507556,1.0645449500530786,0.11408009749074903,1.5801169010251102
385,2.546058268848347,3.3528272236585948,-0.8067689548104227,1.0728938329098792,0.11126643364789754,1.5925265889826379
386,2.5563067790472958,3.411843401231151,-0.855536622183763,0.9237281022513053,0.09407579492622731,1.6742789224475352
387,2.5422557514068473,3.3683473298912,-0.8260915784842382,0.9253436586575123,0.09781995349102701,1.6555156058164386
388,2.3813778287477505,3.1857962451610633,-0.8044184164133412,0.9361317808702592,0.10142209237161622,1.6379980892664043
389,2.3305016705404484,3.1632475459512874,-0.8327458754108648,0.9347183669803045,0.09769872024668136,1.6561140714161566
390,2.592756452385393,3.4165309498649665,-0.823774497479576,1.0142698423543919,0.10475311821398509,1.6222346357970812
391,2.6375695731094226,3.4644372033664594,-0.8268676302569702,0.8994106487809157,0.09572629881949932,1.6659353148567217
392,2.6078868200127006,3.449296629209225,-0.8414098091965343,0.9812600283842863,0.10007184368690668,1.6445054295853134
393,2.52361922622014,3.354924754622577,-0.8313055284023676,0.8428949933567766,0.09073907122805308,1.6915119299718588
394,2.5696079212208276,3.4051010183346686,-0.8354930971138401,0.968190188214979,0.09985791260919573,1.6455428550278408
395,2.5465799221654977,3.3667697849875498,-0.8201898628220761,1.0466568960143716,0.10756892351708343,1.6092168943847744
396,2.5255264514428206,3.336639746522138,-0.8111132950792808,0.9477335196663317,0.10144346963707648,1.6378956208828799
397,2.4377571007729473,3.2353783285428324,-0.797621227770037,1.043431392438571,0.11039763500521836,1.5964084310960518
398,2.294999156336749,3.097400298515115,-0.8024011421783825,1.0423234590862187,0.10966093777587503,1.5997189871456294
399,2.4973095643724634,3.3116354880397645,-0.8143259236674112,1.0110076026982913,0.10576225410201334,1.6175377489971539
400,2.513123119839739,3.2736272835119604,-0.7605041636722945,1.0541663428520227,0.11644305720367812,1.5698798887357373
401,2.385999153663525,3.1982386248036465,-0.8122394711400602,0.9836558802065274,0.10401085551966296,1.6257123785201173
402,2.474837408521799,3.2902503505868235,-0.8154129420649951,1.0578122999883335,0.10901015731426723,1.6026581072296298
403,2.3586588193841096,3.1878635910827584,-0.8292047716986417,0.9227315807873584,0.09723033621746614,1.658431831028634
404,2.5615203589636537,3.385218740560122,-0.8236983815965004,0.9431665275698209,0.09947940431030507,1.6473827227673559
405,2.741331218616088,3.5276854904324417,-0.7863542718163217,1.0587988860504323,0.11308793939022699,1.5844650041580586
406,2.6888963357543987,3.5028778099741653,-0.8139814742198723,1.004727996361935,0.10534559364875086,1.6194727097414714
407,2.574706093911337,3.40893434132323,-0.8342282474119429,0.9514401603297715,0.09877070707351378,1.6508426582968685
408,2.7733128673796643,3.596959009241243,-0.8236461418616727,1.0352075629691293,0.10628618625449296,1.6151131845909708
409,2.6110979844405535,3.44532132209584,-0.8342233376553168,1.0917601614947843,0.10887311018254518,1.603278821069154
410,2.657282149053563,3.435029807668131,-0.777747658614544,1.0357902016332374,0.11260387590478546,1.5865973151885515
411,2.52050047203567,3.3151931119756397,-0.7946926399400809,1.0329900711026077,0.11003495808237254,1.598036033070153
412,2.6681347527560235,3.4763525861667595,-0.8082178334107084,1.0024295429974217,0.1059421428509788,1.6167042187068683
413,2.586213825909559,3.38795495810794,-0.8017411321983445,1.0396046752458896,0.10955292167632263,1.6002058641361192
414,2.435772031238676,3.2558107608537665,-0.8200387296150211,1.0016275238067842,0.104318234488568,1.6242698241881082
415,2.4975490819226622,3.317755261062755,-0.8202061791400865,1.0225851233444827,0.10582862307673063,1.6172300917226667
416,2.4603330077047674,3.2774664224707313,-0.8171334147659763,0.9217558079006101,0.0986760494851212,1.6513062855245488
417,2.6439008556508186,3.4372686669984414,-0.7933678113475935,1.0702043012713953,0.11293217716028464,1.5851503541812577
418,2.5688960290856273,3.383070628452297,-0.8141745993665381,1.0863513471803035,0.11120506176806817,1.5928000150573234
419,2.5411469741102253,3.3380673565088954,-0.796920382398639,1.0187871188922808,0.10868012204842513,1.6041539516690202
420,2.6056627517614204,3.4300842456784717,-0.8244214939170433,1.0541934036403888,0.10754252287115464,1.6093376859582245
421,2.458096255342858,3.2670839196881043,-0.8089876643451817,0.9538026412312286,0.10218321062683594,1.6343603402051203
422,2.4702998505610965,3.2840359653974383,-0.813736114836388,1.0013474129421642,0.1051284491447775,1.6204835314864956
423,2.513779866281189,3.2883830319344507,-0.774603165653275,1.0920866649473064,0.11718131980357968,1.56671501392617
424,2.6555351006871803,3.434812917579682,-0.7792778168925452,1.0788366912829874,0.11554992463463669,1.5737298205572412
425,2.661725630125025,3.483225636534246,-0.82150000640911,0.9935788063201172,0.1035338950407046,1.6279575127997614
426,2.5448969287432335,3.354224106207409,-0.8093271774641835,0.9552439004154403,0.10224873744445315,1.6340481656184103
427,2.4841411420579704,3.281933816659189,-0.7977926746012827,1.1125295670189024,0.11532474071751714,1.574704187879462
428,2.590077753529377,3.394913840953239,-0.8048360874238369,1.045256145680189,0.10954162120915333,1.6002568223313727
429,2.5789112054915138,3.4071478619306945,-0.8282366564391168,0.9323720183193678,0.09808614829526935,1.6542036165586043
430,2.6379492553353345,3.4342999047638174,-0.7963506494284047,1.096114758353991,0.11436850760647048,1.5788585398940547
431,2.5156839888327256,3.338787994797992,-0.8231040059652059,0.9810166508842664,0.10239541297012254,1.633349969190249
432,2.542497065546391,3.351904874169566,-0.8094078086232912,1.020256683389519,0.10709820403480522,1.6113741220612898
433,2.669833496191919,3.449782434272261,-0.7799489380803379,1.127783330464993,0.1189543457036541,1.5591776224125093
434,2.559059062208681,3.33002439813237,-0.7709653359237336,1.0497764206701328,0.11460719057164931,1.577819030533855
435,2.6065803567195105,3.367980393743801,-0.761400037024373,1.016045590051564,0.11344001383877483,1.5829186214648627
436,2.575555211293468,3.3438056038264032,-0.7682503925329911,1.128272361347331,0.12070200344460295,1.5518337696425668
437,2.5404126741575426,3.3317865107321345,-0.7913738365746212,1.0914749378261313,0.11473980906521415,1.5772421880253107
438,2.652475885884533,3.4477271124880704,-0.7952512266034546,1.1405803675042179,0.11764368740901962,1.5647408439019839
439,2.5600410159056453,3.315176050337326,-0.7551350344316461,1.1007223366099022,0.1206639809694328,1.5519926555049155
440,2.286648908724479,3.1264940359690283,-0.8398451272446437,0.8691007633182202,0.09178833533621697,1.6860387533261285
441,2.6996764434814993,3.47656598971094,-0.776889546229313,1.032363909099582,0.11246950968697277,1.5871904824947285
442,2.6421347652575293,3.4515048128634596,-0.8093700476059666,0.9994163777932643,0.10556493460935054,1.6184533404863977
443,2.5567052186613553,3.380481005029736,-0.8237757863682873,1.1305765953306997,0.11295874913393099,1.5850333854660459
444,2.5982592584619995,3.372491682132807,-0.77423242367081,1.139279323111282,0.1205993560258532,1.5522627959651019
445,2.6467025334602483,3.4657305042869013,-0.8190279708265962,1.1182259093552314,0.112762635787264,1.5858971793480467
446,2.6776566452034474,3.5098758002796537,-0.8322191550761318,1.073362345211438,0.10785834585497593,1.6078942296315315
447,2.501712793595621,3.285760591170481,-0.7840477975748854,1.1022055818985437,0.11654840428928559,1.5694273116841295
448,2.712054514523621,3.515846562146631,-0.8037920476230056,1.054881567949686,0.11038160272665308,1.5964802905908477
449,2.474894955894675,3.293285122041817,-0.8183901661471964,0.9695473318540615,0.10215059937339124,1.6345157619954327
450,2.4321423738739356,3.2738785002220268,-0.8417361263479961,0.998439392469181,0.10128139191763372,1.6386729431125544
451,2.6544541323152004,3.4381943604387852,-0.78374022812352,1.2101912988518833,0.12407275412944571,1.5379012806890957
452,2.578747646696675,3.3886003586086013,-0.8098527119118444,0.9158656524039226,0.09914760166467841,1.6490001613120142
453,2.4770221851266485,3.291462717354651,-0.8144405322281045,0.9505747382703751,0.10122912618043213,1.638923820030447
454,2.527691268262848,3.3128184229139026,-0.7851271546510361,1.1242834567601454,0.11795834874431027,1.5634008143343732
455,2.6364778784167044,3.4436842490482094,-0.8072063706315475,0.9460595296998298,0.10182336999606988,1.6360774929902429
456,2.6487084722766583,3.467709874641376,-0.8190014023648473,0.9802597096114596,0.10287196455088547,1.6310869942992883
457,2.436871915365478,3.260323284147932,-0.8234513687825711,0.996425887451138,0.10348915067685524,1.6281685535953698
458,2.307199766277668,3.1088519337464695,-0.8016521674688875,1.003504502851912,0.10690256920648937,1.6122728933623263
459,2.6184383209575715,3.4598887626817745,-0.8414504417243052,0.9502506107942641,0.0977781830896839,1.6557217376493172
460,2.476922152278567,3.2746244291301116,-0.7977022768515099,1.06924890747938,0.11225882128755087,1.588121704301962
461,2.484899947624504,3.2573620006463995,-0.7724620530219681,1.0946055166869986,0.11767343225668507,1.564614051003062
462,2.5378451903206867,3.3388948717533435,-0.8010496814328008,1.0580683211244497,0.11098893356727253,1.5937638660569522
463,2.5230622471090016,3.3568186433426086,-0.833756396233639,1.0041812564381156,0.10272021355310317,1.6318066995318965
464,2.639770159280252,3.403764987788897,-0.7639948285086575,1.1716818419694415,0.12438769301373481,1.5366146902633258
465,2.6099528170259334,3.3776640094086336,-0.7677111923827624,1.1656392956816553,0.12341021243260011,1.540616242575841
466,2.6820570289584027,3.484821444113908,-0.8027644151554796,1.0673504344286389,0.11142118036907403,1.5918376842283717
467,2.5943989110108903,3.4266551124255495,-0.832256201414566,1.0516361845399689,0.10632221686202976,1.6149467968135292
468,2.5070306904344677,3.3321527171237038,-0.8251220266894279,1.0100090814456544,0.10426598990021717,1.6245147738756225
469,2.6282506959148493,3.4467221525228147,-0.8184714566079947,0.9401818025199999,0.09991912228739128,1.6452458473620222
470,2.690755948048141,3.536441195427359,-0.8456852473792651,0.9610011569627357,0.09804780357482466,1.654392429949131
471,2.5375946474279005,3.343698270341212,-0.8061036229132696,0.9526999698992455,0.10247600458356056,1.6329666802983702
472,2.7002864846923473,3.5144617466532604,-0.8141752619609406,1.0538191194830082,0.1088913498047739,1.6031961745372068
473,2.4804949596624426,3.2908902143213408,-0.8103952546588289,0.985303625937404,0.10437727106738132,1.6239931473652287
474,2.5232813679900716,3.3445140147969945,-0.821232646806834,0.9427487569450212,0.09976177846453654,1.646009619881413
475,2.4782514011327437,3.264573034205594,-0.7863216330729301,1.072902070388132,0.11411814177436536,1.5799507668661137
476,2.41861668766625,3.236749938384983,-0.818133250718688,1.0673415400774575,0.10932170447599766,1.6012493406719244
477,2.3171325387115673,3.1794775391714736,-0.8623450004599817,0.9545208422476326,0.09552722996357357,1.6669355051368142
478,2.6831374456512465,3.5470524718039527,-0.8639150261526538,0.9642784592805449,0.09604689910091398,1.664328003654555
479,2.4867449778076804,3.308445778041444,-0.8217008002338844,1.0211966503048728,0.10553008268374336,1.6186151996072249
480,2.2941561284055667,3.1507918302515345,-0.856635701845903,0.8783160904312073,0.0905118610848495,1.692703802721498
481,2.370422796059407,3.161694433185746,-0.7912716371264423,1.0683445942839598,0.11309132711655762,1.5844501065119323
482,2.5461113438669742,3.399900432196161,-0.8537890883291084,0.9333375473003684,0.09500327355897895,1.6695760431867324
483,2.463052611847266,3.3051909335584297,-0.8421383217112179,0.8758323289438512,0.09203800918667275,1.6847438146973386
484,2.5465656241686845,3.3366820321399753,-0.7901164079713681,1.227750067531926,0.12430192313598752,1.53696482589399
485,2.4782995615062107,3.3083571539152445,-0.8300575924090481,0.9579274940439326,0.09978308644279386,1.6459061312686933
486,2.539092467065976,3.3345625620835215,-0.795470095017663,1.042848466913516,0.11065159980331617,1.5952712141215284
487,2.4764175331299527,3.3092928763674796,-0.8328753432375606,1.031781049998492,0.10482604508846123,1.6218940064609417
488,2.487259143831571,3.300229282900076,-0.8129701390685113,1.0729084606799095,0.11041819665392062,1.5963162822311443
489,2.5801615702078977,3.367156191456361,-0.786994621248482,1.060735481641179,0.11313917734665405,1.58423972098728
490,2.566505036882623,3.3916428871521105,-0.8251378502694706,0.9977600746406148,0.10336756788051378,1.6287423762661584
491,2.5609467320388064,3.402417104858466,-0.8414703728196855,0.9338213043934709,0.09654706308142566,1.6618290135732792
492,2.5483675611087535,3.326349429163454,-0.7779818680546668,1.0284494451377881,0.11202327050837858,1.5891644485415026
493,2.415061328984953,3.240491420899819,-0.8254300919147681,0.9463969835883859,0.09950381237428894,1.6472639108192089
494,2.6052963916101732,3.3686081349153283,-0.7633117433051666,1.1970470889258693,0.1262426927853762,1.5290877458729184
495,2.3027647624829712,3.1359895078265887,-0.8332247453436139,0.8885632103205259,0.09410312569487717,1.6741398085540427
496,2.6055340822472233,3.4127181961449433,-0.8071841138977334,1.0506843503112404,0.10961456236701575,1.599927975446295
497,2.6006947055851612,3.404945376779827,-0.8042506711946089,1.0376408727776327,0.10906725172953298,1.6023996973266819
498,2.7134369741432836,3.5386764450589943,-0.8252394709156761,0.9666740799955287,0.10105187899661629,1.6397753801776933
499,2.5266082211298824,3.347539601597662,-0.8209313804678686,0.9192073050932175,0.09799871580465172,1.654634229347779
500,2.4692775087872776,3.3121516533780624,-0.8428741445907235,0.9254967512434216,0.09574775868845752,1.6658275925704893
501,2.5596251982874407,3.397681882724904,-0.8380566844375608,0.913910520378074,0.09546097703367634,1.6672687527468428
502,2.668677844872596,3.468349850025668,-0.7996720051529564,1.0040845671918066,0.10721303592262037,1.6108471754117433
503,2.6955217788914667,3.4443683935480505,-0.7488466146565997,1.0880199176717051,0.12067154303884038,1.5519610524966558
504,2.471314438561413,3.267183399275726,-0.7958689607144152,1.0773678868942744,0.11309798552652939,1.5844208269437892
505,2.4701950053215485,3.278765332135628,-0.8085703268142197,0.9798483958529778,0.10420939331967757,1.6247802379918217
506,2.5929356993241215,3.4027421797897497,-0.8098064804656815,0.9894597961150575,0.10476570586992492,1.622175827502713
507,2.47885439077958,3.299992920747172,-0.821138529967584,1.0196263986134233,0.10549016211429792,1.6188006506152977
508,2.4511901609523563,3.2407558142330664,-0.7895656532807607,1.0540908319203384,0.11229387303358777,1.5879666835549109
509,2.3207246873307583,3.176547512829416,-0.8558228254987625,0.8400388743610887,0.08764354210529982,1.70796120002177
510,2.422381226235862,3.2290240434840425,-0.8066428172481892,0.9457648882819987,0.10187424252519978,1.6358344373513867
511,2.6578136662974345,3.4290794144119556,-0.7712657481146152,1.146827607244156,0.12156701104516453,1.5482296671704177
512,2.5500743090512885,3.3560763310093384,-0.8060020219580792,1.0771203560972742,0.11167348384578656,1.5907160915651164
513,2.5117912425465563,3.3708701489257584,-0.8590789063791817,0.9644768597968825,0.09665070187228263,1.661312494762559
514,2.411995001978076,3.2500682157643284,-0.8380732137862879,0.8983302592317561,0.09426652239579533,1.6733087927522132
515,2.5659696170658806,3.3604943140554986,-0.7945246969895834,1.0861042752634074,0.11391207130814099,1.5808511704526278
516,2.552126023450788,3.3497167176301104,-0.7975906941793482,1.0083822747479356,0.10781545613881843,1.6080900588213292
517,2.4997126188069303,3.294093724454503,-0.7943811056476306,1.1258402332446829,0.1167416275702538,1.5685980480477093
518,2.586737185181724,3.376615866792441,-0.7898786816106167,0.9946794138304762,0.10783680861693884,1.6079925583140158
519,2.3208897518339797,3.217079131366194,-0.8961893795323022,0.8459168237438175,0.08358275880901805,1.7302660134188363
520,2.578352769619292,3.4227273814593047,-0.8443746118399531,0.9575435266709307,0.09795546921873191,1.654847336088503
521,2.641956995957108,3.4886726654118916,-0.8467156694547384,0.9644614545731345,0.09817445708749449,1.6537689990442141
522,2.591808024314551,3.3650619039064487,-0.7732538795918344,1.1841400478612931,0.12386185429494466,1.5387642753297648
523,2.5439516745602675,3.3284834435189796,-0.7845317689586864,1.0444425348677862,0.11229066969303556,1.5879808491462915
524,2.578131491148261,3.398312178040976,-0.8201806868926269,1.0631405851440863,0.10874710904273119,1.6038500509571367
525,2.602752425629538,3.4009217429380754,-0.7981693173085205,1.0577810884992735,0.11136588120955698,1.5920837794508889
526,2.3304368654485104,3.191394753200019,-0.8609578877515105,0.8865522788890985,0.0906328759738581,1.692068697607613
527,2.3952723678019,3.194148441453535,-0.7988760736517406,1.0600187277380957,0.11143005652485369,1.5917981920718847
528,2.2787948227783006,3.1505581104762865,-0.8717632876980588,0.8951348074703915,0.09002063324526603,1.6952888800123573
529,2.6362155141631463,3.39421867746517,-0.7580031633019644,1.1466501202599173,0.12353262269936367,1.540113774672749
530,2.5753914875776815,3.3521946859945717,-0.7768031984168147,1.0433363317548203,0.11329813317385931,1.5835413347687333
531,2.3907406978693104,3.1533173016608154,-0.7625766037915582,1.0960438396617866,0.11922227731057214,1.558046281750651
532,2.614665978010285,3.3881897694094465,-0.7735237913992705,1.097616233067516,0.11773657810744491,1.5643449635167332
533,2.5796725788325063,3.3862474016568442,-0.8065748228242455,1.0174199398608148,0.10727048839167296,1.6105837022680602
534,2.584531758910535,3.382129988900165,-0.7975982299897169,1.092614798484427,0.11394470836122127,1.5807084807985834
535,2.483195677571635,3.309688719614544,-0.8264930420428982,0.9594704767065885,0.10035236396419481,1.6431477665065433
536,2.5668035836841825,3.398792335041192,-0.8319887513570166,1.0534108316264421,0.10648324872899273,1.6142037045510813
537,2.679708717078134,3.4952530142050766,-0.8155442971269622,1.0095770278481053,0.10549547585454444,1.6187759624224138
538,2.6350471739150323,3.4017262296949,-0.7666790557799459,1.1534605716310526,0.1227132905662812,1.5434843962385698
539,2.386203904629147,3.205731142389,-0.8195272377598712,0.9285756202390636,0.09889673533997406,1.6502259295642576
540,2.6414840973160296,3.44872841104871,-0.8072443137325536,1.0082515848746936,0.10650371262565017,1.6141093363481402
541,2.649041732369247,3.4399664350394388,-0.7909247026702815,1.0104102313913157,0.10887656664037955,1.6032631584864063
542,2.6572649396672348,3.4238994518418564,-0.7666345121747327,1.0513712079562518,0.1153475678119211,1.5746053472892925
543,2.5055204491231877,3.3465668832704547,-0.8410464341474153,0.8876150838321908,0.09308091739226511,1.6793650653744212
544,2.4682537331503824,3.233518124637739,-0.7652643914873352,1.1008837389677253,0.11917803947167839,1.558232938502642
545,2.618603501962062,3.4279841891878697,-0.8093806872258256,0.9904585469008673,0.10489667468115409,1.621564286637398
546,2.6272622717462952,3.4092702111552478,-0.7820079394089134,1.0167342525167122,0.11058251827205381,1.5955803467726677
547,2.5330016340144454,3.3350103204324966,-0.8020086864180485,0.9851732701223019,0.10548172154147507,1.6188398684278396
548,2.606924594457374,3.441908513586187,-0.8349839191288311,0.9234109040910745,0.09656294969895753,1.6617498084911022
549,2.524028813666169,3.353662084545959,-0.8296332708798673,1.0168241448810447,0.10417201900838276,1.624955603573869
550,2.7490028948706056,3.586439114007732,-0.8374362191372029,1.0214959708459743,0.1034958105249127,1.6281371372325315
551,2.523001863027153,3.3415479762697653,-0.8185461132426326,0.9655816828970147,0.1018326432176457,1.6360331807593458
552,2.6620500056259204,3.438630856002877,-0.7765808503770586,1.1589108866568854,0.12162618536607546,1.5479838479732275
553,2.5910460625337834,3.4474553718788186,-0.8564093093449401,0.9731563440020583,0.09760960240962753,1.6565543784891994
554,2.7526065222460745,3.5274092269915127,-0.7748027047455253,1.0875511740652763,0.11682448681600464,1.568242768134342
555,2.700944932700614,3.5339795060897443,-0.8330345733891136,1.0368012196501681,0.10516432255193106,1.6203164242621901
556,2.609418376649606,3.39568300724631,-0.7862646305966337,1.0314980957240967,0.11109143822265745,1.5933065490663998
557,2.5370680934259924,3.3428422899859025,-0.8057741965599234,1.0296777595601885,0.10827855743440878,1.6059788483662274
558,2.5658632248840747,3.3859709565911813,-0.8201077317071395,0.9881758350554706,0.10331600330640257,1.6289859026841624
559,2.643990613776387,3.405072491758577,-0.7610818779822921,1.1768673822138382,0.1251873620640845,1.5333592551795203
560,2.320287383865994,3.159977161308801,-0.8396897774427998,0.8692759748460195,0.0918205918882049,1.6858712949688253
561,2.607177902614231,3.4283822137235442,-0.8212043111092271,0.9323978433437019,0.09897647885368308,1.6498360227166136
562,2.4953574654646133,3.2910081631109915,-0.7956506976463515,0.9844910302044698,0.10628349948473427,1.6151255937683748
563,2.573030295344657,3.3633426703402995,-0.7903123749956649,1.043257384343598,0.11139624536278361,1.5919486393669224
564,2.4733290359297286,3.296383284197153,-0.8230542482674537,0.902578404012929,0.09644610554096984,1.662332596133766
565,2.5482369084814906,3.3525404916077544,-0.8043035831262841,1.0433594458560833,0.10947648004604969,1.6005506501843263
566,2.4356632526899973,3.2691423049926818,-0.8334790523025504,1.0055243202411854,0.102853585362814,1.6311741158028783
567,2.537303620544654,3.3589171084750835,-0.8216134879305628,0.9797371723370225,0.10249355063898802,1.632883264101527
568,2.6107336960407026,3.398195689414988,-0.7874619933742224,1.1022634098839699,0.11606448103242362,1.5715089332828134
569,2.6132562420635765,3.396510855700017,-0.7832546136365863,1.1617569919646196,0.12084365433240263,1.5512421926266358
570,2.722279106103534,3.491418663767003,-0.7691395576636069,1.0934875811471776,0.11807575560012164,1.562901539137219
571,2.434011026187696,3.2339714670323194,-0.799960440844643,1.090754929858264,0.11348195563444136,1.5827346566943086
572,2.591274832693094,3.3795239654421256,-0.7882491327490015,1.0778295762023522,0.11420192842910058,1.579585035753376
573,2.5951293502835058,3.426853243783451,-0.8317238934998841,0.9281203936095119,0.09732625372217737,1.6579564656392796
574,2.5158032457529687,3.319959409046804,-0.8041561632938965,0.953130724705626,0.10276436030781709,1.6315972387703488
575,2.4019073884468214,3.2577072807472587,-0.8557998923004106,0.8372567934321999,0.08742822225760519,1.7091227070865365
576,2.4530751243709035,3.245495779402186,-0.7924206550313784,1.0221664298720294,0.10954727121773918,1.6002313437289302
577,2.544860381507752,3.3510382842953006,-0.806177902787681,0.9992351290881993,0.10597721270834441,1.61654185021949
578,2.661220694820932,3.462079488704442,-0.8008587938834353,1.1477677475109729,0.11734026984114557,1.5660356567010703
579,2.6780566336451472,3.4995855500249458,-0.8215289163798616,1.0696926698053604,0.1090302626185226,1.602567098211416
580,2.618331500315199,3.4080771764148214,-0.789745676099642,1.108731540334483,0.11619814935167935,1.5709332712668966
581,2.6346040056557656,3.439416674872532,-0.8048126692167443,1.0521048478811705,0.1100410700086258,1.5980085692096748
582,2.587023676907157,3.376439183098206,-0.7894155061909487,1.0810463562819312,0.11426893259294442,1.5792927126554255
583,2.507091070377206,3.3030505878552376,-0.7959595174779679,1.0721199407945838,0.11270819181264358,1.5861371913162
584,2.60152819109168,3.369818941972723,-0.7682907508809649,1.1758981712878522,0.12403548020446348,1.5380537209470064
585,2.3473633756201395,3.157128846755921,-0.8097654711357336,0.9958413117864309,0.105246673050083,1.6199329862852265
586,2.729313569363049,3.5242438820389714,-0.7949303126760014,1.1502595210056523,0.11835891041030035,1.5616990173428416
587,2.5235707589208602,3.281879755688783,-0.7583089967679371,1.0484072026551015,0.11633196158546488,1.570357510418248
588,2.5621804716019967,3.328824351340734,-0.7666438797386945,1.0348381442907018,0.1141107982218346,1.5799828317546876
589,2.4902226357559045,3.3090260843441937,-0.8188034485883691,0.9786531041270248,0.10277796579161425,1.6315326999822546
590,2.476151804622751,3.28756882133371,-0.8114170167109478,0.9751735467410243,0.10348312638635504,1.628196973240082
591,2.3748675272306543,3.1711047195764954,-0.7962371923457567,1.0886252766168556,0.11385163004505014,1.581115505532752
592,2.4812180120211367,3.291734872630513,-0.8105168606092548,1.0027883055962539,0.10566234800698848,1.6180011584617044
593,2.6010855322216373,3.391444810845821,-0.7903592786241234,1.0592558057741135,0.11255948841886475,1.5867932045182016
594,2.494806892470925,3.290248386113491,-0.7954414936425565,1.0917438583149175,0.11418557867114165,1.5796563863168487
595,2.474938536933442,3.2919826350572987,-0.8170440981239153,1.0031316412415476,0.1048229845395155,1.6219082979947468
596,2.4738655362749484,3.2789886643071404,-0.8051231280321645,1.062318055009671,0.11073495309835357,1.5948984196432625
597,2.531684751124877,3.34504808841641,-0.8133633372915483,0.9658524335011323,0.10252641793613698,1.632727039326076
598,2.4676884403059973,3.309795474828199,-0.8421070345222006,0.9287607809645886,0.09608795834127593,1.66412246583038
599,2.8071724827240048,3.628447770967362,-0.8212752882433279,1.0536572427630033,0.10792464320980763,1.6075916452994001
600,2.4119063615479406,3.251867978295745,-0.839961616747928,0.918516155709125,0.09557725807160133,1.6666839898618433
601,2.681091608028501,3.4797905075413493,-0.7986988995127149,0.9998888048696166,0.10703101307848928,1.6116826590957372
602,2.5909867038947056,3.419236952436808,-0.8282502485420764,0.9629133817979283,0.10038575301882675,1.6429863716014872
603,2.6244422337506337,3.4416156042465222,-0.8171733704959934,1.0215835893251655,0.1061580149988811,1.6157054366109138
604,2.4778763174527882,3.2978398939844005,-0.8199635765316771,0.9296261430414745,0.09892187024065949,1.6501030050966723
605,2.5617586124100087,3.3987598326151427,-0.8370012202051385,1.0458142215471118,0.10528688602623949,1.619745834318829
606,2.5802054598664115,3.36676518457277,-0.7865597247063079,1.128768952874722,0.1180672628697198,1.562937641587081
607,2.347219316504939,3.201460532835528,-0.8542412163305926,0.9563482788242734,0.0966487646117866,1.6613221456881941
608,2.5693587654299024,3.3728897086269956,-0.8035309431970745,0.9309061877753182,0.10113280211024413,1.6393864485286525
609,2.5159704184269374,3.343885438972148,-0.8279150205452197,0.9897366441469115,0.10241766664301359,1.6332441080721098
610,2.669783778855154,3.4784514578884163,-0.8086676790331921,1.0294899252099197,0.10787374769890294,1.6078239217437873
611,2.3854575251333388,3.2242558760263846,-0.8387983508931711,0.9345901956976661,0.09693545993058049,1.659895584377145
612,2.566284330392128,3.3783841507087016,-0.8120998203166891,1.0376379952603036,0.10800412904606015,1.607229062009941
613,2.7096829682735604,3.5032813639391294,-0.7935983956655264,0.9998948642328345,0.10772295107119625,1.6085126356954205
614,2.7379560410450865,3.54474495257744,-0.8067889115324078,1.1267582662425244,0.1150522011526179,1.5758854656145198
615,2.443958541367343,3.2618882579484967,-0.8179297165811477,1.0078436498188417,0.10505265845980606,1.6208367321584378
616,2.403721950925038,3.2115507476707648,-0.807828796745639,0.9836306745670251,0.10459144299110672,1.6229904658738452
617,2.5780738512506702,3.386655548702931,-0.8085816974522686,1.0832371205893592,0.11175272994732634,1.5903642227013388
618,2.395118616983942,3.20953222678224,-0.8144136097984074,1.0407797842015722,0.10792021481672154,1.6076118521124572
619,2.4694268188280746,3.2684629852069516,-0.799036166378869,1.0095297708408557,0.10770479459067858,1.6085956109218342
620,2.4720197853700854,3.278098237791783,-0.8060784524217297,0.9293659025077385,0.10068266007407056,1.6415530708653299
621,2.506526626346036,3.2923138443216007,-0.7857872179755532,1.0094547678648795,0.10951189491754212,1.6003908895716341
622,2.5621315666510243,3.402525240606883,-0.840393673955873,1.0065289822031316,0.10203784472240653,1.6350534432435329
623,2.5127684222868454,3.3577767824925826,-0.8450083602057248,0.9126986464554387,0.09451958045845943,1.6720240463010358
624,2.438884597977554,3.2640870998562748,-0.8252025018787208,1.017304157553566,0.10478637082527643,1.622079295020795
625,2.692405757044631,3.4929724054559714,-0.8005666484112908,0.987289378059937,0.1058340093007301,1.6172051302801231
626,2.5301706047681507,3.375788085954508,-0.8456174811863093,0.995081941576351,0.10054611356261797,1.6422118218572699
627,2.5894624258548817,3.4173910909269627,-0.8279286650720223,1.014807281842863,0.10424824332531933,1.6245980011918604
628,2.6254118010183363,3.405852283704942,-0.7804404826864584,1.0389596943089578,0.11245998741759047,1.5872325402897525
629,2.6002059798306534,3.425476346437772,-0.8252703666071284,1.0521040307613243,0.10728063456104354,1.6105371842345182
630,2.568327287239177,3.40782599192903,-0.839498704689845,0.907411548544959,0.09478854468177929,1.6706615647680403
631,2.3701873122034756,3.1822259754418583,-0.8120386632383543,0.9329717659421761,0.1001918784926539,1.6439241137677674
632,2.3870316033155548,3.215192386431356,-0.8281607831158908,0.9271795642321061,0.0977004005299397,1.6561057726755017
633,2.6791833607825226,3.505885247520063,-0.8267018867376237,0.9773296878057671,0.1016572954627439,1.6368716272064472
634,2.3306905451760174,3.1111728663721103,-0.7804823211960183,1.0030763088582757,0.10976491402948467,1.5992506774849637
635,2.598142770166183,3.3685225867893664,-0.7703798166231763,1.0118847854056494,0.11184670291445592,1.5899472185793175
636,2.6865987525827593,3.4579204663528595,-0.7713217137701349,1.1181020173973104,0.11952629619206732,1.5567649731115194
637,2.541490318103334,3.3783871374411407,-0.8368968193378805,0.9751341610993141,0.10019303938273551,1.6439184944121286
638,2.3686117125071093,3.197030031900417,-0.8284183193933359,1.0507731093549646,0.106767983608072,1.6128919537220008
639,2.7838445834121246,3.5429510764588277,-0.7591064930467155,1.1596656022222644,0.12428418710351664,1.5370372526473595
640,2.5620024032557382,3.3627123408074984,-0.8007099375516873,1.033947560070237,0.10928008436737036,1.601437356291296
641,2.422604240477986,3.2528506279164344,-0.8302463874384785,0.961367397494699,0.10001615029377281,1.6447753356166184
642,2.374500527879141,3.2384044536336103,-0.8639039257545846,0.8579609173329787,0.08810648513208225,1.7054717044755043
643,2.686181313805142,3.4565913934424493,-0.770410079637486,1.1559153533658013,0.122330161076926,1.5450665741782332
644,2.5203426044584973,3.3525753819820303,-0.8322327775237,0.8924158431083904,0.09452323720149702,1.6720055016586792
645,2.648923787396589,3.458496339093816,-0.8095725516971015,1.0151719116085525,0.10670248655719891,1.6131934476390912
646,2.583520422004986,3.366614613482224,-0.7830941914772893,0.9802842453300467,0.10766893920200135,1.6087595028046613
647,2.4318448868478897,3.225867707390393,-0.7940228205425228,1.033030728657701,0.11013021717920383,1.597608124499514
648,2.621644683007267,3.480813745004642,-0.8591690619973633,0.9348158255731156,0.09446250494232135,1.6723135710680264
649,2.665661196225179,3.436063376713864,-0.7704021804887589,1.1148706736427252,0.11943024666300285,1.5571695042931222
650,2.702063222275561,3.4789370138041504,-0.7768737915284873,1.1662763950260364,0.12209358856478317,1.5460454626999052
651,2.527520521761167,3.344686083368695,-0.8171655616075668,0.8974440590027832,0.09678243411471615,1.660656601837247
652,2.675517452890736,3.4626142248944523,-0.7870967720036788,1.169879372967862,0.1208415799583269,1.5512508519249828
653,2.692612662247248,3.4767092785680904,-0.7840966163208805,1.1153624491291074,0.1174767111061366,1.5654530785895728
654,2.4283551030152837,3.2441374787459103,-0.8157823757308051,0.8907439822567058,0.09643003865470681,1.662412777666834
655,2.3739278714817744,3.2510475537457055,-0.8771196822640377,0.8366414545671148,0.08497340497132093,1.7225308186428598
656,2.367473573959265,3.1496031141519807,-0.7821295401927273,1.0625702367895722,0.1139596784803811,1.5806430419928708
657,2.524940703595681,3.3374705207443554,-0.812529817148743,0.9852118793155573,0.10408888348271998,1.625345866590554
658,2.4853566233552926,3.3330081068252455,-0.8476514834699174,0.9032734697130604,0.09348413857965533,1.6772984343744886
659,2.500756174391077,3.3596747491064005,-0.8589185747152897,0.9167698511736533,0.0931503038803801,1.679008927486911
660,2.659615280001495,3.440498850782895,-0.7808835707813842,1.0231897955376232,0.11122309076840504,1.592719679292742
661,2.589790802741041,3.3421522494813627,-0.752361446740224,1.0712641956662177,0.1189095667834089,1.5593668960599885
662,2.419158003977819,3.24772116166123,-0.8285631576835613,1.0353342925613653,0.10564611237577401,1.6180764994607697
663,2.6552810920880945,3.437527351235777,-0.7822462591477688,1.104881999677141,0.11699788743086098,1.567499909178083
664,2.5654165599634013,3.385040806719521,-0.8196242467561206,1.0271300291684629,0.10623579741328382,1.6153459530857561
665,2.5560779415283066,3.3941421821030837,-0.8380642405747949,0.9597705591622283,0.09890937446890308,1.6501641136632301
666,2.522222422700102,3.3210648026543645,-0.7988423799542943,1.0561060651016545,0.11115147493849141,1.5930388543315037
667,2.435023072466825,3.2426711465291667,-0.8076480740622856,0.9952432160787827,0.10548373066661647,1.6188305331136779
668,2.6093862192809554,3.4004372185229816,-0.7910509992419748,1.0912708405398779,0.11477086933030045,1.577107162925952
669,2.674617275034271,3.4738912743438974,-0.799273999309662,1.0585778550705998,0.11127082476788198,1.59250703007995
670,2.481473341610345,3.2687237930799653,-0.7872504514696175,1.0652441923668832,0.11343140933046295,1.5829563691139446
671,2.5948035839197616,3.382657563671867,-0.7878539797520716,1.0752120265678697,0.11406876134281713,1.5801664128601416
672,2.603451172440933,3.4095090493062137,-0.8060578768653386,0.9782456503638031,0.10442117802996491,1.6237874565561112
673,2.653726317150577,3.4590964271277422,-0.8053701099772752,0.9781941068016062,0.10450844986220574,1.6233788183432694
674,2.3778217355960494,3.207327254014374,-0.8295055184182729,0.9699493924142701,0.10074980594835824,1.641229395382979
675,2.5851692771851646,3.356524076959,-0.771354799773917,1.0794476824909585,0.11673374009246851,1.5686318779202466
676,2.7496051256754215,3.5118545684888676,-0.7622494428134132,1.1235798980583405,0.12125593214532855,1.5495234778405729
677,2.56807638449981,3.359189957969321,-0.7911135734694881,1.0637282148641136,0.11277895582420866,1.5858252515462614
678,2.6170182047738906,3.424564588580069,-0.8075463838060841,1.0726213289078705,0.11114012970313615,1.5930894322909903
679,2.585621432104395,3.3896960014634945,-0.8040745693590452,0.9497167664990629,0.10251339152843182,1.632788951655777
680,2.5654285451207586,3.3633291740261666,-0.7979006289054951,0.9565208254520305,0.1038501715392355,1.6264678298878077
681,2.7869669356027686,3.5452676440773936,-0.7583007084747351,1.1897148388723076,0.1264994335565475,1.5280527820800949
682,2.4386194227565654,3.27030365971031,-0.8316842369538335,0.9644390624637795,0.1000624061260312,1.644551158260741
683,2.6232874837009974,3.4436188884037287,-0.8203314047027561,1.0240724652036206,0.10592010425311205,1.6168062761151816
684,2.5152475967186008,3.316137195411103,-0.8008895986924927,1.0126586143059244,0.10768611112347377,1.608681006044031
685,2.513477636233566,3.3135856146085865,-0.8001079783749674,1.1187399909734856,0.11543340225635507,1.5742338244887415
686,2.606055097350341,3.4219388104186703,-0.8158837130682741,1.0370455133394803,0.10745291522966045,1.6097478453725789
687,2.236913545641292,3.079874741687266,-0.8429611960459624,0.9646292768065234,0.09865511756623326,1.651408856754055
688,2.5345448368586774,3.3318703117954613,-0.7973254749367698,1.1198001569475682,0.11590081053435969,1.5722145140238644
689,2.4745724865273275,3.3218591598200633,-0.8472866732928424,0.9697146181913892,0.09848904178172516,1.6522232828483896
690,2.6245091440944095,3.429001775044426,-0.8044926309501079,1.023140068103567,0.10797245252656844,1.6073735325739889
691,2.4384409943224825,3.2787759823587526,-0.8403349880362612,0.8754837164037408,0.09222692325102443,1.6837658821453985
692,2.564263528626603,3.33501168727117,-0.770748158644551,1.0195717570387388,0.112376710603206,1.5876004755872224
693,2.5671915188631744,3.4037237325576437,-0.8365322136945679,0.8605718470718382,0.09151607242078079,1.6874540806910134
694,2.340778446480377,3.1962372452577896,-0.855458798777363,0.8413414217435724,0.08778732494159577,1.7071868686381766
695,2.6140188510628293,3.3760352083614467,-0.7620163572986485,1.019097900780186,0.11358412183215472,1.5822867601455417
696,2.4858434975569623,3.336064508783252,-0.850221011226381,0.934442478650054,0.0955196316205259,1.6669737148743309
697,2.610134250677666,3.4213751487578494,-0.8112408980802002,0.9761712004195302,0.10358123858350052,1.6277342916621749
698,2.614326320288106,3.4274818303274004,-0.8131555100393371,0.9734357870158195,0.10312460099338347,1.6298906932005268
699,2.4715002688117154,3.2490279096967716,-0.7775276408850686,1.0751056919795359,0.11552925220773227,1.573819207555783
700,2.427785195049856,3.242252462837676,-0.8144672677877907,0.9460444995678805,0.10088065591948249,1.6405991290121482
701,2.629703479926198,3.447974292731321,-0.8182708128051672,1.028930625074939,0.10654631656173873,1.6139129165975978
702,2.75153775676653,3.5672877947225428,-0.8157500379560361,1.0433199838151055,0.10792397391843646,1.6075946992421943
703,2.419976016421393,3.269069874973377,-0.8490938585520098,0.8771271729075103,0.09130991749009741,1.6885280064233452
704,2.391342681966299,3.1681518961921085,-0.7768092142257501,1.039213155839192,0.11299109298412807,1.5848910384489465
705,2.5858978596121376,3.4036723346161266,-0.8177744750039437,1.0567655903477995,0.1086167171419121,1.6044417380243121
706,2.3849170181775805,3.1860645990857557,-0.801147580908264,1.1342734984807878,0.11636768998478132,1.5702038679998158
707,2.427914459734089,3.2464207344518896,-0.8185062747177199,0.9919142824148568,0.10380232331867127,1.626692966452989
708,2.6335810750821254,3.4064750836225834,-0.7728940085405611,1.102922273033081,0.11820990919394792,1.562331524572829
709,2.524361337947758,3.3444152432132532,-0.8200539052654676,0.9836890960017812,0.10299006483284362,1.6305274674280867
710,2.579614484940285,3.393271350270125,-0.8136568653299037,1.0316863890386898,0.10736279796654691,1.6101606107736144
711,2.7090011821102196,3.502413600991098,-0.7934124188808482,1.0778552262423289,0.11347697551699758,1.582756497643422
712,2.567137893259647,3.3625732928867715,-0.7954353996270811,1.080880296546518,0.11341049737214304,1.583048118479117
713,2.672394207282642,3.45372070895395,-0.7813265016712876,1.0435570633656024,0.11267567753202187,1.5862805715466493
714,2.594454155636973,3.38818272892957,-0.7937285732926966,1.0260127667372252,0.10965250442536734,1.599756986391319
715,2.3864872653454,3.1862310250253283,-0.7997437596799273,1.0658801593750376,0.11173297714228095,1.5904519107636397
716,2.590099852588415,3.3751434728374217,-0.7850436202490982,1.0090512973575252,0.10958427756570881,1.6000644900100949
717,2.7411857623820794,3.5102438321144116,-0.7690580697322957,1.1398259846274499,0.12140080833929184,1.548920599549709
718,2.666166754396832,3.4522920279852536,-0.7861252735883681,1.076844642739538,0.1144311883304937,1.578585388325713
719,2.613801508854172,3.4504986224916636,-0.8366971136374559,0.9387159516364487,0.09750702813719324,1.657061568044157
720,2.6560373700567568,3.4489547655314268,-0.7929173954746602,1.036901739500534,0.110567821066536,1.5956461349097397
721,2.348598873062875,3.1929218201068097,-0.8443229470440201,0.9457594822562907,0.09708740324995602,1.6591409002690822
722,2.5608003993871677,3.4128837773688026,-0.8520833779816712,0.9335079419405639,0.09522314108982505,1.668466578890399
723,2.5346252174640456,3.370330647706123,-0.8357054302421147,0.916127014418759,0.09591933403546714,1.6649670286375788
724,2.431984150221288,3.2588237465044325,-0.8268395962832074,0.9392561791743521,0.09878475315290816,1.6507738916637993
725,2.651547490494741,3.4616904170836515,-0.8101429265889237,1.0305200238766925,0.1077500903690848,1.6083886295834429
726,2.5674316057335234,3.3581421554878434,-0.7907105497542943,0.9741606395467275,0.10616444860706525,1.6156756947686768
727,2.5942544252393334,3.3764445367041973,-0.7821901114649563,1.027316992960409,0.11134877562968526,1.5921599231296488
728,2.653832140607952,3.44378882845611,-0.7899566878483029,1.0303016808184142,0.11049027981773224,1.5959933421032395
729,2.5240694385585045,3.3394739735032837,-0.8154045349447188,1.0350959475975063,0.10737597358609088,1.6101002451699198
730,2.5581705896981846,3.363328758341567,-0.8051581686432883,1.0463518002207413,0.10957718424024764,1.6000964688486514
731,2.453517961991557,3.2887302554814783,-0.8352122934899171,0.9027079510328493,0.09495265536979086,1.6698317567402332
732,2.7342081335527753,3.5385610763493296,-0.8043529427965268,0.9936802031691649,0.10580669890004604,1.6173317055976522
733,2.6376986015215977,3.450233716906278,-0.8125351153846623,1.05442925862227,0.10915713001867858,1.6019931239491452
734,2.444462795094742,3.300673468172436,-0.8562106730777259,0.8768440917525866,0.0904489956764077,1.6930339998944508
735,2.4833590170991244,3.305324222685645,-0.8219652055865936,1.0527395866526443,0.10776682676562867,1.608312169208079
736,2.532256119332365,3.318785491543371,-0.7865293722109072,0.9911556038281262,0.10802767660846652,1.6071216878021106
737,2.604191902764333,3.3992619421055656,-0.7950700393412262,1.1484805590053162,0.11821612255331926,1.562305136494049
738,2.718172305558474,3.5125003343089314,-0.7943280287505559,1.0039596662746708,0.10792858532888633,1.607573657912951
739,2.420289730084838,3.177257719764907,-0.7569679896801063,1.0675406024046938,0.11795434424209805,1.5634178504408844
740,2.806914700426424,3.649371367228184,-0.8424566668018088,0.9995351866776705,0.10126909927268342,1.6387319388567743
741,2.428588891539212,3.2827971238138907,-0.8542082322746865,1.0522164143095134,0.10351178090193437,1.628061807051281
742,2.5040176302869583,3.3012015371416648,-0.7971839068547979,0.994149071434677,0.10680513342067362,1.6127210120407376
743,2.6126044460368036,3.393790985591577,-0.7811865395547102,1.0499320462760253,0.11316581203392548,1.5841226452840969
744,2.5229178788208544,3.3450874154286443,-0.8221695366077029,0.970838927454817,0.10175820737813675,1.6363889641954967
745,2.3990361892199332,3.2142354969188864,-0.8151993076987765,1.0189179990129729,0.10622596681076492,1.615391375220662
746,2.454216962896672,3.252126533016083,-0.7979095701193728,1.0274696294142687,0.10918676357344147,1.601859131648949
747,2.5073315805217278,3.3742300889229697,-0.8668985084012775,1.002319571102989,0.09841001394583793,1.6526112159352655
748,2.628020992922407,3.406982548510006,-0.7789615555876708,1.0695733459005294,0.11492123182359763,1.5764539136735696
749,2.5735111979127994,3.377635992596247,-0.8041247946833892,0.9678293669942586,0.1038891865879151,1.6262843163663423
750,2.569453127780426,3.414049922055089,-0.8445967942745938,0.8912346039720194,0.09293197264571408,1.680130269653854
751,2.6516695401304475,3.4485926930934903,-0.7969231529630179,0.9872079670946485,0.10631741522738447,1.6149689679712986
752,2.5626296773924566,3.3207742736636994,-0.758144596271336,1.1381055134075275,0.12290497228160455,1.542694272213264
753,2.4245791217544963,3.2451025062888434,-0.82052338453434,1.0050413619211886,0.10450541601835582,1.6233930193475525
754,2.5662196386854164,3.3865524883529967,-0.8203328496675795,0.9615906631354751,0.10130174797575661,1.638575261397233
755,2.5827676951856717,3.4032824748549264,-0.8205147796692245,0.995058900187074,0.10377187928397422,1.6268362553671802
756,2.3307980841356,3.167536349049364,-0.8367382649137198,0.9677341104607247,0.09966669340272809,1.646471644106558
757,2.4617227823537093,3.322825114636766,-0.861102332283167,0.9060019163144633,0.09208398833494917,1.6845056506790774
758,2.476937922797893,3.3051171307768263,-0.8281792079789057,1.030683057952512,0.10536251027530323,1.6193940311940989
759,2.3073338241103927,3.130435463396697,-0.8231016392862784,0.9844374381667611,0.10264943436055333,1.6321426712884988
760,2.7515915315791433,3.5543185013676264,-0.8027269697885231,1.0524609510409486,0.11035260610019933,1.5966102795177568
761,2.516268729838876,3.3508193285002927,-0.8345505986613944,1.0219939476693787,0.10390537635380329,1.6262081812894318
762,2.5574023353395803,3.3334719681239027,-0.7760696327843561,1.1033519054257304,0.11777977343823309,1.5641609576909838
763,2.5548692809490974,3.338068443329163,-0.783199162380015,1.0697224640940726,0.11432947562013972,1.579028693959824
764,2.5435527247330953,3.351056696215396,-0.807503971482447,1.060305222052158,0.11026408443711608,1.5970072801148814
765,2.3094256970144813,3.1171428877341474,-0.8077171907196998,0.9560361766095493,0.10251950098049549,1.6327599136761013
766,2.624310496341869,3.3917566852985828,-0.7674461889567965,1.1720419351405562,0.1238947793807189,1.5386294715499116
767,2.5543415142462806,3.337834960713255,-0.7834934464669914,1.1249447497360978,0.11824068338257004,1.5622008375313394
768,2.3939406865734925,3.2652155354355945,-0.8712748488620718,0.7729033893629706,0.08060481257374037,1.7471875386916136
769,2.5356755630260666,3.3285923559649304,-0.7929167929388541,1.0813573575517261,0.11379805237095518,1.5813499156560635
770,2.5675366921938036,3.361920091223214,-0.794383399029357,1.0283740958165408,0.10973704827264245,1.5993761506148911
771,2.5323432856573533,3.3392284144849635,-0.8068851288276164,1.031628654037955,0.10827080226305555,1.6060141441535598
772,2.5788925736901462,3.3920634380872,-0.8131708643970796,1.0237596756199272,0.10685040393313121,1.6125127673371822
773,2.5904138266250727,3.3722990954712055,-0.7818852688460538,1.0889414862588254,0.11590726851819368,1.572186658929707
774,2.52786711149337,3.3325236540262337,-0.8046565425328254,0.9539935365302163,0.10276468916049904,1.6315956787490862
775,2.717512076990707,3.554788769875374,-0.8372766928846431,0.9724386515182357,0.09994620829293677,1.6451144642705529
776,2.5053874249718917,3.3350586467859666,-0.8296712218140101,0.9109339886155352,0.09626839764982223,1.6632200397406458
777,2.74576294794837,3.5368644905872624,-0.7911015426390122,1.0489092863682679,0.11170081209260625,1.590594726324559
778,2.5162150143789774,3.3826891987539773,-0.8664741843749653,0.8161004333123811,0.08456057746016785,1.7248163323112349
779,2.482301982507684,3.322924372333111,-0.8406223898253984,0.9655550393895864,0.09901648123048998,1.6496405250568984
780,2.406968864854085,3.2656323693990337,-0.8586635045448929,0.8697992698566761,0.08962202012937477,1.6973949317277033
781,2.727920357530016,3.5103847815855587,-0.7824644240555472,1.03309278748217,0.11174035548728677,1.5904191548569058
782,2.535078130497473,3.3275814115976075,-0.7925032811001529,1.1138108253081693,0.11616440965749252,1.571078527038733
783,2.608873202563123,3.4381403499881045,-0.8292671474248436,0.9768656503515878,0.10129344088832545,1.638615122361736
784,2.453846427478416,3.2885925710062893,-0.8347461435278092,0.8713091891499509,0.0925733375727464,1.6819768060656557
785,2.6724718386823185,3.469953820694468,-0.7974819820120729,1.07063259569184,0.11238905009225147,1.5875459434440116
786,2.3598560182684793,3.191588614898173,-0.8317325966296494,0.9050725850593908,0.09556247459671095,1.666758302500275
787,2.5511239818899782,3.386333000711867,-0.8352090188218426,0.9461024930685991,0.09824772507072045,1.6534086428177448
788,2.5430098249945474,3.3673900479338337,-0.8243802229393395,0.8796769657715773,0.0944924273931292,1.6721617671274431
789,2.4389810501079325,3.2748363986531266,-0.8358553485451239,0.8979052687639784,0.0945043764672881,1.6721011573050906
790,2.6620787427738066,3.4919834955540847,-0.8299047527801804,1.1122998251453187,0.11087080218847979,1.5942913142765365
791,2.523356286433105,3.325978791176498,-0.80262250474334,0.9809018143542434,0.10507790642572441,1.6207190488215322
792,2.532883775072938,3.3399796361062237,-0.8070958610333037,1.0097010258847454,0.10663083069101686,1.613523459672618
793,2.4820845252017905,3.305319813745737,-0.8232352885439695,0.9410273909576756,0.09937596740506889,1.6478864843185872
794,2.5958547703096344,3.4580413184499412,-0.8621865481403574,0.9269747782221063,0.09351963706305774,1.6771168366290767
795,2.539472613442277,3.303223139206667,-0.7637505257644079,1.0039731960297091,0.11218212443743146,1.588461038930688
796,2.6455138142744006,3.4437926344481107,-0.7982788201736639,1.0203791109860008,0.10861272934565067,1.6044598425380456
797,2.4629779080840906,3.279993312239935,-0.8170154041558817,0.9623046553620354,0.10178416646949709,1.6362648631489256
798,2.484073185047228,3.2690035543245632,-0.7849303692772764,1.0845752821748662,0.1151585396013455,1.5754242976095283
799,2.4113584139287156,3.277980031891668,-0.8666216179628918,0.9161040318500855,0.09218594052969765,1.6839778965388255
800,2.569198130427813,3.3557992515820234,-0.7866011211542627,1.0745276151033942,0.11419630027670175,1.5796095961784447
801,2.5249018504145995,3.3361707352685204,-0.8112688848540301,0.9891134359643683,0.10454639511426271,1.6232012295039515
802,2.4007339995861146,3.2125169229808805,-0.8117829233947305,0.9578590918381611,0.10212743584879269,1.6346261808946774
803,2.563572463037977,3.342427255881088,-0.7788547928430489,1.0494777211761304,0.11346195876574451,1.5828223601192588
804,2.5100809481586936,3.2922593526938386,-0.782178404535216,1.0700875191696397,0.11450088647135438,1.5782817943228258
805,2.728486114877447,3.51445563542442,-0.7859695205469279,1.0515883445593808,0.11261436861122345,1.5865510180324254
806,2.492646173912695,3.3023467891034293,-0.8097006151908772,0.9574045263605939,0.10236442293098202,1.6334974198587289
807,2.326937452841881,3.237594951549107,-0.9106574987072236,0.8458331999138737,0.08201937537386264,1.73908748668667
808,2.6181622997671554,3.417711880970907,-0.7995495812037916,1.0898679963104407,0.11347633992299634,1.582759285177444
809,2.587406677950176,3.406792244088645,-0.8193855661384077,0.9210743566283646,0.09833793169726246,1.6529652714213443
810,2.3611778312822396,3.1481837007065567,-0.7870058694243198,0.9024897194394264,0.10105373592012086,1.6397664526743914
811,2.597033728073589,3.4184488796069625,-0.8214151515334152,0.9952173038863004,0.10366585946751325,1.6273355126685694
812,2.531206804437025,3.3901544873104545,-0.8589476828735769,0.9423169952325794,0.09504323639374816,1.6693742355679073
813,2.5695180080275493,3.397633235700853,-0.8281152276732655,0.9872703401608036,0.10221019100496587,1.6342317844082475
814,2.661893066362032,3.504006523989521,-0.8421134576275335,1.0083148170800769,0.10194684548478702,1.6354877266847052
815,2.474705227766768,3.2804090692146173,-0.8057038414478939,1.011629688405994,0.10696034997742455,1.6120073056279591
816,2.432923021095226,3.2321523563176684,-0.7992293352224351,0.9499222532966021,0.10316681281648772,1.629691036213079
817,2.4870826240318054,3.3018462449069284,-0.8147636208751692,1.0685009478982437,0.10986068184094308,1.5988196487758872
818,2.412042482045186,3.2233387796480897,-0.8112962976028939,1.0043318970355068,0.10567286608830441,1.617952354497122
819,2.4618778025487615,3.299735225585342,-0.837857423036553,0.9309208499738664,0.09677553068859206,1.6606909561608827
820,2.6254384112510167,3.439261378534925,-0.8138229672839543,1.01674733699162,0.10625037380915678,1.615278609225661
821,2.5916881627551818,3.4187918142700915,-0.8271036515150172,1.0248370821209256,0.10508242362130453,1.6206979960805543
822,2.5590402617409524,3.3527567929292954,-0.7937165311883518,1.0586547556684902,0.11204724149336949,1.5890582539759655
823,2.7098799903362676,3.4824902189148834,-0.7726102285786283,1.1146844741980757,0.11909389534705703,1.5585881254048704
824,2.5847974198429626,3.3875535817568116,-0.8027561619138623,1.071319383291892,0.11170702308126712,1.590567146478296
825,2.3646026024696227,3.2062834789811316,-0.8416808765116457,0.9198515898177155,0.09546758264953668,1.667235518649751
826,2.43209167531426,3.261570120784309,-0.8294784454700448,0.9801866397230579,0.10151202437485259,1.6375671310482027
827,2.540948614595314,3.3286432940306034,-0.7876946794352762,0.9219082840354833,0.10250700972394468,1.6328192855858321
828,2.737593026539335,3.5357890787728006,-0.7981960522333793,1.0729505333008336,0.11245632802431002,1.5872487037816423
829,2.732131815729977,3.4836270719683893,-0.7514952562385133,1.2383366702393952,0.1308683635042947,1.5106864217636284
830,2.6850365152374622,3.469559114456732,-0.7845225992192582,1.0619742822900997,0.11357779332189902,1.5823144951094583
831,2.6915902313069098,3.493271692190174,-0.8016814608832874,1.0062959823528281,0.10710646119565126,1.611336216232343
832,2.603021110303976,3.394021704348375,-0.7910005940443625,1.0999175149406601,0.11539429816976546,1.574403054296946
833,2.690293081954897,3.4824150898663864,-0.7921220079114164,1.1344569028344207,0.1176659267837762,1.564646042092836
834,2.59566374029736,3.3977921325254745,-0.8021283922280418,1.0594646869827269,0.11094117723769954,1.5939770412810599
835,2.5222470084237245,3.3171411236191353,-0.7948941151954614,0.9872068560291576,0.10659102804523507,1.6137068472218867
836,2.4506092470046412,3.260373474718499,-0.8097642277137993,0.9610634796120823,0.10263405848862638,1.632215681207361
837,2.6300176561226096,3.4807139084865812,-0.8506962523639459,0.8820926361540169,0.09150191489450882,1.6875277694702207
838,2.625835042106124,3.396252448419213,-0.7704174063129585,1.1030384304398615,0.11857911364588417,1.560765401337785
839,2.5172215406295124,3.3206431188767165,-0.8034215782471392,1.0261347628384008,0.10833766962944573,1.6057098792247884
840,2.425038202069223,3.2752447326749397,-0.8502065306057602,0.9663554622864485,0.09788006728865507,1.655219074967959
841,2.6619668192072283,3.4150595749090056,-0.7530927557018003,1.1228232965291138,0.12256994064901343,1.5440759239543105
842,2.3833604134933837,3.2186121619400114,-0.8352517484465807,0.9649374937061768,0.09964733869049745,1.6465657329203507
843,2.5606720847863387,3.4023668602580357,-0.8416947754717512,0.9321941625163999,0.0963970828679468,1.6625772764340627
844,2.5462446543417543,3.353561367674344,-0.8073167133325114,1.1019319343282932,0.1132466603452758,1.5837674005434845
845,2.507849059127571,3.3369717452598535,-0.829122686132223,0.9030507344640837,0.09572893638096489,1.665922074025056
846,2.577690088539035,3.3730824454375816,-0.7953923568985601,1.012274498971359,0.10840466324099873,1.6054051888461525
847,2.2962724350111245,3.10402922831179,-0.8077567933006549,1.0364749508617916,0.10850620360802861,1.6049436619967457
848,2.5878128973006285,3.372984051448763,-0.7851711541482018,1.0704746149934905,0.11410482325082374,1.5800089220673796
849,2.5066539755479114,3.3334408793971453,-0.8267869038492108,0.9320970078590873,0.0982476358980444,1.6534090812680402
850,2.5764434581515077,3.3541135111381606,-0.7776700529866503,1.068500684170371,0.115027234425453,1.5759937897765617
851,2.5810646672469972,3.3623320716575527,-0.7812674044105279,1.089107764380505,0.1160076539965373,1.571753824999789
852,2.543813740753072,3.38111277060027,-0.8372990298472587,0.9777604656081909,0.10033538528179664,1.6432298539174166
853,2.546710256355928,3.3426175073556705,-0.7959072509997895,1.085421952311147,0.11366929380017353,1.5819136087563013
854,2.4612422031068406,3.2835064995675363,-0.8222642964607303,1.009749123496836,0.10462156998069597,1.622849552199634
855,2.3257459866535926,3.125698854303009,-0.799952867649381,1.0536512224634813,0.11082031142521577,1.5945168873103652
856,2.4877827522213836,3.3410818795305954,-0.8532991273092421,0.9634819039946723,0.09728752305382408,1.6581483690179704
857,2.4812362163502173,3.3059667278225686,-0.8247305114724668,0.9812404469850065,0.10220155666845314,1.634272922257387
858,2.4898442329798542,3.2537686292126895,-0.7639243962328237,1.1251448291113464,0.12111918748355371,1.5500930352325386
859,2.5687790998018643,3.4039555138540734,-0.8351764140522846,1.0137105414245116,0.103227300896095,1.6294050478641442
860,2.402497248157934,3.269228159732021,-0.8667309115741091,0.9114175494603085,0.09182438872438627,1.685851586983742
861,2.5602942378327413,3.407163722003299,-0.846869484170611,0.9681755421664207,0.09842815101982058,1.6525221623907262
862,2.5457474390398063,3.408178776016754,-0.862431336976897,0.8932282241887255,0.09096556475285306,1.690326203117225
863,2.3482309636660745,3.174327347935223,-0.826096384269249,0.9673749923965564,0.10099432005798333,1.6400521702576676
864,2.3409369927596715,3.161544565083552,-0.8206075723238655,0.8924501818769497,0.09596133585158569,1.664756549488074
865,2.4594810369669546,3.2517082343900108,-0.7922271974231307,1.039429364872017,0.11084921641189865,1.5943877411779568
866,2.585495223534045,3.362672759871327,-0.7771775363371489,1.1060263005248059,0.11781085665683366,1.5640285804604854
867,2.6509100309395905,3.4684285215668287,-0.8175184906272079,1.0525406842264773,0.10834890374128708,1.6056587755053644
868,2.526075907873738,3.3794560343803304,-0.8533801265066359,0.9303864867529066,0.09483311186809998,1.6704361018039087
869,2.7711648608219464,3.593503279017187,-0.8223384181951587,1.0027508398364962,0.10409929880794372,1.6252969603747118
870,2.3398946754651804,3.1930329263146127,-0.8531382508493834,0.8547115060552124,0.08909896954624313,1.7001699144075797
871,2.649295742429095,3.411822286857961,-0.7625265444288516,1.0980537541270556,0.11937560854428933,1.5573997370603272
872,2.5312577201075244,3.342091876489208,-0.8108341563817021,1.0327719861792921,0.1078210610158533,1.6080644641364032
873,2.455815794950573,3.295735061950871,-0.8399192670001412,1.0171475032955586,0.10286343091616208,1.6311274441160761
874,2.5207264225726846,3.320088122280786,-0.7993616997082427,1.0721468321721153,0.11223659658242034,1.588220015624704
875,2.272759024034022,3.100145610332526,-0.8273865862984167,0.9382873243307173,0.09864223254952081,1.6514720049475515
876,2.6181065975026656,3.383949584593972,-0.7658429870913324,1.0357556777931156,0.11429445360468003,1.5791814060839753
877,2.4975378718429426,3.290060687369541,-0.792522815526695,1.051120940061491,0.11166471765760563,1.5907550273299034
878,2.571015486513025,3.384062761879408,-0.8130472753664435,1.009276123525363,0.10580481496174343,1.6173404380283782
879,2.4999608123889545,3.330366301515777,-0.8304054891267469,0.9299338907512049,0.09762882713025227,1.6564593671879277
880,2.590680762760249,3.3335863313044354,-0.7429055685441881,1.1336698313730194,0.12489553255215062,1.5345454026511554
881,2.604019851354215,3.4390203531452337,-0.8350005017910007,0.9944966756335751,0.10185481921565787,1.6359272254391466
882,2.495093098805333,3.319715266536251,-0.8246221677309222,0.9108675377268676,0.09689208973319396,1.6601111724391504
883,2.6940547249429216,3.5187636130301443,-0.8247088880872298,0.9663698691934428,0.10109724121813735,1.639557330293955
884,2.470334763883207,3.3024677180438995,-0.8321329541607838,1.018752448927086,0.10398591625612229,1.6258295689704256
885,2.6489894920651893,3.4343810772943173,-0.785391585229263,1.043444467425834,0.11209662676989364,1.5888395272832836
886,2.6166366591485173,3.4886877618313767,-0.8720511026828035,0.8419267063346703,0.08594676273900109,1.71717740442871
887,2.4496637238264527,3.2629400301401703,-0.81327630631381,1.0102116630524045,0.1058432223670008,1.6171624363921866
888,2.477940712850446,3.311049135471872,-0.8331084226214216,0.8546585760781373,0.09145905082494488,1.6877509293739026
889,2.5242627099670387,3.3029119469855712,-0.7786492370184988,1.1507065401186642,0.12075125779249818,1.5516280069821058
890,2.5908727063594967,3.4326793871956016,-0.8418066808361573,0.9573848748791574,0.09826372346451645,1.6533299859672639
891,2.4413030998459733,3.2139970438034555,-0.7726939439575062,1.1860848471348702,0.1240788879336862,1.5378761985151705
892,2.559367674125602,3.399346602462192,-0.8399789283365635,0.9324780965656161,0.09663031878015997,1.6614140457538358
893,2.660390501036082,3.477705500115635,-0.8173149990794855,1.0864905127693496,0.11078599885193482,1.5946702288185748
894,2.737202140834134,3.5089050603579657,-0.7717029195238183,1.0996706644137753,0.11814920038723192,1.5625894115663255
895,2.5766888237964083,3.3472474385257436,-0.7705586147293388,1.0365389488193257,0.11367906034368107,1.5818708341134713
896,2.568529983865679,3.310501372003665,-0.7419713881380403,1.1789585119792394,0.1282600731366565,1.5209990602937866
897,2.5062709456791397,3.301837207845694,-0.7955662621664032,1.0899904808428686,0.11404313263234701,1.5802783632668005
898,2.3610948502284743,3.185528305268996,-0.8244334550405483,0.9308165647467979,0.09844683999188793,1.652430412718598
899,2.4832623087013332,3.312363108893036,-0.8291008001917817,0.9805887769582431,0.10159023120936128,1.6371926074541396
900,2.43377548327816,3.258023053362662,-0.8242475700845944,0.9267239552732569,0.09815758089162328,1.653852032205671
901,2.6360977552891343,3.394093638501913,-0.7579958832127431,1.0023431665338274,0.112877351882588,1.5853917613178747
902,2.564527121491429,3.3655152749357664,-0.8009881534443366,1.000449794485506,0.10676414458095937,1.612909621363565
903,2.6425937780595548,3.4494063426593793,-0.8068125645997952,1.094093005362632,0.11276484758884571,1.585887430726132
904,2.392442131802787,3.1978362191762693,-0.8053940873735428,1.0206812547096011,0.10766975265127582,1.6087557841192517
905,2.5740506943114867,3.45018763621897,-0.8761369419074754,0.9040681957999768,0.09017971504515769,1.6944504748724087
906,2.636122915096158,3.4413461049815264,-0.8052231898853961,1.0133845852532049,0.10715474152514338,1.6111146239233973
907,2.7641953936072157,3.5424243707511676,-0.77822897714384,1.1225379901328405,0.11883358061727668,1.5596882058503405
908,2.413641117948933,3.2347284660337032,-0.8210873480846885,0.9728957654821575,0.10205176612774429,1.63498703212109
909,2.4862698915959442,3.284984772489056,-0.7987148808931579,0.9572620054927143,0.10379905069439348,1.626708367894003
910,2.5567694634782954,3.4015443618293033,-0.8447748983510337,0.9858296965562303,0.09998086186933842,1.6449464153955062
911,2.5634540841070845,3.3993468022881204,-0.8358927181810714,0.9173262344980877,0.09598762531298868,1.6646248454772832
912,2.55984709920198,3.3750208945550653,-0.8151737953531892,0.9907882602807057,0.1041562344382699,1.6250296820325951
913,2.4932137542649486,3.3217389574129483,-0.8285252031480468,0.9562928891348115,0.09985532312020076,1.6455554232037104
914,2.4484273989479477,3.253392517586405,-0.8049651186385063,0.9689549510734032,0.10386351324652837,1.6264050688709795
915,2.458048063967445,3.2825177195018864,-0.8244696555344717,0.9846830038702508,0.10249030256626085,1.6328987049986967
916,2.650643766256613,3.4589805301508503,-0.8083367638942036,1.1440760312172211,0.11602871432264449,1.5716630561598262
917,2.5156303793369177,3.3326528931240564,-0.8170225137870375,1.0156135529634813,0.1057420891529938,1.6176312551334409
918,2.524280124204543,3.3371440699939012,-0.8128639457893314,0.974469683193,0.10324045724604128,1.6293428621297599
919,2.3640910700252022,3.1795661288338013,-0.8154750588086017,0.897099407541242,0.09696775458770973,1.6597351015983215
920,2.397201438005928,3.234043090547005,-0.8368416525411249,1.0244919555017988,0.10378769870646493,1.6267617949744302
921,2.699264231223188,3.4814715697442584,-0.7822073385210615,1.1314447445401343,0.11888431363909263,1.5594736618792076
922,2.488526282582589,3.28225196452336,-0.7937256819407139,1.0349077392616297,0.11030943735774426,1.5968038505922564
923,2.434936279709055,3.2679865470659544,-0.8330502673569526,0.9025927840650798,0.09520924611233228,1.6685366329763516
924,2.4267348184389363,3.2038748388856493,-0.7771400204467227,1.07441270154139,0.11553429764829733,1.573797390051195
925,2.3602292582617026,3.168734921950333,-0.8085056636887202,0.9845861883644607,0.10457344491846264,1.6230746640602995
926,2.449471674182965,3.290905156467867,-0.8414334822849696,0.9618383364761036,0.09864011759970356,1.6514823707368023
927,2.6786214562110815,3.5005402189240358,-0.8219187627129259,1.0550363724615957,0.10793691105025659,1.6075356704176373
928,2.667857029283246,3.4985425378790675,-0.8306855085958205,0.981584282562745,0.10146038775765441,1.6378145388612877
929,2.4228174981128547,3.239001641788611,-0.8161841436757413,0.9775598523812736,0.10303780840340214,1.6303014162591047
930,2.5562801700564166,3.3658984266498,-0.8096182565933532,0.965968738320484,0.10302488562410433,1.630362593434356
931,2.4243666095269334,3.2144950809679353,-0.7901284714411076,0.927412322722379,0.10261856661321249,1.6322892507508109
932,2.438620466849889,3.2829547897865576,-0.844334322936561,0.8515594473421233,0.08988233278813945,1.6960187312791877
933,2.5792055494966832,3.3989727276211075,-0.8197671781243798,1.0239498324329217,0.10598596032287753,1.616501356639689
934,2.6586639713772144,3.4781035969200294,-0.8194396255428273,0.9474060497305679,0.1003447742762549,1.6431844592594007
935,2.617482706797196,3.379585442940551,-0.7621027361433335,1.09758300781864,0.11940385311056999,1.5572807104917985
936,2.5229172915854776,3.338647960624854,-0.8157306690394535,0.9962736524048972,0.10448969959516129,1.6234665909965287
937,2.3273025688445075,3.185162292872605,-0.8578597240282306,0.9581722929014673,0.09633961832788353,1.6628642182753004
938,2.5799653964129363,3.360806349559265,-0.780840953146253,1.1333539371541028,0.11921688787690346,1.5580690189764013
939,2.4979817704207705,3.303576595865041,-0.8055948254443592,0.967272612778288,0.10365278841347017,1.6273970935875062
940,2.454313173383176,3.2488384800698067,-0.7945253066866371,1.0879034065025568,0.11404052202945479,1.580289767919509
941,2.497498047678383,3.316620752891606,-0.8191227052133172,0.9836174899167791,0.10310609594295368,1.6299782404136327
942,2.694994738586152,3.488592100074484,-0.7935973614884233,1.0054599751804907,0.10814051266557437,1.6066074251507332
943,2.428255081107855,3.262325083507356,-0.8340700023994714,0.988093175826025,0.10150553708105371,1.6375982082757001
944,2.6641283799425453,3.475194614133955,-0.8110662341914576,0.9442229119052317,0.1011811245874369,1.639154319850802
945,2.5366859692209034,3.379300352484194,-0.8426143832632533,0.9428370174525544,0.09708093050546798,1.659173030343061
946,2.5785281308785586,3.3484931322098785,-0.7699650013312294,1.064972190290925,0.11587388385063835,1.57233066950614
947,2.4961108649896375,3.289763346609783,-0.7936524816202564,1.0462773687222686,0.11115392748164143,1.5930279212352045
948,2.3501285826617875,3.1912569973365374,-0.8411284146746993,0.9436973307995258,0.0973294194007775,1.6579407829797521
949,2.4563712614404865,3.2915752519993444,-0.8352039905588526,1.0159892733504579,0.10338820352189555,1.6286449464174915
950,2.688644348075391,3.5122289021126103,-0.8235845540372111,0.9687979993982929,0.10142327563412051,1.6379924170437994
951,2.5459997737890405,3.3886658759058235,-0.8426661021167092,0.9158765659717796,0.09504587559487457,1.6693609103054403
952,2.619609672645302,3.395192999227484,-0.7755833265822503,1.12638064884457,0.11949119009077448,1.5569127997095358
953,2.5056743310301415,3.3658081077399937,-0.8601337767098585,0.9619278365951915,0.09633622781172774,1.6628811526625777
954,2.5312807046706127,3.333593052128579,-0.8023123474579279,1.0728018402794268,0.1118745848063171,1.5898235461270027
955,2.652089044179539,3.454172093285289,-0.8020830491058177,1.1153710899356262,0.1149197401869283,1.576460390780064
956,2.5644174454315505,3.379427405864434,-0.8150099604329171,0.9678997426562974,0.10246612996335228,1.6330136305059257
957,2.51453374430138,3.340377626503631,-0.8258438822023209,1.0096690216112434,0.1041468150441678,1.6250738923759476
958,2.558949186381929,3.3679218238904896,-0.808972637508532,0.9643309138537108,0.10298549879777451,1.6305490905698876
959,2.5364090869660374,3.3299426449723666,-0.7935335580062883,1.0132180462685423,0.10872891297039244,1.603932586646545
960,2.64111452314136,3.4690515448038526,-0.8279370216624784,0.972363230516549,0.10112990762393699,1.6394003556963648
961,2.42762216430946,3.2519906890029175,-0.8243685246935684,0.966185764672153,0.1011271809990919,1.6394134566284395
962,2.4086536372643566,3.2390613088635427,-0.8304076715992323,0.8824953702201248,0.09397457934306278,1.6747943932026335
963,2.5601721782244256,3.3530747037646242,-0.7929025255402848,1.0672135402631961,0.11278116041094863,1.585815535832162
964,2.3859787806162474,3.1987727272210837,-0.8127939466048701,1.0086910917477883,0.1057954122911317,1.6173840231306746
965,2.763405491946506,3.630776318701701,-0.8673708267551774,0.8709854996709976,0.08870494511763098,1.7022690433986456
966,2.4511637012828857,3.276044788716725,-0.8248810874338233,1.0066975053541436,0.10405573853320364,1.6255015279385516
967,2.3534369162375612,3.1807807642682415,-0.8273438480305231,0.9259712016894794,0.09771067433546052,1.6560550339210525
968,2.543147821747644,3.3331536187508273,-0.7900057970032321,0.9938243927619235,0.10775484206848002,1.6083669204469675
969,2.387899192845899,3.222464104105684,-0.8345649112598039,0.9566529737968938,0.09911773990653018,1.6491459401965995
970,2.6569335835003955,3.4768381244116537,-0.8199045409113523,0.9748116326191965,0.10234814446005683,1.6335748870855529
971,2.619569641398917,3.451013190085044,-0.8314435486861385,0.9492368836506775,0.09895638101694057,1.6499342676845643
972,2.396380391801691,3.259043311273079,-0.8626629194712905,0.8157285021448817,0.08495709462338798,1.7226209461069595
973,2.6216877908581098,3.4053611796587133,-0.7836733888005938,1.0110305107262543,0.1099227373357853,1.5985405099035122
974,2.5778220150831346,3.4051118721952283,-0.8272898571120777,0.9701363692734724,0.10104719720444168,1.639797889339917
975,2.386542192718244,3.1973731591690373,-0.8108309664507942,0.9094749603170496,0.09852411657367706,1.6520511867957868
976,2.6267580937318287,3.431771052458402,-0.8050129587265928,1.0584572494054583,0.1104721964606327,1.5960743417976995
977,2.5621380398480285,3.3386134119623914,-0.7764753721144189,1.0487687597083717,0.1137469751756087,1.5815734667536505
978,2.5070453703240134,3.2998134742439906,-0.7927681039199115,1.0338882989511489,0.11036650954627339,1.5965479484167777
979,2.530130378052482,3.354394632485952,-0.824264254433615,0.9482615985503573,0.09979303747816597,1.6458578071066952
980,2.6056003263333793,3.424551896779684,-0.818951570446302,1.0532893058329433,0.1082099038729303,1.6062913780200117
981,2.5919811662548597,3.3834321220038457,-0.7914509557489282,1.1447308200915967,0.11847651188917084,1.5612002421785292
982,2.400610099459746,3.254911116513957,-0.8543010170542402,0.8854475137002074,0.09133205077638874,1.6884126138509334
983,2.463028896940037,3.2949010496869975,-0.8318721527469961,0.9335109742727927,0.09771663218964674,1.6560256121030312
984,2.6257275212615157,3.411582990833986,-0.7858554695725388,1.0817088436303188,0.11482056311161347,1.576891194039089
985,2.519742811963161,3.3232254843163846,-0.8034826723531978,1.0128565607880895,0.1073502830089471,1.6102179549132642
986,2.5238973529979973,3.334011689652147,-0.8101143366541237,1.058036567450749,0.10974497728081338,1.5993404455415117
987,2.3464688217012424,3.1820822614015563,-0.8356134397004098,0.9229784570617783,0.09645211301770619,1.66230261866427
988,2.551764932402753,3.3761987613328084,-0.8244338289300686,0.9274320779208292,0.09818826033100118,1.6537010936988608
989,2.6122862213295464,3.4096313672041094,-0.7973451458744876,1.1685182137341696,0.11926400724868451,1.5578702565541784
990,2.5736197525193263,3.3352371241648684,-0.7616173716454568,1.111252048635266,0.12046446148247744,1.5528270375524842
991,2.6366761540064005,3.4353710973836864,-0.7986949433773134,1.0409865354890981,0.11007130458921574,1.597872728243949
992,2.7142128214754764,3.5175274144480047,-0.8033145929725833,1.0491498773650396,0.1100321131083828,1.598048817334594
993,2.624534044741145,3.4342106795554073,-0.8096766348141955,1.015479157478285,0.10671115107965665,1.6131535549715852
994,2.6435539479829147,3.417950502181871,-0.7743965541990292,1.0777276018031159,0.1161696032732272,1.571056165381003
995,2.432802731127927,3.260635051298856,-0.8278323201709554,0.9786863357228457,0.10161246769176593,1.6370861613997265
996,2.44171157379366,3.2316381156546146,-0.7899265418609502,1.051830130013668,0.11207825477058626,1.5889208877296381
997,2.548738214107621,3.3211643203395824,-0.7724261062320465,0.9517176157996587,0.10691542784159092,1.6122137791592654
998,2.506009130023236,3.3394986658235486,-0.8334895358003678,0.9174947935313633,0.09629756696625495,1.6630742831648597
999,2.55360160904535,3.376530408238127,-0.8229287991927094,1.0518693731954962,0.10757597914900809,1.6091846165410923
