,logR,logI,logS,d_G,p,sigma
labels,$\ln\mathcal{R}$,$\log\mathcal{I}$,$\ln\mathcal{S}$,$d_\mathrm{G}$,$p$,$\sigma$
samples,,,,,,
0,-0.3640266429791922,3.4858654601092725,-3.8498921030883366,0.8482378971219946,0.0025920708304524123,3.0123809521544542
1,-0.2314279285719835,3.6276963302881176,-3.85912425886022,0.8610836614796766,0.002613719813031077,3.009855528285424
2,-0.18923462113390035,3.6582627994534005,-3.847497420587274,0.8492226824058502,0.002602722496454691,3.0111360008392505
3,-0.35307483750944757,3.523461390742803,-3.8765362282522347,0.7740225685873461,0.0022479223389360644,3.055357716924173
4,-0.18838082593971142,3.621084758696283,-3.809465584635973,0.9612346593282477,0.0031663449514099332,2.951109644384798
5,-0.15092131375332377,3.676435530896154,-3.8273568446495574,0.9194330369139445,0.0029370605604035357,2.974249603520236
6,-0.3130552280696378,3.519311367409355,-3.832366595478902,0.9360977005730797,0.0029869316795934626,2.9690796446495034
7,-0.12015770451376687,3.7456574473410105,-3.865815151854804,0.8002185453785966,0.002369940356681476,3.0394709776428726
8,-0.012631438483489937,3.7973408920191116,-3.8099723305025464,0.9973435585700017,0.003313953168534053,2.9370082225606877
9,-0.31591947146888233,3.5533047683945953,-3.86922423986357,0.7866795596192095,0.002311952725441968,3.046925149890037
10,-0.4854872480630178,3.3948678354907273,-3.880355083553809,0.7237183690820541,0.0020619713640152473,3.0811580929600786
11,-0.397654340432959,3.496976012646386,-3.8946303530793784,0.7790941910996967,0.002220501754296813,3.0590363906100206
12,-0.3828061845209817,3.5048338064826425,-3.8876399910036525,0.7435457891932744,0.002113614202855363,3.073785388572889
13,-0.09000332687424764,3.704165836439977,-3.7941691633142227,1.0216536947232502,0.003475278938567676,2.922236185610464
14,-0.11806852364362333,3.7139581008320275,-3.832026624475702,0.9258004525053001,0.0029471423739047538,2.9731980321989013
15,-0.19735935640131577,3.602376916174411,-3.7997362725757284,0.9616814288643449,0.0032023422379216506,2.9476163447038313
16,-0.38456322103901075,3.4789548363048834,-3.8635180573438674,0.8143788914591594,0.002427863200166197,3.0321900144093226
17,-0.15689735170270472,3.6722611172065522,-3.829158468909327,0.9710821201847342,0.0031381281974809006,2.953873294936494
18,-0.23915684145596008,3.6199160708106075,-3.8590729122665834,0.8519588948053811,0.002579627913962223,3.0138411997952894
19,-0.21921700618043763,3.678448774379714,-3.89766578056026,0.7898815851092347,0.0022506842939793636,3.0549894629247767
20,-0.34306072251355035,3.4857466221995144,-3.8288073447130273,0.7559376297016018,0.0023041933286128097,3.0479355599092655
21,-0.017963930141499468,3.7844968953315736,-3.8024608254730765,0.8841370119219061,0.002876164280785534,2.980672257561967
22,-0.20644660757114655,3.652371744381148,-3.8588183519524364,0.8552312141590126,0.002592627234582505,3.0123158047585674
23,-0.43347984986520205,3.4512156363724835,-3.8846954862376606,0.6646959928617475,0.0018510217576354188,3.1131495829116766
24,-0.10205436698437045,3.738197763051978,-3.8402521300363333,0.9022973735707787,0.00282846567138713,2.9857902592462855
25,-0.1524398269919033,3.671720533137876,-3.8241603601296674,0.8480730826363065,0.0026668211294611785,3.0037411481807474
26,-0.4009138906600441,3.4389711537478136,-3.8398850444079926,0.8073316327297078,0.0024663694991977313,3.0274372070250886
27,-0.31567430995358736,3.5111040327383116,-3.8267783426919095,0.8842321564096989,0.0027998953951367356,2.988893682584064
28,-0.31039568196070777,3.5905774706531255,-3.900973152613801,0.7357890526424922,0.0020556619089060375,3.0820704337663436
29,-0.1650739024168019,3.6446840461545738,-3.809757948571473,0.8940236002554327,0.0028924907996555533,2.9789382323019797
30,-0.28822634956567017,3.586942974681959,-3.875169324247736,0.7495412206347654,0.0021645845625308207,3.0666689316302627
31,-0.2322962158014065,3.652109657770865,-3.8844058735721774,0.8623270104046936,0.002545821368154992,3.0178413600978784
32,-0.328775439312048,3.5453461611705355,-3.874121600482681,0.7708504401139042,0.0022427081604765257,3.0560540596518626
33,-0.12819299068224557,3.707828952904921,-3.836021943587184,0.8894139583704104,0.0027914633436974257,2.9898151349231057
34,-0.29195538919192077,3.57253312688008,-3.8644885160719014,0.8596071487161732,0.002592654588228758,3.0123126023463547
35,-0.18735943259140134,3.689045252702757,-3.876404685294233,0.8002724073686149,0.002342223019486139,3.0430128875980964
36,-0.26712246292084674,3.5936660675782,-3.8607885304990077,0.7354142685956231,0.0021494620719206986,3.0687641546683904
37,-0.18154411554417896,3.659477860828194,-3.8410219763723035,0.9392341601723975,0.0029708934866308594,2.970733618555843
38,-0.198350656716238,3.6288936209763585,-3.8272442776924436,0.9007912668744678,0.002863589339826055,2.98201396750882
39,-0.16840868354803154,3.678392863420783,-3.8468015469688908,0.8825497763100154,0.002731880014276662,2.9963998013732462
40,-0.23788059343667958,3.6020815687996532,-3.839962162236361,0.8738643887969606,0.0027191689438075513,2.997821489256297
41,-0.28913713854570633,3.600019021784377,-3.889156160330117,0.8446043397917826,0.0024680315831998186,3.027233589494665
42,-0.14867487575600938,3.6370356948478038,-3.7857105706038965,0.9712759819038621,0.003292740659618758,2.9389990663659136
43,-0.21127213805005743,3.6015209436785542,-3.8127930817285005,0.9106022045162212,0.002949212830246398,2.9729824821314814
44,-0.3037492514753325,3.5671601659191503,-3.8709094173945005,0.8271906636583184,0.0024546895807185964,3.028871634746796
45,-0.247547175636791,3.640812125210419,-3.888359300847128,0.8390683071231897,0.00245019075065826,3.0294258092441875
46,-0.21662868984481923,3.7295448780220313,-3.946173567866822,0.5925060939023221,0.0015036214880501957,3.1739836725225037
47,-0.20701321313823376,3.632242811260222,-3.839256024398537,0.8130346190709385,0.002489538801871141,3.0246100514715333
48,-0.20769695166041804,3.6725742733168567,-3.880271224977264,0.8242229899017612,0.0024184294730031333,3.0333649301843826
49,-0.21680622707550304,3.620414755961328,-3.8372209830367865,0.938276379541096,0.00297959048807829,2.9698357129985036
50,-0.14900255448640967,3.6886264003713856,-3.8376289548577915,0.9112928792807122,0.002871906131215656,2.9811259891327655
51,-0.42347122822082783,3.4290331451935843,-3.8525043734143765,0.821164460706969,0.002483160442202076,3.0253859397541096
52,0.03494397550365699,3.850108252437973,-3.815164276934297,0.8737305091505592,0.0027946319268349683,2.989468575239119
53,-0.27938730983772475,3.5134274600047104,-3.79281476984238,0.987286682332237,0.003334470063379566,2.935093675289663
54,-0.35706294124305205,3.480853959670729,-3.837916900913797,0.9470895753777513,0.003012261652122855,2.9664838659857145
55,-0.4228181117791877,3.431615689501893,-3.8544338012810613,0.8335191003982052,0.0025238457406356733,3.020467762160141
56,-0.3342050844602312,3.4988876389846966,-3.83309272344502,0.8275269179562579,0.0025618018329604158,3.0159444556975727
57,-0.15210651209100381,3.676210189154743,-3.8283167012457398,0.9011728142116895,0.0028616913783170725,2.982216941541161
58,-0.1439063050986619,3.693456888614478,-3.837363193713145,0.8935732173319333,0.002803498257065216,2.9885007353592545
59,-0.3647062375936315,3.473440339271733,-3.838146576865256,1.0210321282811492,0.003309279663117559,2.9374458430305133
60,-0.37644246433434037,3.51902748771747,-3.895469952051826,0.7879959668841732,0.0022496009981988734,3.0551338503661056
61,-0.011864175284026196,3.826603005161266,-3.83846718044515,0.8676915409609447,0.0026998908990484,2.9999893008224334
62,-0.3742625869010766,3.477560099664347,-3.8518226865654697,0.8464361696041403,0.002579716218502112,3.013830814079994
63,-0.21446767938074066,3.665837113168918,-3.880304792549623,0.7917519700156617,0.0023015337641342387,3.048282599258223
64,-0.32902419605057676,3.506445077411835,-3.8354692734623086,0.8945546429036972,0.002813224129647666,2.9874422783693784
65,-0.12589759406785964,3.714043163035998,-3.839940757103818,0.8545150954026859,0.0026449427077330696,3.0062467504505808
66,-0.41014278395108195,3.449759428428742,-3.8599022123797795,0.8706723613624727,0.0026475470377700272,3.005947501228083
67,-0.10740806881802603,3.702657548987688,-3.8100656178056624,1.0131951711896443,0.003379798136983921,2.9309016052585872
68,-0.2346032581132335,3.6385185062323537,-3.8731217643455693,0.8227119089914257,0.002432289098213988,3.0316402339047177
69,-0.37341923341421934,3.510590018945845,-3.8840092523601015,0.7372061920485393,0.002100208900343551,3.0756831605855215
70,-0.037341845013892844,3.822901285003439,-3.8602431300172384,0.9127289223328052,0.002806412542840493,2.988183225145371
71,-0.27964966663820123,3.586434869941906,-3.866084536580047,0.7595725815501653,0.0022226000644243516,3.0587534201062123
72,-0.16707668225888886,3.686592891383827,-3.853669573642719,0.7748495888336624,0.0023093501297275555,3.0472637070158455
73,-0.18304310762869994,3.648767083185114,-3.8318101908139397,0.9094376267755884,0.0028831536240432644,2.9799288284395513
74,-0.03221405317106876,3.8155342586383,-3.847748311809255,0.9350103453980063,0.002932362661261254,2.974740737740569
75,-0.058862540857725826,3.7698709103771697,-3.828733451234939,0.967111368445333,0.0031235401842131497,2.9553109925555185
76,-0.08827695977516617,3.679909032755621,-3.7681859925306753,1.0403995592187631,0.0036580667964688073,2.9062349358949433
77,-0.1553775055256296,3.6796720656506285,-3.835049571176228,0.8455135908059783,0.002624847910131449,3.0085648322317295
78,-0.14931834855713935,3.701893570922335,-3.8512119194795105,0.8330356077640233,0.0025311205465238314,3.019596010557926
79,0.01204944581183151,3.875321324302172,-3.8632718784904228,0.8894780954056256,0.0027085873594827957,2.9990096407303346
80,-0.2650897650738756,3.599669025328709,-3.864758790402675,0.8464479380597512,0.0025428545783572946,3.0181947204091433
81,-0.06446718558437117,3.7413496732429423,-3.80581685882737,0.9633623974105596,0.003187890123930756,2.9490145060813266
82,-0.32235938613451653,3.541608576856165,-3.863967962990614,0.9816259983326967,0.003061444862846912,2.9615000072560176
83,-0.2603945192971736,3.588261695900377,-3.8486562151974795,0.8159007370725737,0.0024741984084707927,3.0264792027630234
84,-0.2327889563314415,3.617730430797414,-3.850519387128884,0.7921316690940876,0.002380995838729002,3.038068804829709
85,-0.2065107199266635,3.6489127951336635,-3.8554235150604654,0.8963621841944089,0.002758578422278243,2.9934332515855826
86,-0.14555867385684854,3.715465919821485,-3.8610245936782803,0.9275080239263676,0.002860750429270086,2.9823176151935136
87,-0.13777522081591945,3.688475664050577,-3.826250884866454,0.8957956848979385,0.002847027883165242,2.9837892581662326
88,-0.17230616976531513,3.618135234660541,-3.7904414044259056,0.9992303645640774,0.0033938350761608567,2.9296138082272645
89,-0.4032556763530778,3.4670918883307054,-3.8703475646838115,0.7523999177940368,0.0021864896118744957,3.06365765810391
90,-0.28585794428716726,3.5885439936535186,-3.8744019379407746,0.8955730253657213,0.0026982048821119105,3.000179565006297
91,-0.26064838488231035,3.610515864735276,-3.8711642496176637,0.8038075485867235,0.0023688006464330207,3.0396158680316616
92,-0.21898077322112788,3.603007632010826,-3.8219884052319912,0.9338737087846489,0.003012430410090066,2.966466638789216
93,-0.37969538525454427,3.499225329204276,-3.8789207144589,0.838183229485232,0.0024728623187150398,3.026642500296054
94,-0.342397691826713,3.5015059600019467,-3.8439036518286684,0.8940323936955283,0.0027850128469970557,2.9905217612530155
95,-0.23790760714201445,3.553905008320499,-3.7918126154625043,0.9739010590672641,0.003281716587335262,2.940038319249333
96,-0.1797651679409086,3.641653827285291,-3.8214189952261677,0.9426815716489667,0.003049799800780929,2.962673396881589
97,-0.19415110021385265,3.646446997198771,-3.8405980974126805,0.9372530493116447,0.002964460123166986,2.9713993635769222
98,-0.27275782606785415,3.573786996063117,-3.846544822130909,0.8723250894174228,0.002693461422678171,3.000715439817232
99,-0.25739101256159247,3.603242757806641,-3.860633770368281,0.7434500092639578,0.0021784788056863824,3.064755677829503
100,-0.06446579340025385,3.7694664556873403,-3.8339322490875247,0.9197020900719375,0.0029168332045910123,2.976369365490424
101,-0.20219691422779254,3.59257525522402,-3.794772169451676,1.0110279938612348,0.003427751508136227,2.9265221003610145
102,-0.5919544872684895,3.2876572625861056,-3.8796117498545755,0.7698308653441663,0.002225325466174153,3.058386247568233
103,-0.12137238359492533,3.6993658410181367,-3.8207382246131374,0.9951817219312491,0.0032661031736371626,2.9415156699866913
104,-0.19990545944177432,3.6250486069497048,-3.824954066391456,0.9577410184314363,0.00309862428821969,2.9577807547062296
105,-0.40235116943564153,3.472900307404793,-3.8752514768405035,0.7138764194188947,0.0020396463728504124,3.08439785246545
106,-0.10889843190990126,3.720997112053205,-3.8298955439631754,0.9242128368864395,0.002947787819008226,2.973130821691952
107,-0.16520553927058193,3.6521295847970277,-3.81733512406754,0.8776331726070432,0.00280330355196807,2.9885219591381977
108,-0.23037296285691303,3.655273544456167,-3.8856465073131403,0.7506455587211049,0.0021430895217500654,3.0696511223721834
109,-0.3453076672342462,3.4873652886695354,-3.8326729559037176,0.8073303509118368,0.0024863460248203103,3.024998205560139
110,-0.057603716905768515,3.7205615140222172,-3.778165230928039,1.0050780650367614,0.0034651032000120497,2.923149302447284
111,-0.15483989040581894,3.6565295596092793,-3.811369450015036,0.9396420931361611,0.003071447963709395,2.9604953118187987
112,-0.41883584552170705,3.4604867808669426,-3.879322626388671,0.7447752725760326,0.002137787244757245,3.070390968418966
113,-0.26632006402406605,3.608193943902068,-3.874514007926109,0.8185442812158064,0.0024133486627301954,3.0339994546140754
114,-0.18613350602425674,3.6845099441809572,-3.8706434502051934,0.8374190140299858,0.0024929665173607654,3.02419384192016
115,-0.3362661954188383,3.5105386483291903,-3.846804843748032,0.9201129630760154,0.0028771954852211887,2.9805624687361347
116,-0.15545048581908252,3.6676891568287133,-3.8231396426477886,0.982815662826444,0.003206844189408444,2.9471819805828896
117,-0.15861598768823063,3.694229850538058,-3.852845838226358,0.8675255462376978,0.0026564432249554736,3.0049273146699664
118,-0.3784413548025981,3.4742788477985056,-3.8527202026010627,0.8263852809193262,0.002502019345050756,3.023097116533816
119,-0.2788566387846544,3.611049970047788,-3.8899066088324616,0.8079618735006364,0.002334457618350639,3.0440120858927457
120,-0.3591133038437505,3.495995656663198,-3.855108960506982,0.8158922100067554,0.0024563903877338825,3.028662368161778
121,-0.07747722436807583,3.7808390695155274,-3.8583162938837177,0.8472416517419794,0.002564135978824442,3.015668295423161
122,-0.24133688008670054,3.58398617356791,-3.8253230536546425,0.93295678552894,0.0029976797017038674,2.9679757596402663
123,-0.016786086851320242,3.8235843834188317,-3.840370470270045,0.8685427051488666,0.002697454725804881,3.0002642538111073
124,-0.061235536749458724,3.7857462974878655,-3.8469818342372264,0.9440669509687982,0.002970397799294504,2.970784867072273
125,-0.285264414611342,3.5946227240798803,-3.879887138691288,0.8187272937893249,0.0023995749938504046,3.0357257700117737
126,-0.32082533956475745,3.529129419696956,-3.8499547592616636,0.8957010797193501,0.0027728073457164194,2.991862925489994
127,-0.4406047119504223,3.426409172631438,-3.8670138845818656,0.814064943237673,0.0024172505445238246,3.033512053607104
128,-0.026185849404109313,3.7958823257000938,-3.822068175104164,0.927677070030569,0.002987295127264518,2.969042257282507
129,-0.1656228121570479,3.6404828674214778,-3.806105679578536,0.9982477702194892,0.0033318371414305698,2.935338767057449
130,-0.2735411742533046,3.593699255596038,-3.867240429849403,0.8363290260773661,0.0024984174885174233,3.0235330360933115
131,-0.16485241841758982,3.701813030236537,-3.8666654486540892,0.8331729673872079,0.002488373688788001,3.0247516444525915
132,-0.11418732474533902,3.6852565615881177,-3.7994438863335063,0.9625903711230772,0.0032071515343040104,2.9471523471333723
133,-0.24972039918294234,3.6099894739263356,-3.859709873109182,0.8521627940292644,0.0025785626224556937,3.0139665169871304
134,-0.45165822558920754,3.419495033501962,-3.871153259091102,0.7828514125878736,0.0022931962926835627,3.0493729190086376
135,-0.11983061952879273,3.721882276836553,-3.841712896365266,0.8933043717088669,0.0027889641113637486,2.9900887387679354
136,-0.2815199389705271,3.6130166665830115,-3.8945366055534123,0.8232887199757131,0.002376909917423012,3.0385863287252795
137,-0.29255936185735154,3.561949169865127,-3.854508531722445,0.8103582572677879,0.002437544315008347,3.0309886240179096
138,-0.21928741594366277,3.6485907008788208,-3.867878116822453,0.8306954567174758,0.0024758911434917224,3.026272431699468
139,-0.20850303685654983,3.6012673045412584,-3.8097703413977797,0.9297520799401306,0.003036623567113653,2.964006009410607
140,-0.2244921167476918,3.6568977417990074,-3.881389858546754,0.745738195935528,0.00213618873888735,3.070614343866602
141,-0.34485670481593333,3.529911946176807,-3.8747686509927917,0.9252729728466695,0.0028091579898630583,2.987884385165733
142,-0.14229747246441496,3.69336568372796,-3.8356631561924814,0.8897961871835882,0.0027940638691135375,2.9895306794080403
143,-0.19636602151332175,3.6898240179252952,-3.8861900394385884,0.8142467902368589,0.002366672893577305,3.0398865383226084
144,-0.2780476493432019,3.5680636357511237,-3.8461112850943664,0.8294615634439442,0.0025321109019035924,3.0194775119701034
145,-0.2742322821023976,3.5538680744347197,-3.8281003565371066,0.9331488511487152,0.002989261018017101,2.9688401006807488
146,-0.3375017965758019,3.518596561913084,-3.8560983584887936,0.8141588452277349,0.002447262419149289,3.0297870272401
147,-0.21065106807101022,3.634416392248433,-3.8450674603194557,0.8974423328025356,0.002794608209824436,2.989471167923203
148,-0.1844822104551526,3.6847308870018307,-3.8692130974569636,0.9142976557689306,0.0027846578485937828,2.990560693301535
149,-0.12336062842485665,3.668778889944918,-3.7921395183697086,0.9624005365593886,0.003232285422416799,2.9447377140831077
150,-0.21946594702013447,3.600095095232359,-3.8195610422525306,0.916446038633691,0.0029505461346918233,2.9728437481984704
151,-0.06271371753474289,3.7921300234449036,-3.854843740979618,0.8697699756524218,0.002659050828784501,3.004628874717449
152,-0.08767946106343918,3.7306085283340864,-3.818287989397504,0.9209909388359594,0.0029729348688630874,2.9705226446979482
153,-0.29186081789408436,3.5497446783243167,-3.841605496218449,0.8582653632498838,0.002654374096638437,3.005164316752183
154,-0.32415278603446895,3.544469759618654,-3.868622545653011,0.7524565954791793,0.0021909354011487693,3.063049875783607
155,-0.38122982754919976,3.5035861067445233,-3.8848159342936697,0.8197588724674678,0.002390118529115863,3.0369162503046745
156,-0.2884169900629644,3.546122329671251,-3.8345393197341764,0.8092067999771535,0.002488240696723527,3.0247678104682327
157,-0.24600865317121082,3.637563132490565,-3.8835717856616156,0.7940682953561593,0.002301382421628796,3.048302358574853
158,-0.16136178197383236,3.622721840869103,-3.7840836228429,1.0056147297480176,0.0034449589018596648,2.9249641658560535
159,-0.23921509959530743,3.6088218263836986,-3.848036925979045,0.9194727744504325,0.0028707861219432968,2.9812454348999045
160,-0.08840664355023767,3.7373283973054705,-3.8257350408557613,0.9806151834064334,0.0031887388853919234,2.9489322336378097
161,-0.26771515106180177,3.5367754083787397,-3.8044905594406373,0.9742733226393541,0.003237769633837611,2.944213116052721
162,-0.20391421074601515,3.590562554753069,-3.7944767654990983,0.9795201605116377,0.0032956948580302073,2.9387211089326115
163,-0.2840109803199852,3.556152410285279,-3.840163390605312,0.8625666944071853,0.0026751238614908307,3.0027952021282855
164,-0.3183992874585414,3.539266924117737,-3.8576662115763156,0.7830923370416873,0.0023290046414173255,3.044715558127436
165,-0.2387432063841374,3.6159889398753404,-3.85473214625938,0.8677096095152192,0.0026515757332895456,3.0054851156278173
166,-0.2462395729297754,3.5667029958841003,-3.8129425688140373,0.8785503643779435,0.0028206634303127053,2.986634919890312
167,-0.1698741205710889,3.6411674234173934,-3.8110415439884946,0.9604489285320659,0.0031576244818605024,2.9519613535424263
168,-0.10237674113342057,3.7113363930225494,-3.813713134156046,0.9491499339185809,0.0031021906202401382,2.957426137822101
169,-0.059119284890366025,3.7985141394832005,-3.857633424373489,0.965265318633338,0.0030184847834332906,2.9658491762061625
170,-0.39492744023778814,3.4470350510520693,-3.8419624912899053,0.9053814204411177,0.0028351132803721415,2.985072274484158
171,-0.19899521192952255,3.6351967175115125,-3.8341919294409763,0.8882400828705723,0.002792559118833265,2.9896952453139414
172,-0.09994314721269296,3.7755819301773017,-3.87552507739008,0.8694795839108118,0.0025975664830437863,3.011738045354955
173,-0.17308418238941106,3.658818830383233,-3.8319030127727274,0.9416552296241356,0.0030106108449875174,2.96665243057134
174,-0.1260450543598012,3.683965448406638,-3.8100105027664313,0.9442558341811034,0.003094887236987554,2.958152746508324
175,-0.142873073183759,3.6739577696331627,-3.816830842817012,0.903128676681475,0.002906168988464692,2.9774923480811504
176,-0.3968228717902861,3.4255591036610125,-3.822381975451208,0.9264174624590007,0.002981212246315513,2.969668542191602
177,-0.19588531044349514,3.6721229561987205,-3.868008266642164,0.804004871952194,0.0023778941197257542,3.038461594974755
178,-0.19949151780884625,3.6207871144507853,-3.820278632259601,0.8539791723800811,0.002701404518773358,2.9998185838376576
179,-0.13125738092333852,3.7264738780511153,-3.857731258974468,0.8133263908829464,0.002439727297488445,3.0307183274447396
180,-0.4791447139676933,3.3627344737595384,-3.841879187727386,0.899224329917701,0.0028114240056311486,2.9876379317916544
181,-0.263248772108463,3.554935452936514,-3.8181842250450018,0.9579535082380588,0.0031227003656123242,2.9553939457143423
182,-0.26629138170222577,3.5810017544329296,-3.8472931361352494,0.839003330405609,0.0025646906555849016,3.015602703646276
183,-0.2940703922909137,3.5874558576795192,-3.881526249970534,0.7793979160278139,0.0022544303829177335,3.0544906545390598
184,-0.22072547953860924,3.6070092715956457,-3.827734751134244,0.8125826319487088,0.002520098823226862,3.0209176584038833
185,-0.2269183110236185,3.6089552352342342,-3.835873546257858,0.9394169554366694,0.0029885541985934113,2.9689127704113845
186,-0.30631573142580637,3.591779858990249,-3.8980955904160055,0.7888666500663049,0.0022460467460518885,3.0556080278721685
187,-0.3430768627599804,3.5024428285488427,-3.8455196913087093,0.80486698987926,0.0024416858882435376,3.030476003333148
188,-0.39870121622312527,3.4594061041436928,-3.8581073203667984,0.8994391660390653,0.0027621358001792633,2.993039961401457
189,0.06935907563137386,3.8727106608548065,-3.8033515852233677,0.9818143039703333,0.0032732241424505547,2.940841083348963
190,-0.16524965920019388,3.6733088763915593,-3.8385585355916874,0.9610969231914277,0.003065896327336812,2.9610525401569707
191,-0.24536414691784506,3.584672836834591,-3.830036983752507,0.9731778104428215,0.003143567600857914,2.953338782521117
192,-0.1608705709014743,3.670472353402984,-3.8313429243044084,0.829990654787824,0.0025762201576494683,3.0142422429942397
193,-0.28838450756803413,3.579771481846587,-3.8681559894146176,0.7884084281353103,0.0023209651455709285,3.0457554655971615
194,-0.124039186403374,3.6805630304766734,-3.8046022168800846,0.9554524805411209,0.003159497067589538,2.951778281587778
195,-0.21884258666728731,3.6101785326580296,-3.8290211193252617,0.8835075146365146,0.0027900956455268566,2.989964836162019
196,-0.22545119291431495,3.5968148314511095,-3.8222660243653763,0.9326221495912601,0.0030064797212909188,2.967074631084747
197,-0.028915026457761478,3.824284100721107,-3.853199127178982,0.8595475862582607,0.0026251941686617803,3.0085247516228137
198,-0.08326324993823567,3.7667805610405733,-3.850043810978832,1.0319876343317884,0.0033107142078647018,2.9373114544363785
199,-0.34011936835725864,3.5140437525046218,-3.8541631208619265,0.8034413933978568,0.002412927398904369,3.034052119641197
200,-0.22744245331683435,3.5853854440821853,-3.812827897398961,0.8512598170166594,0.0027132314877433912,2.9984876542596344
201,-0.2485552606767755,3.5794089084563034,-3.8279641691331108,1.0025627844792806,0.0032704829334644957,2.941100606300806
202,-0.13795537568024377,3.7670929848962955,-3.9050483605765294,0.866981509431767,0.00250479575307249,3.022761489637982
203,-0.12140985659960682,3.6853425000287268,-3.8067523566282944,0.9414377136485097,0.003094500046300539,2.9581913114745153
204,-0.403014314643778,3.447192378515363,-3.8502066931592935,0.8611875589827234,0.0026401693155657345,3.006795934561106
205,-0.14206796931035517,3.6816748865524205,-3.823742855862861,0.8573357976324307,0.0027040614313979033,2.999519129265092
206,-0.13241308230772977,3.6739026894847524,-3.8063157717925833,0.9317601849777857,0.0030564354746651858,2.9620042677161065
207,-0.05229637864409545,3.78303103870241,-3.8353274173464342,0.9467263639708432,0.0030194324587339053,2.9657526286689393
208,-0.2962033610331304,3.527813542563733,-3.8240169035968847,0.9030798245675378,0.002882919038567065,2.9799537536846206
209,-0.12740643817074618,3.686978464384873,-3.8143849025555028,1.0483896389893421,0.0035114591183909123,2.919009154200472
210,-0.2851513133365501,3.5433236033660074,-3.8284749167024756,0.915509517214832,0.00291786459315114,2.9762609551661794
211,-0.4033334860171266,3.457911240918698,-3.8612447269358654,0.8463585393097559,0.002552493126944674,3.0170480922026433
212,-0.36048630916151014,3.4955864679722635,-3.856072777133818,0.8400731985010106,0.0025437089629442235,3.0180929200574993
213,-0.39274666664221913,3.4354509935765987,-3.828197660218734,0.8757867960249928,0.0027624578675038074,2.9930043777062525
214,-0.07579612784832937,3.7565378415509074,-3.832333969399201,0.9090514610847249,0.0028799606146906057,2.9802682520149535
215,-0.3640845067678896,3.490848709993561,-3.854933216761424,0.820673043356801,0.0024746087324624346,3.0264290689614746
216,-0.2810046320005398,3.5420674056994437,-3.823072037700058,0.8736742912137445,0.002769950595208908,2.9921776094246226
217,-0.5377355988847597,3.3429370749083813,-3.8806726737931285,0.793617904048054,0.0023072519032672203,3.047536908098165
218,-0.35128548193621045,3.5465257744247976,-3.897811256361024,0.9376395492693836,0.0027845050617404683,2.9905774505614993
219,-0.254109023676628,3.6066422784304017,-3.860751302107019,0.789598527275023,0.0023446320644360213,3.0427035247870795
220,-0.2658590615950601,3.5601314972069322,-3.8259905588020047,0.8891867558338293,0.002821817656940659,2.9865098304308497
221,-0.27588543365301066,3.5527213923896945,-3.828606826042801,0.9173172824890261,0.002924606207245007,2.9755531973073244
222,-0.19563284902199887,3.6294398266783072,-3.8250726757001985,0.8841995243936958,0.002805075136608592,2.9883288975912876
223,-0.31464224815943853,3.587497237894928,-3.9021394860543523,0.8050679646195795,0.0022925991420697724,3.0494511497212775
224,-0.4731170434153086,3.372006352505674,-3.8451233959209503,0.735733518341533,0.002188886896765756,3.063329785539892
225,-0.20759127084603227,3.6357140799564545,-3.8433053508024386,0.8906746419566871,0.0027738695095954136,2.991745998872085
226,-0.21330046854405685,3.5914760473363345,-3.8047765158803486,0.9648908905926001,0.0031978689064814186,2.94804849900632
227,-0.09254333329170952,3.765350490461698,-3.8578938237533293,0.8698173819984019,0.002650231922768205,3.0056392774207374
228,-0.14616723445431892,3.6854074146526963,-3.8315746491070968,0.920304321674648,0.002926834818790876,2.975319557435851
229,-0.3078209378989044,3.581637789108584,-3.8894587270074226,0.7377723534230958,0.002089322829695977,3.0772324798288113
230,-0.2958378928352744,3.5537870200815544,-3.849624912916852,0.8109432573951767,0.0024530656471264457,3.0290715667185433
231,-0.2676270765960084,3.536444524366589,-3.8040716009626294,0.9844995496194704,0.0032818232910217945,2.9400282449291324
232,-0.10691554813173246,3.752254070525908,-3.8591696186576883,0.8412959348087652,0.0025395021169897316,3.018594470299689
233,-0.26174523320583776,3.5851672663616,-3.8469124995675656,0.9394534627125188,0.002952498067112486,2.972640747495471
234,-0.10003735353178347,3.7105403144906073,-3.810577668022347,0.931461923643548,0.0030408571289265024,2.9635772630974175
235,-0.2177555717079344,3.6042396196242934,-3.821995191332121,0.9808829448024949,0.0032029765553834746,2.9475551098557946
236,-0.09235340202543232,3.7767746468334082,-3.8691280488587836,0.8307366252413901,0.002472592990121297,3.026675427542927
237,-0.1436558788835868,3.7085569845309068,-3.8522128634143655,0.9637627121323558,0.0030306282130496695,2.964614111724275
238,-0.4486064508574913,3.4403373658057554,-3.8889438166633,0.7457473333982412,0.0021181506587373334,3.073145667377711
239,-0.09576173674862223,3.7470332237029944,-3.84279496045167,0.9103381889029794,0.0028518054101756745,2.9832761698203707
240,-0.12259490091219907,3.6988835181453807,-3.8214784190575983,0.8724743645016302,0.002770149649569644,2.9921556730843455
241,-0.13713014934001824,3.6911695359726946,-3.828299685312686,1.019878834205831,0.0033404097292728933,2.9345414140740353
242,-0.26996926170898805,3.588498702728528,-3.858467964437409,0.7911762374170044,0.0023564000588837467,3.0411964828958196
243,-0.3094110566660305,3.5370923354298003,-3.846503392095997,0.874604675820303,0.0027023109893634274,2.999716387367326
244,-0.2640009394145949,3.5538025316932385,-3.8178034711078226,0.9930177976287533,0.003267719080240833,2.941362473792385
245,-0.481072855877423,3.353115076036483,-3.8341879319139025,0.854864335358974,0.0026632833200560813,3.0041450355585115
246,-0.04385231542222248,3.767575413547618,-3.811427728969761,0.971669581190548,0.0032024072061476354,2.947610072384431
247,-0.38803836945874937,3.489538372519043,-3.877576741977805,0.7019971986864495,0.0019933019762971614,3.0912284689463134
248,-0.36592467794731365,3.4575822166030847,-3.8235068945502917,0.8685417136659876,0.0027485125606571056,2.994548610410723
249,-0.18871214516992443,3.6523482857842002,-3.841060430954144,0.9268376203220123,0.0029219299060029495,2.9758339862267342
250,-0.2971867266429712,3.521482070948301,-3.818668797591272,0.8274987033300767,0.0026032929021137124,3.011069464137916
251,-0.25783046795607734,3.583177551933771,-3.8410080198898413,0.8705857072352772,0.0027033956039841044,2.9995941479027173
252,-0.20286902035480528,3.6070547514998457,-3.809923771854642,0.9991458398806188,0.0033216371401626125,2.9362899266363383
253,-0.20617892305018307,3.658528481940675,-3.8647074049907815,0.8586132595697649,0.0025883116157031,3.0128214406657503
254,-0.14118747734290485,3.66983828151521,-3.811025758858136,0.8922346877105061,0.0028812667461969132,2.980129366003298
255,-0.24418487497838162,3.595311726141784,-3.8394966011201177,0.9773881288517758,0.003127892972917845,2.954881370992071
256,-0.1618111022069201,3.6800568875784827,-3.8418679897854418,0.9682937925317345,0.0030834082535301337,2.959297948838976
257,-0.3052693269846799,3.55679140097638,-3.8620607279610795,0.8514078381512804,0.0025690047074132497,3.0150929996487834
258,-0.2404640854217718,3.618399352693802,-3.858863438115577,0.8163372693673105,0.002447750240884305,3.0297268255978995
259,-0.44226299789148416,3.366179832057258,-3.808442829948717,0.9395700559242268,0.0030810991754435307,2.9595287838968054
260,-0.3495451605762213,3.5297245177161938,-3.8792696782924168,0.8065689794035791,0.0023573594586028144,3.0410739235305724
261,-0.2265466435970979,3.621539161971086,-3.8480858055680756,0.8155827737657275,0.002474589331239048,3.0264314392513083
262,-0.23584581050580203,3.5971539790295126,-3.832999789535279,0.8286216324905711,0.002566239592659266,3.015419607016961
263,-0.2787116399057453,3.5577981835475803,-3.8365098234534116,0.8735579554946562,0.0027284359337528172,2.996784411589828
264,-0.20861095134945065,3.6683125014075437,-3.876923452756955,0.7766672659531793,0.0022563603053490596,3.054233973117036
265,-0.25851420951904347,3.577297786043968,-3.835811995562949,0.8915425762311049,0.0028004073907376905,2.988837813490705
266,-0.29467922707193284,3.5555723728617434,-3.8502515999336993,0.7873051169986245,0.0023639324635756406,3.04023547540161
267,-0.4139479722985101,3.4533371236233443,-3.867285095921943,0.8214890722586361,0.0024437020686917167,3.0302267397500615
268,-0.17287689239834383,3.6821454852915054,-3.85502237768992,0.912800097280865,0.002822946498320271,2.986387537285008
269,-0.13263992187422394,3.7062936480177098,-3.8389335698918785,0.9564048628411179,0.0030459244093182457,2.963064798671716
270,-0.06085931465134711,3.7789277211370433,-3.8397870357883903,0.8625547927898363,0.0026761984872753935,3.002672964144881
271,-0.3868139619658081,3.4735163317515316,-3.860330293717311,0.8305788417045306,0.0024963928281679653,3.02377832583442
272,-0.07885682470453906,3.7698910696078003,-3.8487478943122824,0.9412608921352836,0.0029536070199113777,2.972525471102174
273,-0.12793044664079792,3.679829426491683,-3.8077598731324542,1.000856252366221,0.0033366839756815187,2.9348877243947658
274,-0.2986509187044334,3.5318534243071054,-3.830504343011512,0.8898175420221293,0.002810187597766589,2.9877723818330777
275,-0.2290744154627277,3.602091272183563,-3.831165687646262,0.9084027778048256,0.002881131749220571,2.980143718090181
276,-0.3973497845594324,3.455309637730237,-3.8526594222897756,0.8342543164767258,0.002531597641600158,3.0195389196026237
277,-0.08544685594063997,3.768079551622525,-3.8535264075632085,0.7569698820366919,0.002244760146379875,3.055779844344024
278,-0.18331395346889115,3.634460659938537,-3.817774613407323,0.9536271641554368,0.003106506997756819,2.95699743730309
279,-0.2196882156728265,3.631871630502657,-3.851559846175519,0.7779613219961128,0.0023262041215909674,3.0450774312612894
280,-0.31478683131673224,3.4938215577045253,-3.8086083890212876,0.9279549029591716,0.0030332199648571037,2.964351098606354
281,-0.2594525146661312,3.578684586620725,-3.8381371012868613,0.9035934054795138,0.0028401646671461648,2.984527719139814
282,-0.3008264046367316,3.5415033938781915,-3.842329798514811,0.780213218303837,0.0023587425519045607,3.0408973194082463
283,-0.2874953859277497,3.5470832413942337,-3.834578627322003,0.9475856137373402,0.0030253538036986247,2.9651499973534072
284,-0.14098107236339677,3.715958984412556,-3.8569400567758976,0.8157914083548783,0.002450996989389462,3.0293264267688484
285,-0.5157160085249274,3.3374872828823876,-3.853203291407226,0.8421691476848538,0.0025597217472617608,3.016190751268051
286,-0.22809556730147454,3.6625398936638622,-3.8906354609654272,0.7642614706682114,0.0021785046947483213,3.064752123327856
287,-0.1462262752359124,3.7053313098016267,-3.85155758503754,0.882391386991741,0.0027168896614904667,2.9980770606706297
288,-0.18770924035607953,3.687824610981464,-3.8755338513375364,0.8540401262821575,0.0025404611807462803,3.0184800615868554
289,-0.3532271614615269,3.479517282434714,-3.8327444438962175,0.9912205804329148,0.003207228513276006,2.947144925412829
290,-0.13860653718951146,3.7343224837237003,-3.8729290209132614,0.9154443909837333,0.0027775780213695226,2.991338073668928
291,-0.2568424436913205,3.602938767896895,-3.859781211588256,0.7979839252176517,0.002377813934240252,3.0384717555845726
292,-0.403096127717285,3.4595060543781764,-3.862602182095543,0.7563452687082912,0.0022197391815916416,3.0591392891167586
293,-0.2636227194011639,3.601432945960181,-3.8650556653614103,0.8089588209925589,0.002403854646977616,3.0351884127893842
294,-0.2490981870132686,3.603964073616544,-3.8530622606298266,0.8803169250667029,0.0027044439758317856,2.9994760356967216
295,-0.20695443873706557,3.6543730909508008,-3.8613275296878555,0.8551686159574476,0.002585163542032976,3.0131907685898076
296,-0.21645735884784192,3.6162737316110367,-3.8327310904588785,0.829343704924602,0.0025697631543955576,3.0150034702634825
297,-0.1729708543273404,3.645165638731845,-3.8181364930591144,0.9070998415315921,0.002917812373453507,2.976266443192301
298,-0.05882133129058223,3.762895185124455,-3.8217165164151083,0.905619296571238,0.0029003722733451347,2.9781043430867933
299,-0.2899041145618725,3.6229579724397323,-3.912862087001713,0.7574215738145433,0.0021015513174975835,3.075492616496695
300,-0.43164602960656284,3.458110979132631,-3.8897570087392523,0.8356644369245365,0.002434102971201549,3.0314151809368717
301,-0.11518630409330802,3.7594897349656304,-3.8746760390589543,0.8681883773651977,0.002595226116801224,3.0120116800132384
302,-0.17494255067607303,3.7081675346644,-3.8831100853404905,0.8039700086321115,0.0023379505115538146,3.043562268429282
303,-0.10973157267643222,3.7428753788457763,-3.852606951522148,0.8137062290128316,0.0024551500810090147,3.028814961887631
304,-0.2155365710442624,3.628937587487386,-3.844474158531625,0.8001724896352469,0.002427053086582075,3.0322907451875487
305,-0.14015017515021957,3.6847118205200986,-3.8248619956702896,0.8848011100402688,0.002808096432819133,2.9879999032644484
306,-0.1858949313408488,3.6247799808655343,-3.810674912206423,0.882690637194774,0.0028442722293309103,2.9840855625646983
307,-0.20664839215579325,3.5800573454584144,-3.786705737614284,0.9887196944828207,0.0033630371434686906,2.9324457109623574
308,-0.17331376436073645,3.6637176173179093,-3.8370313816787984,0.9428246369062392,0.002998257981223446,2.9679164693536735
309,-0.22189348009579538,3.6000547111507246,-3.8219481912466335,0.8929218324439243,0.0028492719641133907,2.9835481545296703
310,-0.2998844092359235,3.5403407089416548,-3.8402251181776137,0.8667737971425264,0.0026910915763543575,3.0009834875819914
311,-0.16378147555657,3.6532608347678175,-3.817042310324382,0.9232219556269983,0.0029860061288001106,2.9691748735453585
312,-0.2887373860392103,3.5725906688647258,-3.861328054903993,0.8004134721161762,0.002382582145383265,3.0378681018793823
313,-0.3094565689353971,3.524292036373373,-3.833748605308756,0.8855430995030966,0.0027834176538950113,2.9906967388558248
314,-0.21754729611098758,3.6461688853634873,-3.8637161814745014,0.8672336879996592,0.002623444416957988,3.0087273408821535
315,-0.19795434904870893,3.6499223803929195,-3.8478767294415093,0.9049544888224781,0.002814949212492021,2.987254888334012
316,-0.38018989552620897,3.5036987253005525,-3.8838886208268377,0.7291824580293498,0.0020726672711922243,3.0796173101717015
317,-0.28001048580234456,3.5891862065789746,-3.8691966923812515,0.8267297992940441,0.002457694320165306,3.028502022632169
318,-0.21819320741963968,3.677715107805915,-3.895908315225597,0.8293764404649906,0.0023949892212347806,3.0363025384189894
319,-0.23490729189496454,3.547167507430555,-3.782074799325528,1.0412307547567732,0.003606506061043402,2.910673555559629
320,-0.34140534250549026,3.5148398236647016,-3.856245166170197,0.860510285535157,0.0026199414940692037,3.009133286760084
321,-0.255980467892195,3.592210356497017,-3.848190824389235,0.8768526414324684,0.0027058469385315073,2.9993180398329407
322,0.0553326808522939,3.8745899317344956,-3.819257250882174,0.9654355244899082,0.0031494733261013463,2.9527593999679707
323,-0.43158198092579314,3.406836996294532,-3.8384189772202717,0.8889857040355218,0.0027823854842467244,2.9908100069199817
324,-0.28495784966742976,3.5783944665161784,-3.8633523161836365,0.8871023762704588,0.00269935596235903,3.000049655769058
325,-0.16593221987103282,3.7066944453689836,-3.8726266652399772,0.8836289920239841,0.0026587277771802325,3.0046658334151335
326,-0.24075337940076627,3.5774317411470844,-3.8181851205478097,0.9014057067283239,0.0028949420848177285,2.9786786552337565
327,-0.3272805298006546,3.4816870483457465,-3.808967578146394,0.917719634121537,0.0029905071019493364,2.9687120260964535
328,-0.07683367527421017,3.7696790987244655,-3.846512773998711,0.8235299944081844,0.002508701818755234,3.0222898794920194
329,-0.33780811465579463,3.4869454425818884,-3.8247535572376137,0.8983606253909864,0.0028618941227554597,2.98219525354491
330,-0.3193563688793205,3.5012256223913227,-3.8205819912706147,0.9527478408909036,0.003093339281664175,2.9583069523246595
331,-0.2984121783413315,3.5375217381446515,-3.835933916485942,0.9195495178498811,0.0029097801854522025,2.9771116547287138
332,-0.17917938320682372,3.6769790957721136,-3.856158478978955,0.8664844987963951,0.0026427440858637543,3.0064995917189754
333,-0.16749461643440502,3.6688943605939603,-3.8363889770283777,0.958516508567036,0.003062915154302332,2.961352146025924
334,-0.20699311897409137,3.6496146857412843,-3.856607804715509,0.8662581750740861,0.002640569468838756,3.0067498616410666
335,-0.34346385569859594,3.470214520463499,-3.813678376162102,0.8691113963074271,0.002780977254503334,2.990964604919684
336,-0.35960509508618943,3.4812138853278953,-3.8408189804141557,0.9039421945111408,0.002833096952434433,2.9852898883829355
337,-0.009757627088001236,3.8429419977680017,-3.8526996248559726,0.8740911400221245,0.0026818192410142535,3.0020343370485403
338,-0.3522795639256714,3.4567539330426826,-3.809033496968368,0.835443987874763,0.002662550768567345,3.0042287272000743
339,-0.0875662763319355,3.7421464322492874,-3.829712708581269,0.8631227778414776,0.002708567398172218,2.9990118860879034
340,-0.22602086221935172,3.580231669836085,-3.806252532055396,0.8999361015641578,0.0029275729675066206,2.9752422082884906
341,-0.08949396055619166,3.7642070497057536,-3.8537010102619433,0.8894855514671489,0.002737520744553554,2.9957708409177957
342,-0.2153419374082063,3.611914118912774,-3.827256056320948,0.8451502397007231,0.002646345922805613,3.006085481288026
343,-0.17005310303694335,3.675743320240454,-3.84579642327742,0.8045285030234646,0.002439669457152762,3.030725486371626
344,-0.251183947666172,3.6099808617698685,-3.8611648094361044,0.8745466158021791,0.0026584369427473673,3.004699109820455
345,-0.2456547891923805,3.6134463654361544,-3.859101154628547,0.8292243153757668,0.0024947908431441376,3.023972537019995
346,-0.1658531985446047,3.6925284043070037,-3.8583816028516367,0.7746657163955559,0.002296505922284912,3.0489396734716028
347,-0.19234722498686954,3.621755653089553,-3.8141028780764827,0.9649378640888289,0.003165367938308588,2.951204960685729
348,-0.308190816616397,3.561278077271535,-3.86946889388787,0.8567915825891204,0.002567873337367747,3.0152265949348047
349,-0.267275044226048,3.5430565066758484,-3.8103315509018785,0.9958304683953489,0.0033063497037495227,2.9377204874690794
350,-0.3742899478981002,3.5009836571647015,-3.87527360506283,0.8225651745670159,0.002425920332108575,3.0324316452424833
351,-0.27715819879302617,3.545691263331847,-3.82284946212485,0.8416337975101227,0.002645750103964422,3.0061539482009043
352,-0.31601926526548996,3.5556713707411167,-3.871690636006633,0.8396272770314139,0.00249817715470976,3.0235621432741855
353,-0.23889628199084148,3.578645331171439,-3.817541613162234,0.9073067232093472,0.002920562994596159,2.975977488743323
354,-0.3944344197102595,3.4460719933165334,-3.8405064130266737,0.8040668456034985,0.0024524248266517587,3.029150495207347
355,-0.20017869365256905,3.65472659367865,-3.854905287331121,0.8908846392591729,0.0027392109518616565,2.995582607637172
356,-0.20574419061871088,3.6660288043329445,-3.8717729949515842,0.8861546816374122,0.002670708912175282,3.003297871113666
357,0.06445629788753701,3.8570387707310148,-3.7925824728436055,0.9598781097838547,0.0032201563001134194,2.945900824491185
358,-0.18758384758860705,3.636655335607865,-3.8242391831963687,0.9129268635696395,0.002921300229564224,2.975900083961446
359,-0.26419850671425993,3.6126263124786075,-3.8768248191929615,0.7912306589560174,0.0023086489712713745,3.047354976554118
360,-0.20961702955185904,3.6836322505834826,-3.8932492801353646,0.8598366562165025,0.002511884580765973,3.0219060959108455
361,-0.46356818009497547,3.4255071885954718,-3.8890753686905555,0.7582479785325522,0.0021613191321400976,3.067120218865822
362,-0.192484228853013,3.6520147404537213,-3.8444989693067555,0.8334143909507641,0.002551577011349383,3.0171569053716976
363,-0.6031262291599063,3.2927018251254982,-3.895828054285289,0.7571976254431982,0.002141354997747833,3.0698929619374775
364,-0.3036975535310461,3.563525897927278,-3.867223451458358,0.81018557587088,0.0024025129310544695,3.035356785586773
365,-0.21788046462087043,3.6110837351761202,-3.8289641997969284,0.8880444667263161,0.002808041525412293,2.9880058793452418
366,-0.2762753929000695,3.624587422216005,-3.90086281511617,0.6972389616338814,0.0019256017840885568,3.1014733900171416
367,-0.28681452624881276,3.574024913179715,-3.8608394394285597,0.7485462530789593,0.0021961884115808726,3.0623331937891582
368,-0.31280570109641703,3.5833024732016114,-3.8961081742980923,0.8154282058881215,0.002344797701306795,3.042682264859503
369,-0.2741035049749684,3.5438094412045698,-3.8179129461796038,0.9501000497552634,0.0030917042518443377,2.9584699088484134
370,-0.41369226240340995,3.4817582386349835,-3.89545050103834,0.7375068814297241,0.002074371850684764,3.079372433644506
371,-0.3318063338675842,3.5439696180443083,-3.875775951911919,0.8555680403796311,0.002545408232174268,3.0178905441936874
372,-0.10663007877804778,3.669827663974744,-3.776457742752882,0.9227554170962331,0.003121225495522685,2.9555396753786485
373,-0.26370023534469456,3.6003892107938795,-3.864089446138564,0.9489093980667462,0.002933594192745529,2.974611919878869
374,-0.31491679314945886,3.510109570237536,-3.8250263633869963,0.9091996177837642,0.0029039530164191685,2.9777261702674416
375,-0.42750143250840156,3.434283050894909,-3.861784483403312,0.83897909898592,0.002523501040837684,3.020509125094712
376,-0.32941892702570785,3.524182002578249,-3.8536009296038856,0.7747514169082304,0.0023091699773471527,3.0472871549618397
377,-0.2416417018071201,3.613448916324874,-3.8550906181319533,0.7596369897291608,0.0022504589135635606,3.0550194975824905
378,-0.21908410574884277,3.6381419525080223,-3.857226058256856,0.8962629455711988,0.0027526934274299396,2.994084892566758
379,-0.36271309833672094,3.49923028546551,-3.8619433838022132,0.8427182368734241,0.0025369543049421506,3.0188985961532206
380,-0.11016045798442922,3.747791650237034,-3.8579521082214114,0.833068431469612,0.0025122839148276834,3.0218579748515384
381,-0.2179836292228942,3.571040340709605,-3.7890239699326003,0.8798801518671726,0.0029020789423334576,2.977924043629419
382,-0.18633569971394484,3.721318116787432,-3.9076538165014654,0.8139582657087119,0.002309616780574836,3.0472290038345378
383,-0.24495812161354427,3.5923913616043586,-3.8373494832178494,0.8607955939677461,0.002676700136767467,3.0026159171988183
384,-0.4563127062012967,3.412623287152693,-3.8689359933539436,0.8387028057912946,0.0025024480483988552,3.0230452703684025
385,-0.10014603780417422,3.7379187288713855,-3.838064766675643,0.9761028176471349,0.003127659868039901,2.9549043646969126
386,-0.163531196717608,3.656476878319714,-3.8200080750373218,0.8767675388610172,0.002791578461503439,2.989802537774128
387,-0.16112456270685419,3.686701055110595,-3.8478256178174206,0.8985878393950015,0.0027904985153365436,2.9899207331333395
388,-0.2894899866909185,3.588389557337701,-3.8778795440285876,0.8514397231070787,0.0025242845295705557,3.0204151162882993
389,-0.297139116443654,3.542700203969258,-3.8398393204129206,0.8388888322342218,0.0025856605560138474,3.0131324322254787
390,-0.2636334752594479,3.5598189077150644,-3.8234523829744376,0.9180897223633724,0.002944417932383045,2.9734818776861447
391,-0.2772839444695677,3.597714705291518,-3.87499864976121,0.8602777974491,0.0025650047326608977,3.015565569076499
392,-0.11219415884284847,3.7443410190331297,-3.8565351778759123,0.9196769706993364,0.002844719314588529,2.9840374714732523
393,-0.2885954728021801,3.5384271491301686,-3.827022621932315,0.8804949706261729,0.002784489216000764,2.990579188528591
394,-0.3317149413658257,3.46893528345907,-3.8006502248248353,0.9112404654534099,0.002991755628010873,2.968583749326777
395,-0.32649033988617193,3.497388864435916,-3.823879204322111,0.8887983584164187,0.002826906777513948,2.9859588528807586
396,-0.32706503095392636,3.540610835485112,-3.867675866438958,0.8045587009626987,0.0023807938171162045,3.0380943738284474
397,-0.3859115999927184,3.427519343441191,-3.8134309434339,0.8637943810778363,0.002760741939843088,2.9931940061449094
398,-0.08730568030785837,3.772149173402966,-3.8594548537107585,0.8207553806522685,0.0024624484613371177,3.0279180609727074
399,-0.34621478391535165,3.5011360141269745,-3.847350798042271,0.8218160190712487,0.002499934514626689,3.0233493659222463
400,-0.1082652777864809,3.7305465565968157,-3.8388118343832502,0.8881085115371694,0.0027777682207759924,2.991317165716883
401,-0.2995028523563491,3.5596628021445125,-3.8591656545008846,0.7427198457251056,0.0021794705027535083,3.064619548030587
402,-0.06068586007780544,3.758714297200022,-3.819400157277755,0.931856106041554,0.0030129324236375142,2.9664153973104668
403,-0.03942858710070998,3.7448726978035585,-3.784301284904245,0.9520494015156729,0.003216738192913631,2.9462293215790396
404,-0.1701298422340273,3.6938146185874587,-3.8639444608214717,0.8483795638738081,0.0025523471205986803,3.0170654319588706
405,-0.13301500880539555,3.6793708494192985,-3.8123858582246157,1.0107640627325551,0.0033610592620327844,2.9326283851921233
406,-0.122843581276365,3.706093790544053,-3.828937371820416,0.9077114448699697,0.0028855202496115536,2.979677472537957
407,-0.3009677424673868,3.5581681359412056,-3.8591358784085514,0.8075801748551097,0.002414745992038932,3.033824825293926
408,-0.11839908494733611,3.7541413859980355,-3.8725404709454097,0.872603983222791,0.002617824297608343,3.0093788845546174
409,-0.025284156213624037,3.772133971513321,-3.797418127726928,0.9813616314015023,0.0032927627201672035,2.9389969898703376
410,-0.2441636062234324,3.617761933721145,-3.86192553994465,0.7859990673191093,0.002328463999870066,3.04478538683977
411,-0.3633307415837038,3.481512818214411,-3.8448435597980506,0.8857099868489211,0.00274999315111283,2.9943843181348986
412,-0.257293138928398,3.5728160181480804,-3.8301091570764356,0.7931962185836698,0.0024400817236656875,3.0306744633335447
413,-0.1565504857947048,3.6975326030988502,-3.854083088893617,0.7737323963241627,0.0023042074641804185,3.0479337163778144
414,-0.21650641047416178,3.624292653039739,-3.8407990635138276,0.8236986831873354,0.002525397620290508,3.0202816052664367
415,-0.4460072450896263,3.391286063876207,-3.8372933089658545,0.8728427954017484,0.002723297964917556,2.9973590083414825
416,-0.19104196288083988,3.6699390304010397,-3.8609809932819417,0.8626164955363831,0.002614080968358913,3.0098135607563252
417,-0.10797845018613264,3.7400241254534845,-3.848002575639498,0.8127224730620948,0.002464149844616785,3.0277093269475523
418,-0.12626041245187883,3.6671417953083716,-3.7934022077602094,0.9430040207222516,0.0031469731842244542,2.9530045559825946
419,-0.2732884007364277,3.560598986864209,-3.8338873876007256,0.8722523421556558,0.0027313377718331073,2.9964603257284623
420,-0.21030444312339971,3.649207815924694,-3.8595122590479605,0.7820777612846528,0.0023205003491306455,3.0458156877642666
421,-0.4074069605704921,3.433167682030055,-3.8405746426005862,0.8939623068763725,0.002795041208147857,2.9894238367981707
422,-0.2009769908822904,3.6358947133083164,-3.836871704190685,0.8796499219007754,0.002750919488336261,2.9942815691165734
423,-0.354864796731826,3.528901642689306,-3.8837664394211515,0.8463516929695567,0.0024892494450879502,3.0246452105441715
424,-0.27424997166554876,3.601073630658148,-3.8753236023237605,0.8446793680489573,0.0025066164616567585,3.022541577467793
425,-0.47063428572688226,3.3683710414880648,-3.8390053272148634,0.7877273230615565,0.002395491800976087,3.036239277932844
426,-0.31698092228692476,3.5731439052877865,-3.8901248275747093,0.8476604776615511,0.002476429052775376,3.026206752056177
427,-0.30007600704369397,3.579585097163234,-3.879661104206889,0.7118081526802031,0.002022384094319877,3.086925303203092
428,-0.319259231445821,3.538110604973165,-3.8573698364189113,0.7924735102318077,0.0023640472756415016,3.040220849028239
429,-0.22726377476932105,3.6226598551621465,-3.8499236299314816,0.9058449539179811,0.00281201406424991,2.9875737863941434
430,-0.12573917503267187,3.6930657342392696,-3.8188049092719893,0.8763902378411617,0.002793825888882244,2.9895567005515375
431,-0.20902662818844822,3.6032013267105616,-3.812227954898958,1.046305094870832,0.00351093120955912,2.9190560222079895
432,-0.33560433450316796,3.5262709248547073,-3.86187525935793,0.7779193092646803,0.0022992929403117548,3.0485752835145576
433,-0.196327015079541,3.63111854473422,-3.8274455598136683,0.8360330093052832,0.0026106612925399213,3.0102111519194605
434,-0.23740449360378482,3.637457499335206,-3.8748619929390316,0.8395141653836777,0.0024889499554014874,3.024681604780488
435,-0.21479614854343657,3.629112891878098,-3.843909040421522,0.8005788805786751,0.002430102592517961,3.0319117248583924
436,-0.1022888356083144,3.7243393245474974,-3.826628160155906,0.97190128902372,0.003150203548148737,2.9526878301743666
437,-0.16565609298596376,3.667788381972056,-3.8334444749580143,0.8723849986426435,0.002733197243729517,2.996252819736836
438,-0.175211336356378,3.639253017920183,-3.8144643542764243,0.8887476357721451,0.002856403685037071,2.982783073102594
439,-0.030267780575749775,3.8411858800793452,-3.8714536606549927,0.9166261856623024,0.0027865974299125748,2.9903480380899805
440,-0.4081121875887078,3.436735391282735,-3.844847578871395,0.805806902165557,0.002447027443150378,3.029816029336019
441,-0.20979975571629841,3.6340921895662395,-3.8438919452825075,0.8744381567707227,0.0027095235717781866,2.9989043474230885
442,-0.39113112507653514,3.4263859639080008,-3.8175170889844594,0.9153099399425306,0.002952674606522142,2.9726223934605684
443,-0.42480407597771264,3.4103406621396943,-3.8351447381173784,0.9099574599113445,0.002874568337426852,2.98084224307988
444,-0.21965513758073887,3.6291040115725512,-3.8487591491532385,0.793627922903124,0.0023912225595687205,3.0367770411304664
445,-0.3270584863595417,3.5534916369052056,-3.8805501232646975,0.7486878306923264,0.0021485376407205615,3.0688926726222934
446,-0.037585144053204594,3.7274191062445285,-3.765004250297693,0.9614759907123003,0.0033264901009863053,2.9358370522960904
447,-0.14658603826104302,3.730489585651655,-3.877075623912674,0.8299284453832576,0.002447828534531163,3.0297171644717653
448,-0.2983487501396752,3.596621210871563,-3.8949699610112702,0.7015753996638932,0.001953098789023644,3.0972730561160153
449,-0.24133918001371915,3.6100717619065006,-3.8514109419202214,0.9311866500790895,0.002905620857566723,2.9775501699246667
450,-0.2649858880495316,3.5445012750263687,-3.8094871630758007,0.878330525909595,0.002830640347917113,2.9855552106921297
451,-0.26433170578855825,3.5958214089666805,-3.860153114755235,0.8737369351004398,0.002658369226712666,3.0047068581640115
452,-0.18240582060810487,3.668926882860205,-3.8513327034683016,0.8847547847626474,0.002726605641029616,2.99698898608601
453,-0.06739593755254139,3.756324276536596,-3.8237202140891213,0.9727937594977436,0.003163934873926601,2.9513448173620414
454,-0.1572041045590226,3.680878516271813,-3.8380826208307326,0.8550388927897128,0.0026524278545415453,3.0053873973670933
455,-0.06740461275126966,3.7932797082364718,-3.860684320987616,0.8881152853604637,0.0027111990868832233,2.9987159896509383
456,-0.385969357379517,3.5007727173733305,-3.8867420747527603,0.8499217534730472,0.002493990407786549,3.0240696178164974
457,-0.23940908343230097,3.6156574097397933,-3.855066493172103,0.8747656197845244,0.0026773369789726575,3.002543510381989
458,-0.18731209309226818,3.65021767797128,-3.8375297710636005,0.9131828639302975,0.0028796349304375207,2.980302892236598
459,-0.20496821907216548,3.6288909995543137,-3.8338592186264577,0.9671437109815768,0.0031060899233229158,2.9570388372214813
460,-0.48829395423730093,3.3529160651465273,-3.841210019383766,0.8786957769646939,0.002734016281569073,2.9961614609040654
461,-0.18755535243827529,3.6770127596945357,-3.8645681121328153,0.8632618253704312,0.002606088883309359,3.010743511087323
462,-0.25942647203295055,3.5840520873462176,-3.8434785593790366,0.7901346337046746,0.0023924377743768637,3.0366238805300174
463,-0.3031466307800287,3.533039768954858,-3.8361863997348564,0.9427513527817175,0.003000764240591982,2.967659626192815
464,-0.2514783023461945,3.6322511445998242,-3.8837294469459493,0.7901311888386529,0.0022869600870757934,3.0501908253041496
465,-0.01966541688819637,3.812170226689037,-3.8318356435772785,0.9968674734152516,0.0032334030327351403,2.9446307421265234
466,0.03431225549331027,3.857231778377899,-3.82291952288449,0.8937093406481096,0.0028493157236786125,2.9835434547337796
467,-0.1108477333751893,3.6908462760843332,-3.8016940094594247,0.9652323366515208,0.003210167034864821,2.9468617370588412
468,-0.2776708905911477,3.595167866662955,-3.872838757254044,0.7434214352414212,0.0021486629993788964,3.068875241812112
469,-0.28007573593971247,3.6049031703209473,-3.8849789062606987,0.8181005094715186,0.002383719640762263,3.0377242588010454
470,-0.26995774858779387,3.573063967538508,-3.8430217161263727,0.8855497701395278,0.0027549406842396203,2.9938359054776305
471,-0.27375730148527,3.5284714533075907,-3.8022287547927363,0.8695766233319526,0.002818488430449424,2.986870762860665
472,-0.23711477106088244,3.58155544960213,-3.818670220662966,0.8974232987114732,0.0028775378512235703,2.9805260261359194
473,-0.1700966745854743,3.66157161648365,-3.8316682910691497,0.8993270566744074,0.0028438299798102867,2.9841331402869917
474,-0.23054116251251747,3.6538693534896702,-3.8844105160021627,0.7598863788486572,0.0021784172728936263,3.064764126279148
475,-0.054492735834637124,3.7773891352777196,-3.831881871112273,0.9995462855600272,0.003244152038980188,2.9436036187766716
476,-0.309628588480345,3.537121870406278,-3.8467504588867314,0.9499807728495222,0.0029944425429680147,2.9683078543576924
477,-0.25350712712816803,3.5900121166115135,-3.84351924373982,0.8680883214667352,0.002686287006965655,3.0015275837823814
478,-0.2582175592460857,3.5523251356881596,-3.81054269493427,0.8910857450823215,0.002878215183153028,2.9804539402845127
479,-0.25946143175043235,3.562411277348757,-3.821872709099125,0.9548722169805335,0.0030975405382912746,2.9578885907011605
480,-0.1635085578350385,3.6829465736312756,-3.846455131466314,0.839474194701797,0.002568865753767605,3.0151094047788747
481,-0.11872304755491717,3.6969220915760403,-3.815645139130993,0.9512980139805354,0.0031043255379855374,2.957214030899802
482,-0.1202815380990018,3.714687407584121,-3.8349689456831584,0.8696315024275583,0.0027179143066087034,2.9979621450133536
483,-0.36548584900163805,3.5070447559682507,-3.8725306049699384,0.8232319746037615,0.002435792573804542,3.031205684619143
484,-0.15299367716444015,3.6769291676489737,-3.8299228448133817,0.8623442223511408,0.002704915550188873,2.999422920586383
485,-0.4204187402103884,3.431947405724842,-3.852366145935207,0.863925765923967,0.0026442069661603345,3.0063313392543702
486,-0.24429486529369063,3.5998601829399335,-3.8441550482335742,0.8527127652556388,0.002625701106570106,3.0084660805426204
487,-0.0993210721045529,3.7386557449871716,-3.8379768170916577,0.8430606443275614,0.0026069368951206155,3.0106447137994397
488,-0.17280656477147152,3.680140307357466,-3.852946872128882,0.8265109244744453,0.0025018550306937456,3.0231169903998896
489,-0.2806871166934656,3.559896434689876,-3.840583551383247,0.8212575037185825,0.002516796764251117,3.021314647537908
490,-0.3060768023629038,3.55211049435175,-3.8581872967146182,0.7601936946337657,0.002244648953839191,3.055794697573217
491,-0.12439137866068398,3.713597975153862,-3.8379893538144643,0.9274517589379796,0.002934287577500096,2.974539413733843
492,-0.3126485714497079,3.5836064021519527,-3.8962549736016854,0.7389242530542801,0.002077357687731462,3.078943938682513
493,-0.20741584642792935,3.65150239633654,-3.858918242764389,0.8541055741935524,0.002588117515870831,3.0128442003219043
494,-0.13457965876853853,3.7221473271079817,-3.8567269858765485,0.9424835680639592,0.0029324705642462577,2.974729449144168
495,-0.036210753394365774,3.8030914727113854,-3.8393022261057013,0.8160207809642279,0.0025006526849670227,3.023262450789006
496,-0.1874742564466573,3.6665330674512133,-3.8540073238979176,0.8491882099729828,0.002583790366172289,3.013351996629765
497,-0.10969336731455717,3.723981731720466,-3.833675099034963,0.8962494649780983,0.002825458407904206,2.986115569464441
498,-0.23466787422069904,3.591381472275087,-3.826049346495779,0.8124390256312899,0.0025243060049007083,3.020412539894262
499,-0.051801984039806875,3.7698473206618694,-3.8216493047017366,0.9973827011740317,0.003271890146857125,2.940967354148539
500,-0.16795903466164366,3.661458065690472,-3.8294171003520887,0.8831485468361482,0.0027874651681181833,2.990252943256043
501,-0.1718162707607093,3.6838252689682087,-3.855641539728822,0.756294011956522,0.0022369892513182995,3.056819515968654
502,-0.33857776866637723,3.504861330059754,-3.843439098726094,0.8133119172672436,0.0024789617813496426,3.0258976768812182
503,0.005176081040295294,3.8503679246872067,-3.845191843646944,0.906204271285358,0.002828184381803863,2.9858206743068845
504,-0.3191679007020497,3.5380011953894077,-3.857169096091525,0.8577491016259113,0.0026068573355484716,3.010653981607507
505,-0.23701958636025613,3.6470882840392886,-3.8841078703994754,0.8312394291781193,0.0024334491072810966,3.0314962902075986
506,-0.1112909285501559,3.752729707599164,-3.8640206361493483,0.8173070688495243,0.002437249728470806,3.0310251166435442
507,-0.22127929834074114,3.6332555026815645,-3.8545348010222824,0.8100358754683286,0.0024362803056546213,3.031145234764443
508,-0.29835730124637794,3.477756288465893,-3.7761135897122813,0.9606993410352351,0.003282672913686614,2.939948039313185
509,-0.2000182147704749,3.659040481713284,-3.859058696483771,0.740486659943357,0.0021717521340261343,3.065680547250218
510,-0.020074826868844348,3.833468732694221,-3.853543559563036,0.8274672827652143,0.0025037551878528807,3.02288723877693
511,-0.25441579801953085,3.6422094061563226,-3.896625204175848,0.7931344713405739,0.002264729399427176,3.053123198369681
512,-0.14061993869075598,3.6746711711380704,-3.815291109828763,0.99332320134527,0.003278013771718493,2.9403881018019264
513,-0.18527882037018065,3.6539751066504995,-3.8392539270207635,0.9085644357728264,0.0028560702771617675,2.9828188017701973
514,-0.1362124295946018,3.6927381079266497,-3.8289505375211093,0.9688461103691886,0.003129803904689856,2.954692933591225
515,-0.3536515095773979,3.50988942420935,-3.8635409337866804,0.8030113288537537,0.00238617483258744,3.037413999215092
516,-0.23175367327258703,3.585465414200716,-3.8172190874732905,0.8942504135646034,0.002869545268550454,2.9813778180296926
517,-0.080129352781691,3.7510351853014687,-3.831164538083158,0.8754501209163941,0.0027520547016315388,2.9941556947254475
518,-0.09496293949906379,3.7390185660244915,-3.833981505523525,0.950858788251248,0.0030404156948569423,2.9636219431009305
519,-0.18727687833064413,3.6744919741349578,-3.861768852465616,0.8047518988767433,0.002397282241212611,3.0360140111575267
520,-0.34960677032052845,3.5141606122208118,-3.863767382541255,0.9395894162830358,0.0028986072399543776,2.9782909102878414
521,-0.2875691155085264,3.573606594880634,-3.8611757103891478,0.8254486271639947,0.0024750539010802357,3.0263746864097487
522,-0.3632024091256284,3.4765003087968442,-3.839702717922364,0.9658123751860801,0.0030808512439623225,2.9595535786111142
523,-0.2511227850519703,3.5951761575545835,-3.846298942606495,0.8633405548619764,0.0026598775945306623,3.0045343073241657
524,-0.4738063290429949,3.4064914717546704,-3.8802978007977345,0.7949223129913512,0.002312885026875477,3.0468039569209764
525,-0.3359478663574095,3.558143129201167,-3.8940909955585994,0.8218500812312621,0.0023729589254852003,3.03908753758029
526,-0.38843829797111484,3.4547132519489137,-3.843151549920094,0.8719075361206685,0.0027020345912771465,2.999747545465243
527,-0.2571941983243363,3.555268420395706,-3.8124626187200192,0.9295110856706148,0.0030266212777254812,2.9650211428959086
528,-0.1358977268980738,3.663043615869013,-3.7989413427670797,1.008079861873696,0.0033996424347345388,2.9290824389000356
529,-0.31987664516931036,3.5136435860603172,-3.8335202312296133,0.818062106387961,0.002524607115722876,3.020376417758586
530,-0.29030186847547557,3.5144017715894003,-3.804703640064872,0.9245796387409198,0.0030325816111448586,2.9644158602375263
531,-0.3124095632978282,3.587953038223674,-3.9003626015215787,0.751093675426362,0.0021094780928336827,3.074369752192049
532,-0.24560066406173467,3.6046407270698553,-3.850241391131476,0.8896772523281742,0.002748781947896083,2.9945187121026646
533,-0.20621160981421274,3.6622816895317496,-3.8684932993459142,0.7507418184997219,0.0021851593950749527,3.0638397317601895
534,-0.09903867103663236,3.748210815764646,-3.8472494868012745,0.8879552620720901,0.0027512935856166933,2.99424008332933
535,-0.3989028425907094,3.478838517848587,-3.8777413604393587,0.8325631340365165,0.002455608348715719,3.028758573443829
536,-0.25547983741024327,3.564311100594223,-3.8197909380045303,0.8696727076635851,0.0027643384758394406,2.9927966738236162
537,-0.386678089626011,3.501925834284647,-3.8886039239106367,0.7592356138051137,0.0021659111497276426,3.0664857736065776
538,-0.2983330438305615,3.557433620469029,-3.8557666642996082,0.8224237631918423,0.0024788044114106476,3.025916872706542
539,-0.09952443635860111,3.735498985287322,-3.8350234216459285,0.9296524271975699,0.0029526320169844856,2.972626821217987
540,-0.5867339242962629,3.280297516421522,-3.867031440717824,0.82688909966246,0.002464225197261528,3.027700085366401
541,-0.13361637594790357,3.6948317890623046,-3.8284481650101725,0.9985904277711066,0.0032524933968759292,2.942808693268641
542,-0.03155244494974743,3.8029113671066335,-3.8344638120564696,1.0121562186039865,0.003286350088828786,2.9396011265149347
543,-0.2788477801474386,3.6170216564300675,-3.8958694365775273,0.6681371168968089,0.0018391436841041602,3.1150489791614944
544,-0.31126754062280215,3.52656203683071,-3.8378295774534763,0.8240250715944315,0.002535022617809125,3.0191293629867992
545,-0.14898094854130198,3.7075039483979233,-3.8564848969391505,0.7741310703290036,0.0022994546288227988,3.0485541558940836
546,-0.3693903807261535,3.525968884830791,-3.8953592655569764,0.6700139649064907,0.0018464485982512182,3.113879537201024
547,-0.18030348022069523,3.649269168076272,-3.829572648296903,0.8914802840223901,0.002819615227694059,2.986748559489275
548,-0.20732341924748146,3.622426465819356,-3.8297498850668035,0.9089154754012938,0.002887677772115164,2.9794484890975985
549,-0.26781117328767723,3.5857589579472937,-3.85357013123496,0.8176892762292347,0.00246728981763551,3.0273244457311344
550,-0.32661180769333387,3.535935273344816,-3.862547081038201,0.843511295114685,0.0025381974971283626,3.0187501645778227
551,-0.19889100664057371,3.6265437466304618,-3.825434753270997,1.0227881649229889,0.0033629388857039895,2.9324547835958823
552,-0.30971352555423837,3.525806702228993,-3.8355202277831495,0.8261059369179145,0.0025494692251052976,3.017407396961079
553,-0.13520835355110142,3.7389345027570156,-3.87414285630814,0.847955577992201,0.002521967950103297,3.0206931539833732
554,-0.27729338185964425,3.545593508671582,-3.8228868905310947,0.881419773548421,0.0028009490157153523,2.9887787213849526
555,-0.13360754582482462,3.753258631836879,-3.886866177661659,0.8455679774355755,0.0024778292029813418,3.0260358525105135
556,-0.1733896502181637,3.701263111726544,-3.874652761944617,0.8700298963781465,0.0026021279779999437,3.0112053644417425
557,-0.16140598440598244,3.6559741067165032,-3.817380091122459,1.049177322956088,0.00350330106335019,2.9197341474860052
558,-0.33565153375423906,3.5449256918880665,-3.8805772256422415,0.7314837374985403,0.0020884121042710883,3.0773624308129293
559,-0.23565689428699846,3.6013552866422747,-3.837012180929264,0.9970844579132003,0.0032159586304914643,2.946304285944721
560,-0.27484233212079234,3.59017010626398,-3.865012438384838,0.7897523101383648,0.0023340252426997396,3.0440678104229284
561,-0.23961650483955457,3.649539051430246,-3.8891555562697704,0.7225758011884862,0.0020376976805688016,3.0846821847044024
562,-0.2844190933897238,3.5560674883771193,-3.840486581766754,0.8690127401682286,0.0026989135010648682,3.000099585314823
563,-0.18870695030751397,3.6226420971790145,-3.8113490474864875,0.9540827166128456,0.003130466111135382,2.954627657739532
564,-0.39451438530375926,3.455446502869059,-3.8499608881727454,0.8194140771883718,0.002483691770553445,3.0253212373450964
565,-0.25305460896300647,3.6110723999952055,-3.864127008958235,0.8564380506337828,0.002581859934064932,3.013578786075553
566,-0.41620775381330477,3.436437047203459,-3.852644801016595,0.7510251200780518,0.0022254793174474063,3.058365532652786
567,-0.3013585669186881,3.539851881161035,-3.8412104480796643,0.8454305657700592,0.0026065714201873977,3.0106872897117563
568,-0.06900619220710671,3.7506472006350777,-3.8196533928422696,0.915361611105447,0.0029459060620965006,2.9733268074512513
569,-0.19422392281252035,3.663953718942001,-3.858177641754537,0.7860851765029517,0.002338578175147479,3.043481502666371
570,-0.30613796638488966,3.5346430347090174,-3.840781001094001,0.9293312924237322,0.002932640898041819,2.9747116299316003
571,-0.3142273619450947,3.5150046540534103,-3.8292320159986275,0.8821825143801245,0.0027842602065479395,2.9906043073860276
572,-0.278398610706185,3.562997685693832,-3.8413962964000348,0.7881873927291845,0.00239078933063606,3.036831660725768
573,-0.14666336764651935,3.6472134330797705,-3.7938768007262524,0.9585188646438652,0.003209889408944093,2.946888482047816
574,-0.19130744699931204,3.642875730833247,-3.8341831778325286,0.9851548588669861,0.0031775998415032487,2.9500135587937746
575,-0.32243914240735594,3.517932069798333,-3.840371212205582,0.9354527853419339,0.0029580966197120394,2.9720591774089344
576,-0.10594335823169279,3.74142988451869,-3.84737324275045,0.8808840673323641,0.0027237557185014133,2.9973077760094617
577,-0.3182888936819467,3.5713579218486644,-3.8896468155305683,0.7063540974636884,0.001981129247290917,3.093046748059469
578,-0.1510496566486467,3.668927161563451,-3.819976818212126,0.9600674948819252,0.003125128252240632,2.9551541865552373
579,-0.24220312596117713,3.621124659908418,-3.863327785869501,0.8080718693568336,0.002405254213782141,3.0350128718901073
580,-0.2917252675552021,3.5881081097874543,-3.8798333773426066,0.8083530116107629,0.0023622938001375353,3.040444302283062
581,-0.378396451884791,3.4780918277327495,-3.8564882796174516,0.8863818241511758,0.0027172443340294943,2.998037279074022
582,-0.1892314409267414,3.663499996479404,-3.8527314374061916,0.8928285361628876,0.002753270057882378,2.994020986508053
583,-0.12221181019811814,3.7048388184131373,-3.8270506286112322,0.8535873265055636,0.0026795862912773406,3.002287897048416
584,-0.20116257666541917,3.627817831942006,-3.8289804086074355,0.874002638009987,0.0027530981039859477,2.994040042314033
585,-0.11874461659000138,3.750802710727377,-3.8695473273173775,0.8648348653334028,0.002597558757674415,3.011738948231092
586,-0.3211430502343632,3.499059727600637,-3.8202027778348793,0.8971724747184191,0.002871655209589122,2.981152745505622
587,-0.36111217016969877,3.4893410140307446,-3.850453184200319,0.8746230089321814,0.002690548879066862,3.001044901153968
588,-0.2140415878133212,3.6068977540953804,-3.8209393419086837,0.8973877430040598,0.0028701642183596525,2.9813117774986986
589,-0.3355375299900146,3.4891670544844673,-3.824704584474489,0.7951353467597024,0.0024622547893557796,3.027941829964396
590,-0.08377881664081036,3.759863058027723,-3.843641874668606,0.8926193029611573,0.0027803537377789965,2.9910330785488735
591,-0.2956773916018932,3.5638533696868016,-3.8595307612886245,0.836368391850681,0.0025201314975252763,3.020913732523291
592,-0.15994326921657778,3.6585948329457385,-3.8185381021623925,1.0207758452547337,0.00338005851781839,2.9308776727334362
593,-0.3417044357596609,3.5000878179627564,-3.8417922537223603,0.8909409663385515,0.002779560813234316,2.9911201765411195
594,-0.18772350984182543,3.6661651628351577,-3.8538886726769306,0.8322658567181067,0.0025206981524106826,3.0208456552395617
595,-0.04795567265785797,3.787699460302932,-3.8356551329608237,0.9358869787903208,0.0029752666722423914,2.9702818179004984
596,-0.21949223205650417,3.603437335504218,-3.8229295675607773,0.9560872228529895,0.003098850247781432,2.9577582754625893
597,-0.1415325272364584,3.7104935005753927,-3.8520260278119167,0.8034980717812159,0.002418913313109865,3.0333045687487736
598,-0.2611777781863879,3.6008319471271046,-3.8620097253134418,0.8199139767651533,0.002452331896634246,3.02916194276593
599,-0.11112292558926531,3.711472229984951,-3.8225951555742768,0.9710500006594454,0.0031607526103064184,2.9516555897650796
600,-0.3749707706728117,3.511616022014787,-3.886586792687581,0.8269760258349597,0.002411359638063454,3.034248189948529
601,-0.30391078715366293,3.5307768574222416,-3.834687644575979,0.8111283873429933,0.0024950841167675677,3.0239369744636164
602,-0.22858511559184938,3.595399685255306,-3.8239848008472563,0.8687662996809542,0.0027479302249358273,2.9946132508797034
603,-0.36299382733353414,3.4837105089207463,-3.84670433625422,0.950699621216403,0.0029974290674651166,2.968001460101225
604,0.0015661279349984125,3.7877776820973126,-3.7862115541622643,1.0509117883134005,0.0036322175554336614,2.9084530121706993
605,-0.27266879506522346,3.6117326253551867,-3.884401420420204,0.753836704276003,0.0021572468466587104,3.067683891310134
606,-0.25919322698917713,3.609723067146579,-3.868916294135829,0.8171599096683151,0.002423420950544028,3.0327427492237136
607,-0.24916330756912833,3.6126302658557976,-3.8617935734249613,0.8309227524896792,0.002493594345787503,3.0241176647354058
608,-0.18729773887617687,3.6437021698571272,-3.8309999087334745,0.9080290335620438,0.002880187255279537,2.980244148322639
609,-0.1995731037087666,3.655393610105675,-3.854966713814406,0.8575543332072262,0.0026125190190469817,3.0099951029293806
610,-0.23847059906678117,3.6372045181016763,-3.875675117168498,0.73571098886993,0.00211476621720365,3.073622814811824
611,-0.15723968979274053,3.6317265689500275,-3.7889662587426756,0.9062753628245042,0.003010297898658679,2.96668439515444
612,-0.24728760155574894,3.587484568133521,-3.8347721696893586,0.8510183541023335,0.002646772529079825,3.0060364676357416
613,-0.42205641472083644,3.43572027696799,-3.8577766916889686,0.8013642316983063,0.0023955604445682717,3.0362306386012152
614,-0.3342034964083581,3.537640794186919,-3.8718442905951633,0.8212991262591598,0.0024306021900065465,3.0318496718429007
615,-0.4463808111301063,3.442403871842633,-3.888784682972755,0.8093018483024581,0.0023421651740634136,3.0430203195269296
616,-0.08873346004657781,3.7211871765554023,-3.809920636601987,0.8842766625608705,0.00285298591100001,2.983149509413116
617,-0.3224518585696018,3.5717572419269303,-3.8942091004964823,0.8682362015748781,0.002539693472499791,3.0185716399469524
618,-0.053364949565215675,3.7366176156382527,-3.789982565203445,1.0254124702155147,0.0035073798052395523,2.919371484418553
619,-0.3379082387122111,3.4830495603820943,-3.8209577990943444,0.9064349226963131,0.0029060581876941037,2.977504035553675
620,-0.004208857711213959,3.8244909836034053,-3.828699841314574,0.9212455201255625,0.0029398958789780163,2.973953536543571
621,-0.3499084359040211,3.4916656285099656,-3.841574064413976,0.8103368159910747,0.0024729742194638396,3.026628820635602
622,-0.09159321002449308,3.774820442099266,-3.8664136521238106,0.8043386526739549,0.0023833550315504196,3.0377703589673186
623,-0.04645212661194767,3.795561829551088,-3.8420139561631004,0.8337645480142775,0.0025599860777063394,3.0161594426879184
624,-0.12384503408999029,3.728200912929696,-3.852045947019633,0.8581377228997069,0.0026232301331482696,3.0087521595192235
625,-0.2378026124208731,3.6144018278045515,-3.852204440225478,0.8018391593656311,0.0024122990770044507,3.0341306860317254
626,-0.2376745532104764,3.62320300225386,-3.860877555464299,0.9318163691256474,0.0028778263501729002,2.9804953204006366
627,-0.22665805706993472,3.631018183114129,-3.857676240184105,0.7739831970705433,0.0022958460856570507,3.0490260034158534
628,-0.06447829918773498,3.824901337962794,-3.8893796371505687,0.8691307588473345,0.0025566226290120197,3.0165580465839077
629,-0.30379793078817274,3.532991231394059,-3.8367891621821855,0.9283536395914354,0.002941744581459299,2.9737606333736193
630,-0.27460558195367357,3.572957410767297,-3.8475629927210093,0.7823145520009591,0.002352671301456906,3.041673250584983
631,-0.13986818953902405,3.6666524315089606,-3.80652062104798,0.9582616136221804,0.003164385513983041,2.951300831942694
632,-0.256183878278884,3.5865979462376,-3.8427818245164644,0.8991471838303955,0.0028083132380517274,2.987976307388776
633,-0.18523775923871147,3.6283820411542913,-3.813619800392985,0.8276052049030804,0.002618430400104223,3.009308557259187
634,-0.29607938591926486,3.5529317841724475,-3.849011170091785,0.8618827977549341,0.002646324526610975,3.006087939730023
635,-0.2789596475152024,3.6040939451830263,-3.8830535926982748,0.710857450275951,0.0020113888861170537,3.088545503303592
636,-0.2396802671746713,3.601542303787481,-3.8412225709620316,0.9426757064994518,0.0029838325533738555,2.969398616237667
637,-0.36245320124442915,3.496815550556248,-3.8592687518006414,0.7429693995716549,0.0021801097329250795,3.0645318312918097
638,-0.33986220607949635,3.4759246787000877,-3.815786884779641,0.9225999898364803,0.0029876513096633627,2.9690056213102887
639,-0.2442728063567842,3.633739929236612,-3.8780127355934155,0.8367562966588897,0.002470156106944557,3.0269735023034645
640,-0.32838974125912446,3.526597833209975,-3.8549875744691917,0.8858370096429007,0.002719694768004329,2.9977625574169773
641,-0.20912674615761664,3.6102928103705083,-3.8194195565280324,0.9212376300607259,0.0029702040508267583,2.9708049006139827
642,-0.26063280369499753,3.6155185989911165,-3.8761514026862187,0.784278506711821,0.0022854898027841616,3.050383957267313
643,-0.12243240196961272,3.6769343703547315,-3.7993667723243334,1.0147065651209215,0.0034260851411115176,2.926673348877536
644,-0.1035275963429371,3.748981091306755,-3.852508687649788,0.908267303860141,0.002813313099621239,2.9874326112898113
645,-0.3185112796235302,3.552989085102484,-3.871500364725989,0.8156232057307511,0.0024108380406020428,3.0343134488371724
646,-0.16757886412723058,3.6870872810883513,-3.8546661452155604,0.9684353747590038,0.003040835593428215,2.9635794426880095
647,-0.22046244162118858,3.5865524085900007,-3.8070148502110897,1.0017460474982212,0.003343135807612981,2.934288246757134
648,-0.38697089816003827,3.4449709633303436,-3.8319418614904635,0.9300482280654183,0.002964277142356655,2.971418318289951
649,-0.15833381994981158,3.627667823582858,-3.7860016435326997,0.9899175054679317,0.0033707374818338445,2.9317354495776002
650,-0.11991006741994573,3.692860556862635,-3.8127706242826207,1.0127569902409914,0.0033679586533193503,2.9319915917432726
651,-0.24317715117877872,3.610727680100085,-3.8539048312788964,0.8837984231216418,0.002715185377052412,2.9982682867461135
652,-0.3115240970514691,3.524336548096843,-3.835860645148273,0.8789120394502783,0.0027511482154834034,2.9942562036427414
653,-0.11570420823307762,3.735116716444463,-3.8508209246775778,0.8991508702791307,0.002783417539127159,2.990696751448068
654,-0.2823639983109928,3.531693370003618,-3.814057368314593,0.8716192059069376,0.002789719203315795,2.990006051361
655,-0.21901238846954532,3.6148685697843566,-3.8338809582538715,0.8374953006358505,0.0025975714745586982,3.011737461990019
656,-0.12775191942331224,3.7154592394955697,-3.843211158918848,0.9965929838520289,0.003192170988869957,2.948599755171775
657,-0.46892798024487947,3.333625131402178,-3.8025531116470574,0.9263496935736759,0.003047038605166905,2.962952222058353
658,-0.08734836146767014,3.746896554737154,-3.8342449162048524,0.8761616877929694,0.0027454113987824395,2.9948929899938648
659,-0.253558681057379,3.5747551766118453,-3.8283138576692863,0.9361423022792552,0.003000510927037314,2.9676855770457258
660,-0.3209204032000429,3.5384908417997427,-3.8594112449998192,0.8927497820977695,0.0027326536951124635,2.996313463182339
661,-0.21488132524656015,3.603143741768277,-3.8180250670150144,0.846364133153263,0.0026784533438465544,3.002416621421291
662,-0.24424719562171907,3.59823595481406,-3.8424831504358963,0.86811606075034,0.0026894896451297597,3.001164800481885
663,-0.44215295604056737,3.4069041233066195,-3.849057079347176,0.8097804904991532,0.002450297759504744,3.029412616882971
664,-0.11716179360588233,3.7227529383590494,-3.8399147319649956,0.8544179681521449,0.00264464787866772,3.0062806446039225
665,-0.34141375109823857,3.47557611181788,-3.8169898629161025,0.8946447225584753,0.0028718439697946576,2.981132617354817
666,-0.29278991596619053,3.523687199942622,-3.8164771159088104,0.9453811289383838,0.0030774366922762275,2.9598952405658534
667,-0.2064972750643023,3.644549636752386,-3.8510469118166384,0.8523311821087769,0.002604188110027718,3.010965066760577
668,-0.37899122407032737,3.469582214372297,-3.8485734384427133,0.8429355650119876,0.0025758553364569913,3.014285205867198
669,-0.021909456784450804,3.830309707378967,-3.8522191641634436,0.827316255808269,0.0025068949749444316,3.0225079504509202
670,-0.264410059952192,3.587442437866415,-3.851852497818527,0.8683728548909468,0.002662596510044912,3.0042235007680227
671,-0.161090734671015,3.6963866426213943,-3.857477377292412,0.8609278012373274,0.0026179249580998718,3.0093672036839574
672,-0.2976423453517413,3.522563899022457,-3.8202062443741625,0.9141986312233392,0.002939455483178189,2.973999506042749
673,-0.320991613796204,3.528973150561797,-3.849964764357992,0.7845592277254752,0.002354591835486883,3.0414276002517715
674,-0.3483919900701352,3.5035292311032973,-3.851921221173484,0.8889669270544878,0.0027409439749386108,2.9953897162363883
675,-0.16660005544520975,3.713854366325084,-3.8804544217703096,0.7819577536569526,0.0022662397631265036,3.0529231384231172
676,-0.17042902011417885,3.688920848592861,-3.8593498687069996,0.7863224989104278,0.0023363726391822516,3.04376539177991
677,-0.27406478518174426,3.553211979795478,-3.8272767649772277,0.9291502824339704,0.0029760175924334674,2.9702043001179392
678,-0.2706564469090239,3.5770495919824854,-3.8477060388916016,0.8351158732031747,0.002548866185808334,3.0174790976467754
679,-0.3153387774768902,3.504890094704152,-3.820228872181133,0.8918522894891225,0.002850474823329485,2.983418990923677
680,-0.17126008704838971,3.698994206365516,-3.8702542934138364,0.8988119228157068,0.002722847006767961,2.9974094878144943
681,-0.17187205610560743,3.6525095548638284,-3.8243816109694535,0.8871886029141334,0.002818990668688561,2.9868162886286176
682,-0.521730693237609,3.345815811537785,-3.8675465047754187,0.780941573634049,0.0022955998022205974,3.0490582318156205
683,-0.2891181432972957,3.5486995921082376,-3.837817735405565,0.796994981840708,0.0024333048760031444,3.031514184220521
684,-0.2985857246047857,3.497700526444073,-3.7962862510489686,0.9184058825495147,0.0030356064716233573,2.964109095137557
685,-0.2862534406894014,3.6039464287214007,-3.8901998694108215,0.7723635012316667,0.002207922830181725,3.0607378944154586
686,-0.03557770586736245,3.7930225338815178,-3.8286002397487664,0.9420444180536598,0.0030231660071988577,2.965372529904993
687,-0.28480359931519106,3.529328918696607,-3.8141325180117747,0.9368439950504486,0.003050735066881224,2.9625790060294084
688,-0.11319514096352071,3.7384640238166154,-3.8516591647801306,0.8226895889972421,0.002491191489932101,3.024409308803003
689,-0.2112546672543744,3.634436460418464,-3.845691127672808,0.8701712815572287,0.002687774163760027,3.001359074897422
690,-0.20309599456300878,3.6381941762595678,-3.8412901708225036,0.9062282117367944,0.0028405259629899703,2.984488804209495
691,-0.22267025175416114,3.653795421395323,-3.8764656731494824,0.7392387857458345,0.0021252394813674894,3.0721485281939045
692,-0.138195635963038,3.737628833906672,-3.8758244698697126,0.8914936955443782,0.002678684046327698,3.0023904051981822
693,-0.10661986130799908,3.7352919875593087,-3.841911848867312,0.8193320099328316,0.002505818112761441,3.0226379871158895
694,-0.17373455085727021,3.682331118744646,-3.8560656696020033,0.8658096492790928,0.0026404665472396925,3.0067617112371057
695,-0.08618405666926213,3.769500052615886,-3.8556841092851073,0.8362698211884565,0.0025305956824437457,3.019658829099859
696,-0.3142958386544109,3.53427680034025,-3.8485726389945967,0.8787072821349566,0.002711795703618608,2.998648944970792
697,-0.3210252990405792,3.534783640651892,-3.855808939692565,0.9433242418072021,0.002938717037035621,2.974076600810454
698,-0.3273502224919952,3.5252999805759466,-3.852650203067924,0.9064255048763883,0.0028057726943511436,2.9882529105641065
699,-0.2305266901436284,3.575363377996459,-3.8058900681402292,0.9087172924291376,0.0029642232467125933,2.971423901463993
700,-0.24520833101326792,3.5800974212983143,-3.8253057523115785,0.8946464225896364,0.0028454789759080543,2.9839557737041904
701,-0.24537512824861954,3.594368580278655,-3.8397437085271804,0.8254071830758418,0.0025348321031817525,3.019152131315422
702,0.025958299995173156,3.839838928175413,-3.8138806281803,0.9372296698542009,0.003053148764749592,2.9623355277299614
703,-0.31260767269476164,3.518446560293802,-3.831054232988663,0.8938690507524027,0.0028243451262714085,2.9862360787072335
704,-0.168266504022094,3.725002212833259,-3.8932687168554594,0.7356088962864931,0.0020729435303719823,3.07957761078201
705,-0.11441268788940709,3.7141018344712564,-3.8285145223605923,0.8439542363562431,0.0026380259867751694,3.0070428222509973
706,-0.24317657542747786,3.5960609682073135,-3.8392375436347947,0.816594226169244,0.002502994171291806,3.022979235583835
707,-0.3169364406117069,3.5245256149974247,-3.841462055608986,0.8559543712970887,0.002645964031690121,3.0061293636525774
708,-0.2604858857427047,3.58119734730858,-3.841683233051185,0.8101765723416854,0.0024720715942189546,3.0267391810546096
709,-0.37458717060804647,3.4666194050679207,-3.841206575675983,0.994730107495561,0.0031916920979562515,2.9486461272507367
710,-0.19055551134523233,3.6855041018399946,-3.876059613185248,0.7785536740949208,0.002265274437317473,3.0530509895792743
711,0.09828924428290117,3.943595529418769,-3.845306285135848,0.9527721393020365,0.003010240629043207,2.9666902450459367
712,-0.3603648738325177,3.4821822289828224,-3.8425471028152742,0.8986101369648725,0.0028069590703931565,2.988123714728222
713,-0.30508076692320574,3.5251307244487724,-3.8302114913718697,0.8490808174620712,0.0026527817223376475,3.0053468254878815
714,-0.19610841030545037,3.6762042046590104,-3.8723126149643576,0.8729522336841935,0.002619784445769379,3.009151498354429
715,-0.23228024191303978,3.615123588437078,-3.847403830350231,0.8747073639382816,0.00270000185452409,2.999976783490968
716,-0.24748724977292516,3.6155657752558406,-3.863053025028762,0.8245881967883975,0.002466699192197243,3.0273968072241546
717,-0.1768157122468296,3.707745554529977,-3.8845612667769274,0.8061347098568832,0.0023419030551282646,3.0430539984428244
718,-0.2841026787771256,3.570373935968267,-3.8544766147454084,0.859148596098406,0.0026199597013005014,3.0091311754823935
719,-0.09726582944279874,3.7243921110184544,-3.8216579404611366,0.9570424552541432,0.0031070705227037505,2.956941508365786
720,-0.28607944276246544,3.550889496969248,-3.836968939731719,0.8489940058974699,0.002632551918078301,3.007674207363646
721,-0.1763365606988231,3.6942918724567773,-3.8706284331555025,0.848355261964763,0.002533332443014718,3.0193314097868753
722,-0.22820116300227658,3.5734356841037322,-3.8016368471060105,0.9431942058711082,0.003119263699449446,2.95573361478016
723,-0.0340027653042029,3.8157918263567363,-3.8497945916608387,0.8620627972759909,0.0026447028751617526,3.006274321832268
724,-0.2525809979354193,3.6098513181920127,-3.8624323161275242,0.7630507487695062,0.0022442329130881776,3.0558502787627804
725,-0.2063541405585824,3.588731053079757,-3.7950851936384424,0.9079813645717998,0.002996920889963584,2.9680535755040656
726,-0.1093847059166905,3.8004806044748496,-3.9098653103916376,0.7282138334085588,0.0020096516332244398,3.0888022396168107
727,-0.296961103014732,3.5726449060567576,-3.8696060090715036,0.7993859499755653,0.002356891723037785,3.041133669117354
728,-0.3285968189092131,3.5179493571258758,-3.84654617603519,0.8319078353056462,0.002540084239059224,3.0185250230330443
729,-0.2981064444844691,3.5408620250148624,-3.838968469499264,0.8602166998662595,0.0026696607580192913,3.003417321420668
730,-0.36795004430178724,3.490865394861148,-3.8588154391629814,0.770274063809365,0.0022794756859425337,3.0511751396989415
731,-0.21221941991132956,3.5957574281496325,-3.807976848061003,0.9179627983646679,0.002994774173795996,2.9682738178500268
732,-0.3392889901930488,3.514864622098925,-3.8541536122919524,0.8353387150481049,0.0025314359676402516,3.0195582650021033
733,-0.21155934024444326,3.5675642446678144,-3.779123584912327,0.9350595922156675,0.0031635899235155336,2.9513784906388683
734,-0.20620966683498812,3.6333842199078554,-3.8395938867428185,0.9495771072779251,0.003016565634814093,2.9660447805058925
735,-0.24984028627023638,3.584647197943348,-3.834487484213696,0.8829518920043338,0.0027710504893781645,2.9920564160482024
736,-0.3430379425314044,3.512304829875078,-3.8553427724066296,0.7871295674219665,0.002349841020013332,3.0420355991499783
737,-0.08561044971828272,3.7438059281804628,-3.829416377898724,0.8582323348771799,0.002690505000249112,3.00104986713301
738,-0.15266451793162053,3.6610455643754,-3.8137100823070114,0.9659803072686528,0.0031710125480968886,2.9506546485255094
739,-0.08847169936076119,3.7139002974946753,-3.8023719968554133,0.9495427331187005,0.003142881565687111,2.953406150474175
740,-0.3153622856288024,3.5035202115712036,-3.8188824971999793,0.8885473506258963,0.0028416348497995124,2.9843693949783163
741,-0.363621424878383,3.514796704611092,-3.878418129489546,0.8449646085829028,0.0024990371007747266,3.0234580057548
742,-0.2352551371531121,3.5908145409651184,-3.8260696781181878,0.967816991332247,0.0031355756080929317,2.95412442079674
743,-0.08768951729474286,3.687663644926618,-3.775353162221336,1.0075817597941927,0.003486650241287603,2.9212186596103495
744,-0.23022697381953497,3.6122466663988813,-3.8424736402184863,0.8518651041442848,0.0026273912790003304,3.008270541153086
745,-0.15909732667945212,3.6832900982381465,-3.8423874249176606,0.8673343664549518,0.002686777951333778,3.0014719457329373
746,-0.35067030349626693,3.490257060056598,-3.8409273635529644,0.8475828711515896,0.002615590401675642,3.0096382166091127
747,-0.23543589980841664,3.63116348667462,-3.866599386483017,0.7987435087599342,0.0023624986154643884,3.0404181939147175
748,-0.33661240848039997,3.499056745765357,-3.835669154245693,0.8822810313247613,0.0027648109224115086,2.9927445147241163
749,-0.20220146047643942,3.6026139499698773,-3.8048154104463947,0.9694732573855593,0.0032167042100067047,2.946232589101876
750,-0.3450002946385752,3.481944999694186,-3.826945294332745,0.966709344610996,0.0031280696463961955,2.954863944779198
751,-0.19585985306879086,3.6546288615869646,-3.8504887146556257,0.7663399620982743,0.0022865279834247795,3.0502475732890177
752,-0.2108066354371744,3.606439144172097,-3.817245779609152,0.8836712147191133,0.0028274700442781683,2.9858979260536707
753,-0.14986711867289562,3.7049400031383493,-3.854807121811291,0.9254927725927344,0.0028726621352350677,2.9810453875162817
754,-0.327137959062506,3.559669654753416,-3.8868076138160177,0.7539964384844784,0.0021519796627716484,3.06841440634189
755,-0.268206307282307,3.5849577039861296,-3.8531640112684045,0.8807769074977325,0.0027058920339644494,2.9993129626133452
756,-0.3113871827273528,3.5403189574336147,-3.8517061401610135,0.8944167468744748,0.002762497272493436,2.9930000242955392
757,-0.10640290638208119,3.7238037659288614,-3.8302066723109647,0.8719584810032255,0.002741392647399393,2.995339795612643
758,-0.1290177849325659,3.6901389884074605,-3.819156773339955,0.9239727369473467,0.002982043645501449,2.969582873747725
759,-0.3483506275508802,3.5355056981182735,-3.8838563256691714,0.7821994973392763,0.0022584741526209292,3.0539530602418967
760,-0.22121484653258397,3.6517690379525027,-3.872983884485052,0.8217438479148789,0.002429133235022973,3.032032158206427
761,-0.2915652789015525,3.537358004528127,-3.828923283429731,0.8787292936355477,0.0027717177354057492,2.9919829160231033
762,-0.5928596389610533,3.2872926249349406,-3.8801522638959796,0.7574730463524064,0.0021803607832342935,3.0644973879976654
763,-0.22786034359888566,3.5679052668785176,-3.7957656104773605,1.0030657536604584,0.0033902684508195138,2.929940562478474
764,-0.4105350425214823,3.4154995389413583,-3.8260345814628636,0.9241748527674369,0.0029602501625904058,2.9718357377225755
765,-0.43187781509517154,3.489857922042854,-3.9217357371380785,0.6403739885015529,0.0016969221087045282,3.1387118724578054
766,-0.11817882986282205,3.758697358564089,-3.8768761884269907,0.8237353326867392,0.002425836570798733,3.032442066460487
767,-0.35019580322376387,3.4821264622010752,-3.832322265424864,0.9508901246458812,0.0030461100049417908,2.963046043772155
768,-0.2633042233953887,3.628350422637132,-3.8916546460325208,0.7558991442188563,0.00214690143503455,3.0691202685131582
769,-0.2930787807288283,3.55564901357967,-3.848727794308388,0.8128508113574267,0.0024626310174911967,3.0278956577713294
770,-0.44719886891608385,3.4210168326388772,-3.8682157015548455,0.6983711775279171,0.0020019017580757566,3.089950025516844
771,-0.23628198503264178,3.6148403036821297,-3.851122288714805,0.9281075340772214,0.0028945567339915958,2.9787194483868022
772,-0.23914922025267918,3.626531455915677,-3.8656806761682674,0.8329383718092904,0.002490241986226658,3.024524624749081
773,-0.3187642909000573,3.5364255893848573,-3.855189880284911,0.9254832209882884,0.002871410194091783,2.9811788741534233
774,-0.25473734144487425,3.566888207757714,-3.821625549202622,0.9168721566899412,0.0029455127738967643,2.9733677830123377
775,-0.16294095777085152,3.6958782333170768,-3.858819191087946,0.8776671790414348,0.002677178138125063,3.0025615685786815
776,-0.27707297844848144,3.527161535646489,-3.8042345140950147,0.9190271250051598,0.003011537741112766,2.9665577744553553
777,-0.3521610286029585,3.5135004795238953,-3.865661508126891,0.7713790021152374,0.002266000035509852,3.05295488413714
778,-0.1490479616250099,3.672102819568528,-3.8211507811935235,0.868123627366578,0.0027540852412349464,2.99393066327169
779,-0.2164523738598604,3.5972382284948616,-3.813690602354768,0.9776912254260499,0.0032192136684378123,2.945991384337239
780,-0.11860978568996364,3.7383005219178345,-3.856910307607677,0.8732472777723048,0.002666108331782727,3.0038224839828573
781,-0.5016358527791539,3.331037911677559,-3.8326737644567856,0.9287561496448942,0.002956753293225679,2.972198628710107
782,-0.06341520912611434,3.8019990038255043,-3.8654142129516913,0.8337919957115063,0.002494134249396808,3.0240521698870753
783,-0.13719390282654734,3.7040037885035884,-3.8411976913300805,0.9514491377828773,0.0030186576096275326,2.9658315669081223
784,-0.4282709606625389,3.4104685249251454,-3.8387394855876664,0.8399977210369052,0.002593054214370401,3.012265819870616
785,-0.33255723856360364,3.479453888347724,-3.8120111269113295,0.9049978803932777,0.002929240919048773,2.975067492465296
786,-0.19578123489805824,3.7000494969806543,-3.895830731878732,0.7476406398085356,0.002108335535377175,3.0745313617984436
787,-0.3618264149147393,3.485296559986074,-3.847122974900799,0.8834098708814238,0.002734207938025403,2.996140086368598
788,-0.03358793670180096,3.8014635405887183,-3.8350514772905626,0.9048051366248531,0.002854641897725647,2.9829719129375536
789,-0.24738910564531982,3.587595641031513,-3.834984746676696,0.8601056363168675,0.002681094324387376,3.0021166329520264
790,0.025424373756086943,3.8823923675352856,-3.8569679937792216,0.910277200110202,0.002807177350289651,2.988099949573933
791,0.0344605710816864,3.896316928488989,-3.861856357407305,0.8980819138181091,0.002745521061685771,2.9948808060259178
792,-0.2675303497762883,3.5931154012406954,-3.860645751016932,0.7943614297025499,0.002362279402308096,3.040446137691618
793,-0.40961084985236484,3.4612687119960097,-3.870879561848483,0.8176630779707459,0.0024199480503284527,3.033175517264763
794,-0.2616308663762169,3.5948987675567268,-3.8565296339329507,0.8332490194916788,0.002516946121934076,3.0212966807665245
795,-0.40979131466372964,3.402743891503319,-3.8125352061671265,0.8567605636246687,0.002735756073680857,2.9959674803094596
796,-0.22917265484319108,3.6152049352752873,-3.8443775901185973,0.8073786533987852,0.0024541811169683423,3.028934221676895
797,-0.15966023528097542,3.72093138026766,-3.88059161554861,0.8777430701349935,0.002613525438142059,3.0098781175309486
798,-0.1756486518073729,3.6590906657769335,-3.834739317584308,0.8855058004367558,0.0027802130290766475,2.9910485328976337
799,-0.40628429818742406,3.437870240417235,-3.8441545386046982,0.8685309148463349,0.0026860850281195466,3.0015504764648773
800,-0.22822578531566654,3.5977799844833833,-3.8260057697990533,0.9600165598671184,0.0031042265471487997,2.957223862830376
801,-0.34814666522152893,3.5112781672147695,-3.859424832436389,0.7225225740791306,0.0021069720711164993,3.074724322825351
802,-0.2639827453912261,3.5624779672599467,-3.826460712651169,0.9321362620602196,0.002990633074350476,2.968699081152935
803,-0.2595329786532915,3.546439306985587,-3.8059722856387452,0.9015810723441677,0.0029351185590479937,2.9744525399053203
804,-0.020923926697273082,3.810629108809531,-3.831553035506886,0.9364410377040655,0.0029909844512343337,2.96866297623854
805,-0.2974062365185631,3.5400045799154474,-3.8374108164339304,0.9256640109214502,0.0029291127058058424,2.9750809194192693
806,-0.26128721522287324,3.562000637419118,-3.823287852642011,0.87834994607161,0.0027876358217377513,2.9902342446246295
807,-0.3704226363288484,3.480103972709611,-3.850526609038411,0.9150836299865093,0.0028458706311853517,2.983913660921144
808,-0.4252387372794232,3.4139485929875844,-3.839187330267009,0.8691542809064523,0.0027033598097071444,2.999598181314719
809,-0.30408602031378396,3.538323329106794,-3.8424093494206772,0.8571075217144131,0.0026475778736536,3.005943959658535
810,-0.2456953368860099,3.6234610651461536,-3.8691564020322176,0.7810336358595191,0.0022917918943620064,3.0495569342302713
811,-0.08934503117621664,3.735369544845416,-3.82471457602162,1.0046663279882222,0.0032908151518939227,2.9391803576779
812,-0.4093667307503296,3.4350350681948787,-3.8444017989452277,0.8522396762457922,0.00262318024596271,3.008757937785655
813,-0.34992563788729003,3.524382886946095,-3.8743085248333955,0.8053246429935177,0.0023659695430654974,3.0399760601596526
814,-0.30962044663966426,3.5223819575767057,-3.8320024042163823,0.8931629840040105,0.0028186111419651557,2.9868574523916136
815,-0.1760601604619382,3.6728173263000055,-3.8488774867619213,0.9322591985360225,0.0029179538074088156,2.976251579406284
816,-0.386089286085857,3.4162111982085475,-3.802300484294392,0.9524578112543809,0.0031551581864948212,2.952202620139795
817,-0.09793092595669753,3.7703588843095592,-3.868289810266333,0.8466299259602286,0.0025335482073241124,3.019305610035447
818,-0.2946681547406428,3.5733757344875863,-3.868043889228261,0.7808970496826042,0.0022941598372529623,3.0492467275821395
819,0.013894905122916107,3.841101291777625,-3.827206386654666,0.9131192799394787,0.002912481478846252,2.976827165482593
820,-0.013056761916809073,3.762175422524271,-3.7752321844411654,0.9664482888243824,0.003310362916162966,2.937344358646802
821,-0.37852006305707564,3.422647416481356,-3.8011674795383215,0.9640003357571976,0.0032069151620585604,2.947175137342258
822,-0.35705749242993934,3.4971472449246694,-3.854204737354621,0.8032229946501936,0.002412009300294389,3.0341669264935125
823,-0.3067149789184299,3.546259398993224,-3.8529743779116643,0.7475403808501766,0.0022120781226353035,3.0601748431697673
824,-0.23424317093918892,3.5850433505670805,-3.819286521506342,0.9607705567693667,0.003130368037827134,2.954637324351614
825,-0.10219253137609888,3.745742776663296,-3.8479353080392684,0.9150502009829959,0.0028539121772567077,2.983050160293223
826,-0.07742557600909952,3.692505823301851,-3.7699313993109627,1.0371125453274157,0.003636628206209129,2.908073528647181
827,-0.13787017606774446,3.6818284847556595,-3.819698660823292,0.9363100906133122,0.0030298800479051824,2.9646900743021853
828,-0.14673713923060352,3.720875378156571,-3.867612517387215,0.8809173448280458,0.0026633683380190517,3.0041353238934505
829,-0.323393489572149,3.553708683561338,-3.877102173133494,0.824740584380256,0.002428878100598498,3.03206386351737
830,-0.11567470710282071,3.7614337893507916,-3.8771084964537295,0.8410423340024598,0.002488318383264225,3.024758367088239
831,-0.23393803967702245,3.6133713279933413,-3.847309367670505,0.9525395592584798,0.003002683498716205,2.9674630715963075
832,-0.14395449690312892,3.7489209589998045,-3.8928754559028675,0.7714611406933085,0.00219815425197416,3.062065392989633
833,-0.36248300157343183,3.5011446705646496,-3.8636276721381364,0.8444325076383001,0.002538566647215829,3.0187061025154924
834,-0.295499225310104,3.546841859085822,-3.842341084395798,0.8696971496196357,0.0026959814380871673,3.00043064310642
835,-0.24334330137254204,3.567782775803764,-3.811126077176368,0.895994099669279,0.0028959919631325864,2.9785675404899914
836,-0.3209795110123054,3.5379374460498014,-3.858916957061979,0.8520676313695286,0.0025804831777651318,3.0137406237749342
837,-0.24249679539435368,3.57500089794009,-3.817497693334417,0.924554310540457,0.002989860617384526,2.9687784667794297
838,-0.25123657086613493,3.5382084006230508,-3.7894449714891607,0.9706544300510416,0.0032766054024932685,2.9405212364003503
839,-0.08146921671460353,3.759531105921815,-3.8410003226364324,0.873011971752109,0.0027127524633660817,2.9985414574266396
840,-0.10626032700941726,3.7281158582005625,-3.834376185209976,0.9383660426700482,0.0029893212369080948,2.96883391016277
841,-0.17933614223250918,3.6632829478091176,-3.8426190900415804,0.8849632708956481,0.00275390752007391,2.9939503528951206
842,-0.2596561633322466,3.5883046944602435,-3.8479608577924864,0.7984512544091324,0.002411218001951768,3.034265909261444
843,-0.21432783329556462,3.62490272075348,-3.839230554049095,0.9409740581345685,0.0029836608009875193,2.9694163023590345
844,-0.28493122786188396,3.6008943454504085,-3.885825573312218,0.8437625395171424,0.0024741438552395327,3.026485868705087
845,-0.26056297501930603,3.5513898000747077,-3.811952775094028,0.9354024406624724,0.0030522334814292265,2.9624278349480537
846,-0.014036737166415542,3.793655407765917,-3.8076921449322754,1.017099311467639,0.0034050033123121585,2.9285926553032184
847,-0.24682233681768087,3.5500319013036585,-3.796854238121341,0.91945577674863,0.003038002524555251,2.9638662981533446
848,-0.11916765339425131,3.7111175216198604,-3.8302851750141826,0.9609251910364871,0.003093278705316469,2.9583129883125148
849,-0.13062486801926246,3.6588467524917303,-3.7894716205109944,1.0000919652284042,0.003401118126749415,2.9289475457745326
850,-0.3981044254735565,3.4781518550824484,-3.8762562805559355,0.8440958768311022,0.002501873946171011,3.0231147025069633
851,-0.287679513645125,3.567807409282685,-3.8554869229278665,0.7810343515902294,0.002327187482247553,3.044950319492917
852,-0.2615814206010413,3.6023547219319174,-3.863936142532907,0.928963216759989,0.002857152852167135,2.9827028047131607
853,-0.17687978029187837,3.623142770475749,-3.8000225507677214,0.8839271647510114,0.0028831197877931744,2.9799324235044993
854,-0.3542830310599442,3.5177077014025575,-3.8719907324625638,0.7543759345433183,0.0021894570229400658,3.063251858804384
855,-0.1733345381538897,3.634372703167973,-3.8077072413218502,1.0051161736820764,0.003354691013739934,2.9332172129762446
856,-0.10585133903806257,3.703248242726619,-3.8090995817647126,1.0802537564422736,0.0036677333793718597,2.9054091241364453
857,-0.4899572481903164,3.3807222149794165,-3.870679463169722,0.8122955505755556,0.0024009278609393794,3.03555580799986
858,-0.193394325188487,3.677244496025413,-3.870638821213902,0.8608043486226773,0.0025794260879350877,3.013864938274071
859,-0.3199024112199226,3.5321834678280006,-3.8520858790479906,0.7752196829946385,0.002314809547240644,3.0465539235509023
860,-0.16038033989810577,3.708712896182574,-3.8690932360805164,0.7898701270549155,0.002323807120201931,3.045387480217786
861,-0.32328713354935135,3.4794205227778083,-3.802707656327243,0.9257576540277617,0.0030440983838625362,2.9632493786821676
862,-0.362505066706612,3.523217140059853,-3.885722206766559,0.7829836889588271,0.002256531955011464,3.0542111532992546
863,-0.19229799024550123,3.6330379055952062,-3.8253358958407944,0.9695400934051595,0.003145100988709461,2.9531882538429226
864,-0.4704198970597503,3.3910191665378897,-3.861439063597686,0.7753602407467559,0.002291154289839096,3.049640512242905
865,-0.045070265984927055,3.831212625848743,-3.8762828918335117,0.8544615086728591,0.0025398967093922618,3.0185473937662417
866,-0.08012953116338797,3.7221713154118707,-3.8023008465752355,1.0390671346220237,0.0035183744576887718,2.918395798310686
867,-0.23870448071262165,3.5938847415383894,-3.832589222250931,0.8774697813327843,0.002755552987997076,2.993768096826929
868,-0.17625112184499306,3.7041945329214347,-3.8804456547662767,0.8470538900768312,0.002501036596482442,3.0232159980293716
869,-0.14016587025197116,3.687960500523064,-3.828126370775067,0.891471914068878,0.002824110598092767,2.986261471177702
870,-0.1784203704065789,3.722443321959544,-3.9008636923661015,0.6811928768295892,0.0018720426250835077,3.1098154607434383
871,-0.0022741670751515175,3.8268027749744946,-3.8290769420495963,1.0231480807613642,0.0033510348697337214,2.9335557313787506
872,-0.313978121866748,3.518866162347122,-3.832844284213934,0.955875569701401,0.003064315475385156,2.9612113816015815
873,-0.3633332308453504,3.4614138369084437,-3.824747067753833,0.9233691918080251,0.0029612524271015947,2.971731798879073
874,-0.11338851758046933,3.7361632382786785,-3.8495517558591246,0.9605792789190755,0.0030269507299070936,2.9649876580545373
875,0.05373189788291763,3.9114372789006295,-3.857705381017695,0.8847903230636396,0.002707526687623307,2.999128971860699
876,-0.29266614930589585,3.565779769175306,-3.858445918481266,0.8436186227723845,0.0025502228093498974,3.017317818451717
877,-0.23543881893398014,3.58642780016694,-3.821866619100888,0.9169506531555118,0.002945040365162291,2.973417008514025
878,-0.3812918618610951,3.510794429574324,-3.8920862914354757,0.7882947993801208,0.0022591920321207853,3.053857714768641
879,-0.11381302955931863,3.7282652792408535,-3.8420783088001826,0.841982778639156,0.002590952252640357,3.012511961183098
880,-0.3053820697156283,3.530250813714432,-3.835632883430094,0.8320047332852307,0.002571576089600445,3.0147895637571356
881,-0.1966069661534761,3.618456534665294,-3.8150635008187237,0.8335622044293154,0.0026373643872480033,3.0071190682091564
882,-0.17338067347612598,3.652751441592145,-3.826132115068276,0.9245278654123603,0.002961338335596401,2.9717228913178086
883,-0.22562646661891397,3.6451461796792004,-3.8707726462980645,0.7361039720811546,0.0021278560721272447,3.0717812396864788
884,-0.45568046935989914,3.4051692792492063,-3.8608497486090982,0.7545214696458835,0.002217570265537269,3.059432131165115
885,-0.284922442369529,3.5765795005472474,-3.8615019429167887,0.903000444432688,0.0027653374292949855,2.992686396843191
886,-0.3240622158670107,3.5227832001354806,-3.846845416002566,0.8892611919777411,0.0027575543965893054,2.9935465498505605
887,-0.22303442805174148,3.65127211156238,-3.8743065396140537,0.8310193513565243,0.0024593865772404473,3.028294040568812
888,-0.18475647902119766,3.6376830863421596,-3.822439565363311,0.8370468014595986,0.0026292045788942594,3.008060884722244
889,-0.2846385536563588,3.5588371380652615,-3.843475691721551,0.8268797197858944,0.0025298372984939384,3.019749617602676
890,-0.06707603417908961,3.7928893193798356,-3.8599653535588914,0.8427749844708963,0.0025427634518168326,3.0182055800282637
891,-0.3883191470160995,3.456021061084956,-3.84434020810113,0.7983667042835991,0.0024206973105393827,3.033082101735978
892,-0.16514349838338097,3.6875718948001723,-3.85271539318353,0.8194873005445427,0.0024763336423067064,3.026218400885172
893,-0.3567220626336024,3.459393624585149,-3.816115687218712,0.9283040289955,0.003009550937463595,2.9667607026101246
894,-0.41492823175748017,3.4647300765467226,-3.879658308304215,0.7757081154153043,0.0022460463453849453,3.0556080813644235
895,-0.41772780002782783,3.4329167288857527,-3.8506445289136764,0.9231791257125121,0.002876913038179216,2.980592536338799
896,-0.43758962558559633,3.421115431456054,-3.858705057041675,0.8229631563955713,0.002472681666353896,3.026664585909832
897,-0.302857775152242,3.564010361152406,-3.8668681363046744,0.7592386313480395,0.0022194512638253347,3.0591781480118905
898,-0.3708709708074679,3.4504577851081764,-3.8213287559156015,0.8163145113695536,0.002552535763433811,3.017043028851882
899,-0.19340067674807818,3.660541807683306,-3.8539424844314,0.8520806165074859,0.0025948626054048394,3.012054201858073
900,-0.5044263244683492,3.35961630681779,-3.8640426312862246,0.7376373911733505,0.002149483574753054,3.0687611658656966
901,-0.3134221381269612,3.5097725306531236,-3.8231946687800473,0.862948125034392,0.0027276019983993884,2.996877606210713
902,-0.41386498802990845,3.450952801714893,-3.8648177897448477,0.8097300533059526,0.0024073151310486894,3.0347545511323806
903,-0.3038978364843473,3.551464918429389,-3.8553627549139264,0.8002824925937322,0.0023980580714600803,3.035916446798855
904,-0.15086293759157746,3.7106257841027444,-3.861488721694286,0.7804675015227067,0.0023095239723027556,3.0472410819183064
905,0.01674874052979755,3.8402353267387634,-3.823486586208901,0.9302063303202841,0.0029927431546282733,2.9684823228961466
906,-0.036275396982441116,3.8032406517599466,-3.8395160487423254,0.9231234458034656,0.0029123117224772186,2.97684503644074
907,-0.0890681215811441,3.736396088089377,-3.8254642096705993,0.952363777471898,0.0030751791275272175,2.960121323645055
908,-0.260980247792881,3.619626832916618,-3.880607080709524,0.7618801770530732,0.00219476689023149,3.062526980481424
909,-0.37974583276946705,3.4750357178847975,-3.8547815506543657,0.8426049320096114,0.0025568565419183684,3.01653030994304
910,-0.1466392833483582,3.682893582138036,-3.829532865486385,0.9222291591288294,0.0029410922456004998,2.973828688833926
911,-0.22259585875350188,3.626251958080038,-3.8488478168335405,0.8781322353408823,0.002708767016281498,2.9989894326297906
912,-0.2267400644951835,3.6467947864795307,-3.8735348509746927,0.8670146490555029,0.0025941602667061553,3.0121363735487368
913,-0.13808123847264545,3.728563465990694,-3.866644704463397,0.9088973936547076,0.0027720266848995007,2.9919488893790067
914,-0.12900764566348646,3.704179729882837,-3.833187375546231,0.8597687525633968,0.0026851624344952853,3.0016550650615454
915,-0.24153608610129998,3.5799341430609304,-3.8214702291621734,0.9776189419751362,0.0031914804643566716,2.9486666222262103
916,-0.013498171184332414,3.7817450452588965,-3.795243216443282,0.9792168239764332,0.0032916423166249914,2.939102466238256
917,-0.17861852300030426,3.6853462873056455,-3.8639648103059017,0.7738360898958465,0.0022791740593363103,3.0512148702882094
918,-0.2769480246389634,3.538146753375392,-3.815094778014327,0.9367265102065057,0.003047017519210917,2.962954352201943
919,-0.19719586091356126,3.6119166050886684,-3.8091124660022615,0.9769829804501855,0.0032325417932772696,2.9447131725941627
920,-0.3479009775875369,3.5250984856081637,-3.872999463195697,0.9002104700825839,0.002719842516070341,2.9977460003999994
921,-0.11423428037915931,3.723862196754754,-3.8380964771338313,0.929343452049685,0.0029414021042209206,2.9737963608681195
922,-0.29949714045961573,3.544119212225788,-3.8436163526853306,0.8329213861732221,0.002552228738868046,3.0170794916736745
923,-0.36178119493184513,3.469266502121869,-3.831047697053691,0.89576141601201,0.002831787601546376,2.9854312769308398
924,-0.3773286823774328,3.4783662760276806,-3.855694958405138,0.7585230484550025,0.002244905134045424,3.055760477735254
925,-0.3557630382662268,3.5408559692358357,-3.8966190075020677,0.8196357340402285,0.00235840138160476,3.040940873877202
926,-0.15016058341610408,3.7106106707203748,-3.8607712541364663,0.9408321497025502,0.0029130180609469735,2.9767706835069747
927,-0.2945167788570956,3.571986204630772,-3.866502983487976,0.7929047850792466,0.0023415552771705113,3.043098688771308
928,-0.30044172820385884,3.563875710125503,-3.864317438329408,0.8067590574254897,0.002397793491938204,3.035949715690187
929,0.00453099938055454,3.8125579893589987,-3.80802698997843,0.8827572560486541,0.00285291789979945,2.9831568052935116
930,0.10633155115703227,3.9277091215138404,-3.8213775703567308,0.9410688124904008,0.0030434348912143834,2.9633164714792732
931,-0.21358477618447017,3.5773706449377403,-3.7909554211222485,0.971382519571361,0.0032742194797104186,2.9407468991569288
932,-0.3446611470816464,3.5216120132252695,-3.866273160306946,0.798063544839807,0.002360889214974169,3.040623404448589
933,-0.3324715771024188,3.5146213644776165,-3.8470929415800583,0.8261951163439907,0.0025170724854306254,3.021281480809884
934,-0.12853324459798335,3.65526943214149,-3.7838026767394695,0.9952283392112937,0.003401565991725593,2.928906616940975
935,-0.24498743422601313,3.6103342950155786,-3.8553217292414956,0.8099357821632776,0.002433767876070428,3.0314567456904307
936,-0.3272005796578782,3.4918256171356465,-3.8190261967936294,0.8713781585601867,0.002773398680106357,2.9917978243390033
937,-0.26657143299861163,3.5611615608441327,-3.827732993842801,0.8647205063401846,0.002720752212328558,2.997644075669729
938,-0.3979795267665708,3.4614135194140254,-3.8593930461804575,0.9007523310103971,0.002763216428455347,2.9929205828663625
939,-0.2735271636022475,3.546745695854981,-3.820272859457191,0.793998525924263,0.002470182750765892,3.0269702418290536
940,-0.053264117553007445,3.7655231368311335,-3.8187872543841195,0.9167856418445024,0.0029544347748901027,2.972439451151556
941,-0.3508524367423519,3.491123252544473,-3.841975689286869,0.8755978612868405,0.0027197613330837513,2.9977550978663476
942,-0.1382420972958102,3.6894351617434915,-3.8276772590393193,1.0401255661139848,0.003426466089705644,2.9266387660116067
943,-0.17697600252052728,3.6605676903962334,-3.837543692916711,0.9574155885473714,0.003054626310531816,2.9621865690337423
944,-0.11569305481237682,3.7098658019653894,-3.825558856777775,0.9507577522563704,0.0030683850763106708,2.9608026259785514
945,-0.22772445056967575,3.6087363932962453,-3.836460843866007,0.9581746155129025,0.003061306365088911,2.9615139387493814
946,-0.3566011350967614,3.5179184512727955,-3.8745195863695017,0.8648610810700679,0.0025833393820918022,3.013404964899367
947,-0.01546659283486354,3.834919798562996,-3.850386391397933,0.9121690477480495,0.002835023553151889,2.9850819553655152
948,-0.13820046906244846,3.67409717689146,-3.8122976459538904,1.089092154504479,0.0036928237393030233,2.9032748649971905
949,-0.052474589388575105,3.8091157848286588,-3.8615903742172577,0.8741995916487477,0.002655872436825764,3.0049926770229365
950,-0.2623711018451417,3.597324892758046,-3.859695994603271,0.9137291155535192,0.002811948568405297,2.9875809058548053
951,-0.1244972305170308,3.763690793809469,-3.888188024326496,0.7885783695229391,0.002270077332877318,3.052415370072909
952,-0.30869900694279695,3.5759000948471056,-3.884599101789945,0.770740605964559,0.0022161139500965965,3.059628906847653
953,-0.31639243140217277,3.573454274123091,-3.8898467055252013,0.7312319142488177,0.002065857274255211,3.080597467842411
954,-0.1959643125919769,3.6444708361986593,-3.8404351487905615,1.0234266491456774,0.003310750818340852,2.937308025449794
955,-0.23266572777846198,3.6016353110637795,-3.8343010388421135,1.0423887348471452,0.0034110827994006474,2.928038066461242
956,-0.3005360317607796,3.570155815483528,-3.870691847244302,0.7906319614228114,0.0023223976455108734,3.0455699306787265
957,-0.24693765104576362,3.604430885674294,-3.851368536719974,0.7736271281127012,0.002310852795889347,3.0470681909662223
958,-0.2605530761138738,3.5636784443115617,-3.8242315204254282,0.933839078211065,0.0030048343147245143,2.9672429388900774
959,-0.18794475484038178,3.6421327266824,-3.8300774815227214,0.8406960461563204,0.002620906089875578,3.0090214524347925
960,-0.22930454893060817,3.6254731140419136,-3.8547776629725377,0.8187561447351261,0.002467921966639875,3.0272470144653125
961,-0.23291546748476724,3.6358274138108455,-3.8687428812957023,0.7328951411257902,0.0021214103614081046,3.0726867664685327
962,-0.3082798516188717,3.530235671925239,-3.8385155235440607,0.8282271772174465,0.0025489908445201583,3.0174642745959153
963,-0.04963462956062306,3.7258066735061353,-3.7754413030666,1.0490900922997621,0.0036672297532666905,2.90545209978882
964,-0.3965867853368167,3.432762701881203,-3.82934948721811,0.8360780810193686,0.002605294314614532,3.010836108681048
965,-0.1246935482321391,3.6959464925031207,-3.8206400407351566,0.945777409345137,0.0030649299419728136,2.9611496321172943
966,-0.37410132124888096,3.438981424372408,-3.813082745621273,0.9085731572899176,0.0029401138671394217,2.973930784776479
967,-0.17162582669448914,3.6434628167401013,-3.815088643434592,0.957158033738243,0.0031301277364775347,2.9546610108615323
968,-0.3375484300922921,3.4865219705233526,-3.8240704006157102,0.9609493685506125,0.0031146324201035093,2.956191895690132
969,-0.3793345421180533,3.4329470306832897,-3.8122815728013393,0.8843766457997915,0.0028459122614327057,2.9839091849346784
970,-0.2032836747470214,3.6378852604400937,-3.84116893518717,1.0188649144910582,0.0032895293665596795,2.9393014713582404
971,-0.19969173232085216,3.6136404325918314,-3.8133321649127083,0.7787586721791899,0.0024312088167416216,3.031774340841101
972,-0.06080047111641709,3.761318874671734,-3.82211934578811,0.9235867402080178,0.002970742690929424,2.9707492083159677
973,-0.06572324319302827,3.7191424173794343,-3.7848656605723363,0.940910118435526,0.0031680241490224413,2.950945886365233
974,-0.22780827452027955,3.6237697820923445,-3.8515780566125386,0.8810179940684884,0.002711581262492878,2.998673041195516
975,-0.3506590728515079,3.502488340417797,-3.853147413269312,0.8345272293768913,0.0025312412333797175,3.019581567793974
976,-0.24681423787218085,3.617937427825748,-3.8647516656977814,0.7741622856339099,0.0022783383253722287,3.0513249792551527
977,-0.22705461786507333,3.6042278925687783,-3.83128251043388,0.854451216871353,0.0026703194248502223,3.003342253074258
978,-0.32435749941238046,3.5094565662567025,-3.8338140656691166,0.9512857705423228,0.003042683418297299,2.963392477010115
979,-0.4605046639206961,3.3873956847741877,-3.847900348694793,0.8305565375523258,0.0025311721052305794,3.0195898403786923
980,-0.12366891401780725,3.6839317005013226,-3.8076006145190604,0.9153504674094464,0.00298543768678806,2.9692333732638487
981,-0.2152685046371602,3.6145383009101626,-3.829806805547264,0.9587804054470825,0.0030862757585839147,2.959011508002052
982,-0.20391125632034748,3.6184723784084736,-3.8223836347287943,0.9331263642968728,0.0030081135664244154,2.966907589017306
983,-0.11381137877106942,3.7520810876811077,-3.8658924664521237,0.8110754536277875,0.0024093430838231906,3.0345005597523818
984,-0.3179282611043931,3.5272411764694405,-3.8451694375738725,0.968417795378997,0.003072716082106951,2.9603681572275766
985,-0.11918540955549309,3.6977655042932374,-3.816950913848814,0.9502995302812169,0.0030957982317292732,2.958062026960834
986,-0.3045258490050259,3.55045324307878,-3.854979092083795,0.9069230575148506,0.0028004592043463445,2.9888321600960257
987,-0.33903094498396913,3.5093333155349318,-3.848364260518906,0.8135704569014273,0.002466314399831606,3.027443959253111
988,-0.19241237733320707,3.6572223605759473,-3.8496347379091276,0.8819720947703331,0.002721089672546902,2.9976062736683073
989,-0.22480736600915355,3.5826837725845455,-3.8074911385937185,0.9329373953510567,0.0030572649092737094,2.961920722227577
990,-0.1830545785480894,3.61822620362916,-3.801280782177173,0.9064145433245145,0.002970044886469455,2.9708213590596824
991,-0.23459348877043742,3.5955657944515615,-3.8301592832220877,0.9046701923131706,0.0028696254630457053,2.981369260726961
992,-0.28980790899493913,3.5282386694595496,-3.8180465784545277,0.8899182977298641,0.002849710528396307,2.98350105551854
993,-0.16440831404248404,3.661673265458536,-3.8260815795010785,0.8945737080642768,0.002842744612890318,2.9842499339738664
994,-0.09351900520858583,3.7433705220674462,-3.8368895272759573,0.9402228900048879,0.0029884006109583442,2.968928563183164
995,-0.11115950965882751,3.7205175505622177,-3.831677060221068,0.9899182776909652,0.003205699426344403,2.947292378639421
996,-0.06727356536442533,3.758832427290637,-3.826105992655016,0.9466749164728472,0.0030501046205700546,2.962642630331221
997,-0.21102951041860654,3.638032069398355,-3.8490615798170893,0.8261293407579222,0.0025113003066330594,3.0219765154646754
998,-0.39587171024960244,3.4704898734342433,-3.866361583683897,0.8230322615800545,0.0024518895756031863,3.0292164354021516
999,-0.16769126256907332,3.6370753279156838,-3.8047665904847463,0.9196172225466008,0.003012164640750183,2.966493769525449
