,logR,logI,logS,d_G,p,sigma
labels,$\ln\mathcal{R}$,$\log\mathcal{I}$,$\ln\mathcal{S}$,$d_\mathrm{G}$,$p$,$\sigma$
samples,,,,,,
0,-0.1491893351492394,3.694438579179615,-3.843627914328863,0.7799897806868827,0.0023544851345170324,3.0414412432711826
1,-0.30189039797461137,3.5834581423387903,-3.88534854031343,0.7751446515797658,0.0022297738829213844,3.0577878306832216
2,-0.36179113838114463,3.439718407651878,-3.801509546033003,0.9390623717240709,0.003102701512123424,2.957375367921634
3,-0.21580396125558257,3.6562237056533724,-3.872027666909048,0.7594221105084116,0.0022072756450322454,3.0608256768185558
4,-0.2719662078018331,3.561715086735671,-3.8336812945375414,0.9665332131856994,0.003104244266135656,2.9572221029308374
5,-0.33482208102260247,3.5199992053874483,-3.854821286410015,0.8454173571471237,0.0025672897455615152,3.0152955281047085
6,-0.4417842955859982,3.3803112666965487,-3.822095562282584,0.8976243064212492,0.002867423562693064,2.981604297933264
7,-0.1241375588459818,3.724370606312832,-3.8485081651589326,0.8113411126748731,0.002457611950049338,3.0285121494421388
8,-0.3986537759635752,3.4380882570465423,-3.8367420330101822,0.9180213005124833,0.002901165655861933,2.9780205148874237
9,-0.17529223078100534,3.6631748386332137,-3.8384670694141505,0.9157552666576185,0.0028867379637565155,2.979548214184062
10,-0.32160766063305746,3.5321620049630034,-3.853769665596019,0.8578848175612461,0.0026172487967326278,3.009445674861042
11,-0.24909705103335403,3.60037378219828,-3.8494708332315213,0.8717672817354654,0.0026825905267155786,3.001946799430507
12,-0.15040305811295132,3.7165396903941734,-3.866942748507199,0.8462095125373272,0.0025357933980269453,3.019037263316043
13,-0.3777816782628719,3.492673425477825,-3.87045510374071,0.8042132018404322,0.0023721518667404805,3.039190012161138
14,-0.2976716608035389,3.584378316716488,-3.8820499775200688,0.7999187006000619,0.0023262137513250774,3.045076186258122
15,-0.33604279716349483,3.501337566055233,-3.837380363218813,0.8244388391287902,0.002537862001267594,3.0187902147279058
16,-0.22812895418577175,3.6105257396116666,-3.83865469379748,0.9126240508657832,0.0028738614589315778,2.9809175609449396
17,-0.3652159165932375,3.491155629306783,-3.8563715459000605,0.7743506364566235,0.0023005453409147094,3.0484116695508052
18,-0.35744057406794527,3.4604143814100357,-3.8178549554779693,0.8351593932880075,0.002635358142288241,3.0073503846114433
19,-0.17290454146780979,3.676653621967438,-3.8495581634351765,0.9554797077981365,0.0030068234707540365,2.967039479737521
20,-0.1103096164230323,3.71338177719872,-3.823691393621857,0.9390445404788719,0.003027529949322665,2.964928795444934
21,-0.4681615553167916,3.3969434406726315,-3.865104995989441,0.7373850890632414,0.0021460195430782958,3.069243005479281
22,-0.2683250108366423,3.5486161902223086,-3.8169412010589667,0.9598311689463195,0.0031346379097330086,2.95421671914708
23,-0.2741363799400546,3.5802372813533867,-3.85437366129338,0.8136287443613925,0.00245001989083158,3.0294468744326366
24,-0.1881927070376236,3.6176852381700546,-3.805877945207726,1.0480659558849665,0.0035428756427030006,2.9162314582462083
25,-0.3777766016431855,3.463777494850596,-3.8415540964938373,0.8017105784866354,0.002440744062353793,3.0305925073127913
26,-0.2904828210162208,3.5479088063631656,-3.8383916273793375,0.8422217867553092,0.0026025337420592307,3.0111580216050937
27,-0.28113613113920055,3.5669841553079418,-3.8481202864471697,0.9035163444782395,0.0028086271634604467,2.9879421444413903
28,-0.22398212436406487,3.6466954820167907,-3.8706776063808093,0.8044441166121095,0.0023723994247559126,3.039158575611161
29,-0.20219119758440632,3.618162435770905,-3.820353633355353,0.824720675790406,0.002587679957372721,3.0128955130517365
30,-0.25903525628224033,3.598781465771815,-3.85781672205394,0.8244101809795561,0.002480499521478695,3.0257101635556656
31,-0.09932151223461863,3.7079073386010317,-3.8072288508357133,0.9670525954619502,0.0031981633532187866,2.948020036512216
32,-0.42762945223001625,3.4458694177124447,-3.873498869942523,0.7626119461579202,0.002214954978377742,3.059785590486087
33,-0.22669265423281507,3.5972504350902113,-3.823943089323052,0.9541995587656227,0.00308775853979759,2.958863485186257
34,-0.4213101910239715,3.4010737142591396,-3.822383905283118,0.8870293809359646,0.0028246211621104043,2.9862061946504386
35,-0.35630377419909964,3.497737900668579,-3.8540416748676307,0.8515245312462305,0.0025924824365936316,3.0123327574134473
36,-0.4847868840553332,3.3519920008131785,-3.8367788848685223,0.8691799672077125,0.002710707560892614,2.9987712349094053
37,-0.1319047374764836,3.6633166547319234,-3.7952213922084184,0.9773837949996667,0.003284026811407592,2.9398202684664243
38,-0.2101390022454638,3.6317183348790008,-3.8418573371243383,0.9244455327055272,0.0029099675779517987,2.9770919115325762
39,-0.2342342263859877,3.625278349688086,-3.859512576074053,0.8399624120775555,0.0025335622715615988,3.0193039283913485
40,-0.2824124357628165,3.5353303055246337,-3.8177427412873612,0.963300643289875,0.0031460175765466243,2.953098306754547
41,-0.20996141810827287,3.6187379300755302,-3.828699348183818,0.9786136557360843,0.003170235327124787,2.95073036940296
42,-0.2607949473946377,3.584322094136349,-3.845117041530898,0.847983589439115,0.0026049301225397874,3.0108785595941536
43,-0.43357039682053655,3.473960843463893,-3.90753124028447,0.7447729947889528,0.0020710343805471275,3.079852061328664
44,-0.16100713459753427,3.641928602065834,-3.8029357366633576,0.968651617094245,0.003219960179881747,2.9459196640255803
45,-0.38336247215500807,3.423805700497303,-3.8071681726522684,0.953317048307817,0.0031417891073858436,2.9535134564384724
46,-0.2897312321757767,3.576387899186576,-3.8661191313624386,0.8511286686963735,0.0025563869103096526,3.016585999698107
47,-0.429892192499446,3.43566475799514,-3.8655569504946925,0.9205448866796262,0.002819800837075149,2.98672843406588
48,-0.1555152706539588,3.6713751722178523,-3.826890442871786,0.9797613224728856,0.0031812162655335966,2.949662115403551
49,-0.2661842174577572,3.568222588911777,-3.8344068063694294,0.8380625440420659,0.0025982154707774635,3.0116622058969593
50,-0.20257915287266717,3.6259000215118395,-3.8284791743844835,0.8988678188959689,0.002852093386060787,2.983245267382531
51,-0.32152624948379016,3.4760814367832418,-3.7976076862670425,0.9178137653901448,0.003028743113021821,2.964805542145005
52,-0.5157287498048021,3.2866328137712757,-3.8023615635761416,0.878548185680494,0.0028540224498097956,2.983038334682008
53,-0.32121890076997206,3.5337735200091847,-3.8549924207791264,0.8579604712645033,0.0026139755675547377,3.009825808155545
54,-0.41191365438283756,3.407152576743798,-3.8190662311266124,0.9621564151206798,0.003136771560043917,2.954006738857732
55,-0.22364608969076874,3.63187849756855,-3.855524587259424,0.8692721573705731,0.002655154747299824,3.005074879639749
56,-0.057862979294336064,3.7622252815684605,-3.8200882608628035,0.9151120790248148,0.002943490542651463,2.9735785523093536
57,-0.36987207293487645,3.4870301262368675,-3.8569021991716,0.8064042381483181,0.0024164521322551573,3.033611728122814
58,-0.19015718336084722,3.677734379218505,-3.867891562579416,0.8456450925216918,0.0025310255946727972,3.0196073740207803
59,-0.1875633627415795,3.5861677571763724,-3.7737311199178976,1.0159379436168283,0.0035291401491705666,2.917443115125002
60,-0.1731463928645184,3.6787920139351127,-3.8519384067996043,0.8373187016678907,0.0025451212414499005,3.017924714915823
61,-0.34256025245680066,3.465201897772181,-3.807762150228996,0.844255606024678,0.0027009710957783396,2.999867459486567
62,-0.24587534065143193,3.61298295020922,-3.858858290860667,0.8626178197325238,0.0026202638705962048,3.0090959065432807
63,-0.2705944111054436,3.561795265372169,-3.8323896764776464,0.8384400625247803,0.0026055134389061547,3.0108105697556646
64,-0.18635293714476978,3.634361374338656,-3.8207143114834707,0.9696524963733508,0.00316160423038806,2.9515723946057766
65,-0.2248599968363664,3.5831858869745337,-3.8080458838109053,0.9981825418676036,0.0033244730139146356,2.93602521209102
66,-0.13104919702949194,3.664887734300621,-3.795936931330175,1.016441631186992,0.0034463709582465917,2.9248366348402963
67,-0.3350377262863816,3.459050875581401,-3.794088601867884,0.9493261325425415,0.003170847637436218,2.950670713559028
68,-0.3749334947971278,3.499068345355599,-3.874001840152687,0.8071381229834911,0.0023733426798575193,3.0390388223717695
69,-0.25854131013307724,3.545662988760269,-3.8042042988932963,1.0280990194972581,0.003464529369607959,2.9232008676073074
70,-0.34772238728022276,3.5054403494122544,-3.853162736692525,0.8139055685212142,0.0024543649320371394,3.0289115944648146
71,-0.19886776622855398,3.6092127788527457,-3.8080805450813386,0.8319108331468872,0.0026515347351153966,3.00548981787756
72,-0.49888460802652335,3.320786093863181,-3.819670701889777,0.8742355878855812,0.0027826535061343046,2.990780591089508
73,-0.3624804741548445,3.492551333038031,-3.8550318071928587,0.9304706849976543,0.0028912442409433376,2.979070312764225
74,-0.29510072458800496,3.550772234738338,-3.845872959326357,0.8305974283925965,0.0025370590782068303,3.0188860841281744
75,-0.3330157252902467,3.488436439715088,-3.8214521650053257,0.85820968122801,0.0027143786878937905,2.9983588380508146
76,-0.06568778307213,3.7759980251456455,-3.8416858082179033,0.9296644255880473,0.002931019871003346,2.974881249516699
77,-0.2700481687795758,3.5877388086039788,-3.857786977383512,0.7874151516302335,0.002344456271864575,3.0427260897299453
78,-0.1491489706431907,3.678251173182867,-3.8274001438261394,0.8411379217140467,0.002630446026671883,3.0079174228958556
79,-0.145888689873695,3.6790220480206712,-3.8249107378943563,0.8938040582986848,0.0028434020867673738,2.984179179953098
80,-0.183446004934703,3.61497517070693,-3.7984211756416926,0.9441464726484181,0.00313429563568539,2.9542504157080494
81,-0.1707745345065718,3.6854549067600337,-3.856229441266578,0.8479499508995505,0.002572759004129758,3.0146500671244976
82,-0.23383955302461748,3.609523177552482,-3.843362730577155,0.9151655576902478,0.00286883932155464,2.98145315683796
83,-0.24409477445056785,3.612276349847074,-3.8563711242976524,0.8976216277050026,0.002760499242558795,2.993220835491986
84,-0.21142609307458718,3.649216492726428,-3.8606425858009743,0.7806636400323907,0.002312427901109402,3.046863374630272
85,-0.22802165210078731,3.6223494001106338,-3.8503710522114716,0.7987511966125864,0.0024058296730625826,3.0349407219380056
86,-0.3660331918267815,3.4634704161873615,-3.8295036080141927,0.8678265193313086,0.0027274629200040026,2.9968931511452106
87,-0.22174848446048548,3.5596471778056125,-3.7813956622661635,1.0512962947183127,0.0036530652920376706,2.9066629913856303
88,-0.2951885000086435,3.531527647936328,-3.826716147945035,0.8598643446138818,0.002704944341818129,2.9994196779560447
89,-0.2036263459577953,3.6069835497002143,-3.81060989565799,0.9477357437696621,0.0031070514626246716,2.956943399896607
90,-0.2209063249107516,3.5898391950336888,-3.8107455199444757,0.9681992259300152,0.003190517275825975,2.9487599147718306
91,-0.17661185955570038,3.6252475366359938,-3.8018593961916167,0.9554414937493121,0.003169024682874422,2.9508483503242657
92,-0.341786085947669,3.4901591765554714,-3.831945262503041,0.8736779829107086,0.00274277913368582,2.9951855782085475
93,-0.3273111766126334,3.4935079565848324,-3.8208191331974604,0.935859356162748,0.003024316898570122,2.965255448247029
94,-0.25641150840682203,3.591866971344954,-3.8482784797516842,0.8233242706573329,0.0025029899521026994,3.0229797456991507
95,-0.23633635630620523,3.6320264143243732,-3.868362770630597,0.8253088486711744,0.0024547672834864774,3.028862071338692
96,-0.3154431393376257,3.522225799692445,-3.8376689390300953,0.890855313244042,0.002791971076960919,2.989759578089317
97,-0.3743943898657648,3.467834969778631,-3.8422293596444206,0.8881930369284841,0.002767581037559679,2.992438851872564
98,-0.22699950926790682,3.5664465144232653,-3.7934460236911036,0.9800920150891366,0.0033018416778517203,2.938143487739635
99,-0.2702976430168832,3.5914645292748717,-3.8617621722917193,0.8865977080695471,0.0027022098411246948,2.999727789375875
100,-0.2332247288629873,3.6451561421717265,-3.878380871034665,0.8319327946777899,0.0024515626538784236,3.02925671696871
101,-0.3012978069116429,3.5942126774975427,-3.8955104844092148,0.8043200680260592,0.0023070020087752334,3.047569460953174
102,-0.1825207827608978,3.650257266555751,-3.83277804931663,0.9641384820166214,0.003097702931894242,2.9578724299155468
103,-0.396781805868622,3.4541564215464384,-3.8509382274150994,0.8432387895066245,0.0025702168641226573,3.0149499245395646
104,-0.3299140671858908,3.512323067998818,-3.842237135184746,0.8974289733269654,0.002803338328278297,2.988518168256713
105,-0.33525952403670944,3.5198049530247384,-3.8550644770614326,0.827522304927609,0.002499713564148571,3.0233761106080617
106,-0.268789661273226,3.534903540359555,-3.8036932016327683,0.906260901629881,0.002961490854559277,2.9717070777232806
107,-0.38466706978830134,3.4090118466927657,-3.793678916481099,0.8763433480124996,0.0028727772832015616,2.98103311267743
108,-0.3143028162373952,3.503651654099438,-3.817954470336872,0.8439727820713165,0.0026693426146156877,3.0034535863293907
109,-0.04190345513678442,3.7912322662588394,-3.8331357213955926,0.9174029706582387,0.002910323651710321,2.9770543997060837
110,-0.15054592644322332,3.711776429846324,-3.8623223562894964,0.9132015904086788,0.0028017714692201365,2.988689010412678
111,-0.20481161323437794,3.6573256124921723,-3.862137225726542,0.7838842778277182,0.0023202344298481445,3.045850147031517
112,-0.017772082798509864,3.7901326070956567,-3.807904689894144,1.0286589305608573,0.003452881697595386,2.9242492266617464
113,-0.2497371938229748,3.578122756640323,-3.827859950463221,0.9147776402949139,0.0029169488196677186,2.976357211328516
114,-0.11905942269016526,3.730443188998524,-3.8495026116886493,0.871554988249883,0.002681686297793301,3.0020494278582874
115,-0.5372887747989893,3.319175719468755,-3.8564644942676978,0.8184920057388889,0.0024622976448562023,3.0279365702434413
116,-0.03609141570223931,3.7687917692250603,-3.8048831849273483,0.9623420821361908,0.0031869546944001616,2.9491052025931577
117,-0.2617041994641426,3.621455059958324,-3.8831592594224276,0.8627600688990937,0.0025509403937169486,3.017232541744102
118,-0.42271987849370307,3.4120892067157294,-3.8348090852094856,0.9252692595696841,0.002935989657497808,2.974361496203891
119,-0.3844599196794519,3.460605753876257,-3.845065673555723,0.8379760066426911,0.0025671854388509495,3.0153078501987047
120,-0.42651220961091385,3.376500222507764,-3.803012432118635,1.0140120479470913,0.003409486202318204,2.9281836255991522
121,-0.3484211125963924,3.4734731346587417,-3.8218942472552726,0.8622372608227669,0.0027287732160805375,2.99674672673222
122,-0.15652835890524278,3.6694393406196357,-3.8259676995247673,0.9281069135544038,0.0029761597460264085,2.970189627556379
123,-0.304986878103486,3.5427045063380356,-3.8476913844414184,0.7810157779096905,0.0023475524411960347,3.0423288882306516
124,-0.2984771187797236,3.517384273594596,-3.8158613923743587,0.9416256782491113,0.0030642881656687544,2.9612141262942586
125,-0.43584492350761084,3.4203868873695646,-3.8562318108772615,0.8826880118031801,0.002703958204520494,2.9995307587104825
126,-0.3265429239827512,3.5209908741805216,-3.84753379816334,0.8601439105869395,0.002644061397496983,3.0063480779506873
127,-0.4557543307619284,3.4082014915855,-3.863955822347407,0.9021558345194518,0.002754620115977483,2.993871411814291
128,-0.27862604069913177,3.584675651927619,-3.863301692626692,0.8524031955057891,0.002569169956461528,3.015073491090001
129,-0.2357630662033984,3.561088535127484,-3.7968516013307863,0.9889530579767518,0.0033267085780676483,2.935816678350996
130,-0.24303823777371183,3.6023561006754883,-3.845394338449296,0.9149201393865458,0.00286144112750644,2.982243713327752
131,-0.12194462685659749,3.6772984562673927,-3.799243083123997,1.0263530338998472,0.0034759761900309996,2.9221737070745823
132,-0.2419522364092558,3.576629726362724,-3.818581962771873,0.9024144314997122,0.0028976870796589187,2.9783882140090685
133,-0.35737476800773893,3.534088424644841,-3.891463192652509,0.7665302191544958,0.002184400552075271,3.063943644043333
134,-0.36244823700907036,3.53859782503419,-3.9010460620432923,0.7566244557215107,0.002126871528592044,3.0719193905585622
135,-0.10305545103757088,3.7291534804962603,-3.8322089315338417,0.8556849050376609,0.0026723232878831096,3.003113976549022
136,-0.26109741540541054,3.5973726644948143,-3.858470079900144,0.8320199258352012,0.0025069343988488443,3.022503190780725
137,-0.2753158342618548,3.5831001300419385,-3.858415964303731,0.8438276259280162,0.002551088661949023,3.0172149244927287
138,-0.22080043263441387,3.573558737156923,-3.794359169791278,0.9116626285167326,0.0030144134616806656,2.9662642703060023
139,-0.15440818652337787,3.6794284549876184,-3.833836641511084,0.9330457183819885,0.0029699659939684915,2.970829517264477
140,-0.2526673477586968,3.578934376784814,-3.8316017245435887,0.9607375708080004,0.003088040651360416,2.958835329943318
141,-0.23897571163525702,3.5329344454168683,-3.7719101570521616,1.0464743086624373,0.003669897522750115,2.9052245135135544
142,-0.2994837588424929,3.524493535814288,-3.8239772946567427,0.8941011423857903,0.002847521363345587,2.9837362238692715
143,-0.28613481328307844,3.551930488470479,-3.838065301753545,0.8476050643228543,0.0026240293369717716,3.008659604097035
144,-0.34699427505405256,3.447194007595352,-3.7941882826494293,0.9689670062484184,0.0032524604764042355,2.942811826913727
145,-0.3844246544213178,3.488005921297026,-3.87243057571834,0.7317820008965872,0.0021087107098674606,3.074478286201524
146,-0.1748260183503675,3.635266385482715,-3.8100924038332096,0.9775587750794972,0.0032314375521815936,2.9448188903801142
147,-0.4911723708088488,3.3511112272415446,-3.842283598050358,0.8636775658703129,0.0026730745521989295,3.003028434167357
148,-0.34772631277395194,3.46281221467865,-3.8105385274526498,0.8853603043422402,0.0028553524691780833,2.982895736463016
149,-0.3390869190559528,3.538709662561591,-3.877796581617531,0.8021917075452305,0.002345481432556724,3.0425945207092284
150,-0.2448059109403943,3.5938969065626822,-3.8387028175030764,1.0035119495795293,0.0032360200315933794,2.9443803880977115
151,-0.3045464915013639,3.548660334150267,-3.8532068256515686,0.8924013504708719,0.002750182836743034,2.9943632756935408
152,-0.23009395192878804,3.6248650887727476,-3.8549590407014875,0.9443335713298611,0.0029454102442342945,2.9733784661020355
153,-0.3273552187870422,3.5413797757039167,-3.8687349944908647,0.9118175353981415,0.002776706227660196,2.991433923623076
154,-0.18643039593588076,3.6541114735128217,-3.8405418694487707,0.8916137747497883,0.002786028476786885,2.9904104039534385
155,-0.2646183196370743,3.5531809521235895,-3.8177992717606912,0.9237466418560247,0.0029856158737947393,2.9692150345220893
156,-0.37322349591011916,3.4688788090920126,-3.842102305002186,0.8514434715635719,0.00262687093628027,3.0083307283767646
157,-0.2461370281571448,3.5668077469922452,-3.81294477514939,0.9591723922496747,0.0031457795478944356,2.9531216628131225
158,-0.1282895064338249,3.692205476987404,-3.820494983421213,0.9880104888367751,0.0032374931312406335,2.9442395458122608
159,-0.34843766803374765,3.5631267137638765,-3.911564381797575,0.7729172388003032,0.00215756327241143,3.0676400577519107
160,-0.2913325168979185,3.558500389433165,-3.8498329063311303,0.9682534922503199,0.003056334267285655,2.96201446332869
161,-0.25230971317194817,3.5972451174985696,-3.849554830670627,0.841069959979754,0.0025660110627336126,3.0154466147075993
162,-0.3268574958403946,3.4915480844324738,-3.8184055802729517,0.8835914216819871,0.002823514550412289,2.9863260141923798
163,-0.21538618051466477,3.6117983378938257,-3.827184518408558,0.9114077388534882,0.002905766814281789,2.9775347721074144
164,-0.4376887892701774,3.3915335916482054,-3.829222380918395,0.8999263952799166,0.0028539112652374386,2.983050258099765
165,-0.1838753850975167,3.6427583621979047,-3.8266337472953182,0.9027181950992089,0.0028731405191861543,2.9809943944574013
166,-0.2617268991836085,3.5864323272854706,-3.848159226469079,0.9318137442817829,0.002918528251306136,2.9761912158582087
167,-0.2854083048715751,3.556179642240466,-3.841587947112089,0.911013728245706,0.002858256136537944,2.9825846299416576
168,-0.13497441179095807,3.661686357143607,-3.7966607689346574,1.0105948044148794,0.0034188199299796168,2.9273335623249257
169,-0.39745111834714353,3.4892144352949965,-3.8866655536421604,0.7101614906429048,0.0020008248981654587,3.0901098351228806
170,-0.5129006444428882,3.3723802282439483,-3.885280872686735,0.7639275968295545,0.0021904645425414194,3.063114193151334
171,-0.27949661733374287,3.5530402670169106,-3.8325368843505885,0.8429987882114047,0.0026225572164058825,3.0088301096854737
172,-0.06309816335261478,3.734888200706918,-3.7979863640595113,0.9873385146693949,0.003315778331422262,2.9368374694899684
173,-0.27860473989790935,3.6069083676787694,-3.885513107576571,0.7901188121275942,0.0022823538377788367,3.050796268406067
174,-0.1889095846809227,3.61862681135073,-3.807536396031651,0.921988527899475,0.0030125670390166517,2.966452692043028
175,-0.24860202467346829,3.5550281463153763,-3.8036301709889813,1.0073058451269072,0.0033789408115204476,2.9309804169452804
176,-0.41647530201931604,3.426125130502014,-3.8426004325212944,0.8646479701473626,0.0026758482311098225,3.0027128006272354
177,-0.32079732819625806,3.528937014949998,-3.849734343146338,0.9192919726769953,0.0028646994225882097,2.9818953086488986
178,-0.34441622762643365,3.488013666349444,-3.8324298939759274,0.8250963735727845,0.0025544370933202366,3.0168173125872015
179,-0.2540908659513065,3.5480719457892556,-3.8021628117405726,0.9648592735145303,0.003206961537794804,2.947170665830616
180,-0.2014185906954339,3.615140157329248,-3.816558748024704,0.9502485958714049,0.0030969309046521166,2.957949265986296
181,-0.22979313632107226,3.6046487453537854,-3.8344418816748203,0.9078848714285601,0.0028686614811196855,2.9814721386744734
182,-0.32544241937569895,3.5289931938775285,-3.8544356132531448,0.8523899526116256,0.0025946027150829595,3.012084605938482
183,-0.24291674360393647,3.586020616213569,-3.8289373598174734,0.8440644970225439,0.0026372074407821043,3.007137158051488
184,-0.292102824560979,3.5253652052554565,-3.817468029816496,0.9593637297463449,0.003130912918284513,2.9545836216117123
185,-0.19366715521335612,3.6228113116054055,-3.8164784668188076,0.870147009267122,0.0027764115802498142,2.991466325048583
186,-0.2700844090475215,3.600151663599219,-3.8702360726466623,0.8060230552678092,0.0023793042622710548,3.038282961659298
187,-0.1456817480606191,3.6846063535956097,-3.8302881016561514,0.937616236635209,0.0029998543719470814,2.967752847514391
188,-0.352805924806043,3.483434968735262,-3.836240893541344,0.7976184103529542,0.0024399435806662924,3.030691559345329
189,-0.10944754104651513,3.711113315470478,-3.820560856516977,0.9766369341855574,0.0031906592778171775,2.9487461591253883
190,-0.25082394587662693,3.6309828117376974,-3.8818067576142994,0.8245176040336073,0.002415354802760033,3.0337487689332363
191,-0.2399108966579974,3.613328709134826,-3.853239605792851,0.8968786754816631,0.0027672456132651633,2.9924758487254217
192,-0.4672766374058114,3.3599640855988384,-3.827240723004593,0.9468136198284274,0.0030468448954905003,2.962971791485816
193,-0.08996838952624278,3.7680164257055675,-3.8579848152318164,0.9234872847058355,0.002854851494464423,2.9829494414189544
194,-0.11875223875404975,3.697403915960551,-3.8161561547145766,0.970076467559216,0.0031792495570466023,2.949853194560998
195,-0.21658360913409927,3.627318547649207,-3.843902156783315,0.9280770938911922,0.002917624925040708,2.9762861438109147
196,-0.1893089496431998,3.6224156802035696,-3.8117246298468217,0.9616920015475285,0.0031603470417319256,2.951695217128973
197,-0.4332372826427303,3.4471584863646583,-3.8803957690073503,0.7886316621388727,0.0022901612438267238,3.0497707244193837
198,-0.4180808703726001,3.437210753948652,-3.8552916243212394,0.8511824229969056,0.002587590898484958,3.0129059580090254
199,-0.22949573623885447,3.5923723782995602,-3.821868114538347,0.8810572491093818,0.0028026927722376626,2.988588545761639
200,-0.18953496010454676,3.644422711660718,-3.8339576717652335,0.8824807934834289,0.002770847699651748,2.992078757413517
201,-0.10796731501853576,3.708955840279771,-3.816923155298241,1.013255623540522,0.003354731579856018,2.933213458888484
202,-0.1820504858320732,3.6871058341898872,-3.8691563200219434,0.8223286393363529,0.002441675710715949,3.0304772620747538
203,-0.47725045700327373,3.361727029299517,-3.838977486302724,0.8283910009894586,0.0025482971125602013,3.017546774037699
204,0.12196633469260684,3.9437532848122214,-3.8217869501196446,0.9757329366404237,0.003182666749396033,2.949521259964808
205,-0.36219291894577454,3.5127687891717687,-3.8749617081174392,0.8003662064835266,0.0023463450146866158,3.042483729521366
206,-0.3213057409930201,3.5543011858076103,-3.8756069268006286,0.8232374691472795,0.00242746362405292,3.0322396944771532
207,-0.34537788301725814,3.48428047363737,-3.8296583566545905,0.865297441157252,0.002717170112478554,2.9980456036896808
208,-0.1096907195423086,3.7308910853542003,-3.8405818048964875,0.9002285117156248,0.0028193773202193867,2.9867743573072656
209,-0.3944194655388259,3.394325924386829,-3.7887453899256798,0.9455767869742915,0.0031739404690268123,2.950369547173751
210,-0.44223886955297476,3.443220008495436,-3.885458878048439,0.7152961363697043,0.00202116422350263,3.0871046581977724
211,-0.33296382578772354,3.509231799526028,-3.842195625313707,0.843461288545396,0.0025962279327788676,3.0118945204940757
212,-0.12254548340241347,3.71943456349824,-3.8419800469006304,0.8532936029171254,0.002634283502144554,3.0074743548820675
213,-0.33222214679029494,3.495269480886455,-3.82749162767675,0.9497579395444351,0.003057830665573242,2.961863747813123
214,-0.28815860927626036,3.5296973868210846,-3.8178559960972507,0.8714230861150849,0.0027771869827729694,2.991381063275314
215,-0.2841630790875428,3.5248891913177434,-3.809052270405232,0.9616835305843248,0.0031696343751758693,2.9507889288428832
216,-0.2824245398142097,3.54388883783955,-3.826313377653719,0.957140429612211,0.003091560830673963,2.9584842067798687
217,-0.3343571626690022,3.530971324599292,-3.8653284872682434,0.8170214051707099,0.0024326440121533975,3.0315961865237306
218,-0.2752260407860462,3.5580007340836404,-3.8332267748696722,0.8442854514693838,0.0026254744288888225,3.0084923140818662
219,-0.4495338984054428,3.3949221493947754,-3.844456047800122,0.9509070714146497,0.003005689045585709,2.967155498412126
220,-0.35174221296018404,3.4834346491294483,-3.8351768620894973,0.8783876583793506,0.0027512036370491376,2.9942500577699223
221,-0.2792401480918528,3.593816841717907,-3.8730569898096974,0.8650709262581291,0.0025883212003672664,3.01282031683267
222,-0.22777972716449715,3.6390564302791373,-3.866836157443572,0.7717798986037145,0.0022644550286983573,3.053159554121348
223,-0.2912689767756632,3.537078936842683,-3.828347913618245,0.8684713864946207,0.002733480632746196,2.996221206536557
224,-0.2052024658138493,3.6146923905318524,-3.819894856345627,0.9300965021338619,0.0030042071892993714,2.967307109362094
225,-0.26607035792086153,3.5751375771424976,-3.8412079350633803,0.8929069068302389,0.002788984807030814,2.990086472187283
226,-0.34481623091881775,3.487689211329807,-3.832505442248589,0.8115999911017946,0.002502966999328613,3.0229825207868326
227,-0.2963964371482547,3.5473584989645386,-3.843754936112873,0.8445444560159143,0.0025958284203804714,3.0119412373727528
228,-0.2853015943141003,3.5674112294444886,-3.8527128237585657,0.9145464269159813,0.0028369184600008745,2.984877568804027
229,-0.22877169640674713,3.6106495012694535,-3.8394211976760744,0.9318823404415961,0.0029471088362794584,2.973201524854931
230,-0.1619276730535916,3.652079265602126,-3.814006938655666,0.9595403221900378,0.003143603113267331,2.953335295603634
231,-0.1808415519101431,3.6900097977224644,-3.8708513496326304,0.8662719777865759,0.0025991434004768318,3.011553799898241
232,-0.28493380740509056,3.5677992458220005,-3.8527330532269843,0.8437280999979841,0.0025669196894011134,3.015339246122541
233,-0.15859327787075875,3.6906488079292843,-3.8492420858001424,0.8957668172243056,0.002775252071224277,2.991593863023238
234,-0.045509287096715006,3.820124371255908,-3.8656336583525217,0.8540495410786084,0.002568637851810719,3.0151363130717233
235,-0.303089979263072,3.5390452223034417,-3.842135201566407,0.8744718758412673,0.0027149472615639043,2.99829501278424
236,-0.42353307779695515,3.412311104042383,-3.8358441818393203,0.8752765868174333,0.002737108823964414,2.9958167313599504
237,-0.26366949573378806,3.60255949319054,-3.8662289889243766,0.7556798422099793,0.0022083344805789154,3.06068207156393
238,-0.32562049379363034,3.545924992095833,-3.8715454858895555,0.813694081999933,0.00240369346870207,3.0352086346083142
239,-0.45388388677327784,3.3900245269366764,-3.8439084137099826,0.8353219603980029,0.0025604649626973764,3.0161027287555084
240,-0.33228632364001387,3.502424309481628,-3.834710633121631,0.9310850307429184,0.0029593277841656364,2.9719314204363516
241,-0.2918333153276166,3.5368615288373744,-3.8286948441650566,0.8522333836534393,0.002669448091258422,3.0034415626946736
242,-0.36388905743081923,3.473127198439926,-3.837016255870708,0.8617729497402462,0.00268145237133437,3.0020759832579835
243,-0.16129600703869476,3.6838287379673287,-3.8451247450059327,0.8645378055566559,0.002667925549781786,3.003615164399147
244,-0.04890374473166906,3.7973941123654567,-3.8462978570970563,0.869042865258344,0.002681648671637495,3.002053699047576
245,-0.1607116440862996,3.679179665022079,-3.8398913091083386,0.8888553941326123,0.002777338403982249,2.9913644158274053
246,-0.19653246306212116,3.593372338135215,-3.789904801197281,1.0539812187561566,0.0036308813391930515,2.9085680602402246
247,-0.07278528354687244,3.791346245378602,-3.8641315289254408,0.9118630095661695,0.002791059199019937,2.9898593635562447
248,-0.23687377745535235,3.623850808900309,-3.860724586355559,0.9067287778331083,0.0027819585130385662,2.9908568730382092
249,-0.38168420333261965,3.4572415987446132,-3.838925802077256,0.8636918741023623,0.0026831323984442892,3.0018853130689256
250,-0.2880207537840619,3.550556806064924,-3.8385775598488863,0.7689215016930087,0.002326860558873534,3.044992573003476
251,-0.33698097154582174,3.5471020585109785,-3.884083030056786,0.7817244257154377,0.0022562172957005817,3.054252986627254
252,-0.2238788569010325,3.585579633106135,-3.809458490007046,0.8672562831421389,0.002786700304450787,2.9903367627269843
253,-0.2194435599499315,3.5793194660333136,-3.7987630259832486,1.031224454143211,0.003498547887494167,2.920157263223836
254,-0.21265421298461154,3.601802395476611,-3.8144566084613416,0.9001643384892843,0.002901970059102047,2.9779355436064487
255,-0.22405024450473268,3.6315458955082964,-3.8555961400131764,0.8762821046557518,0.002681517411681655,3.002068599646351
256,-0.2939507301995349,3.5314831085272442,-3.8254338387267808,0.8301660411572827,0.002593946124539874,3.0121614316380483
257,-0.2851650774811191,3.5330114697136357,-3.818176547194753,0.8291544225347791,0.0026111332650528016,3.010156249370481
258,-0.3465665916910524,3.489285969721657,-3.835852561412821,0.9921851496369514,0.003200201806178528,2.9478230563096295
259,-0.29092203688083773,3.556145897723573,-3.8470679346044108,0.9544748019051688,0.003011119204864519,2.9666005127556914
260,-0.3087481161954969,3.5496465805374373,-3.858394696732944,0.9633027734972157,0.0030082699329299833,2.9668916066618167
261,-0.06211882472428845,3.7721585073751416,-3.8342773320993047,0.833533620077151,0.002581299468116004,3.0136446593208217
262,-0.3306945236187261,3.5479455310884,-3.878640054707148,0.9201730456918793,0.0027779118861197953,2.991301373957578
263,-0.44183797656388324,3.429451326460772,-3.871289303024696,0.8822854955329635,0.002657643851533256,3.0047898698544646
264,-0.22911601694091535,3.5995497894679063,-3.8286658064088215,0.9300575151600694,0.002975066676474315,2.970302466551393
265,-0.3483969073186103,3.522697055193046,-3.8710939625116225,0.7446140448488685,0.0021570980937408654,3.0677044996650493
266,-0.2397167135532158,3.5948744299685607,-3.834591143521834,0.8235865173024202,0.0025425429389880952,3.018231860182644
267,-0.15303968663739345,3.689055733558003,-3.842095420195392,0.8737264389640735,0.00271220022413746,2.9986034947291245
268,-0.30553239327060455,3.5101746361314645,-3.8157070294021196,0.9210695213203643,0.002981753636591346,2.9696127541645065
269,-0.48820098568763515,3.3495693714790584,-3.8377703571667325,0.8535956602335304,0.002647818481028991,3.0059163266631574
270,-0.34306491304847386,3.4810314655080767,-3.8240963785565327,0.9515051122228151,0.003076355276963754,2.960003519668027
271,-0.29269456882765044,3.571203504766683,-3.863898073594328,0.7542995525506289,0.0022091906925841257,3.0605659933968643
272,-0.1886031370039604,3.5770140293210893,-3.7656171663251143,0.9893337082110731,0.0034446217084522055,2.9249946267892253
273,-0.35322395289780106,3.5026445186074384,-3.855868471505346,0.7984069867082662,0.0023898054922052115,3.0369557324001444
274,-0.4205664250095055,3.4015975772614753,-3.8221640022710517,0.8102719621825196,0.0025270051317015777,3.020088885321273
275,-0.33292366447518307,3.5149259593369764,-3.8478496238121807,0.8086552632255719,0.00244941901313073,3.029520966902483
276,-0.31583518260380006,3.5414897749549543,-3.8573249575588306,0.9707206220356883,0.0030409288144287072,2.9635700079663883
277,-0.28538484832280064,3.604343443611579,-3.8897282919342615,0.7682222319740082,0.00219457866955268,3.062552647997544
278,-0.44688956898029064,3.3974557909196457,-3.844345359899876,0.8226381039052293,0.002511429262889275,3.0219609717420877
279,-0.296266080892687,3.5445009553203017,-3.840767036212924,0.8371343622068239,0.0025763274708503264,3.014229606400773
280,-0.47180101761638016,3.37202814849489,-3.843829166111391,0.7675147865020655,0.0023080091778334105,3.0474382803859044
281,-0.3952177603891954,3.4592272140170697,-3.854444974406192,0.8528268356479747,0.002596220362191796,3.0118954056976124
282,-0.29644178885258443,3.56837771679483,-3.8648195056474606,0.827956660764027,0.0024742499272272836,3.0264729077314994
283,-0.17189227326753956,3.6854221547372634,-3.85731442800477,0.9374782251067919,0.0029111249171628463,2.9769700029312243
284,-0.14060251846638896,3.69112196791064,-3.831724486377084,0.899846132736728,0.0028456910430286375,2.9839329705033815
285,-0.059924305226454117,3.7919659534871495,-3.851890258713638,0.8924283023435833,0.0027543042616875583,2.993906399720423
286,-0.28951000503730884,3.5388942775744936,-3.828404282611814,0.9740203303113781,0.003152634813612051,2.952449648361164
287,-0.2853610301907651,3.550375712385167,-3.835736742576046,0.8364188728491779,0.0025880945781118093,3.0128468900487158
288,-0.2532186340349739,3.584219054584921,-3.837437688619957,0.886531778432059,0.0027758817521657477,2.991524596436675
289,-0.25457918938969615,3.616004385217867,-3.870583574607622,0.8059163655115125,0.002377992594332171,3.0384491173095656
290,-0.3573252505401655,3.48371072290556,-3.8410359734458552,0.8990912250567371,0.002813535245455666,2.987408475135325
291,-0.2604193817396748,3.5585228788851953,-3.818942260624908,0.9445166099590199,0.003065574825924259,2.961084838046919
292,-0.38645758483324644,3.493757731906801,-3.8802153167400775,0.7749156602918066,0.002241832925730762,3.0561710908132995
293,-0.2773048504391312,3.5663910620523454,-3.8436959124913983,0.7940377979046938,0.002406345357021808,3.034876079917667
294,-0.2540429620411345,3.610145196021428,-3.8641881580626887,0.8672020741811939,0.0026219500709432175,3.0089004566491533
295,-0.3620714789769949,3.4677795205476376,-3.8298509995246377,0.9099784315017141,0.0028915522739267896,2.979037669965181
296,-0.22210670033883564,3.621507050774515,-3.8436137511133666,0.8834083223543976,0.002744873725551056,2.994952733980648
297,-0.3643417554526508,3.5057755902919525,-3.8701173457445748,0.7555553884312172,0.002198262817414239,3.0620506098280655
298,-0.3884474163076078,3.4449900560406435,-3.833437472348237,0.9218340271181455,0.0029268554562725296,2.9753173946329694
299,-0.19112147930253234,3.658236257660033,-3.8493577369624745,0.9129491789707336,0.00284127656456899,2.9844079718679306
300,-0.26499705270624363,3.5732153419971877,-3.838212394703419,0.9421276947170076,0.0029915888850609606,2.968600878099084
301,-0.27783873384204016,3.5637945604652495,-3.8416332943072575,0.8002627876817816,0.0024351209720974106,3.031288941574647
302,-0.4190906802532567,3.4652836458242615,-3.8843743260774772,0.7817869349155511,0.0022557023742968358,3.0543214559335787
303,-0.1600113315287303,3.681083164620118,-3.841094496148685,0.835290258925431,0.0025683945123400765,3.0151650464758046
304,-0.11905952006169121,3.6775921667778158,-3.796651686839482,1.001499254788846,0.00338034909732253,2.930850966523436
305,-0.35072359826541233,3.4591569813378293,-3.8098805796032593,0.9801141990729523,0.0032427615606707106,2.9437363114296606
306,-0.29131596561422557,3.5596866077595934,-3.8510025733738757,0.8935684370831676,0.0027613945473225405,2.9931218733248146
307,-0.296642438111698,3.5511149045399155,-3.847757342651448,0.8720435932751949,0.002688759114207439,3.001247517621959
308,-0.46922560662177093,3.391562227018128,-3.860787833639847,0.810577557443072,0.0024212989156887025,3.0330071145533073
309,-0.5883236449059354,3.2761234533757393,-3.864447098281744,0.7491026952747841,0.002189278070595211,3.0632763166011086
310,-0.30282672493832197,3.574798829012105,-3.877625553950452,0.8665807057465464,0.0025807909185821746,3.013704441992249
311,-0.2189014666995576,3.6121482753104472,-3.831049742010009,0.9118513813725473,0.002895107997062975,2.978661093326622
312,-0.4070847699582686,3.485695183986199,-3.892779953944455,0.8586121722416067,0.002508753140174311,3.0222836875240375
313,-0.12163439120991773,3.7081401570210644,-3.82977454823083,0.864547842976076,0.0027139095897679194,2.99841150588239
314,-0.40182205705060314,3.4485392481024335,-3.850361305153001,0.917629920303912,0.002856264063961898,2.98279803471825
315,-0.32750523812001975,3.463759872194665,-3.7912651103146118,0.9283114184934229,0.0030934452883435914,2.958296389797461
316,-0.2150749016963204,3.6037524669177325,-3.818827368614052,0.8708703705889707,0.002772013774407669,2.9919503112272148
317,-0.3235409384683493,3.5432800733701577,-3.8668210118385105,0.8535733726714025,0.002563475424174035,3.0157464244283725
318,-0.21588723222851916,3.6425794808081116,-3.8584667130365915,0.7738752170256391,0.0022934190605787825,3.0493437397077385
319,-0.16859376286175523,3.666401478298535,-3.8349952411604136,0.8535968701184866,0.0026560184531243896,3.004975955115315
320,-0.1836550664874125,3.6539745869893676,-3.8376296534768244,0.9818822801367548,0.0031524019379982264,2.9524724550455814
321,-0.28916638922613347,3.5350374954471495,-3.8242038846732385,0.9054289491142811,0.002891634204509782,2.979028988171077
322,-0.289965763932409,3.558025949746917,-3.8479917136793347,0.878977221260012,0.002714579595036022,2.9983362838137673
323,-0.5669964959663588,3.274875101091745,-3.841871597058116,0.7873513908562058,0.0023864121785841163,3.0373840215854275
324,-0.3534056048301949,3.5200393782913344,-3.8734449831214306,0.8552939104608455,0.0025510044642221255,3.0172249287631194
325,-0.28257080015795,3.5714368452005325,-3.854007645358479,0.9347377324897832,0.002911103799326586,2.9769722269872942
326,-0.21694357704201087,3.613350353865671,-3.8302939309077146,0.9478458556033797,0.0030407312571034185,2.9635900026835027
327,-0.14596483471826507,3.67910933495569,-3.8250741696739397,0.9580854056310772,0.003099606109226702,2.9576830905953497
328,-0.28331610256692275,3.561987817581152,-3.845303920148126,0.9357150823438909,0.0029430559332878207,2.9736238672033086
329,-0.3252856175388473,3.483681621084863,-3.8089672386237226,0.9847538066276713,0.0032652564907897793,2.941595967413131
330,-0.43267588682102487,3.4037288594845916,-3.8364047463055613,0.7609032179413684,0.0023028970135481747,3.0481046666845972
331,-0.28658858219604044,3.5232668436401817,-3.80985542583619,0.8838815276188625,0.002851615240532645,2.9832965783187286
332,-0.3108729940446523,3.5204294138385106,-3.831302407883072,0.9417582034870486,0.003013018705398304,2.966406591151175
333,-0.2976196616734882,3.5428460579257535,-3.8404657195991376,0.9075702534249537,0.002848358532970291,2.9836462724704744
334,-0.19458759967961617,3.6277841411451566,-3.822371740824906,0.8847316258551476,0.002815598146957681,2.987184423875852
335,-0.17990982355821364,3.616770792387292,-3.7966806159455473,0.9459317448969342,0.0031477189126991735,2.9529314136290643
336,-0.3826853978579351,3.5252711003010826,-3.907956498159024,0.7619180050519185,0.002128541366844176,3.0716851139187487
337,-0.4018312643268104,3.4471230181771912,-3.84895428250411,0.8285767990143449,0.0025207719677762578,3.0208367881747242
338,-0.4139100319716903,3.458787713747203,-3.8726977457189378,0.7914420383737255,0.002320102914482681,3.0458671908448167
339,-0.3955703592072354,3.4488074129894337,-3.844377772196708,0.7897881328741749,0.002388744033403987,3.037089645213585
340,-0.3722366479114584,3.509588208268648,-3.88182485618006,0.8313934370585998,0.002440210097958699,3.0306585770508554
341,-0.29711112615906077,3.535645117866308,-3.832756244025404,0.8972821063235861,0.002832384866461794,2.9853667746552737
342,-0.32260917324811944,3.476411118276689,-3.7990202915246982,0.9808697365817252,0.0032849043761696665,2.93973747602783
343,-0.40925111226807476,3.477413116077369,-3.886664228345353,0.8191605382486045,0.0023830440180004613,3.0378096877512517
344,-0.26777434971189396,3.5714776325922135,-3.8392519823041766,0.8815396489686895,0.0027509649665387065,2.994276525503402
345,-0.19370456218633483,3.6141383961937508,-3.8078429583800926,0.9216591714056439,0.003010208509770514,2.966693525962065
346,-0.1687593391750483,3.662924853435389,-3.831684192610396,0.9140617834064275,0.002901799784004477,2.9779535284297722
347,-0.451001557717413,3.3819883434852227,-3.8329899012027226,0.858019461040386,0.002679002166804605,3.0023542584839467
348,-0.3842804972947619,3.4376657229106233,-3.821946220205291,0.8874297718617745,0.002827574466344414,2.985886632258888
349,-0.1907943775888811,3.6541380403507,-3.844932417939617,0.8453958049864272,0.002595651092165713,3.011961975308112
350,-0.2819953873562412,3.5700684451164366,-3.852063832472595,0.7696104927366254,0.002294398299039851,3.0492155047274734
351,-0.17492220783095438,3.6718344970313805,-3.8467567048624005,0.9127604541312966,0.002848733936352535,2.9836059443266025
352,-0.3620220558286832,3.4939287907257497,-3.8559508465543786,0.8758522650739478,0.0026788302346311735,3.0023737939386583
353,-0.30717484867330713,3.534242737283106,-3.8414175859563784,0.9207276359104806,0.0028967993982599123,2.9784821099325165
354,-0.18763859787237328,3.642439970589758,-3.8300785684621133,0.9325152086595812,0.002980210048581815,2.9697718389170795
355,-0.4582671928415124,3.393557501312586,-3.851824694154061,0.8516577592088885,0.0025993925149731326,3.0115247029580647
356,-0.26615964927896985,3.5439698973837523,-3.810129546662779,0.9616655523070721,0.0031657992276354447,2.95116288127782
357,-0.08766937900373653,3.7414587653328213,-3.8291281443365506,0.9438893551019953,0.0030287898621752167,2.9648007934913734
358,-0.2994922951942357,3.5643171320219555,-3.8638094272162107,0.8628606451636927,0.0026067861379597203,3.0106622755564776
359,-0.4501679027990889,3.427355165759734,-3.8775230685589577,0.7454084852236371,0.002144341655031623,3.069476652636238
360,-0.27544829220870215,3.57052664091307,-3.845974933121738,0.9109740896019645,0.0028442543823567644,2.9840874824323236
361,-0.26075596409021673,3.5294599310510475,-3.790215895141273,0.9115067233163505,0.0030276431388714968,2.9649172938669652
362,-0.3890671677529639,3.4517119808210937,-3.840779148574029,0.9023194807507608,0.0028269004892286583,2.9859595331277315
363,-0.16035548239597977,3.6916337189044897,-3.8519892013003982,0.8735180240472546,0.002681755053779774,3.00204162306124
364,-0.27211676711329746,3.550257689834965,-3.8223744569481823,0.9470551973591355,0.003064225448181253,2.961220429638179
365,-0.21036911621377788,3.657759227629868,-3.8681283438437504,0.9032540634718091,0.0027460788255852004,2.9948188432038
366,-0.3565185526446243,3.49162016089582,-3.8481387135406067,0.9026172090774285,0.002805093612405991,2.988326884745585
367,-0.2922194245103441,3.5514957311763014,-3.8437151556867093,0.8481639687884774,0.0026096869245679434,3.0103245246992634
368,-0.4001144583418267,3.4329841041799694,-3.833098562521741,0.8183125694386115,0.0025267477197081245,3.0201197381669647
369,-0.29484155142871205,3.566583655893353,-3.8614252073220996,0.8387072006499801,0.0025235013253616496,3.0205090909505645
370,-0.29148823367018795,3.546292450328265,-3.837780683998403,0.7927000881428463,0.002417343560749002,3.0335004433365893
371,-0.30304596227052516,3.5186036759983303,-3.821649638268923,0.9618941557897163,0.003126789468781524,2.9549902355851536
372,-0.19590552272985354,3.6110017291199017,-3.8069072518497933,0.9079299136937236,0.002957701691052417,2.972100169125254
373,-0.3665433950720939,3.4645107511088615,-3.8310541461810317,0.8518346695629835,0.002660904482428516,3.0044168868927366
374,-0.30341664117543987,3.524431347520974,-3.827847988696476,0.7919259289487974,0.002441476588566034,3.030501890174669
375,-0.3375990873406721,3.5570231220199973,-3.894622209360705,0.8053153427805322,0.002312815952700743,3.04681293456823
376,-0.3052145420233586,3.506751061880092,-3.8119656039033316,0.8615567040848506,0.002756409726740522,2.9936732416935956
377,-0.18713329604759968,3.6009640161382905,-3.7880973121858688,0.9524073667954407,0.003204788101513925,2.947380290190154
378,-0.19992353263035914,3.629369526794679,-3.8292930594250265,0.9499695216524087,0.003052609272212478,2.9623899330257135
379,-0.38543458036282063,3.4728313736260756,-3.858265953988848,0.7918926046993158,0.002359551879392445,3.0407940221424017
380,-0.3248136427404319,3.5221207038166917,-3.8469343465570773,0.8291357441356837,0.002528561585150527,3.0199023933899105
381,-0.27915352801199733,3.580640266855943,-3.859793794867983,0.876721662701657,0.002670707346816107,3.003298049474022
382,-0.3959196473391643,3.4313261346286734,-3.827245781967804,0.7965927486012476,0.0024607673508737662,3.0281244374883207
383,-0.43925852231166973,3.369062657953704,-3.808321180265466,0.908211713108948,0.002954208118821959,2.972463002968552
384,-0.2724124487281273,3.584624034359685,-3.857036483087768,0.8392416663318811,0.002537872556747101,3.0187889545833246
385,-0.2048667989788641,3.583839401119022,-3.7887062000979768,1.0711072917347133,0.0037101620681904385,2.9018077058794325
386,-0.1978960402426623,3.62752649704002,-3.8254225372825204,0.9262359779161016,0.002970481095620144,2.970776254620108
387,-0.30027403690940846,3.4941203107248,-3.7943943476342383,0.9323854848168187,0.0030995730319137156,2.9576863804165283
388,-0.24151249362740548,3.6019781693114266,-3.843490662938848,0.7849704951362968,0.002373266642782631,3.039048474228175
389,-0.18400490726424726,3.6326367527458543,-3.816641660010191,0.8580004241087433,0.002728135902551352,2.996817937922767
390,-0.18699379138014086,3.6390431909421683,-3.8260369823223073,0.8455976101373937,0.002651674143243132,3.0054738288554175
391,-0.4510893629303695,3.375490117691506,-3.826579480621831,0.8819014624382913,0.0027913725334986154,2.9898250724660436
392,-0.14362501536482744,3.691181003613701,-3.8348060189784974,0.9458245993761061,0.0030175765905013723,2.965941727296717
393,-0.25615185306799904,3.645100472181426,-3.901252325249402,0.8256717810885381,0.002367615701264162,3.039766576788418
394,-0.36909360678647263,3.4336466486975366,-3.802740255483968,0.9948258229631874,0.003329826083757223,2.9355260899642444
395,-0.0588879009865281,3.7869669019201084,-3.845854802906615,0.9238933809239476,0.0028949782386392445,2.9786748282525517
396,-0.3420484750369127,3.500891814928029,-3.842940289964872,0.9219184121407937,0.0028965861863337466,2.9785046666775363
397,-0.3460970996640157,3.5687570245121303,-3.9148541241760313,0.6664323976385473,0.0017944633779863875,3.1222961347696327
398,-0.2807875104393901,3.5580735066343547,-3.838861017073782,0.9094249500727005,0.0028606797762197773,2.982325175697174
399,-0.2448795734980053,3.5624104770827487,-3.807290050580832,0.7752020447630832,0.0024341270246656874,3.031412197578678
400,-0.19005054485968179,3.626363366774878,-3.816413911634413,0.9190651558167477,0.0029713639686464715,2.970684983203431
401,-0.3325068766562339,3.499084822201852,-3.8315916988581193,0.9690116450121042,0.0031213834909109804,2.955524061093183
402,-0.35216621030407114,3.539364875573631,-3.8915310858776593,0.8245445383208216,0.0023893884975512048,3.037008333625159
403,-0.37409332889206726,3.4864980755444805,-3.8605914044366045,0.8312478046226381,0.002498145892020481,3.0235659297327473
404,-0.11160982702518543,3.6464914368767976,-3.758101263901949,1.1471365845588264,0.0041824791766825195,2.8640606521988428
405,-0.4276128118526771,3.422977593538079,-3.85059040539079,0.8288528035330289,0.002517206157606144,3.021265402469808
406,-0.5384098876529692,3.359750599779082,-3.898160487432051,0.709978359361167,0.0019744205699707786,3.0940532322852623
407,-0.13021601121239149,3.7053708435513006,-3.8355868547638465,0.9067048639270734,0.0028603969681004378,2.9823554403837695
408,-0.09121628071364687,3.724311193194463,-3.815527473908105,0.9099582187108535,0.002937711482313442,2.9741816105044
409,-0.24467189146344884,3.588004386192759,-3.832676277656219,0.8938647539799258,0.002819251386471075,2.9867880139078022
410,-0.29690332153212184,3.514658295697546,-3.8115616172296996,0.9074587236609002,0.0029405912156488935,2.973880968537918
411,-0.2315179281542982,3.6354218090790273,-3.866939737233338,0.7813139274677998,0.0022985045530697504,3.0486783205150685
412,-0.30436092546677573,3.5247768181722745,-3.8291377436390803,0.9532874871710106,0.003066456965691431,2.9609962260638993
413,-0.14310373583988115,3.686980952598502,-3.8300846884384327,0.8172941644596703,0.0025313970354033538,3.0195629236804185
414,-0.4279509013119963,3.4300910542329324,-3.858041955544877,0.9049528020747792,0.002783429503033594,2.9906954387797353
415,-0.24944970337618036,3.603786119581614,-3.8532358229577994,0.8395994165741953,0.002549989103680291,3.0173455964392364
416,-0.3356077223721826,3.526947402765854,-3.862555125138101,0.8443312644011094,0.0025412248893895706,3.0183889854416877
417,-0.23723787757092799,3.5610959987778528,-3.7983338763486927,1.0587169564454109,0.0036179677348525535,2.9096819087351156
418,-0.22396111130854882,3.627075337852182,-3.851036449160688,0.9076024506402156,0.0028153349220322076,2.987213004329599
419,-0.22576468791374685,3.6539485281841366,-3.879713216097798,0.8652815500851734,0.002570020600546253,3.0149730860309623
420,-0.5988492665816324,3.2840405246255284,-3.882889791207276,0.7695047268203274,0.002216005543853306,3.059643559314332
421,-0.2807469679695572,3.5464863947725127,-3.8272333627420494,0.8567299298664239,0.0026912224628821506,3.0009686776868847
422,-0.1670919945229429,3.6375984631391742,-3.8046904576622183,0.965519557522994,0.0032007734955454914,2.9477678332372457
423,-0.13784511507629707,3.693696017686817,-3.8315411327631637,0.9469244090467219,0.0030328645801038193,2.964387151215694
424,-0.4244371523257172,3.430073611580284,-3.854510763905978,0.8727067894452505,0.002671173715308977,3.00324491468102
425,-0.3252968278607199,3.5198459769739787,-3.8451428048347225,0.8782854969954519,0.002720524664243855,2.997669567827369
426,-0.35629716639983544,3.4956685706227417,-3.8519657370225104,0.8199054479822503,0.002479965151081329,3.025775313070587
427,-0.21881565125205218,3.6214832957036074,-3.840298946955727,0.8676435371750482,0.0026942127917449067,3.0006304992187287
428,-0.4002586810573888,3.407178180215834,-3.8074368612732314,0.9886571973284215,0.0032869891286341703,2.9395408741603894
429,-0.36519106432639037,3.456966356672018,-3.8221574209985647,0.9881636275672505,0.003232210950486774,2.9447448433538517
430,-0.35305168511593765,3.4897445673531196,-3.842796252469043,0.9017976071799993,0.0028185613313216197,2.9868628552683982
431,-0.33721507076200796,3.509610834575224,-3.846825905337141,0.8996375265995273,0.002797649632471364,2.989138851061019
432,-0.18228505705088485,3.659239677766364,-3.841524734817199,0.9994055321235451,0.0032094317167765986,2.94693257825369
433,-0.23653165704741644,3.5802380126110918,-3.8167696696585836,0.9519369492991916,0.003103075236909357,2.9573382338338066
434,-0.27212883410005306,3.574555837289117,-3.8466846713891982,0.9030911049001786,0.0028114507847636435,2.987635020360179
435,-0.37922554019770305,3.484318286896402,-3.8635438270940767,0.8536054383169782,0.0025729618112498923,3.0146261567384625
436,-0.3650057011968869,3.4872979747389663,-3.8523036759357865,0.8191907066655593,0.0024763689681069558,3.0262140878493002
437,-0.2941462836144041,3.5425607293268393,-3.836707012941247,0.9051966314319748,0.0028509434277687556,2.9833686854209556
438,-0.27762316925930863,3.5322798249272958,-3.8099029941865865,1.0453538993509688,0.003515834992043075,2.918620908615248
439,-0.34665293608032643,3.4321163205115615,-3.778769256591886,1.0691944298685063,0.0037421667720313185,2.8991157826656164
440,-0.322401664432968,3.539348854140725,-3.861750518573672,0.8810628314527289,0.002681303263060817,3.002092911177444
441,-0.20751439328638246,3.645138953426341,-3.8526533467128274,0.8321514485589354,0.0025237464387236038,3.0204796775597242
442,-0.3953685937395989,3.4419861085865553,-3.8373547023262518,0.9190399573018553,0.002903205791432053,2.977805051742963
443,-0.3740186656114105,3.454890083878866,-3.8289087494903242,0.9352190251313361,0.0029948533782416,2.9682656893113135
444,-0.38158553341976076,3.4761544212038884,-3.8577399546236393,0.8586819668879997,0.002608709965780986,3.0104382377944745
445,-0.30144321885394165,3.53946822157905,-3.840911440432933,0.8929569746097701,0.0027900963402606896,2.989964760102999
446,-0.33528176596940684,3.5185656155761795,-3.85384738154562,0.85204741592448,0.0025950123357881298,3.0120366864459798
447,-0.11087155384314831,3.714564693607534,-3.825436247450625,0.9898176763996784,0.003227344744543515,2.9452110147413433
448,-0.18619885306714826,3.680108619464366,-3.8663074725315028,0.8596691741090519,0.002587645901780619,3.0128995071028317
449,-0.40642303541108904,3.4167259391814455,-3.8231489745924137,0.8660495326195914,0.0027398585887335124,2.9955105103929545
450,-0.23812998356187057,3.6213129225121556,-3.8594429060740367,0.8455422379700557,0.002554572129589804,3.0168012876087844
451,-0.29298770219180315,3.560984772043071,-3.853972474234979,0.9148465889969648,0.0028341260880221835,2.985178800390855
452,-0.4062481311143614,3.45278923005934,-3.8590373611738187,0.8134808808580165,0.002436738175998571,3.0310884960455455
453,-0.18513867525781227,3.6324109686559924,-3.8175496439138215,1.0072315239053053,0.0033274210385693596,2.935750246753037
454,-0.30179252772416876,3.5615781805361313,-3.863370708260277,0.7922702144279627,0.00234747397381636,3.042338948731025
455,-0.30825563250983523,3.4849993947552425,-3.793255027265218,0.968872717215794,0.0032554110645136225,2.942531080034242
456,-0.4467883471097679,3.3817410176461054,-3.828529364755809,0.8548159312557857,0.0026799307883470175,3.002248765491488
457,-0.1453229528851893,3.7015644767541143,-3.8468874296393096,0.9054081376093461,0.002819793062972473,2.9867292769791085
458,-0.2981318089854398,3.5049951644881916,-3.8031269734735815,0.9637584226552058,0.0031989950971833213,2.9479396494450234
459,-0.3261545136412082,3.5092056539920766,-3.8353601676333255,0.9547202966965878,0.0030512125073054,2.9625308309779954
460,-0.22088745399219936,3.620523806825647,-3.8414112608178357,0.9205668477918811,0.0028961894429818226,2.9785466441546813
461,-0.32255715787358386,3.4940424019632563,-3.8165995598367317,0.869691796835502,0.002774243129392598,2.9917048792545566
462,-0.27298200704536557,3.5937468206407615,-3.8667288276860745,0.8307632668291651,0.002479316933204722,3.02585435991572
463,-0.27057230283913614,3.578321734625718,-3.848894037464902,0.8788955886069534,0.0027115485277745817,2.9986767196689166
464,-0.16648960921419023,3.6790169159159736,-3.845506525130304,0.9677375417678542,0.0030688729827713273,2.960753653260069
465,-0.3969376134799717,3.4176602611234475,-3.8145978746033506,0.9597490568541791,0.0031424093298092967,2.9534525313451496
466,-0.5145194102807494,3.296859538748349,-3.811378949029063,0.9260907585139693,0.0030163873482002353,2.966062957673806
467,-0.3480015805597617,3.5079184542885202,-3.855920034848168,0.890362180892903,0.0027341360377461507,2.996148104905252
468,0.05723882423102675,3.824902283150396,-3.7676634589195146,1.0761319227013049,0.0038187259315005076,2.8927603117889245
469,-0.2244960986670407,3.632042227903057,-3.856538326570103,0.829596902679655,0.0025033216009374593,3.0229396505473662
470,-0.30873130698444984,3.5353507784058835,-3.8440820853903688,0.7855116281688326,0.0023736957774504954,3.038994005218988
471,-0.09625585427046138,3.749006356427999,-3.8452622106983654,0.9644624901747729,0.003056690255692204,2.96197860248597
472,-0.07048455806171608,3.7202093274621837,-3.7906938855239787,1.051357986260295,0.0036163985287829855,2.9098175051354183
473,-0.27979305314182457,3.5594791889749957,-3.839272242116749,0.9293278898620256,0.0029375212660080275,2.9742014784094715
474,-0.2560289268656192,3.5546590426904037,-3.8106879695560565,0.8902531908508386,0.0028744219764411548,2.9808578364468286
475,-0.28276882120088376,3.5566243279408325,-3.839393149141756,0.8514765567412117,0.0026349353306663152,3.0073991545600953
476,-0.26297496252937835,3.584611929031969,-3.8475868915613773,0.8597888921247483,0.002642555165800034,3.006521326474713
477,-0.19567085734730374,3.5892441184021355,-3.784914975749416,0.9696199208060634,0.0032886229049204694,2.9393868808189603
478,-0.1867781101790428,3.6280196354218677,-3.814797745600913,0.9785143118480333,0.003218681218267303,2.9460425481946233
479,-0.2698049230797409,3.5430013584746267,-3.8128062815543444,0.8616562247315609,0.0027542238214346856,2.993915310857816
480,-0.19991144549943277,3.6112378463599435,-3.8111492918593513,0.9980210401590552,0.0033124901990868563,2.937145152488484
481,-0.1934804384907324,3.6307043536908226,-3.8241847921815406,0.9424354757190514,0.0030395116780703086,2.9637134621490007
482,-0.09333490665529501,3.7126996384191586,-3.8060345450744535,1.0161214702649382,0.003407080078179598,2.928403105259817
483,-0.3984120768312863,3.4455071337885337,-3.8439192106199016,0.8994222336514324,0.0028058416445913862,2.9882454005475525
484,-0.3432807350438992,3.5044440088725666,-3.847724743916501,0.7912715975712592,0.0023852824130710234,3.037526739354968
485,-0.3173270811204333,3.5317579241665906,-3.8490850052870655,0.9006937003040183,0.0027947290962873714,2.9894579531282037
486,-0.3374163214803133,3.515391865443324,-3.8528081869237667,0.8202176668868293,0.0024787942754175805,3.0259181091229026
487,-0.33832210354842973,3.5144410146345053,-3.8527631181829065,0.9328064130797671,0.002907586859819605,2.977342824249732
488,-0.5101357280266342,3.3103529325148533,-3.820488660541514,0.8819697800353823,0.0028105902701823404,2.987728588310468
489,-0.3099256659338693,3.5027127771013586,-3.812638443035212,0.9017890008238854,0.0029143362258296744,2.976631970476466
490,-0.29191067483635325,3.5246324487383647,-3.8165431235747747,1.0293833517274205,0.0034234099174011096,2.9269163068129576
491,-0.2973192664635548,3.5491110811663105,-3.8464303476298483,0.8856785789236037,0.0027450338109727052,2.994934944844677
492,-0.2735006557662786,3.5318731969233164,-3.805373852689627,0.8408791495985506,0.0026948548998225086,3.000557927483566
493,-0.2736422750730384,3.6046382102265935,-3.8782804852996833,0.9561893659765515,0.002915878105037709,2.976469788202585
494,-0.40109203222062606,3.4526542786788093,-3.853746310899396,0.8347470041952159,0.0025303729031931903,3.019685496115478
495,-0.23394440229538707,3.6277897730887703,-3.8617341753841856,0.8303969635701796,0.0024918127620887874,3.0243338778973357
496,-0.24865935877790837,3.6268590580524918,-3.875518416830346,0.8519695447720954,0.0025328770651702934,3.019385867629302
497,-0.3120647755482736,3.546464782417065,-3.858529557965312,0.8915578961067543,0.002730786765315466,2.9965218395638042
498,-0.30505750719692915,3.579112309652276,-3.884169816849294,0.8091593856213515,0.002353763053991135,3.0415335849483816
499,-0.20998972100699978,3.641999444707466,-3.8519891657143717,0.9043717754474714,0.0027999113506923185,2.988891941368838
500,-0.5883137796390742,3.287027737515207,-3.8753415171541974,0.7775326484716998,0.00226345407283477,3.053292220946833
501,-0.4971177300340145,3.3940076033887423,-3.8911253334226785,0.7769291943323529,0.0022216391059696025,3.058882981083412
502,-0.4262635064980117,3.4183390495304775,-3.8446025560284625,0.9508566965489584,0.003005004445234246,2.967225532429672
503,-0.38395345733875674,3.4438680630328737,-3.8278215203715718,0.8766684287462763,0.002767056951142474,2.992496659706188
504,-0.16516135364748555,3.686821076192212,-3.8519824298397225,0.7319652457834036,0.0021585159197598405,3.067508125801382
505,-0.2133268639020202,3.6245350464308648,-3.83786191033289,0.9415592684576564,0.002990492163010507,2.9687135612571263
506,-0.37336894155158407,3.4697409126853143,-3.8431098542369,0.8819672842615023,0.002740854049562972,2.995399722497446
507,-0.2664867143445321,3.596236059689947,-3.8627227740344097,0.8349788906366822,0.0025060282827507182,3.022612603990763
508,-0.29217017467636597,3.5787544874323642,-3.8709246621086777,0.7930615531501792,0.002330557500600016,3.0445150749345347
509,-0.2913678789593718,3.5253644348448714,-3.816732313804323,0.9356420911119887,0.0030371249984980087,2.9639551994016604
510,-0.2248442978996167,3.606725705350589,-3.8315700032501354,0.8051663468519488,0.002481231417678392,3.0256209528718387
511,-0.33088294289633213,3.548329646010114,-3.879212588906398,0.8253405037547248,0.0024253412474785525,3.032503699167417
512,-0.30428531044254614,3.5592468640320756,-3.863532174474585,0.8870691967489117,0.002698692004300244,3.0001245829271848
513,-0.3567011715079019,3.49006106448727,-3.8467622359951292,0.8327077785946879,0.0025424824113215814,3.0182390740796063
514,-0.3934377989473973,3.4189539013299695,-3.8123917002774306,0.9273120877811425,0.0030179532469649436,2.9659033403356534
515,-0.3165274259881784,3.5334782262573197,-3.8500056522454997,0.8877986418472834,0.0027422924267796714,2.9952397059894826
516,-0.03083450704094451,3.8035070549052565,-3.8343415619461894,0.9431368283233246,0.0030084154673152685,2.9668767321475795
517,-0.5483162898768882,3.291586362979633,-3.8399026528564946,0.8088932894408765,0.00247218093938647,3.0267258098908965
518,-0.3115908276668137,3.553798214966981,-3.865389042633751,0.895637939456972,0.002725535051529486,2.997108705605761
519,-0.5019191453286652,3.373513877710709,-3.8754330230393634,0.9196255449411761,0.0027857046774345845,2.990445902451374
520,-0.44216751272007004,3.377477504926626,-3.819645017646735,0.9794240346694894,0.0032052882202277077,2.9473320430884713
521,-0.3070222821068086,3.5451085979303874,-3.85213088003718,0.8652739542797545,0.002650011185668673,3.0056646071878825
522,-0.12018571899853617,3.709073672663147,-3.829259391661708,0.8587856881483376,0.0026931185546755602,3.000754207475729
523,-0.42214600099260624,3.399052635303937,-3.8211986362965717,0.9090734137712695,0.0029157889698153997,2.9764791617422643
524,-0.00700335803527144,3.803552104077539,-3.8105554621126885,0.9244409161330602,0.003012450013631316,2.9664646376722827
525,-0.34669473924282956,3.5259905940080114,-3.8726853332508426,0.8638327716577563,0.0025847945916694015,3.0132340802873383
526,-0.15196464753672392,3.6707510765193363,-3.8227157240561382,0.9340888551494366,0.0030108743213469276,2.96662552123973
527,-0.35787511758383916,3.4757519701908106,-3.833627087774744,0.8891841962312088,0.0027979944414310066,2.9891011968100494
528,-0.2359677282014531,3.572954367034406,-3.8089220952358573,0.9113387537197095,0.002964860828155435,2.9713578588648115
529,-0.16641264194198305,3.712601142524464,-3.8790137844664514,0.8576493795131634,0.002543907500133455,3.0180692687297843
530,-0.32340538128608787,3.5220866138453917,-3.8454919951315105,0.8635420262988256,0.0026630349320570295,3.0041734107274136
531,-0.3146540708197648,3.533080282749945,-3.847734353569763,0.9108171724341139,0.0028381114073471026,2.9847489602320434
532,-0.33235197407362593,3.519656946076339,-3.852008920149842,0.8545045676604737,0.0026096056022999713,3.0103339887176395
533,-0.09366904225329056,3.723245655485139,-3.8169146977384116,0.8681602827012633,0.002767237657705871,2.9924767262627414
534,-0.46723724997435456,3.3662479632654914,-3.8334852132398964,0.8013466507652796,0.0024615185941317813,3.028032197409496
535,-0.43728751199740545,3.4111546448434944,-3.8484421568408607,0.7403601517402914,0.0021974118102587254,3.062166507888918
536,-0.19328665406181647,3.5901537475532455,-3.7834404016151666,1.012481362904043,0.0034768830660928097,2.922092461792923
537,-0.3630486015553146,3.456001791941612,-3.819050393496923,0.9171803748831406,0.0029551551632024135,2.9723646065958818
538,-0.34291789549207297,3.499612305547457,-3.8425302010394944,0.9242193566460033,0.002906916860917391,2.977413471731448
539,-0.46067946758911094,3.394838216648408,-3.8555176842376113,0.8730021798116616,0.0026693069987279625,3.003457646401426
540,-0.2451643422833826,3.5666439759263224,-3.8118083182096143,0.9695567702617764,0.0031923689161646946,2.9485805912805434
541,-0.3039780986366708,3.502886479077946,-3.8068645777146912,0.9668634890731895,0.0031986657742608766,2.947971475836606
542,-0.45947823125607956,3.361663903819711,-3.8211421350758883,0.7970326567918158,0.0024793272640230278,3.025853099977147
543,-0.28418290075900077,3.6225324575007023,-3.906715358259703,0.7441135890975707,0.0020706909316627275,3.079901458580584
544,-0.19670969837012256,3.639188411249466,-3.835898109619734,0.8365248630519337,0.0025880328338281403,3.0128541304133662
545,-0.3057927337240557,3.58105085129097,-3.8868435850150718,0.8922417895698302,0.0026489345470313685,3.0057881800228317
546,-0.2155132911846153,3.6027659657528797,-3.818279256937444,0.9131697406256998,0.0029416152402953334,2.9737741258993555
547,-0.23592300579458372,3.5824145641060814,-3.818337569900791,0.7362158338636253,0.0022577721182814865,3.0540463280914234
548,-0.4277836719028386,3.4403799606835386,-3.868163632586402,0.8043993762727668,0.002378915893541534,3.038332149561165
549,-0.1979774183773856,3.6223819465264637,-3.8203593649037657,0.8578921355658711,0.0027164423298143493,2.9981272420812655
550,-0.28739999506854874,3.520156411951684,-3.807556407020229,0.9592917073500642,0.0031650135499871573,2.9512395410400076
551,-0.12554948387788448,3.753926898134915,-3.87947638201274,0.7959453096199307,0.0023186756189088127,3.04605221900847
552,-0.298330026844846,3.5318008852243215,-3.830130912069194,0.8536029042161939,0.002670469254817669,3.003325179295516
553,-0.12609586659085328,3.7408997871665552,-3.8669956537573853,0.8439182610553706,0.002527156144120412,3.0200707866367242
554,-0.19023229268942435,3.640379329224864,-3.8306116219142723,0.9149577928984258,0.0029087898817685308,2.9772160098760114
555,-0.08871729703765543,3.674529534224915,-3.7632468312625633,0.9559960889995573,0.0033093496122794264,2.9374392889410066
556,-0.35679056373340645,3.489926221509205,-3.84671678524262,0.8026121687281478,0.0024300321308415775,3.0319204775622124
557,-0.33149617767004147,3.537852093767514,-3.869348271437616,0.794135126371839,0.0023385567910561783,3.0434842539768536
558,-0.1938489133333491,3.6075847810004036,-3.8014336943336957,0.9098825580607182,0.002983635980128484,2.9694188583521606
559,-0.4215017000307256,3.424487351305054,-3.8459890513357777,0.8901790515283596,0.0027637133220121146,2.992865704644123
560,-0.15525366617783623,3.661244535934728,-3.8164982021124843,0.910187888656286,0.0029354739071765687,2.9744153973727676
561,-0.2141914937877886,3.616657699996247,-3.830849193784161,0.8529015836685003,0.002665627566395153,3.0038773543055677
562,-0.2751740328509499,3.589890928028781,-3.8650649608796357,0.8043754399873682,0.00238708705894088,3.0372987967476113
563,-0.42807837567273455,3.460062934914838,-3.888141310587571,0.7565664259569975,0.00215771861112025,3.067618541279851
564,-0.42741056603268535,3.404949816538846,-3.832360382571551,0.9043995590598328,0.0028615713639127847,2.9822297803937534
565,-0.3375430311250597,3.503434567462947,-3.840977598588097,0.8906913399634155,0.002781106282643424,2.990950437002707
566,-0.2795100887140137,3.557100597365443,-3.836610686079439,0.9401930909148231,0.0029892024317655966,2.9688461234721437
567,-0.4948213891337986,3.3457887134111197,-3.840610102544929,0.8191995246781452,0.0025089663188531657,3.022257968595637
568,-0.2805651387493612,3.56994884953809,-3.850513988287503,0.8745512061586815,0.002690093316560764,3.0010964629816277
569,-0.2653082042646787,3.6103917379484236,-3.8756999422131457,0.7978505235074231,0.0023353494039803652,3.0438971824950958
570,-0.2897174985814758,3.547842091503671,-3.8375595900852204,0.8706412410636446,0.0027139928832238254,2.9984021535308116
571,-0.4817384533515764,3.375938858384384,-3.8576773117359835,0.855742796233494,0.0025978433250852294,3.0117056920079954
572,-0.2236892156805738,3.5565646409162563,-3.7802538565968007,0.9487908553886397,0.003217393141970113,2.9461663530931665
573,0.02422325719964244,3.8528409457633317,-3.828617688563668,0.9338119746873508,0.002990199134540677,2.9687436749700935
574,-0.3403563580228678,3.4842908513321267,-3.824647209355021,0.9444878060436679,0.00304621493562602,2.9630354407266073
575,-0.22434333017816646,3.576494682980402,-3.800838013158568,0.957105497992933,0.0031794868458508508,2.9498301346194706
576,-0.33282582607660915,3.520174380515932,-3.853000206592469,0.7255048332012413,0.002132938465093229,3.0710690106564114
577,-0.23742951530210524,3.6269219655222895,-3.864351480824439,0.8606173778713844,0.002596825577462429,3.011824647337363
578,-0.3057806301643581,3.5444086356104116,-3.8501892657749295,0.8795964488097097,0.0027103299368195746,2.9988136843343507
579,-0.27993519719564974,3.545029742960223,-3.824964940155837,0.997251503822989,0.003259462137036861,2.942146000069218
580,-0.24486576906907379,3.59896403510044,-3.843829804169559,0.8433426348891797,0.002591053508538049,3.0125000998555915
581,-0.32273528192139056,3.432586794233013,-3.755322076154471,1.0209748126177565,0.003623471059794514,2.9092067842091884
582,-0.3095435875867537,3.4971057999277204,-3.806649387514426,0.8842376065325164,0.002863215251898945,2.982053963939955
583,-0.5841481936756822,3.2547408410703373,-3.838889034745989,0.9200736635814399,0.0029023425406297814,2.9778962046613944
584,-0.2738602118306602,3.5336858940499476,-3.807546105880533,0.8947389950170517,0.002902473138983277,2.9778824128498362
585,-0.2510349752871065,3.578747208167408,-3.8297821834545402,0.9334109319199615,0.002984755844962044,2.9693035566335984
586,-0.3427952910715334,3.472456275768972,-3.815251566840516,0.9714154489246507,0.0031879103591437087,2.9490125444022817
587,-0.3975671024634352,3.4931791454546954,-3.8907462479180595,0.6755307572816949,0.001874593575621529,3.1094131969881915
588,-0.3024035310508083,3.5607073831741247,-3.8631109142249898,0.7691099664046499,0.00226431842477175,3.053177656458091
589,-0.2142427754423665,3.56962231013824,-3.783865085580487,0.8981780976666625,0.002993941247101438,2.9683593107491055
590,-0.5091672215127204,3.3315424965088263,-3.8407097180214578,0.881918951202834,0.0027479810681623456,2.9946076066778806
591,-0.20976805278486102,3.593549046165634,-3.803317098950629,0.9999216569842848,0.0033490782731977254,2.933737028707977
592,-0.2099254574233186,3.6190860316112787,-3.829011489034656,0.9072347062427042,0.0028834004031213297,2.979902609594335
593,-0.4061010216642075,3.4671932818488007,-3.8732943035130347,0.7899084182701257,0.002313037321588682,3.04678416387539
594,-0.16801571765336978,3.639621829099941,-3.8076375467534262,0.9698969916153701,0.0032084722052604887,2.9470250406874245
595,-0.11486199560420976,3.759452488464986,-3.8743144840691457,0.7795960073323962,0.0022734371774726357,3.0519714571946728
596,-0.4071392202298597,3.469351652077418,-3.876490872307272,0.831559090567644,0.002455371408791732,3.0287877269764985
597,-0.20619526853864448,3.657865432574462,-3.8640607011130896,0.8584769653510231,0.0025896650403124015,3.0126627848791805
598,-0.15164588567621143,3.6627075536315084,-3.814353439307638,0.9821002287125102,0.0032350291372401246,2.9444751598555063
599,-0.23715824159126844,3.592498075064118,-3.8296563166553597,0.9581652032382841,0.003084312066075222,2.9592076389833673
600,-0.3826364182060701,3.487500107552379,-3.8701365257584257,0.8169521417179251,0.002419362134744101,3.0332485859192784
601,-0.0666378737389636,3.7024899261451876,-3.7691277998841315,1.0794978892033944,0.003827645314985661,2.892027426522839
602,-0.48063056639501556,3.381940356272653,-3.862570922667601,0.9274605417183182,0.0028556845495410987,2.9828601418797747
603,-0.379015090688435,3.440615081378573,-3.8196301720669226,0.9197755070226856,0.002963652061534558,2.971483077546854
604,-0.26597425129376406,3.568596891690009,-3.8345711429838047,0.9266007736494077,0.002942028482748992,2.9737310194453683
605,-0.3410789944770244,3.5291903011320778,-3.8702692956090914,0.7451261835256102,0.00216091170556687,3.0671765696657904
606,-0.36523859288866733,3.472934516822557,-3.838173109711306,0.9196518128281546,0.0029029834182172096,2.9778285303486993
607,-0.26387132396451707,3.580504522335135,-3.844375846299613,0.9701182500079613,0.003082169451019174,2.959421770452991
608,-0.21858511634025893,3.600261293481758,-3.8188464098219583,0.945273867255013,0.0030689646509218997,2.960744453029473
609,-0.3668881792369888,3.479271573876914,-3.846159753113966,0.8587883951111537,0.0026429454248197036,3.006476429765674
610,-0.3141485161693339,3.538975858925314,-3.8531243750945805,0.9188970550180429,0.002852450513072701,2.9832069483550967
611,-0.19052439083930897,3.624485170410154,-3.8150095612495534,0.9603579408729837,0.0031434720698988883,2.9533481627604745
612,-0.40786278461349357,3.4462095370411387,-3.854072321654712,0.8722780804890755,0.0026708476887360466,3.003282058996681
613,-0.15284005197111986,3.629543378490508,-3.7823834304617776,1.0720114647710184,0.003739809071737287,2.899313373938425
614,-0.3703394755349422,3.506415848482439,-3.876755324017495,0.7551458862943581,0.002180480977213622,3.064480899057535
615,-0.2658612642635575,3.558706881832857,-3.8245681460964533,0.9200744550379807,0.0029486943908631972,2.973036442605569
616,-0.4436658528312677,3.4241800634179183,-3.8678459162491663,0.7709829553823715,0.0022590318167220918,3.0538789914390025
617,-0.30335573685227646,3.558675973567857,-3.862031710420183,0.8367402261258943,0.0025144937908942685,3.0215918039956873
618,-0.1453565312780342,3.672431768566257,-3.8177882998443238,1.0497273781933032,0.0035040534652100593,2.9196672184642756
619,-0.27077137081040237,3.5498101250579555,-3.820581495868396,0.9602181338631173,0.0031236584144566024,2.955299315985282
620,-0.16183580887537521,3.660171700298678,-3.822007509174,0.9385103390390417,0.003031014840810997,2.9645748634025737
621,-0.309255729921469,3.547107742274442,-3.8563634721958806,0.8280927881284881,0.002498213846394375,3.0235576993246123
622,-0.374777380944019,3.448854416964519,-3.823631797908547,0.9243727762546561,0.0029689185439123844,2.970937851906633
623,-0.3395368233059429,3.4935948419046814,-3.833131665210658,0.9245205715445106,0.0029384757189948193,2.974101798570213
624,-0.19537174107825597,3.648968617762614,-3.844340358840782,0.9028296111758585,0.002817747322670692,2.9869511617759836
625,-0.45080886661208697,3.4153044118917166,-3.866113278503917,0.8166217172347343,0.0024290477836717327,3.0320427768246723
626,-0.4490408090690693,3.4078286468979067,-3.8568694559670575,0.6675297205295867,0.0019201800343407007,3.1023080903515043
627,-0.11410961073000583,3.699569496939913,-3.8136791076698273,0.968843656929494,0.003182870521195702,2.9495014765199854
628,-0.29531112563928164,3.5476368268948772,-3.842947952534246,0.8683791205895748,0.002689108649552583,3.001207937592012
629,-0.4078775891620211,3.467148834367508,-3.8750264235295617,0.829682340768942,0.002452531019243701,3.0291374143881513
630,-0.41369152747507487,3.4484290158976667,-3.8621205433727255,0.8065509527606372,0.002402928608644798,3.03530461273723
631,-0.41769975878617915,3.452058795361085,-3.869758554147211,0.833280086721039,0.0024801992789469014,3.025746767025253
632,-0.2694072431970739,3.5338196412744254,-3.803226884471542,0.9663628765301469,0.0032094351481190184,2.9469322476407798
633,-0.2800376711590019,3.5637898624915336,-3.8438275336505967,0.8924143246576426,0.0027789885726624422,2.9911830478259853
634,-0.13008397976774125,3.697668962176414,-3.8277529419442544,0.996681918785207,0.003247170724071822,2.9433157254312126
635,-0.2129908784231788,3.59741396088141,-3.810404839304624,0.8681061403314301,0.0027871363918175974,2.990288970443227
636,-0.49406321707170664,3.371225357174325,-3.865288574246051,0.8197925222579223,0.0024429229143065143,3.030323045520937
637,-0.3374497781899294,3.513786758966282,-3.8512365371561827,0.8170017023021563,0.0024711712920220314,3.026849294177723
638,-0.2386524571419472,3.587261847174496,-3.8259143043163704,0.8285486100998019,0.002586342190230119,3.013052442974374
639,-0.3028281450072058,3.547180338004147,-3.850008483011379,0.773189454889001,0.0023127813860432753,3.0468174273273108
640,-0.1977685913929094,3.6316984820140834,-3.829467073407045,0.993313560331617,0.0032273252049673036,2.9452128878786907
641,-0.30958190942829733,3.518749497723871,-3.8283314071520635,0.9529624669376497,0.003067877681302505,2.9608535623575563
642,-0.21342785502225473,3.615522062370115,-3.8289499173923787,0.8536182117934548,0.002674043311583909,3.002918159233268
643,-0.26958322501480725,3.5128553661904793,-3.7824385912052776,0.9876135175179073,0.0033741353147047713,2.9314225110361565
644,-0.22783481791703655,3.6385560768872254,-3.8663908948042263,0.8150642469684004,0.0024225911859881567,3.032846096927625
645,-0.19891223101593317,3.645886960499561,-3.8447991915155626,0.9574262310800177,0.003030342350118459,2.9646431338920323
646,-0.35264907339991114,3.4919194244478278,-3.844568497847831,0.8306254166191396,0.0025408605356488164,3.018432433357772
647,-0.1517936572719322,3.672367404012976,-3.8241610612850536,0.9840295886084953,0.003208202015266649,2.9470510818414333
648,-0.1566940475152109,3.6596197649987734,-3.816313812513954,0.920987726034475,0.0029794232822368525,2.9698529532937714
649,-0.4034530877363608,3.436843372016219,-3.840296459752608,0.8841616076440828,0.0027579145639973377,2.993506696525519
650,-0.3305217796902383,3.524762517299689,-3.855284296990021,0.8535260743930859,0.0025964263227350346,3.011871324258358
651,-0.46983428168074115,3.3911593119816996,-3.8609935936624424,0.7942199899267002,0.002360843404427893,3.0406292475085954
652,-0.19232959498186522,3.6173738698325573,-3.809703464814447,0.981508181995935,0.0032491649563230456,2.9431256683382703
653,-0.3539937243350636,3.4620126518566203,-3.816006376191808,0.9311548399558238,0.0030214228626802937,2.965549939682996
654,-0.3196985722288531,3.48410822941713,-3.8038068016459192,0.9690333625894731,0.00321845516149046,2.9460642726285537
655,-0.24502287725182162,3.579608921594151,-3.8246317988458713,0.9070739732372521,0.0028967868975672694,2.9784834324008456
656,-0.3540005025322529,3.4924395815345597,-3.846440084066785,0.9275538616914738,0.0029074072558640564,2.9773617609829173
657,-0.16279516576833833,3.6705285867299415,-3.833323752498245,0.966854238966377,0.0031067576259649968,2.956972561717706
658,-0.38049581230348795,3.4262809297269805,-3.806776742030479,1.0322305155346947,0.0034722437935842273,2.9225082885011107
659,-0.37241560645282734,3.4983781753826784,-3.870793781835573,0.8087433255342735,0.002387701612817938,3.037221209208498
660,-0.2594908478009842,3.5890499765669417,-3.8485408243678876,0.8500097197708221,0.0026026769313464535,3.011141316494769
661,-0.2963557555416486,3.54302719960408,-3.839382955145652,0.7894841630690905,0.0024010199929630047,3.0355442365524894
662,-0.3192592747881321,3.51283849790017,-3.8320977726882575,0.9066224153352502,0.002871149219482252,2.9812067069322805
663,-0.2847627309765898,3.5373512860613006,-3.8221140170378476,0.9368006616073599,0.0030237791297703133,2.96531015109872
664,-0.3548037235256146,3.477262488163387,-3.832066211689039,0.9630697974521225,0.003095834564980922,2.958058409293099
665,-0.24357435773596028,3.554083394097361,-3.797657751833299,0.8652862606356462,0.0028156283885526416,2.9871811404581763
666,-0.3176463793983061,3.5202407875969244,-3.8378871669953014,0.9236021558098222,0.0029194473212379992,2.976094660965729
667,-0.2727543721760043,3.557961509738439,-3.8307158819144433,1.0430915278749993,0.003427387380052895,2.9265551448865668
668,-0.39223276421001574,3.456480006661631,-3.848712770871657,0.8231105170316884,0.0025009765807178616,3.0232232594232604
669,-0.36991271411455673,3.496131589881547,-3.866044303996091,0.7774362733673414,0.00228682708757242,3.050208291024802
670,-0.2175667528889648,3.615220495584212,-3.8327872484732097,0.8956700195824645,0.002825971987752016,2.9860599906717393
671,-0.34931409380227196,3.487321355369764,-3.8366354491721495,0.9466393789998322,0.003014732161371479,2.9662317586404083
672,-0.3179146939891183,3.525276537081893,-3.843191231070932,0.8625610593165605,0.002666106671566941,3.00382267344969
673,-0.17463329529938112,3.684823785516968,-3.8594570808163553,0.8554466633168407,0.002591592747037787,3.012436939468258
674,-0.29453311296539086,3.4906579683450425,-3.7851910813104723,1.0171009666522939,0.0034900562442266893,2.9209144716779085
675,-0.2520766513496341,3.580744873483973,-3.832821524833662,0.9050392112783197,0.0028626234618066657,2.9821172462196612
676,-0.3250020149854521,3.528061733762375,-3.853063748747786,0.8631675520958231,0.0026392852986635053,3.006897741290518
677,-0.20630810619241804,3.61627948178629,-3.8225875879787736,1.0108290440946197,0.003323934069711464,2.936075503988072
678,-0.25369289586320465,3.5692261466871185,-3.822919042550211,0.945196900557042,0.0030548897094934985,2.9621600213836197
679,-0.1422174863029199,3.6471049430974936,-3.7893224294003858,0.9609380750321379,0.003236201162223841,2.944363067143495
680,-0.1714485194932053,3.6402694351982308,-3.811717954691403,0.9388240370317447,0.003066937141274482,2.9609480016291583
681,-0.22982874014167867,3.586953805753319,-3.8167825458949665,0.9400175494814413,0.003054659148619836,2.962183259210232
682,-0.305357596744679,3.578838227375982,-3.8841958241206385,0.8638795050337049,0.0025521073433029035,3.017093909948697
683,-0.4186937325033654,3.4376583043260216,-3.856352036829435,0.809737081728573,0.0024302325472390727,3.0318955825762917
684,-0.5077967522410148,3.3394713592816534,-3.847268111522567,0.9196482762250486,0.002873911762406356,2.9809122005535515
685,0.03208526026684519,3.8630664084284096,-3.8309811481616407,0.9228447321355375,0.002938825031249443,2.9740653249661
686,-0.26852548804129983,3.5573046175753844,-3.82583010561666,0.96645593677342,0.0031308869512727327,2.9545861806947284
687,-0.20142527500196086,3.648872124833195,-3.850297399835199,0.946337707452968,0.0029684546012090115,2.9709858472642185
688,-0.44023113332128505,3.401326484286877,-3.8415576176082595,0.8374101422155169,0.002575102394973944,3.014373893007608
689,-0.3068736866005196,3.577692243559414,-3.8845659301599653,0.802522962604761,0.0023289764194134427,3.044719202885506
690,-0.2112732740204223,3.587572652371519,-3.7988459263918912,0.9652988925706993,0.0032205352031613056,2.9458644295909493
691,-0.016177566927703474,3.826201736933163,-3.8423793038608665,0.8605177118887632,0.0026606985559942333,3.004440430417975
692,-0.2721542455418643,3.5954843334004623,-3.8676385789423193,0.8308689281994823,0.0024771911579324697,3.0261137200575283
693,-0.02772822702787328,3.7927461722540117,-3.8204743992818067,0.9446112496966887,0.0030607769118086484,2.9615672017690136
694,-0.1023224084473299,3.6923533794289125,-3.7946757878761446,0.9696517354311172,0.0032535806673944638,2.94270521402608
695,-0.4874601454288353,3.3544629930632657,-3.8419231384920067,0.863848822054123,0.002674802611979693,3.002831752763955
696,-0.2405569085204974,3.6389595097212832,-3.8795164182416784,0.7696031538175223,0.0022247571308886636,3.0584627810153386
697,-0.2826132461369838,3.552030218842868,-3.8346434649798766,0.7928952170408303,0.002426587314403161,3.0323486739551626
698,-0.2817803577862691,3.590174642274896,-3.8719550000612344,0.7400913661269954,0.0021390600706110573,3.0702132130424045
699,-0.2865498943422239,3.5894908520606337,-3.8760407464028503,0.7846512676571171,0.002287106555559788,3.050171591890607
700,-0.4549888480337444,3.4249909478617764,-3.879979795895565,0.8010221726422402,0.002335564644374749,3.043869455557411
701,-0.37418588453773227,3.4286103134335595,-3.802796197971361,0.9265200996456846,0.003046915724263213,2.962964635911313
702,-0.3465128061190029,3.5189545337507693,-3.865467339869724,0.7649196811707433,0.002243295821514209,3.0559755046090844
703,-0.43771226768934357,3.3760918984879322,-3.813804166177192,0.8943146383617901,0.0028806947725648602,2.980190179095614
704,-0.08778238712728528,3.702731892375288,-3.790514279502645,1.0688152861991282,0.0036928723646594145,2.903270741598739
705,-0.1767327735768817,3.6504075167180754,-3.827140290294892,0.8616254426051437,0.002710509989625616,2.998793443589271
706,-0.3001221588075481,3.5682842560866974,-3.8684064148942525,0.8538498325319717,0.002559982813899027,3.0161598292510625
707,-0.20419119321366855,3.6158113956433504,-3.820002588857051,0.9898419649669687,0.0032467718261620596,2.9433537545172075
708,-0.14455218168542108,3.665644645807007,-3.8101968274925184,0.9442093579218187,0.003094060860182223,2.958235060615722
709,-0.33629256128132,3.5480930558415005,-3.884385617122689,0.8358810650076012,0.0024495021910841586,3.0295107094807987
710,-0.28308817963000765,3.5710363743987252,-3.854124554028772,0.816190138156418,0.0024601989710913985,3.0281942421219425
711,-0.238009504688543,3.621667521668591,-3.859677026357076,0.8985837962070944,0.0027540731952637163,2.9939319978011243
712,-0.23261432973777976,3.588749753131976,-3.8213640828697635,0.9484526930897075,0.0030732926310738087,2.9603103623231353
713,-0.25702019170661006,3.567217964557687,-3.8242381562641867,0.9522231627632927,0.0030787725520613173,2.9597615325409374
714,-0.3342001796688777,3.5234285756426424,-3.8576287553115662,0.8588485558121919,0.0026096593566990885,3.010327732927062
715,-0.4485987168956257,3.3750898343645983,-3.823688551260261,0.9241353069503617,0.0029677830559864584,2.9710553314443415
716,-0.17881595408642573,3.6572551969184555,-3.8360711510048304,0.8333009402382832,0.002575251882478898,3.0143562833526922
717,-0.2385660714003365,3.6327363840610905,-3.871302455461432,0.8759965332548183,0.002634087876186803,3.0074969272267693
718,-0.13732696240311673,3.694295038176431,-3.831622000579614,0.8522828991765774,0.0026609493053510445,3.004411762518265
719,-0.4391326149245828,3.392228220110017,-3.8313608350347295,0.881666341990468,0.0027756720106626893,2.9915476669684353
720,-0.3066394137318952,3.5508622044665636,-3.857501618198512,0.7966289856864792,0.002378919882635527,3.0383316442947486
721,-0.20611024181847318,3.605526853897405,-3.8116370957159234,0.8931597479264748,0.0028830108232625203,2.979944001129667
722,-0.12041826719906515,3.7103130951620886,-3.830731362361007,0.8172673087597921,0.002529465711083886,3.01979411057514
723,-0.3140303132586354,3.5360252673122,-3.850055580570938,0.9277850179343821,0.0028967141392038085,2.978491129728236
724,-0.23922638891804984,3.574752271173859,-3.813978660091948,0.9332848051119642,0.0030368272020662246,2.9639853741715805
725,-0.27386093516396104,3.5675736622294143,-3.841434597393345,0.8404566157782316,0.0025870156699481592,3.0129734295766313
726,-0.35311002646950274,3.512681111857415,-3.8657911383269266,0.7573833475364435,0.002215506303288795,3.059711046432906
727,-0.31321034902203737,3.5581688047908497,-3.871379153812768,0.9091599814746743,0.002758533514386435,2.9934382193919524
728,-0.34947588291096,3.5440468416106996,-3.893522724521631,0.7617365046591509,0.0021626724383459373,3.0669331141819978
729,-0.3574365048740532,3.5005634365042693,-3.857999941378239,0.8582222856520092,0.002606227274111649,3.010727385913738
730,-0.427402918447919,3.4362987960460036,-3.8637017144939136,0.7530980333017063,0.002205382543408536,3.061082587372132
731,-0.23406711180428777,3.6460913309031775,-3.8801584427075113,0.8464272815902301,0.0024995450993681007,3.023396503678619
732,-0.2112007638122663,3.5950471716340995,-3.806247935446322,0.9927555250312383,0.003308376516599309,2.937530477296033
733,-0.14036517481907543,3.6445181985393424,-3.7848833733584115,0.9587664822889743,0.0032429308771449047,2.943720150871129
734,-0.3131972900438399,3.555526496886007,-3.8687237869297633,0.907715412615469,0.002761172145417131,2.9931464536974395
735,-0.39717778742204646,3.44650621674328,-3.843684004165425,0.7870998892997814,0.002380637251986547,3.0381141909636207
736,-0.24219400522941617,3.6091047551659803,-3.8512987603952524,0.9129609575245663,0.0028352253204568605,2.985060186607991
737,-0.25300913908359635,3.569955629542625,-3.822964768626207,0.9688734197086273,0.003150610756216516,2.952647925871875
738,-0.3441139928583056,3.4901639759887577,-3.8342779688470046,0.9389199846228733,0.002991847631029994,2.968574298632782
739,-0.25493187131122286,3.576110007675736,-3.8310418789868663,0.8820780036350606,0.002778261801131593,2.991262914262664
740,-0.2032927340997134,3.642092847992054,-3.8453855820919216,0.9025442670698052,0.002813380033633973,2.9874253387232526
741,-0.31321357989987464,3.519980301074399,-3.8331938809742496,0.9002347880668959,0.002842583654340778,2.9842672577973244
742,-0.2642296548588178,3.5788531896350375,-3.8430828444938925,0.8245228511516127,0.0025220676344959144,3.0206811849748885
743,-0.23973127146474274,3.5793094351658152,-3.8190407066306307,0.9950399717439393,0.0032716138297322005,2.9409935151090143
744,-0.18384757158947598,3.6789924885364065,-3.8628400601259045,0.9188317387798737,0.0028217167955477463,2.9865207594340983
745,-0.2756732218759993,3.622549485650874,-3.8982227075269975,0.7615227568045864,0.002150553499068623,3.0686124855193597
746,-0.5700221365638157,3.3211256410446404,-3.8911477776084666,0.6681742047160175,0.0018491344911842887,3.1134506218271008
747,-0.1348246640251404,3.6486855953437476,-3.7835102593689953,0.9164722414058604,0.0030708273011017277,2.960557563285438
748,-0.1970963007082759,3.67409013678173,-3.871186437489996,0.7743630785863793,0.0022626704273601326,3.0533961229422872
749,-0.20881005959496127,3.6255596450593015,-3.83436970465425,0.8661270140211741,0.0027061726442517576,2.999281370906346
750,-0.32303484085049095,3.5177334196339456,-3.840768260484424,0.897209364624151,0.002807053375159647,2.9881134471197144
751,-0.1569132635166938,3.663046196919772,-3.8199594604365075,0.975099156637103,0.0031864817631315286,2.949151065860344
752,-0.20014034997462607,3.622247284470632,-3.8223876344451355,0.8295506837193098,0.0026004106598512037,3.0114058086339752
753,-0.12374444463228831,3.6967272334418957,-3.8204716780742274,1.0093459296023073,0.003325517259949173,2.9359277887831867
754,-0.10761463209019842,3.7218872987385248,-3.8295019308286555,0.906471747405202,0.0028788230968396908,2.9803892555369966
755,-0.23393398105486943,3.6251844056772717,-3.8591183867321206,0.8469957583916199,0.0025609271614778395,3.016048000155002
756,-0.2418830441557788,3.643392325097715,-3.8852753692534634,0.7697182384335721,0.002210834108105875,3.060343308137521
757,-0.2602934504302624,3.593240207369725,-3.853533657800085,0.8983113236625901,0.002771840284058452,2.991969418517715
758,-0.2540469765504071,3.550814795639653,-3.8048617721900655,0.9828940374390296,0.0032722856146404663,2.940929915826403
759,-0.3642545120666313,3.502713798935663,-3.8669683110022106,0.8066939572430472,0.0023904594294553955,3.036873259290377
760,-0.2232077625489041,3.5858993080064914,-3.809107070555342,0.8974699009292015,0.0029084109738066032,2.9772559466055104
761,-0.15674523577650637,3.6568397662407564,-3.8135850020172484,0.962353535618071,0.003156583337472527,2.952063183062856
762,-0.27271368684376684,3.5765133836362115,-3.8492270704799694,0.9086366604705916,0.0028249829206386627,2.986167034163137
763,-0.3685546261256235,3.4706501186192953,-3.8392047447448476,0.8387187847947488,0.00258684425221521,3.0129935387132845
764,-0.21568213517230964,3.627356855747697,-3.8430389909200358,0.8729167287223856,0.0027062477275373517,2.999272918376887
765,-0.31147535073695,3.605019611054981,-3.916494961791841,0.7680421051743695,0.002129062014851869,3.071612101988085
766,-0.19988207596669275,3.6106731858094983,-3.810555261776244,0.9020507741819039,0.0029221269089170516,2.975813309313278
767,-0.2906232979913824,3.5193975989677004,-3.8100208969590312,1.007433207172432,0.0033558619641242352,2.933108866980371
768,-0.15121803700970707,3.6836685356769157,-3.8348865726867416,0.9378076256654091,0.0029854188631964064,2.9692353106182283
769,-0.3035476732742467,3.53868097897791,-3.8422286522521745,0.914498263517034,0.002869834441015511,2.981346962369776
770,-0.1872738796728385,3.648102648679877,-3.8353765283527537,0.9319595240468481,0.0029606142831115163,2.9717979732531137
771,-0.34743581846829275,3.473746987666733,-3.8211828061350843,0.9048957479829665,0.0028992097451623067,2.978227212750581
772,-0.3205915032232355,3.5492657929329448,-3.869857296156283,0.8552087963989283,0.002560891767898546,3.0160521907619953
773,-0.32255938027834363,3.5461588895509633,-3.8687182698292872,0.8796012925822616,0.0026551652156052642,3.0050736804765843
774,-0.24102398021592256,3.5978668745054923,-3.8388908547213987,0.8606971175627134,0.002671735135174524,3.0031809616388925
775,-0.17844220669747704,3.662540980689315,-3.8409831873868825,0.871647392914817,0.0027075534455372014,2.999125960930312
776,-0.241943560187346,3.627609167662601,-3.8695527278500776,0.7847764731666649,0.002304244473131516,3.0479288897961228
777,-0.09193841528884553,3.73884986041605,-3.83078827570489,0.8771688534096538,0.0027598996181134013,2.9932871311437914
778,-0.47370373900435825,3.3708236927035142,-3.8445274317078884,0.8765038831625453,0.0027155405645729004,2.9982284245443402
779,-0.3290799233648244,3.491903702082214,-3.82098362544707,0.9151843694081396,0.0029408629776509136,2.9738526106675724
780,-0.40195011513902446,3.4163302575417984,-3.8182803726808743,0.9648805291079605,0.0031505994241947167,2.9526490362883027
781,-0.14352850259002428,3.6759510370771546,-3.8194795396672134,0.9664949419926865,0.0031530216846377026,2.952411763523125
782,-0.2783624328808486,3.560533482457799,-3.8388959153386395,0.8721103279193256,0.0027156270482279333,2.9982187193251253
783,-0.2730165499061826,3.572031595046609,-3.8450481449527842,0.8890171504454636,0.002762116793678545,2.993042061458243
784,-0.16330587112202868,3.682800495207872,-3.8461063663298773,0.8833615464313365,0.002737109372532947,2.9958166702419065
785,-0.18523289087875985,3.637254528334157,-3.822487419212848,0.9673004803326144,0.0031458686090445422,2.953112923687328
786,-0.1980994812887588,3.622512602554933,-3.8206120838436846,1.0538092178144889,0.003510400976181229,2.919103103045189
787,-0.30342384457629523,3.5097344067840557,-3.813158251360278,1.0518934841724166,0.0035309838182759645,2.9172802294502365
788,-0.18544618339491029,3.6763042136268935,-3.8617503970217513,0.8597439580521704,0.00260107548812481,3.0113281959819815
789,-0.27780502795452267,3.5668637070358655,-3.844668734990478,0.8873750130675004,0.002756945292251488,2.9936139594223232
790,-0.34588477030343656,3.493390142690354,-3.839274912993801,0.8863082560060689,0.0027693608440924945,2.992242610080094
791,-0.2871610888062236,3.5453291951985526,-3.8324902840047343,0.8077996012861144,0.0024886283721760375,3.0247206883031295
792,-0.3295260042714375,3.466494105915347,-3.7960201101867597,0.8358695743844797,0.0027032069797755876,2.9996154032223417
793,-0.4178501668700477,3.4153166115143745,-3.8331667783843386,0.8823127269115818,0.0027726276777987565,2.9918827079916928
794,-0.18226022679972123,3.6555058347944205,-3.837766061594266,0.9753646195309646,0.003125722711392284,2.955095508283072
795,-0.4370037771955225,3.4240769008110825,-3.8610806780066014,0.833323484863179,0.0025044787358754284,3.02279979513844
796,-0.09089587035897187,3.744856308515145,-3.8357521788740314,0.9220786632603475,0.0029203367113096227,2.976001250564305
797,-0.5068998307390388,3.3220129431748764,-3.8289127739139985,0.8336900466941493,0.0025973990843282824,3.011757610057404
798,-0.3874545609084038,3.4102607024466427,-3.7977152633550304,0.8875859326722542,0.0029053191040901783,2.977582005881163
799,-0.3372785586135564,3.49671470094477,-3.833993259558383,0.9247361296142125,0.002936530124831762,2.9743050211262037
800,-0.2616184922145607,3.511237345050198,-3.7728558372647285,0.9684282872202403,0.0033275156472128416,2.9357414261810213
801,-0.30485906353102055,3.5069322087163024,-3.8117912722473193,0.8509992329574798,0.002715342983516974,2.998250598203658
802,-0.2870625254850069,3.5615554685981796,-3.848617994083156,0.8717799042017988,0.0026851822978672933,3.0016528129309674
803,-0.34497967591188117,3.463360824006972,-3.8083404999188133,0.9266481242520981,0.0030288068700388368,2.964799065894784
804,-0.26093383650175783,3.5707005906922142,-3.8316344271939897,0.9225138578944105,0.0029353914470867186,2.9744240160945323
805,-0.2667424223000211,3.524739538214661,-3.791481960514716,0.9615816985461589,0.0032311994791380514,2.944841687320214
806,-0.4794650712125389,3.3965782590883458,-3.876043330300945,0.7115814943948546,0.002029873623546386,3.085826304617924
807,-0.2662132598911825,3.5980759573677763,-3.8642892172589427,0.7924309155897271,0.002345644600618043,3.042573584594338
808,-0.34222861312844943,3.5022413592502972,-3.8444699723787608,0.8780037536922087,0.0027214757001160126,2.997563036446307
809,-0.3688508159706402,3.5074286776603523,-3.876279493630932,0.7531285566670873,0.0021745281291873624,3.0652985498941248
810,-0.3298604629562846,3.4942126924982397,-3.824073155454471,0.9231340974328335,0.0029625216870562765,2.971600217594139
811,-0.35151211014966466,3.4996489879405828,-3.851161098090188,0.8797623934073555,0.0027080405320863356,2.9990711563385832
812,-0.17670136639322612,3.679430982436171,-3.8561323488294192,0.9281449180281189,0.002878721875409995,2.980400025086591
813,-0.35031405064138144,3.475815426408538,-3.8261294770499035,0.9089439380445414,0.0028993935196565844,2.978207786306358
814,-0.21518434591599492,3.6034323388818046,-3.818616684797803,0.9347754651392863,0.003027311959015537,2.9649509472922437
815,-0.25048162560950404,3.607017271089233,-3.8574988966987576,0.8241177096200194,0.0024802949616616566,3.025735101617764
816,-0.1871985619885749,3.659224678533078,-3.8464232405216308,0.8257900060685301,0.002517433993529143,3.0212379997374894
817,-0.3100077551644148,3.5050015694252576,-3.8150093245898233,0.9317388350151905,0.0030271162183482065,2.964970839404425
818,-0.09729356933872571,3.7284510643354216,-3.8257446336741623,0.9153278469382986,0.0029259740684863355,2.975409776249049
819,-0.33621921959412193,3.5074770754217846,-3.8436962950158886,0.8527020624580004,0.0026270019866760173,3.0083155689569816
820,-0.2320339279760987,3.6157130781831026,-3.847747006159125,0.8609362361818405,0.0026464474763445967,3.0060738129428684
821,-0.2549205132201081,3.5651113165708312,-3.8200318297909917,0.9041440632259894,0.002899917182549142,2.978152437084306
822,-0.14139893425295616,3.681689211270482,-3.8230881455234567,0.9888747373446605,0.0032318190866118396,2.9447823593320965
823,-0.18062155583107545,3.660741414047832,-3.8413629698787872,0.8715065352772977,0.002705869166717377,2.999315537188898
824,-0.27271494048717104,3.5976543847002955,-3.8703693251874256,0.8750222093318385,0.0026331767688065493,3.007602075747405
825,-0.32107255990650574,3.473907221145945,-3.7949797810524615,0.9722840037575811,0.0032635142958749833,2.9417612528054295
826,-0.40584733245294446,3.4507846220065947,-3.8566319544595444,0.8863777997783546,0.002716795904311568,2.998087577671799
827,-0.2605308585126608,3.4971444284552953,-3.7576752869678103,1.0987247483106302,0.003962797452903667,2.88110806592261
828,-0.18839256700028675,3.6368352054232784,-3.825227772423659,0.992033864523941,0.003237149655682294,2.94427238010946
829,-0.09958137489378208,3.718607633827706,-3.8181890087215606,0.9513616688415527,0.003095884441052992,2.9580534432425045
830,-0.50014640194116,3.361382296930348,-3.861528698871439,0.7305934468397202,0.002130553300257511,3.0714030654224036
831,-0.36539953953741533,3.487820313935089,-3.853219853472524,0.8564870408958689,0.0026135719303881336,3.0098727143025257
832,-0.20592592939056834,3.6207925789018156,-3.8267185082924016,0.9150605962708966,0.002921760308447543,2.9758517877641806
833,-0.3740987690409924,3.442679289077763,-3.816778058118757,0.9631346136395287,0.0031486852578619653,2.9528366562979205
834,-0.3413437380818408,3.5138185298510156,-3.8551622679329967,0.7011695948316854,0.0020415194627475103,3.084124786147737
835,-0.31912059591798825,3.5214766925321563,-3.8405972884501125,0.7993773558010795,0.002434638260861335,3.0313487951837876
836,-0.3034739867567936,3.5272430435892166,-3.8307170303460225,0.9018735662066653,0.0028568441244323207,2.9827358805556963
837,-0.35379729430929674,3.467189185470654,-3.82098647977989,0.9259831455563501,0.002984074290353058,2.969373725059233
838,-0.23136160128900377,3.607565248217956,-3.8389268495069473,0.8647531765503502,0.002687208443168291,3.001423166330386
839,-0.2449992324186582,3.61499482760528,-3.8599940600239506,0.8048789616618706,0.0024025120420211456,3.0353568971806713
840,-0.2796247963497166,3.5461535175329417,-3.8257783138826653,0.8474631242291157,0.002659655842058873,3.004559669251958
841,-0.518288555593935,3.3442113047111772,-3.8624998603050926,0.8333623502777807,0.0025006618218559175,3.023261345162367
842,-0.40336078614996895,3.429420551254236,-3.8327813374041853,0.8839324123202346,0.002780126861288707,2.9910579972495337
843,-0.1784195146224278,3.6586085133219144,-3.837028027944257,0.9456004962852371,0.003009296611252924,2.966786687803486
844,-0.2699893966623762,3.5899193524582196,-3.8599087491205637,0.8402162880808626,0.002533389270327709,3.0193246145359915
845,-0.23985066399598912,3.563708776278793,-3.803559440274853,0.9623080756137505,0.0031914673371153898,2.94866789353248
846,-0.2948077398114123,3.544273914171852,-3.839081653983385,0.9095512623082449,0.0028604750937941885,2.982347079496281
847,-0.14672273090924084,3.6955970311888184,-3.8423197620981,0.9584266163625728,0.003042606418915281,2.9634002658544527
848,-0.27218226373396137,3.6019037711877853,-3.8740860349217883,0.8796042140419145,0.0026394044722020523,3.0068840149975538
849,-0.24282158492258935,3.5768834664776095,-3.8197050514002058,0.9592300812011287,0.003122658872148179,2.9553980447623043
850,-0.31623588122932633,3.543151021302345,-3.85938690253181,0.8385440163176456,0.0025286337748077845,3.019893746281009
851,-0.4682209132217935,3.4005715385275903,-3.868792451749414,0.9205575550402938,0.002809781213714824,2.9878165848332117
852,-0.26216282587700734,3.6178922656473858,-3.880055091524355,0.8260013889544751,0.00242545829321061,3.0324891342158815
853,-0.5016247928014167,3.415459476210368,-3.9170842690117524,0.6547120348991675,0.001752011150915859,3.1293372197920464
854,-0.21091809307621082,3.60468444971023,-3.8156025427864506,0.9964657803150989,0.0032898919207008438,2.9392673164512337
855,-0.2928827196640299,3.5618322115827348,-3.85471493124669,0.8360976538030815,0.002532688413977431,3.0194084307199764
856,-0.4242854781816817,3.4178712346429294,-3.8421567128245897,0.8220543615057982,0.0025153776791107638,3.021485403052774
857,-0.33439388239663403,3.5522312824979045,-3.8866251648945536,0.6947448154391322,0.0019483498151402785,3.097994595812602
858,-0.18029803293348726,3.6206471635257533,-3.8009451964592245,0.9921771671622306,0.0033252852879497832,2.935949428286516
859,-0.24201473516030494,3.5782497815491356,-3.8202645167094715,0.928567946134494,0.0029968370753273156,2.968062171766375
860,-0.27536581517086633,3.5391867273796422,-3.814552542550473,0.9267766837138378,0.0030085876111661195,2.96685913882878
861,-0.3912805314381643,3.47140035420299,-3.8626808856412254,0.8188048654092728,0.0024464111851150937,3.029892103573157
862,-0.3435372307763004,3.5143185491605906,-3.8578557799368127,0.9477972638726113,0.002949493511417609,2.97295327174127
863,-0.3429599378247389,3.5123475159256983,-3.855307453750356,0.8270966048529669,0.0024974511937341393,3.023650081034277
864,-0.42360188852274805,3.4410007778532212,-3.864602666376072,0.7949226944735743,0.002353877836199227,3.0415189045448336
865,-0.1155080680599753,3.7354870673987155,-3.8509951354586747,0.8183952237181793,0.002477027616526362,3.0261336817409425
866,-0.2505246907406985,3.5210496634985096,-3.771574354239192,1.036622760092218,0.003627944054753492,2.90882109551397
867,-0.24680467855672253,3.6320730587095285,-3.8788777372662935,0.8606134073134921,0.0025552009444775436,3.0167266753031154
868,-0.30900043142094946,3.5426274125701984,-3.851627843991082,0.8169999142085427,0.002470084420766638,3.0269822748891424
869,-0.3469450762514811,3.503508152493277,-3.8504532287447546,0.9587274796135401,0.0030166477922731194,2.9660364044921876
870,-0.27234977135993577,3.560791406277468,-3.8331411776373443,0.902088741781899,0.0028500233816720825,2.983467461113171
871,-0.5293827095393994,3.3381909877471547,-3.867573697286616,0.8212390517419492,0.0024419982393834153,3.030437374539485
872,-0.2980122670941313,3.496759916917535,-3.794772184011663,0.8261981820663391,0.0026685772672919673,3.003540843834895
873,-0.19914699395645533,3.6298878121213636,-3.8290348060777433,0.907642575391256,0.002884936804757453,2.979739421894793
874,-0.28014734612623615,3.580641149094022,-3.8607884952202767,0.8532973066144987,0.002579711551815774,3.013831362932379
875,-0.37224460477433186,3.4421018258193077,-3.8143464305935595,0.8490387997152045,0.002699936510590348,2.9999841551448645
876,-0.13111482766692864,3.6843114889102035,-3.8154263165770317,0.8689568464150974,0.0027749655636128533,2.9916253843780405
877,-0.5299853626999124,3.341654417249338,-3.871639779949305,0.7984240936271672,0.0023480567008637853,3.042264243175345
878,-0.29346088278669813,3.5354224742589238,-3.8288833570456973,0.8458379922038324,0.0026442007836361063,3.0063320501553283
879,-0.2628270672196408,3.548060329601489,-3.8108873968211583,0.8536959237446098,0.0027286992567192316,2.996754989913845
880,-0.2779523223288237,3.576908770258012,-3.854861092586816,0.8043722092643235,0.0024144765118261978,3.0338584960150303
881,0.011844110611028164,3.84464495904288,-3.832800848431816,0.912598788797887,0.0028924462216733658,2.9789429547138933
882,-0.2402761435985298,3.563590206823202,-3.8038663504216856,0.9404025456327356,0.003100131156049782,2.95763087449248
883,-0.2700160824877088,3.54721659173438,-3.817232674222055,0.9759402847961609,0.003199507826654046,2.9478901042396854
884,-0.20494000543943405,3.630081832319821,-3.8350218377593137,0.9537285982008363,0.0030483881577322383,2.9628159156364187
885,-0.1441433780906977,3.6853276395210766,-3.8294710176118087,0.9245406148634503,0.002950474486298789,2.972851201952892
886,-0.21779192406939676,3.6493018607369003,-3.867093784806343,0.8826350322356058,0.0026713600735960895,3.0032236846805356
887,-0.20921504251703885,3.6148216596717844,-3.8240367021888915,0.9018752748788827,0.002878083075398848,2.9804679987927107
888,-0.17369539116328672,3.6464367686856405,-3.8201321598488676,0.9938888367091288,0.0032629549897013094,2.9418143323070907
889,-0.36403523391209947,3.4572965051659623,-3.8213317390781185,0.8506003603017516,0.0026850751806161005,3.0016649581809616
890,-0.31657527515063466,3.5233818144313074,-3.8399570895818442,0.8521475016723872,0.0026358440969200545,3.007294340155181
891,-0.3815134637776595,3.47788085564406,-3.8593943194217672,0.7717327121003663,0.002283273754097367,3.0506752656725347
892,-0.1786227426677073,3.6508752392740713,-3.8294979819416994,0.8829010199589744,0.002786246934368672,2.990386456324441
893,-0.244940402135066,3.655383421897342,-3.9003238240322844,0.8121695113168497,0.0023222797456618474,3.0455851969049057
894,-0.16295143480489008,3.679382901758441,-3.84233433656334,0.9169960955182623,0.002879261535653386,2.9803426114163463
895,-0.15470579097144257,3.6727309147307268,-3.827436705702098,0.894023657547927,0.0028363097984042684,2.984943206064218
896,-0.24702643216006384,3.520706549534926,-3.7677329816949623,0.8651201195928548,0.0029103440677533407,2.9770522490341165
897,-0.26537524305389015,3.5924744572916363,-3.8578497003455823,0.776460875819216,0.002304396732266701,3.0479090334238323
898,-0.32512722312697806,3.5197474775796853,-3.8448747007066686,0.9218071464313242,0.002889961822184374,2.979206247072579
899,-0.24487396560847122,3.594471307396207,-3.83934527300471,0.8006199620972878,0.0024427031169384004,3.0303502182046254
900,-0.22278631188192724,3.6093747105604224,-3.832161022442392,0.9974911130694375,0.003234787129134588,2.9444983101698585
901,-0.3395093765258338,3.49256790626781,-3.8320772827937617,0.9077522376881881,0.002875662273421354,2.9807257175822035
902,-0.313616225014934,3.5099697164585026,-3.823585941473425,0.8766673694339331,0.002780107510182275,2.9910601227405063
903,-0.2556502540031801,3.5781854490934273,-3.8338357030967245,0.9404185546777466,0.002999271533491991,2.9678125762501413
904,-0.4601207816712162,3.3567542699396786,-3.8168750516108503,0.8943237202602856,0.0028709324738592605,2.9812298244730258
905,-0.3625651779151525,3.4706990804801987,-3.8332642583953884,0.8391729808139448,0.002605777676104072,3.010779775534869
906,-0.4103679925181126,3.3932510878587157,-3.8036190803768477,0.9283230130824771,0.00305150786473071,2.962501032043736
907,-0.2361287293575828,3.5903612464497994,-3.8264899758073625,0.9280768216998103,0.002974321720061935,2.9703793910496112
908,-0.28942547624206727,3.590205948496831,-3.879631424738932,0.8330538078460021,0.002452223896429848,3.0291752472400924
909,-0.2759936204087211,3.5680019596013666,-3.8439955800100734,0.8548976559551531,0.0026344862104081485,3.0074509669603744
910,-0.2882172194494018,3.5507050168009173,-3.8389222362504825,0.9502985107644979,0.003021667545913612,2.965525031240276
911,-0.22765965768020072,3.6005209910193368,-3.828180648699572,0.8105982729815566,0.002511293568147096,3.021977327707122
912,-0.18067558146641152,3.636233204003234,-3.8169087854697636,0.9850304059290456,0.0032380055017320517,2.9441905720246186
913,-0.20592346242620754,3.6529108306167406,-3.8588342930429462,0.7658986996278085,0.0022636042402102595,3.053272314315977
914,-0.3827759198602593,3.45045843701292,-3.8332343568730494,0.8815842591314498,0.0027695832920220913,2.992218091030282
915,-0.32285797830219,3.520919181859766,-3.843777160161949,0.8819557638121296,0.0027387797694032215,2.9956306170407117
916,-0.3280709693849616,3.4992156096192546,-3.8272865790042943,0.8955283502115186,0.0028427064900964517,2.9842540370148307
917,-0.4194867988685559,3.421634966729363,-3.8411217655979044,0.8536971089967591,0.0026383429996477206,3.0070062943346105
918,-0.1799673354717101,3.6619879214853523,-3.841955256957135,0.8750061815163024,0.002717545977278889,2.9980034492036554
919,-0.21601765640333218,3.64217270227132,-3.8581903586746193,0.8602944702160817,0.0026134669453944563,3.0098849155565635
920,-0.47317849537717793,3.381693197495141,-3.8548716928723934,0.759936720792656,0.002252097184687517,3.0548012409657894
921,-0.14854024626198173,3.663423012248361,-3.811963258510332,0.990967545244172,0.0032802498559331493,2.9401768294549946
922,-0.36535391014286633,3.482502842497395,-3.8478567526402685,0.8523848648396828,0.002613658130723374,3.0098626965182356
923,-0.2620164338818626,3.62655270329734,-3.8885691371792745,0.8242239998873502,0.0023961456702291458,3.0361569925863274
924,-0.24666827181500542,3.5607288315905827,-3.8073971034056058,0.9865278793242536,0.0032782745317564443,2.9403634576032247
925,-0.37112427952696125,3.4447727481915753,-3.8158970277185063,0.8988037356008474,0.0028919085790632803,2.978999915639911
926,-0.4017202055373531,3.4850741792750193,-3.886794384812333,0.7452860856735342,0.0021216728442406776,3.072649842274254
927,-0.18830888425191863,3.632044334871614,-3.82035321912349,0.9520786523132183,0.0030914075329383298,2.9584994899937933
928,-0.33721759083210545,3.5217768690018993,-3.85899445983398,0.8073853359998582,0.002414411383067605,3.0338666341685787
929,-0.37624096606135427,3.508431441303587,-3.884672407364974,0.7551748432087146,0.0021612714847091753,3.0671268084359187
930,-0.27607240898340424,3.528554449822446,-3.8046268588058183,0.948217955064429,0.003129620729214626,2.9547109920190713
931,-0.21184339097113428,3.6109079660086256,-3.8227513569796656,0.9726613339131851,0.003166771252091593,2.9510680633691866
932,-0.44323848827276324,3.3983849415551552,-3.841623429827905,0.8760542104483151,0.0027225831982504397,2.997439021623714
933,-0.24293326910857052,3.591986274020116,-3.834919543128649,0.8363660146092169,0.002590253289574115,3.012593850740613
934,-0.44501416285812356,3.403254230703372,-3.8482683935615114,0.9081449404563124,0.002826078298173812,2.986048487079511
935,-0.3057248467640733,3.555140083185768,-3.860864929949912,0.8750213829244609,0.0026611140037278136,3.00439293407643
936,-0.2859941112926748,3.5190834972144382,-3.8050776085071902,0.9506501724267422,0.0031380660064964276,2.9538794111235553
937,-0.3179706158622452,3.504100693339478,-3.8220713092016467,0.9013191929954774,0.002882153229281479,2.9800351355676313
938,-0.3134308002225993,3.5178605017308526,-3.8312913019534562,0.8743059957551305,0.002747215855209707,2.994692564489838
939,-0.31224729897963643,3.518153400507592,-3.830400699487086,0.8781359475880435,0.002764858430909683,2.992739270136079
940,-0.06490304955333107,3.8042671191303463,-3.869170168683695,0.8093004960404766,0.0023940676222938893,3.0364185730769537
941,-0.23646176100727137,3.6531200917919313,-3.8895818527992105,0.8132672665518155,0.002354226902518063,3.0414742637225567
942,-0.1547654326250353,3.717174439546407,-3.8719398721713105,0.865852535534354,0.002594441774452048,3.012103435476598
943,-0.38062824294559905,3.4541880860244576,-3.834816328970078,0.907567134449832,0.002866224386210501,2.981732370807518
944,-0.2398034486597084,3.6253428367916105,-3.865146285451374,0.7492099422107863,0.002187939249052599,3.0634593543427124
945,-0.29689369001347077,3.5636341420932562,-3.8605278321067544,0.8669237459858263,0.0026315915337690506,3.007785102876814
946,-0.14767102758868025,3.6555742385871848,-3.80324526617585,0.9662083520167153,0.003208729558217798,2.947000238636705
947,-0.26402142656002925,3.530107643324158,-3.7941290698843204,0.9345881452635822,0.003109588043464561,2.956691761409385
948,-0.28724094997358807,3.5637175362061755,-3.8509584861798203,0.8919945906839755,0.002755486825344758,2.993775423246165
949,-0.29620194323002524,3.568422757916823,-3.8646247011469086,0.8910241152335541,0.0027103739253874705,2.9988087392194758
950,-0.2759488787799086,3.5395126252974056,-3.815461504077234,0.9479444009878701,0.00309130780265308,2.9585094331032344
951,-0.3114469415352318,3.5648702527498775,-3.876317194285093,0.8709571649764762,0.0026007587188262783,3.011365173653031
952,-0.2967888462308196,3.557129264991112,-3.853918111221901,0.8038461503666015,0.002415082859620192,3.0337827395656505
953,-0.37938212475160926,3.4567918708718257,-3.836173995623426,0.9226762285593595,0.002921330982893869,2.9758968554531773
954,-0.21359268772199305,3.5933199674495637,-3.8069126551715726,0.9838501274429126,0.0032688855532808387,2.941251929080042
955,-0.4536301889386408,3.401605404626331,-3.8552355935648848,0.7818023367453839,0.002330647424717697,3.0445034689531143
956,-0.4729258275062961,3.40340111894356,-3.876326946449808,0.7668784797963064,0.0022230584561799284,3.05869163563836
957,-0.1598587848302572,3.6873291368576004,-3.847187921687805,0.9144263958541643,0.0028538482433951556,2.983057016741511
958,-0.40689236565686715,3.449131442885998,-3.8560238085427727,0.8731049206257473,0.0026681958295581647,3.003584340219338
959,-0.21940179544947971,3.650507141435512,-3.86990893688494,0.8285540255294319,0.0024624307439415527,3.027920235323675
960,-0.2514391330941038,3.5525911736016114,-3.804030306695722,0.9434938161730395,0.0031122601828886386,2.9564268773367597
961,-0.5732963234277207,3.236719663162456,-3.8100159865900878,0.9400231676761832,0.003077596942136045,2.9598791981457504
962,-0.31963605313627286,3.5277072233760554,-3.8473432765123334,0.7804098204905352,0.002346238974405228,3.0424973316925112
963,-0.37494480387557305,3.455145684324194,-3.8300904881998576,0.8432475919130509,0.002630676868356461,3.0078907536328776
964,-0.18747292815420172,3.634211929174961,-3.8216848573292737,0.9158902436887613,0.002941398547904315,2.9737967318857748
965,-0.1855745853160983,3.61411025402029,-3.7996848393364644,0.9519746081457345,0.003162277236004294,2.951506662824504
966,-0.29245103473352574,3.528251086342387,-3.820702121075783,0.823634608196369,0.0025824870907013406,3.0135050899736626
967,-0.4010169675818901,3.4876040204233845,-3.8886209880053,0.8709411784733594,0.002565403270257817,3.0155184543920077
968,-0.20440876216310647,3.630099202978109,-3.834507965141256,0.9484225173368861,0.0030289277028593487,2.9647867923934954
969,-0.421255142203799,3.463670852139986,-3.884925994343803,0.7688469745460496,0.0022086335778395633,3.06064151773542
970,-0.3200451024466787,3.501343259831217,-3.821388362277844,0.8710839605600023,0.0027649687826861013,2.9927270884309647
971,-0.31707180540275604,3.5400106253813095,-3.8570824307840894,0.8858233907794659,0.0027133287476255523,2.998476731262482
972,-0.17456178563191718,3.667580811456624,-3.842142597088582,0.8977492958654358,0.002804875558722949,2.9883506413753587
973,-0.33344162579579406,3.5048646355163577,-3.838306261312141,0.9340994582947246,0.00295950048520413,2.9719135032634734
974,-0.35055046525349953,3.4840681247495593,-3.8346185900030605,0.88917610361317,0.002794886109143751,2.9894407899285658
975,-0.2727144408615999,3.5766507594327472,-3.849365200294301,0.9117655826971607,0.0028366662971788426,2.9849047601484617
976,-0.3695226066146319,3.507542428363639,-3.8770650349782727,0.8406873468917815,0.0024871397597919748,3.024901666591679
977,-0.1024811598947594,3.711157064426764,-3.813638224321494,0.936546128386964,0.003051193060712672,2.962532793058351
978,-0.348500314597581,3.443930358158664,-3.792430672756268,0.9682242215804826,0.0032556487302279383,2.942508476358858
979,-0.27299486130858386,3.525930836555125,-3.7989256978636377,0.9685688787454279,0.0032338708841264606,2.9445859717820495
980,-0.409430122441799,3.4315507328497223,-3.840980855291491,0.9254755840927791,0.0029168346783217574,2.9763692105600934
981,-0.24419749796562376,3.6181867288940324,-3.8623842268596036,0.9552703527783435,0.0029638125519341058,2.9714664493255025
982,-0.2804239175210427,3.5690698264676493,-3.84949374398866,0.8413489298112551,0.002567236509723046,3.0153018169717947
983,-0.3681329369274039,3.4903781434004313,-3.8585110803279576,0.8557427600203038,0.0025954338757884937,3.011987379794537
984,-0.3579064934082311,3.4625214829654003,-3.8204279763734803,0.8932966901747466,0.0028555674110894553,2.982872697127134
985,-0.35141604116962244,3.473862625450899,-3.825278666620534,0.8619223626836034,0.0027172879071685647,2.998032392050676
986,-0.2103996622248673,3.5826847020563766,-3.793084364281185,1.0504758317271428,0.0036031572655690924,2.9109638294067817
987,-0.3483420131312954,3.497732596152989,-3.8460746092844147,0.8285895021874241,0.002528934790056403,3.0198576921417786
988,-0.44935676141813874,3.4087506567910055,-3.8581074182091015,0.8472871172517884,0.002564902719301421,3.01557763006182
989,-0.2222709569633793,3.594976046062522,-3.8172470030259547,1.0150157432389255,0.0033608595243678585,2.9326468381114004
990,-0.4585655112777062,3.4070678541086825,-3.8656333653864294,0.7947855815106677,0.0023506652939819283,3.041930029729312
991,-0.38825961675537146,3.4650649054927167,-3.8533245222480446,0.8317705607252108,0.002520433996617058,3.020877388878945
992,-0.3081233696652902,3.5425970846099317,-3.8507204542752334,0.8837064208922261,0.002724446360790696,2.997230493379323
993,-0.34248741131467286,3.5154746336226474,-3.857962044937267,0.8647503351179595,0.002630911656497304,3.007863630628059
994,-0.3623485510602308,3.4729118030194397,-3.835260354079651,0.8774283556720461,0.002747227131889606,2.9946913123388734
995,-0.23650762521209293,3.5863014301979352,-3.8228090554100618,0.8653938315398157,0.0027383307786013333,2.9956806166285377
996,-0.3859044297767099,3.4588858612662308,-3.8447902910429548,0.8462743530324288,0.002599393663101758,3.0115245688608514
997,-0.1466980255046423,3.687197191967805,-3.8338952174724454,0.9204726601766144,0.0029199957050632585,2.9760370625229573
998,-0.4516844374131864,3.382980731607017,-3.834665169020127,0.8846362883110968,0.0027770572160087507,2.991395330664603
999,-0.32244491203665293,3.564945136691185,-3.887390048727866,0.7687670723432394,0.0022022558091034992,3.061507355673878
