,logR,logI,logS,d_G,p,sigma
labels,$\ln\mathcal{R}$,$\log\mathcal{I}$,$\ln\mathcal{S}$,$d_\mathrm{G}$,$p$,$\sigma$
samples,,,,,,
0,0.5476522529765958,3.344662089575087,-2.797009836598477,1.0827852538801084,0.011194020260123883,2.5365830037360224
1,0.6091619559213001,3.4431842979785867,-2.834022342057324,1.0168702237791132,0.010003626480184151,2.5757039246046176
2,0.6329817389554279,3.511374898066086,-2.878393159110601,0.9546326461361201,0.008858355499717429,2.617472772769241
3,0.6593314131185849,3.4715822348856267,-2.812250821766952,1.0132321073131059,0.010209131665560771,2.5686642549879424
4,0.9473972443256485,3.771081611850017,-2.8236843675244927,1.0452488627777654,0.010440738585405092,2.56088008828615
5,0.6185365760123801,3.493882498299303,-2.875345922286897,0.9288956549653455,0.00861703059745184,2.62688557173762
6,0.5271766087333759,3.4155767252662383,-2.8884001165328073,0.8396956293280282,0.007571767115109652,2.670591768405448
7,0.8614483331252728,3.6650200495184264,-2.803571716393094,1.0633549651760608,0.010887278057680774,2.546296145933637
8,0.8036914248689214,3.594841759692447,-2.7911503348235556,1.152131606543463,0.012086573048469487,2.5096065953670874
9,0.45961735025001926,3.364246486899517,-2.9046291366495325,0.8263749217846317,0.007299129816067065,2.682879439051112
10,0.6714392439290492,3.506223018168797,-2.8347837742396678,1.0499134289437053,0.010364461192406296,2.5634266040511418
11,0.5853437577239816,3.434704279416889,-2.8493605216928017,0.9143572075380484,0.008717063693657257,2.622955579735233
12,0.6370183991752952,3.4914012616532717,-2.8543828624779053,1.0662771603216288,0.0103205569006652,2.5648999180157177
13,0.5645063768316646,3.395721928447623,-2.831215551615969,0.9058233117689929,0.008804607527768533,2.619549183572979
14,0.7577325014294644,3.6080886807399373,-2.850356179310438,0.9793433474510989,0.009411764187088991,2.5967235403884343
15,0.9329052789017765,3.7443513464560456,-2.811446067554243,1.0806932409187733,0.010991707551810795,2.5429623396605674
16,0.627371243154576,3.5091613556155434,-2.881790112460976,0.8610059360107107,0.007848709491947228,2.6585096841184694
17,0.6304549315631135,3.494336247378128,-2.8638813158149787,1.0230401177710056,0.009741642189193225,2.5848675145677746
18,0.6240335012923793,3.4484756128348164,-2.824442111542453,1.0178005472241043,0.01012202121343502,2.5716327126375718
19,0.6855321737887067,3.527453227135625,-2.841921053346937,0.9677955629657338,0.00937460556473374,2.598082177777663
20,0.8534859053305496,3.705347816159097,-2.8518619108286885,0.9578373718022601,0.0091621153970338,2.605945068966314
21,0.7210375979174074,3.571000517663108,-2.8499629197457352,1.0511782004223558,0.010204481388788733,2.5688221513541025
22,0.8452489165979301,3.713666802078874,-2.8684178854809943,0.979414862398891,0.009223335698148849,2.6036631519245015
23,0.6149234710178376,3.46778334458037,-2.8528598735624655,0.99946357903018,0.00960455705345173,2.589750302099247
24,0.805645512661718,3.6219562909211933,-2.816310778259435,1.1126293549422932,0.011299552088761135,2.5332959052696906
25,0.600021748384043,3.494069268946823,-2.894047520562708,0.8087769632922464,0.007210364942260531,2.6869689760223774
26,0.6383272021447425,3.453051554039807,-2.8147243518950518,1.0465426043730692,0.01056047856544372,2.5569157684302937
27,0.6235262827960838,3.4712088338727214,-2.847682551076673,1.0223468017734416,0.009912090094325107,2.5788810873626034
28,0.9322790696041835,3.7689343841700382,-2.8366553145657463,1.0102126042449198,0.00990013585942307,2.5792979381233323
29,0.7103395287914424,3.564710288008563,-2.8543707592170904,0.9701824628413684,0.00926995177912476,2.601934638121858
30,0.4869627443293808,3.3551478253811813,-2.868185081051706,0.9534071368455197,0.008947816172245653,2.6140415213171067
31,0.6704978992744287,3.4891010991104916,-2.8186031998360477,1.085386541208304,0.01095832886645896,2.544024848755196
32,0.7349526433492798,3.5885729703579723,-2.8536203270086844,0.9441779814007079,0.008996253215198754,2.6121964912226905
33,0.6668102400120602,3.5065947189742803,-2.8397844789622013,1.033953383055405,0.01012905268533209,2.5713922594006413
34,0.6506737211652677,3.5538963814207665,-2.9032226602554374,0.8804957687921808,0.007856500765678448,2.6581753341923955
35,0.6316768249384864,3.5084775137995714,-2.876800688861067,0.8865563401188135,0.008159330809987583,2.645404528735817
36,0.7737490310826075,3.6565508902750685,-2.8828018591924547,0.9721070200097204,0.008998356298552015,2.61211658315901
37,0.7735140859691597,3.6263092868565754,-2.8527952008873854,1.0431242832505965,0.010083681692965805,2.5729464206825203
38,0.5179563190931645,3.367784869586106,-2.84982855049293,0.9520750021042941,0.009120546798851928,2.6075022616722534
39,0.8187556776531352,3.632402353232114,-2.813646675578866,1.123404168981911,0.011457504470497416,2.5284265883461123
40,0.747588498683163,3.5965384724938434,-2.848949973810818,1.0712490246320692,0.010438243679567081,2.560963118292799
41,0.7407920614099254,3.637083166129028,-2.8962911047191255,0.9147125113999097,0.008269321637303623,2.6408709281857066
42,0.36100512766278425,3.275039364161103,-2.91403423649831,0.800675075167598,0.006967058305922421,2.698414734170679
43,0.7836982326991716,3.63326134881047,-2.849563116111426,0.934576926980498,0.008933542197131472,2.6145869372494226
44,0.6631270192468633,3.4962085392689546,-2.8330815200221195,1.0225228890907554,0.01007732330132473,2.5731647215606808
45,0.6284590180149422,3.491672131889183,-2.8632131138742807,0.9626752238551433,0.00909751653939634,2.60836772293227
46,0.45215736099111437,3.356649130454469,-2.904491769463334,0.8151872464959069,0.007188443105362388,2.6879859042682193
47,0.784653206875069,3.618734392614272,-2.8340811857391373,1.1103559423865093,0.011053708172149752,2.5409963238845816
48,0.8052268200118448,3.619299965396126,-2.8140731453842136,1.030409536465995,0.010383931368810473,2.562775012434803
49,0.6898318924393066,3.5398858058201808,-2.850053913380748,0.988438183666287,0.009514255531594936,2.593000778161309
50,0.7480333203550259,3.551289041608364,-2.803255721253322,0.9974623439348722,0.010131546404081173,2.571307018113852
51,0.8165083517916315,3.6885029454265053,-2.8719945936350086,0.9494932781340166,0.00886791294813036,2.6171047251586605
52,0.7695661049723327,3.5746512675525675,-2.8050851625802125,1.0037394638043138,0.01018262985682125,2.569564961152562
53,0.6616957601406653,3.5151080219858613,-2.8534122618452784,0.95778454285614,0.009145541336464986,2.606565188971051
54,0.8055285195233551,3.628022259107834,-2.822493739584388,1.090175786013399,0.01096572473256591,2.5437891760514852
55,0.5516486200000287,3.400277969500809,-2.8486293495006976,0.9884767370808167,0.00952991496562412,2.5924351380499933
56,0.5970547307371049,3.458757452933319,-2.861702722196128,0.9542870569586763,0.009022911670529835,2.6111848173732035
57,0.7324057167947927,3.5914209190737956,-2.8590152022790107,0.9724407676661648,0.009245993416246058,2.602822037478024
58,0.7760262096074854,3.6215651898425585,-2.845538980235119,0.9852953511989502,0.009528149716627498,2.592498859782683
59,0.8005555089894102,3.6508239998475083,-2.8502684908580704,0.9865732091685686,0.009491593370383173,2.593820838260244
60,0.6012000902725191,3.4438839484813486,-2.8426838582088294,0.9352816252056564,0.00901100464570735,2.6116363521845916
61,0.9203110652701895,3.7212477752521553,-2.8009367099818974,1.1437819052742977,0.011858741328513245,2.5163201315316623
62,0.5957615675842959,3.4011817903513877,-2.8054202227671112,1.0548565889445454,0.010766685419466706,2.5501814894210315
63,0.709213590085929,3.5437858745799153,-2.834572284493902,1.009227390812382,0.009912302681394886,2.5788736783883963
64,0.7134755476974902,3.5612921729555445,-2.8478166252580195,0.99211883862047,0.0095785157479138,2.590684874102234
65,0.7846778370695716,3.606748173067897,-2.822070335998319,1.1005636513910997,0.011089602185589664,2.5398626118364898
66,0.6726380048970583,3.500592219883089,-2.8279542149859935,1.0043731977818873,0.00993172222642948,2.5781974748386105
67,0.6534189852310334,3.5254468584190692,-2.8720278731879034,0.9963075183044687,0.009366520288412035,2.598378437457613
68,0.5419712299659437,3.4161841387172225,-2.8742129087513604,0.9191383431530022,0.008525265126420375,2.6305267851799536
69,0.670256348772105,3.4963933891514425,-2.826137040379308,1.0299522596974626,0.010239617421799385,2.567630718765593
70,0.6589092355985627,3.5007917903354406,-2.8418825547369124,0.9311162166798814,0.00897374036231961,2.613052928854437
71,0.7449453065779522,3.587374041053424,-2.842428734475561,1.050834795000312,0.010286726759648965,2.56603897950615
72,0.5944905296533903,3.41507613767788,-2.8205856080244303,0.97156222030397,0.009644965268802848,2.5883045925290964
73,0.6976028167811051,3.572613843284883,-2.8750110265037847,0.8838187250665919,0.00814734604970263,2.645901815828831
74,0.5421383113236885,3.4494953965327757,-2.907357085209128,0.8249288891616346,0.007261951567220575,2.68458683774596
75,0.7590214978935051,3.5870063539117365,-2.827984856018361,1.0621330370767703,0.010581370069593489,2.556228198203181
76,0.8047743940809283,3.6606040578188126,-2.855829663737836,0.9245695345186804,0.008762910133591798,2.621167867569979
77,0.6002304914439861,3.4501576090243877,-2.849927117580478,0.9587252633944232,0.009191776087723985,2.6048378065545243
78,0.816718588471636,3.6203016844186036,-2.8035830959469195,1.2244658661037606,0.012774614780674773,2.4899915072811036
79,0.4967951081168763,3.3696147507140055,-2.8728196425971646,0.9251546092591931,0.00860218574881218,2.627472251250815
80,0.8398531570392066,3.6678661889258177,-2.828013031886485,1.1062417545492196,0.011081379465739586,2.5401220381947844
81,0.6694704317487691,3.537696138245734,-2.8682257064970145,0.949982991006509,0.008910914705037064,2.6154531423400464
82,0.5541838619792457,3.42565445761725,-2.8714705956380158,0.9144734032522432,0.008502555330043586,2.6314333073999023
83,0.7077187299676012,3.567339714380847,-2.859620984413141,0.8899028734101622,0.008355833127792006,2.6373428517213533
84,0.8453821493396759,3.6363381954689245,-2.7909560461291676,0.9948168205542933,0.010241846318692228,2.567555261609279
85,0.7348178845779699,3.540987945946806,-2.8061700613689027,1.045905249747965,0.010654474047023436,2.5538317048801153
86,0.6272352403936935,3.503360938044016,-2.876125697650309,0.983017928703489,0.009182084139912835,2.6051992651592997
87,0.7341259149925378,3.5618233248780817,-2.827697409885559,1.0116515157649104,0.010016175991212012,2.5752703603440037
88,0.81487113981415,3.667347298131323,-2.852476158317131,1.0580922010070095,0.010252144089781838,2.567206830157961
89,0.8540250016306942,3.6660347298567832,-2.812009728226144,1.1811240094396844,0.012149851414513038,2.507761876071814
90,0.60102583587649,3.4360440967819597,-2.8350182609054855,0.9595699753194011,0.009356947289176912,2.5987295052165167
91,0.8169279182081851,3.661956425113068,-2.8450285069050096,0.9533323481993754,0.009183805699020407,2.6051350352081974
92,0.7280723687098231,3.536441320432654,-2.8083689517227413,1.0091225075920887,0.01020666778675105,2.5687479060124665
93,0.6859491398824872,3.5517287902076773,-2.8657796503251802,0.9815045459160789,0.009273170954119992,2.6018155583670923
94,0.6258726655789729,3.506998690603363,-2.8811260250244004,0.8781277194178361,0.00803185249360233,2.6507278774627174
95,0.6698793179337968,3.54918524386867,-2.8793059259348865,0.8909435533775332,0.00818179584586283,2.6444741392354314
96,0.5289495582843443,3.3505992650926335,-2.82164970680833,1.019728556605757,0.010175511684646851,2.569807239107441
97,0.78738323018637,3.6525196400720197,-2.865136409885622,0.8972372043487058,0.008381142337921726,2.63631688013809
98,0.8110041074569295,3.621806899444,-2.8108027919870437,1.0237088998057804,0.01034536241719907,2.5640668254638657
99,0.5698771571134017,3.4211679689654297,-2.8512908118519817,0.9160592941894254,0.008716334625334027,2.6229840764520858
100,0.690249122414562,3.5237749336736797,-2.833525811259051,1.038519583000807,0.010251267522846403,2.5672364772086964
101,0.6351503862015221,3.484324420462553,-2.8491740342610683,0.9340708008569791,0.00893199287397334,2.6146461845011966
102,0.6508256736437857,3.5297905521219106,-2.8789648784782003,0.9491499098936642,0.00879484723558455,2.6199274610881202
103,0.6888341759112023,3.5323774268609553,-2.8435432509497787,0.9472246332296232,0.009132493870387203,2.607054067209878
104,0.39398299271612414,3.230982488177357,-2.836999495461214,0.9572993224292885,0.009311058506675692,2.600416833565353
105,0.5882000686714178,3.4671020217861943,-2.8789019531147915,1.0517401613133484,0.009886720165498774,2.5797662851206518
106,0.766052401691914,3.6021329134432496,-2.83608051175122,0.9837268416229299,0.009612624035471683,2.589461252062622
107,0.5964179370749804,3.434426189486072,-2.8380082524109866,0.9643211349927616,0.009377746267432145,2.597967158010594
108,0.7371002565199575,3.630904455410637,-2.8938041988907344,0.8023982222017381,0.007148120453383662,2.689863715518057
109,0.7090351934747247,3.5980901251767876,-2.8890549317020486,0.939709222128196,0.00859696192151909,2.6276789161004506
110,0.9268141945988105,3.7806727600385908,-2.8538585654397366,0.9113894499450366,0.008640866522804175,2.625945445408949
111,0.6260019937794737,3.5297525351793033,-2.903750541399745,0.8999921442838061,0.0080497740475107,2.6499749441752747
112,0.6760938524725958,3.535121867935493,-2.8590280154628545,0.878799189995632,0.008243561166202302,2.641927862294719
113,0.6242553708633437,3.492860121480914,-2.8686047506175782,0.9821802632858638,0.009251016461083318,2.602635817887622
114,0.7026248452306078,3.5724630563194304,-2.8698382110887906,0.9423802524817957,0.008813912081359381,2.619188917681455
115,0.7801252474758854,3.6154339127099795,-2.8353086652341517,1.0804842096150635,0.010701686659837794,2.552291741422914
116,0.6682942233040791,3.497393995925155,-2.8290997726210207,1.030312003356474,0.010209791370914928,2.5686418604152004
117,0.6896402050738203,3.527998924647165,-2.838358719573307,0.9984016996107086,0.009750333101541069,2.5845600247764215
118,0.7469324508581309,3.588600190100394,-2.841667739242439,0.9655736413904514,0.009352892510700705,2.598878301518183
119,0.8539645960398644,3.7064844382778515,-2.852519842237939,1.0223597193357936,0.00985874183024873,2.580744844027089
120,0.6953385525772461,3.5581708611794913,-2.862832308602151,0.9943177883618048,0.009442142059185768,2.595616378966832
121,0.5884713452589864,3.4397052344449155,-2.8512338891860054,0.9306616975436828,0.008874380395488152,2.6168558713093026
122,0.5321937830122948,3.386890140099387,-2.8546963570870503,0.9975551246230407,0.009564000965719938,2.591206765230613
123,0.75667767413494,3.585813670835831,-2.8291359967008702,1.0279017198157097,0.01018230273089985,2.569576092081194
124,0.7098247881184448,3.5591121943542237,-2.849287406235817,0.9577627779684064,0.00918794036434911,2.6049808181411023
125,0.8338077413808292,3.6828231149962494,-2.849015373615316,0.9446315067915712,0.009048088442053504,2.6102318202356836
126,0.7949739583033221,3.583566257101952,-2.788592298798676,1.0677183645132933,0.011121873332322752,2.5388461074574518
127,0.6781174696995919,3.5572687005342387,-2.8791512308347365,0.887466381714364,0.008147029353169787,2.64591496548597
128,0.6625586441776846,3.5296690883418544,-2.8671104441642683,1.0159029204772463,0.009629455609152154,2.5888588514692192
129,0.577690124305937,3.3627210769733025,-2.785030952667398,1.1113469628913644,0.011682666900693004,2.5215873406758953
130,0.8420684869303073,3.6502645551305277,-2.808196068200232,1.0860929169779348,0.011093939299687283,2.53972584495491
131,0.570702333020327,3.4593612349397707,-2.888658901919257,0.9102744716829081,0.008295115740382627,2.6398155618700483
132,0.5291152389454424,3.3969723464567942,-2.867857107511327,0.9363252632159775,0.008769247403318779,2.6209214131975855
133,0.7108736714136427,3.5403101441589775,-2.8294364727453285,1.0012000656060038,0.00987974289163975,2.580010088271882
134,0.6043341656674016,3.460324293083193,-2.8559901274157937,0.9734306394727228,0.009288243707666316,2.601258495866576
135,0.7584097777078028,3.588115978322015,-2.8297062006142824,1.0789739409955699,0.01075142159380303,2.5506760256505934
136,0.7661831499736905,3.577088943088309,-2.810905793114557,0.984536650278673,0.00989791130917594,2.5793755589007357
137,0.6381340712408615,3.5284212286094117,-2.8902871573685616,0.9337038468901364,0.008522603536900614,2.6306329178627257
138,0.4868566621145106,3.316704361811618,-2.8298476996972113,0.9681443189305077,0.009506871028377328,2.593267804608548
139,0.7046644694752245,3.571381899822961,-2.866717430347876,0.9854050432048387,0.00930527756340969,2.600629924527825
140,0.7510459104549824,3.593651437632205,-2.84260552717717,0.8715398543158048,0.00832093411591087,2.638762138636555
141,0.616511640447348,3.448047132688966,-2.831535492241642,1.0099078092873184,0.009953703080684313,2.5774335041844365
142,0.870185911637796,3.7399773817327477,-2.869791470094924,0.9136132822796612,0.008509660669139144,2.631149446316808
143,0.562987269431224,3.390931421117823,-2.8279441516866655,1.0231093895260073,0.010142020260740637,2.5709492004598444
144,0.5889284754717806,3.4173833889257454,-2.8284549134540384,0.9589597758814383,0.009419697294800643,2.5964341006927834
145,0.6528948839658056,3.5089379674374217,-2.8560430834716044,0.9331212667840059,0.008852667036719478,2.6176919981204008
146,0.6192902429150905,3.502175440926321,-2.8828851980113086,0.936908856444453,0.008627723296942698,2.626463547752879
147,0.7778943166724644,3.5958489200839865,-2.8179546034116356,1.0430011615093269,0.010482142418750376,2.5595047472683343
148,0.6290330309819779,3.4659938038356226,-2.836960772853786,0.9767321802394247,0.009525791194956064,2.592584013827994
149,0.6000166379503667,3.4582261587692806,-2.858209520818832,1.0632463905677567,0.010243445427620533,2.567501134322796
150,0.5538798127797605,3.4135380088838585,-2.8596581961040783,0.9913905281094757,0.009444131526434009,2.595543981126059
151,0.621755839107314,3.490618191898561,-2.8688623527910977,0.9178202860232825,0.008563124941800128,2.6290202985203233
152,0.744115599494981,3.6203760724191336,-2.876260472924173,0.9988224870251212,0.009348975377827064,2.5990221013677104
153,0.5282076115417936,3.3678967416755135,-2.83968913013382,0.9817655730036114,0.00955206955649366,2.591636298173876
154,0.7773464477503381,3.632729304444474,-2.8553828566940638,1.0562534923608498,0.010198795874585317,2.5690152854233483
155,0.5032683634988103,3.3380956476165786,-2.8348272841177504,1.015715821337085,0.00998174586381943,2.576461022693576
156,0.6826573557175294,3.509702291399542,-2.827044935682011,1.12672939175688,0.011327015559348903,2.532444946000482
157,0.5127469405672315,3.3231425299549016,-2.8103955893876673,1.0940191113902973,0.011158418311004958,2.5376981407953894
158,0.7328532290226718,3.546906307876734,-2.814053078853931,1.0112508562589766,0.010165996487307007,2.570131339279884
159,0.6731408082705371,3.5542438733446144,-2.8811030650740577,0.8784987234151069,0.008035908969519976,2.6505573222559726
160,0.7002049665877536,3.5663470702815263,-2.8661421036937327,0.9557793106920502,0.008993801516094215,2.6122896662369093
161,0.679839161241594,3.5056261561456235,-2.8257869949040924,1.0439140571885581,0.010401182055179021,2.5621986062859077
162,0.7024594673388179,3.5345129225229095,-2.8320534551841092,1.0805157685978999,0.010740819622122358,2.5510198888724687
163,0.45718556390919785,3.292459132822524,-2.835273568913408,0.9689775680691284,0.009458136474558964,2.595034717710288
164,0.6825087569322846,3.549611196380177,-2.8671024394478763,0.9741712958630582,0.009180779995959005,2.605247928850854
165,0.6661720266190428,3.4993698575972068,-2.833197830978065,1.0656262949097073,0.010559416708040786,2.556950748023405
166,0.8056481804677474,3.6224425158432845,-2.816794335375562,1.0017594776174474,0.010027261474806422,2.574887778006064
167,0.5754612498537796,3.4433580088268623,-2.8678967589730746,0.9182503928297687,0.008577051384361522,2.6284676467518246
168,0.7441146237557547,3.584252503326151,-2.8401378795704204,0.9549160798720155,0.009252002775675339,2.6025992627965704
169,0.689552389654628,3.578639080294931,-2.889086690640397,0.8657189298156789,0.007832000591302055,2.6592277233189088
170,0.6379687105131694,3.5120204769822325,-2.8740517664690515,1.0568468984603951,0.009995372843285591,2.5759893378765137
171,0.4863434116051536,3.3457867742678062,-2.859443362662546,0.9831528835359085,0.00935726559920659,2.5987178267781883
172,0.7093049391202072,3.5901197234616675,-2.8808147843413963,0.9652992139371843,0.008946623511530166,2.6140870637335603
173,0.8586468592188709,3.6680731574768832,-2.8094262982580176,1.0819489054787783,0.011030915659961234,2.5417179241375645
174,0.7289059691608969,3.5949173825886844,-2.8660114134277137,0.8763441285928693,0.008152436172836066,2.6456905299574354
175,0.6286939107842414,3.505415727188677,-2.8767218164044834,0.8751587066130311,0.008041295025830335,2.6503309837046425
176,0.7460311623374224,3.57769759211039,-2.831666429772895,1.0228675706722754,0.010097153053927978,2.5724843168974276
177,0.6695798412143773,3.5226045569601188,-2.8530247157456188,1.0316873946508036,0.009955464148926112,2.5773723612157395
178,0.6738914297710522,3.5112785865401688,-2.837387156769182,1.0310117844722115,0.010123429077226409,2.5715845564155915
179,0.5929040838629959,3.453270959348934,-2.860366875485852,0.9304324430662452,0.00878071161817858,2.6204759776497335
180,0.6294132150983301,3.541434803099152,-2.912021588000812,0.8753230909335947,0.00772637151734605,2.6637989935224433
181,0.9475808341362523,3.810172600292255,-2.8625917661559015,0.9936765560126488,0.009437765464557999,2.595775693627221
182,0.7981135887674696,3.6493401954381084,-2.851226606670707,0.9010298179978045,0.008555334619742314,2.629329797330216
183,0.6633357634001328,3.498734064331859,-2.8353983009316153,0.9275909987611963,0.009001159850817012,2.612010086239355
184,0.7375304400742294,3.551640659177886,-2.8141102191035543,0.9796610349346617,0.009807126697180497,2.5825566252504863
185,0.6782838919848387,3.5088142103712,-2.830530318386309,0.9882593120059953,0.00972328528490629,2.585517797498398
186,0.568818379636005,3.4197058040976915,-2.8508874244618028,0.9958005697199186,0.009585778131950136,2.590424013635444
187,0.49483629013160735,3.342672524103246,-2.847836233971748,0.9537675577547533,0.009159492420260254,2.6060431411557174
188,0.7708178300691685,3.606324460990965,-2.8355066309217136,1.0426472502093633,0.010274774895948465,2.566442196118225
189,0.6840755734411829,3.510234545285791,-2.826158971844734,0.9911465078733901,0.009803495160594538,2.5826844182277013
190,0.6931838800680822,3.543972162358991,-2.850788282290864,0.9571792710648324,0.009166068004224485,2.605797329684556
191,0.6266925238476148,3.502753847703828,-2.87606132385622,0.9295065263068545,0.008616493368383327,2.6269067876698
192,0.652618819308023,3.489240459962082,-2.836621640654016,0.9970570325096628,0.009754445886194353,2.58441459708337
193,0.6997277320302743,3.509272444219999,-2.809544712189677,1.005199767011612,0.010148443522863149,2.570729925716711
194,0.8087413934658713,3.66363689546353,-2.854895501997703,1.0064573813271653,0.009658890153168362,2.587807644221598
195,0.7026765098244055,3.547401807950219,-2.844725298125809,0.9766438331517839,0.00944195810259086,2.5956230739387744
196,0.7257317147009331,3.551512192456316,-2.825780477755302,0.998082818203601,0.009885398370063678,2.579812460140051
197,0.6106926496137163,3.4358336506566878,-2.82514100104288,1.0514195689204817,0.010493582862792858,2.559125574040845
198,0.7019821890331656,3.5223189894232214,-2.8203368003900096,1.0452933298780247,0.010480331889074497,2.559564787802646
199,0.5465572543029026,3.401040293477028,-2.85448303917417,0.8992126955324573,0.008504310345853866,2.6313631741103642
200,0.6341022772403363,3.4791501688501234,-2.845047891609738,0.9047737077520555,0.008656056625436696,2.6253475325153177
201,0.7622852736211513,3.6119414322136145,-2.849656158592552,0.929160651600696,0.008874001860093328,2.6168704320954204
202,0.8703734880135613,3.7007482991399265,-2.830374811126376,1.011537317161399,0.009984888389429505,2.5763521963243075
203,0.5887925045837988,3.399370172949863,-2.8105776683660224,0.9024923670587934,0.008976160031938067,2.612960787415111
204,0.6855800126514765,3.554353915487368,-2.868773902835983,0.8748017464615776,0.008110647605232085,2.6474286375534555
205,0.7088199012911133,3.5451643183506554,-2.8363444170595358,0.9307518074789547,0.009026167173162302,2.6110614557524148
206,0.8177388629912826,3.6859592217705672,-2.8682203587793538,0.9138145245973135,0.008526954169406816,2.6304594488131583
207,0.7746830375069663,3.5989594466115906,-2.8242764091045274,1.0669409838509227,0.010679742153203676,2.553006766190862
208,0.7490924486357841,3.5747075487955216,-2.8256151001598937,1.1195893307833447,0.01126327159440056,2.5344228810567246
209,0.5215072321252506,3.3669459121077163,-2.845438679982408,0.9130759160714197,0.008742038349553652,2.6219806920903337
210,0.38396476163540283,3.2958884890507867,-2.911923727415342,0.8212107309375827,0.007187197691856378,2.688043761058852
211,0.66587426988564,3.4809948019874146,-2.815120532101787,1.0531265940109358,0.010631049092545681,2.554598024920921
212,0.43305720714032814,3.3034758792044223,-2.8704186720641474,0.9323007259697593,0.008701245816691391,2.6235743236729476
213,0.6780002749389865,3.548222129177297,-2.8702218542382525,0.9844561153593301,0.00925856927317774,2.602355981879862
214,0.7404185596545773,3.5909200533470336,-2.850501493692377,0.9318026767487906,0.008894069749329754,2.616099262226083
215,0.8132647861639185,3.657648537530157,-2.8443837513661947,1.1426422924099473,0.011291103412759096,2.533558057984706
216,0.5606245083842992,3.426450520787529,-2.865826012403204,0.9336228319958744,0.00876061909177524,2.6212570046423678
217,0.7105647020011844,3.5189164257832277,-2.808351723782039,1.0667695026789095,0.010868819084376194,2.5468883835682457
218,0.5890310628465073,3.4115294269675362,-2.8224983641210883,1.0165142908443734,0.010129565718754834,2.5713747211614244
219,0.7787329553122987,3.6172978903805055,-2.8385649350682343,1.0141379259271481,0.009922531978643226,2.5785173394083354
220,0.590090697928295,3.450005737161716,-2.8599150392334423,1.015830104588745,0.009706516874912348,2.5861127659390224
221,0.7762749451703627,3.665489064035922,-2.8892141188655387,0.9624492554101824,0.008832646121180475,2.618464578204845
222,0.9203087680303866,3.745142037302976,-2.824833269272517,1.055825691838397,0.010547086146747311,2.557357169336059
223,0.8070462810128362,3.6165534142331803,-2.809507133220336,1.127932263666066,0.011562693685081962,2.525216788900521
224,0.6123141542922127,3.4821095136956868,-2.869795359403497,1.055511222576688,0.01002837118025959,2.5748495005836323
225,0.537847646394303,3.429868548062038,-2.8920209016677063,0.879902043535512,0.007951108830383288,2.6541389067257795
226,0.7546882370694362,3.5905941997392117,-2.835905962669699,0.9948075714622724,0.009737325045553287,2.585020348649684
227,0.7341844794162767,3.5844918228189226,-2.850307343402619,0.8931550836515016,0.008479689346278439,2.6323482543341545
228,0.6793133435078204,3.5412796127172377,-2.861966269209347,0.9558498891880471,0.009037001801926183,2.6106511822391556
229,0.5423039166499762,3.3948208141592526,-2.852516897509304,1.0512541786750715,0.010176310693164077,2.5697800361050565
230,0.7727531664222539,3.5905264856658596,-2.8177733192436563,1.0886367830153538,0.011005692627371961,2.542518019294471
231,0.410394451657217,3.286967178514318,-2.876572726857148,0.9279962742367511,0.008595622163304234,2.6277319376495756
232,0.6504681591006743,3.5124470910955616,-2.8619789319949405,0.9594294317531935,0.009075304070477044,2.609204307166463
233,0.8094011922379337,3.6183760045190154,-2.8089748122811216,1.0009539019201381,0.010106480997520725,2.572164665009122
234,0.6837956562132973,3.561076882651005,-2.8772812264377308,0.8827739504826844,0.00811545303343123,2.6472283585153638
235,0.7406063468141525,3.599544503987802,-2.858938157173611,1.0613921134524267,0.010214809514007665,2.5684715550503157
236,0.6742240624761194,3.5008208006494494,-2.8265967381732935,1.124607463125666,0.01130837441210394,2.533022344397506
237,0.7530363520726183,3.6270718358954706,-2.8740354838229223,0.9661177562134418,0.0090238542996748,2.6111490939908477
238,0.6919465606014142,3.5040539554718815,-2.812107394870509,1.096855668541262,0.011169975141923144,2.537335807605086
239,0.9750586889624543,3.7731918455941718,-2.7981331566317067,1.07454123490777,0.011083831843769326,2.540044647912232
240,0.7425720632378358,3.5532196586753435,-2.8106475954375583,0.970866023518719,0.009745687472788441,2.5847243595585105
241,0.6386690819734809,3.4800962272779974,-2.8414271453045785,1.0161553773698377,0.009913108591074658,2.578845592528039
242,0.704586828261759,3.5683056826945987,-2.8637188544328183,1.044429778003943,0.009975758242237644,2.5766684598729888
243,0.3783545633100317,3.2461170503607835,-2.8677624870506406,0.940262732669926,0.00881206136312513,2.6192605491335033
244,0.6008449555304111,3.45946331319143,-2.8586183576610438,0.9731039343797163,0.009257287073746023,2.602403473742588
245,0.7437033551335531,3.608808630810764,-2.865105275677138,1.0013370449029113,0.009493762179437173,2.5937422815383893
246,0.8618112216186006,3.7127271875156844,-2.8509159658971157,0.9937006391811538,0.009562521634995099,2.5912599954538087
247,0.8103099372491357,3.6220477991014355,-2.8117378618522935,1.0053723927810851,0.010125462524701912,2.5715150125220516
248,0.7748472282923927,3.6357345408043984,-2.860887312512091,0.9348797062588865,0.008823122317614897,2.618832638175777
249,0.5890737989286577,3.4933868079178327,-2.9043130089891065,0.8238469681781759,0.007276471844067195,2.683919067434103
250,0.6286233879023854,3.509483610050268,-2.880860222147817,0.8803890006761272,0.008057737854173838,2.6496408445015964
251,0.7287100058140282,3.542721951082475,-2.8140119452684758,1.0764316753038792,0.010911431896696293,2.5455225406755466
252,0.6285180179630657,3.4805385393255643,-2.852020521362533,0.9236973341757015,0.008791382746385284,2.6200618237419135
253,0.711196562627029,3.5353850602097903,-2.8241884975827816,1.048918920739745,0.010476413449864686,2.559694762143764
254,0.6230441729826367,3.4946190436063858,-2.8715748706238173,0.9225512537619878,0.008586805387095282,2.62808105003333
255,0.7070011823384362,3.5338020683564237,-2.826800886018077,1.0375145943166524,0.010317228487469004,2.565011838241854
256,0.638038339963137,3.4692610876564562,-2.831222747693346,1.0787959569583343,0.010731304529028176,2.5513287574370147
257,0.6281832931250534,3.5372479359955054,-2.909064642870476,0.9096732810842605,0.008099490543757956,2.647894047770847
258,0.6993221249492677,3.562599338469234,-2.8632772135199502,0.9845132626779425,0.009331696141233563,2.5996570727840185
259,0.7003578670391931,3.5418798721094578,-2.84152200507026,0.9964926970569647,0.009694711360840005,2.5865321931561023
260,0.7404045410979648,3.571156790343886,-2.8307522492458475,1.0218025606106105,0.010095557348924037,2.572539025181749
261,0.6017065521506225,3.4781486000277586,-2.876442047877049,0.9154706398816199,0.008465266432077121,2.6329265002603517
262,0.6671248521000649,3.5235427741380607,-2.856417922037963,1.0085320263557636,0.009665024002022682,2.5875889433318884
263,0.434774167798642,3.2830685220786164,-2.848294354279915,0.951784079672771,0.0091331870026935,2.6070280804141355
264,0.6612018847969153,3.4994381564022263,-2.8382362716052967,0.9843626390200475,0.009596376306042964,2.590043649631102
265,0.5068157196645785,3.3282878373795834,-2.8214721177149613,1.1261441817153208,0.011390263990710624,2.5304921308049746
266,0.7194168842264531,3.5585728767248974,-2.8391559924983767,0.9417240017669457,0.009117568040701223,2.6076140914258183
267,0.8111058270460404,3.645282501286252,-2.8341766742402115,1.0131474564875078,0.009960384586343232,2.5772015783701603
268,0.515945825220561,3.3782192011891383,-2.8622733759685843,0.8643698055573306,0.008060837986792765,2.649510866873146
269,0.5752149987143781,3.4125950735346957,-2.8373800748203166,0.9322065121787444,0.009031527505311415,2.6108584218067907
270,0.7586387548634462,3.6026254637195714,-2.843986708856278,1.0639631663426987,0.010414862217287355,2.5617421083755905
271,0.7274993163464302,3.574952110754738,-2.847452794408241,1.0108497670617531,0.009788082690874137,2.5832272495366664
272,0.8309970772111143,3.6662228067876925,-2.8352257295766776,0.986488258118956,0.009652472983291058,2.5880365794138074
273,0.6536382351414346,3.497506457438075,-2.843868222296692,0.9374648487091568,0.00902272196690015,2.611192007088303
274,0.6544015649252429,3.4717199330079382,-2.817318368082738,1.0277504630329628,0.010316085382494011,2.565050283360937
275,0.6701188737775879,3.4805716814508023,-2.8104528076731867,1.0815743147383938,0.011014014827536084,2.5422538523885394
276,0.7794396321320306,3.6276638677324056,-2.848224235600469,0.9953821440604236,0.009609886291710643,2.5895593245873614
277,0.6708292747670072,3.5266388058418197,-2.855809531074783,0.944083455483812,0.008973019273424837,2.613080392336116
278,0.41888707320776175,3.211571921006635,-2.792684847798796,1.0335004551004237,0.010671445613283578,2.5532774353283014
279,0.7128093045446263,3.596084219068366,-2.8832749145237813,0.9918270831643983,0.009201731264624178,2.6044668848698356
280,0.6965031749965561,3.600708975502408,-2.904205800505906,0.8936215209203766,0.007980867630703308,2.652878147219348
281,0.7318980000852576,3.6114674559357005,-2.8795694558502873,0.9188321802035282,0.00847051429592406,2.6327160001206207
282,0.5051143492231546,3.3417732918485004,-2.8366589426253768,0.9028757998323123,0.008718203969906094,2.622911014617052
283,0.7436064033372446,3.632312221728436,-2.888705818391145,0.9190892018627683,0.008386028560622408,2.6361191242124336
284,0.8213757415694459,3.6512431414755313,-2.8298673999061066,1.0538687041226722,0.010466010414811877,2.560040040000998
285,0.7322292200606085,3.5782942403639146,-2.8460650203032856,1.0353646205055755,0.01007383127821513,2.573284664397012
286,0.669671541104995,3.521823785568745,-2.8521522444638094,0.9648537248898041,0.009235248305135307,2.6032206948381766
287,0.6783221660075384,3.5082236810424976,-2.829901515034976,1.0496362443223068,0.010417931445932749,2.5616397635402204
288,0.7282560684202423,3.5662912419224333,-2.8380351735022487,1.0001750416970279,0.009773521053126354,2.5837408145765783
289,0.7318421136261491,3.6313589010977387,-2.899516787471498,0.8755199867838943,0.007839048961257035,2.6589246633180994
290,0.6335907175709877,3.5386347998857635,-2.9050440823148165,0.8351418496638718,0.007383445435452952,2.6790360038568326
291,0.6804278825854823,3.5176418327060675,-2.8372139501205993,1.0756917926074718,0.010625233255702951,2.5547885159084522
292,0.7006527927838903,3.5329269385401143,-2.832274145756287,0.9635517603807429,0.00943003348250926,2.596057310577799
293,0.8184954549280888,3.688834945782959,-2.870339490854917,0.9713488206488623,0.009117283160801935,2.607624788211904
294,0.8882331288206075,3.7143089588742355,-2.8260758300535826,1.0138137104025482,0.010058693685266535,2.5738050338696614
295,0.7304041154329667,3.567687308134601,-2.8372831927016477,1.0417906342250853,0.010244854510677833,2.567453445342608
296,0.6388696769271206,3.5028840048312033,-2.8640143279039876,1.0638333559338542,0.01018390319820238,2.5695216369170857
297,0.7589233406055115,3.610923181030674,-2.851999840425151,0.9861084867446763,0.00946808194684501,2.5946734776888887
298,0.5837932426730873,3.390645442451637,-2.8068521997785183,1.0849648294146998,0.011097449102499848,2.5396152013366224
299,0.7745915376386762,3.6260931557015454,-2.851501618062912,0.9895507874118834,0.009510935950022368,2.59312079261827
300,0.6542037675597981,3.4750982058981843,-2.8208944383385415,1.0274672727313008,0.010271687872636607,2.566546409980009
301,0.5098776389333949,3.3918534206561035,-2.8819757817226446,0.7718590580217701,0.00693571743995095,2.6999150925016053
302,0.7304506901788187,3.5887951552103172,-2.8583444650314505,0.9958039274170598,0.009505936076663947,2.593301626009461
303,0.7426728131673513,3.6475540154754262,-2.9048812023080472,0.8822739416149579,0.007859706161132745,2.6580378660544652
304,0.7066315750721429,3.567117937711426,-2.8604863626392216,0.8957216715664791,0.008409415775611719,2.6351740182407015
305,0.6486634850367551,3.5132261040960056,-2.864562619059143,0.9742991732168822,0.009208418882181674,2.6042179108156276
306,0.7270076028481668,3.551713639796905,-2.824706036948669,0.8589074158110379,0.008354113942031408,2.6374126439612677
307,0.7919712987843383,3.6003989964706045,-2.808427697686284,1.0551679504042488,0.010734213531382156,2.551234302745731
308,0.6420358539984278,3.508714272548825,-2.86667841855035,0.9911320269422945,0.00936722320805044,2.598352672111257
309,0.7169970020680608,3.5421378446311045,-2.825140842563087,1.0508045508308084,0.010486624268898485,2.5593561604515425
310,0.7206890350248528,3.6134710173445943,-2.892781982319775,0.8007945065027808,0.007140357913354949,2.6902263052577258
311,0.7031385976573489,3.5543844566662073,-2.851245859008827,0.9780027449354902,0.009387747502951304,2.597601118539404
312,0.5628390173030681,3.4219381514600777,-2.8590991341569634,0.9793692471580842,0.009319970893540475,2.6000885458372793
313,0.7696122352160643,3.5890412379094747,-2.8194290026933686,1.1011114358887049,0.01112840746192862,2.538640608818481
314,0.7649541685533364,3.6035297111288487,-2.8385755425755406,0.9497636669896168,0.009211741564309447,2.60409427031732
315,0.6368224767498901,3.4578101163205948,-2.8209876395708307,1.0025967201126424,0.009989616663292126,2.576188512606145
316,0.7687806464100418,3.5855979669387463,-2.8168173205287985,0.934301394268461,0.00926766081969731,2.6020194049471423
317,0.6058705603874074,3.4810131001901277,-2.8751425398027095,0.8178002132106523,0.007461365998152124,2.6755189274103963
318,0.5744218180649255,3.4226454840613125,-2.848223665996329,0.9616857214317114,0.009241691037866899,2.6029816115605726
319,0.5485990019897059,3.4014399732189387,-2.852840971229284,0.9320267238020707,0.00887297899576759,2.616909780487843
320,0.5807250730867878,3.416659228472938,-2.835934155385985,1.007234181891595,0.009875020584992792,2.580175184371922
321,0.8253284255875911,3.711831388367044,-2.8865029627794456,0.9107890140541515,0.008320744152514721,2.638769878704761
322,0.7566723351275101,3.5910449403992586,-2.83437260527171,1.0892811073261435,0.010812000491442743,2.5487169790439737
323,0.5946017342679312,3.4222189453973315,-2.82761721112945,0.9974666387924627,0.00985813831469206,2.580765979591505
324,0.7469697859256627,3.601083620519463,-2.854113834593818,0.9358223201894649,0.00890110915936607,2.615829119610892
325,0.8346001093496994,3.72543559567889,-2.890835486329138,0.928660928565989,0.008465005288172083,2.6329369782041905
326,0.5718846667219765,3.421239323174985,-2.849354656452988,0.9372720992251469,0.008964839370070449,2.6133920712283527
327,0.721469464976613,3.553545395853025,-2.832075930876499,0.9773337233409698,0.00958498377318062,2.590452537939956
328,0.5690746502233338,3.446904174487073,-2.8778295242636887,0.8922974164210546,0.00820965370447203,2.6433235761857232
329,0.6347808611781062,3.490549420940639,-2.8557685597625095,0.9539926395143727,0.00908032301573976,2.609015119796947
330,0.5980257820715366,3.4419699284836978,-2.8439441464121273,0.9632128236677984,0.009303090304293283,2.600710579741343
331,0.8225994533598765,3.6677318618013097,-2.8451324084414864,0.9741458544732253,0.009410268799338694,2.596778124035424
332,0.7407152492548817,3.6223867238876237,-2.8816714746327534,0.8826961711234445,0.008074228508732354,2.6489499631308817
333,0.7429385987602387,3.5960362592961377,-2.853097660535923,1.047954061674896,0.010133403047394868,2.5712435657243913
334,0.6236818995143864,3.48090073376923,-2.857218834254809,0.9758484465223329,0.009301574940394726,2.6007664687309457
335,0.5809760554138762,3.442366111157217,-2.8613900557434135,0.9030394798495276,0.008478535402898953,2.632394486046163
336,0.6136724699322172,3.4716645181086387,-2.8579920481764702,0.9192938611974517,0.008684992777266495,2.624211137735313
337,0.6986292591209263,3.54690386731512,-2.848274608194174,0.9826598374551967,0.009470076147531026,2.5946010849521093
338,0.7385257251782974,3.616535886295638,-2.878010161117345,0.9258747088050729,0.00855937878155865,2.629169096893851
339,0.5199611081549079,3.411845505740837,-2.891884397585841,0.8172119827713709,0.007313567147345675,2.6822185122823345
340,0.7170676665075376,3.551795427437248,-2.8347277609296953,1.0218623995976652,0.010051405353338426,2.574055826135556
341,0.6414905735707549,3.5007445959970194,-2.859254022426285,1.0360892131628443,0.00993445300175625,2.5781024816132567
342,0.7293292108803285,3.5090603650969165,-2.77973115421662,1.1116241206098445,0.011754798553527767,2.5194210881342225
343,0.5763068494464875,3.440231036970825,-2.8639241875243897,0.861440244603568,0.008014857724772376,2.6514432648223187
344,0.7585456110957608,3.604151306822645,-2.8456056957268174,1.074956246929144,0.010518395127368588,2.5583044776092825
345,0.687531475621418,3.564925617757743,-2.8773941421363816,0.8840110989753982,0.008127300198204348,2.6467350494220963
346,0.696473067393859,3.5497652368736445,-2.8532921694799143,1.0008777229677026,0.009615333478153413,2.5893642178651484
347,0.7194005880622768,3.550398837045791,-2.8309982489835193,1.079249244998512,0.010739105203805919,2.551075522476028
348,0.5578305970901652,3.3958962767500354,-2.8380656796598487,0.9666808400659552,0.00940312879721873,2.5970388503502786
349,0.5611647263452738,3.4138908244219484,-2.852726098076573,0.9653242740896291,0.009234386156483594,2.6032526995913954
350,0.7637399628585996,3.6116282584770016,-2.847888295618418,0.9528169929667687,0.009148610847197484,2.606450267297559
351,0.7016662119044582,3.5213770337277093,-2.8197108218232643,1.0899734664601126,0.010997338683168647,2.5427833723977296
352,0.7162003900980295,3.5628574536111013,-2.8466570635131347,1.0430479379542512,0.010152133818882511,2.5706040037570093
353,0.7218142289288977,3.5884040957213688,-2.866589866792424,0.929335523321829,0.008707465160652714,2.6233309233272757
354,0.7059156030246555,3.5711955277100818,-2.86527992468541,0.9062581841147419,0.008475284666444509,2.632524754160716
355,0.6659440637339372,3.5302365623437173,-2.864292498609757,0.9489780656661233,0.008939795873120502,2.614347885342958
356,0.7938545753821614,3.638183925007452,-2.844329349625241,0.9302223672779668,0.008939206782838698,2.614370397430416
357,0.7812903987487431,3.587313072313892,-2.8060226735651668,1.0123165067924649,0.010270170546489654,2.5665976431414985
358,0.6976615648130661,3.613305991863933,-2.915644427050779,0.982995574259651,0.008783391299203682,2.6203719350973986
359,0.5800467257362157,3.4814812624348783,-2.9014345366985026,0.8217406740051072,0.007279358774135037,2.683786443463946
360,0.4777359544427696,3.3454562530955747,-2.8677202986528982,0.9281924422047785,0.008684203467688579,2.624242090965032
361,0.69748558670573,3.532299191497548,-2.8348136047918615,0.9521236578080465,0.009276966220938524,2.6016752159049292
362,0.6947700243396099,3.563650049401845,-2.86888002506214,0.9116482230459806,0.008497681833397034,2.6316281281643668
363,0.7844070202707968,3.592223066920487,-2.807816046649691,1.0844646594774985,0.011079781982955204,2.54017245852668
364,0.7680414300842727,3.6166349200388157,-2.8485934899546237,0.9706725871351085,0.00933578798290774,2.5995066124660773
365,0.7286682097910585,3.576474079483378,-2.8478058696922517,0.9593219351799291,0.009220286838651559,2.603776474382741
366,0.6113836242707208,3.46441321357868,-2.8530295893079938,1.0215936286191685,0.009844728474688175,2.5812358998380365
367,0.8707339666261674,3.7279836756908042,-2.857249709064604,0.9084612547568547,0.008576394561254572,2.62849369384379
368,0.5134797227213909,3.371867303724749,-2.8583875810033987,0.9896782103259618,0.009439052301756169,2.5957288439698165
369,0.7939679704253336,3.6371708315522864,-2.8432028611268834,0.9758132672707847,0.009449028088309861,2.5953658503894954
370,0.7874665823761603,3.654071112993092,-2.8666045306169963,0.9614836166067304,0.009050083588796396,2.6101564007553524
371,0.713197219033637,3.587035924712979,-2.8738387056793044,0.9255349144624698,0.008596282878641517,2.6277057886122104
372,0.798337590731299,3.620229398243174,-2.821891807511861,1.1177476097479324,0.011288626310984679,2.533634952627892
373,0.7637647134759987,3.5655857297710454,-2.80182101629498,1.1028916505641198,0.011368606964117184,2.5311597120714215
374,0.5961781883319105,3.4449786137471246,-2.848800425415334,0.9849509053557326,0.009489523430462747,2.593895828761934
375,0.6902756042261359,3.582677226725504,-2.892401622499392,0.8229385422653532,0.007367192275263965,2.6797738120617773
376,0.6416109341529278,3.5154134309246126,-2.873802496771873,0.871688047548183,0.008031846397017659,2.650728133852675
377,0.5919737976173479,3.402451497426554,-2.810477699809212,0.9451813037440215,0.009457074233709893,2.595073320506657
378,0.7444079036516683,3.5995595208997426,-2.855151617247998,0.9717369480521965,0.009278652233626112,2.601612886480217
379,0.7973629378673109,3.6488619276565832,-2.85149898978932,0.9892418459001786,0.009507592825491165,2.5932416959953595
380,0.6516736285506027,3.509547222852222,-2.8578735943016227,0.9873254182944136,0.009418995202235774,2.596459707791096
381,0.6809971116061803,3.523736601959761,-2.8427394903535514,0.9817794007923835,0.009519511927845312,2.592810817453336
382,0.5688350259791747,3.4149860553612865,-2.8461510293820993,0.940635505646831,0.009033936037152183,2.610767228589554
383,0.5786001692629185,3.425360098185997,-2.8467599289230066,0.9226792917806494,0.00883288395477565,2.6184553913497455
384,0.7519712609346157,3.592412043799873,-2.840440782865244,1.0441444216679086,0.010235013022208401,2.567786642586525
385,0.7267066566653199,3.5854447671104563,-2.858738110445188,0.9142783666618273,0.00862404344386682,2.6266087329606163
386,0.614862402476993,3.4457911797542633,-2.830928777277336,1.0622466942810165,0.010548014521587613,2.5573265549403192
387,0.570387385570703,3.4793612310286464,-2.908973845457922,0.8727556633321987,0.007727352440892012,2.663756285522655
388,0.6674855822982323,3.540181553670236,-2.8726959713720817,0.9501447262958875,0.008867808346500708,2.6171087513427236
389,0.5855553418732512,3.451564240743783,-2.866008898870632,0.9836790596954879,0.009294139863407377,2.601040803770547
390,0.590104324670952,3.4761341118895523,-2.886029787218604,0.8702031035400268,0.007905485928718587,2.6560799935598842
391,0.4517433261813636,3.3296979187135363,-2.8779545925320917,0.9062760884453962,0.008354508366195553,2.637396630742195
392,0.6359213254456705,3.4749772113208635,-2.8390558858752684,0.9444953448033784,0.009148970279600618,2.6064368124942425
393,0.7615790306662035,3.615005203326564,-2.8534261726603063,0.9866689758033318,0.009459021902814203,2.5950025433988717
394,0.7606892283549683,3.64272454106573,-2.882035312710741,1.0204514403644995,0.009518390457858652,2.5928513383644383
395,0.6691769286676305,3.5309244940876066,-2.8617475654199325,0.9370597192487433,0.008837862742328265,2.6182631252508126
396,0.6104274529204673,3.4953673178455467,-2.884939864925059,0.8972297002181315,0.008194727963524452,2.6439395919390907
397,0.5899686342322553,3.433256892288177,-2.843288258056077,1.0565169456543693,0.01034006526868783,2.5642445806489818
398,0.79171223025036,3.626231771026798,-2.8345195407763413,0.9314589123377066,0.009052598903039898,2.610061339331393
399,0.6362887227704647,3.50734681380989,-2.8710580910394583,0.9818916751729618,0.00922246720277546,2.6036954294523653
400,0.6798812511853981,3.514864492163023,-2.8349832409775217,1.0643586100366573,0.010524212508650207,2.5581122160897904
401,0.7126016188077443,3.568336967489818,-2.8557353486820602,0.9469587077715254,0.009004766798529013,2.6118731147611505
402,0.48242572701950903,3.339301909224884,-2.856876182205383,0.9170023222717059,0.008671430135367707,2.6247433544605365
403,0.5447013935239425,3.3999965829883325,-2.855295189464414,0.9783993083489926,0.009349393542471433,2.5990067477779983
404,0.6167202887578384,3.4872581525736,-2.8705378638155707,0.9095782984175513,0.008459892954651844,2.633142159916067
405,0.6754696213353014,3.4928053205400125,-2.8173356992047047,1.0391159224076547,0.010445148135504121,2.5607333824332406
406,0.6678219355271636,3.5087034240098,-2.8408814884827507,1.0182740193450714,0.00994264405118984,2.577817685806549
407,0.6606608978943228,3.4927204192189305,-2.832059521324595,1.0193995246415213,0.010053918720075402,2.5739693226333302
408,0.5008067271195301,3.3706868552878357,-2.8698801281683473,1.0809973439091398,0.010304175757260437,2.5654510557791226
409,0.6551038609671792,3.503354047621022,-2.848250186653786,0.9990314970481451,0.009649612482522945,2.5881386726864872
410,0.703027326239399,3.5084574788783978,-2.805430152639019,1.0126270816604006,0.010280558968585598,2.5662470084112123
411,0.5996883190110708,3.415294938190042,-2.8156066191789932,0.9879118192592191,0.009883861000902614,2.579866172837224
412,0.8249596500288504,3.6320921151709213,-2.8071324651421037,1.009869669372406,0.010229385964550303,2.567977282602801
413,0.7233867715564116,3.5667101340118266,-2.843323362455294,0.9910999607088746,0.00961575434988341,2.5893491472294277
414,0.8266556612955952,3.687564657038163,-2.8609089957426477,0.9968983130175237,0.009490467597585258,2.5938616213384806
415,0.8533917112804289,3.692660957921984,-2.839269246641493,1.0781638219570515,0.010628687743477456,2.5546753569917557
416,0.6438867289326623,3.5155624482579957,-2.8716757193252533,1.0166128099667184,0.009588019591876183,2.590343537329136
417,0.7825357929634634,3.617953488757912,-2.8354176957943764,1.1018557467394907,0.010941322075246764,2.544567314699863
418,0.901355560615903,3.719135704247891,-2.817780143632035,1.1035380117578495,0.011176648157044517,2.5371267448611228
419,0.46433631962485433,3.3582624445846423,-2.893926124959876,0.8955854941597767,0.008094695359099825,2.6480942524162097
420,0.7319285971649293,3.6089358553254116,-2.877007258160461,0.9293512403388486,0.00860564883682647,2.6273353065312715
421,0.6059431113143233,3.4867954675837747,-2.880852356269429,0.8861445713360712,0.00811756073009785,2.64714054812458
422,0.8050320401065306,3.665266947628259,-2.860234907521658,0.9288311675643905,0.00876488995325738,2.6210908559222768
423,0.7461756447510112,3.5834763927942954,-2.8373007480431625,0.9819749191043594,0.00958007519653551,2.590628844781136
424,0.7307960577185127,3.5571767257668765,-2.826380668048273,1.0734450225256567,0.010728493295767399,2.5514200592190956
425,0.6260127208924956,3.449240777670909,-2.823228056778362,1.0744415274396035,0.010777520142267976,2.549830830826906
426,0.6312844719815217,3.504459279325516,-2.8731748073439576,0.927605790912351,0.008624596992705482,2.626586889663878
427,0.6861948144289641,3.5052051415943235,-2.8190103271653015,1.1070403692908977,0.011201626047428801,2.5363451809426465
428,0.49782455532896674,3.387152528647697,-2.8893279733187,0.8208953643243744,0.007372421088939894,2.6795362921737507
429,0.549261008096883,3.3878341874433153,-2.83857317934644,1.0176701267426478,0.009961662273219724,2.577157243587716
430,0.7838622914905414,3.6272968716064384,-2.8434345801158543,1.0947650674886016,0.010765161954197595,2.550230820514969
431,0.6019291258780782,3.4900436532448924,-2.888114527366838,0.8755605402871787,0.007941826355453718,2.654533032167688
432,0.4601348110347686,3.320430067491015,-2.860295256456311,0.8736156546229454,0.008176794446791428,2.644681074163865
433,0.7056220427557406,3.548386907213357,-2.8427648644576493,0.9583549257840316,0.009262256649445466,2.602219436477765
434,0.8486923243741472,3.70221985718833,-2.853527532814269,1.078354908373525,0.0104637487495079,2.5601151453208866
435,0.5303553175275425,3.415541544584863,-2.8851862270573747,0.9019623490238979,0.008241512974072893,2.642012024963422
436,0.5282979110725051,3.3975545942808787,-2.8692566832082775,1.010943942570189,0.00955297286120078,2.5916037623030257
437,0.7625022496059642,3.61143770071704,-2.8489354511110605,0.9090923058852827,0.00866447749886725,2.6250164739955713
438,0.6376101125088013,3.44904948723071,-2.811439374721772,1.048169853767968,0.010617933640532116,2.5550277376086843
439,0.6232499294017003,3.505561549748952,-2.882311620347309,0.8870917343686107,0.008113931877150819,2.6472917452748854
440,0.6975955122318197,3.569818727156497,-2.8722232149245883,0.9463236494384422,0.008832007143689133,2.6184892612355615
441,0.5656871394929709,3.448024658020183,-2.8823375185272653,0.9895655897533315,0.009187480438655088,2.6049979696454444
442,0.897381274918294,3.7529498991565204,-2.8555686242382308,1.0831523297301553,0.010492991497156748,2.559145164790389
443,0.8597988868941598,3.6756247233577164,-2.815825836463546,1.1395377975896377,0.01161641898411967,2.523587371676856
444,0.7663961621386676,3.6150120212125088,-2.8486158590737887,0.8697937697609435,0.00824542264864735,2.6418513879798846
445,0.7377500653200201,3.564005243076011,-2.826255177755911,1.0350300049343377,0.010295498486892278,2.565743315481219
446,0.9300043229903764,3.7310664895296433,-2.801062166539282,1.0809383810363458,0.011122198869265888,2.5388358667694564
447,0.8446445141812461,3.667295274928256,-2.822650760747024,1.0821434922561235,0.010872191685697148,2.5467801103271044
448,0.7142811468994438,3.577733180010519,-2.8634520331110025,0.9471661314441442,0.00892888793842178,2.6147649471443626
449,0.6469769837307154,3.503066915294545,-2.8560899315638153,1.0103829179014618,0.009688750973849185,2.586744127226621
450,0.7592497022313779,3.5972134088401666,-2.837963706608889,1.0649535734191482,0.010496014838588166,2.559045017916473
451,0.8142481018736504,3.6468767492072582,-2.8326286473336495,0.9339346316631052,0.009099251252819669,2.6083024655251137
452,0.6214022154873561,3.518487101183237,-2.8970848856959037,0.9097279977941026,0.008210699863278938,2.64328043667592
453,0.7269602580823772,3.537027775816601,-2.8100675177341827,1.04795510949488,0.010631739442208738,2.5545754194724175
454,0.688562178665498,3.561255557866865,-2.8726933792014506,0.8880087223975468,0.008212736668174063,2.6431964608935967
455,0.5308445398287546,3.427239355625779,-2.8963948157969526,0.8754925763776635,0.007866660398258521,2.6577397958687627
456,0.7789655185726957,3.5991791829996544,-2.8202136644270013,1.006661444815307,0.010044179920891494,2.5743046139362793
457,0.8106975559704693,3.6716280592890596,-2.8609305033186274,0.9525180294834126,0.00901177460121835,2.611607138043428
458,0.6402338593910514,3.4778061491991497,-2.837572289808122,0.9550215641049238,0.009279986142994155,2.6015635809610136
459,0.4907454169979161,3.3776113412754065,-2.8868659242774584,0.8686728788815645,0.007882219024498547,2.65707378107227
460,0.5721711623881361,3.4501882921199294,-2.8780171297316883,1.0059313375674677,0.009406297790811405,2.596923108704891
461,0.7703510808438437,3.5873493191932098,-2.816998238349356,1.0912004755934654,0.011044591203621116,2.541284804059935
462,0.7315592503683689,3.553043703403636,-2.821484453035282,1.0896655697825546,0.010972187901367591,2.5435833398001066
463,0.6897844516779429,3.4654759036008254,-2.7756914519229667,1.1310122550041266,0.012040230987763861,2.510963017650402
464,0.8417493799095069,3.7329421727493988,-2.891192792839888,0.9663496337321478,0.008853706280775956,2.6176519377250895
465,0.4580287917946094,3.2813030536809937,-2.8232742618864677,0.9458242703199597,0.00932841041356332,2.5997779342570295
466,0.5346589554883309,3.3776065556562656,-2.842947600167804,0.8799655210196322,0.008408493826208722,2.635211230806782
467,0.66828317447561,3.5682618866009874,-2.8999787121252893,0.8873033608102245,0.007954834502197182,2.6539808339659405
468,0.8010496144626046,3.621566890651294,-2.8205172761887525,1.0456294872716743,0.01048203911183136,2.5595081728698688
469,0.8165193251188526,3.653457102829011,-2.8369377777102045,1.0085549206166593,0.00987858544183647,2.580050547255554
470,0.9891925057469194,3.82968487521519,-2.8404923694682793,1.0542069929082127,0.010346558064126087,2.5640267146218525
471,0.9269543476279892,3.7565580040233413,-2.8296036563954203,1.0431031452835842,0.010347835803473242,2.563983854352131
472,0.9531697972479293,3.780668376591612,-2.8274985793437963,0.9252614660858485,0.009056299431284867,2.609921527903918
473,0.5517161477342739,3.4239666779321456,-2.872250530197789,0.8919909753695474,0.008258636439131287,2.641308976323598
474,0.7539662171312699,3.580179163662643,-2.8262129465313137,1.0848867418280141,0.01086041385097676,2.547158353311653
475,0.5281593350296049,3.428113190043764,-2.8999538550141324,0.9957094094966741,0.00907158830234775,2.6093444319219947
476,0.5579182400497217,3.3941850219643217,-2.83626678191456,0.9679966519091221,0.009436731111648625,2.5958133552639047
477,0.6549924274412348,3.5174648229680394,-2.862472395526879,0.9896058157367802,0.009395077621218067,2.59733306127592
478,0.5297473241415588,3.326507117822753,-2.79675979368119,1.0967787834249703,0.011360937390667089,2.5313963986086145
479,0.7266048454987327,3.6154891963111955,-2.8888843508124182,0.9450767883122988,0.008654538614847192,2.625407242259115
480,0.6171185728783172,3.491989476892884,-2.8748709040146423,0.9096329861242014,0.008419012076224277,2.6347869000700475
481,0.6561921538409393,3.5343447892338795,-2.8781526353930076,0.9649371115631389,0.008969642715923307,2.6132090185554975
482,0.6825232575168826,3.5019163380453278,-2.819393080528357,1.1084718651673486,0.011213310400015416,2.5359801061074028
483,0.7758327806122821,3.576347894427735,-2.8005151138155497,1.0571434883756126,0.010852297306601214,2.547419226891415
484,0.8231588774059361,3.6804261006218195,-2.8572672232158993,0.9440121863877537,0.008957492953356697,2.6136722083290884
485,0.649842098134846,3.547088835059031,-2.8972467369242167,0.844294417648598,0.007542128855614431,2.671908154119375
486,0.6818928630088891,3.4880559562938553,-2.8061630932849084,1.0413111220876656,0.010601641006784474,2.555562204919554
487,0.6824725088148312,3.5612763876903046,-2.8788038788754875,0.9127786509408629,0.008414471684980487,2.6349700118468475
488,0.7628958331172185,3.5780147225104924,-2.8151188893932613,1.0351716147379402,0.010426066275090433,2.5613686336637924
489,0.7047243403379667,3.536368586468233,-2.8316442461301676,1.0674923068928754,0.010598728469174132,2.555657825431543
490,0.6860101077130508,3.5271602779941467,-2.8411501702810256,1.0267021983939078,0.010033104286758045,2.574686282385278
491,0.622180865558667,3.497977674642955,-2.8757968090843633,0.9231276433267539,0.008551934411617754,2.629464961928322
492,0.6733596934392295,3.5184750462139793,-2.8451153527747692,0.9871894716773189,0.009553477304939334,2.591585594083716
493,0.6599513842850143,3.5409058293300917,-2.880954445045063,0.9546089614420334,0.008832570574877676,2.618467496396179
494,0.635767502934064,3.5185883492568526,-2.8828208463228293,0.849461037066342,0.007720574931938601,2.6640514677501446
495,0.7104708742117424,3.5720354497826183,-2.86156457557081,0.9162002120366972,0.008616937795836934,2.6268892365195478
496,0.8591332505475208,3.700907638846147,-2.841774388298518,1.112684079530563,0.010986141237182253,2.5431393270182236
497,0.7486273565564175,3.5753211478259606,-2.8266937912696903,1.023124305604102,0.01015639066018578,2.5704588004903903
498,0.6897522712238157,3.535995836715434,-2.8462435654917044,0.9015855498741052,0.008609888109907843,2.6271677353147265
499,0.7714912551135654,3.641921697087453,-2.8704304419738946,0.8899138761280296,0.00825390446075045,2.6415031295528677
500,0.6412344746400919,3.451843793048415,-2.8106093184082965,1.2169360873629265,0.01258841119297385,2.4952057547060824
501,0.7070259796961323,3.58919545251323,-2.882169472817054,0.9165241364821912,0.008421524411470082,2.6346856167616983
502,0.6763153859520713,3.532045230076459,-2.8557298441245393,0.9422097887615721,0.008953637135667825,2.613819322345218
503,0.453789224470475,3.3643767844483023,-2.9105875599778983,0.8077013246836047,0.007064204502496874,2.6938023349646385
504,0.6724551897178713,3.453898868004321,-2.7814436782864504,1.12145489598896,0.011849757449285429,2.516587196680803
505,0.6428028010881149,3.546498051131151,-2.903695250043029,0.7771859058790183,0.006816945758240781,2.705656798367487
506,0.6566122623407779,3.4894077051503456,-2.8327954428095836,0.9933108419567738,0.009754741255989866,2.5844041549375416
507,0.689056621741193,3.5933233416898083,-2.904266719948623,0.8401000123453843,0.007439769902706747,2.6764903913120266
508,0.77273200632998,3.6385668444146426,-2.865834838084652,0.9690838818860579,0.009139331228317633,2.6067977991163582
509,0.4955819446023412,3.3468281359678653,-2.8512461913655898,0.9025178300783414,0.008571126018921708,2.6287026886277425
510,0.6975084966057835,3.54896128321916,-2.851452786613436,1.0440985045844517,0.01010952514774709,2.5720604042994593
511,0.8819077661662419,3.707946393597011,-2.826038627430762,1.0442920773854172,0.010402530372438013,2.5621535901108277
512,0.7160695282956254,3.5846082902921137,-2.868538761996547,0.815351138369794,0.0074926998939106185,2.674113899127242
513,0.644602508907829,3.5470039204328647,-2.902401411525034,0.9743224025610528,0.008825149185924799,2.6187542774515085
514,0.47424354011524483,3.3140719661956983,-2.8398284260804303,0.9335667061757258,0.009021406030270535,2.611241884438653
515,0.5985990535357274,3.4560960680692996,-2.8574970145335783,0.9787055718914828,0.009329588648082735,2.599734589974159
516,0.5972068586371421,3.4366220522001982,-2.839415193563127,0.9958957471514158,0.009711064394463528,2.5859513226153257
517,0.7396757765460421,3.593957181993946,-2.854281405447864,0.8908001289430665,0.008416303118778137,2.6348961403787694
518,0.507078136587657,3.426091205986918,-2.919013069399284,0.8454177845017767,0.0073681300114307145,2.679731204085906
519,0.5964743278011525,3.444581950387285,-2.8481076225862125,0.9687014296024923,0.009319388461896323,2.600109991147978
520,0.537983466715778,3.387002031668574,-2.8490185649527575,0.8631496352495387,0.008170609715348411,2.6449371266658406
521,0.5131250567027251,3.3741251500705176,-2.8610000933678066,0.8717282420332579,0.008150276705432358,2.645780152844015
522,0.6994343583499955,3.5198137856047276,-2.8203794272548066,1.0552827991627596,0.010593406730339263,2.5558326019714044
523,0.6615468185333299,3.4956228586875864,-2.8340760401542866,1.0712175852572097,0.010611994338038954,2.555222487322484
524,0.6081612151236783,3.444109448183616,-2.8359482330599803,1.0422595881416057,0.010265376647244761,2.5667595554659246
525,0.47242340190745435,3.352437475778714,-2.880014073871166,0.8904865184153348,0.008170460222613439,2.6449433179236084
526,0.657034653549536,3.519537890222806,-2.8625032366732057,0.9696531130440875,0.009179789149405695,2.6052849060805063
527,0.6328353043334033,3.4925974009523775,-2.8597620966188515,0.8719765704256213,0.008164410852680467,2.6451939383336933
528,0.7406741790513166,3.602054424484273,-2.8613802454328834,0.9873539373826834,0.009382278682527613,2.5978012310954335
529,0.6031464409813821,3.4320352278757684,-2.8288887868943675,1.0037502978012238,0.009914345498733641,2.578802490393891
530,0.6113907464684786,3.4443786121911155,-2.8329878657225436,0.9989682915140947,0.009815595245910327,2.5822587826210306
531,0.9205349151285332,3.7666036285876303,-2.84606871345909,1.029646871267856,0.010010596103085544,2.575463076215909
532,0.7843064371015686,3.5905132467438174,-2.8062068096422763,1.1403478020503597,0.011749862291610054,2.519568957213138
533,0.7325456909335258,3.54556203533185,-2.8130163443983065,1.0298549668252739,0.010389882739249201,2.562576059992196
534,0.7620046233334875,3.605347859599244,-2.843343236265696,0.9209821456271758,0.008848690409272686,2.617845326488215
535,0.813557615528785,3.644191869286107,-2.830634253757239,0.9981696732707828,0.009832647330356306,2.5816597473125746
536,0.562455997876205,3.3865510051448866,-2.8240950072687383,0.9607103626737814,0.009485681225495927,2.594035064176241
537,0.6162215101189673,3.488180061738967,-2.8719585516199686,0.9463245112985543,0.008834654574334203,2.6183870041509953
538,0.6179990090650932,3.500424907507106,-2.8824258984419657,0.8772282829815621,0.00801067024479201,2.651619743510096
539,0.9026378590815426,3.7160992295831545,-2.8134613705016136,1.0290459758053692,0.010375481043904277,2.5630576785290757
540,0.5657280709377716,3.447091082320504,-2.881363011382632,0.8614495758400249,0.007857115134256779,2.658148982193235
541,0.6248513221445279,3.4674185426820094,-2.842567220537603,0.9753106028373109,0.009450268284851905,2.5953207466734196
542,0.6924540641074287,3.534383067086307,-2.8419290029789863,1.0653729870512807,0.010454471315992213,2.56042338129172
543,0.7853888988348586,3.6152153678794696,-2.829826469044633,0.9273001707587052,0.009054928674362027,2.609973311178057
544,0.7382519407652722,3.608645203017091,-2.8703932622519233,0.9196057334423893,0.008567157269954514,2.6288601985112914
545,0.5655559830189446,3.414878552190847,-2.849322569171818,0.9517245963047081,0.009121949365822208,2.6074496172208126
546,0.712294392889126,3.558268278189933,-2.8459738853008503,0.9793296115913463,0.009458114580194611,2.5950355133323257
547,0.6421681059515464,3.5210218704012752,-2.8788537644497865,0.8600473201277719,0.007865108704380893,2.6578062835891907
548,0.6680603186739432,3.5676200651424543,-2.899559746468526,0.9460627285218517,0.008561118129252192,2.6291000023515076
549,0.6152277433201249,3.4655829870468025,-2.8503552437266535,0.8825381382959221,0.00836540367911262,2.636954559277977
550,0.7561375328684704,3.6298310112751246,-2.8736934784064943,1.0385155129811667,0.009801727090827194,2.5827466514852
551,0.5926036157352342,3.4242890738327234,-2.8316854580975814,1.0514079428677081,0.010417142189250772,2.5616660791031833
552,0.6558886362313302,3.481589839022297,-2.8257012027910378,0.9726206100998864,0.009601357953651654,2.589864989781659
553,0.5804981278889642,3.4100045696943755,-2.8295064418055063,1.0570495452318656,0.010506091851107574,2.558711406456947
554,0.5513728272722943,3.4117105486994608,-2.860337721427186,0.9782853222527172,0.009295300096124417,2.600997981303515
555,0.6931720491277161,3.5332537792826506,-2.840081730154907,1.0332653971546126,0.010118038741437012,2.5717689660779084
556,0.6246378407242815,3.4625409484701355,-2.837903107745774,1.0584975249471889,0.010424449676834483,2.56142249910327
557,0.6251239777030747,3.4765248131973707,-2.85140083549436,0.8936961986769676,0.008474956607730224,2.6325379030760496
558,0.6939141172767819,3.5383514138550285,-2.8444372965783487,1.0450813208887193,0.01019986448239922,2.568978978037897
559,0.8884479184462094,3.6545624753358523,-2.766114556889761,1.1262463266254057,0.012110641797585992,2.5089039259697405
560,0.6229245934246052,3.4698640351262484,-2.846939441701579,0.9860774033193103,0.009521732030916679,2.592730613326869
561,0.6746088707837913,3.5235100560972907,-2.848901185313366,1.0248707167981874,0.009926361908451298,2.5783840074744804
562,0.7713567228732842,3.623826454217261,-2.852469731343831,1.0134389469231473,0.00976156525124811,2.5841629861044075
563,0.8980869063947153,3.7171406441456365,-2.819053737750778,1.036872972376266,0.010399633424229601,2.5622503167276878
564,0.9472141066724958,3.7888568344689912,-2.8416427277963976,0.9690461133641446,0.0093912762181442,2.5974720526116033
565,0.7233549611006452,3.5742921393911513,-2.8509371782905646,0.983491279765413,0.009450841411029805,2.595299904889471
566,0.7342116439214038,3.556884482521214,-2.8226728385998285,1.1094918415679846,0.011184322807428272,2.5368864383345926
567,0.7200464962927441,3.555213816602929,-2.8351673203102337,1.0513280073134486,0.010375879194951696,2.563044355650099
568,0.8975084985202016,3.7141261811278015,-2.8166176826076708,1.0186675078762668,0.010220968165097773,2.568262644975074
569,0.6158831507490191,3.447083296197738,-2.8312001454486335,0.9699729314310834,0.009512686715086342,2.593057491697632
570,0.8871369622652224,3.7267216007530792,-2.8395846384878496,1.0516986484674131,0.01032903646653205,2.5646149317719598
571,0.4824860239672176,3.316614335213298,-2.834128311246104,0.9474403915333989,0.009232504700463077,2.603322552417144
572,0.7139542454977942,3.576091670103272,-2.862137424605521,0.9887874282554003,0.009389776397968933,2.5975269045946665
573,0.5527968172319703,3.421035292709831,-2.868238475477824,0.9220174745789564,0.008613638443990698,2.6270195524951374
574,0.5447939147659241,3.387997964185438,-2.843204049419569,0.9268919334205941,0.008914350986093311,2.6153214713213497
575,0.7412302996431123,3.568020951729858,-2.8267906520867427,1.057905393452615,0.010547618414343485,2.5573396168106313
576,0.8218949927718228,3.645058840111622,-2.823163847339856,1.0465968005273212,0.010462079220949163,2.56017059624602
577,0.6423930008904705,3.505416507377278,-2.8630235064867975,0.9620367112678263,0.009092605901169034,2.608552514283632
578,0.5606575599790545,3.376392935521753,-2.815735375542772,1.004249327095129,0.010067411595762856,2.5735052621264125
579,0.8618156862430538,3.6582023367635617,-2.7963866505205033,1.0671420141152503,0.011018991509238659,2.5420959651142594
580,0.6952899388312431,3.5846546842022975,-2.88936474537104,0.9211665929467108,0.008401315381384212,2.6355010986629295
581,0.696711037431092,3.5415316311755034,-2.8448205937443163,1.0202444445103271,0.009920655859880976,2.5785826697493928
582,0.7767894179631781,3.659685386814766,-2.8828959688514715,0.9364910135105682,0.00862324342651654,2.6266403042350275
583,0.6024744497718671,3.4935406717331747,-2.891066221961296,0.9295519550585591,0.00847203632158868,2.6326549710751266
584,0.5421914156929603,3.391271619686464,-2.8490802039934806,1.0050596002809378,0.009706714614771926,2.586105744494706
585,0.500977499738488,3.3723122077408694,-2.871334708002337,0.8835366261756397,0.008178525095454347,2.644609455054633
586,0.8180492054607299,3.6914328434022683,-2.873383637941515,0.9376261539368544,0.00872840948272243,2.6225123869990146
587,0.7894883736605521,3.66032200736557,-2.870833633705047,1.0541507991384984,0.010002058074090655,2.575758144418402
588,0.5910449514417365,3.4613778691770745,-2.8703329177354817,0.9108953390610983,0.008475754256477818,2.632505933323181
589,0.7009145716466406,3.562144774408861,-2.861230202762272,1.037831796778033,0.009931545440492821,2.5782036253468266
590,0.7604001183185488,3.58419796721792,-2.823797848899403,1.0658304258775992,0.010672817872757511,2.553232653356411
591,0.6955847678212791,3.5012272777201816,-2.8056425098989166,1.0425450325660086,0.010622025254238995,2.5548936299583755
592,0.6379871496591164,3.4890713484474625,-2.851084198788385,1.0039395468441181,0.009672673762700925,2.5873163662839382
593,0.6556799470105176,3.5117469162367514,-2.8560669692261627,0.9550561849561217,0.009088747536585494,2.608697770228675
594,0.6080732840974775,3.4497089665661744,-2.8416356824686773,0.9979637767178682,0.009709708206900387,2.5859994621236058
595,0.534100781353564,3.4306262255391133,-2.896525444185613,0.880036169782402,0.00791185443013391,2.655808435665698
596,0.7188620803985856,3.590445214571553,-2.871583134173079,1.087432300322295,0.010354657237899925,2.5637551169828225
597,0.6000738277212946,3.4314720290746394,-2.831398201353295,0.9640794271317088,0.009445199658966386,2.595505116789924
598,0.6316279594390067,3.5211352695497067,-2.88950731011073,0.913869144378542,0.00832435037943269,2.6386229697840675
599,0.6352904940497325,3.4564334016900315,-2.821142907640251,1.0278583270959032,0.01027325965989567,2.566493345018797
600,0.7060253532637176,3.525709811359531,-2.819684458095935,1.1053917237125421,0.011174346692557314,2.5371988362438085
601,0.7938026353441415,3.6231969507116415,-2.829394315367381,1.0391917964535078,0.01030624330912099,2.565381450747436
602,0.7003230458162676,3.5426900897647156,-2.8423670439484567,0.9990359159549003,0.009713567391141105,2.5858624914719863
603,0.7977385434241938,3.6458135231749575,-2.848074979750777,0.9320895802095146,0.00892162795733454,2.615042782771387
604,0.6093045672332579,3.451317637802634,-2.842013070569351,0.9301395926637839,0.008961768833324495,2.613509133468088
605,0.5548936351057051,3.389645443160696,-2.834751808054989,1.0307312001749471,0.010150160172505977,2.5706713443460942
606,0.40481618505315564,3.2888590126063417,-2.8840428275531167,0.9383368309514815,0.00863138650622686,2.626319074177213
607,0.5848746568351458,3.424906041100963,-2.840031384265899,0.8839701833514264,0.008479810687802633,2.6323433932211477
608,0.5395031878015203,3.399851626237948,-2.8603484384364037,0.8563368856828457,0.007993782267463884,2.652332315983654
609,0.5278845390540624,3.4524984853587264,-2.924613946304703,0.9253562788121761,0.008114937388791002,2.647249844295989
610,0.7410807361165922,3.600929334830131,-2.8598485987135973,1.0156116765896317,0.009704864158478915,2.586171456394713
611,0.560143906323097,3.4141971946688776,-2.854053288345767,0.9485429856744891,0.009038998178617492,2.610575633619551
612,0.857458248529943,3.6970176761333486,-2.839559427603376,0.972109576542644,0.00944705885370114,2.5954374787574093
613,0.6592192837232375,3.482129830670958,-2.8229105469476963,0.992183360420545,0.009850994511588685,2.581016248529408
614,0.6273645911821774,3.5009231447539144,-2.8735585535717973,0.8643701768623981,0.00795777594196154,2.6538560814233367
615,0.4887472449255398,3.381942151540066,-2.8931949066145535,0.9187539727833429,0.008340071378894181,2.637983198849658
616,0.5076857520256141,3.403397160592935,-2.8957114085673084,0.8719146860202525,0.007836270730201149,2.6590440902482726
617,0.632251083116094,3.5094360244424627,-2.877184941326391,0.9235419808591754,0.008542863341202354,2.629825789064064
618,0.5954497226748486,3.423232313234004,-2.8277825905591953,0.9196341818695761,0.00899124328886468,2.6123869139582663
619,0.6879111037863964,3.517463746181203,-2.8295526423947877,0.9536520954049303,0.009349173283992096,2.5990148348471345
620,0.515396477404343,3.357126248881898,-2.841729771477503,0.9635683343787476,0.009330237558302206,2.5997107202857705
621,0.5867539416743653,3.4356781334300632,-2.8489241917557138,1.0048186748050367,0.009705769536702118,2.586139303943809
622,0.8188310596501566,3.636291648464866,-2.817460588814697,1.0491263424689574,0.010557720823560648,2.557006620158005
623,0.6282320800163376,3.436969834633959,-2.808737754617596,1.024261781755957,0.01037564207485744,2.563052290077308
624,0.6646405933213287,3.5561688135171576,-2.8915282201958235,0.9388196957585864,0.008563756162406936,2.628995232017538
625,0.6942177165943718,3.5150976283205027,-2.820879911726138,0.9902227420668319,0.00985143081076492,2.5810009590194123
626,0.6665470135923129,3.527062773661983,-2.8605157600696884,0.9547694979323313,0.009040182123189721,2.6105308367988473
627,0.8221484488162701,3.708310831426435,-2.8861623826101095,0.9138347052771658,0.008355587504990087,2.6373528222630376
628,0.7536981475429826,3.614128216239487,-2.8604300686964734,0.9156505282432508,0.008622157682896694,2.6266831553810546
629,0.577800147554845,3.4105571847745604,-2.8327570372197215,0.8957410545570219,0.008678878287011953,2.6244509867227865
630,0.7167380125892947,3.586704401142613,-2.8699663885533937,0.9092199292234004,0.008461594256962576,2.633073866437561
631,0.7395502568115176,3.6070095029559686,-2.867459246144449,0.863942952524543,0.008008831630326533,2.6516972568486556
632,0.6604394475747227,3.50190233154799,-2.8414628839733496,0.9059071219406889,0.008703665188234391,2.6234796206377133
633,0.7175949961839393,3.6153556272554055,-2.897760631071492,0.8990668172820091,0.0080951693765585,2.6480744568971515
634,0.5885117553660763,3.4562867405427986,-2.8677749851767658,0.8623759193871949,0.007989528070258559,2.652512030417108
635,0.6630722599289726,3.475118174911168,-2.81204591498215,1.0165305721493847,0.010249077153871971,2.5673105692435008
636,0.7536864045604176,3.6003487869770257,-2.846662382416639,1.0494194633455163,0.010222610463280116,2.56820695484478
637,0.6033152082012435,3.4601821461873654,-2.8568669379860694,0.9253395700726934,0.008760885630617506,2.6212466334022144
638,0.8187951283357421,3.622426727652446,-2.8036315993166454,1.0974462571585186,0.011282393716688304,2.533828492244965
639,0.6820900272953082,3.503270711399806,-2.8211806841045473,1.1060740498489763,0.011163652881503072,2.5375339837139763
640,0.6354369005903123,3.508864060883823,-2.873427160293545,0.8676944207856891,0.007993620013225412,2.6523391686854474
641,0.6836166009295453,3.5076113116414596,-2.8239947107118724,1.0088761691578148,0.010026591374884474,2.5749108938023806
642,0.6633998626831413,3.5291478464973793,-2.865747983814231,0.9085409142534404,0.008494969097743917,2.631736614583239
643,0.49116643190210707,3.346119731420163,-2.8549532995180016,0.9682841493583594,0.009243305602943893,2.6029217199967687
644,0.7691479149726689,3.5794544102279917,-2.8103064952551904,1.0622118849936772,0.010792734647221696,2.5493389521459133
645,0.9038116279193588,3.7134809952235748,-2.8096693673041955,1.121868288814749,0.011490171882558253,2.5274269675197494
646,0.540340670553283,3.3762492990877786,-2.8359086285345256,0.9157155282691458,0.008865916132402441,2.6171815912075505
647,0.8629776018099079,3.7024606405273217,-2.839483038717276,1.0121303649487683,0.009890071722911087,2.579649227939761
648,0.591568328490203,3.450289279135158,-2.8587209506448517,0.853796877584752,0.007981829130235986,2.652837482639264
649,0.695137973601382,3.564560212905072,-2.8694222393037307,0.8618415656731724,0.007968942908226636,2.6533828429654034
650,0.9309179533491857,3.7464659156964983,-2.8155479623472957,1.0780779490273582,0.010911691797422634,2.5455142247889895
651,0.6907741640927639,3.538871377860144,-2.84809721376746,0.962025203537503,0.009246707348060563,2.602795564345268
652,0.7786660069266332,3.652988474619534,-2.8743224676928776,0.866617582034181,0.00797425109949714,2.653158098379104
653,0.6560122275392274,3.491430480675842,-2.835418253136595,1.0902045449501852,0.010809868250241267,2.5487857672128658
654,0.7362871309982125,3.5877414105196643,-2.851454279521363,0.9701053759046767,0.009299599675747736,2.600839331777331
655,0.6619922660365688,3.450054773508477,-2.7880625074718637,1.1449437002879888,0.012042243410248801,2.5109040184358777
656,0.7055473852214987,3.562310207384306,-2.856762822162864,0.9786401981782489,0.009336585762205248,2.599477284332138
657,0.6685751869859956,3.5602690446860294,-2.8916938577001474,0.8590065181023827,0.007740158752323356,2.663199162436039
658,0.6000945352811783,3.5173885660791986,-2.9172940307980753,0.8684560152665437,0.007611683347680488,2.668826167062645
659,0.6262693600433437,3.476534089594271,-2.8502647295508723,0.9401693532843287,0.008986987453067473,2.6125487488455463
660,0.6217505551335222,3.4229019534488656,-2.8011513983152554,1.0123809826369803,0.01032717054874199,2.564677624763438
661,0.7000678498217127,3.543706079756381,-2.843638229934527,1.0722848384234116,0.010511630209736333,2.55852817371834
662,0.7262635396315232,3.5945500291999237,-2.8682864895683906,0.9441785881705265,0.008848502578322334,2.617852570281402
663,0.7326705599331177,3.599974326594672,-2.8673037666615073,1.0241469060489377,0.009716396394307946,2.5857621149439214
664,0.5021310170823113,3.316720966088863,-2.8145899490065176,0.9806555988720369,0.009813075931984865,2.5823473640778527
665,0.5924109810762189,3.441007787618186,-2.848596806541991,0.900901464286874,0.00857954212947391,2.6283688895279735
666,0.5532360980176833,3.4231534289188903,-2.869917330901103,0.9360253004520462,0.00874567358081172,2.621838998105692
667,0.706261410681796,3.5611877717113374,-2.85492636102947,0.9695384017323352,0.009257175967803928,2.6024075893133545
668,0.6254695057692657,3.521875363641817,-2.896405857872651,0.8837760540574626,0.0079511299340418,2.654138011153218
669,0.726944805870508,3.575810936468035,-2.848866130597571,0.9380899888965908,0.008978657681234849,2.6128656997584416
670,0.7977188992101588,3.666457395830824,-2.868738496620608,0.9372432535512809,0.00877026822934176,2.6208817284865806
671,0.826580871187835,3.668933402572574,-2.8423525313847904,1.0047220810547353,0.009776479030819112,2.583636436398669
672,0.6845354307268877,3.516368814357724,-2.831833383630851,0.9665297072467427,0.009467723019004726,2.5946865087988633
673,0.8663864753236709,3.6375027125561483,-2.7711162372324907,1.1030703307949494,0.011764665725514408,2.5191256753031745
674,0.7226507921952731,3.5537002521945493,-2.8310494599992353,0.9628215882900621,0.009434966927895532,2.595877599135981
675,0.704580918538673,3.5681936486810586,-2.863612730142222,0.987633959578766,0.009361802060591767,2.598551427600536
676,0.640136328399754,3.526027154117553,-2.885890825717752,0.8435225894108727,0.007632697688981366,2.667899979280338
677,0.7189670229116615,3.6013277463865454,-2.882360723475017,0.986055755162911,0.00915011840221132,2.6063938374375155
678,0.526872976799828,3.366404905754752,-2.839531928954898,1.0146061916939875,0.009916983961045707,2.578710564729491
679,0.6087093304952219,3.4850337734009753,-2.876324442905684,1.0130917648400795,0.009500638458479222,2.5934933206882596
680,0.6014371482221946,3.4527891750228155,-2.851352026800555,0.9859670679886885,0.009473433586066725,2.594479235167444
681,0.6614885792707724,3.523185041924297,-2.8616964626534127,0.981890562537113,0.009319986299034688,2.6000879786185185
682,0.5501691667163783,3.404699251447487,-2.854530084730982,0.9719969634935333,0.009287965183481177,2.601268782313848
683,0.6639968750782742,3.5010043310153,-2.837007455937055,1.114422701659847,0.01106388177560429,2.5406746589925415
684,0.7690773125682341,3.571829845804659,-2.8027525332365713,1.096978673345293,0.011287957034514183,2.5336557310004872
685,0.6079244686744602,3.4519317854037035,-2.8440073167291757,1.0495859984141944,0.010254768351819883,2.567118086441748
686,0.6693947693233809,3.5210562107181897,-2.8516614413947536,0.9566273830208112,0.009151060795550702,2.606358566572422
687,0.5357136439345055,3.388856516924769,-2.853142872990361,1.0107312121685896,0.00972459552252297,2.5854713468255297
688,0.7009417286677632,3.508249549400413,-2.8073078207326034,1.0071843049720501,0.010196649719269283,2.5690882141643856
689,0.7730185412865381,3.6514094577438327,-2.878390916457306,0.9003284536403857,0.008288224797973783,2.640097217190968
690,0.690115395912008,3.5752259941043145,-2.8851105981922274,0.9279236040737995,0.008512276520085665,2.631044995417582
691,0.683455625170032,3.5366586154437036,-2.853202990273644,0.9999350678008281,0.009606006646596894,2.5896983454181255
692,0.7748855918762189,3.6080497603801756,-2.833164168503913,1.0095315212233456,0.009931352161720426,2.578210349764109
693,0.7226484490569106,3.5542321171736595,-2.831583668116764,1.0462674361006303,0.010360537087631143,2.563558060559236
694,0.7835417153852319,3.6405625432698847,-2.8570208278846394,0.978456835654048,0.009331891415416927,2.599649891057429
695,0.8383726203929797,3.693669861973572,-2.8552972415806153,0.987613524515077,0.009449423539407033,2.5953514679714726
696,0.5334964942073753,3.4166149394085736,-2.883118445201262,0.8852144695949422,0.008087040228533801,2.6484140833361995
697,0.7688694903430274,3.6053929195496885,-2.836523429206636,1.1043730849106757,0.010956323971930429,2.5440887599998656
698,0.7088360499922061,3.5225717291632708,-2.8137356791710317,1.0036755096706247,0.010083510598487323,2.572952293216243
699,0.8858048290614903,3.718376019500622,-2.8325711904391255,1.0897982484907187,0.010839484439828772,2.5478313979948397
700,0.8907169390537234,3.686199975716916,-2.7954830366631995,1.143855121228951,0.0119311850847632,2.5141731169170307
701,0.6011215348061029,3.4592404873536826,-2.8581189525475565,1.002891466868228,0.009585304833077285,2.590441008877515
702,0.7687902343259253,3.6264402428095175,-2.8576500084835743,0.9788282083976745,0.009329311284844178,2.5997447930301574
703,0.8012664948154139,3.6549291168129927,-2.8536626219976142,1.0971106806020405,0.01066976573164781,2.5533322631365234
704,0.7936710060708861,3.598099768365833,-2.804428762294947,1.0670363921132364,0.010919501680568369,2.545264418758242
705,0.7564388181752889,3.6273574001821554,-2.8709185820068797,0.9916060135765241,0.0093278248758849,2.599799476531595
706,0.8676526236559908,3.736921592038098,-2.86926896838213,0.9341092839315706,0.00873174975398675,2.6223820063790235
707,0.5445868039938574,3.429499575667385,-2.8849127716734984,0.9255384978334313,0.008489307394518033,2.6319631345266257
708,0.7992418864038114,3.662830919976075,-2.863589033572339,0.9912071352519329,0.009400572824353788,2.5971322278972195
709,0.6334963803435499,3.4629598849874834,-2.8294635046438543,0.9670730060303907,0.009499081314419266,2.593549684180956
710,0.7079094318794347,3.5495096944943287,-2.841600262614861,1.0005005809504153,0.009738099154388242,2.5849929394633264
711,0.6901157059613666,3.5112527361330277,-2.821137030171599,1.0303474596956539,0.010301510843541436,2.565540789595924
712,0.684354042442115,3.5311986976295064,-2.846844655187283,1.017161843745459,0.009864246332756026,2.5805521254375083
713,0.7028344677331603,3.552321601548283,-2.8494871338151597,1.0456117123882895,0.01014842019856615,2.5707307217286286
714,0.48228017588848215,3.342095982914803,-2.8598158070263935,0.9536767557052537,0.009035570420798722,2.6107053589794145
715,0.7641859559009759,3.6367048015553345,-2.8725188456543265,0.9743634339407841,0.009127070186286043,2.607257471841415
716,0.7904927454818477,3.630272529690125,-2.8397797842083037,0.9968942709140103,0.009718128442684326,2.5857006725831093
717,0.6613242854098104,3.5451289038476816,-2.883804618437807,0.9032101489160578,0.00826740475517002,2.6409494749895877
718,0.7128892595063604,3.569423919770023,-2.8565346602636055,0.9861645537913188,0.009420573810660434,2.596402134323427
719,0.48170289056007787,3.3364979112232906,-2.854795020663232,1.0141141603013204,0.009743556875724866,2.584799750795218
720,0.5572729674487306,3.422537872267695,-2.865264904819014,0.9905623428412194,0.009375964115089638,2.598032420316122
721,0.5499873353337449,3.433858957779734,-2.883871622445895,0.9351501963743907,0.008599723302176917,2.6275696564856252
722,0.6988752152137664,3.559211718499561,-2.86033650328568,0.9643988902021499,0.009145602793116938,2.6065628877124376
723,0.794861815404252,3.580979884727235,-2.7861180693229244,1.1228550504595494,0.011805242072404663,2.5179131671212245
724,0.5673304065221515,3.407248632962269,-2.8399182264400906,1.0856152594190358,0.01070454010687917,2.5521988624626473
725,0.6513557056042515,3.486363129868337,-2.835007424264063,1.0377795119473676,0.010226041189879756,2.568090645017639
726,0.6412063930490518,3.5181714168808393,-2.876965023831758,0.9213373867058137,0.008521831510336858,2.6306637084891156
727,0.7844766688773376,3.569132909831278,-2.78465624095395,0.9790770633205608,0.010131085662366281,2.5713227659634925
728,0.7051288749482779,3.5490869652123185,-2.8439580902640955,0.9619430364519976,0.009289048802821187,2.6012287636628364
729,0.5382098482838188,3.4465781514798777,-2.9083683031960845,0.7859723644063861,0.006867054727060223,2.703223536144656
730,0.6063179099296491,3.466313701528039,-2.8599957915984078,0.9513046458439935,0.009008241692727043,2.611741204256233
731,0.6020323680589769,3.430893927826873,-2.8288615597678017,1.0609232243021158,0.010557378842619484,2.557017887933382
732,0.716326026335642,3.5357138483739985,-2.8193878220383795,1.0839402047270814,0.010932234857547204,2.544857477080647
733,0.8769999659010551,3.735131140172365,-2.8581311742714206,0.9157647903951567,0.008645871850509159,2.6257483219638167
734,0.7287446158560357,3.5702364896601355,-2.841491873804216,1.0217981494285036,0.009974898411789468,2.57669825723466
735,0.6335018014612984,3.471175656405712,-2.8376738549443417,1.030523418600977,0.010114744272959109,2.5718817167553
736,0.7152843589353693,3.5370814692942294,-2.8217971103589434,1.0073493077291578,0.010034111451505965,2.5746515597918673
737,0.7923710027614476,3.610236817864205,-2.8178658151028912,1.1036626610109865,0.011177019112943836,2.537115126222573
738,0.6856764565740064,3.574016963391083,-2.8883405068170305,0.8609523529944056,0.007789760327986642,2.661049071989193
739,0.7567401318412891,3.6651637105038914,-2.9084235786626778,0.9860535867110929,0.008886341509901613,2.6163960592015068
740,0.725055174551349,3.5576022638303653,-2.8325470892789326,1.0293014738741901,0.010159200172709318,2.57036299610766
741,0.5912769765223999,3.4489165989441504,-2.8576396224217433,0.9997127180845118,0.009555910841641332,2.5914979590038594
742,0.6366044278377018,3.4481633724578704,-2.811558944620174,1.0433849293380746,0.01056167778207943,2.556876267725447
743,0.3922892665897194,3.2769081326428133,-2.884618866053188,0.7559013585840288,0.006753846874308766,2.7087438096047385
744,0.5494394260939458,3.4274012523875856,-2.877961826293472,0.9015324607611861,0.0083048426499733,2.639418347394227
745,0.9212364856341452,3.7051282849314435,-2.783891799297294,1.0691505511511983,0.011197200559937654,2.5364835425630416
746,0.8040813971980384,3.6308682688778293,-2.826786871679815,0.9901614793940574,0.009785560252486634,2.5833161630158403
747,0.7559774736237074,3.590706678573437,-2.834729204949781,1.0262136746675867,0.010099956687251128,2.572388213784165
748,0.825872909059504,3.66380486348999,-2.8379319544304735,0.9220684751901405,0.008914986565121089,2.6152971222461185
749,0.7086819761737985,3.5332209501601546,-2.824538973986364,1.0223041179614365,0.010171669151836796,2.5699380883496494
750,0.8574634018560715,3.7211733948906853,-2.863709993034604,1.0131019519124895,0.009635841722658533,2.5886305386376685
751,0.4956339853065316,3.4012952656325246,-2.9056612803260577,0.9138294643908553,0.00817307884758842,2.644834881950794
752,0.7748982879439751,3.6265218850066296,-2.851623597062712,0.9893649980830499,0.009507605952055069,2.5932412212018754
753,0.679646817933181,3.5305037396628225,-2.850856921729701,1.0127787477919827,0.00977197235573636,2.583795474700554
754,0.6685433651633644,3.5337638653806613,-2.865220500217333,0.922773271865801,0.008651153394423431,2.6255404309436656
755,0.8479756839527596,3.670098035313759,-2.822122351361031,1.069538592974442,0.010734947677331325,2.55121046877859
756,0.7059882323707057,3.552013485280393,-2.846025252909726,0.9440467373018531,0.009072335328550845,2.6093162568177792
757,0.5671022071479598,3.4347718053397442,-2.86766959819181,0.8887595006556523,0.008267683578370946,2.640938048824108
758,0.7381639349298353,3.601375007769924,-2.863211072840045,0.8563749517615014,0.007968099775396191,2.653418552874627
759,0.6708262591470117,3.505464486046924,-2.8346382268998696,1.0609094604546614,0.010489513603422103,2.5592604002664197
760,0.588517363952397,3.441928104875599,-2.8534107409232092,1.011427106658426,0.009729285845186933,2.5853051107580707
761,0.649991487091134,3.4751723164504944,-2.8251808293593967,1.030287383809078,0.01025435265005724,2.567132142729704
762,0.6898123237223132,3.5259357937209033,-2.836123469998711,0.9940014388488583,0.009726006404455513,2.585421334337491
763,0.6384119670255956,3.436017081686552,-2.7976051146608825,1.0354087306520077,0.01063500253380119,2.5544685874442985
764,0.4419086050603397,3.2947056993228467,-2.8527970942625416,0.8971928826910762,0.008498966882805617,2.631576747895952
765,0.6410667321138049,3.4615055558376215,-2.820438823723748,0.990745172748555,0.009862198162027781,2.5806238229149434
766,0.6071527868719983,3.47478026593487,-2.867627479062776,0.9207215781050562,0.008605858798865003,2.6273270053542004
767,0.30021270561564106,3.17722557587822,-2.8770128702626607,0.88800933197531,0.008172518904351922,2.6448580663110532
768,0.5248092072380274,3.379631807054674,-2.854822599816657,0.9842209571839073,0.009417588520662866,2.5965110181627518
769,0.5531167749443199,3.39908037979481,-2.8459636048504535,0.9207895911687423,0.00882037162638949,2.6189390083332076
770,0.5791544866119608,3.4678800419128524,-2.88872555530088,0.8985887785471158,0.008173632237786211,2.6448119703147492
771,0.902769805661697,3.7394671491887412,-2.8366973435269074,0.9788074923530752,0.009551553632583426,2.5916548823189176
772,0.7950143559473787,3.6693998657574682,-2.8743855098101676,0.9465490711922604,0.008812867688604932,2.6192293389138586
773,0.5240857564677895,3.398246180108226,-2.874160423640433,0.8921521652684667,0.008242423089071301,2.64197462493736
774,0.5754285657197812,3.4472095212451133,-2.8717809555253098,0.9285199322742903,0.008647869230347957,2.62566968817566
775,0.6086360345450345,3.4616508925809444,-2.8530148580358627,1.0535749727461687,0.01019622203320209,2.569102749044835
776,0.5624703739791727,3.44265463574883,-2.8801842617697275,0.9008164154944736,0.00827646227617981,2.6405784742831906
777,0.5568986958942247,3.388628044155865,-2.8317293482616606,0.9530113936435114,0.00931914266620347,2.6001190417791413
778,0.5647862259707978,3.406819410579493,-2.842033184608681,0.9073447856351822,0.008713633227567085,2.623089683162711
779,0.7507791044420088,3.6032436537203396,-2.852464549278352,0.9244475947762769,0.008795045899279045,2.6199197577839417
780,0.5451357487424872,3.4073132934198287,-2.8621775446773654,0.9400691340268565,0.008865758495826177,2.617187659977797
781,0.7465256768612022,3.5954050891358214,-2.8488794122746413,1.0103284352522859,0.009766727380150091,2.583980649583272
782,0.7684860008766833,3.603125094796344,-2.834639093919577,1.0960145502335923,0.01088478766599561,2.5463759955480025
783,0.6387092020444157,3.462412698346117,-2.8237034963017322,1.0898305170350564,0.010947071989749401,2.5443838257780036
784,0.5591079296564118,3.402481117954124,-2.8433731882977327,1.006143567521425,0.009780978155748533,2.5834777296954248
785,0.7922489810470011,3.5957291980998867,-2.803480217052879,1.0927821135695315,0.011230007388303846,2.535458998543861
786,0.6796063941808285,3.562728339125273,-2.883121944944378,0.9471019119925788,0.008732224658623347,2.622363473072141
787,0.5645375761187011,3.4188283452046258,-2.854290769085992,1.0132672383158166,0.009739804534860143,2.5849325632142013
788,0.8779334642348345,3.7858880847460488,-2.907954620511191,0.9354239106867943,0.008371783584626482,2.636695937075713
789,0.5555568593811046,3.467498598873061,-2.9119417394919083,0.9087909946007928,0.00806422582601457,2.6493688778877815
790,0.5210796302134127,3.3993316627319463,-2.8782520325185033,0.8976169317952403,0.008261217006177622,2.6412031375122447
791,0.5859932790750605,3.4556601773519833,-2.8696668982768188,0.9794522433746216,0.009210796276126532,2.6041294414337144
792,0.5696948421397025,3.3813543148221377,-2.8116594726823223,0.9963493284232754,0.010023691741936422,2.575010935529052
793,0.7636500849300688,3.6599041895209026,-2.896254104590753,0.8623111438324003,0.007733628640220667,2.6634831437646134
794,0.5726429527905935,3.420193883428578,-2.847550930638022,1.0410488905467559,0.01011991679505495,2.571704705749826
795,0.6888433067024294,3.504927022944367,-2.8160837162420194,0.9923262487346773,0.009928475407830368,2.578310449518374
796,0.5567723328316475,3.415819006723693,-2.8590466738921805,0.9059885319753191,0.008532555762823878,2.630236217771038
797,0.9408241901779689,3.7775151776587212,-2.836690987480779,0.9584910298920373,0.00932742540221222,2.5998141740946346
798,0.5150038110467591,3.3564554490902947,-2.841451638043509,0.9378798849563361,0.009051943153171375,2.6100861198530803
799,0.6844083113872926,3.5331727913008186,-2.848764479913484,0.8808540137825931,0.008362502684391341,2.6370722152455537
800,0.8768524251590776,3.7022122569276736,-2.8253598317685373,1.1594202290956537,0.011723143057074382,2.5203703076770507
801,0.6637281133839593,3.5213157029750897,-2.857587589591162,0.9673424561784842,0.0092057560107541,2.604317027808713
802,0.837224118976556,3.673271921552995,-2.836047802576445,1.0900150904381132,0.01080018472466385,2.5490983189915815
803,0.8087179874885265,3.667493122285753,-2.85877513479727,0.9824173958329108,0.009356336857458276,2.598751902263935
804,0.5891706252337968,3.468323700279092,-2.8791530750453376,0.938597875096036,0.008681926049456494,2.624331415328609
805,0.6275489908684818,3.503214357903959,-2.875665367035481,0.8148107555297335,0.007426130538695623,2.67710523898549
806,0.7075429348393442,3.518049306496082,-2.810506371656629,1.0161705839327193,0.01026266337958665,2.566851224991148
807,0.9032194629511338,3.7303105225231437,-2.827091059572126,0.9958524316634234,0.009845891317128375,2.5811951278407808
808,0.6633953332146717,3.5118683104778294,-2.8484729772631,1.0167515932646463,0.009841771116769277,2.5813396111158102
809,0.6409376892694268,3.4846748218386954,-2.843737132569345,1.0409055102072284,0.01016149672264943,2.570284701270395
810,0.7775564278278949,3.63845617910073,-2.860899751272882,0.9841495864384391,0.009352727191644393,2.5988843693749275
811,0.638992344956128,3.462878688206177,-2.8238863432501375,1.1201997114481583,0.011291816946159714,2.533535911130077
812,0.5228694947429545,3.4119428228122737,-2.889073328069344,0.8478144587596972,0.007648826759995806,2.667190654481457
813,0.513684803355764,3.3791956365618714,-2.8655108332061445,0.9916582819027746,0.009385171992028828,2.5976953474887887
814,0.6292915661884905,3.44498441444981,-2.8156928482612784,1.0570235348571722,0.010668809124709262,2.553363488208
815,0.5935375679441591,3.4174675836324035,-2.8239300156882337,1.0104889258320975,0.010045471294853156,2.5742601373470912
816,0.5792682319366719,3.451023141561388,-2.8717549096246557,0.9058587298891172,0.008409061261592262,2.635188327028391
817,0.7316576639857345,3.542831101046255,-2.8111734370605745,1.0364732341911742,0.010487054982328742,2.559341883981131
818,0.6511320421428678,3.482606222963771,-2.8314741808208055,1.0029332103891104,0.009876514333546924,2.5801229539703816
819,0.5997421659789012,3.4405331821492315,-2.840791016170442,0.9665978990810575,0.009373388074704779,2.598126774312982
820,0.5833915945021232,3.437529762665346,-2.854138168163331,0.9772150061492602,0.009348703780848828,2.599032073817247
821,0.6067578340730421,3.432751173259446,-2.825993339186425,1.026201287835652,0.010199003194862987,2.569008241173736
822,0.8263043216667171,3.6693737871177237,-2.8430694654510944,1.0365230601843312,0.010120443154722322,2.571686697495584
823,0.734378490692498,3.5781638973439507,-2.8437854066514774,1.0399299642800277,0.010150128753271556,2.5706724164610577
824,0.5415417657205722,3.365779461198762,-2.824237695478132,1.1552037489929243,0.011689111777543183,2.521393306637604
825,0.6681975510717763,3.551275177016509,-2.8830776259446793,0.9391925063881423,0.008649760498704561,2.6255952467956183
826,0.7821449641022497,3.602479715298814,-2.820334751196583,0.9848918349776357,0.009797472547149067,2.582896445697757
827,0.7379430693267665,3.574644332118766,-2.836701262791962,1.0570037327706625,0.01042168419096299,2.5615146629870824
828,0.7907785129109385,3.6367844988067,-2.846005985895772,0.9852409178221764,0.009522553209851974,2.592700951388985
829,0.5494492977368196,3.429111052598779,-2.8796617548620134,0.9151434888472603,0.008431029066874207,2.634302686551022
830,0.7440047697245887,3.5508842687282773,-2.806879499003685,1.019746934637181,0.010345461496553977,2.564063501452659
831,0.8331490036942938,3.6590558621290064,-2.8259068584347915,1.061733968028303,0.010601368147405404,2.555571162079246
832,0.6903421045433248,3.5432028241022073,-2.852860719558862,0.996804750057354,0.00957552985695655,2.590792176670402
833,0.8394377826369833,3.6952416561825108,-2.8558038735455966,0.9739017082907657,0.009295294478318948,2.600998188636883
834,0.6579707871562647,3.492907039153096,-2.834936251996851,1.0436899309908518,0.010292990791986752,2.5658278181490033
835,0.6815487978668585,3.5418682795585714,-2.860319481691704,0.9221837666812787,0.008692990702464019,2.6238976362182482
836,0.6221297813875623,3.4647840268076933,-2.8426542454200217,0.9664182858328585,0.009351762618676613,2.5989197748880746
837,0.7393448875525251,3.564138305014357,-2.8247934174618194,1.0754978359208,0.010770776144488034,2.5500490589811364
838,0.671709183329645,3.4973667374298443,-2.825657554100303,1.001651273122269,0.009926793356317036,2.578368990286044
839,0.5744352268803737,3.4581925675624094,-2.8837573406821093,0.9925533675054778,0.009204429850719795,2.604366399480138
840,0.7429426170397079,3.555139094092867,-2.8121964770532486,1.0425919901464444,0.010545082320973414,2.557423256328554
841,0.6370957151551607,3.4783583093359485,-2.841262594180762,1.108220292255676,0.010942182017020208,2.5445398671407253
842,0.5705480288945551,3.4389779157489744,-2.8684298868544147,0.9534540080339755,0.00894584602037049,2.6141167555879234
843,0.8635523987949142,3.7089181126272224,-2.8453657138323933,0.9768913501378023,0.009437868724175368,2.595771934062091
844,0.6859504135999174,3.535834545940212,-2.8498841323403212,0.976946320906666,0.009390614701669705,2.5974962448756127
845,0.7876248820907591,3.5998049273121633,-2.8121800452213392,1.127077363996407,0.011518673429837756,2.5265568801334624
846,0.6086646505468621,3.4898046776475726,-2.8811400271007415,0.9264805863341752,0.008535471623313537,2.6301200686546373
847,0.5210070414526541,3.3414938811813983,-2.8204868397286873,1.0224770933855054,0.01021987195782155,2.5682998216627824
848,0.5958535955172607,3.424935129151129,-2.8290815336338255,1.0239833869332988,0.01013892801970321,2.5710548062376155
849,0.6735608428527854,3.521288239426401,-2.847727396573646,1.03476613807781,0.010048537855056612,2.574154541447419
850,0.6662676003811526,3.5587000847673305,-2.892432484386177,0.8391069455234814,0.007530965096805259,2.6724051961786435
851,0.67856041785341,3.5639389879630534,-2.885378570109765,0.9406612455051144,0.008642666359921284,2.6258745511695003
852,0.7326109636768393,3.5808244031076772,-2.8482134394308787,1.003022988887305,0.00969379757027342,2.586564677358243
853,0.62242020384098,3.469574295002477,-2.8471540911616557,0.9136228207626123,0.00873095956553697,2.6224128457349645
854,0.3464648795934323,3.2255048929105015,-2.8790400133170806,0.9345604992597527,0.008640597840660196,2.625956029730125
855,0.6996720051737298,3.5515678796524575,-2.851895874478714,1.031025447969232,0.009960755497333962,2.5771887075133617
856,0.7203877089005942,3.562613543290247,-2.842225834389751,0.9405424275262613,0.009073086771298922,2.6092879172272148
857,0.7424143658738472,3.5854461209274313,-2.8430317550535165,0.9424969585808003,0.009086152688949594,2.6087954894853946
858,0.5474116820558862,3.3549097330376996,-2.807498050981849,1.078089460055413,0.011009944108518695,2.5423830447596436
859,0.5101392855842647,3.3910883477868734,-2.8809490622026033,0.9245230622833782,0.008516823597891802,2.6308634989382096
860,0.7358199166956098,3.589351740936744,-2.853531824241145,1.0123652225222344,0.009738222411250764,2.5849885754366846
861,0.7003200794015271,3.5403349799278785,-2.8400149005263984,0.9989347545273008,0.009738120585949759,2.5849921806549374
862,0.4820794240575793,3.366804788232732,-2.8847253641752104,0.8292812383951058,0.007497055802885356,2.673918995224407
863,0.6753012311842127,3.5121979153910963,-2.8368966842067493,1.0838043422449275,0.010720145491457904,2.5516913003145683
864,0.6559731267467356,3.525206528147774,-2.869233401401061,0.8893479522500711,0.008259188552904759,2.6412863295622326
865,0.7613376337668484,3.569700808619062,-2.808363174852161,1.0221154421990717,0.010355405163817905,2.5637300455762104
866,0.6009299701140577,3.4633311059960943,-2.86240113588201,0.927827110199005,0.008732719538513277,2.6223441611828595
867,0.5821433550111038,3.406501394072467,-2.8243580390613943,1.0117036765756113,0.010054322400002692,2.573955430822234
868,0.6463900934673944,3.4911154918159464,-2.844725398348487,1.0662673078530014,0.010431937688145931,2.5611730592680164
869,0.4299547294718792,3.2663484795112434,-2.836393750039406,0.9789229176669463,0.00955609313761234,2.591491395070737
870,0.6700572516964399,3.5156326695277973,-2.8455754178313555,0.9699647776055313,0.009359821767137387,2.5986240566898764
871,0.5898184752735375,3.4080620865965643,-2.818243611323055,0.9648831693788265,0.0095953688132576,2.590079792008465
872,0.5902488393202162,3.429846392523291,-2.8395975532031343,0.9932009741524583,0.009679291968479452,2.587080700703485
873,0.7591114891679268,3.6274232507251845,-2.8683117615572655,0.9184845669062354,0.008575500503548694,2.628529151618514
874,0.6009698854284039,3.456837283776745,-2.855867398348323,0.9782346521453567,0.00934159397603446,2.599293222356948
875,0.7211061066237704,3.5869871567243865,-2.8658810501005973,1.0173459915834195,0.009658308074083714,2.58782840454134
876,0.6412725141894867,3.5186546444342333,-2.8773821302447686,0.9309605437987625,0.008618924789511385,2.6268107768593363
877,0.7401867087605666,3.5553709976533923,-2.8151842888928513,1.1095145367115833,0.0112777324920025,2.5339732984662016
878,0.7211901921757459,3.613419322684653,-2.892229130508781,0.8941069814531206,0.008095093844674495,2.648077611126764
879,0.7707402629250651,3.6068801137320956,-2.8361398508071716,0.9735578482027683,0.009499506848591634,2.5935342804255623
880,0.7649182848037895,3.586846724533301,-2.821928439729504,1.1069269281835048,0.011164172856415144,2.5375176809393976
881,0.7388206344169163,3.5539376803697915,-2.815117045952775,1.0070261893637134,0.010105909753042795,2.572184232979147
882,0.7789173231199044,3.6309954004645255,-2.852078077344572,1.0203820907619998,0.009841927960755866,2.581334110073073
883,0.6431744360928547,3.470947052237771,-2.827772616144898,1.0049928378042363,0.009940687664636157,2.577885688695507
884,0.6183802991852104,3.452033094688716,-2.8336527955035535,1.0027293100600856,0.00985013471761678,2.581046380603529
885,0.47083664759667554,3.3882291893883463,-2.9173925417917417,0.8343793441126937,0.007272428717981382,2.6841048857993015
886,0.702038855441279,3.5568078499303817,-2.8547689944890635,0.9327807904853682,0.008861766580937595,2.6173413748122654
887,0.847395173373448,3.670132873548259,-2.822737700174798,0.9934893434688412,0.009867583865153386,2.580435321473461
888,0.604280234849503,3.4673922436859983,-2.863112008836538,1.0262462074768228,0.009784818874460472,2.5833422997479207
889,0.8147639560793237,3.5865628006860413,-2.7717988446066784,1.1541810129387855,0.012372062169535557,2.501350625631283
890,0.5174562292232764,3.376565274029089,-2.859109044805905,0.9047739183637029,0.008519001916669735,2.6307765821007645
891,0.7192073930639168,3.5430029906819196,-2.823795597617959,1.022485765459161,0.010182185963455903,2.5695800653380423
892,0.4565851936492805,3.3043933831651846,-2.847808189515831,1.017525492016768,0.009857614591197486,2.5807843217128106
893,0.6504369604965546,3.4834090589714477,-2.8329720984748974,1.0798764148191773,0.010722648826636831,2.551609940968809
894,0.5535561712553004,3.431034828548056,-2.877478657292727,1.0033144552730764,0.009384074442888815,2.5977355099884534
895,0.5962709801865372,3.451571605283369,-2.855300625096902,0.9679832543137341,0.009236432877397713,2.6031767253974447
896,0.6371058290915158,3.49893070065078,-2.8618248715592927,0.9272965298451785,0.008732749783422115,2.6223429809557994
897,0.7012848540948567,3.5796881496516932,-2.8784032955568364,0.8782071525525099,0.008057601161377348,2.6496465765790167
898,0.6109529066599094,3.495224430558427,-2.884271523898633,0.8558534178445916,0.007773505253937138,2.661752329538038
899,0.5428438073018839,3.3931874532479296,-2.8503436459460545,0.8717827355567507,0.00825044722602181,2.6416450429840888
900,0.5117641021155265,3.3507777681601776,-2.8390136660445933,1.0077638946813245,0.009846857858946248,2.5811612418712886
901,0.7424312528648812,3.593137111671757,-2.8507058588069185,1.01610139564964,0.009810068661875485,2.5824531290716926
902,0.6804357344608348,3.532781314027462,-2.852345579566645,0.9055423103606921,0.008592895315142469,2.6278398767474545
903,0.90506216155608,3.692204257520563,-2.787142095964441,1.1003230085076865,0.011524808003620945,2.5263698554655787
904,0.6706566552527334,3.507651380256083,-2.8369947250034784,0.9619544556575796,0.009362381550773555,2.5985301768557387
905,0.6628524719451349,3.509964397487615,-2.847111925542663,1.022078264928538,0.0099154597700412,2.578763665831808
906,0.808897940312923,3.667647846739485,-2.8587499064265103,0.9403601114885702,0.008903281364495053,2.6157457981453107
907,0.6319651644027914,3.4294740922201528,-2.797508927817489,1.0162633686685125,0.01041434283075307,2.561759430212402
908,0.7053794684422797,3.554282358638481,-2.8489028901960864,1.014382564020907,0.009811000533602132,2.582420352269791
909,0.784244251653368,3.663592444755474,-2.8793481931020324,0.9141551537750157,0.008423682991424099,2.6345986164702273
910,0.6368899685543198,3.487390237382138,-2.8505002688277727,0.8987217816943673,0.008537595725465261,2.6300354804275505
911,0.511116414145809,3.357567050964771,-2.8464506368188722,0.9667368528670384,0.00931533094052332,2.600259423514306
912,0.7432932601126282,3.587377838910142,-2.844084578797606,1.015819653057733,0.009879948421509003,2.5800029043589827
913,0.527792135741484,3.3854616983687325,-2.8576695626272794,0.9286717601320196,0.008788656896226483,2.6201675731510723
914,0.6011288294191587,3.437129232670024,-2.836000403250864,0.9818200181588566,0.009592381120864146,2.5901869911411155
915,0.7363126423105001,3.610417047277265,-2.874104404966829,0.895805425425634,0.008281219548203989,2.640383759466948
916,0.685020356310693,3.521412996831462,-2.836392640520785,0.9931791009392932,0.009713950182250502,2.585848908046195
917,0.6169612516766761,3.4806357108672032,-2.86367445919052,0.9416653694825572,0.008867833941919402,2.61710776615466
918,0.6629219373626171,3.5459689066524347,-2.883046969289694,0.9085800090318892,0.008330388402763058,2.6383771228114137
919,0.5324719042613338,3.3360241480519472,-2.803552243790591,1.012282272779675,0.010298268258063202,2.565650002826718
920,0.6973692865565141,3.521689204680292,-2.8243199181238197,1.0952116440691355,0.011000922880937791,2.54266950268859
921,0.5412630168258289,3.4355351542635506,-2.8942721374376106,0.9102844303636404,0.00824263350404172,2.641965978725913
922,0.7286564669707246,3.6090012720698668,-2.8803448050991847,0.9061355143813068,0.008330428880455239,2.6383754752408235
923,0.5532394450973385,3.395435279502674,-2.842195834405402,0.9903368293756096,0.009619532349682674,2.589213890393943
924,0.5822624806829623,3.443802735729468,-2.8615402550465205,0.8473239323597404,0.007888080988466942,2.656823154614946
925,0.5536775969353499,3.4442105174974125,-2.890532920562009,0.9668751210969668,0.008865772863952896,2.617187106822613
926,0.7302498887119014,3.52647498262302,-2.7962250939110618,1.0954673753970612,0.011352308644500745,2.5316628552861227
927,0.6840366877589673,3.5146157819962744,-2.830579094237237,1.0218726256112627,0.010098299124571206,2.5724450289473246
928,0.6087386403481702,3.443261139045743,-2.8345224986974245,0.9981391682403111,0.009789486342088458,2.5831777810506122
929,0.9229544923120926,3.7581675006606656,-2.83521300834866,1.0983290117227968,0.010903983521504474,2.5457609366821123
930,0.6971228858582122,3.5162829780002425,-2.819160092142056,1.027724830310502,0.01029455963086709,2.5657749502937652
931,0.8370348980424666,3.652503272153529,-2.815468374110992,1.087540503072069,0.0110213015028093,2.5420227011462506
932,0.6358977624695313,3.472429773895549,-2.8365320114260157,0.9890685548669487,0.009666884253833255,2.587522640958058
933,0.8262185638210354,3.6641145079537467,-2.837895944132697,1.0319536088306713,0.01012816555628459,2.571422588104988
934,0.5194891382634438,3.373023258819886,-2.85353412055656,0.8944764894140693,0.008462780150687445,2.633026269692821
935,0.7482797403496221,3.616934460224886,-2.8686547198752805,0.971396683512201,0.009135093254489801,2.606956620631349
936,0.5936493202976777,3.46509113984535,-2.871441819547613,0.879599956189058,0.00813627832929847,2.6463616337797333
937,0.5557233960013178,3.422951470546335,-2.8672280745449825,0.900798954865242,0.00839887166916769,2.6355998270736984
938,0.5725722040708575,3.4456259944869587,-2.8730537904160656,0.901766111289521,0.008353677356722712,2.637430369668468
939,0.7320235883620313,3.5748602067496544,-2.8428366183876506,1.0028150965991987,0.00975013140510554,2.584567158150359
940,0.7381304708778685,3.5594819384444727,-2.8213514675666147,0.9015731751795475,0.008856727625871173,2.6175354958863024
941,0.6074496448769565,3.457984626117574,-2.850534981240685,0.87359395054825,0.008268004330730905,2.6409249048295407
942,0.7142806330964419,3.5823371927879086,-2.868056559691354,0.9024126640943304,0.008408013057336173,2.6352306374880032
943,0.6832985002955553,3.5230001112348392,-2.8397016109393007,1.0156715276463935,0.009926914286071079,2.5783647812493635
944,0.6966702477011409,3.5132546631105606,-2.816584415409352,1.0754390015696151,0.010868885470079309,2.546886252048338
945,0.6366512284188189,3.4954374353108357,-2.8587862068919776,1.0053701486421538,0.00960505780952958,2.5897323530839116
946,0.7544955062030482,3.6122876604201797,-2.857792154217236,0.9985762843539083,0.009541932229019945,2.5920016199266667
947,0.7419400989597221,3.5911921912426785,-2.8492520922828817,0.9315660119313653,0.008904088358083722,2.6157148481032335
948,0.6809835754968304,3.554820038027279,-2.8738364625304484,0.9397594111138274,0.008746495999448406,2.6218069491858107
949,0.6783765900938675,3.5142072416030365,-2.835830651509127,0.957899335519927,0.009329958342178575,2.5997209908653556
950,0.6864545301231061,3.524438478072262,-2.8379839479490556,0.9970115287020185,0.009739036711415548,2.584959745600499
951,0.6247053720965056,3.522817315794629,-2.8981119436981544,0.9106603201200776,0.008210714183098303,2.643279846216536
952,0.6683816486450865,3.5104821757841846,-2.842100527138996,0.9292279593579624,0.008950946689113821,2.6139220065659012
953,0.5474939331891079,3.431176057413978,-2.8836821242248334,0.965450903009113,0.008919392492498209,2.61512837348815
954,0.6977337684415857,3.583954087592508,-2.8862203191508797,0.9279104783128806,0.00850146613748914,2.6314768398178363
955,0.7539990603496477,3.6038323475226313,-2.8498332871730554,0.9629738436361792,0.009238952032697414,2.6030832350827895
956,0.66417442193721,3.4744554087316053,-2.810280986794396,1.0084525453551425,0.01017715774343986,2.5697511995519022
957,0.676297337548354,3.5669984843746856,-2.890701146826359,0.8522758642332744,0.007680153322323244,2.6658167962265633
958,0.5152319183159676,3.41429841613184,-2.8990664978157383,0.8660119346691695,0.007746440274253637,2.662926194307005
959,0.6773422112017812,3.5359816045599435,-2.8586393933580894,0.9033776297446736,0.008508653159605953,2.6311896838197337
960,0.8086873901008772,3.667275225598581,-2.8585878354977012,1.0563544803106588,0.01016356244808797,2.570214289245827
961,0.6641717271751219,3.520469511905644,-2.8562977847306,1.0376481460510651,0.009984365008766833,2.5763703189968736
962,0.5716490351392082,3.4215915115777977,-2.8499424764386276,0.9663898815713843,0.009274986403972653,2.601748419749557
963,0.711340884477741,3.5560509771543605,-2.8447100926765643,1.0049414699807215,0.00975308651704606,2.58446265820618
964,0.7514977801862329,3.6071097909295804,-2.855612010743357,0.9618226592054457,0.009166538391891662,2.6057797514720176
965,0.8821609601304686,3.75624492511317,-2.874083964982674,0.9689113204896649,0.009053044823816492,2.6100444890815138
966,0.5318873866182144,3.400243788498789,-2.8683564018805328,0.9059100286073503,0.008442081691796223,2.633857875887276
967,0.6694394883471574,3.544332982732565,-2.8748934943854465,0.9957984719211137,0.009331033934864147,2.5996814281799323
968,0.6566235243084207,3.491970705076493,-2.8353471807680535,0.9685692143074021,0.009452839710505683,2.5952272453694896
969,0.6085267395052284,3.4454016834292545,-2.8368749439240446,0.9846253818675603,0.009613981908727873,2.589412619035659
970,0.6365918457150798,3.5392326610977967,-2.9026408153827106,0.8887041687621804,0.007945052422608592,2.654396009538273
971,0.5455999248958875,3.399840506915987,-2.854240582020225,0.9144710260703048,0.008670190817958643,2.624792024070741
972,0.8616218479303285,3.6971259886567887,-2.8355041407264707,1.061339515032953,0.01048422761153408,2.559435609824554
973,0.6133900834012053,3.428600885597318,-2.8152108021960203,1.0893919351566244,0.011045735329267775,2.5412485898970276
974,0.6885668598503031,3.5196788416271487,-2.8311119817768713,1.0060009859951384,0.009914781939654137,2.5787872830170993
975,0.6175954212427456,3.471732397972841,-2.8541369767300466,1.0485925632179822,0.010128685986776877,2.5714047956124677
976,0.7174162595533659,3.56522168110714,-2.847805421553744,0.9922117611639423,0.009579654478452833,2.5906439599308055
977,0.7112226035759391,3.6139538594561036,-2.9027312558802123,0.8554126639004678,0.007607096818659987,2.6690286188133228
978,0.6332088901470939,3.5070859096694327,-2.8738770195224106,0.8662205044010274,0.007974163103388481,2.6531618229719993
979,0.6359843052077764,3.4961436326194337,-2.8601593274115658,0.9862831882820926,0.009383575117225087,2.597753783146571
980,0.5238763903449722,3.3986011644754224,-2.8747247741304136,0.8903670460594111,0.008218461141642293,2.642960545344026
981,0.7061542487730236,3.5642641247247275,-2.858109875951868,0.9510715256857789,0.00902491974825138,2.611108720058171
982,0.7270166321121593,3.60452653475054,-2.8775099026382804,0.9063648354514648,0.008359651073542343,2.637187903934755
983,0.6110913756045789,3.5072686158949904,-2.896177240290399,0.8405074261873189,0.007512980867700797,2.6732072959597235
984,0.5881687443792231,3.4485530866798677,-2.860384342300563,0.8602631372712071,0.008034869875528693,2.650601003790989
985,0.70506685011093,3.5537381307352347,-2.8486712806242167,0.977628232340944,0.009410882316455102,2.596755728906597
986,0.5703874950453297,3.4434013849371143,-2.873013889891695,0.8559629242473665,0.007875150953072903,2.6573761963939115
987,0.8971259112816966,3.7023687249532435,-2.805242813671498,1.030905463247721,0.010492724057952804,2.559154024833793
988,0.7200678126105146,3.5665528451739594,-2.8464850325634643,1.0034091190356367,0.009716849006621942,2.5857460581170137
989,0.7236777138873464,3.5965374608013367,-2.8728597469140595,0.924301622886381,0.00859279382709855,2.6278438946240756
990,0.7443305488547963,3.568908374839705,-2.824577825984875,1.0551638895196558,0.01054259062962948,2.557505448909596
991,0.7339136356645127,3.5996484402173423,-2.865734804552744,0.9382739595897134,0.008811068456595638,2.6192989848003383
992,0.7656782230006826,3.6609578686621442,-2.8952796456613896,0.8774562989800216,0.007896705646357333,2.6564547131588565
993,0.6760312181780733,3.508700800913289,-2.8326695827353205,0.9851967884100927,0.009665895794542254,2.5875578698246153
994,0.9303024057868384,3.7460686120550233,-2.815766206268222,1.0956609156905301,0.01111098574219179,2.5391887609504775
995,0.5584035046886043,3.398323516066124,-2.839920011377558,0.9005655388758118,0.008660870257158082,2.6251582540001652
996,0.7184780654870252,3.5534973214532486,-2.8350192559662446,0.9610546280020922,0.009373323756034757,2.598129130442998
997,0.896148792282807,3.7398848226437758,-2.843736030361015,0.9819214559100524,0.00951041073864276,2.593139784264861
998,0.8003306045157984,3.6093600463087525,-2.8090294417929726,1.0735521273209852,0.01093883821178644,2.5446466052405574
999,0.6536175770701135,3.5355350358715127,-2.8819174588014675,0.9380356420704434,0.008648970175277316,2.625626352597965
