,logR,logI,logS,d_G,p,sigma
labels,$\ln\mathcal{R}$,$\log\mathcal{I}$,$\ln\mathcal{S}$,$d_\mathrm{G}$,$p$,$\sigma$
samples,,,,,,
0,3.963979106436033,3.6138868856277333,0.35009222080861946,1.7093536104478062,0.5284573739898741,0.6303626007745367
1,4.071088805124452,3.8227697916596006,0.24831901346533414,0.20527112231771838,1.0,-0.0
2,4.1749921974247055,3.939034656801423,0.23595754062307606,1.849676799430494,0.465093321829266,0.7304857473686649
3,4.177829719207272,3.9040533289774877,0.27377639022961375,0.08427574540926841,1.0,-0.0
4,3.9975552228293387,3.7494690147216096,0.24808620810745197,1.5603220700863005,0.4708541991364996,0.7210899091119567
5,4.327095048241096,4.072440034014198,0.25465501422695525,0.7024982271336242,0.5182361222482683,0.646066758309343
6,3.9035713570865815,3.687415952069846,0.21615540501670694,1.5728490814025093,0.4532073512430155,0.7500786267364109
7,3.6167543612932938,3.4238700187491538,0.1928843425444029,0.8461265165309975,0.4326999958861042,0.7845797684281347
8,4.478016969538237,4.09750891798692,0.38050805155080525,1.1018157401884565,0.6000426313859224,0.5243392075509207
9,3.785755694375472,3.593050840629201,0.19270485374636337,-0.14575627153715232,,
10,3.9248377181984657,3.7558384851365694,0.1689992330620953,1.1704101765370325,0.41994292197039584,0.806520275565954
11,3.962410194858909,3.8125140789767094,0.1498961158822567,0.6935580713155574,0.3921604216923864,0.8557059980156992
12,3.9876606643920574,3.815209385961692,0.17245127843034425,0.29571300285027746,1.0,-0.0
13,4.378278778012861,4.011660388331604,0.36661838968166194,0.9462431516065166,0.6216291327983712,0.49354276191965657
14,4.586519420107868,4.225299230924724,0.36122018918285903,1.1800246958590463,0.5678545520309191,0.5712140549615018
15,3.659992014219403,3.512926857809459,0.14706515641000806,1.8307427713629671,0.42306443574694075,0.8011161011647513
16,3.9645410689554743,3.8022142216423993,0.16232684731312474,0.6078666287553318,0.40399658830666785,0.834504791717124
17,3.9801192180239346,3.648642986469722,0.3314762315540065,0.8329462401981367,0.6057861769888058,0.5160976960956593
18,4.550215356867318,4.310595790172448,0.23961956669518258,0.7167230396071851,0.4924672209503631,0.6863899806278401
19,4.244397777235951,4.020404545785949,0.22399323145009475,0.36891636744921286,1.0,-0.0
20,4.342513807923785,4.112596163069453,0.22991764485414024,1.2317632101974176,0.4600919981081947,0.7386953696184726
21,4.455325763543476,4.206466629538928,0.24885913400476056,1.8397840530627825,0.47146930663794273,0.7200904507162441
22,4.191728513713803,3.9867155930106484,0.20501292070321142,0.3832671741224054,1.0,-0.0
23,4.10345463536172,3.967191562406382,0.13626307295544393,1.488955546605716,0.4101028861221191,0.8237125863740054
24,4.497907203213378,4.098481326741149,0.39942587647237815,1.7513663514784241,0.5572457337377934,0.5869374247218356
25,4.606883525892988,4.160869660360815,0.4460138655317678,1.3927709126476238,0.6200806428590868,0.49573605872076826
26,4.228086569317417,3.9681900545253277,0.2598965147922172,1.7766067475027505,0.4770799380672943,0.7110069354291135
27,4.350730690837315,3.9672962487981684,0.3834344420392881,1.1942406542517503,0.5878667210227924,0.5419300117439644
28,4.509386198016761,4.134289616778657,0.3750965812382674,0.7085025109120373,1.0,-0.0
29,3.8077417672703056,3.626799989410164,0.1809417778599709,1.208228409879144,0.4281737034776397,0.7923207023000333
30,4.213297858087605,3.907557777956318,0.30574008013172715,0.6776697944024832,0.6498199079638858,0.45401239157727147
31,4.107464980607835,3.9485010498545328,0.1589639307530888,0.4514187830823424,0.4118170264520209,0.8207002533693074
32,3.7381948471907314,3.671683963170286,0.06651088402077221,1.0130612141265978,0.3526551436072852,0.9294515101808298
33,4.1224375402630695,3.751254687313311,0.37118285294945963,1.4628193294797853,0.5526246287274392,0.593831783366107
34,4.305559726920398,4.043724696814236,0.2618350301063401,1.442603995360514,0.4795172684843413,0.7070791881386925
35,4.3956993201009364,4.000760067750283,0.39493925235046845,1.3989768989898508,0.5755474911735405,0.5599002310293946
36,4.356789028548553,4.23804281870339,0.1187462098450851,1.4645985314763266,0.4006764071486342,0.8404138127730714
37,3.913704753048966,3.8304054867868422,0.08329926626220185,1.571740963906727,0.3874550092297677,0.8642419183551588
38,4.015773170017416,3.9613542553859395,0.05441891463124193,0.5325905522059706,0.2983753593897701,1.0399236810636239
39,4.093363113172051,3.9947959045292882,0.0985672086426348,1.1308049224408379,0.37708423306282357,0.8832814327605176
40,4.465916912905902,4.082466819017027,0.3834500938887686,1.558306824254867,0.5559904902415338,0.5888073865264647
41,4.0400712973856,3.8603034427003613,0.1797678546854513,1.9559589305864193,0.4397482857539786,0.7726183425707135
42,4.519608044821814,4.236099845305814,0.2835081995153814,1.3777823890183427,0.49440713660922997,0.6833160782262445
43,4.028131449790669,3.678059722248134,0.3500717275428542,0.6139241622220979,1.0,-0.0
44,3.968711143055349,3.9229594255851103,0.04575171747046625,0.5421235037170007,0.2934639836426698,1.0505528983132824
45,4.123933032087768,3.891038114648635,0.23289491743935287,1.0987471973661194,0.46312936549431405,0.7337036630902576
46,4.0588179419169474,3.731789462843158,0.32702847907376054,0.7755194641740779,0.6262843882055743,0.4869632307000649
47,4.325519710791047,3.883150128932504,0.4423695818586566,2.247871926856128,0.5640352248979084,0.5768582368193983
48,4.083052598400206,3.621148590234012,0.46190400816612964,1.5478240874748046,0.6151758572741399,0.5026990790695899
49,4.262016253663239,4.13951230781125,0.12250394585180402,0.8310846388955326,0.37627135342801143,0.8847873128862142
50,4.216648581350489,3.9610283044986097,0.25562027685191424,0.6003819959529508,0.5664745346111595,0.5732513291209022
51,3.9900028854290546,3.6624316265030195,0.32757125892567274,-0.6286466387137786,,
52,4.332907246180673,3.883101734863279,0.4498055113172086,2.1458092364488373,0.5712040055883003,0.566279188493738
53,4.077608492180422,3.8505744191191815,0.22703407306107692,0.8527838750935217,0.4645504034390797,0.7313745541116626
54,4.09167801420657,3.9522172635032766,0.13946075070361985,0.7639850555915224,0.3857910168098918,0.8672756103403377
55,4.114048132199093,3.8699334467154123,0.24411468548396442,0.9425634703503576,0.47667906553467865,0.7116539898332913
56,4.331103811508035,4.204960787912496,0.12614302359588692,0.358058863759112,0.36567461417887825,0.9046051346101546
57,4.612423887600505,4.528550796357335,0.08387309124373132,0.37736037260832234,0.30223907681979956,1.031643665580692
58,4.577941615331417,4.357565328404581,0.22037628692669387,0.7097296465922227,0.4677631244004983,0.7261234011867184
59,4.526834426996208,4.095194221855577,0.4316402051408659,1.4530127501762138,0.600466891617345,0.5237292164844737
60,4.138992066938988,3.872826792573226,0.2661652743659033,0.03360168954805687,1.0,-0.0
61,4.2815593571627115,4.056509029737056,0.22505032742537878,0.6858868068843726,0.47708878233988483,0.7109926631120048
62,4.1069482025564295,4.104144837641675,0.0028033649145982054,1.1201304671831132,0.3277253197233563,0.9787058925387196
63,4.210253919606691,4.011911681220004,0.19834223838643084,1.1138037167841652,0.43817820711886524,0.7752732591286006
64,4.350392964945547,3.9731714859960383,0.3772214789496502,0.6762971561393591,1.0,-0.0
65,4.320997897580616,4.000860938379516,0.32013695920113605,1.2102073552546493,0.5283496829281829,0.6305272452313648
66,4.385731599621556,4.0081015222015335,0.3776300774197807,2.0549718539932655,0.5354325061569112,0.6197346394880991
67,4.185406341891882,4.063965441540274,0.12144090035144472,-0.4235880091021187,,
68,3.6790678103834913,3.4931974462454654,0.18587036413828173,1.654512291140815,0.4383991542898221,0.7748993195011666
69,3.7993826479233,3.614657465770589,0.18472518215276068,1.1255527613774952,0.4291298463785297,0.7906815478808872
70,4.168403843371868,4.063697038368039,0.10470680500384333,0.2828123718789435,0.3334553386988266,0.967177438623707
71,4.32923001969724,4.217511719246472,0.11171830045077513,0.5411559183898689,0.34819298570183166,0.9381000703211315
72,3.7107723204463006,3.3672302096341205,0.3435421108124501,0.7431925239419463,0.704196301579346,0.37966204000992004
73,4.134208759278897,3.8332474425576186,0.30096131672098636,1.549407890961195,0.5022694812428787,0.6709231603705821
74,3.953853924304473,3.60542087521029,0.3484330490946377,0.5527738495043124,1.0,-0.0
75,4.228710999120755,3.834028399074112,0.39468260004696276,1.1791136035240584,0.6018330387822726,0.5217663251148476
76,4.308720391619806,4.027454213808573,0.2812661778107213,0.226201956320363,1.0,-0.0
77,4.28774356651096,4.021069050798856,0.2666745157121113,0.9949689581102632,0.494834320855433,0.6826400490125744
78,4.427576998472011,4.162083326104186,0.26549367236748367,1.843645734053549,0.47987815574856085,0.7064985473896152
79,4.575700275182532,4.254371052314573,0.32132922286791654,1.7830855638228122,0.5101785111740236,0.658559758490653
80,4.1856150836202115,3.8016895328734015,0.3839255507468806,1.5314951411005744,0.5578161815588618,0.5860882951911881
81,4.410457522165904,4.24613024558772,0.16432727657820578,1.0766561603058449,0.41461716072622534,0.8157954068065091
82,3.959456569775772,3.709849229800978,0.2496073399747729,0.4088161230915972,1.0,-0.0
83,4.157479009955329,3.832050466862787,0.3254285430930395,1.302075848749439,0.5272216117920658,0.6322529359130378
84,4.119084978782245,3.858320548184968,0.2607644305971917,0.48233822039726704,1.0,-0.0
85,4.167048293114965,3.798967026739367,0.36808126637561145,1.9004647778997281,0.5338467238456779,0.6221447013012926
86,4.573169276901387,4.283412857393136,0.28975641950864883,0.7973637667752413,0.5483880360895874,0.6001773664063919
87,4.047466157116139,3.9122273251331214,0.13523883198286057,0.31232073829343676,0.4144589067676552,0.8160720881250245
88,3.8854505475024204,3.6663191301776954,0.21913141732466102,0.6510038446025206,0.47425816944576904,0.7155679501512878
89,4.147379633263915,3.9164077586972943,0.23097187456687607,0.0430181672937735,1.0,-0.0
90,4.467308637523308,4.211093906401201,0.25621473112232707,2.4860124745283123,0.4762836533737599,0.7122925225959409
91,4.317702162557941,3.9459988385105382,0.3717033240473029,0.9886623480097754,0.6157007662699632,0.5019527385656909
92,3.7461789805034065,3.51422340985499,0.2319555706480969,0.4975270707312127,0.6021865597800924,0.521258710820039
93,4.032590600747005,3.8834901884668915,0.14910041227994952,1.0724708109092873,0.404645631962809,0.8333530736440373
94,3.947024901288875,3.7136436444901313,0.23338125679902078,1.1324804349300024,0.46311769866563357,0.7337228017156714
95,3.797753796966878,3.9439388000664954,-0.14618500309961746,0.36630102132652453,0.1571616655710285,1.4146823024272022
96,4.183016083271502,3.9032059293212433,0.27981015395016584,1.1615075764206253,0.4979617882185162,0.677700217953272
97,4.1912542798682235,3.9732877366717196,0.21796654319678055,0.5667094873433491,0.4943458487730612,0.6834130932958761
98,4.142653276787348,3.887791180412355,0.254862096375291,0.8560458945622891,0.4935056865952051,0.6847436702805241
99,4.361467178923737,4.167265171625678,0.1942020072979176,0.7347531669287122,0.4358425974085902,0.7792327906616393
100,4.075669935361963,3.7474916125871522,0.32817832277441994,1.5704413613180215,0.51880906702257,0.6451822815708826
101,4.335677589477234,4.141027686252405,0.19464990322512676,1.3364983073535903,0.438546948377746,0.7746492474812443
102,3.878396026412735,3.5603060480465323,0.3180899783665154,0.6888458316316886,0.6817038296475304,0.4101392119920625
103,3.940290300746289,3.3721621315459394,0.5681281692004632,1.022447492290059,1.0,-0.0
104,3.844838014377307,3.687171434813114,0.15766657956419294,0.1924376609270979,1.0,-0.0
105,4.011364057311345,3.688021180463051,0.32334287684852825,1.753693815920144,0.5118110188928164,0.6560203684026441
106,4.268720325691026,3.9876276736482956,0.2810926520423891,1.0286020705942143,0.5060791424512605,0.6649552083996795
107,4.003682420353959,3.9470824799845494,0.05659994036977878,0.46724336758996543,0.29007676464126597,1.0579532320013953
108,3.753490720039769,3.501212550214658,0.2522781698248764,0.8448523392998162,0.4917180760483224,0.687578778136127
109,3.9983458239057987,3.6483285468810442,0.3500172770241079,1.1471091717081414,0.560852277327061,0.5815760524189695
110,4.186646352636705,3.893751524028834,0.29289482860758653,0.776561463059732,0.55950937613293,0.5835704052244266
111,3.87940054042159,3.5059218408822423,0.3734786995396462,0.8824928536684631,0.6627578894447985,0.4361086666699074
112,4.247158263762719,4.0777710479856335,0.16938721577707838,0.855320431073963,0.4129002893662843,0.8188004233589433
113,4.703509263772537,4.517364230990891,0.1861450327814964,0.4554358650226149,0.4721597354437428,0.7189694624908337
114,3.892645334904079,3.711096041987863,0.18154929291586086,1.1735924924872165,0.4279129773498933,0.7927680450974499
115,3.549076484790509,3.239183046876588,0.3098934379140701,1.1762505728936574,0.5219114194779706,0.6404017899425866
116,4.081113331126778,3.8019671466893548,0.27914618443764994,0.874332794295622,0.5192404760430578,0.6445166319629274
117,4.655672251203702,4.601123748189627,0.05454850301384795,1.1800552570001273,0.3565211547439957,0.9220142270190362
118,4.127634168128713,3.928932764520892,0.1987014036076289,1.1768070226357885,0.4390672475526982,0.773769270863263
119,3.8504368149674852,3.5605265049782964,0.2899103099889544,1.374108271291533,0.4988149854180932,0.6763554652022177
120,3.80465881072954,3.7459875738489052,0.0586712368804001,0.01081402987485447,1.0,-0.0
121,4.755110103617005,4.317633332403814,0.4374767712133689,1.1428783185310465,0.6606686533344439,0.43899017788090494
122,4.169056252183088,3.8758656197323,0.29319063245020516,1.5644798038655665,0.49726762547158476,0.6787952159371831
123,4.334738106581915,4.143362500865562,0.19137560571653012,0.49332920988128137,0.46605607908506286,0.7289110433888681
124,3.8216378627257988,3.622014598132933,0.19962326459290125,0.4851690329201155,0.490993732661575,0.6887291435126425
125,4.321469998633381,4.090674595474615,0.23079540315848135,1.2288543461393182,0.46069295163938895,0.7377062856656833
126,4.44911447062035,4.378329536346085,0.07078493427434296,0.20819752599193464,0.2633501813918526,1.1185077898788016
127,3.917436663872683,3.6638611947745168,0.25357546909799566,0.275038196889394,1.0,-0.0
128,4.629681289662164,4.205503936934852,0.4241773527269288,1.7597263580747935,0.5725338733859374,0.5643236729735314
129,4.028708341843446,3.8213308896905267,0.20737745215319592,1.8512949984988438,0.4512649641707599,0.7533078142338093
130,3.966477669252105,3.7062216690955814,0.2602560001564598,0.8686306084206699,0.498236626145786,0.6772669029677549
131,3.514769333512992,3.192741552463287,0.3220277810501102,1.51822847484749,0.516341100353728,0.6489957854282593
132,4.397400115140078,4.043348387436458,0.35405172770333593,1.459651608740252,0.5404003232365768,0.6122077370512534
133,4.341115332462357,3.898458891503251,0.44265644095867174,1.0785037610116142,0.6912239606649357,0.397194604465645
134,4.135507903371069,3.9338447831634205,0.20166312020774058,0.5713529163209721,0.46223121922585697,0.7351777970123164
135,3.297700074267174,3.232045119752788,0.06565495451422976,0.6504818934260257,0.32135014326195777,0.9916871870941859
136,4.502118946602911,4.264017643300965,0.23810130330230095,0.9443033060084893,0.4710840175442398,0.7207164040708043
137,4.346417324536594,4.178285680426219,0.1681316441099625,1.3071258637396355,0.42257855378168263,0.8019557527352895
138,3.901829066171137,3.657634452947574,0.2441946132234989,1.3084813173372325,0.46924902195804585,0.7237014838876877
139,4.373143372521133,4.188870687068485,0.1842726854524699,1.5247028671323228,0.4355930905927262,0.779656498672996
140,3.941618692525514,3.7882261920393154,0.1533925004860066,0.29725260310033264,1.0,-0.0
141,4.192949166325013,4.11615929309267,0.07678987323242836,-0.2581704014272326,,
142,3.802615523716701,3.5832288225590196,0.21938670115696368,0.673010799865267,0.47112075260475383,0.7206567109051214
143,4.085292352760041,3.9715138589614347,0.11377849379869076,-0.3720716825538055,,
144,4.0944102127464586,4.058343258158798,0.03606695458802278,0.744548459483628,0.312653949450616,1.0096688955197783
145,4.0980892658495005,3.773771566821791,0.32431769902814267,0.56289345293305,1.0,-0.0
146,4.1924490417914395,3.9375790350567264,0.25487000673501825,1.2778215675468587,0.47668689524883934,0.7116413489210262
147,4.106871813367922,3.753603653108731,0.3532681602591765,1.2087036164791058,0.5573317048860282,0.5868094268911029
148,4.379991115362406,4.17179490848663,0.20819620687552742,1.8808130857039238,0.4519331873280372,0.7521960190345821
149,3.417342872688129,3.1363071376234806,0.2810357350645063,1.040737376804291,0.5052107517339264,0.6663134791788878
150,4.313965896805746,4.0459751881306385,0.2679907086753701,0.6582409934833109,0.560524984514104,0.5820619040267772
151,3.942968970823619,3.6307087543747563,0.3122602164489763,0.8732579720168729,0.5622499973329749,0.5795027414964319
152,4.268838061706026,4.193186706118771,0.0756513555870697,0.9487707549968007,0.3535438774473745,0.9277372567762099
153,3.9364772377967134,3.5559174348876375,0.38055980290891966,1.5449255491395526,0.5546979744107328,0.5907350277037778
154,4.200233027000683,4.06034535787377,0.13988766912734718,-0.028462533713430105,,
155,4.437529359644975,4.273445180049377,0.16408417959564758,1.2443889054973702,0.4187516425033957,0.8085889158815531
156,4.187977007471124,4.1666183970609705,0.02135861041051612,-0.07541731392962348,,
157,4.002590559431644,3.7691566233402845,0.2334339360913873,0.628677764455503,0.5029219983866189,0.6698992805953052
158,4.455975146534945,4.214953415773172,0.24102173076153122,1.1975954001550697,0.46797277782695834,0.725781421744766
159,4.085370520064805,3.870602910107768,0.21476760995665245,2.1415024044441715,0.45711909254314964,0.7435990262003006
160,4.197904204793337,3.9942738010015453,0.20363040379152153,1.0968049803868958,0.441734958658215,0.7692667719166804
161,4.676193574937804,4.50250138571416,0.17369218922385699,1.7803764191850249,0.43441169091258003,0.7816646343815463
162,3.9895786247002767,3.729880751679571,0.25969787302119585,1.8925698350180014,0.47692633991032285,0.7112548253400729
163,4.121509791636106,3.8358110749799272,0.28569871665604296,0.7284169273282792,0.5642539555324775,0.5765345029780997
164,3.9392881238546003,3.661487377207981,0.2778007466467898,0.03757414655785851,1.0,-0.0
165,4.3439012403114585,4.208030061084278,0.13587117922725156,0.46700952813799645,0.3731571944657949,0.8905750402496275
166,3.681897174418315,3.7757496889189475,-0.0938525145006679,0.2973300720634313,0.15775291884944936,1.4126695157312932
167,3.6228795815887103,3.215582287643547,0.4072972939452484,0.8771451500566911,0.755340359759519,0.31160549219939043
168,4.159787817924132,3.7776235240580482,0.38216429386602613,1.6766864641008041,0.5494963710921665,0.5985149732351326
169,4.228338741932509,4.090948458261051,0.13739028367172068,0.3918424935464522,0.38205868026628353,0.8741093974272452
170,4.040855144799968,3.840480399064203,0.20037474573564396,0.4466786537670231,0.5300999844697067,0.6278533939935848
171,4.168925000781234,3.837029053580783,0.3318959472003371,1.6190894556145352,0.5198149538799958,0.643630675043374
172,3.689257060943452,3.5778198410584827,0.11143721988491961,-0.5894890473180077,,
173,5.115807694874581,4.792714067919439,0.3230936269551421,0.7586958578294194,0.6280251816769511,0.48450829103028475
174,3.999047565149828,3.7920721340995036,0.20697543105052318,0.6361042356340754,0.4589300958691913,0.7406097478733993
175,4.510114146370631,4.200867194041413,0.3092469523294312,0.375745374872114,1.0,-0.0
176,4.394237269415987,4.238807009799549,0.15543025961642343,0.6179704846204999,0.3962747282066482,0.8482931559276334
177,4.166648406137972,4.021476151577586,0.14517225456029337,0.9941282746805378,0.3993422655481472,0.8427965004596943
178,3.857705003841635,3.5930168632413575,0.26468814060035584,1.2865282462868848,0.48331640365884754,0.7009785467397454
179,3.8322630364591865,3.6121962714859683,0.22006676497312583,1.4120076413246743,0.4542850961561685,0.7482902633502424
180,4.298855531189508,4.092161333275312,0.20669419791420296,0.9639929466019126,0.4438313274982104,0.7657394856360282
181,4.482592279149719,4.183467022068731,0.299125257081414,1.331504435328874,0.5064398007323561,0.6643914546178626
182,3.9571207846293297,3.5400247632745425,0.41709602135460955,0.684209131662719,1.0,-0.0
183,4.1874336373266825,3.9425502054206425,0.24488343190614614,0.04449060785167447,1.0,-0.0
184,4.205035860006808,3.9871433774501717,0.21789248255663551,-0.2810420076152269,,
185,4.103616504565741,3.768938052936908,0.3346784516288608,1.4078752703771258,0.5289713502059256,0.629577038804397
186,3.8294712901634163,3.6717037093897367,0.15776758077390696,0.9987556906009161,0.4080158809751011,0.8273902924761292
187,3.9918611947573814,3.781346724241762,0.21051447051604555,1.0382813874156724,0.44661272676546115,0.7610742381525923
188,4.29338693022604,4.110895433252912,0.18249149697294342,0.37448198725808624,0.6018203797388678,0.5217845044950851
189,4.168370778638325,3.923585826225517,0.24478495241282872,1.383781456686922,0.4692612317565018,0.7236816002959024
190,4.678665649408719,4.262530342093603,0.41613530731456194,0.7214955242847125,1.0,-0.0
191,3.924816426820177,3.8535063584993785,0.07131006832105413,0.5888093086759731,0.31840934668218757,0.9977319691589728
192,3.5986677489059153,3.4153552030145398,0.18331254589156742,0.5749343587453275,0.4328323303455799,0.7843541561228617
193,4.115486703289241,3.925955553343177,0.18953114994610587,0.7767667760118826,0.43020086031880755,0.7888479842624642
194,4.161977205571963,3.77810817009532,0.3838690354764367,1.3015366698632782,0.5753676753535721,0.5601638599222304
195,4.104780057226469,4.021982320414891,0.082797736811699,0.8777107756059941,0.3528624964977818,0.9290513089204948
196,4.133011151290736,3.8772179482141715,0.25579320307679154,0.8387248351867953,0.4963356557488854,0.6802666207280246
197,4.302468401876046,4.097278462682722,0.2051899391931329,1.2438604764642243,0.44393390464111016,0.7655671370689491
198,3.995573663403808,3.7100661924257117,0.28550747097779094,1.3036023125225817,0.49755948091056457,0.6783347332876699
199,3.7089734622150323,3.2499956521431463,0.458977810072156,1.2736795198144755,0.6535701889245766,0.44880796989948574
200,4.459881026859454,4.220724869205375,0.23915615765463372,2.0722064892904584,0.4675758705832489,0.7264289149689899
201,3.9938120609954573,3.870925726367316,0.12288633462776488,0.04708161304692382,1.0,-0.0
202,4.398374419007302,4.182593261118184,0.2157811578890687,0.7327603227686552,0.45995227103272895,0.7389254440383433
203,4.457453270238181,4.392309205691225,0.06514406454698474,0.08269813617966193,1.0,-0.0
204,4.037116568974431,3.7464166422468046,0.2906999267274841,2.3554067586387433,0.4908157871926879,0.6890118869194289
205,4.331690020902476,4.187886606643238,0.14380341425930965,0.16285999926754258,1.0,-0.0
206,3.6594972699845463,3.5293520070179816,0.13014526296637996,0.3865973589476326,0.3691116932260775,0.8981385423479593
207,4.110296677396525,3.9444811960534714,0.16581548134308832,0.28836252365963944,1.0,-0.0
208,4.702128355888396,4.3645923323702345,0.3375360235181688,0.6306755170005367,1.0,-0.0
209,4.0480577648977825,3.8921426012706113,0.1559151636270144,0.31785491173947733,0.5728325860568263,0.5638847252714643
210,4.140086900732092,3.8913428266359396,0.24874407409606647,0.983506984954694,0.4790710201239511,0.7077974983515123
211,4.447835772542964,4.489142740239037,-0.041306967696073116,0.5832921333128667,0.2480782893804379,1.155029638871649
212,4.002891666481025,3.9399972255095483,0.0628944409718315,0.437896721106128,0.2905900926159357,1.0568280008381268
213,4.000165919136213,3.898743707767655,0.10142221136857188,1.2986415324082543,0.3860409454930349,0.8668194462132041
214,4.0421979004932265,3.6880356324761343,0.3541622680168075,0.34544884455899094,1.0,-0.0
215,4.176333615929741,4.059658056661162,0.11667555926851492,0.23550070680201785,0.5266122380735357,0.6331859217783733
216,4.6393273433768965,4.609283886331935,0.030043457044939714,0.6084976616611293,0.292424107164336,1.05281866854382
217,4.216050541714173,4.016474193003935,0.19957634870979746,0.3610873431065187,1.0,-0.0
218,3.6231588155697287,3.5074496270359794,0.11570918853431067,0.138347856276976,1.0,-0.0
219,3.720643840246827,3.5404365270167637,0.18020731323031214,1.7923510894811372,0.43766456681038035,0.7761429833212232
220,4.034595678759649,3.876568001338901,0.158027677420705,1.5056582406869872,0.42155802914718576,0.803721162873085
221,3.6698268291379796,3.3684746314300233,0.3013521977077289,1.0321170101750923,0.5252310153449073,0.6353026964060927
222,4.214277067565069,3.981241794173348,0.2330352733915788,1.318568220746723,0.4619920449909839,0.7355706247829529
223,3.936910556823056,3.850970976599496,0.08593958022356674,0.3933188264141272,0.30664672534552084,1.0222835316175436
224,3.6464133024137815,3.538517422451418,0.10789587996214323,0.8958849136785432,0.37002139382024346,0.8964332908034505
225,4.21517004801675,4.010627067470194,0.20454298054664832,0.5367933943948806,0.477698485696032,0.7100091119412836
226,4.431277355341114,4.295579512415641,0.1356978429253104,0.43835949116682826,0.37396153900108464,0.8890772975579674
227,4.130993893373704,3.836448282913563,0.2945456104598634,0.4338875960530473,1.0,-0.0
228,4.186072422912309,3.967440462637979,0.21863196027470622,0.8512936861618705,0.45638471930196356,0.7448130919279778
229,3.858124284372058,3.690673314950272,0.16745096942167947,-0.10485160581873743,,
230,4.2796054107311985,3.7990376912404478,0.48056771949086396,1.1489848144098467,0.7211761236006418,0.3568873720934282
231,4.904984032131358,4.612775093688645,0.2922089384423998,1.6729879159769183,0.4952697320518623,0.6819513213501026
232,4.271126560065147,4.05028077846873,0.22084578159638113,0.8091654982413488,0.46048672740989705,0.7380456200091341
233,3.9427323605973803,3.768258306604293,0.17447405399343552,1.1054733369186032,0.42197563836741614,0.8029984363052108
234,3.9560210626046106,3.7398602933201963,0.2161607692846701,0.8796733431716,0.4531689230078111,0.7501424371716664
235,3.7383423790652492,3.429995424518905,0.30834695454586836,0.7127832753793975,0.6241078803339103,0.49003676911469596
236,4.244746576921477,3.889704615950547,0.3550419609709934,0.9304639412543452,0.6090084424499542,0.511489352119707
237,4.476449245250057,3.9741620053479543,0.5022872399017615,2.194342723115316,0.5978272315776691,0.5275276340293967
238,3.9165618017932835,3.71467760342883,0.20188419836495086,0.8146503938467049,0.44137977628329017,0.7698653390603901
239,4.2950056933200695,4.150571763479233,0.14443392984094316,0.1730039987647345,1.0,-0.0
240,4.2815830769073155,3.9033986503311957,0.37818442657635387,0.3061461100411371,1.0,-0.0
241,4.105346016192049,3.7346272436702086,0.3707187725217409,0.03396601075641925,1.0,-0.0
242,4.234226696695748,3.8803793638390878,0.35384733285673065,1.3205512069977772,0.5485014439974608,0.6000071896147218
243,4.571622022597728,4.198348176546842,0.3732738460512337,0.7067069127099792,1.0,-0.0
244,3.6492778973188584,3.282522234586961,0.3667556627324302,0.6705141911928401,1.0,-0.0
245,4.051209839781256,3.844511327206431,0.20669851257480332,1.1819956667396063,0.44441176063568466,0.7647645501427398
246,3.8869827337416942,3.78129928053932,0.10568345320234585,0.7563140319954087,0.359427005414623,0.9164574681499715
247,4.015429053777586,3.562922794567361,0.4525062592097129,0.7730206766265901,1.0,-0.0
248,4.022428297320891,3.7602999467545835,0.26212835056594486,1.1288300042926736,0.48508056149063894,0.6981545261258227
249,3.90296252462034,3.7235504336771235,0.17941209094351507,0.07693419847785421,1.0,-0.0
250,3.9744753037448723,3.852704930966437,0.12177037277842828,-0.06191351074646434,,
251,3.9732414850646243,3.771422262446831,0.20181922261781438,0.7235045836994587,0.4445807736657227,0.764480800847588
252,4.0145362544758765,3.742691588230796,0.27184466624476045,0.14929750613099557,1.0,-0.0
253,4.413336889000254,4.070715327355272,0.3426215616450463,0.6763414213272405,1.0,-0.0
254,4.202805083197324,4.081101208905521,0.1217038742920522,0.4935978255724862,0.3557680582803867,0.923458998031246
255,4.524078407347167,4.387102555288903,0.13697585205864016,0.577537362371146,0.3758386473954254,0.8855897305955196
256,3.976195912043783,3.6220425615513014,0.3541533504921972,1.5305240329033865,0.5372199077396095,0.6170224655771054
257,3.9973114802838032,3.7162027323578406,0.2811087479262824,0.3248619779595536,1.0,-0.0
258,4.171846697377111,3.93685627683976,0.23499042053754238,1.0444331188813543,0.4656108394750984,0.7296390608262877
259,3.729818070036378,3.4282264614460494,0.30159160859011536,0.3985850076095616,1.0,-0.0
260,3.836363179180386,3.472816871222333,0.36354630795813137,0.7577049273356131,0.7699654414832069,0.2924201005861283
261,4.245859497090839,3.759779501099627,0.48607999599107643,1.339237865687867,0.6689727324527218,0.4275582982375421
262,4.147230131059166,4.06019473333952,0.08703539771977375,0.38243280477699315,0.3065444663318462,1.0224996751290563
263,4.221622731277455,3.8350625861393204,0.38656014513799164,1.9542394719139402,0.5426978545091503,0.6087383930219388
264,3.9898251658569612,3.7710314266632543,0.21879373919409772,1.5050952787966807,0.45415055256661563,0.7485133883680769
265,4.056270228619303,3.7890218991576723,0.26724832946183597,0.7332000820732638,0.5303529453336134,0.6274673293175775
266,4.091358716501906,3.9808141932776357,0.11054452322468933,0.8517383764862778,0.3691274535263772,0.8981089771289976
267,3.9091602453995953,3.8290219476586222,0.08013829774063197,0.8072270874075791,0.3458260635173236,0.9427162417205404
268,4.550332803970866,4.455174406273832,0.0951583976971051,0.7800059982769234,0.353715380466597,0.9274067632268113
269,4.044678278571643,3.791694523519664,0.2529837550519005,0.14668185118188148,1.0,-0.0
270,4.410445999888486,4.341617460345281,0.0688285395431194,0.6278367098195439,0.32107632517177964,0.9922484870421208
271,3.911382573925072,3.8028346760819054,0.10854789784298191,0.6430073647112344,0.3532258108192098,0.928350452967923
272,4.195144211876174,3.883358955128775,0.3117852567479531,1.1709136042542596,0.5238621628844755,0.6374033253731395
273,4.830040461161877,4.484016439685446,0.34602402147675093,0.9801954910355661,0.5830994733007713,0.5488629975607696
274,4.080190725909267,3.721641078979095,0.35854964693044167,1.153907220118107,0.5684183512767662,0.5703824188935762
275,4.390018995270145,4.0931474425575285,0.2968715527126733,0.9351997043441287,0.5315044102731318,0.6257111625437505
276,4.076607228798855,3.936784952975548,0.1398222758234624,1.2600523584926293,0.40525504170086213,0.8322726906708603
277,4.491631482575519,4.17831397282959,0.31331750974595707,0.3988624444438571,1.0,-0.0
278,4.817982474040525,4.73401626350403,0.0839662105363459,1.1018909692260657,0.36755333980744365,0.9010657917549691
279,4.118783402761016,3.9030659140593875,0.21571748870155716,1.0813384636782075,0.4504263488428505,0.7547044283749113
280,4.680686433054268,4.442172360667881,0.23851407238635147,0.31758137207363646,1.0,-0.0
281,3.9268101134680697,3.7209561016689015,0.20585401179914697,1.4827132992807037,0.4467300949184059,0.7608777407559578
282,4.205131344707786,3.866381565518926,0.3387497791891292,0.8409162716739012,0.615696924296453,0.5019582002497004
283,4.217373716356212,4.010264931695266,0.20710878466070426,-0.2301059986848415,,
284,4.494784749257212,4.197851851335349,0.29693289792157884,0.999679771239375,0.5239706895730685,0.6372366786958369
285,4.0298686484593755,3.857229844924331,0.17263880353493732,-0.7955968278682413,,
286,4.153590854170977,3.826608562064434,0.3269822921065497,0.914453600952708,0.5728574821315202,0.5638481462760601
287,3.941514198410038,3.4909454258184645,0.4505687725918506,0.5466654927170183,1.0,-0.0
288,4.568944223120104,4.198226964556985,0.3707172585632179,1.18189305364114,0.5768787812328665,0.5579496282515032
289,3.959503112842446,3.9769367993226274,-0.017433686480217148,0.7807227671463863,0.2874435218023115,1.0637465694323207
290,3.777116771987982,3.3915860579110677,0.38553071407659445,1.1161641077837565,0.603052602258143,0.5200157433521568
291,4.363303369088987,4.099788633625037,0.2635147354635592,0.2782502213436615,1.0,-0.0
292,4.429102564858601,4.308258104349894,0.12084446050857878,1.5020538683297175,0.40284988321401394,0.8365423127750078
293,3.892257295096021,3.751570051305085,0.1406872437914899,0.7377797188445037,0.38566711760878214,0.8675018152534065
294,4.314625678185655,4.308666654079259,0.0059590241066871386,0.9206022619726966,0.3134716287029584,1.0079642423781114
295,4.435603088806181,4.127175676440066,0.3084274123657451,2.1244949233521417,0.4998640967521303,0.6747036002123233
296,4.023611712161744,3.783537825107705,0.24007388705422272,0.31404496998693787,1.0,-0.0
297,3.8808068308672197,3.4890486287769327,0.3917582020903865,1.3977634602917135,0.5730764186712347,0.5635265023962395
298,4.244277960855049,3.958456156220753,0.28582180463445184,0.9945831853800726,0.5132609845011671,0.6537684676006599
299,3.8508845651659036,3.4361307806231003,0.41475378454242673,1.026462780084998,0.6679217472728209,0.42900203014550414
300,4.131794102931542,3.749313954684785,0.3824801482469411,2.2956276678492067,0.5332991852103588,0.6229776862859251
301,4.1594507213608605,3.948841451765778,0.2106092695953521,1.1013357846649754,0.44671894204331875,0.7608964116014753
302,4.523116287779009,4.388303289127981,0.13481299865088658,1.0290357996078185,0.3939560946999453,0.852464931821383
303,4.138356297640291,3.8801271243798445,0.2582291732601334,0.6030271563176406,0.5718437874354677,0.5653381459440115
304,4.2702747023263665,4.220610354976548,0.04966434734978975,0.6768708285550424,0.31358487816932223,1.0077283769324605
305,4.124869796244218,3.9113763596046716,0.21349343663951004,0.7254417778147335,0.45784719409472474,0.742396409895416
306,4.402892020020351,4.196189956214651,0.206702063805551,1.3508942710324092,0.44587664946930605,0.7623072472830037
307,3.864983017145311,3.620088869647423,0.24489414749768912,0.9772681541671417,0.47589471405791717,0.7129208861139505
308,4.519144927497598,4.085748766780467,0.4333961607171659,1.3127392313670114,0.6197821847904726,0.49615907167417583
309,4.191035613738256,4.050787048875703,0.1402485648623042,0.6605867580561053,0.3821022359153623,0.874029413202461
310,4.388187237123963,4.110833663085364,0.2773535740384432,0.08257951371885497,1.0,-0.0
311,4.201595619095803,3.856250161051404,0.3453454580444486,-0.26575619260685457,,
312,4.523685796524239,4.381516098857032,0.14216969766721377,1.0223663090746449,0.39841800648661563,0.844449974563554
313,4.470470644848808,4.207407203734119,0.2630634411148094,1.592630106956161,0.47929541107650064,0.7074362585408971
314,4.488586200721818,4.3391336380660785,0.1494525626558243,1.5016651322688936,0.4170856073582767,0.8114877805736797
315,3.7735547173697674,3.725728511010343,0.04782620635978674,0.40485371501350187,0.2717595864342594,1.099019440332728
316,4.895185009112117,4.555073485300815,0.34011152381117427,1.1610013004439352,0.5499237718707021,0.5978743561185078
317,4.2678898779759376,4.050654102621399,0.2172357753547658,1.0335115215861705,0.4517721165341154,0.7524639248622411
318,4.046416091280241,3.589483892360858,0.4569321989197306,1.3191541528426676,0.6422798713760356,0.46451352551395136
319,4.480178186382124,4.222519000854318,0.2576591855277002,1.5039256157520775,0.4765772668037176,0.7118183521402264
320,4.220507699511961,4.0751783932535215,0.14532930625864537,0.8409312146729668,0.3935940797990015,0.8531176224270228
321,3.603399112551903,3.3399553553927936,0.2634437571591661,0.42114226125607956,1.0,-0.0
322,3.7666452872036067,3.5423050830681055,0.22434020413538747,0.6769904378097458,0.4774797076946957,0.7103619575616688
323,3.9882136365927514,3.6254316626302105,0.3627819739622282,0.9042195302248501,0.6314092246301061,0.4797442984444698
324,4.083622911335203,3.855410429016549,0.228212482318213,1.1410998350696673,0.45928631507131523,0.7400225442576646
325,4.362970994727254,4.059327660551615,0.3036433341758311,1.4424735066086853,0.5063377131441515,0.6645510087920783
326,4.094642584224891,3.8343280630892926,0.2603145211351148,0.6694346382700012,0.5391798031072955,0.6140537593247257
327,3.7838500585872104,3.5979734329303645,0.18587662565687424,1.1783453985906363,0.4307605978272512,0.7878907746050425
328,4.231917999096856,3.8892770850141907,0.34264091408203967,1.8159328783368274,0.5215292806954286,0.6409898451150102
329,4.200801368141617,4.078850993546146,0.12195037459559899,0.045372813267526624,1.0,-0.0
330,4.570497126113002,4.365724588109805,0.20477253800345352,1.1474655930296898,0.44286631394039155,0.7673620020583141
331,4.345285157638989,3.8234915843820594,0.521793573256673,2.1119882817509676,0.6130554848885292,0.505716782779693
332,4.040024951748853,3.9527896164170193,0.08723533533157024,-0.09294815313101523,,
333,4.038693289648597,3.713150101508537,0.32554318814027283,1.0281460364391926,0.5506704395496752,0.5967557884863665
334,4.120224678380543,3.83316235726137,0.28706232111881036,1.1358902204333603,0.5050240900502386,0.6666056017021046
335,4.294501367582177,3.821236736887433,0.4732646306947572,1.2699341074872486,0.6707287276837698,0.4251480834866716
336,4.3205903335715785,4.32802662033628,-0.007436286764914257,0.24915657491113663,0.1866723463075694,1.3204873814002214
337,4.1023945414836245,3.870404896733928,0.23198964474977402,1.5886764563574687,0.461917925008144,0.7356923849636685
338,4.185204728269616,3.79794913915404,0.38725558911528424,0.25105603621188877,1.0,-0.0
339,4.10760769518132,3.9299708211429496,0.17763687403839867,1.0097522663074336,0.42218843322860755,0.8026303286526035
340,4.078300889833406,4.040531451043959,0.03776943878938255,0.06028213712153274,1.0,-0.0
341,4.247898027366807,4.111678376672073,0.13621965069478392,1.5314194909591983,0.4112137527593248,0.8217595618815321
342,4.255464875258474,4.0620022926819015,0.1934625825765579,0.6954114631140911,0.43662089610105526,0.7779119954848376
343,4.567680924823469,4.322078019513553,0.24560290530962448,1.6934691218840818,0.4695435022125857,0.7232220040915529
344,4.213730816977693,4.035321390590417,0.17840942638713386,0.8637581499251645,0.4204064636577409,0.8057162741583684
345,3.7740629742789102,3.3635420227505484,0.41052095152781476,0.9838907661787459,0.6799725674335746,0.41250056394566503
346,3.7560806714696233,3.5848056603344154,0.17127501113509425,1.1297671708709913,0.42043592050066414,0.8056651996060817
347,4.227210121748646,4.082092979398814,0.14511714234959072,1.3265629325467607,0.41019403437554025,0.8235522195469867
348,3.8941477449102755,3.6259219671451155,0.26822577776511025,-0.0035464405252021436,,
349,4.161636395808761,3.991017515306344,0.17061888050193375,0.39260579147339314,0.47204071405972914,0.7191626425150076
350,4.729190903265623,4.579931719833047,0.1492591834326049,0.31222091629338067,0.5070887137581077,0.6633776541146793
351,3.9562278740309345,3.6431391462466727,0.31308872778436125,1.1800841384893808,0.5243723307079651,0.6366200979808063
352,4.353822431907281,4.229404532711582,0.12441789919557777,0.9986849664195852,0.38604707269315575,0.8668082652526835
353,4.125403026227138,3.9087137574831394,0.2166892687437212,1.622822396583313,0.4538913618294985,0.7489433313767252
354,4.402282849615437,4.181988508869038,0.22029434074647725,0.7115127774978838,0.46746277919350554,0.7266134619595791
355,4.486142009708635,4.282769196367367,0.20337281334104773,0.7532232621680279,0.444838612149967,0.7640480445404038
356,4.341100669761579,4.113747565434428,0.22735310432699407,0.6349723857166225,0.4905695563723653,0.6894032220375803
357,4.037183130188657,3.85784878765291,0.17933434253609448,1.0031736064199173,0.4232854188590025,0.800734407535582
358,3.2883037416736776,2.9932750292898525,0.2950287123835551,0.6185016203073772,0.7014717347344096,0.3833345368342579
359,4.342112187451255,4.071091240899163,0.2710209465517437,0.49633914123782574,1.0,-0.0
360,4.382357492455901,4.055632752412633,0.32672474004357355,0.8868434966401288,0.5795727986460828,0.5540088359508262
361,4.32957102488175,4.121025115957435,0.20854590892440683,0.9541931774656476,0.44539110155710115,0.7631212273168495
362,4.114661674979777,3.9839563430039795,0.13070533197560508,0.7904050654154382,0.3801677340487333,0.8775872811206544
363,4.150426441850902,3.979253808769561,0.17117263308182373,0.003268633150312894,1.0,-0.0
364,4.13465016541071,3.9241041361415347,0.21054602926915322,0.24818649136959436,1.0,-0.0
365,3.862586828135624,3.5161843186848407,0.346402509451309,0.4158003173852549,1.0,-0.0
366,4.157335220576021,4.018456204058543,0.13887901651696666,1.3542899148211696,0.4076348959410523,0.8280628698095428
367,4.502424480035222,4.209996213351635,0.29242826668360067,0.6318462744314104,0.6603746682115919,0.4393959394801235
368,4.362650713595064,4.096337850701685,0.2663128628933009,1.1925558631436353,0.4865016555502075,0.6958837167290904
369,4.252761318979571,4.198766534366127,0.0539947846132236,0.6007283777925814,0.30731323819616096,1.0208759007596957
370,4.3465521882108415,4.13481506905441,0.21173711915662352,0.017487677931626422,1.0,-0.0
371,3.988457335652162,3.604329671245862,0.38412766440615087,1.2999235269036298,0.575760038648693,0.5595886642626742
372,4.188328513308113,4.017552753973602,0.17077575933444678,1.706012156128974,0.43180209964523986,0.786111615978552
373,4.736992628221776,4.645839455993828,0.09115317222767771,0.4052834332000188,0.3139639948503894,1.006939195652117
374,4.295069256222211,4.092323175167946,0.20274608105455627,1.771118548616709,0.4482172863146193,0.7583904282691176
375,4.198235098487691,3.8756653383953057,0.32256976009239224,1.1316465814756533,0.5364117090938185,0.6182482496600283
376,4.224459088505716,4.124648887877845,0.09981020062787138,0.5137278337359277,0.33430143199852347,0.9654860257041746
377,3.3987355148069915,3.331854123920825,0.0668813908860102,0.8697554645771426,0.3425773689864323,0.9490850270703265
378,4.596721526589169,4.366583917192022,0.2301376093973886,0.5611552001596394,0.5249619979863401,0.6357153065187191
379,4.499051032090426,4.2345274400346735,0.2645235920558662,0.9586248018852999,0.49514326214962323,0.6821513364201703
380,4.793314594715445,4.616087426100931,0.17722716861408117,1.2543956794078817,0.42679607050879464,0.7946861849536941
381,3.7708913869342147,3.5656656445073245,0.2052257424270465,0.3066467305424929,1.0,-0.0
382,4.339814322266227,3.9355698168115345,0.4042445054546988,1.7120506821007915,0.562090975669735,0.5797385009041434
383,4.049386670162255,3.777066357426525,0.272320312735701,1.0929988515891367,0.49471684623565904,0.6828259242769795
384,4.1042739431477795,3.9353770539154573,0.16889688923220092,2.0673921188983044,0.43652584541672945,0.778073226445127
385,4.185442267775704,3.8198547553195445,0.3655875124563863,1.4704247027019868,0.5481190034328891,0.6005811389679988
386,4.2742154442753755,3.7614063321693485,0.5128091121059697,2.1285789426052517,0.6069567590237004,0.5144223178354481
387,3.9111518237482747,3.49503111923048,0.4161207045176525,1.2444365884164945,0.6133779821210841,0.5052575099003793
388,4.258817560291879,3.8105358357388304,0.44828172455299864,1.748982480353046,0.5889191350405227,0.540403006276962
389,4.123715291235873,3.7808422849956407,0.34287300624055206,1.1034427741383368,0.5590107387958567,0.5843115262546312
390,4.413983320034765,4.168564993777045,0.24541832625754978,1.0395297858395338,0.4742285036309929,0.7156159799991528
391,4.448923298631177,4.215089537557352,0.2338337610740382,1.0529685642551456,0.46453201740745953,0.7314046638290955
392,4.185054934750076,3.5422262966465303,0.6428286381033104,0.9595536888708196,1.0,-0.0
393,4.2175022703131955,3.739549965851585,0.47795230446172354,0.7093719056668242,1.0,-0.0
394,4.223887494732969,3.9718044924850395,0.25208300224812774,1.4752918693444101,0.47337892417835825,0.7169921762364992
395,4.419926875899398,4.321018643645351,0.09890823225441636,0.5724156890388024,0.33903665538086325,0.9560704252315879
396,3.6102333161584617,3.6044203842020344,0.005812931956825196,0.7808624110071989,0.2995561241084489,1.0373857342130948
397,4.180691723637244,3.907707781083109,0.27298394255421954,1.4242416361873858,0.4867310741984313,0.6955174581801373
398,3.958607194309058,3.9012218897335535,0.05738530457529123,1.0378734306847122,0.34932741765998576,0.9358946778926298
399,3.9274146957150484,3.589541171330564,0.33787352438457674,1.5496410140287793,0.5256794780889209,0.6346150990864341
400,4.393570314613077,4.1765006608447575,0.21706965376779408,1.0931109409826334,0.45139468494357216,0.7530919109366834
401,4.34360399819983,4.137854058372453,0.20574993982700107,0.489149749185394,0.5059434030183587,0.6651674407676728
402,4.599582168810263,4.214503161154338,0.3850790076562589,2.1483812893232823,0.5373030892592292,0.6168963579136301
403,3.8295977429898236,3.5442908206734436,0.28530692231606736,1.2271578969971557,0.4997847308906995,0.6748285003205077
404,4.517188744214797,4.370455503154998,0.1467332410597919,0.24492075568556615,1.0,-0.0
405,4.355616070608027,4.342433101815066,0.013182968792534666,1.2995351351451951,0.3437172868759808,0.9468459429949492
406,3.9918228041974877,3.774231840537714,0.21759096365985897,1.2288617541334972,0.45187481764675896,0.7522930979190101
407,4.3573058530542195,4.133837745696175,0.22346810735825784,1.5788582304206216,0.45721487914229453,0.7434407526198339
408,4.106784485164132,3.7927262634061853,0.31405822175747744,1.9078110109721358,0.504561529632945,0.6673297465831861
409,4.424483293666105,4.146544430752291,0.2779388629132882,1.441289324170782,0.4896498178853952,0.6908658990874424
410,3.941028916801803,3.7829736629279984,0.15805525387395392,1.5302508972087487,0.4221129845901721,0.8027608326150156
411,4.27283036195198,4.01367008104941,0.25916028090205145,1.2701850090462514,0.47975105822537023,0.7067030106645922
412,4.665178653872806,4.29471679775588,0.37046185611689,2.328673444749505,0.5270993953424516,0.6324400121157578
413,4.327596287416361,4.030415721938871,0.29718056547790184,1.6384267115558302,0.49856753736875736,0.6767453503650623
414,4.167905538627599,3.925865337793089,0.24204020083470823,0.8271045311137541,0.48196786541877545,0.7031410287588502
415,4.035494652616341,3.716376816946377,0.319117835670113,0.6699239561732746,0.7216741370368419,0.35622224104219746
416,4.341218527954458,4.043275814760248,0.29794271319406107,1.1462009450945772,0.5136132009754124,0.653221950649848
417,4.141340677893856,3.968218594872224,0.1731220830215534,0.540942020297372,0.42175031920683226,0.8033883280207267
418,3.919464045719939,3.7458215985538224,0.17364244716600297,1.0031300373979342,0.41921004576648646,0.8077924958263989
419,4.9205400854598675,4.666427140732095,0.2541129447276944,0.45647141023427906,1.0,-0.0
420,4.425605792316707,4.2387564096296355,0.1868493826868871,1.894183041342579,0.44214658037030785,0.7685734356069808
421,4.025546722782144,3.7682404212826035,0.25730630149973877,0.789752707984416,0.5044826114637178,0.667453329036124
422,3.8392389243991025,3.6015748195054846,0.23766410489361078,0.8483017493783436,0.47564228292861765,0.7133288600763127
423,4.399936934781669,4.178721585365009,0.22121534941607024,0.04816387766058128,1.0,-0.0
424,4.1080650064077755,3.72193132958162,0.3861336768259207,1.2166775131572223,0.5874379875326441,0.5425524470085232
425,4.049012666257601,3.8558472677345867,0.19316539852297865,0.6751112349579635,0.4373628575281223,0.7766541279738962
426,4.251198430401962,3.989956991319344,0.2612414390828235,1.0783931300650025,0.48606225866511155,0.6965854586726691
427,4.404749364097404,4.239303435307084,0.16544592879017728,0.8744982600779672,0.41018525757203994,0.8235676605903155
428,3.954731081744773,3.568660618260187,0.38607046348442964,1.5961686757470055,0.5558037348141759,0.5890857757664468
429,4.041111947897695,3.8301996236705995,0.21091232422713801,0.820197824957873,0.449968093959517,0.7554682196751359
430,4.363641884653168,4.086969321840632,0.2766725628130189,0.6963307676642856,0.5603346336121799,0.5823445346622663
431,4.081768234822482,3.779816830709874,0.30195140411251487,1.5353132580604907,0.5031534812095655,0.6695362242797592
432,4.084343739795292,3.8774406706873257,0.2069030691077387,0.8601687361587231,0.4451348021088072,0.7635510956175561
433,4.324934633785267,4.131030332584535,0.19390430120074598,1.5756314943437104,0.4414043719967604,0.7698238805203427
434,3.923008029859408,3.5397811194747724,0.3832269103845647,0.792032292763384,0.800223330449827,0.2530580820505593
435,4.296476440834828,4.016078445534104,0.280397995300973,1.5322654908820148,0.489968026429322,0.6903596790978688
436,3.904873099021676,3.7521422036966263,0.152730895325476,1.9832248284165175,0.4283040636758455,0.7920970952663133
437,4.067346982658853,3.9534670993794285,0.11387988327987841,0.8956096296888276,0.37394405203351033,0.8891098382358007
438,4.400159385378208,4.208405841221426,0.19175354415665424,1.0718142782114413,0.43314037390225046,0.7838291381986424
439,4.547476460905761,4.381028946542527,0.1664475143634263,1.0433078748694875,0.41516531711045723,0.8148375268584604
440,4.149131538511517,4.029793507059493,0.11933803145166166,1.0179080244589684,0.38377243445153253,0.8709665189604425
441,4.444421202780211,4.293630791382283,0.15079041139824767,1.125739645139621,0.4074276903144013,0.8284288205041266
442,4.082938803050672,4.03093401368813,0.052004789362399606,0.11069590191919687,0.24889607513936762,1.1530348631361667
443,4.261090277183518,3.9260085198421257,0.3350817573409586,1.9293473403313506,0.5153479422357274,0.6505330781907338
444,4.018637608347069,3.8810614781612336,0.13757613018606207,0.43647294227841726,0.37700231715125965,0.8834330932851148
445,4.2484413863608435,4.075601286280614,0.17284010008052064,0.10509564596796395,1.0,-0.0
446,4.208545307776637,4.005087242921162,0.2034580648555675,0.2037852487032623,1.0,-0.0
447,3.951097687530852,3.8489193566261597,0.10217833090473505,0.9563286463441791,0.3699365372294907,0.8965922458742585
448,3.8992036950308253,3.603235754946551,0.2959679400846653,0.7034479741252682,0.5991995997831132,0.5255518774720596
449,3.8788902148681124,3.6936669687314683,0.18522324613650198,0.879730670724193,0.4261923530722571,0.7957242080243899
450,4.011402536298226,3.615916556355328,0.39548597994325974,1.1818106403007498,0.6022350133008745,0.5211891477690985
451,4.081975566752169,3.7827552420590798,0.29922032469266924,0.5138855947489596,1.0,-0.0
452,4.2851431491881495,3.838813847264722,0.4463293019239245,2.074422460690016,0.5718924984136693,0.5652665184391761
453,4.416787743447946,4.206852144620411,0.20993559882754198,2.0328700363732217,0.4541004227561547,0.7485965324032602
454,4.5022129991626,4.342041547479502,0.16017145168234492,0.7951410108202523,0.4039557332063616,0.8345773254989802
455,4.235990329953017,4.067096526885448,0.16889380306747626,0.9973745822389972,0.41571697205347247,0.8138742875489887
456,3.918613986988054,3.6111185407792212,0.3074954462090318,0.9119203810044709,0.5478634050180058,0.6009648397248895
457,4.197593240485764,3.847263525931685,0.35032971455393636,0.7539701311762279,0.715158896991957,0.36493638004929246
458,4.638163102098622,4.356537879176598,0.2816252229217753,1.8456209328212623,0.48816663306656427,0.6932277546357866
459,3.5753088474630537,3.341500079653064,0.23380876780993276,0.7028090832879812,0.48665196071005623,0.6956437494524955
460,4.126410469683412,3.958953905836841,0.16745656384637186,1.6905479826237553,0.4299315410931285,0.7893088059168761
461,4.096602093236504,3.950215890578702,0.14638620265805002,2.0562220676246454,0.4268323875341853,0.7946237692897027
462,4.454380612722195,4.157276746296331,0.297103866425914,1.0320353953149208,0.5210678081359603,0.6417002788671657
463,4.3067078092013045,4.031747418719041,0.27496039048219245,1.396686505671692,0.48840861772123334,0.6928421493032327
464,4.524820679460424,4.402412051909321,0.12240862755106718,1.066659933809703,0.3878770827472908,0.8634736830909652
465,4.590226541958179,4.237521200923899,0.35270534103437967,0.5245112188577252,1.0,-0.0
466,4.080100074553718,3.93242469126204,0.14767538329169838,0.6897865642746446,0.3899994239339004,0.8596184089420962
467,4.873254535614285,4.570445037509186,0.30280949810503444,0.8702193656804518,0.5499091025937972,0.5978963393530676
468,4.042063081925823,3.865406613199864,0.17665646872592333,0.32802911309177674,1.0,-0.0
469,3.977872003727986,3.569962255415104,0.4079097483127043,0.94947671147996,0.6940632728447695,0.39334691360369584
470,4.160892223535518,3.9007851664700275,0.26010705706585213,0.6138829548141054,0.5687995325741311,0.5698203781909411
471,4.3751332043725935,4.15184246253242,0.22329074184017372,1.113863596072111,0.45586736919600956,0.7456690345300426
472,4.291698038514857,3.793778489249019,0.49791954926604376,0.9220709311232405,1.0,-0.0
473,3.903613950362375,3.7004903866968255,0.2031235636659403,1.7048980924826544,0.44768922724163385,0.7592730637830691
474,4.000490139965256,3.695700611018258,0.30478952894691247,0.7831389104673256,0.5777629560517645,0.5566553102134357
475,4.4289325342124695,4.1927195071712955,0.23621302704123082,1.9613567568799084,0.46572036114976556,0.7294599445714224
476,3.695542403703745,3.4895817963149844,0.2059606073885334,0.28254356733447494,1.0,-0.0
477,3.9864611593402848,3.805863753248365,0.1805974060916924,0.9112804741354026,0.4227802872761943,0.8016070689116805
478,4.308077277712561,3.931177767534576,0.3768995101781911,1.5914650834757218,0.5498384976735522,0.5980021512369181
479,4.149092573863561,4.025031494811413,0.1240610790523533,0.49794995682799836,0.35867439560845726,0.9178939380280867
480,3.988155539244905,3.8444519437654754,0.14370359547910994,0.6200711281639109,0.3840677326779779,0.8704258360145336
481,3.9625493918588623,3.9100065766750354,0.05254281518364223,0.7059790137850008,0.31865088459805746,0.9972341165708607
482,4.468009977044892,4.454176291254489,0.013833685790359596,0.3274524994636394,0.2267531046900744,1.2087650960672356
483,3.8806710089716367,3.6453626591744714,0.23530834979737847,0.6824873932411961,0.4925553217455516,0.6862502396488714
484,4.453772136062559,4.114597507523028,0.33917462854014957,1.268958322385437,0.5401784116668215,0.6125432203540697
485,4.844598569109655,4.389607606909847,0.45499096219964485,2.450834290359637,0.5647576445318192,0.5757892441091104
486,3.800932863777722,3.4569555133919088,0.3439773503851029,0.6867236539631385,1.0,-0.0
487,4.09699506520659,3.99290222698203,0.10409283822491489,0.5362828541858846,0.3404549542465325,0.9532667094845079
488,4.470730707142172,4.107771480604937,0.36295922653698653,1.6769669462599595,0.5373499619260396,0.6168253007480217
489,4.351970477885095,4.057529249234845,0.2944412286506122,1.0792859689132328,0.5148217857034276,0.6513481302292078
490,4.054385475331889,3.876356949260509,0.17802852607110253,0.9232422335008508,0.4209494066873978,0.8047752148949173
491,4.600229437593077,4.104602117364832,0.4956273202283228,2.135209969733147,0.5968619054713424,0.5289186187740327
492,4.106048858407609,3.886714360776485,0.21933449763173485,0.8879274162643327,0.4558566624180166,0.7456867543912392
493,3.9555021896008262,3.7766888855583125,0.17881330404225082,1.3462937237263581,0.42950325046040905,0.7900419828015569
494,3.939130155441523,3.846604988365262,0.09252516707601899,0.6079933617294664,0.3370602056309887,0.959990083874851
495,4.264652642112685,3.8741260742883106,0.3905265678245087,1.959300484893319,0.5447528270840432,0.6056415168160898
496,3.9122557429723535,3.8284980389324423,0.08375770404018112,1.520447450023525,0.38587095209788735,0.8671296946516163
497,4.254150539389263,3.9310549112673008,0.3230956281222461,1.4692219613866797,0.5185547202741418,0.6455748640271592
498,4.685240198085955,4.252919252583082,0.43232094550285183,2.047592723028046,0.5651063380624195,0.5752735040165882
499,3.921475293091168,3.652165785424676,0.26930950766609385,1.8464111300760884,0.4818211045020717,0.7033765692106917
500,4.203112958299277,4.058384555947887,0.14472840235112017,0.43022333304001137,0.389552991784864,0.860428299294823
501,3.52525170597986,3.186564990068083,0.33868671591153543,0.37453006656144794,1.0,-0.0
502,3.632964899211435,3.654464541895036,-0.021499642683465936,0.750375896339424,0.2818094301477238,1.076263494430267
503,4.143680022884416,3.922392104971093,0.2212879179137417,0.7846395621008533,0.4624114641760385,0.7348818316203588
504,3.824604240810492,3.664654704209402,0.1599495366008341,0.3280607199352197,0.5634422546973805,0.5777361709340266
505,4.1116244011532554,3.847089813341005,0.26453458781179506,1.460945763785567,0.48102821098346715,0.7046497805453524
506,4.104002533979417,4.014982285171362,0.08902024880853787,0.6758393643378611,0.34070655802055616,0.9527701174034751
507,3.7804862625321554,3.619399975089235,0.16108628744268572,0.42295127773641283,0.4241971260446912,0.7991608907554181
508,4.421799302199849,4.20685324231364,0.21494605988664262,0.5645044151990426,0.488962777816942,0.6919594766251653
509,4.812538427455399,4.432772196897089,0.37976623055828895,1.9501467111875002,0.5390584345293763,0.6142374422019121
510,4.001737985371198,3.6797450051420717,0.3219929802294246,1.280713699059639,0.5256879028689776,0.6346021848179165
511,3.9577657455393243,4.043043488321436,-0.08527774278172728,0.6824684399800951,0.24271936647483838,1.1682166985151923
512,4.048952116507314,3.863158100016944,0.18579401649094507,-0.23973929227132018,,
513,4.337841834862536,4.146235846447558,0.19160598841472165,0.7041632036231249,0.4341617918249948,0.7820898152025435
514,4.425032676316311,4.083706608430104,0.3413260678862571,0.7236672616130342,0.7261982265534299,0.3501871809611117
515,4.17777063320367,4.013819374453496,0.16395125875033045,0.9874315579224344,0.4119841541102375,0.8204069511913139
516,3.813343582061895,3.46648226360409,0.34686131845728596,1.7381037312740837,0.5257637848265767,0.6344858708263674
517,3.82872017100866,3.574423291501039,0.2542968795073648,1.2689647950701648,0.4764076972956014,0.7120921785663247
518,3.996174295034995,3.6259898218672695,0.37018447316813763,1.8740335291167156,0.5357003634504613,0.6193279071967732
519,4.05904565741506,3.6831020642265293,0.375943593188822,1.1807443324470803,0.5822310542061677,0.5501287710759108
520,4.2705365486236015,3.998465123259803,0.27207142536371975,0.8384517920460475,0.5158177179708876,0.6498057288298018
521,4.39015161677438,4.303215675159391,0.08693594161468354,1.1940608411279925,0.3738732204768732,0.889241654988846
522,4.0264648224952335,3.864098268462802,0.16236655403236,0.8285532137450033,0.4066053836519622,0.8298822107528036
523,4.319164320585548,4.129343440339296,0.18982088024631594,0.5735255702342528,0.4426817329127255,0.7676725757762642
524,4.145323146523912,3.8439949637790582,0.3013281827447827,0.551622483257642,1.0,-0.0
525,4.081929111807346,3.9462914407738316,0.13563767103369173,0.31057499030777436,0.4182422333826953,0.8094745545158065
526,4.346174701944198,3.9984587946268753,0.3477159073177063,1.2852388022917722,0.5460457765820426,0.6036959961298693
527,4.295418926542004,4.1688410986922175,0.12657782784981464,0.7363999163697379,0.3740594149063138,0.888895182254247
528,4.013906540823006,3.803378410112584,0.2105281307108271,1.1308935660913129,0.4467474193819244,0.7608487386813307
529,3.824081693879213,3.888297220669896,-0.06421552679103115,-0.01680719786841678,,
530,4.301181170427332,4.032851826466091,0.2683293439613408,1.1481228214716843,0.4893549596539438,0.6913351304643162
531,4.1234889717657435,3.8285972155328216,0.294891756233028,1.3938739318582982,0.5017092907431073,0.6718027296886412
532,4.336270604791514,3.9882637736239395,0.3480068311678224,1.2179230178871663,0.5517437949378565,0.5951491233201197
533,4.203128425809643,3.9008304114829833,0.3022980143264249,0.6112785137517882,0.8049006354043609,0.24700980559691316
534,4.005799118008815,3.713744341338893,0.29205477666982915,0.6259402525020832,0.66880062678972,0.4277946576421367
535,4.1429034536513765,3.833613324969695,0.30929012868182326,1.7243170586882712,0.5043096113023031,0.6677242755095479
536,3.8458520650347388,3.8306708634566085,0.015181201578343462,0.4123019128603538,0.24849891863378606,1.1540030496562248
537,4.226183300597347,4.033736892778874,0.19244640781835187,1.221481031358934,0.4355976213098385,0.7796488034425781
538,4.153599686643281,4.033290778866975,0.12030890777623426,1.2128061786593314,0.3927174955129247,0.8546995576208503
539,4.124021421400846,3.9103350323419384,0.21368638905869375,1.904826607368566,0.4547335655874094,0.7475467974148886
540,4.175772475496194,3.8772490761638045,0.29852339933268013,1.6539107042077568,0.49913571224482,0.6758502731507032
541,3.8893807450586215,3.5993770412079917,0.2900037038511982,1.7735032711253282,0.4930757239002812,0.6854250775076913
542,4.4831000395879865,4.18062409127708,0.3024759483109847,0.22707255973798013,1.0,-0.0
543,4.004571165471168,3.9668799222521307,0.037691243218887394,0.7773351232116816,0.31702266263356704,1.0005949704971644
544,4.458158960192611,4.3181545640234855,0.14000439616893345,1.1167307003532478,0.4005227493714896,0.8406879920441913
545,4.492441314067525,4.329712549433671,0.16272876463426655,0.18610555599655143,1.0,-0.0
546,4.444115587121393,4.295921017034827,0.14819457008616155,0.4779559915290257,0.39037441528425243,0.8589385576585452
547,4.364016246780045,4.232990459953703,0.13102578682583044,0.6887556405103439,0.3751581946700546,0.886852728862452
548,4.123001629438965,3.733396200873526,0.3896054285655737,1.0339156254751032,0.627678416322585,0.48499708070431846
549,4.17195792801798,3.9871352466796615,0.18482268133811885,0.608159861314725,0.4316540810541242,0.7863643188319259
550,4.441045672164853,3.931327611776529,0.5097180603884226,0.8949674186462495,1.0,-0.0
551,4.0253948850018215,4.019349477925344,0.006045407076726406,0.18088715325512084,0.1686553651835046,1.3765372429704692
552,4.449843763930891,4.168233484965446,0.28161027896521773,1.2744276290877181,0.4955664592525866,0.6814821474864439
553,4.359422887256221,4.0301830838597805,0.3292398033963764,1.8131401285361726,0.5140821355406439,0.6524946306263426
554,3.986444328893446,3.807291863759287,0.17915246513439342,0.4228513428143401,0.47425468302552887,0.7155735946850913
555,4.615400518068361,4.181668385866841,0.43373213220138496,1.0821891844565954,0.6757227718423113,0.41830686387819005
556,3.8927817051849494,3.6306237762931324,0.26215792889161094,0.8251928393578538,0.5055049634572526,0.6658531579788673
557,4.039373903155171,3.883958168677855,0.15541573447762858,-0.30810710895651994,,
558,4.431937446599056,4.16357378923726,0.2683636573615331,0.7366387017585581,0.5312079997621643,0.6261630509875102
559,4.770488518984655,4.370139233152484,0.4003492858323625,1.6537232501178138,0.5624472835614133,0.579210297274636
560,4.7368173951463515,4.445457808956688,0.29135958619008306,0.6860122540770099,0.5995259362615172,0.525082362874872
561,3.964173198214245,3.559002632358227,0.4051705658557694,0.8990551810893201,0.7254855355750427,0.3511370472829359
562,3.5365647612234503,3.298808019117087,0.2377567421058302,0.10969914601824726,1.0,-0.0
563,4.3367790212883275,3.9907350740212784,0.346043947266935,1.2744862358366085,0.5454534282046472,0.6045870276419806
564,4.106872675181455,3.9189813408670466,0.18789133431437222,0.2612899966218123,1.0,-0.0
565,4.187597494174986,4.016135156204163,0.17146233797075183,0.36167756101135495,0.5352560273461466,0.620002672659496
566,4.349218182827405,4.025064544264195,0.3241536385630752,0.4520552591560225,1.0,-0.0
567,4.220009369235447,4.089218027143863,0.1307913420919249,1.5308331620327813,0.40853243790661453,0.8264789786553391
568,4.282239401791719,4.076692921059829,0.20554648073175485,1.0364336707242714,0.4428740145407002,0.7673490467334371
569,4.3748881371216495,4.117568549707107,0.2573195874151679,1.1837620431568077,0.4799963774241255,0.7063083893047134
570,4.244192717306339,4.073698362633499,0.17049435467288276,0.8876626410125041,0.41443350080169805,0.8161165121458479
571,4.082939858403767,3.7692936934851935,0.31364616491873676,0.2048194017329763,1.0,-0.0
572,4.045544984969217,3.735527029493715,0.3100179554753595,1.3405786618037503,0.5139606313196349,0.6526830511803926
573,4.105858170045428,3.8523396223671305,0.25351854767814075,0.9122175588603341,0.4874854863789818,0.6943137236636282
574,4.106286772408145,3.8518893250544983,0.25439744735376735,0.7997939104599219,0.49937727122517495,0.6754698959859867
575,4.26040989238121,4.030359832312412,0.23005006006906115,0.34773311403960605,1.0,-0.0
576,4.077324413653093,4.121700798572368,-0.044376384919360135,0.7850428520055779,0.2747856265103575,1.0921080159197012
577,4.231103005999591,3.8042733244515055,0.42682968154804257,1.1303099554628204,0.6502704532401555,0.45338650351914717
578,3.9247663360379526,3.7239689005226047,0.2007974355155966,0.7691779018162954,0.4415464916209031,0.7695843495568296
579,4.4657767314547865,4.28297742796085,0.18279930349399365,0.6605832347588105,0.4260128457298503,0.796033015753827
580,4.094510869018938,3.8983938693242,0.19611699969482288,1.0991845430296898,0.4364931678175218,0.7781286609202923
581,3.994575033711532,3.7595301684952225,0.2350448652164232,0.00023706533417211517,1.0,-0.0
582,4.198130147908193,3.8489541111433048,0.34917603676512954,1.0538284453233686,0.5728787631144603,0.563816879415827
583,4.008628099759823,4.130794125162067,-0.1221660254022936,0.8422398220151841,0.2480559006508149,1.1550843150081596
584,4.361628565330681,4.063053721584707,0.2985748437458824,0.810808979654972,0.5582888258530938,0.5853850692881972
585,4.626957786866603,4.360468707923834,0.2664890789428682,1.7495225120662532,0.4806017302930845,0.7053350866588859
586,4.445089980200498,4.009101928708473,0.43598805149167674,1.5841010609876705,0.5919656622673483,0.5359897097730525
587,4.882899617729924,4.504429718416999,0.3784698993126767,2.0499708317705903,0.535982290612582,0.6188999209232476
588,4.163678020741861,3.928193935043159,0.23548408569831736,1.3264968107590818,0.46354452983800076,0.7330227895286431
589,3.6471021010188784,3.5885917892071126,0.05851031181146027,-0.06460947972241726,,
590,4.376794622442537,4.007497159668516,0.36929746277382947,1.0168405850899838,0.604815586668787,0.5174879383343212
591,4.310119587633414,4.0498720579755965,0.2602475296580451,1.238208159641637,0.48105521525866557,0.704606398878928
592,4.059408227924939,3.785597192786033,0.27381103513926064,0.4932501122201387,1.0,-0.0
593,4.254391317972056,3.8498069706676126,0.4045843473045352,0.8049087142372535,1.0,-0.0
594,4.707165597594701,4.34044309417831,0.3667225034164403,1.625353765045599,0.5416545009366877,0.6103129789150842
595,4.046129146587225,3.632010002659205,0.4141191439280192,0.7606183384932024,1.0,-0.0
596,3.5795059241395726,3.1855178187788034,0.3939881053611316,1.8144918945149051,0.5514113418703536,0.595646595365347
597,4.355461030762433,4.2120136894466835,0.14344734131555015,0.6930130094462896,0.3862656055930558,0.8664095556133753
598,4.611179420374844,4.367976621954972,0.2432027984200431,2.320529313407466,0.47035585261818635,0.7219001767165905
599,4.142372629530689,3.6941122635946164,0.4482603659362212,2.4441221153357233,0.5617073290364232,0.5803074133679736
600,4.327083602052914,4.062909673917678,0.2641739281352784,-0.03592059484458687,,
601,3.685911069957944,3.5355394226529433,0.15037164730529184,0.8542129628089405,0.3979314640597861,0.8453213137680786
602,4.134525169742153,3.697599461182049,0.43692570856046586,1.106217541849876,0.6717051636697533,0.4238089318181745
603,4.065470727317949,3.838366293840982,0.22710443347659748,0.7023797684738682,0.4774898685870227,0.7103455680949936
604,4.316637557180945,4.11539210696157,0.20124545021917584,0.294675538465917,1.0,-0.0
605,4.241037209210878,3.9400715957832353,0.3009656134272518,0.18499256568955147,1.0,-0.0
606,4.325375843908239,4.033127219206767,0.2922486247011875,1.5614304761289546,0.49674378578527567,0.6796220791310773
607,3.9652403728778487,3.7706165300778642,0.19462384279995604,0.8726226247125943,0.434115986004459,0.7821677650192349
608,4.124201672609649,3.684962974025273,0.4392386985846315,1.1075135631907997,0.6746134087948437,0.41982485153519966
609,3.9676570728584344,3.516840849733432,0.45081622312454783,1.9314047754390664,0.5805229304467643,0.5526210417890406
610,4.235757660054821,3.914599342899583,0.3211583171550956,1.5083236412429137,0.5160612012794116,0.6494288811514681
611,3.962774656324233,3.715340321591737,0.24743433473304322,2.2731716899625063,0.47199784195601435,0.7192322335103375
612,4.188945473440105,3.9508420091545395,0.23810346428581397,0.4263434641062922,1.0,-0.0
613,3.637804936295685,3.4654466802344834,0.17235825606167055,0.9770699695638925,0.41773009152781115,0.8103655846705238
614,3.611620080377667,3.2743084495130907,0.3373116308648605,1.2367758389571684,0.5409370352373215,0.6113966268209378
615,3.977879034801878,3.668470642466237,0.3094083923360813,1.1178972777613758,0.5255372524124193,0.6348331315075141
616,4.381531224993557,4.1758072767134475,0.20572394828013785,1.1349299221516596,0.4434335872962428,0.7664079779338361
617,4.12385501145676,3.7791479610475753,0.3447070504093972,1.9351078443747625,0.5203745230744737,0.6427681955958112
618,4.348512215000516,4.124018277637587,0.2244939373631496,0.6353033504636478,0.48576087722701145,0.6970669804442821
619,4.222133575124223,3.881796713149169,0.34033686197517454,1.2268977506628076,0.5442811449964231,0.6063518346810188
620,4.536865862463435,4.155923649523272,0.38094221294022645,1.8745115347276737,0.5418017203463383,0.6100907098715248
621,4.351853967633394,3.9906052723975285,0.3612486952360996,0.7763095452659812,0.725283431103464,0.3514064674253304
622,4.535071986452328,4.232033375518055,0.30303861093398154,1.0048761644081736,0.5297072588341426,0.6284529508474558
623,4.173088538720128,3.7686084881378554,0.40448005058169656,1.7886253707591386,0.5587995176998005,0.5846255593964713
624,3.9971431245089994,3.74986612707873,0.24727699743061748,0.7747150456085663,0.4938415656901073,0.6842115883777654
625,4.38357421388722,4.213817999786746,0.16975621410028907,1.22464744361832,0.4216655049451834,0.8035351220485925
626,4.082361685000739,4.062328523776143,0.020033161224546348,0.639903597758547,0.2905201258703917,1.0569812913871133
627,4.343570119486264,4.143930798500476,0.1996393209856251,1.0509197028089794,0.43857833648405153,0.7745961441025992
628,3.691393692226972,3.504237041148959,0.1871566510781122,1.4150002417417475,0.43541038299725254,0.7799668582394588
629,4.1904004702414905,3.9864936601858907,0.20390681005574152,0.5771877781109289,0.4647408354983966,0.7310627337699536
630,4.08771105067766,3.5902462786413145,0.49746477203643735,1.690561889423435,0.6281761627803386,0.48429550892966605
631,4.280814449472507,4.152316772391648,0.12849767708075888,0.4743056974216415,0.3633616252225701,0.908978215079504
632,3.882966546394106,3.620853013668094,0.2621135327262891,0.559162024035782,0.6433154271798656,0.4630682778331084
633,4.368376897960877,4.0792608693129235,0.28911602864764063,1.7028039231715262,0.49321542023800424,0.6852036510990661
634,4.352354737787243,4.132680184763812,0.2196745530231965,0.7310160582935303,0.4647365719566666,0.7310697142694234
635,4.283180185765138,4.076855068521551,0.20632511724397773,1.075672337777121,0.44355948726593,0.7661963375456587
636,4.56624794941539,4.197954200578179,0.3682937488370044,0.3797598146700416,1.0,-0.0
637,3.937371880340867,4.04691191810476,-0.10954003776396348,-0.055983984320274516,,
638,3.8021753561393203,3.4921671516268638,0.3100082045120871,0.8461506330537922,0.5659164948503256,0.5740758203762705
639,4.325740763433748,4.1701702811526555,0.1555704822808366,0.24762194948433347,1.0,-0.0
640,3.7974761605346763,3.4391966269807503,0.35827953355419595,0.886702423064289,0.6310254419028227,0.4802840315343534
641,4.303160846038315,3.8007104502060876,0.5024503958320565,1.0025477088380157,1.0,-0.0
642,4.289428749619253,4.039918968551609,0.2495097810678999,1.0459486268861191,0.4774319698233106,0.7104389610551968
643,3.8169151993920756,3.838710609455686,-0.021795410063532472,0.6278791117367675,0.26520541405626435,1.1141719790187754
644,3.785786162978217,3.5840505273556906,0.20173563562229901,0.6486009729573361,0.4502073068961473,0.7550694591819658
645,4.044611665714035,3.8439792583359043,0.20063240737817978,0.967827749381744,0.43899096727131837,0.7738982454219
646,4.2188005429762025,3.921528647693241,0.297271895283302,1.5887162159684607,0.49935240572032136,0.6755090465904242
647,3.5619315933586555,3.298242777306347,0.2636888160518538,0.08569398868938194,1.0,-0.0
648,4.1030976014163,3.909013888991081,0.19408371242570865,0.46645167714903124,0.4876998306699303,0.6939719010135399
649,4.053289606659325,3.6777175683437213,0.3755720383155676,1.2645042564017466,0.5718233903146743,0.5653681399389856
650,4.186080570409592,4.046622954523455,0.1394576158863856,0.295772363047071,0.4721025522575174,0.7190622714492101
651,3.918123114851857,3.70143001832754,0.2166930965240681,0.1852601611830984,1.0,-0.0
652,3.9512417510077618,3.716004494428885,0.23523725657878458,0.7863355763745439,0.4779487279637423,0.7096056290334408
653,3.7510169534230378,3.5319088615026977,0.21910809192058878,1.4697852950359263,0.45408799837061,0.7486171399749879
654,4.416176129145731,4.078415552821971,0.33776057632348966,1.286381049064687,0.5378631870926135,0.6160474746705418
655,4.5297920923590365,4.287247163164379,0.24254492919453696,0.8098176589952466,0.48411621814008443,0.6996975319151938
656,3.813881900100602,3.6866006031515304,0.12728129694869494,0.8011916975497968,0.37814328893267035,0.8813225043540645
657,4.535638096442687,4.3356070265160636,0.20003106992635367,1.433454325681737,0.4429080313719851,0.7672918190867105
658,4.028936414962606,3.6514536559582473,0.37748275900366934,1.393180150961438,0.5620505541419608,0.579798433444317
659,4.3290833415426615,4.2183236607215076,0.11075968082104737,1.2024936956355639,0.38704264646723874,0.8649929715454077
660,4.380947951060113,4.002094506772968,0.3788534442874152,0.5866051508360641,1.0,-0.0
661,4.800820170327404,4.552903575685091,0.2479165946424473,1.3375690488540926,0.4714895773648591,0.7200575260388774
662,3.9800469285669684,3.6014837481534108,0.3785631804134937,2.2534590424165444,0.5321168891290926,0.6247778210666134
663,4.484104316303762,4.301306040745748,0.1827982755580706,0.6714250548203538,0.42560029996619864,0.7967430089841664
664,4.082010176843175,4.013348953785636,0.06866122305746103,-0.4585942245707315,,
665,4.150231892841054,3.9142448429292407,0.23598704991218256,1.2262337715431357,0.4642394002253104,0.7318839549898539
666,4.204234575351654,4.034909192507419,0.16932538284436305,0.21924086635944917,1.0,-0.0
667,4.283117181427803,3.945050547245818,0.3380666341822689,0.20885429479362116,1.0,-0.0
668,4.286680774525427,4.155729520847627,0.13095125367772198,1.0116390690700463,0.3907731967857285,0.8582160106465759
669,3.6689524800558835,3.4567293823982843,0.21222309765744285,0.5289304723840544,0.49845200654852784,0.67692741876409
670,3.695638141026881,3.568306005282016,0.1273321357448367,-0.4501789650091048,,
671,4.276551784066703,3.9381229504975344,0.3384288335691963,1.1834402186954023,0.5462729034790936,0.6033544708888081
672,4.236994194916894,3.8707294587586865,0.3662647361584277,0.856746276252423,0.6630800554931537,0.43566465224963496
673,4.130592054224996,4.017151203445911,0.11344085077871569,0.9949589701201624,0.37899774786710505,0.8797444792115581
674,4.1274856530595,3.754247288755065,0.3732383643045978,1.0731921251353,0.5971723037971877,0.5284712394128449
675,4.673714723981027,4.306212122371681,0.36750260160897597,1.9295052482362287,0.5328285562374497,0.623694012161191
676,4.423032425278995,4.139695517389951,0.28333690788895183,1.492901114161274,0.4922903356804206,0.6866705874835893
677,4.452513599195788,4.133995974403851,0.31851762479209356,1.3248043669868679,0.5208647140179667,0.6420130434727663
678,4.23993585356269,4.047983804110229,0.19195204945253863,0.450136329190407,0.49378539425963874,0.6843005586961576
679,4.106090916575829,3.88365893851928,0.22243197805619275,1.1344805909257687,0.4551653058172491,0.7468314550609395
680,4.0225752493352385,3.820180032072519,0.20239521726261955,0.04156144961109476,1.0,-0.0
681,4.396202196785941,4.167919334024708,0.22828286276126164,1.312005241313713,0.4589643587037372,0.7405532567759041
682,4.177062967115978,3.8862641306047983,0.29079883651138516,1.0474790003300143,0.5137803129265809,0.652962719506927
683,4.0533037937075616,3.8355861476866955,0.21771764602090116,0.6122044551799775,0.4799594796510409,0.7063677361687608
684,4.260579262088902,4.106605049052488,0.1539742130362356,1.2001276569893804,0.41159097365282005,0.8210970791170116
685,3.796714365413242,3.579141333012769,0.21757303240065085,0.1549998728988129,1.0,-0.0
686,4.057524545784906,3.8063621446152758,0.2511624011699496,1.1968917769275116,0.47524059941546315,0.7139782975573328
687,4.204419042528604,3.832944009155431,0.3714750333729171,1.7254510700664838,0.5409417203102953,0.6113895482389884
688,4.169343123250689,3.8178481162396216,0.35149500701118086,1.1024079323670755,0.5680383931650785,0.5709428354134393
689,4.017537029850734,3.5539550077432103,0.46358202210740274,0.9930665736466544,0.7949524796110393,0.2598850032232003
690,4.473376784865229,4.256594786743376,0.2167819981214052,1.8311425106116985,0.45560910133049204,0.7460965366322039
691,4.05212758565907,3.7506684694364174,0.30145911622230415,0.545962718650852,1.0,-0.0
692,4.374770487281273,3.947323613143927,0.4274468741373312,1.9629262046692553,0.5654662931026515,0.5747412678873065
693,4.196303238210509,3.886785058935144,0.30951817927507363,1.344536779222711,0.5134505686119248,0.6534742750210701
694,3.8711267062181256,3.5564448795038976,0.3146818267141498,0.9195608274306721,0.5555137133199349,0.5895181903489023
695,3.920957330834914,3.615211684586894,0.30574564624839695,0.26354470707116207,1.0,-0.0
696,3.9346819338048014,3.764227003942769,0.17045492986244426,0.5216444511545681,0.4199962925542542,0.8064276790773465
697,4.12178717167402,3.6589340916111914,0.4628530800628141,0.7703333324179589,1.0,-0.0
698,4.858133537658011,4.4529907352709355,0.4051428023867629,1.1621011147952593,0.6164128580225294,0.5009406993906124
699,4.128942891756685,4.0230047156981055,0.10593817605831646,0.8632418354242652,0.36673995735807063,0.9025967400197632
700,3.8102366088110435,3.7425443263432476,0.06769228246821513,0.7754891721340158,0.3351473540571708,0.963797711910634
701,3.9767547981055364,3.8831601157611906,0.0935946823442464,0.10882817239895459,1.0,-0.0
702,4.256903159782302,3.9016937024839513,0.35520945729786035,1.6097536678272846,0.5348163289694732,0.6206706733066241
703,3.7285650126469014,3.3330679611593275,0.3954970514873821,1.1130488343093745,0.6153737325903494,0.5024176976994754
704,3.9779474991783323,3.9731427725615993,0.004804726616384869,0.008292427868081376,1.0,-0.0
705,4.332648351888144,3.9751918616861963,0.3574564902023667,0.7718113325390661,0.7171747282007079,0.3622372731852357
706,4.105842876121676,3.7052095449523867,0.4006333311695016,1.1542482453050873,0.6128563241297544,0.5060004637208922
707,4.067889664972915,3.939704288657699,0.1281853763152867,0.8337937075244923,0.380516554922228,0.8769449218254587
708,4.568395836010984,4.3515987794322495,0.21679705657879822,-0.07981584069163716,,
709,3.946837509932299,3.6971578699909435,0.24967963994095044,0.5836873687119493,0.5625236752359778,0.5790970725489235
710,4.502610583884268,4.174012995370132,0.3285975885141852,1.3208105077014451,0.5286731402201468,0.6300327760178843
711,4.443857279294695,4.119926827457197,0.32393045183744107,0.8438728395879664,0.5885219804284244,0.5409791115611426
712,4.363535570272267,3.92857830718575,0.43495726308628946,1.3007688076711332,0.6232161167969681,0.4912974024261028
713,4.014561385440208,3.6827585207285174,0.3318028647117899,0.7104304351750947,0.7059325838231639,0.37732434295173994
714,4.0513398798703175,3.736571806210916,0.3147680736597067,1.5731269442529126,0.5103269246698952,0.6583287237636958
715,4.333609984602424,4.0708614190210834,0.2627485655812052,1.1193903263572587,0.4858690551027023,0.6968941243941511
716,4.631565394379811,4.318586331315997,0.3129790630637217,1.1832231768716284,0.5240767178992141,0.6370738854335555
717,4.266888730042444,4.098390610291352,0.16849811975134799,1.2181607022206187,0.4207567875369663,0.8051089915842624
718,4.435824977500976,4.058332642493211,0.3774923350079007,1.2690209985316656,0.5730741008976681,0.5635299071765804
719,4.250870556391908,3.9136948716745628,0.3371756847177494,1.6250896634446654,0.5229247683299403,0.6388434665315789
720,3.640490818869727,3.5439910186561696,0.0964998002136781,0.38245727240542493,0.3180645654850861,0.9984430532521156
721,4.2843958264925615,4.149780131769331,0.13461569472337942,0.2881948306261677,0.45406890992230553,0.7486488014412568
722,4.829873369404629,4.402205389275826,0.4276679801287173,1.4807518123223176,0.5945011767714256,0.5323246293809318
723,4.368936009672813,4.029916493383004,0.33901951628968163,1.3190221188320521,0.5368317330629779,0.6176110891000275
724,4.525127418639874,4.4074640120425155,0.11766340659733032,0.4690849958384824,0.34988244150282677,0.9348173405380265
725,3.855670109820982,3.592422758521612,0.26324735129901455,1.3557712754305022,0.4813172766679915,0.704185472882976
726,3.909151548854003,3.6426328738877607,0.26651867496593695,0.9173085069043445,0.5003820802062631,0.6738886945825462
727,4.354499250637252,4.187914034230728,0.16658521640692925,0.6814794981222079,0.4081266870913024,0.8271947495778323
728,4.197372527963159,4.061220575773822,0.136151952189266,1.184239957149778,0.4006320971141243,0.8404928709048103
729,3.7334827611203187,3.6492670287794318,0.08421573234090829,-0.5776424565184435,,
730,4.107679430416317,3.8557366566075593,0.251942773808878,1.6424557766457752,0.4729440758304507,0.7176970934512765
731,4.367091014822597,4.066691700971097,0.3003993138518126,0.0080105979247449,1.0,-0.0
732,3.8381429081937646,3.5977229118192304,0.24041999637438494,1.1315631080524966,0.4683458081177371,0.7251731573582794
733,4.173784259423462,3.9585094114079573,0.21527484801526953,1.3706394088135312,0.4511728387237408,0.7534611663439844
734,3.922489063326372,3.726520761422852,0.1959683019035765,1.7289944597680638,0.44441146666798814,0.7647650437271241
735,4.372473953998485,4.175517269137243,0.19695668486110662,1.2402024537281022,0.43868540707948556,0.7744150151565109
736,4.433848913874533,4.265726256228083,0.1681226576465633,0.4315585951509746,0.43750913742170805,0.7764062806818604
737,4.110463835687403,3.7958472236203824,0.31461661206685676,0.7357154851362928,0.6231828348756854,0.4913444662119875
738,3.8462258493741834,3.7104621648433187,0.1357636845309571,1.0461817638840394,0.39524516090721984,0.8501437672083102
739,4.203198587360964,3.9125351512626643,0.2906634360983844,0.7295526366022749,0.5734322743520057,0.5630038323164864
740,4.552446926960817,4.135550893166039,0.4168960337947283,1.6297700870835854,0.5750628680375829,0.5606108284445329
741,3.6743238332797197,3.5137244333401774,0.160599399939656,0.4040966585077044,0.4311442391895933,0.7872351245308334
742,4.211202350753444,3.9120397618670046,0.299162588886702,0.32521314409736135,1.0,-0.0
743,3.7185014678621306,3.6346760520068577,0.0838254158552445,-0.6192963920501526,,
744,4.043116730674717,3.860898899438444,0.1822178312363576,0.7435993150627951,0.4234651060738156,0.8004241283223131
745,3.6578750597623517,3.41854192648889,0.23933313327324868,0.5578790325434895,0.5528458194674319,0.5935011412084146
746,3.854128267075827,3.7253064799760884,0.12882178709969594,0.9218746985521236,0.3853206754721955,0.868134556375898
747,3.735642124110233,3.4310505010596493,0.3045916230507828,0.4400647540259115,1.0,-0.0
748,4.59244888146444,4.271522471858701,0.32092640960581775,0.8435092603039145,0.5837276435667402,0.547947949204251
749,4.1685822033341875,3.8185863451845328,0.3499958581496685,1.9125662921245379,0.5236405805689273,0.637743628058564
750,4.085525179870308,3.785115935352534,0.30040924451759565,0.7142050767439265,0.6029461433013592,0.5201684927701034
751,4.029441903594977,3.9639191064260024,0.06552279716879639,0.9858774018731467,0.3502929746842003,0.93402116651495
752,4.594444464857622,4.317109558206488,0.27733490665150384,1.5289593510297266,0.48815596465509925,0.6932447572444236
753,4.102730962006751,3.8706752754291833,0.23205568657795084,0.8224007290521413,0.47149017531788684,0.7200565548270239
754,4.214104750205513,4.043858396913967,0.17024635329107696,0.07333226918607849,1.0,-0.0
755,4.7020414157855495,4.577703423602875,0.12433799218297281,1.1390884289848486,0.39207745283439455,0.8558559683091674
756,3.7777656411254035,3.5486057121457413,0.22915992897924298,0.9055844676706073,0.464348048073115,0.7317059760572678
757,4.220969316128082,4.022979882830638,0.19798943329715257,1.4783579979091606,0.4423264296906211,0.7682706130695443
758,4.0830015184060695,3.720826368931687,0.36217514947429663,1.3474374390654766,0.5532607530935081,0.5928810616593746
759,4.299028469095935,3.8229620831169746,0.47606638597926576,0.19511601410898294,1.0,-0.0
760,4.352229288791056,4.1040304001397185,0.24819888865158646,0.5819073950284945,0.5596276559207072,0.5833946538791095
761,3.9280282212885473,3.794929281219557,0.13309894006897593,0.501828591810991,0.3695238107244614,0.8973656967455452
762,4.3631673459927125,4.244082903144244,0.11908444284881625,1.4037804479123537,0.39889712170876457,0.8435925626679063
763,4.1439812792273525,3.764796546639443,0.37918473258787344,0.876138153133855,0.6793042305252477,0.41341275584424925
764,4.767065878777464,4.585720301479901,0.181345577297634,1.0503831882473733,0.4255446161820363,0.7968388718060199
765,4.218257740648857,3.742726820716866,0.47553091993177077,1.1934135404010888,0.6960772436728551,0.3906212125100056
766,4.010166842530486,3.664197879720573,0.3459689628093656,1.129734511632872,0.5589150080525027,0.5844538468760103
767,3.8873301177464206,3.7469355077552158,0.14039460999129005,0.9846941958789088,0.3958023369788678,0.8491419016148611
768,4.187526245919377,3.799755848882659,0.3877703970370021,1.000982169023768,0.635331430127867,0.4742362723529125
769,4.467579849927494,4.371520482700218,0.09605936722709885,0.3036022898745294,0.31310655372641316,1.0087249685919981
770,4.2281050650035805,3.9500772858974122,0.27802777910619625,1.0997251381906246,0.4992197593192581,0.6757179151370433
771,3.780777490295383,3.5264087192866334,0.2543687710085578,0.8839667482395832,0.4904855400148761,0.6895367735552926
772,4.339727048088241,3.981260081297156,0.35846696679118395,0.9760034124768104,0.6006725407393807,0.523433609289593
773,4.17172382664288,3.877056438566162,0.2946673880765047,0.24428365765967186,1.0,-0.0
774,3.983904987044786,3.765797126876597,0.2181078601684021,1.3029616576113554,0.45251014393553846,0.751236821323393
775,4.554455609435115,4.0950750575818855,0.4593805518534282,1.0766062545679418,0.7207198734878693,0.3574968639712173
776,4.407760521272428,4.098857745146153,0.3089027761266152,1.3740696220595652,0.5119625876837559,0.6557848156133815
777,3.9593676723862123,3.6540117345692713,0.30535593781723946,1.696662114314865,0.5024704882163782,0.6706076807514955
778,3.5210979041717443,3.2563009426642515,0.2647969615072725,0.8213475751254009,0.5092898685611662,0.6599438413585423
779,4.379607387209523,4.018215672014611,0.36139171519471347,1.2722521311902781,0.5586049076390104,0.5849149471069416
780,3.8488353376774618,3.5886518274190258,0.2601835102586847,0.9261568462925638,0.493176549293039,0.6852652603192629
781,4.446469673672743,4.168545992837506,0.27792368083510155,1.4151223417920598,0.49004248420033847,0.690241253978985
782,4.281172057960282,3.9031275335886,0.37804452437194414,2.0858897249904516,0.5349917096913144,0.6204041973892995
783,4.177276939427463,3.8285191878888916,0.3487577515384146,1.8972763790220668,0.523267397330311,0.6383169240986841
784,4.279139933010844,4.16321313386023,0.11592679915020199,0.40206360573793987,0.3453555074087574,0.9436363554916476
785,3.6955107789963555,3.606280466346559,0.08923031264976089,-0.06759734320414523,,
786,3.981270368984075,3.7090893859637624,0.27218098302000726,1.6700793856379086,0.4840289446765348,0.6998372567474014
787,3.874983156939867,3.6323329078727347,0.24265024906708277,1.4269421185817919,0.4678300983214785,0.7260141464063187
788,4.184167917737829,3.908369202524836,0.2757987152131136,2.2244260718168185,0.4844101479413968,0.6992270506809068
789,4.559062624769046,4.446992385260911,0.11207023950828443,0.05908934346411243,1.0,-0.0
790,3.8285522300566632,3.475792862850296,0.352759367206545,0.7188034694395462,0.8150432251075694,0.2339249733318386
791,4.004406247645909,3.843258740758768,0.1611475068875734,0.6642292388811057,0.4025296170402971,0.8371119978131967
792,4.450074272496783,3.951662912355926,0.49841136014129006,1.5449182773362757,0.6456203184071226,0.4598549773604579
793,4.1431197552424575,4.046811527062053,0.09630822818053275,-0.11092703906988532,,
794,4.454356543784376,4.173088681860561,0.28126786192387954,0.6534610341083464,0.5969511907426476,0.5287899204217602
795,3.9377712280461643,3.9106726722692833,0.027098555776774447,0.48798764604980605,0.27163615584461165,1.0993024688682909
796,4.3860055584891935,4.437838444344967,-0.05183288585567425,-0.10190465226413536,,
797,3.837676969940309,3.6874028854099783,0.1502740845307926,0.465376663474089,0.394658281179768,0.8511999669370338
798,3.7444183041357397,3.5603789027158306,0.18403940141934072,1.0177619776484903,0.4269174432552142,0.7944776017739512
799,4.119483904308742,3.896308991172423,0.22317491313606297,1.5082280647489732,0.4566320666688687,0.7444040547662438
800,4.080666149262049,3.7764096402850504,0.30425650897723244,1.1497948915708918,0.5187796066491759,0.6452277483620005
801,4.412160403766427,4.217244388672247,0.19491601509434986,0.30262739172042075,1.0,-0.0
802,4.254728381991333,3.9298171424607893,0.32491123953059287,1.2991384809287894,0.5269769044595038,0.632627530603488
803,4.30226669154357,4.026505307238983,0.2757613843045874,1.3740164423322554,0.48930958090656906,0.6914073587926148
804,3.8241909766630093,3.5739658123390234,0.2502251643240925,1.4791762395392425,0.47225577515114914,0.7188136028918026
805,3.8587554202554535,3.5442258252533256,0.31452959500211364,0.3586926509606201,1.0,-0.0
806,4.356019278581277,4.168810434080283,0.18720884450112862,1.3668111553423756,0.43466941902914613,0.7812262811390741
807,3.7511459275770327,3.520642482668007,0.23050344490866337,1.4816600662811936,0.46069020725484455,0.7377108008912282
808,4.074720326321801,3.9756911617871444,0.09902916453438593,-0.7685866443876925,,
809,3.9201764259696907,3.840167060699462,0.08000936527014346,0.9131216933079003,0.3536678515323084,0.927498343339754
810,3.916238296388689,3.560919791099655,0.3553185052887784,1.6503019157125038,0.5334760251277448,0.6227086078153613
811,4.057701986578683,3.882076016167685,0.17562597041114714,0.23219577870573715,1.0,-0.0
812,3.834510903900115,3.732041007664987,0.10246989623510672,0.6290665925465682,0.34707817073386105,0.9402717804177646
813,4.071137089770252,3.8603280375551257,0.21080905221515422,0.5377034297795795,0.49091177571017286,0.6888593607666713
814,4.194523959079595,4.233602378938491,-0.03907841985892446,1.156255006708637,0.31158434162815163,1.0119031947220505
815,4.2774887307287255,4.1975031475578515,0.07998558317058269,0.6664680304116288,0.333200937621153,0.9676865494633623
816,4.538042255315792,4.211914087136135,0.32612816817982093,0.9771751567207687,0.5591065590424661,0.5841690844218287
817,4.647241649764998,4.435610517739191,0.21163113202555905,-0.3294777744769881,,
818,4.1701479467228975,3.923092045586889,0.2470559011358091,-0.025963285145383708,,
819,3.989956264224053,3.8228510851385002,0.16710517908541078,0.4278100202626902,0.4366502258171314,0.7778622486548542
820,3.962013916945613,3.735938386136515,0.22607553080888465,1.4407159063563277,0.457961952752183,0.7422069592505905
821,3.957962453585457,3.784534625404047,0.17342782818150226,1.4778583871099684,0.42902847187858695,0.7908552375608098
822,4.138263275182032,3.925514611167235,0.2127486640151801,2.020426191612941,0.45526286523209847,0.746669863616443
823,3.9307870314801554,3.637056420587745,0.29373061089199837,0.682576134029425,0.6083173078370823,0.5124768648102596
824,4.36791945652252,4.065685638300236,0.3022338182222484,0.8324969898332881,0.557951147743758,0.5858874556044259
825,3.982946399552963,3.882822533028976,0.10012386652397254,1.8534912978206926,0.40311138176494277,0.8360773640315607
826,4.580999601427754,4.252351833512995,0.32864776791484474,1.1654397016246314,0.5390376499582822,0.614268900278864
827,3.92717895506397,3.646873619844269,0.2803053352195093,0.4939415537751124,1.0,-0.0
828,3.568976707640592,3.5691229989884525,-0.0001462913478462724,-0.5291678993098436,,
829,3.961429242346218,3.907351030192179,0.05407821215385411,1.3990185061879572,0.36731182624805325,0.9015201479591314
830,4.721675514890228,4.31168617337787,0.40998934151184585,1.1914026337503252,0.6161722046399871,0.501282663389946
831,4.510422089440942,4.239714188151025,0.27070790129027955,1.2396522792936864,0.48856193959431904,0.6925978824419544
832,4.03807878723868,3.7769463967771535,0.2611323904616256,0.9017282838087795,0.49610152015333475,0.6806365082398076
833,4.246776909115431,3.853454488204219,0.393322420910863,1.5907822652310735,0.5610515226950037,0.5812803487598505
834,4.000493917061737,3.9381688259766867,0.062325091085313034,1.185622629818024,0.3607399603896678,0.913956011089777
835,4.236325028593489,3.93201211559762,0.3043129129960107,1.395467792479515,0.508090461587621,0.661813954887401
836,4.1284324140502004,3.76479739422138,0.3636350198285072,0.6334348051448231,1.0,-0.0
837,4.582282478635113,4.353693466331007,0.22858901230392803,1.3095038756632285,0.45915725764778614,0.7402352573338286
838,4.17894581531076,3.94594350558796,0.23300230972290592,1.4511548514122872,0.46206604000908513,0.735449080764049
839,4.338942925235221,4.2026842611905675,0.13625866404481712,-0.3469073699397498,,
840,4.156045362860402,3.932453108092202,0.22359225476839129,0.7017951494743286,0.47288093066339243,0.717799485490856
841,3.923801180508723,3.7099449961727635,0.21385618433578202,0.7403420787752815,0.45713883552824186,0.743566402232653
842,4.091254204332051,3.835547430326924,0.2557067740049206,0.6453366885425353,0.5401318947215511,0.6126135528651031
843,4.649163023637845,4.518914885806565,0.13024813783158606,1.267620905314974,0.400199514279183,0.8412649630255802
844,4.37511134608352,4.210731506295259,0.16437983978858028,0.9693507555955705,0.4118057932762459,0.8207199696636697
845,4.452348475695578,4.228180391283031,0.22416808441266767,1.0054294685774856,0.4575561458989593,0.7428770096789852
846,3.945357978547269,3.6882022773565075,0.25715570119109543,1.4245041663965523,0.47675232119685806,0.7115357245200805
847,4.13405209380611,3.8009195758507537,0.3331325179556188,1.2180270842615215,0.5387857589166036,0.6146501933303451
848,4.34005939724833,4.018899214223067,0.321160183025313,0.9496215617935029,0.5579756720592004,0.5858509641608458
849,4.580922925251377,4.376365156899828,0.20455776835160577,0.5979834129987509,0.4615008139079796,0.7363777953768388
850,4.137339770234155,3.9463659971948863,0.19097377303933172,0.7277100509750376,0.4326670889708344,0.784635876455718
851,4.366949313789098,4.201734560016659,0.16521475377248862,0.42387777845358343,0.43370422873789294,0.7828686843222533
852,3.799957636536907,3.633469050465917,0.16648858607049988,0.27364783606097376,1.0,-0.0
853,3.787504823919368,3.4801552394128072,0.30734958450648264,0.8245774487248205,0.568000221011821,0.570999147070518
854,4.001554269082623,3.824348635796523,0.1772056332856664,0.7497792579043328,0.418580187356555,0.8088869302095733
855,4.006203951316399,3.8218917337572598,0.1843122175591816,0.8310504963053837,0.42516912054372047,0.7974855003376301
856,4.343924865126189,4.124002137922679,0.21992272720308392,1.8295434624388136,0.45712355838573326,0.7435916466236698
857,4.328560464409781,4.053283824169744,0.2752766402400084,1.6324864354194126,0.48601259043390743,0.6966648032540336
858,4.504086111551294,4.294726905780967,0.20935920577039724,1.8831609039194888,0.45250385121640835,0.7512472793202285
859,3.925467001319736,3.5770084170278245,0.3484585842920751,1.294257575755875,0.5460025370474408,0.6037610223541343
860,3.9274791755620178,3.629347180109645,0.2981319954524224,1.2060856722138595,0.5106246009071107,0.6578654381754032
861,4.466807231962809,4.210653478689151,0.256153753273793,0.7017398986597776,0.5209034052290369,0.6419534542299128
862,4.399338549953006,3.9817166557325456,0.41762189422024676,1.0300209551040957,0.6711123770456058,0.424621829484289
863,3.756448836755714,3.6031982496559656,0.15325058709959194,1.1826723187344719,0.4106525264214592,0.8227458666545815
864,4.420662310036311,4.190279804943286,0.23038250509307545,0.9894140295801179,0.4629808042805297,0.7339473875665969
865,4.21690057012305,3.9753556648504236,0.24154490527234884,0.538013655815984,0.5812498902543243,0.5515599384511453
866,4.498061884868127,4.345138794486273,0.1529230903820462,1.047724456280548,0.4063025658324161,0.830417869487863
867,4.2040082824815155,3.9868529784864086,0.21715530399478666,0.9419340486871128,0.4527259858076633,0.750878159087733
868,3.886751659531489,3.8327871186449634,0.05396454088668179,-0.6958075841925684,,
869,4.034203322844439,3.8162946111620974,0.21790871168286685,1.5070955149325478,0.4536692741878451,0.7493118383041745
870,4.166467952539767,3.9783899709512176,0.18807798158832156,0.7373226818815262,0.429428003907123,0.7901708388041833
871,4.190786325035367,3.8746225996293666,0.31616372540611337,0.9443638039997211,0.5528041058865176,0.5935634908806351
872,4.012805647661969,3.7162743791700783,0.29653126849188993,1.4885351282807093,0.5006662046656356,0.6734418922890385
873,4.594300399004203,4.368463671660946,0.22583672734299398,0.7786468925154608,0.46787455009350365,0.7259416368670686
874,4.411980930824063,4.160335313964913,0.2516456168591503,0.7445586476499315,0.5043980274121251,0.6675857953355854
875,4.176857441701065,4.012835480067613,0.16402196163335248,0.8224644498640892,0.4078167808196166,0.8277417300505354
876,4.675977328019178,4.430655613924115,0.2453217140950983,0.6428174590251956,0.5203265183970663,0.6428421677742693
877,4.02426045729411,3.85413625733077,0.1701241999630838,0.714306477735164,0.41171384257638677,0.8208813720895527
878,4.4466358451177594,4.30495998111037,0.14167586400753862,1.1605652012983079,0.4030528107574486,0.8361814885403561
879,4.285384724371886,4.0479614231168295,0.2374233012546938,0.4637765989178533,1.0,-0.0
880,4.323316200384886,4.052470393995668,0.27084580638893385,1.4284378385233438,0.48531552331297767,0.6977788253045045
881,4.187623650437251,3.9379775695436527,0.2496460808933989,1.3567413646520556,0.47247742571380824,0.718453960309631
882,4.144167816363767,3.683169923376551,0.46099789298750693,1.1088553203041442,0.7076479849250304,0.37501678310853653
883,3.53665831681568,3.4756131697152006,0.061045147100685426,0.8598790373945668,0.3383102456287894,0.957509317792051
884,4.087167649590844,3.872787849677484,0.21437979991287648,0.2404128746987162,1.0,-0.0
885,4.277017234439006,3.9832066889917406,0.29381054544728613,1.1477019567022673,0.5100477127374683,0.6587634010664987
886,4.2929909756271964,4.006653690949987,0.2863372846773018,1.728673405569804,0.49144533398472645,0.6880118263508586
887,4.310545789383047,3.989484805914285,0.3210609834686693,0.5094107298213579,1.0,-0.0
888,4.150210395122064,3.7979512102002935,0.352259184921877,0.8020664370885555,0.6689640569443425,0.4275702120790454
889,4.01201748000816,3.711228321574486,0.3007891584338722,0.7175634258057535,0.601713874183069,0.5219374616650139
890,4.18338203598754,4.114998892577338,0.06838314341030127,1.2714867379977406,0.3681748323358556,0.8998974405318356
891,4.260811881923052,3.9642657754267936,0.2965461064959527,1.4276894755007135,0.5019952549704493,0.6713536651039239
892,3.9711829036500936,3.8052316884278716,0.16595121522186673,0.39639350093668213,0.45180959399367404,0.7524015845332493
893,4.434669400786367,4.283993680855557,0.1506757199308595,0.4643993468142469,0.39540526240784013,0.8498557992660531
894,4.176781829860408,3.867701474556673,0.3090803553036494,1.8692093441595254,0.5023662806778828,0.6707712257213836
895,4.0633319665890095,3.7714976784717584,0.29183428811711565,1.084972816159425,0.5120834575206882,0.655596998089298
896,3.8532513330779117,3.796914862678823,0.05633647039940115,0.8702148747705571,0.33639521499998093,0.9613122010071711
897,4.2452020791229526,3.930940915898352,0.3142611632247281,0.7723722230107306,0.6005424160239885,0.5236206497615702
898,3.6218390458862237,3.4715758083846757,0.15026323750180381,0.5909268906311809,0.39046810489350126,0.8587687623835004
899,3.8253728394061333,3.7555392939862577,0.06983354541989684,0.175635721868165,0.2663457553593373,1.111517282149081
900,3.861051080192771,3.6670994846002336,0.19395159559280728,0.7449253814639398,0.435265880628788,0.7802123730211584
901,4.332771397936119,3.934228630381431,0.39854276755431783,0.9415816898332743,0.6797088844061376,0.41286041552922764
902,4.116495208999401,3.896931956419093,0.21956325258042853,0.008553807934060131,1.0,-0.0
903,4.3414031156849315,3.911711724265563,0.4296913914195102,1.5669947490518403,0.5886497867498284,0.540793698442505
904,4.674485114690048,4.244332228453414,0.43015288623610104,1.932692976626992,0.5682330819579607,0.570655658170948
905,3.5962526469079754,3.374319049752754,0.22193359715538463,1.640802597037279,0.45679327164405525,0.7441375378929206
906,4.020525362122532,3.7405767011485387,0.27994866097424165,-0.05603620521407038,,
907,3.920218180786866,3.588154259430707,0.33206392135616625,2.4219506246631077,0.5086621673616396,0.6609222638185066
908,4.921743838883719,4.731976921782609,0.1897669171016787,1.8924038560043073,0.44346601389149154,0.7663534648913413
909,4.315368617940782,3.992741975818395,0.3226266421224864,1.2171163149536284,0.5299771764266836,0.6280408553377528
910,4.097660591265173,3.986388286858753,0.11127230440661151,0.7782568111221657,0.3649860091567293,0.90590524270231
911,4.156353543475268,4.154722750880529,0.0016307925948240154,0.00547692140008138,0.016920307049546966,2.3884348712488936
912,4.251711159304284,4.056701593855541,0.1950095654483448,0.5122945025415895,0.46662039916430453,0.7279888705690933
913,4.4040452309314215,4.198508543922996,0.20553668700813432,1.441698706657096,0.44612004115850135,0.7618994116906443
914,3.784785568851509,3.677966462014209,0.10681910683706519,1.4988194112521107,0.3959665510187539,0.8488467887868948
915,4.377235729541587,4.0810679566060895,0.2961677729354051,1.1711437774447973,0.5107646863526321,0.6576474663767135
916,3.8779174037995623,3.5632745630044815,0.3146428407953863,-0.04888747559541784,,
917,4.0645677544448855,3.6434368464293647,0.4211309080155843,2.722005377141876,0.5440527964653006,0.6066958203647607
918,3.6731376245102516,3.436676965539282,0.23646065897082735,0.5632669782342887,0.5403396563955898,0.6122994456233548
919,4.0164576382476636,3.8019277869108143,0.21452985133691982,1.9928833747197139,0.45584811951136417,0.7457008931842851
920,3.8692263410648926,3.557368383930727,0.31185795713417974,0.06578741069629501,1.0,-0.0
921,4.153297541316112,3.781954477098727,0.37134306421739893,0.5191700528779535,1.0,-0.0
922,4.444039396838468,4.075628646536776,0.36841075030179127,1.4676537335115114,0.5503195244170931,0.5972813942148104
923,4.461198744284536,4.277833827408278,0.18336491687614398,0.9656252512541244,0.42565798348239237,0.7966437112294883
924,3.842086897560909,3.5185033304953115,0.3235835670657252,0.1902266530242933,1.0,-0.0
925,4.365975087731874,4.051249604040185,0.31472548369174547,0.5616588460714098,1.0,-0.0
926,4.143240539965552,3.8039402285896435,0.33930031137560945,0.9582974226905137,0.5792377032132119,0.5544985419948518
927,3.9910121916064205,3.6053687818734352,0.38564340973334765,0.404235125990553,1.0,-0.0
928,4.413229440680913,4.232882497838991,0.1803469428423341,0.7804989158961568,0.42151999354917136,0.8037870092350395
929,4.259254328031636,4.032062466388757,0.22719186164295024,0.6372081188506655,0.4897495217591423,0.6907072667890987
930,4.365183400537751,4.227282121435804,0.13790127910169758,1.4803021341865303,0.41069254795596555,0.822675505912884
931,4.014748637631362,3.849843804635744,0.16490483299548941,1.0440990337937457,0.4141446002496548,0.8166217873142605
932,4.153178561302445,3.8321325263361294,0.3210460349664572,1.1915163884419684,0.5303770564868406,0.6274305361576185
933,4.307832127284689,4.167121097586493,0.1407110296981955,0.7177526332551061,0.3848422885136372,0.8690088530003179
934,4.342852369770787,4.0622397069859755,0.2806126627847334,0.21471391743794754,1.0,-0.0
935,3.917518790569408,3.6633138539123897,0.2542049366570609,1.2225576923663688,0.4770140254847993,0.7111133054689491
936,4.0331844941152095,3.769010702980713,0.2641737911344535,0.7522325575817597,0.5208939964334829,0.6419679447271481
937,4.1043633969111735,3.9672560510743202,0.13710734583673911,0.9986466771154632,0.3941978252389129,0.8520293086594052
938,4.325719233565939,4.051150531319889,0.2745687022461425,0.2052541101367389,1.0,-0.0
939,4.377140508921036,3.965771393469543,0.41136911545163457,1.1226915098895383,0.6325358574119085,0.47816066395076234
940,4.459827829708081,4.2096510046775375,0.25017682503039396,1.5633397915323357,0.4720397942219976,0.7191641355804337
941,4.222718144771568,4.055805278845943,0.1669128659254966,0.6212453514222886,0.4090068983705194,0.8256425361025929
942,4.36389294546783,3.995123302987556,0.3687696424799469,0.6294246266449974,1.0,-0.0
943,3.512072096019471,3.3488120656362645,0.16326003038284398,0.7420282047703388,0.4055217968815752,0.8318000833091168
944,3.8726285733542105,3.4839089975804547,0.3887195757738482,1.1318183074235577,0.6036972394545108,0.5190910641021713
945,4.19186273857216,3.9533541868345004,0.23850855173759555,1.0924177502228325,0.467509673061844,0.7265369356926548
946,4.32324936758099,3.965397531829067,0.35785183575171686,0.8376810607571237,0.6565731028900054,0.4446494536518431
947,4.1515205335790935,3.935689672389683,0.215830861188806,2.071628885509213,0.45705369774827276,0.7437070923952344
948,4.0683749690788655,4.013827111405893,0.05454785767278736,0.5625849758423804,0.3026770867612836,1.0307094609450342
949,4.2127467864147885,3.8917795898983676,0.3209671965164489,0.43796948301180194,1.0,-0.0
950,4.026645303009024,3.736827585205146,0.2898177178039987,0.05706507675390782,1.0,-0.0
951,4.161160265869546,4.073745561200218,0.08741470466929968,0.7021046768262913,0.3418926837685302,0.950432210405878
952,4.0971153470832515,4.0948523443382765,0.0022630027451668866,-0.2262930744717444,,
953,4.230878560385497,4.076520801326472,0.1543577590591667,0.3428917018935138,0.46397336174929404,0.7323198576238672
954,4.503121667256471,4.1936519709146065,0.30946969634169363,0.8931887579690247,0.5540140507310012,0.5917559108031513
955,4.179231740531156,4.146687535668638,0.0325442048624609,0.5317401295860371,0.2826998720295485,1.0742740501369057
956,4.312537929598909,4.137238667577007,0.17529926202178103,0.848631797277946,0.4176342648562712,0.8105323764463104
957,4.171420481193342,3.9235510443194435,0.24786943687422536,1.4282422488782345,0.4710053759869609,0.7208442024365187
958,4.383572513406341,4.166795824662293,0.21677668874372102,1.9658257500084453,0.45666693776302625,0.7443463986213813
959,4.414006834001645,4.220778710997321,0.1932281230042463,1.3274014700923509,0.4375791184908431,0.7762877261010296
960,4.214780888779421,3.836268999491691,0.3785118892878927,1.260509593871081,0.5749079386008794,0.5608380594331992
961,4.1560109949428234,4.016067546616972,0.1399434483259938,1.0685383261335133,0.39872676414324404,0.8438973589689209
962,4.48334141991703,4.287295353532015,0.19604606638540645,0.948007079005464,0.43531779685141625,0.7801241600576395
963,4.108821891422428,3.9504402307555373,0.15838166066669146,1.0812637436574697,0.4108723547740465,0.8223594428077359
964,4.158758092663026,3.9317011412306377,0.22705695143258708,0.9661170161178383,0.4606943149462135,0.737704042677372
965,4.675722942511163,4.190335438385381,0.4853875041253559,0.9984267265539941,0.8674803281798746,0.16685984625696124
966,4.666617503715804,4.553129069796347,0.1134884339189739,1.0977813769266973,0.3839942545321928,0.8705603486973319
967,4.2918597240155005,4.159693188008765,0.13216653600647987,0.601759305077266,0.3718967732237134,0.8929260546704697
968,3.7855448600990136,3.8534614861749836,-0.06791662607611215,0.1621046990710795,0.11622287251739338,1.5708268543960302
969,4.45143425539394,4.257608997379803,0.19382525801393058,1.5956843570679737,0.44163066031194587,0.7694425109521533
970,4.132410106532495,3.9595171201473724,0.17289298638524997,1.4110616859820233,0.42744245147022775,0.7935757551565834
971,4.290030287592833,4.141606383324342,0.14842390426883867,0.9703898029836111,0.40067924212461525,0.8404087547769548
972,3.9893773115659648,3.847193618570882,0.1421836929953315,1.2374621604377083,0.40587024211947664,0.8311830262230359
973,4.407111883524555,4.159156305192594,0.2479555783320393,2.1434363134103442,0.47181695057518946,0.7195258989679143
974,4.1229726263500535,3.8787239843968044,0.24424864195361806,0.8978976737772584,0.47917549866118503,0.7076292902112921
975,4.45851114626206,4.3386340109605595,0.11987713530152178,0.6784081253817646,0.36513309650110015,0.9056274085777761
976,4.358312296265501,4.2518900166961,0.10642227956941497,1.2910315142588438,0.3883279545515127,0.8626535933021375
977,4.101360522046468,3.839111048684655,0.26224947336186233,0.9256263605230508,0.49530218596096853,0.6818999991424007
978,4.0480982107783685,3.8058609906386116,0.2422372201399412,1.0364836443551049,0.471683729985942,0.7197422136612873
979,3.7036624793350135,3.4444896735744712,0.2591728057604996,1.2150437818073812,0.480720581612198,0.7051440727821389
980,4.203496794422824,3.9558810049581488,0.24761578946436202,0.6973296224740366,0.5082649439628255,0.6615417584825881
981,4.103175005818718,4.032592817590794,0.07058218822794515,0.600897793070736,0.3192796722156973,0.9959392312675875
982,4.411195837568391,4.085465762618709,0.3257300749496608,1.063117237345164,0.5464434911436238,0.6030980086007719
983,4.069991957867876,3.8412359115016677,0.22875604636601565,1.059661619197854,0.4604475588113569,0.7381100800929856
984,4.430004934964051,3.9412161345767323,0.4887888003872831,2.612117167239834,0.5764721956269712,0.5585451309561884
985,3.9701617803221203,3.7954741378153236,0.1746876425067967,0.7196274206618831,0.4161982972396202,0.8130344667968018
986,4.012736949221596,3.7903028273749846,0.22243412184707267,0.3525778950808913,1.0,-0.0
987,4.544136260215998,4.346491647906104,0.19764461230943198,1.3799385590264528,0.44087498909748235,0.7707165009472877
988,4.259599407153962,4.201161503857341,0.05843790329663534,1.0709136736703684,0.35201537180628,0.9306872405107689
989,4.129230879703789,3.6767695709133483,0.4524613087905891,1.127992186523091,0.6865690984997901,0.4035154129026594
990,4.137356541688893,3.884386246428297,0.2529702952601838,0.6690150468582416,0.5254249198106353,0.6350053590814839
991,4.0237801950807235,3.7838656694317243,0.23991452564905558,0.13916439903943,1.0,-0.0
992,4.255673528217391,4.044583610788903,0.21108991742858052,1.6684420772424886,0.4513668412811701,0.7531382501199271
993,4.313647943577086,3.936027152711508,0.37762079086542144,1.6826806243002217,0.546357055575778,0.6032279512767587
994,4.4159959503609,4.07219897106892,0.3437969792921649,1.2957140690965119,0.5421131281988274,0.6096206515337722
995,4.05143169617171,3.731289414011639,0.3201422821603046,1.8284519739411174,0.5088271821697039,0.6606649874996986
996,3.714116474227955,3.5123367285671043,0.20177974566149715,0.3840176148075116,1.0,-0.0
997,4.152697656775706,3.7914276230406663,0.3612700337348542,1.526395601246577,0.5422579074661169,0.6094021585903764
998,4.466730105160456,4.2854300142807045,0.18130009087963117,0.9959018082664421,0.42458669889164546,0.7984891295471498
999,4.292461254211537,4.147449950652158,0.14501130355938585,0.5759234267397666,0.3844887893960566,0.8696553325011153
