,logR,logI,logS,d_G,p,sigma
labels,$\ln\mathcal{R}$,$\log\mathcal{I}$,$\ln\mathcal{S}$,$d_\mathrm{G}$,$p$,$\sigma$
samples,,,,,,
0,6.284854600672606,7.137505813748735,-0.8526512130765695,2.6277498414629203,0.18210859646132857,1.334290723893484
1,6.003878250090583,6.648576232504528,-0.6446979824149821,2.8011886001468405,0.22532234288615255,1.212496601079044
2,5.63278213102878,6.350848549059815,-0.7180664180314125,3.295078836275879,0.22702833440896925,1.208049209766264
3,6.105320277726623,6.976079563033824,-0.870759285307031,2.2158029495957283,0.16331700702413593,1.3940019790401126
4,6.475776785135185,7.34140719846874,-0.8656304133337471,2.37894520398242,0.17069147803169996,1.3699853397272705
5,6.405857168230813,7.311453935627089,-0.9055967673957639,2.5100214510520082,0.16939474564806306,1.3741512047201712
6,5.8881932887297985,6.65078796829091,-0.7625946795606069,2.448005344943807,0.19062347351947248,1.3087369419556556
7,5.84351232001065,6.593403190440629,-0.7498908704292262,1.791695642163333,0.16361968379113442,1.3930003534753228
8,6.161668568670411,7.010661816173563,-0.848993247503131,2.2932361115451627,0.1699482166214053,1.3723702176297712
9,6.012709359767559,6.7751821517917,-0.7624727920238001,3.2389486405461074,0.2174195843047255,1.2334187199623858
10,6.3995165173355595,7.1116711321746315,-0.7121546148391644,2.4436369306919765,0.1994988730566562,1.2829805994437045
11,5.7877325655090495,6.644203857551286,-0.8564712920424427,2.133832712176975,0.16211341663627116,1.3979988363100604
12,6.056260120528368,6.795090485668982,-0.7388303651405295,3.4424247002951365,0.22745069988320105,1.2069518184985026
13,6.533219097143064,7.3353689454590345,-0.8021498483158211,2.6447490753418226,0.19113842334935427,1.307218767620124
14,6.440702815386448,7.276661833960691,-0.8359590185746129,3.168996888975867,0.20270312417690764,1.273887965058653
15,6.136536380684465,7.050677541766557,-0.9141411610826253,1.9317483705640566,0.1444087751900147,1.459568233005188
16,6.032404667366809,6.781006916489854,-0.748602249122996,2.5420174423419954,0.19668530509154175,1.2910529854215687
17,6.128566301779774,6.9188229793832114,-0.7902566776028834,2.4589020300591464,0.18625222283263845,1.3217475687141926
18,6.041439412883864,6.90174594824067,-0.8603065353554484,2.1345754632829106,0.16154001837943718,1.399910843860447
19,6.3824424055610685,7.09769178181536,-0.7152493762541781,2.734070448673945,0.20968154813832934,1.2544415777352114
20,6.139099445072151,6.912676338680011,-0.7735768936090608,2.9916320491637567,0.20785498567887697,1.2594856070862177
21,5.879466030914973,6.580773056990676,-0.701307026075483,3.045621442715234,0.22258672452005135,1.2196786332394398
22,5.588671999215894,6.448529062333204,-0.859857063117488,2.219517588022951,0.1651911145630111,1.3878224575979872
23,6.316363403199848,6.980990142623501,-0.6646267394226015,2.77865093329552,0.22071046210019585,1.2246411348005435
24,6.067949157991297,6.791992377735443,-0.7240432197431801,3.196894138512002,0.22305125086913044,1.2184546431834768
25,5.847606527872831,6.595288212309196,-0.7476816844364294,2.2293239489689274,0.18437569485788122,1.3274021318956164
26,6.254982986744853,7.04495118780623,-0.7899682010611286,2.4994841641971135,0.18785336593238977,1.3169560230918835
27,6.042982497482644,6.9617137230786845,-0.9187312255953657,2.722860879801761,0.17495489112618828,1.3564535935123974
28,5.649707693595719,6.582636593066564,-0.9329288994713352,2.2741123567476986,0.1561864510303824,1.418014775485563
29,6.4210806162154945,7.143069911351223,-0.7219892951352449,2.646408646353791,0.2053273912125202,1.2665188329838108
30,5.657600039009612,6.595653219430087,-0.9380531804190468,2.3137900529250732,0.1569926506802733,1.4152587295631578
31,5.536141045618951,6.160957079750016,-0.6248160341301627,2.703665819246723,0.22583048072311557,1.2111694184061756
32,6.356335380355649,7.062238248122011,-0.7059028677658716,3.0211851433343977,0.22096656189271954,1.2239620026786169
33,5.728892920389644,6.500212163573888,-0.7713192431847347,3.171504032322879,0.21384660484184623,1.2430576103444675
34,5.986121272589134,6.646019236508504,-0.6598979639202298,3.181185332473465,0.23451935186279557,1.1887975258957566
35,5.920472691663253,6.589628788940953,-0.6691560972776642,3.0350442346850013,0.228281939931763,1.2047963227493876
36,6.174159376028928,7.001246128080016,-0.8270867520514003,3.2747864974917977,0.20733811362783472,1.260918773345356
37,6.359092745141442,7.069794718313691,-0.7107019731729451,2.7193021071366505,0.20999813474658166,1.25357056743936
38,5.88118648047568,6.6581510402363655,-0.7769645597609269,2.27014539198923,0.18098827409959167,1.3377183279178246
39,6.331444323513114,7.173171635931144,-0.8417273124177882,2.4846093246361303,0.1786169007913258,1.3450258068000327
40,6.2557392220114885,7.073329699144768,-0.817590477133308,3.360665242055793,0.2114239933013807,1.249659402946134
41,5.805731034622131,6.504873418209375,-0.6991423835870592,3.047774121439735,0.22305543025133853,1.2184436391273243
42,6.227785063397295,6.955091518612793,-0.727306455215512,2.5366289791706276,0.2003068521230747,1.280677823917732
43,5.836467489162732,6.656457885047249,-0.8199903958839059,2.043687283251389,0.1640068698927093,1.3917211013023778
44,5.66304804154608,6.415109694910402,-0.7520616533638531,2.6952084882007483,0.20166162560008816,1.2768318295630394
45,6.18699833650955,6.836085108805936,-0.6490867722968687,3.1637749541659996,0.23606745644046526,1.1848735252650973
46,5.858406275566285,6.7413067467950505,-0.8829004712279129,2.6547572512399995,0.17819946835477438,1.3463195972331097
47,5.939443785824569,6.770590209826199,-0.8311464240014175,2.327022959932135,0.17421064670299244,1.3587978755901984
48,5.265154073411413,6.007946609809149,-0.7427925363963368,2.422535614727522,0.19313043547097364,1.3013740972931025
49,6.396873356322448,7.074912500286548,-0.6780391439633604,3.215516070144403,0.2321066183635845,1.1949498657869242
50,6.235666306916773,7.215754664994794,-0.9800883580774098,2.345523252005812,0.15209198272120827,1.4321811577199741
51,5.989133900116958,6.755076370953045,-0.7659424708353981,2.6167577453879325,0.1963861017243053,1.2919163880955333
52,5.614395941495804,6.487529127048891,-0.8731331855533426,2.8000349016104984,0.18479325822360404,1.3261402133698261
53,5.947423971215375,6.687919004325824,-0.7404950331101645,2.40564372167659,0.19287425841068714,1.3021232441121449
54,5.556279238477163,6.472344977800734,-0.9160657393240399,2.2487672853551572,0.15769541563437395,1.4128650211094924
55,5.909473271593942,6.682454121714851,-0.7729808501198931,2.8570866464882947,0.20355174452239938,1.2714974205232397
56,6.312057338132053,7.243838904188035,-0.9317815660560882,2.3836679464526203,0.16063919561228926,1.402925031511922
57,6.2605530373230245,7.0716878500772715,-0.8111348127549718,2.4233703300774803,0.18133826262843397,1.3366458579279896
58,6.249342841862035,7.086603385289269,-0.8372605434278739,2.4371517435390313,0.1775374828143023,1.3483759885959363
59,6.388967870389042,7.221521067977566,-0.832553197587913,2.674755946387922,0.18709525272157435,1.3192209608563934
60,5.959091244296378,6.599201310903172,-0.6401100666071216,2.755771625666391,0.2246527593340324,1.2142487247490745
61,5.689928271885055,6.475447839801365,-0.7855195679167082,2.9801167480973643,0.20540357155104866,1.2663059388704017
62,6.421185554485437,7.3515170899126225,-0.9303315354272854,2.875646391655719,0.1782920584236296,1.3460324290157886
63,6.131506214031123,6.893737925749509,-0.7622317117193234,2.709467728593234,0.20036509294332402,1.2805120972972497
64,5.815349987795361,6.904345772838223,-1.0889957850431529,2.1231412394896463,0.12876914193187475,1.5189735974593133
65,6.159561810701252,6.9444074970614516,-0.7848456863603133,2.175720450929674,0.17565352764895206,1.35425973392863
66,5.751290147312847,6.54167844655024,-0.7903882992377476,2.7336192000238793,0.19630367816757888,1.292154404682049
67,5.827009977873804,6.529758564466437,-0.7027485865928611,3.064834105113327,0.22292125539749963,1.2187969869526005
68,5.553335263017306,6.240871730335261,-0.6875364673187505,2.1732302215621218,0.19286028901533755,1.3021641162794257
69,6.1070994052725105,6.9738637655253335,-0.8667643602520911,2.181306756739531,0.1625057833675384,1.396693421243042
70,6.018303418490195,6.732241334205174,-0.713937915715178,3.535488057448589,0.2344844996438052,1.1888860770655578
71,5.839134075149577,6.653349114543278,-0.8142150393932752,2.554880818846115,0.18581431265355722,1.3230633464640278
72,6.110602839116854,6.983459042555911,-0.8728562034384595,2.1492743738256763,0.16020046164810223,1.4043976790267514
73,5.9389978029048685,6.57995411399023,-0.6409563110855743,2.458345334999821,0.21354899869489266,1.2438656900776937
74,6.1675387455343476,6.9381304713195,-0.7705917257853798,2.4036982611653013,0.18749290866364657,1.3180320815006163
75,6.070242942661952,6.7877542950493925,-0.7175113523871914,2.698926485863419,0.20802754386087244,1.2590077188485698
76,6.080574505946988,6.7941804765769795,-0.7136059706308515,2.5554139729810554,0.20351067655995822,1.2716129407867138
77,5.930355709208943,6.769154152017922,-0.8387984428090931,2.306507350993634,0.1721347669417529,1.3653764335340177
78,5.883392646762349,6.663057461521664,-0.7796648147586893,2.2305011738161173,0.17886792463891563,1.3442488660749772
79,6.045826310110005,6.859041361284955,-0.8132150511746659,2.442128390960404,0.18171635008330708,1.3354890092465472
80,5.946429605720386,6.813091167424314,-0.8666615617039497,3.103874406697223,0.19564792685189986,1.2940506478899698
81,5.761745984752469,6.520881976555199,-0.7591359918033049,2.714732544673181,0.201097457611355,1.27843111856634
82,6.169845874907896,6.925736653655147,-0.7558907787470162,3.146395922495124,0.21580746069333712,1.2377535387403173
83,6.297253967974047,7.078157604549869,-0.7809036365761131,2.4820912726334594,0.1887505885112332,1.314284181548439
84,6.179033541850931,7.088055505762586,-0.9090219639119823,1.859408027745257,0.14182089688755659,1.469043846645168
85,5.78520128016682,6.665072098060687,-0.8798708178937886,2.7741893147085435,0.18283287690074587,1.3320831187906397
86,5.540354580227376,6.542431288084973,-1.0020767078576682,1.2727243701441928,0.09938671470366997,1.647834123028856
87,6.041554466197358,6.7939922141309985,-0.7524377479339819,3.0009217730038404,0.21188525711150014,1.2483982294118572
88,6.4554082307777385,7.248757405557857,-0.7933491747799053,2.9454688118952372,0.20292946990212496,1.2732496425346855
89,5.811586760656628,6.400236775475069,-0.5886500148180858,2.688774910810622,0.23255842025725945,1.1937943553135892
90,6.139738673180563,6.97450606197258,-0.8347673887919882,2.9573328090123425,0.1962888064506081,1.2921973579110435
91,5.660423101332544,6.523448717452222,-0.863025616120467,1.9258837204066026,0.15181206991591076,1.4331601679282149
92,6.075863314314137,6.636946282574225,-0.5610829682600524,2.9180913773278654,0.24597035258845037,1.160192714420232
93,6.074627795623218,6.8371974946969125,-0.7625696990744473,2.6238619501955096,0.1972379197381119,1.2894608464537083
94,6.3930500680180735,7.07559160941722,-0.6825415413986775,2.757771848275862,0.21658875944989123,1.235649814751685
95,5.818568454285032,6.70945603860736,-0.8908875843217174,2.3711451012088887,0.16640801777987485,1.3838381527852777
96,5.929200732514818,6.85213196944969,-0.9229312369352556,3.0980715087581636,0.1864902457026367,1.3210333462639032
97,6.064787748903672,6.80652817550185,-0.7417404265979712,2.8136598908358703,0.20762386492269266,1.260126131402199
98,6.264125493350566,7.054540225024137,-0.7904147316730814,2.6401663222828127,0.19298223517020638,1.3018073951249212
99,5.914812009258657,6.517510573949355,-0.60269856468949,3.3502086913266123,0.2505055620315153,1.1491222811419033
100,5.305899887450341,6.079687912262546,-0.7737880248123474,3.1781242894894177,0.213613772062433,1.243689744033529
101,6.712136274309177,7.2622193805013175,-0.5500831061926874,3.0007375243310257,0.2508721449850724,1.1482335927319312
102,5.801381571786823,6.587626285736295,-0.7862447139495998,3.229049505981571,0.21296667113165085,1.2454492179967518
103,5.787968078364447,6.464080330541567,-0.6761122521775178,3.5156358562666643,0.24092630854027428,1.1726746309503577
104,6.073193396156984,7.021735267018887,-0.9485418708618454,2.026360480359237,0.14362716172343176,1.462416313428033
105,6.740972204282134,7.2816050961265155,-0.5406328918434156,3.495007848174277,0.26691335855528286,1.1101988260359767
106,5.908747708237588,6.676569873634325,-0.7678221653968649,3.0688211580347797,0.21130658663788818,1.2499807302090107
107,6.213701826351116,7.046202638844758,-0.8325008124938904,2.940280490157294,0.1961149738927364,1.2926996066083918
108,5.6798735257116455,6.439084099774586,-0.7592105740632178,2.7917471153925195,0.2037610513849289,1.2709089237091498
109,5.7614675231161705,6.5033726985292795,-0.7419051754131942,2.69929246953774,0.20362047860023397,1.2713041160701604
110,6.1851950043410575,6.893465974317035,-0.7082709699761836,3.0602270883997083,0.22175830560753737,1.2218659978796447
111,5.743726292970695,6.603045188790748,-0.8593188958202518,2.1841212114217914,0.16379823523405465,1.392410141325992
112,6.2251633084324745,6.877299855817871,-0.652136547385453,3.4280160539316658,0.24306869622493407,1.1673508870705984
113,5.812862995601808,6.73898744224206,-0.9261244466397329,2.376329690279009,0.16120848658003537,1.401018682041258
114,5.955671553839256,6.735583435488724,-0.779911881649241,2.4559423465371903,0.18791687830122622,1.3167665801526112
115,6.566849921495322,7.406178772142415,-0.8393288506467798,2.6347997984338036,0.184547294215266,1.3268832856069614
116,5.669064553031621,6.465962522149891,-0.7968979691195273,2.4030219523708904,0.1829459777334904,1.3317389732634435
117,5.90552665798079,6.632624413251758,-0.7270977552707336,3.941291065852825,0.24239250112972244,1.1690276259055308
118,5.961640062704664,6.72181865875255,-0.7601785960468987,3.165292697048459,0.21562134285479487,1.2382554879548222
119,5.8789258003316895,6.768362185199006,-0.8894363848685316,1.874111329469347,0.14539516780953593,1.455990782169743
120,5.841705767483308,6.692385357983991,-0.8506795905004765,2.391755288533581,0.17359201362801774,1.3607521956522415
121,6.289561277129014,6.993404322274028,-0.7038430451448221,2.8406148932243322,0.21544646828674519,1.2387273991577523
122,6.206727516663722,7.0868987110207975,-0.8801711943569899,2.8380544378127084,0.18493917485179898,1.3256997361828458
123,5.897031337410244,6.685054718753161,-0.7880233813430095,2.5062072880709163,0.1884420051006398,1.315202053818262
124,5.662541359728511,6.458780937708401,-0.7962395779804865,2.7545013548853987,0.19602378353320002,1.2929632103668574
125,5.8926718328057355,6.687594509048427,-0.7949226762420949,2.385858846246265,0.18260500253481377,1.3327769791335442
126,6.090461191276535,6.886247945774468,-0.7957867544973851,2.603761074321719,0.19073904468600764,1.3083959527153501
127,6.204952798844733,6.9575288527456856,-0.7525760539010662,2.2729863824701226,0.1853477740113687,1.3244676681805245
128,6.077873062321505,7.011517297050663,-0.9336442347284901,2.5966423239271244,0.16824144378716369,1.3778764282551796
129,6.005960172823524,6.83835379734467,-0.8323936245215009,1.68667167563874,0.1447920370626353,1.4581760007398274
130,5.8590218911677034,6.723837475734495,-0.8648155845667134,3.0239481218760016,0.19345811530557167,1.3004169159129744
131,5.741816538101393,6.512446298152309,-0.7706297600516336,3.0096188900656315,0.20894619756633648,1.256468395462305
132,5.646903842868614,6.629055475958413,-0.982151633090325,1.8354460325807764,0.1304706830875891,1.5122483975004597
133,5.9914030800610085,6.787700229096647,-0.796297149036036,2.9100633091260626,0.20126446433162462,1.277957351561092
134,6.375485284778751,7.1866532800941165,-0.8111679953153725,2.8813058402337504,0.19777344814189388,1.2879210471023155
135,5.731026169991328,6.632670297152128,-0.90164412716058,2.4868572211197346,0.16914697309659255,1.3749499140949195
136,5.857929730254927,6.622199777318354,-0.7642700470642012,2.726904714554289,0.2006192632958521,1.2797892565451512
137,6.253694090905828,6.971092726774469,-0.7173986358684488,2.452941630881785,0.19890262816966428,1.2846842960064973
138,5.986784090646342,6.78163398125324,-0.7948498906062014,2.565671428817055,0.1894985515471204,1.3120639698280232
139,6.29261703150225,6.8290403396958475,-0.5364233081936618,4.010770876699974,0.2801426432095813,1.079998960196481
140,5.921122073518763,6.587840990149079,-0.6667189166309981,3.1853782061760185,0.233347901682546,1.1917790265234547
141,6.211205007451117,6.956613656198559,-0.7454086487468885,2.3006864520006545,0.18776071768017907,1.3172324565285787
142,5.731331627015624,6.407916876020646,-0.6765852490052566,2.257423856018182,0.19853972429703473,1.2857230773988608
143,6.203285784736199,7.072497218480155,-0.8692114337436578,2.4640575575293955,0.17339553296465793,1.3613739852250777
144,5.965417004453247,6.895566430189906,-0.93014942573609,2.1964768102973746,0.15346421700185847,1.427401436567591
145,5.471392659740577,6.256221526247156,-0.7848288665063592,2.3752786482196395,0.18390865766461098,1.3288160742548922
146,6.345855313037664,7.103588908423884,-0.7577335953865258,2.7433056638048203,0.20234727064007754,1.2748925661661545
147,5.570366721270165,6.321061496145763,-0.7506947748752282,2.626748366990645,0.1994446207187484,1.2831354648503541
148,5.871301179056008,6.685595846846422,-0.814294667789909,1.5720457792104234,0.14145055684177585,1.4704106937906518
149,5.898953043491037,6.613004232513656,-0.7140511890229391,2.9570724777242017,0.2174137064686573,1.2334344827290955
150,5.700891956629693,6.347477539283222,-0.6465855826545521,2.9335180877058544,0.22936254419023067,1.2020025394863103
151,6.534729362382695,7.36857757895736,-0.8338482165745518,3.5805398233740586,0.21476504242877664,1.2405689116216256
152,5.9618310756595925,6.748934486286185,-0.7871034106265142,2.277272240531939,0.17954787018386037,1.342148440558767
153,6.066352405243396,6.751023241928525,-0.6846708366847452,2.997893279255223,0.22417788335702496,1.2154936129037255
154,5.887312554015825,6.836207796625775,-0.9488952426099786,2.1769314395682517,0.14991423324028608,1.439834481117691
155,5.895625602297532,6.642461891162622,-0.7468362888648699,2.933086454780396,0.210693751209336,1.2516600826761375
156,5.950618576823235,6.879126003282732,-0.9285074264598734,2.4572475322200873,0.16392155557732777,1.3920027818012954
157,5.8915140543877165,6.560242707655615,-0.6687286532678627,2.501825650273936,0.209871956591812,1.2539176016273532
158,5.9471069693081695,6.6835777662716644,-0.7364707969627489,2.7832200933559523,0.20752982957065197,1.2603868874748756
159,5.496469760198142,6.485735006092728,-0.9892652458956945,1.5485098179243888,0.11570844573844732,1.5730447972470052
160,6.043408140129049,6.749195603562644,-0.7057874634338077,2.9197658951359013,0.2177193292494731,1.2326152910286066
161,6.406331689726375,7.2699654447193645,-0.8636337549924065,2.940904443099786,0.19099636094403957,1.3076372947904595
162,5.633080696951783,6.625272848841835,-0.9921921518907766,1.9644382859919656,0.13486130563914783,1.495203633173306
163,5.994498843952005,6.684447777398109,-0.6899489334464306,3.4253829793968844,0.23588905537889887,1.1853247906156443
164,6.2658665928566,6.942497917998292,-0.6766313251418978,3.4123086061181596,0.2380087669211199,1.1799784980185024
165,6.033820091780417,6.820434238547104,-0.7866141467675334,2.1720569742977336,0.17519589004505592,1.3556960710006811
166,5.587768862751563,6.496024878221359,-0.9082560154693056,2.5479784554233422,0.17037793202718363,1.3709904534260253
167,6.240040676919325,6.930347200154959,-0.6903065232363588,2.636080996692254,0.21080582493712524,1.2513527033991871
168,5.5247340011892625,6.322156878212699,-0.7974228770235641,2.329843851864725,0.17994231442982286,1.3409326684492566
169,5.349970011691784,6.28449576384978,-0.9345257521590611,2.7060753858082016,0.17194897718752722,1.3659680966361127
170,5.807482824192466,6.600187888067705,-0.7927050638754736,2.6937626170066036,0.19450367256476447,1.297370689302271
171,5.857219511417515,6.596539771222371,-0.7393202598050266,2.7225277213421926,0.20490519978268798,1.2676997341451937
172,5.805501475575529,6.6153714596877755,-0.8098699841120833,2.3751426251957923,0.17965758785362373,1.3418100651573677
173,6.328011437611185,7.11067793754329,-0.7826664999329296,3.4377860522581543,0.21958970927130397,1.2276198431975065
174,5.954386046771123,6.606103297619146,-0.6517172508474687,2.3995274857708058,0.20913587610819745,1.255945098140344
175,6.077860664401687,6.957676921245888,-0.879816256844606,2.59702866759209,0.17662505025345038,1.35121974858553
176,6.146759069779382,6.8314374188293066,-0.6846783490500457,2.5309695947331186,0.20796244440663245,1.2591879736134775
177,5.959193053362487,6.6305101348473166,-0.6713170814846308,2.6568388107910526,0.21514104403563064,1.2395522700663528
178,6.006982272494515,6.593994616728192,-0.5870123442327895,3.858688003729773,0.2666379376447004,1.1108383458633253
179,6.334323066346787,6.877725202897448,-0.543402136550867,2.7135607666621393,0.2428127798350533,1.1679850883633047
180,6.390663255066119,7.254860766791477,-0.8641975117252514,2.373586476519618,0.17071033260821297,1.3699249429608502
181,6.0438592029049865,6.87050601192556,-0.8266468090205308,2.6052671764588027,0.18558299769451977,1.3237592982204334
182,5.992006905542457,6.722929802730857,-0.7309228971880657,2.115841115389248,0.1824146432537345,1.3333571011462269
183,5.997340214706146,6.870969418279703,-0.8736292035737279,2.7206759827077587,0.1819937382438625,1.3346414093429286
184,6.138755321060689,7.073119164687373,-0.9343638436266701,2.8933217310857646,0.178248242364909,1.3461683107413756
185,6.070371721638384,6.9386128559445375,-0.8682411343052081,2.7253404329629856,0.1830237067786957,1.3315025491515788
186,6.267975216263057,6.935995112235251,-0.6680198959720656,2.8890216009059415,0.2237893221865511,1.2165136296721315
187,6.218308345843088,7.034837186738333,-0.8165288408945344,2.394945199395151,0.1793250897389176,1.3428359810605768
188,5.896677831488905,6.770370866141793,-0.8736930346531153,2.644834610192854,0.17931747191323485,1.342859502265861
189,6.368469384462532,7.085363866278225,-0.7168944818149612,2.7481387982267726,0.20987180488832594,1.2539180189560508
190,5.673390769550696,6.503516250203706,-0.8301254806538054,2.541361893526272,0.18265610455109202,1.3326213215187201
191,5.864667087347716,6.7799746148273705,-0.9153075274789444,2.062509676088414,0.15002930041686538,1.4394279841415365
192,6.586757259256974,7.26494532197103,-0.6781880627131613,3.0800572289588537,0.2279784235443176,1.205582724534533
193,5.602540845085986,6.420367116430203,-0.8178262713445292,2.654745989109486,0.18884398077475817,1.3140066071723444
194,5.874377286548242,6.768884035943277,-0.8945067493950773,2.6532059351931405,0.17630720167136388,1.3522129514885715
195,5.6603196987826045,6.32244581956002,-0.6621261207774296,2.895625780132457,0.2251321578882131,1.2129938864919814
196,5.928363571534664,6.780384006042436,-0.8520204345077218,2.5570406825929197,0.1796397602024334,1.3418650361724798
197,5.73497644792862,6.601015886668694,-0.8660394387406996,2.20390069782019,0.1635647762786107,1.3931819510316796
198,5.526787240953144,6.261345516357974,-0.7345582754051065,2.4367498040641813,0.19516221135059153,1.2954582020960252
199,6.146695061826012,7.034724691144266,-0.8880296293182255,2.4804843479676375,0.17103492774956672,1.3688859516379308
200,5.730548704789744,6.620338299434739,-0.8897895946438439,1.4328721644799085,0.12263133693312904,1.543822508499928
201,5.803282775188581,6.383498380025561,-0.5802156048375764,2.8595732552758815,0.24012687508341823,1.1746697276120084
202,5.953888262684831,6.684826189815379,-0.7309379271309808,2.599352369458307,0.2019854436083956,1.2759153518427993
203,6.182928701855435,6.999859131404708,-0.8169304295497568,2.813890850051216,0.19453710859144466,1.2972734721067278
204,6.593242571435457,7.3964307529958155,-0.803188181560472,2.218224308486187,0.1743698938953593,1.358295637820295
205,5.886048852768017,6.606896596238219,-0.7208477434696761,2.895049911097706,0.2141390930220067,1.2422642173582146
206,5.9386820646887095,6.647500112345671,-0.7088180476566777,2.926190220484898,0.21737062805974414,1.2335500167264135
207,6.1721574068488,6.953032740763991,-0.7808753339149916,2.688900220278329,0.1963748178999602,1.2919489683561178
208,6.2018144512558315,6.90146235303337,-0.699647901777098,2.9119331020496357,0.2185990904711371,1.230261783168905
209,6.267753506703247,7.035777138369877,-0.7680236316664377,2.443701508246809,0.18950657419418493,1.3120401908929267
210,6.320221801678617,7.092115554507341,-0.7718937528288734,2.9181842331493417,0.20576844420994003,1.2652870579906
211,6.304191224122423,6.886241247143257,-0.5820500230202015,3.197583458525555,0.25026881498215753,1.1496966976196705
212,6.100919104475924,6.859912842519076,-0.7589937380425908,1.9923012851235349,0.17185930121376422,1.3662538485003146
213,6.101218720928973,6.887531737650118,-0.7863130167206691,2.6656192109719896,0.19460365494568327,1.2970800211805835
214,5.8720546951599495,6.610498328727662,-0.7384436335678402,2.021370047109352,0.17678860321781942,1.350709202591388
215,6.4615125623822856,7.322769892867644,-0.8612573304844773,2.9891698182079054,0.1929357406955587,1.301943382846219
216,5.657731306621844,6.531885340108314,-0.874154033486775,2.485550063365391,0.17341886624074185,1.3613001163816
217,6.524460125318928,7.157476167670861,-0.6330160423522102,3.379107269969948,0.24538483526986654,1.161632351076505
218,5.759316353601225,6.424598530105687,-0.6652821765055705,3.266871750371056,0.2360189759173466,1.1849961328341083
219,6.380262259956016,7.1912144695562965,-0.8109522096001456,3.0130438267385227,0.20208635082096224,1.2756299806665765
220,6.430771536661286,7.1784230098125015,-0.7476514731506541,2.4936284597080736,0.19502106166113453,1.29586772120141
221,6.191647253284845,7.004188919942944,-0.812541666658035,2.9045352668329887,0.19830762510798305,1.2863881696092472
222,5.6920916850831595,6.617826237149746,-0.9257345520654781,2.6735174811926274,0.17216469516445648,1.365281169279302
223,5.987503991505054,6.790857051811056,-0.8033530603051986,3.1786764683347766,0.20851078013405946,1.2576709562936188
224,5.7171006375501925,6.4812972091873355,-0.764196571636603,3.130441638941358,0.21385065946557463,1.2430466065681434
225,5.930338793531536,6.797653351764513,-0.8673145582324651,2.496535332695876,0.17492283734731462,1.356554405571725
226,5.884675261605498,6.746493670485844,-0.8618184088800263,2.032575847006756,0.15684940280636103,1.4157476464424146
227,6.128306661198639,6.755291443196715,-0.6269847819985443,3.0226131569521986,0.23602663067694651,1.1849767727113323
228,5.563605021488019,6.411076277440149,-0.8474712559518593,2.621474080148765,0.182729361637541,1.3323982354863395
229,5.678149750714528,6.454745905321847,-0.7765961546074323,2.855614478608871,0.20287028650274502,1.273416496837234
230,6.301350897506399,6.9536279493517945,-0.6522770518458856,2.663809768715449,0.2190426467698552,1.2290777759154512
231,6.2196750941011665,7.091448902604991,-0.8717738085033488,2.2299599199876035,0.16374243359689003,1.3925945447626327
232,6.1334220901226395,6.897451970261205,-0.7640298801388781,2.5555505331008668,0.19446447438394632,1.2974846759123553
233,6.118212558581963,6.803198768200556,-0.6849862096178185,3.599055308321354,0.2414883040813539,1.1712748827348973
234,6.28961562711449,7.079568600732561,-0.789952973617801,2.8236183219594064,0.1994733058426843,1.2830535782156856
235,6.0926642902441195,6.954969721439124,-0.8623054311956366,2.616716331678882,0.18014403724347725,1.3403116754619848
236,5.470500022427604,6.332508739731875,-0.8620087173039792,2.617600995987315,0.18022386623036019,1.340066068844563
237,6.8083706770203385,7.569169619439389,-0.7607989424186599,3.8438492709079846,0.23406045392971178,1.18996422361981
238,5.717116948515486,6.476064975377685,-0.7589480268616171,2.592409783573965,0.1967252459904891,1.290937801894864
239,6.029217426876148,6.800869600160052,-0.7716521732845649,2.3120919774096187,0.18363165356887495,1.3296559532368444
240,6.05198587984707,6.916070335525479,-0.8640844556794036,3.0087406332823114,0.19309642364940166,1.3014735171113778
241,5.78115757983598,6.510339476951753,-0.7291818971161774,2.1990934412109837,0.18637342025964426,1.3213838138718006
242,6.388942542139393,7.059859214912624,-0.6709166727741831,2.8757904322145063,0.22279951364162756,1.2191177240941358
243,6.038982020299063,6.849519148956485,-0.8105371286574155,3.0516999519341326,0.20337764781507242,1.2719872545275794
244,6.519635729288911,7.277090786405875,-0.757455057117113,2.698863321756642,0.20083419411774983,1.279178531360772
245,6.271295921574183,7.005209501094885,-0.7339135795209586,2.882193904726879,0.21133948560454188,1.24989067686261
246,6.205484644539883,6.9317087905160655,-0.7262241459766301,2.876617096906095,0.2125475523962001,1.2465908665012373
247,6.359693991349577,7.122454394838673,-0.7627604034896649,2.704708764240923,0.20010378706682594,1.2812559290922216
248,5.927606414465135,6.625794738100996,-0.6981883236358044,2.682452839317289,0.2110062243091101,1.250803372105301
249,6.345159284748679,7.021800894775421,-0.6766416100272181,3.034708489155337,0.22685467297017117,1.2085008397688277
250,5.897685794145236,6.644890484554548,-0.747204690410399,2.0459783600586015,0.17638494683849434,1.351969892698753
251,5.87720476247252,6.625171714044857,-0.7479669515723799,2.1382166360247137,0.1803902534521243,1.3395544116714129
252,6.087684392923638,6.889545289415036,-0.8018608964912346,2.643771538929375,0.19115247975316083,1.3071773687815682
253,6.1209450993065,6.927432782699054,-0.8064876833932431,2.3804060785537935,0.18043382174269323,1.3394204927872457
254,5.548802174328575,6.3808784830226095,-0.8320763086949228,2.6960771713491773,0.18792796842027906,1.3167335056977878
255,6.204691625453069,6.925136038626359,-0.7204444131721175,2.8122011643766633,0.21143059491072674,1.249641339003403
256,6.11649831737488,6.925316782014061,-0.8088184646385344,2.0867469736616897,0.167757328531301,1.379445857892855
257,5.804740707192668,6.589016101442159,-0.7842753942486524,2.7379622050667294,0.19751156909120296,1.2886736435218096
258,6.2143906677101945,7.124164037892637,-0.9097733701819379,2.9087143560228377,0.18256988059556745,1.3328839798875045
259,6.591347563639847,7.4820613889878125,-0.8907138253471203,2.456363622808153,0.16970542185676274,1.3731509587658086
260,6.311521110736084,6.911631538828086,-0.6001104280921936,3.0115934666253708,0.24100438048601772,1.172480041697816
261,5.944593001533594,6.6587404494820355,-0.7141474479476528,2.9532366748146845,0.21727173505023825,1.23381530481402
262,5.7631074039654955,6.609519848240115,-0.8464124442743923,2.873438236493575,0.19161096105251482,1.3058282787175075
263,5.7222431738209885,6.553601422551413,-0.831358248730794,2.3666272802178927,0.17575400536582794,1.353944749321974
264,5.866476580422404,6.755205909734027,-0.8887293293119001,2.038034342588867,0.15295047927508026,1.4291870482450568
265,5.535114596187686,6.256709591044494,-0.7215949948567868,2.7003780920717,0.2073328517932578,1.2609333765117383
266,5.90640305772833,6.6625474000675275,-0.756144342339212,2.905388330578182,0.20812599443207933,1.2587351954080417
267,6.306821242864334,7.12752590486927,-0.820704662004573,2.8755624947608585,0.19596935302967217,1.293120595323371
268,5.729904262173495,6.4661509722979496,-0.7362467101247603,2.5830106257845333,0.20042460320544,1.2803427947483812
269,6.174221983169463,6.796438940553575,-0.6222169573838983,2.947422941728968,0.23457169033573738,1.188664563836099
270,5.960752338872243,6.944722665219739,-0.9839703263478441,1.656827879129656,0.12178673215781224,1.5473173827381663
271,5.916137839425591,6.626509893314452,-0.710372053888932,2.899765747581892,0.21621554198010995,1.2366540568583761
272,5.900067597149263,6.695086186512565,-0.7950185893623711,2.8579385629821665,0.1997554749613449,1.2822485359298137
273,5.7471788925058895,6.53799621715611,-0.7908173246496517,1.8783691826615403,0.16106797224644753,1.4014887403872274
274,5.9298120867261055,6.769279870979947,-0.8394677842534293,2.7273839739322785,0.18779789998298432,1.3171215040633932
275,5.910358342018316,6.624656656138708,-0.7142983141202421,2.810970098180352,0.21251402832708127,1.2466822537876998
276,5.850747254507059,6.780128698139965,-0.9293814436323373,2.5356924699651575,0.16668858181979676,1.3829226586121623
277,5.719916375827797,6.62415624313515,-0.9042398673072967,2.833855282014989,0.18097519000206902,1.3377584513663787
278,6.317238658962214,7.057218764778153,-0.739980105815448,2.6346682839166373,0.2016472067342705,1.2768726631379488
279,6.0687410083601385,6.954734542025303,-0.8859935336658964,2.858661415073815,0.1846924452679766,1.3264446868702267
280,5.777371835598405,6.752070889817592,-0.9746990542198546,2.7643030040965844,0.16789453254608647,1.3790007179276327
281,5.795407873634776,6.72056660782982,-0.9251587341941558,2.3696245936342404,0.1610956120826924,1.4013962532144213
282,6.220013384690919,7.048257018322548,-0.8282436336321553,2.592060369042791,0.1848359788886535,1.3260112262540555
283,5.66198176176751,6.413280178404076,-0.7512984166351089,2.678050909529409,0.2011865365033013,1.2781783826152604
284,6.121425861642837,6.951913505735039,-0.8304876440925,2.6707924344179954,0.18729804966863894,1.3186144221791969
285,5.607791380204635,6.428666710973221,-0.8208753307690131,2.655068647486173,0.18834350977894296,1.3154952586488693
286,6.0231081263518895,6.7300536361928955,-0.7069455098417166,2.7334680644196236,0.21118863448444644,1.2503036804245493
287,6.225065254718192,6.860372905954915,-0.6353076512359621,2.248532384580768,0.20609993450052408,1.2643625323986214
288,6.4198366397413515,7.252509995368687,-0.8326733556268664,2.287200742116463,0.17235054394067914,1.3646898728947383
289,5.886088007827329,6.6646116788341665,-0.7785236710069512,2.5351535065705075,0.1911724217796143,1.3071186394850143
290,6.294160884387583,7.154615122887346,-0.8604542385000968,2.084190663248675,0.15933823484709805,1.40730072367666
291,5.645919733650789,6.618952911290368,-0.9730331776409002,2.5450434080616375,0.16051841902207492,1.403330124776457
292,5.992043078077604,6.686417251012447,-0.6943741729346584,3.267573689688426,0.23058541818654213,1.1988522072073968
293,6.2279712481613565,7.05413420986628,-0.8261629617045401,2.7931448524341747,0.19227878308482624,1.303867441273556
294,5.956458202287667,6.654062312428739,-0.6976041101406736,2.6179397089779837,0.20878212886661232,1.2569213163951283
295,5.6341683551136335,6.5195411805425785,-0.8853728254289308,2.6154949181501426,0.17640734543128536,1.3518998816228238
296,6.537424853689135,7.290706876347198,-0.7532820226579133,3.2918210548853324,0.22059737724982073,1.2249411960070113
297,5.808227526994433,6.56673857392823,-0.7585110469335632,2.9064154186198277,0.20774010492240205,1.2598039211464613
298,6.014842701903962,6.901761806665622,-0.8869191047606364,2.753585264857401,0.18100331412763707,1.3376722091097286
299,5.770145448354032,6.587382136580079,-0.8172366882263304,2.8053922182224333,0.19419690455940095,1.2982632080552106
300,5.674966575842536,6.471058639600958,-0.796092063758806,2.7291545591221205,0.19516698011646597,1.2954443702182086
301,6.1607045780310905,6.857385537838486,-0.6966809598079635,3.327877609315472,0.2318987062020659,1.1954821500578625
302,5.85098289680629,6.5889282486267255,-0.7379453518215087,2.2562325720891465,0.18723741839113353,1.3187957114195157
303,5.903497468130826,6.72537042349995,-0.8218729553691446,2.566798275164336,0.18497119699628228,1.325603105639417
304,6.399057336026107,7.351712640957015,-0.9526553049317954,2.1159896481619977,0.14684847496941225,1.4507536333706832
305,6.153641978528885,6.777676075408973,-0.6240340968797682,3.2906931629193537,0.24463539707327142,1.1634785473694371
306,6.241031840451814,7.0951864486339495,-0.8541546081814886,2.550832578946256,0.17906406023386404,1.3436423735000818
307,5.939665731469194,6.696680489217368,-0.7570147577480384,2.7346891027949702,0.202173605620221,1.2753833029944823
308,6.196959567703761,7.031431415390561,-0.8344718476873823,1.9875796864390338,0.15913121642378789,1.407999505485567
309,5.980815925729093,6.85778504596718,-0.8769691202378453,3.2634802060634325,0.19876772698472134,1.2850702772268991
310,5.9184428094177015,6.699266407831676,-0.7808235984139174,2.4053008257608717,0.1857850926277524,1.3231512246922879
311,5.987928103053509,6.7394340955249525,-0.7515059924708112,2.9584638353771595,0.21068568294534679,1.2516822156831777
312,6.041040619737959,6.864239641644861,-0.823199021907385,2.873548968874422,0.1954825289803362,1.294529666172868
313,5.626555874209789,6.384065293788591,-0.7575094195790371,1.81821934915018,0.1636689065026791,1.3928375965030109
314,5.721450038462553,6.452274206826889,-0.7308241683649612,2.5310769011044645,0.19946089218586352,1.2830890140845244
315,6.1380314903836,6.893757792803935,-0.7557263024209533,2.3290485357112765,0.1871010521095817,1.3192036089171004
316,5.82597315838213,6.626990148490062,-0.8010169901081099,2.2791600403469037,0.17727014609130165,1.3492080616906854
317,5.855684138295164,6.406998436508811,-0.5513142982135832,3.0427091266563693,0.2519147442758279,1.1457110159401152
318,5.949550406172438,6.804776565444147,-0.8552261592722061,2.533005253605218,0.1782307630889959,1.3462225241543218
319,5.76514809322909,6.505315927293413,-0.7401678340647777,2.401359671933614,0.1927630149015668,1.3024487847676756
320,6.353561438188098,7.097880909085401,-0.744319470897608,2.6736785221401664,0.20227551708372013,1.2750952877496584
321,6.259256089359059,6.967929887498737,-0.7086737981398983,2.717988759808044,0.21032552030670068,1.2526708456026574
322,5.91263261239148,6.5811522179938216,-0.668519605603251,2.505456533949557,0.21005081414769972,1.2534257252700438
323,5.745290645842051,6.654445845563803,-0.9091551997216811,1.8592322019096663,0.14179325845511329,1.469145759532879
324,6.097593327277554,6.919020594185138,-0.8214272669074489,2.25091971731095,0.17270633773689548,1.3635592086941988
325,6.054211895492717,6.845695601526106,-0.7914837060334321,3.0782760901012853,0.20747604448627396,1.2605360697838728
326,6.097618738655019,6.816158580144791,-0.7185398414894735,2.80792538252002,0.21163292967552555,1.2490878892921096
327,5.752753483061515,6.576227837079134,-0.8234743540169802,2.195844973245281,0.17006634305871135,1.3719906675751836
328,6.025347741612695,6.867927178262601,-0.8425794366485206,2.534359743056651,0.1803428314724868,1.339700203218239
329,5.560607506519791,6.271231846692675,-0.7106243401722168,3.002379632565974,0.21949910672420306,1.227861120528566
330,6.4603072098753,7.158505923221615,-0.698198713345846,3.2017197351234525,0.2279361998931646,1.2056921838252432
331,6.272432931964449,6.9863098488254245,-0.7138769168604995,2.6123176303386675,0.2055694848966944,1.2658424747676869
332,6.259583666612361,6.8650968028560335,-0.6055131362427346,3.7720113609616828,0.2609504098340974,1.1241476116623819
333,5.893682807647583,6.48594708465161,-0.5922642770046878,2.811119443582724,0.23605697991575494,1.1849000189578753
334,6.188069478920642,6.896573874782089,-0.7085043958613824,2.742851434388653,0.21122933405413075,1.250192231228372
335,5.830008345553342,6.599116484319861,-0.7691081387674785,3.0680040235395207,0.21105492226799252,1.2506699390944929
336,6.387934813401461,7.05820733917491,-0.6702725257737256,2.8833476856930904,0.22317287934366092,1.2181344632059645
337,5.857558946790068,6.861203205408888,-1.003644258618806,2.2949486418590084,0.14681698167925575,1.4508667015434122
338,6.073029240873456,6.87420782629631,-0.801178585422349,2.630168917753947,0.19077805513212873,1.3082808879067345
339,6.1784386113459,6.849431298682948,-0.6709926873372751,2.6108004254489874,0.21352750432241646,1.243924084463598
340,5.768859931274182,6.493793471046633,-0.7249335397737013,2.7706282523440198,0.20918506015873048,1.2558094621686386
341,5.6562346764585705,6.530430528820386,-0.8741958523623907,1.9330131317779635,0.15043077284677436,1.438011564735371
342,6.246199749213719,7.0200511992789565,-0.773851450064285,1.9112660435788023,0.1654875778346843,1.3868497676276201
343,6.211315857791323,6.873788702943923,-0.6624728451524788,2.5992136449566807,0.21472821714285006,1.2406685496095349
344,6.17385809171812,6.7348348368065025,-0.5609767450887375,3.0978329641141933,0.251596663500166,1.1464798414763544
345,5.630820575247544,6.364001027436142,-0.7331804521882077,2.7533901480635716,0.20709151666264253,1.261603442966237
346,6.1102264638421,7.037789635991043,-0.9275631721484388,2.3568380238260076,0.1602387083732533,1.4042691794665374
347,5.606925309023627,6.433498272266537,-0.8265729632421426,1.5953887327483969,0.14083890068876326,1.4726742219096864
348,6.102788131837787,6.986531774561268,-0.8837436427229477,2.1482829577969333,0.15847095702044345,1.4102327887533073
349,5.511211925340849,6.38505849276758,-0.8738465674268809,1.7959032863609785,0.14398519413059754,1.4611102267119958
350,6.182561507906957,6.8539310815695735,-0.6713695736625596,3.007986018904793,0.22700764340626525,1.2081030065803648
351,6.038071900366067,6.7017085385456845,-0.6636366381799235,3.146836194014977,0.23277579830616296,1.193238965432778
352,5.976289074947108,6.766884367929652,-0.7905952929831983,2.309725678025046,0.18028451893584266,1.339879515144124
353,5.971694860013503,6.74129016025174,-0.7695953002375973,3.2389678872334855,0.21616619403443565,1.2367869341763942
354,5.500183848297656,6.209710212374905,-0.7095263640767371,3.232974631712638,0.22677451930915032,1.2087093733436787
355,5.791399150359229,6.543502334572825,-0.7521031842143202,2.6546538280316287,0.20020432686332995,1.280969649200701
356,5.689261021065267,6.597530627254084,-0.9082696061886963,1.9671116769755166,0.14686913135267574,1.4506794822630307
357,6.284267046084114,7.059233987687204,-0.7749669416025426,3.121215671877451,0.21167560268360572,1.2489712139348528
358,5.694525166807598,6.555094083366068,-0.8605689165588046,2.9581285514896596,0.19205305526509867,1.3045296548998688
359,6.349145692370275,7.182164510799613,-0.8330188184290819,2.7958797163986695,0.19122659512840962,1.3069591216494938
360,5.874994713792166,6.662235341682301,-0.7872406278893322,2.7822108572035944,0.19852991484922675,1.2857511753683908
361,5.798946665166131,6.68389176580094,-0.884945100634468,2.5222852697403635,0.17307861881673015,1.3623780133833596
362,6.138941559681388,6.801917131476362,-0.6629755717940498,2.7311735674075504,0.21937641443040604,1.2281879678109406
363,5.9675643561113425,6.825834838968856,-0.858270482856824,1.6910810767234388,0.14108185712798538,1.4717742211950928
364,6.259096367083675,7.1512434482777145,-0.8921470811937979,2.9804109435141495,0.18766815029901532,1.3175087492330815
365,6.1769666037898965,6.945678073790038,-0.7687114700001985,2.9343319619353085,0.2068557295203753,1.2622586529600155
366,5.899382134549359,6.56175440082956,-0.6623722662798173,2.1071555473866077,0.19465761351584315,1.2969231986993457
367,5.78052081491116,6.5567198331696765,-0.7761990182589216,2.5361765025295426,0.19161419062378582,1.3058187840692816
368,5.869660002697874,6.672034462781351,-0.8023744600832288,2.584625171393835,0.18891436643528467,1.313797478400167
369,6.392960747698471,7.128386140349381,-0.7354253926514502,2.601831962187953,0.2012667333507609,1.2779509167506926
370,5.954353735727654,6.659579483133722,-0.7052257474069847,2.8631081250688712,0.2159462711014521,1.23737937790325
371,5.6845855722749725,6.403579126495888,-0.7189935542210151,2.532900502876439,0.20167812417438327,1.2767851089594848
372,6.430816785901715,7.143478222374778,-0.7126614364733541,3.3991020885233816,0.2309768961458294,1.1978462035773807
373,5.735432544153827,6.591891931204341,-0.8564593870514727,2.507677940362523,0.1770873608379161,1.3497775104001033
374,6.262924565226985,7.072171956723228,-0.8092473914966831,2.2395704827899827,0.17425272111091414,1.3586651469586035
375,6.786504863544014,7.623054728907395,-0.8365498653629402,3.3833307123137057,0.2088786331042068,1.256654879764134
376,6.051123056452543,6.987430367745919,-0.9363073112926941,2.537620614236147,0.16570962919038598,1.3861220801784155
377,5.556002256332267,6.43359038665481,-0.877588130321783,2.48147500921238,0.17272024720922485,1.3635150416824877
378,6.143326223283129,6.685566616536963,-0.5422403932525413,3.6722147457358307,0.27107430005064737,1.1005919284499333
379,6.098870986517813,6.824512286923476,-0.725641300406096,2.5475941589467883,0.20102130533035023,1.2786472437088208
380,6.381606062349437,7.048439748718732,-0.6668336863704099,3.022573429907805,0.22833046495536324,1.20467066494636
381,5.720733624306394,6.666700961434703,-0.9459673371284225,2.5468284874235234,0.1645905938555942,1.3897967876592388
382,6.3467700896435595,7.085244564848143,-0.7384744752043844,2.674131487652856,0.2033402744788808,1.2720924469804988
383,6.020502819426856,6.731965366083383,-0.7114625466565485,2.1822395056057253,0.18884592941715173,1.3140008166230783
384,6.180121528467698,6.9424631489031405,-0.7623416204351088,2.649134284017162,0.19819352025289222,1.286715351701613
385,6.397980715561989,7.128769171477355,-0.7307884559140803,2.7746213672246416,0.20826014250984365,1.2583640072321927
386,5.979836132485634,6.7838933835771265,-0.8040572510908532,3.2495381229877935,0.2105040467565822,1.2521806457159406
387,5.684495754630024,6.609004750821985,-0.9245089961914346,2.583227832952625,0.16915322886120152,1.3749297374752698
388,6.3253811508402755,7.092810780047653,-0.7674296292079816,2.194091375465524,0.17942589065534412,1.3425248126991975
389,5.820357778407942,6.626868724917468,-0.8065109465096612,2.9955872068159817,0.20228691610687904,1.275063079182481
390,5.944299233719011,6.686204968837739,-0.7419057351189622,2.8135706580654123,0.20759115095277442,1.2602168361441992
391,5.8775120861864885,6.7720861311317115,-0.8945740449453297,2.118807763630901,0.15556046999579076,1.4201621845096941
392,6.1543782901271875,6.895192620878706,-0.7408143307511637,1.911095302973287,0.1711401095894715,1.3685495936005763
393,5.696343863413876,6.446759138445625,-0.750415275031628,1.828432611773529,0.16539355087379704,1.3871581260706451
394,6.107012597319244,6.695950916718484,-0.5889383193998583,2.9564754090614116,0.24150629585475758,1.1712301089783042
395,6.084566729596208,6.821971693124187,-0.7374049635282063,2.0232832339046354,0.17706017461109796,1.3498622437004442
396,5.7970000383629845,6.452727013430167,-0.6557269750674095,3.204979975322189,0.2360225937044613,1.1849869828111048
397,6.2601182506259825,7.051494259957554,-0.7913760093315432,3.033223216993207,0.20608181680772295,1.2644130346819569
398,5.812438489127107,6.685912355471817,-0.8734738663451935,2.435150429066505,0.1716165286842355,1.3670280018286551
399,6.123780093973455,6.7964017882705114,-0.6726216942970495,2.988019623638129,0.22613456485655706,1.2103762138311691
400,5.588295008214136,6.427480524702428,-0.839185516487305,2.2036405878865484,0.1678378962777217,1.379184433559187
401,6.002526484036043,6.8467442534725755,-0.8442177694359998,2.9793666854421055,0.19542648308772365,1.2946920513022577
402,6.244315439622387,6.870892342386544,-0.6265769027640999,2.84921086750148,0.23048759608859481,1.1991037758702188
403,6.463117710643946,7.243566750285051,-0.7804490396410984,2.6245541900767293,0.1941385106598787,1.2984332179801064
404,5.982519435604463,6.653364997734702,-0.670845562131035,2.7927739671357443,0.22001024338899444,1.226500882588779
405,5.9955549145215805,6.6566383268484834,-0.6610834123266613,2.4715580605159246,0.2101672124113113,1.253105781106377
406,5.700940683904282,6.4783171343638095,-0.7773764504599967,2.5085406142160327,0.19036789565195011,1.3094915575882038
407,6.048071999571238,6.734932615896643,-0.6868606163261575,2.64353976872947,0.2117226550351322,1.2488425844041378
408,6.455754485842608,7.162155931334144,-0.7064014454908829,3.325908391899155,0.23005055622393406,1.2002286374283109
409,6.282900894485483,7.002245457757969,-0.7193445632738076,2.7610124956492896,0.20987130002174242,1.253919407820329
410,6.150347571677248,6.921714476124816,-0.7713669044469498,2.7405554527521954,0.19985041318735888,1.2819778592882096
411,5.500185278496264,6.386801354819038,-0.8866160763227526,2.3655092299069462,0.16685444730154067,1.3823819761470857
412,6.408727404767905,7.431324562862695,-1.022597158094868,2.35828388867572,0.14660206361597677,1.4516388026085412
413,6.029067761738606,6.715989390367884,-0.6869216286295341,3.4532335499467806,0.2372185825308203,1.1819675357416282
414,5.667918503326309,6.711738267586458,-1.043819764260661,2.398380300523158,0.14519120775075428,1.4567289768327947
415,5.735646884024408,6.6097966775669725,-0.8741497935416191,1.859433386093869,0.14699546395856702,1.4502261541428518
416,6.140412432657303,6.892107668281152,-0.7516952356227193,2.687719986969766,0.2014606530692196,1.2774011667506293
417,6.159446666358253,7.06560629551009,-0.9061596291512615,2.449724974784427,0.16705395690725006,1.3817321566756045
418,6.083097152471073,6.989815195613932,-0.9067180431429733,2.348130557478136,0.16306459438197482,1.3948383400358773
419,5.5668182454974335,6.482384824831552,-0.9155665793341541,2.361419166728986,0.16223129526456564,1.397606400513622
420,6.083525118166126,6.97015757103755,-0.8866324528717087,2.3337234375276683,0.16560312350836226,1.3864710197452395
421,5.808881147608208,6.622587193192825,-0.813706045584695,3.1831521420585425,0.20687964963307953,1.262192158576824
422,5.456992529841973,6.258858064896348,-0.8018655350542758,2.2146014524161437,0.17443864952170163,1.3580789004704814
423,6.169641092317779,6.902193795436279,-0.7325527031189267,3.237220162744862,0.22270885902253915,1.2193566414967736
424,5.691403457540236,6.408901812198298,-0.7174983546574367,2.5196908735242918,0.20145104869751293,1.2774283854438673
425,6.264253580574422,6.852100484282882,-0.5878469037088507,3.3238586931257306,0.25272077386746994,1.1437658068045828
426,6.418577378380196,7.119833551237694,-0.7012561728579385,2.7768077699208717,0.21374912955541064,1.2433221922300743
427,5.976500146714006,6.607504800161426,-0.6310046534481444,2.694941217418238,0.22430158771142947,1.2151691403318983
428,5.5539743721829105,6.450472621548318,-0.8964982493653224,2.268088303723683,0.1614550096715059,1.4001947429791137
429,6.028600920556546,6.724774495866345,-0.6961735753102403,3.286549647885849,0.2308032716018361,1.198292226990321
430,6.294147729465312,7.223444269747919,-0.9292965402828486,2.6747021193395764,0.17166000084725347,1.3668893175264025
431,6.40526901430896,7.157769787315882,-0.7525007730064317,2.144967956838439,0.17989238855217674,1.3410864424695779
432,5.952991812050659,6.586237704756211,-0.6332458927054176,3.0511202445181773,0.23569340099754327,1.1858199759120667
433,5.695935679646954,6.507660297627762,-0.8117246179808717,1.9450338920120007,0.16082418044339422,1.4023050252215543
434,6.217375586700673,7.105982615524102,-0.8886070288235715,2.9492581131178177,0.1872349541926984,1.3188030803593878
435,5.906064751875437,6.740523106065918,-0.8344583541902466,2.578800852757011,0.18332020781045066,1.3306013811587887
436,6.218964609179256,7.004177173897343,-0.7852125647177672,2.610376372781367,0.19279807977023242,1.3023461567805237
437,5.567355795686144,6.5510349526056295,-0.9836791569186971,2.691057666351007,0.1640878549484232,1.3914538167531907
438,6.396003520949325,7.015631276536485,-0.6196277555873166,2.859594330455808,0.23220566425453698,1.1946964134445877
439,5.747060631512813,6.703336995507197,-0.9562763639951299,2.598373634891418,0.1648987254674035,1.3887830681097826
440,5.367085753727242,6.144856759564245,-0.7777710058371667,2.8499066588147013,0.2024737728198906,1.2745352937037693
441,5.700977650169097,6.626387790581919,-0.9254101404130779,1.9297878427954416,0.14268109762080936,1.4658795737360026
442,5.853619501135672,6.416655686837455,-0.5630361857020034,2.5625979017694434,0.2332583247033705,1.1920074484456196
443,6.020962120143867,6.8192504531177,-0.7982883329732431,2.700989009326756,0.19380150128234516,1.2994151323333696
444,5.835533266760667,6.68604448507185,-0.8505112183111123,2.224833299703393,0.1669009028001094,1.3822306145687115
445,5.627944757618952,6.396158599403545,-0.7682138417849274,2.6092418071339196,0.19571329833048987,1.2938614036404743
446,6.182483188572423,7.036188831940034,-0.8537056433679027,2.640617723372685,0.18239795093313954,1.333407992580793
447,6.244246162902545,6.984785588096539,-0.7405394251936741,2.799992305401828,0.20737309712157836,1.2608216905120002
448,5.847462657627165,6.543298376847961,-0.6958357192215772,3.160821129109989,0.22714784450382983,1.2077385507166252
449,6.335133390019127,7.08523074267023,-0.7500973526512098,3.0126567842990486,0.21267637155901728,1.2462397996996268
450,6.09880658881595,6.999941058932965,-0.9011344701166308,2.6642448709168853,0.1756553354575939,1.354254065496017
451,5.850121763535771,6.755007885331349,-0.9048861217952435,2.2403053725280806,0.15904655711873192,1.4082854675061525
452,6.093645240068344,6.713460504328335,-0.6198152642591594,3.0113140954418895,0.23708096365100342,1.182314425879398
453,5.840604584093871,6.737670953187251,-0.8970663690934089,2.5233191925762117,0.17121325995781245,1.3683157593558333
454,6.185963094852031,6.8121544965980725,-0.6261914017459276,3.3291001903872512,0.24530657795131083,1.1618249481746874
455,5.864439536466325,6.646034382382215,-0.7815948459165156,2.831036831864152,0.2011722699744782,1.278218854331217
456,6.059963180106042,6.470753336832974,-0.4107901567267618,3.220290579420972,0.28763586022277043,1.0633222016572508
457,5.880429343527812,6.925654970075637,-1.0452256265480173,2.27865347744806,0.1405059347379738,1.4739095922005447
458,6.443503122273814,7.1101779113414345,-0.6666747890676561,2.9788628155480623,0.2269707886372367,1.2081988380098931
459,6.061090048105161,6.815553183437405,-0.7544631353321165,3.069448965561408,0.21368864720699288,1.2434864061616262
460,5.845433693378272,6.625239991394192,-0.7798062980164104,2.4546487964884705,0.18788514197631884,1.316861236478307
461,5.513290703318507,6.387803643142437,-0.8745129398239442,2.7938726243459495,0.18436230406815357,1.3274426352008561
462,5.813323917474936,6.6041164801060255,-0.7907925626304859,2.501103788716442,0.1877735269513093,1.3171942316694947
463,6.340529645216538,7.119846864801357,-0.7793172195852094,3.0730668755350035,0.20942557560520947,1.2551465197418532
464,6.1500456324484,7.072265622386684,-0.9222199899386396,1.7879964161107882,0.1365405904836479,1.4887979190144407
465,5.778584645388964,6.470075488018136,-0.6914908426288093,3.0054256019725774,0.22314133483299958,1.2182174903252658
466,5.689516505302908,6.577657025601059,-0.8881405202982933,2.2478453028403216,0.16192400218374975,1.3986298769976062
467,5.539199057816422,6.326716851684569,-0.7875177938685738,2.466937830430062,0.1870308462793485,1.3194136935302263
468,5.852924054085651,6.7142978635389845,-0.8613738094536529,2.4193637319145846,0.1729410790328203,1.3628141862396874
469,5.9401684582399135,6.629548673589344,-0.6893802153499564,2.61491408271867,0.21020667910098326,1.252997328044683
470,6.301146014421665,7.004071247331783,-0.7029252329102746,2.8737982707910703,0.2167289531471718,1.2352729076451119
471,5.664439701390638,6.284750263897667,-0.6203105625072567,2.393173669105799,0.21504066151715032,1.2398235611865187
472,6.30951946742336,6.972112362404513,-0.6625928949806621,3.1941417540676333,0.23439238658449213,1.1891201592542302
473,5.921575735432288,6.788271438893293,-0.8666957034611187,2.4821458232983247,0.17448118685653816,1.3579448425926692
474,6.265820256862771,7.1313259102002355,-0.8655056533370953,3.0450918088821,0.19401049269216464,1.2988060650973188
475,6.258067501122259,7.106373001630576,-0.8483055005081042,2.4973228561941383,0.17802235241689593,1.3468692320759388
476,5.995020685300933,6.665829612235282,-0.6708089269341144,2.941667906290286,0.22498502059068257,1.2133788190175516
477,5.710173514461548,6.418033318668055,-0.7078598042071462,2.5582361493097494,0.20467299734895944,1.2683499760200734
478,5.328837418735947,6.233601448591013,-0.9047640298549595,2.428703519383017,0.1664725882419065,1.3836273534677526
479,5.765127403208698,6.464153867691682,-0.699026464482813,2.6351385754378196,0.20914508838909424,1.2559196914658015
480,6.683691183353421,7.5785232684234565,-0.8948320850695382,3.2742778090780984,0.1962071916812264,1.2924331241815648
481,6.03727745593098,6.7061857256971,-0.6689082697657796,2.8567077169301136,0.22254464950607958,1.2197895878356797
482,5.64623181625031,6.366146189408678,-0.7199143731577351,2.7927673742287027,0.21086293328558917,1.2511961205131803
483,5.916657702312495,6.7199906731238634,-0.8033329708105157,3.2670641155840663,0.2111437770437185,1.2504265332723443
484,5.871390059038294,6.643953283140743,-0.7725632241017593,2.422394970848419,0.18788509161954126,1.3168613866811147
485,6.0674894195308475,6.821937024091188,-0.7544476045604824,2.0628662014582098,0.17589215094670785,1.3535119000361673
486,5.71602629026167,6.485973179564883,-0.7699468893033554,2.672771144051561,0.19770594169364097,1.2881149795083597
487,6.171072860323893,6.822738343521632,-0.6516654831975757,3.4949767954049165,0.24497907859885032,1.162631416477702
488,5.606268817639847,6.414039865038749,-0.807771047399001,3.0682220148886774,0.2043662221829132,1.2692098687946383
489,6.009122568787479,6.670936030751708,-0.6618134619648117,2.645170733440443,0.2165342397259878,1.2357964370259233
490,5.791421052307687,6.57154607049851,-0.7801250181919386,2.91963990371533,0.20437775292156368,1.269177531083646
491,6.165287685894345,6.944637457195352,-0.7793497713009856,2.3520078699711444,0.18391979647875178,1.328782320867327
492,6.142912561524117,6.916480871435379,-0.7735683099117523,2.063641790922567,0.17263650461525942,1.3637809913425831
493,6.216990688981259,7.027597863336521,-0.8106071743541179,2.5421174847692534,0.1859474679851865,1.3226630156664494
494,5.883577124614039,6.698539752574835,-0.8149626279609947,2.7711727476893877,0.19341092613739577,1.3005546861557038
495,6.010644189182148,6.849536134226266,-0.8388919450444519,2.480642181531909,0.1789314129691124,1.3440524926672224
496,6.422598149080859,7.170477566714293,-0.7478794176340671,3.2788618848251208,0.22118158922581638,1.2233922232406327
497,5.717918674724405,6.525800039606157,-0.8078813648808136,2.599587582353891,0.1885280822213641,1.314945908537713
498,6.303972159103086,7.004673404734842,-0.7007012456324446,2.8654804650502044,0.2168635971496631,1.23491108587356
499,6.12366002537421,6.905691674894474,-0.7820316495208317,3.199380936993604,0.21281378320542912,1.2458654853009767
500,6.26581719511525,7.0579339388691515,-0.7921167437534677,2.8188981806348377,0.19894012821316817,1.284577034330568
501,5.655545032594109,6.610625574044928,-0.9550805414510251,2.1942765669324586,0.1497256996187049,1.4405010271931
502,6.448832896076983,7.182489522191549,-0.7336566261155895,2.617956071752541,0.20217660386426556,1.2753748280505988
503,5.912113488484483,6.931733120385143,-1.019619631900241,2.073270962038187,0.13577271243788666,1.4917194331640362
504,6.321868606788502,7.136770235517357,-0.814901628728876,2.6438725461899626,0.18894642666301423,1.3137022405975372
505,5.695793971811344,6.484543300274989,-0.788749328463382,2.58123923504637,0.19112014327814883,1.3072726093308373
506,5.761775535282158,6.639884889510622,-0.8781093542274903,2.2142362353241403,0.16210267498021094,1.398034607613883
507,6.485307122424292,7.184273739875689,-0.6989666174513331,2.936482893202811,0.21952931528151148,1.227780666281415
508,5.963614420066751,6.618760324926885,-0.6551459048596371,2.892581168379749,0.22637033079514488,1.2097617412318735
509,5.670394510747446,6.479766391458181,-0.8093718807112964,3.1855132564258852,0.2076883773677536,1.2599472906494722
510,6.107869290821345,6.839989116733459,-0.7321198259114681,2.381685144419439,0.19342239450219642,1.3005212016377221
511,6.29155749889107,7.073739615516292,-0.7821821166262453,3.169953925880142,0.2119018685958919,1.248352847827934
512,5.920544345233811,6.83406179565014,-0.9135174504162933,2.8241582605306768,0.17919824586026994,1.3432277278386666
513,6.350509987359164,6.965584480025203,-0.615074492666281,2.572901648689607,0.22302350434444912,1.218527701816942
514,6.285496432872623,6.928212897944977,-0.6427164650722261,2.8636897383394864,0.22781463238167993,1.2060074123896845
515,5.687266876172561,6.58934923716367,-0.9020823609907893,2.1230357537818048,0.15460163667865595,1.4234641874243996
516,6.122668511172396,6.898679359290501,-0.7760108481179486,2.5663287283412775,0.19277184781433426,1.3024229312734048
517,6.079629320499425,6.781800289979113,-0.7021709694790843,2.2922462236897054,0.1952288007888428,1.2952650808474047
518,6.025155336369625,6.799407994033512,-0.7742526576639648,2.630466321316213,0.19543063300744765,1.294680026320336
519,6.2526561528593625,6.991845292561823,-0.7391891397028303,2.931898334196349,0.2120267272380129,1.2480118237256475
520,5.910468956696622,6.723887734295705,-0.8134187775995088,2.497191825810413,0.1837872088169962,1.3291841928636574
521,5.993666465839869,6.907180501764618,-0.9135140359239813,2.001698988328327,0.1476361160069389,1.447931832360734
522,6.055419912104316,6.77883176289502,-0.7234118507894891,3.1660225413442706,0.2222381649561455,1.2205982613690607
523,6.08249810982581,6.808191446776394,-0.725693336950826,2.030413537608652,0.1794668240339858,1.3423984901148107
524,6.234610643027754,7.034952433474306,-0.8003417904456,3.3373932397690993,0.21369855051356101,1.2434595156753765
525,6.114655143358522,6.941700502426169,-0.827045359067597,2.2323214047447735,0.17101136383288418,1.36896132725982
526,5.9340358162517255,6.7655977628893815,-0.831561946637521,2.698432657163579,0.1880964460402032,1.3162312259774938
527,5.778817718633963,6.556853075935759,-0.7780353573016328,3.019276502193648,0.20795685369233569,1.2592034557261556
528,6.155824362856055,7.181073539815689,-1.0252491769597327,2.7026230062907484,0.15850571140652173,1.4101150589281541
529,6.29239994313777,6.9856292356161696,-0.6932292924784633,3.3730293273609426,0.23381891260673243,1.1905789671455886
530,5.856134101914922,6.722285698853053,-0.8661515969379252,3.0355618765829497,0.1936060362778805,1.2999852159082759
531,5.684127317160364,6.415050985098095,-0.7309236679375317,3.144612861317034,0.22022671176273878,1.22592549999615
532,5.793852964968227,6.708042820696495,-0.9141898557290915,2.1605085783225935,0.15435585009769998,1.4243131239127873
533,6.011660022091764,6.875763920034753,-0.8641038979440054,2.698024778357654,0.18274051540107766,1.3323642753208211
534,6.463029656441922,7.206222301196217,-0.7431926447543447,3.5057703467377124,0.22841006429714789,1.2044645799362417
535,5.891549726439752,6.787813851047336,-0.8962641246071144,2.3080514511810595,0.1630915943533974,1.394748829912231
536,6.333447387670294,7.0085772905312815,-0.6751299028610447,3.2289606320483664,0.23305062322726677,1.1925373280977933
537,6.187746507461288,6.929276129463023,-0.7415296220005985,3.3835580758776,0.22532088740304954,1.2125004056587925
538,6.199512212750069,6.897460908639186,-0.6979486958889538,2.8927420970515136,0.21828164777792014,1.2311102089888497
539,6.128231220471225,6.871162160156569,-0.7429309396848112,2.8678670724038327,0.209238507779005,1.2556620946433281
540,6.314641058760589,7.037820291337443,-0.7231792325774222,2.76611214496997,0.20934821947404614,1.2553596793805872
541,6.17772338328361,6.861792916359942,-0.6840695330756716,3.519285764037088,0.23954159012358947,1.1761333570566472
542,5.8875759337816085,6.752559715575305,-0.8649837817947628,2.0610485001318413,0.15761606251963678,1.4131349027502096
543,5.439057444350528,6.211564558012494,-0.7725071136610495,2.9192741558624054,0.20569670054972677,1.2654872932946257
544,6.012071785451571,6.874694557725849,-0.8626227722743351,1.891608839439808,0.15027175457085445,1.4385722458268808
545,6.591264340028847,7.332119829127091,-0.7408554890971573,2.645491758594586,0.20188227184444407,1.2762072347657412
546,6.0266577432048685,6.868181846900196,-0.8415241036955194,2.080655474406914,0.16217931316784925,1.3977794302488549
547,5.983073239480309,6.684917886761365,-0.701844647280268,2.8317822297207247,0.21551832360143416,1.238533459202748
548,6.486669319362608,7.54114943952035,-1.0544801201576774,2.733017302927669,0.15544206211806916,1.4205691164266272
549,5.9899228763315655,6.744055818758877,-0.7541329424266223,2.413814715211263,0.19077511409564538,1.3082895621538329
550,5.679058423337683,6.6331681430775795,-0.9541097197397903,2.0376775438764625,0.14332087704789387,1.4635356098889416
551,5.99167420402593,6.701466096014546,-0.7097918919880613,2.8066742381504,0.21319619442811616,1.2448247007778297
552,5.986072693888691,6.916315816265222,-0.9302431223759413,3.0868424671560923,0.18500733953261053,1.3254940562017699
553,6.197790425839248,6.924565077649344,-0.7267746518091371,2.646122213428903,0.20444645172607911,1.2689848942526816
554,5.867690212701763,6.628780432825554,-0.7610902201240606,2.054654602700637,0.17436950499758402,1.3582968639185136
555,6.293454152681097,6.997427774103432,-0.7039736214228469,2.215815806289349,0.1916668317362558,1.305664040541004
556,5.446918071283125,6.178466691985175,-0.7315486207016875,2.2642604018561485,0.18871766902546402,1.314382046831954
557,5.987093471652788,6.830350805370646,-0.8432573337186113,3.3503225755979287,0.20682019418875225,1.2623574462430511
558,6.159127899604773,6.833414684880179,-0.6742867852763084,2.4296275016206916,0.20600922721392773,1.2646154073794726
559,5.895262070253029,6.824250706655359,-0.928988636403119,2.8103836865927754,0.1763397467069004,1.352111194518179
560,6.092669670882078,6.86683293560419,-0.7741632647221195,3.098051222056272,0.211102260198428,1.2505402539182617
561,5.991180308858947,6.731647309584975,-0.7404670007254026,2.865903508222889,0.2096153173829177,1.2546239158061312
562,5.914761747317261,6.706413168637322,-0.7916514213211485,2.830662245635665,0.19941845663691182,1.2832101622391114
563,6.550789870269927,7.26749252013423,-0.716702649864601,3.2855455491924577,0.2270005325025258,1.2081214958085513
564,5.995773151991688,6.777720928631073,-0.7819477766388445,2.878905578010027,0.20271537865400296,1.273853392649064
565,6.045173544280278,6.7716554098440405,-0.7264818655639829,3.0228957661036446,0.21725257248009378,1.2338667199230458
566,5.568858950222438,6.499374626648258,-0.930515676426694,2.0966848803604847,0.14925011423012666,1.442185272250408
567,5.760648251326547,6.519576417343838,-0.7589281660175402,2.5759390939085964,0.19612050160526975,1.292683630550078
568,5.595770135370021,6.448222858344014,-0.8524527229737942,2.1143679221131055,0.16191108497806947,1.398672931397252
569,5.329907909562298,6.234985898884684,-0.905077989322308,2.377468410199315,0.16445782989382016,1.3902340072547772
570,6.0403342607496775,6.881832852910197,-0.8414985921599509,2.729715209642075,0.18754331114288145,1.3178815252481695
571,5.803910468956037,6.524620275570566,-0.7207098066137405,2.542899240859203,0.20174192990494566,1.2766044503456282
572,6.413715812426762,7.134376058829812,-0.7206602464029856,2.840293588284469,0.21234366195994248,1.2471468369174477
573,6.573548365892766,7.41930428795494,-0.8457559220623807,3.0835014758063526,0.1984549633261203,1.2859658984028404
574,5.745521660383037,6.4112125677607175,-0.6656909073781208,2.9223079881180976,0.22532781066964572,1.212482308649214
575,6.019500765505672,6.868130777070679,-0.8486300115646372,2.5045424268999135,0.1782407096472286,1.3461916736001316
576,6.090321390904155,7.03815680698553,-0.9478354160819435,2.5276595706793845,0.16361509590624362,1.393015525390333
577,5.673219343614637,6.416848922493227,-0.7436295788793359,2.32638751616542,0.18913052321563648,1.3131555956683914
578,5.795550117534749,6.539863290215113,-0.74431317267954,2.2750523977882082,0.18689286184609333,1.3198267692847925
579,6.267671763615926,7.122042797210764,-0.854371033595271,2.6445697600171574,0.18243075195815922,1.3333079923108082
580,6.297495242695749,7.275758693770822,-0.9782634510747812,2.732424981527103,0.16629274502865743,1.3842146297802502
581,6.183107092061636,7.032821623689831,-0.8497145316277965,2.9732718850126787,0.19432238029699656,1.2978980207439343
582,6.206143002269545,7.047477120708233,-0.8413341184386809,2.4346983882331887,0.176776119728728,1.350748158569232
583,6.1533847975352,6.934609915274418,-0.7812251177392682,3.022779644385823,0.20751188688713798,1.2604366515178735
584,6.032948326263085,6.878622984754475,-0.8456746584906796,2.808792774243985,0.1895671480361495,1.3118606754081574
585,6.286295515506044,6.962467291426318,-0.676171775920011,3.1959034113866753,0.2318757500447402,1.1955409418040677
586,6.297145568981268,6.9155993918015675,-0.6184538228199017,2.627701057900829,0.22436684657340877,1.2149980199565606
587,6.119507695228112,6.845662200357413,-0.7261545051296707,3.094973147111398,0.21956817604025525,1.227677180370624
588,5.862714195980534,6.683943213613386,-0.8212290176334136,2.321917620577011,0.1756391219282257,1.3543049050083718
589,6.185637165285716,6.9566424816267975,-0.7710053163409611,2.8873078197827997,0.20490546979559265,1.267698978333748
590,6.288165586826853,7.046128322202858,-0.757962735376168,2.565982803155473,0.19592145065719085,1.2932591307936783
591,6.376402835783683,7.0503666038878485,-0.6739637681039312,2.929507272973664,0.22399094935105887,1.215984177774168
592,5.790441725893306,6.739135357065205,-0.9486936311723184,1.9148309977652431,0.13868239142556585,1.4807155390185571
593,5.8964040281262164,6.574298806109635,-0.677894777983056,2.3468853100695597,0.20200908953607766,1.2758484705307025
594,5.751298192652957,6.695794205948143,-0.9444960132950655,2.4847613394295074,0.16254052676814884,1.396577943638587
595,6.098579348597031,6.7914579005559865,-0.6928785519594385,3.0469478232855796,0.22419405189458688,1.2154511960760044
596,6.104545685203465,6.867949651808313,-0.7634039666045283,2.9130030164965053,0.207091701681489,1.2616029290448323
597,6.240192789886368,7.010794460815742,-0.7706016709289543,2.8987365548778268,0.20535463137974239,1.2664427008267312
598,5.850415549510235,6.476472710847357,-0.626057161337485,2.4963552103996527,0.21794826879086188,1.2320021826545253
599,5.815047312883525,6.746590077284534,-0.9315427644005467,2.04994859491584,0.14709987873921426,1.449851700117076
600,6.020143416655646,6.8805015048037355,-0.8603580881472226,2.085866331434671,0.15942644825530866,1.4070031717887204
601,6.170865305482057,6.6574829181104,-0.48661761262883374,2.5041537646146423,0.24755459159336182,1.1563094812039811
602,6.0518049070069715,6.737033102934067,-0.6852281959263564,3.0187859390233207,0.22473695708191688,1.2140281965384228
603,5.621318985851776,6.421925082002783,-0.8006060961497496,3.0215301894510542,0.20412297835204227,1.2698923504924082
604,6.46132115356615,7.158965282144049,-0.6976441285787587,3.207199906841838,0.2282020232451485,1.2050033121964547
605,6.015578425798612,6.8756854289581675,-0.8601070031600102,2.32644531130496,0.16950020451023382,1.373811517693568
606,5.920488929006769,6.7918104964726815,-0.8713215674661114,2.0440538128595556,0.15588323892627712,1.419054118286017
607,5.553644484342858,6.257268000021806,-0.7036235156792827,2.3755906871952632,0.19836966462182265,1.2862103364615847
608,6.034744674871053,6.81758052727935,-0.7828358524075156,2.11589573307333,0.17339077899152097,1.3613890363371437
609,5.681616317740026,6.564311853409048,-0.8826955356689723,2.413077193622726,0.16931281893825662,1.3744152032613266
610,6.073249964924816,6.963156341697992,-0.8899063767730695,2.860869179632754,0.18414132731344413,1.328111341345126
611,5.384164415530012,6.255604617140126,-0.8714402016094027,2.8556006622489907,0.18693003780762657,1.3197154556668822
612,5.807709379863827,6.667782101218794,-0.8600727213552091,3.101747256591107,0.1966596654360911,1.2911269353476362
613,5.884075849440723,6.7049840279138415,-0.8209081784734735,2.074772593616215,0.16524476852242986,1.3876463227316609
614,5.698362001418008,6.4038473862487955,-0.7054853848312632,2.6495570322173414,0.20847082778487944,1.2577813901093902
615,5.653618191263394,6.6229774508009776,-0.9693592595376685,1.6602935960524192,0.12387251875602007,1.538720609218168
616,5.853645154643363,6.846401216775799,-0.9927560621326847,2.4614412891394384,0.15462671147915877,1.4233776377709708
617,5.828333122917702,6.6453306451386105,-0.8169975222217545,2.0403327212570783,0.1643434237676302,1.3906109839365115
618,5.702764173528539,6.343632209398127,-0.6408680358690617,3.0467155994517423,0.23407416290207142,1.1899293465857224
619,5.694513427208239,6.502047014035238,-0.8075335868270486,2.3139368829234783,0.17759657791126274,1.3481921838006532
620,6.017955729952536,6.677419372681175,-0.659463642728042,3.069361309391514,0.23119928931974967,1.1972752464856977
621,6.14188388012828,6.767414626432849,-0.6255307463052304,2.376609452686896,0.21333877427660267,1.2444369950935716
622,5.656333993257267,6.516845391999222,-0.860511398741437,2.902742153542466,0.1902622718481344,1.3098036388243803
623,5.986437269159996,6.795642835562131,-0.8092055664028521,3.18005482735885,0.2075523289880924,1.2603244897383685
624,6.4096111920153085,7.153136791661911,-0.74352559964791,3.002868725195791,0.21353978891332612,1.243890710039385
625,6.022228400670446,6.815975521429639,-0.79374712075969,2.5821313912140624,0.1902950636581376,1.3097067368913302
626,6.173106623349685,6.935830426126774,-0.762723802776236,2.6495054160118645,0.1981395717581848,1.286870090557491
627,5.984760288712113,6.9043999434066485,-0.9196396546949472,2.6288506900312196,0.17152998845594986,1.367304159580947
628,6.260898575743358,6.925220780929703,-0.6643222051861812,2.9136773799904976,0.22530633589513002,1.2125384437346984
629,5.800686609221902,6.59059600416693,-0.789909394944516,2.790319793710463,0.1983469633179421,1.2862754038889033
630,5.855750749342423,6.581358002150278,-0.725607252808004,2.124130319610579,0.18373398276707212,1.3293455809370383
631,6.339376203917727,6.983467399889545,-0.6440911959716686,3.010095101559509,0.23229981817747752,1.1944555504797576
632,6.180666879686232,6.834156402293683,-0.6534895226068329,2.8327058420901388,0.22469089903957654,1.2141488230629665
633,5.978070684363065,6.79969031521237,-0.8216196308494546,2.707155879694227,0.19006464161796086,1.310387909622985
634,6.468216513399984,7.3347560234576115,-0.8665395100570095,2.91244873917676,0.18959783368013378,1.3117697521482963
635,6.248538545941319,7.057392055063648,-0.808853509122855,3.274574445728179,0.21042053503022307,1.252409915669061
636,5.7296888437877165,6.558281484008003,-0.8285926402204495,3.045368988637689,0.2001267916544242,1.281190415907343
637,5.924545953222168,6.840954033185806,-0.9164080799637304,2.5745989561767786,0.17008570287438418,1.3719284817271356
638,6.021520648720998,6.91393070486323,-0.8924100561416708,1.7639980040460337,0.13967787081115604,1.4769916677393577
639,5.9264759384368695,6.714989635752911,-0.7885136973154658,2.8870848854031195,0.20184820401605302,1.2763036398376157
640,6.1606402101761155,6.813157067831927,-0.6525168576563374,2.9977375176281633,0.23028227144819757,1.1996320553092306
641,6.155936916955415,6.939918396667505,-0.783981479711656,2.629680569775383,0.1937127179109106,1.299674021172766
642,5.785667679491798,6.60628723549954,-0.8206195560069318,2.5968808116294024,0.18628436982436705,1.3216510675789366
643,6.027766560718209,6.7058288212237365,-0.6780622605056124,2.947708961575657,0.22380811405693807,1.2164642697705808
644,6.324550303059386,7.016776083911314,-0.6922257808519134,2.788641267472487,0.21583806179376006,1.2376710391623778
645,6.149903752191694,6.885592893807438,-0.7356891416166036,3.1297323995999573,0.21891226388267876,1.2294256347101766
646,6.231675766977805,7.1556235559075,-0.9239477889295813,2.378603603011179,0.16162473336597552,1.399628037870137
647,6.087630117860517,6.916700200226376,-0.8290700823654333,2.6282719465131255,0.18601230111792577,1.322468171906421
648,6.148855959351767,6.778740250448852,-0.629884291097369,3.0226526198194996,0.23546004763309972,1.1864109547358315
649,6.20726312750141,6.932363167952065,-0.7251000404503429,2.164133974310854,0.18558896112787499,1.3237413481292788
650,5.812836739256472,6.422288508659886,-0.6094517694036767,3.1348753885682044,0.24293210754440944,1.1676893169849072
651,5.947305551111658,6.7464131067477275,-0.7991075556356009,1.8969272600865512,0.16060076136789073,1.403053917722728
652,5.855977911868667,6.76169330992985,-0.9057153980611474,3.2229880121121024,0.19296492892631104,1.3018580098680688
653,5.777700859353008,6.612524261161884,-0.8348234018094445,2.230281356115638,0.16965765914791306,1.3733046451154993
654,6.312043696373639,6.940014312345152,-0.6279706159712077,3.1804894433237774,0.24065541939185725,1.1733501491299667
655,5.988405253957371,6.615236548693989,-0.6268312947368031,2.850995228003601,0.23049719259050006,1.1990790932309214
656,6.0195277412267565,6.952566956120084,-0.9330392148922328,2.093563162063635,0.14874810204982702,1.4439675551692641
657,5.8700472577229625,6.67232315906465,-0.802275901342,2.5526116164693917,0.18774810357039692,1.3172701008768113
658,6.409556816951426,7.142699076831978,-0.7331422598799691,3.2589780084267677,0.22324294433644326,1.217950077808609
659,6.0603181435790425,6.7490470019051365,-0.6887288583266127,2.388786300124538,0.20166647213548114,1.2768181048723781
660,5.772981687871852,6.6884042402904775,-0.915422552418022,2.1868297317060232,0.15526315948615826,1.4211843970226874
661,5.914353209467681,6.728942556020687,-0.8145893465534755,2.6505128351291116,0.18923735772065547,1.3128385477388267
662,6.101555152744385,6.842320555277578,-0.7407654025337251,2.987937285438587,0.21355756589410116,1.2438424165009598
663,5.714349090538253,6.47969453844355,-0.7653454479050197,2.8226293994521807,0.20373107676391033,1.2709931747307344
664,5.996236970591799,6.8562113697990235,-0.8599743992072035,2.7658214428722676,0.18576003663526355,1.3232265878712728
665,5.9417414142708544,6.601906620972979,-0.6601652067020041,2.483101577169853,0.21079014356926334,1.2513957048261006
666,5.642945648783115,6.380410170339548,-0.7374645215568307,3.237961455579393,0.22184594229594506,1.2216343246681551
667,5.487620954462745,6.382934272919403,-0.8953133184568287,2.5270622332212653,0.1716254304747373,1.3669996013171442
668,6.025946965763087,6.717700987400537,-0.6917540216381894,3.3319489649548917,0.23292791965855306,1.1928505219034895
669,6.276404836122328,6.949279453654437,-0.6728746175322158,3.3419019956815035,0.23673878803171453,1.183177550848801
670,6.014953417165106,6.794016207438265,-0.7790627902722917,3.267805622204868,0.21535907735118304,1.2389633330945868
671,5.992911042861142,6.753862902280741,-0.7609518594199471,3.3478927120067468,0.22085546203006048,1.2242565508536079
672,5.866773286355073,6.728673656596815,-0.8619003702415284,2.6149456603397887,0.18014576190774037,1.3403063684026133
673,5.932516489909194,6.720479609462782,-0.7879631195537513,3.007071584512479,0.20584256062543366,1.2650802536291839
674,5.987807224617445,6.8205571134854885,-0.8327498888684204,2.4463419904116925,0.17863244039696569,1.3449776867866354
675,6.118755954716125,6.943227054506313,-0.8244710997914808,2.2990631196544964,0.17417900683875645,1.3588977030068488
676,5.947783024277687,6.812452888831533,-0.8646698645543438,2.850823505634626,0.1878686289806143,1.316910492579007
677,5.888377568034247,6.630575658472214,-0.7421980904382508,2.99575981843895,0.2135508132675957,1.2438607605694811
678,6.1509570070575315,6.845545745073057,-0.6945887380152271,3.2078771131667008,0.22878880463556162,1.2034847101859223
679,6.476608096077161,7.419111098614284,-0.9425030025377055,1.7222090734017055,0.13052647686550678,1.5120290328417463
680,6.602276457620992,7.434593428386702,-0.8323169707655325,2.9551921638848526,0.19662889883990742,1.291215681723161
681,6.062262331963229,6.818302608125055,-0.7560402761610021,2.4399100232145443,0.19146112528444204,1.306268911849208
682,5.992659267446488,6.6968035348764055,-0.7041442674299105,3.017764877292823,0.2211829882796679,1.2233885173280505
683,5.8212630884609275,6.591655803934788,-0.7703927154734629,2.6283462833276516,0.19602786836072159,1.2929514004433353
684,6.101341478480226,6.918962651888943,-0.817621173408952,2.7443666169170022,0.19203618524261631,1.3045791691588728
685,6.235567280522464,7.024544031845121,-0.7889767513224797,2.0544793103862435,0.1696166508263897,1.373436623718615
686,5.904950818538982,6.825307915954706,-0.9203570974150352,2.0715045157247705,0.14966960743427934,1.4406994603633905
687,6.0450091054526816,6.903991537694811,-0.8589824322416462,1.724317614045864,0.14266672011269593,1.465932341292394
688,5.967941705530411,6.850939739877678,-0.8829980343480202,2.819080570284793,0.18385090339127383,1.3289911084005679
689,5.589845867426465,6.516499715892049,-0.9266538484662306,2.7255003258460846,0.17382341609924107,1.360020565316985
690,5.686473949068404,6.555277806965496,-0.868803857896637,2.5326233544093686,0.1760283792341157,1.3530853063679786
691,6.082718586377286,6.714217023183313,-0.6314984368063961,2.435298438288756,0.21450026930279742,1.2412855811943777
692,6.045180230701607,6.850499473561225,-0.8053192428606053,2.722464308258722,0.19335639796196913,1.3007139136070007
693,5.733210461336984,6.565321209573764,-0.8321107482379375,2.5879929401471014,0.18404527480405247,1.3284021947525377
694,6.07114874500623,6.756683966103115,-0.6855352210968704,2.632093887192644,0.21155578391752142,1.24929886225561
695,5.851534589465718,6.607668312786512,-0.7561337233209997,2.957010072716539,0.20981545686742822,1.2540730446494783
696,6.324918211991662,6.970722095357804,-0.6458038833652608,2.3930012199757904,0.2100212514644827,1.253507004717065
697,5.769315553301585,6.438557932999775,-0.6692423796985167,2.788004864171395,0.2201516697380738,1.226124919077045
698,6.307884770032633,6.856410572362204,-0.5485258023300048,3.3614974647369937,0.2617278429127234,1.122316618013809
699,6.234454044421927,7.009572318327326,-0.7751182739057185,2.821025790579913,0.20196216256927288,1.275981206662387
700,5.888254949232778,6.700059817507249,-0.8118048682745211,2.999506319714614,0.20151029829364622,1.2772604877681988
701,5.96546891188429,6.721982087611192,-0.7565131757273775,2.568726993563761,0.19627957843188748,1.2922240119301163
702,5.858371777745578,6.583802819608589,-0.7254310418629757,3.0431286548396415,0.21808234859618428,1.23164332701679
703,5.980255253310151,6.715725232009486,-0.7354699786983474,2.5187395036651843,0.19815651485326916,1.2868214898650943
704,6.088984240122972,6.835013976398205,-0.7460297362758865,2.817128952211444,0.20697317736480658,1.2619322188398214
705,6.2071602423011605,7.071864623484618,-0.8647043811843105,2.198989398797055,0.1635703660159381,1.3931634617953284
706,5.863246686938528,6.8797647244889895,-1.016518037550668,2.790576741939521,0.1626853218841063,1.3960968845151651
707,5.948344205682606,6.80236631289743,-0.8540221072153145,2.903437550965208,0.1913475541664793,1.3066030678919942
708,6.371436989607009,7.046832399562536,-0.6753954099558541,2.3161588143851457,0.20122035711863548,1.2780824476449688
709,5.9231957797683386,6.640785255947005,-0.7175894761785457,2.480850369758789,0.19994898215170992,1.2816969304611228
710,6.252187836761568,6.994672402141493,-0.7424845653795273,2.490807113619356,0.19583434842345235,1.2935110973603392
711,6.095969278303546,6.9315526919876795,-0.835583413684617,2.6327068235192144,0.18509102364640226,1.325241624564923
712,5.5204094186392645,6.212111651715663,-0.6917022330753753,3.165609835929363,0.22806075786008015,1.2053693251285595
713,6.00345642043796,6.734290977692094,-0.7308345572537291,3.0831933188242537,0.21835466780666687,1.2309149706388445
714,5.974922528681436,6.892086896460594,-0.9171643677791508,2.2077947712690946,0.15586389191761799,1.4191204875166736
715,6.039244672597324,6.79515515388989,-0.7559104812917212,3.101612135701618,0.21443040802934546,1.2414747831888269
716,6.072287067473571,6.920965452163696,-0.8486783846892649,2.7931998968584786,0.1885433020544879,1.314900626866544
717,5.926787384336439,6.626313008509644,-0.6995256241734751,3.534357431409841,0.23708975949554537,1.1822922503069457
718,5.8879299593391075,6.648692996068039,-0.7607630367292586,2.5336332267059696,0.19421792174785055,1.2982020271020789
719,6.129143016394682,6.970931535581446,-0.841788519185684,2.770799899380753,0.18891419738967244,1.313797980597011
720,5.370768206216798,6.181256723757816,-0.8104885175416712,3.1498672050835683,0.2064194492406445,1.2634724282834775
721,6.019352409570292,6.912875912447259,-0.8935235028766328,2.715072540671052,0.17862843338233514,1.3449900946283455
722,5.695492762195517,6.589497604235955,-0.8940048420408857,2.18119927323624,0.15827614971812595,1.410893056936762
723,5.753240445284991,6.735972143651782,-0.9827316983673882,1.2902765298794687,0.1026388291950722,1.6321930273242857
724,5.762860830293921,6.562092845069163,-0.7992320147750434,2.4518175836883014,0.1844490891040093,1.3271801739798377
725,6.33241667081349,7.1695509855660084,-0.8371343147528023,2.7587811325049536,0.18927176592204226,1.3127364641660664
726,5.856418570707337,6.689593777675665,-0.8331752069689173,2.212710601078678,0.16919227105308268,1.3748038279505017
727,5.820772368404523,6.499358755592457,-0.6785863871882611,3.583707049671485,0.24227408254541358,1.1693216029437616
728,6.32949949781143,7.074950238180708,-0.7454507403690513,3.3470433976861482,0.22358323807667818,1.2170551376779004
729,6.207601955418813,7.021489336479032,-0.81388738106034,2.4865477743288285,0.18330491787031672,1.3306478260918233
730,5.769811617228715,6.6061027617187555,-0.8362911444901329,2.4092039751289516,0.17661464149242428,1.3512522524365431
731,5.816897028960756,6.665544998924336,-0.8486479699631673,2.3586167315821918,0.17261891287381323,1.3638368714417548
732,5.975570483135943,6.660673578204385,-0.6851030950683707,2.658209939563662,0.21258325782392973,1.2464935442352254
733,5.898428943960443,6.873938486190934,-0.9755095422297018,2.01629717594934,0.13939242559356418,1.478057360951961
734,5.62328885901481,6.5161860366396205,-0.8928971776249455,2.2276664479031183,0.1603657499247175,1.4038425175359648
735,6.592169960411429,7.289155103056796,-0.6969851426456444,3.6875737930816737,0.2415685312401698,1.1710752500771895
736,6.071970487327253,6.994804237949875,-0.9228337506228854,2.7280426536972673,0.17449908427108304,1.3578884455669156
737,5.907817807245937,6.782754123330843,-0.8749363160841312,2.6240033372529616,0.17837435081293998,1.3457772922020383
738,6.037180119426939,6.681100477125039,-0.6439203576974251,2.6265203478705086,0.21931321133006265,1.2283563895155107
739,6.025513123101536,6.7829442779034075,-0.7574311548014521,2.261881653089521,0.18403283669733855,1.3284398663885983
740,6.16267876304757,6.846179249781347,-0.6835004867343741,3.11950424714877,0.22819389119397782,1.2050243776352152
741,6.5565835867373785,7.325614311774611,-0.7690307250368278,2.56888378119595,0.19408393655216227,1.298592140771219
742,5.44983155398042,6.33250144962626,-0.8826698956454493,2.9550478263131073,0.18837259953062765,1.3154086513398524
743,6.34512128899134,7.104564837073166,-0.7594435480814354,2.462112597902868,0.19172342461749883,1.3054977152807392
744,5.984619642198613,6.753276857104151,-0.7686572149050335,2.7593140743874027,0.2009778076929989,1.27877071964706
745,5.86594315978984,6.494960275286804,-0.6290171154978452,3.4059655012870316,0.2469020766379407,1.1579067892084247
746,5.812659243937578,6.520663748322345,-0.7080045043858263,2.672382854694833,0.2088275374988204,1.2567959374916722
747,6.282797264347227,7.0669696542090215,-0.7841723898627606,2.3674459991874706,0.1837091651812477,1.329420842813821
748,5.726521854254333,6.669439904856322,-0.9429180506022021,2.045299602496753,0.14525124586272303,1.4565115978616288
749,5.9569652077316455,6.8075315073882585,-0.850566299656748,2.1961728921639114,0.1656961697519405,1.3861661673885872
750,6.220830538062746,7.002102010329697,-0.7812714722667806,2.7171520840931933,0.1973039071390047,1.2892709483962246
751,5.60943213106022,6.4990271146466405,-0.8895949835869033,2.2714799326875568,0.16265713067971208,1.3961905200539586
752,5.98452168931637,6.951365777630297,-0.9668440883142466,2.1932768931844002,0.14799362945552516,1.4466548012341145
753,6.23481972218271,7.020875887753352,-0.7860561655706988,2.8590966736353156,0.20134153683282371,1.2777388079119791
754,6.0087842844668735,6.824721547952141,-0.8159372634845568,3.4700677688784634,0.21477628196056855,1.2405385033309366
755,6.319905884050986,7.150376455892268,-0.8304705718419427,2.7907108854695437,0.1914753942103783,1.3062269392361523
756,6.254024998512268,6.928480758811116,-0.6744557602987697,2.6095019427372,0.2128218348963026,1.2458435576111744
757,6.1260601485228285,6.772249745653891,-0.6461895971306149,2.523039773097304,0.21501991929452405,1.239879629941508
758,6.405281186847805,7.059405122563529,-0.6541239357156883,3.718954089061853,0.25033452308924803,1.1495372328131457
759,5.913963741991228,6.827921807647865,-0.9139580656574253,2.2840030252844787,0.1594283718957987,1.4069966845613038
760,5.95151576977516,6.790476906814941,-0.838961137039405,1.603677513230883,0.13940192189995973,1.47802188004091
761,6.324867397064754,6.9980618577352764,-0.6731944606699471,2.8590248508252056,0.22180787292234452,1.2217349554454988
762,5.94948076757284,6.845905416798619,-0.8964246492259917,2.735322134716318,0.17886977384284308,1.344243145637687
763,5.9234262244872475,6.770422584823155,-0.8469963603356518,3.152972824573034,0.20038146574464005,1.2804655141585528
764,6.29057180550355,6.900803432768729,-0.6102316272645112,2.969192622933509,0.23764299961340074,1.1808986200411329
765,6.005337433551194,6.890406191485791,-0.885068757935187,2.407639746340582,0.168730804351644,1.3762934358177297
766,5.767396179296174,6.581246087726253,-0.8138499084307114,2.274495812285565,0.174932744979769,1.356523243691534
767,5.997461419590781,6.735687552390335,-0.7382261327993547,2.569235189306978,0.19955755181586585,1.2828131332763755
768,6.03800413396495,6.825951953663644,-0.787947819699184,3.0738593622616968,0.20795016177840042,1.2592219877381379
769,6.391589669443437,7.104499821009359,-0.7129101515665752,3.103083275285636,0.22223579273375405,1.220604523699973
770,5.614502298953102,6.340274513751968,-0.7257722147987806,2.949205029549921,0.21501751390354149,1.2398861322586263
771,6.4296995852301,7.222466961460849,-0.7927673762296763,3.081329423501119,0.2073493852867788,1.2608874920218975
772,5.856838474207525,6.720966506841119,-0.8641280326337437,2.8868912996421248,0.1891517064888281,1.3130927205350167
773,6.130361849362107,6.815730330353713,-0.6853684809912011,2.4930614320174467,0.20638692196756428,1.2635629969914381
774,5.786856394250226,6.489649313518836,-0.7027929192690863,2.48516369561068,0.2028347561047169,1.2735166838476117
775,5.883515047766213,6.710540676823836,-0.8270256290570615,2.5852919231926936,0.1847912110158878,1.326146395087412
776,5.903365652950942,6.678051234279149,-0.7746855813284128,2.3669490246913085,0.1853235502425128,1.3245406551791954
777,5.836552483900977,6.573172539660998,-0.7366200557589764,3.2328458287080473,0.2218466039562259,1.2216325757761106
778,6.565782660764871,7.351728404176352,-0.7859457434124124,2.75800992089645,0.19791919806075906,1.2875025020970459
779,5.7595169688848,6.504867260338056,-0.7453502914531782,2.8291358866940453,0.20750219866676445,1.2604635231004113
780,5.990659519006858,6.717143998690073,-0.7264844796827674,2.5897316207181955,0.20243746581206795,1.274637816745568
781,6.078703148813492,6.968546071247932,-0.8898429224336724,2.8068423972312377,0.18234747898594067,1.3335618921248944
782,5.934752579778451,6.771050372110569,-0.8362977923325161,2.3848304874622475,0.175661036762278,1.3542361891868548
783,5.50514298310647,6.214802665496453,-0.7096596823903383,2.2909939742086713,0.19380052307665974,1.2994179842684226
784,5.6627113523373005,6.491287834196282,-0.8285764818592725,3.102787898618983,0.2019175124834229,1.2761075233557604
785,5.15822639379714,6.07671354547956,-0.9184871516818021,1.6744632278853668,0.1315030259171179,1.5082012561061273
786,5.624143374821887,6.4582730074590025,-0.8341296326370866,2.9304883261834913,0.19552442535047773,1.2944082995970745
787,6.3304355886075605,7.101405309578627,-0.7709697209711521,2.831916552445062,0.2030570983462993,1.2728899433942702
788,6.189080432137434,6.911052577043652,-0.7219721449064309,2.9330915440756407,0.21518465875390774,1.239434426515902
789,5.964280259027891,6.821652400810233,-0.857372141781525,2.8946467588118843,0.1905096912150809,1.3090728019344595
790,6.075955336577881,6.920518945563263,-0.8445636089854816,3.386179948830671,0.2076241808994719,1.2601252553563211
791,5.861532908907993,6.606581668456254,-0.745048759547899,2.9242992890193396,0.21072615022555397,1.2515712112855522
792,6.339551886455428,7.21935831255573,-0.8798064260990941,2.5605168831081073,0.1752992864041093,1.3553713076096507
793,5.87214961745487,6.653123106796794,-0.7809734893426139,2.9382558314951677,0.20483869178901143,1.2678859232456017
794,5.898484078629753,6.708220539279846,-0.8097364606501287,3.0030655142664457,0.20197571273708595,1.275942876778483
795,6.296818784789156,7.037756517838762,-0.7409377330495772,3.507805434761581,0.22886798567693334,1.2032800005035227
796,5.642712804253296,6.689012024957233,-1.0462992207030766,1.9310709841283753,0.1262913461494656,1.5288914904612272
797,6.210222640578667,6.9548873579547426,-0.7446647173755991,2.3913774067447857,0.1915648660124846,1.3059638068098016
798,5.754443950498189,6.6229129730817355,-0.868469022584577,2.450312465746114,0.1729918836765843,1.3626530418866087
799,6.005252747765571,6.583284986599271,-0.5780322388336572,2.9770061211638,0.24437298179249575,1.1641259299677962
800,6.007913473411481,6.756206349344733,-0.7482928759336573,3.235354860371922,0.21982953613774378,1.2269815216816296
801,5.696527928117593,6.607269321172215,-0.9107413930541952,2.3792882062452705,0.16365954591511944,1.392868544839608
802,6.270767808272485,7.085556592759627,-0.8147887844879733,2.571128165742163,0.1863183892624783,1.321548959002674
803,6.339040204335124,7.261549527069814,-0.9225093227341858,2.763269526316746,0.17575206309746022,1.35395083680815
804,5.917745114365079,6.780376535175048,-0.8626314208095209,2.3824340583582018,0.1713065154452036,1.368017765044504
805,5.874040819067904,6.885043110358719,-1.0110022912913337,2.3446347177061924,0.1476930889487167,1.4477281679375686
806,5.994790189953182,6.730128835432861,-0.7353386454797146,2.929833501537116,0.21265308637531177,1.2463032467035253
807,5.972510272568815,6.783504400628733,-0.8109941280590647,2.1662177069733506,0.17086088930765356,1.3694428446381093
808,5.858109446086946,6.790957813295979,-0.9328483672097718,2.415394682363365,0.16168919095656303,1.399412932577304
809,5.677416429261957,6.499632555932461,-0.8222161266703552,2.547426605275307,0.1841971555650243,1.3279423412902984
810,5.898774384280859,6.523235323975836,-0.624460939695382,2.581342210170927,0.22147145156143022,1.2226247740011285
811,6.873821213349419,7.722771309544118,-0.8489500961950398,3.4242588453965475,0.2079693528168038,1.2591688428820118
812,6.098848875835774,6.710295085473181,-0.6114462096375064,3.3516037311780575,0.24882095453117575,1.1532179089580712
813,5.656109748900253,6.426519229438096,-0.7704094805376371,2.0723676848954113,0.17356924757969414,1.3608242149379217
814,6.325419648498627,7.179535585032863,-0.8541159365349813,2.549076592130378,0.1790055608323407,1.343823214245795
815,6.08380808566837,7.034103345904253,-0.9502952602351797,2.598921790487111,0.16581147831586848,1.3857885544611948
816,6.330534124242167,7.0400189633903985,-0.70948483914799,2.616987177260281,0.20654796375516832,1.263114694706066
817,5.320454058201012,6.2513739111772715,-0.9309198529754212,1.8989424565779185,0.1404861678942111,1.4739830019073588
818,6.3014865313298465,7.165365090805398,-0.8638785594757792,3.0321269462090648,0.19386877116409107,1.2992190339661398
819,6.5194954965745815,7.237525075303633,-0.7180295787293289,2.879626318002769,0.21414238091996715,1.2422553031676586
820,6.08243935608154,6.885227315706299,-0.8027879596247658,2.283406310112481,0.17714697250452685,1.3495917482756907
821,6.030871117016449,6.728106187889811,-0.6972350708729209,2.2887766646381067,0.19599655471970168,1.2930419380550748
822,5.944290213918993,6.803414709265002,-0.8591244953458954,1.9751414032590375,0.1546814635455228,1.4231886893745878
823,6.167912574418569,6.874655861600832,-0.7067432871826895,3.1748185357829524,0.225553186823995,1.2118934054339843
824,6.3821350894304665,7.209967520558354,-0.8278324311286269,2.2077192421038596,0.1698535986448129,1.3726743757085005
825,5.417502676084968,6.131014356715692,-0.7135116806311999,2.9097006612845426,0.2159659257414681,1.2373264131907347
826,5.7195026147319545,6.404900385593432,-0.685397770860618,2.4688670419339402,0.2054473172490382,1.2661837127704252
827,5.861542056166417,6.659856151282224,-0.7983140951155292,2.4679873429642925,0.1852268760512241,1.3248320079374467
828,5.632387867296547,6.496823767823653,-0.8644359005274964,1.7128453307742895,0.14126738874263686,1.471087745242313
829,6.0884304251522,6.794971670303088,-0.7065412451511293,2.3296511780360127,0.19596803286308617,1.2931244129624455
830,5.440982638951954,6.237918739736767,-0.7969361007835687,2.5444624919903784,0.1883538848579646,1.3154643683678244
831,5.942590479242444,6.7101102598408,-0.7675197805983771,2.4397097417608773,0.189439240084998,1.3122397906127845
832,6.279505050785719,7.008855288009354,-0.7293502372240255,3.3262305297813537,0.22587898476592144,1.2110428443533958
833,6.051515053312887,6.872464605049739,-0.8209495517376126,2.5591232648560283,0.18484214625682438,1.3259926068533021
834,5.857186540305538,6.5979828423718025,-0.7407963020659736,2.2246135837971117,0.18539393715979616,1.324328596653273
835,5.972984145779282,6.8374070814478465,-0.8644229356686992,1.8796728406859273,0.14943289309864458,1.441537492653476
836,5.769989100959737,6.553466686962185,-0.7834775860019363,3.0534693286193466,0.20808805780458145,1.258840197645073
837,6.31809414921101,7.04846755635938,-0.7303734071474537,2.402741441716598,0.1945755433522284,1.2971617359456886
838,5.945911806032218,6.870690489142024,-0.9247786831101621,2.2706084836605314,0.15726326593971815,1.4143360193458558
839,6.217724409774764,7.029813126560217,-0.8120887167851834,3.2278452413049337,0.20849131131264512,1.2577247688910902
840,5.7220625974205355,6.470878142917432,-0.748815545497564,2.510201376045492,0.19544571452766546,1.294636327049446
841,6.049380814081832,6.891873058567523,-0.8424922444855838,2.563931510994813,0.18145062305590262,1.3363018776394116
842,5.79607495528764,6.880533773640106,-1.0844588183517772,2.2814279662066212,0.13545024148605014,1.4929501300794152
843,6.2801359383347695,6.973795693308187,-0.6936597549729413,3.028745642625207,0.22347580866768016,1.2173375614833972
844,5.745618073512578,6.5547585834345234,-0.8091405099221447,2.06660977060152,0.16680891227668207,1.3825303693746829
845,5.747941311872655,6.652279475783761,-0.9043381639121435,2.0009596197679578,0.14896378406984112,1.4432012622543196
846,6.3858324683651695,7.003163407321519,-0.6173309389560018,2.724249850374921,0.2280384149237982,1.2054272295692314
847,6.1340146137609,6.995371418818916,-0.8613568050568574,2.2455284836683713,0.166026724803603,1.385084192669882
848,6.067773453831268,6.782085920175614,-0.7143124663443814,2.272759467710724,0.19218958409469605,1.3041290543968798
849,5.9757266110082305,6.815638465295155,-0.8399118542865835,2.2509473285974977,0.169687644065417,1.3732081586803224
850,6.110299969757779,6.909822852754683,-0.7995228829968255,2.1307928994607916,0.17123609551927657,1.368242777966706
851,6.075818460559294,6.719589170481289,-0.6437707099212275,2.961795449188637,0.2308218334271755,1.1982445322093673
852,5.922347238546553,6.607337792076979,-0.6849905535309517,2.247486806891775,0.19653901487174424,1.2914750106771051
853,5.946459135270761,6.800027462616921,-0.8535683273457835,2.6112515293228693,0.1813647346456415,1.3365648022357217
854,5.929935937595491,6.758989831979104,-0.8290538943838328,2.5691972990601997,0.18386321789814628,1.328953783778357
855,6.314428856489048,6.9945424763653925,-0.6801136198764652,3.1566314164164844,0.22995727631858093,1.2004689197697769
856,5.639553354930303,6.408132776007957,-0.7685794210774475,2.888268162527339,0.20536327944382574,1.2664185323275998
857,6.639104388340474,7.317971029903649,-0.6788666415641273,2.6259598102548445,0.2125891229073746,1.24647755890921
858,5.864496474358038,6.567042577281168,-0.7025461029224971,3.277876499481833,0.22937407368243784,1.2019727818193096
859,6.068081673532124,6.87966046097873,-0.8115787874457965,3.2943251148687835,0.21053285927769133,1.252101560173944
860,5.800036790269605,6.648072998572257,-0.8480362083028012,2.390133072647341,0.17395654299002908,1.3595999847421067
861,6.345754847454391,7.142132404896099,-0.7963775574417014,2.830966638503371,0.19861536554523945,1.285506446331789
862,6.0313801565862555,6.795970194326014,-0.7645900377392536,2.2721798833047284,0.18321276984202545,1.330927797010798
863,5.869721310850782,6.609087497553585,-0.7393661867026822,2.231056206766384,0.18592164900382857,1.3227406237302963
864,6.089431346397777,6.838159109450739,-0.7487277630525568,2.668938861129762,0.2013183886400816,1.2778044395734534
865,6.334390782855753,7.076054714528677,-0.741663931673429,1.9726553776710603,0.17394311977532725,1.3596423810754832
866,5.568765362648282,6.315286566284602,-0.746521203636803,3.196773793458732,0.21899744252214817,1.229198363050917
867,5.988751447289378,6.514437373290523,-0.5256859260016427,3.266487175245974,0.26382826266402115,1.1173884704866561
868,6.038373821605109,6.933320895942575,-0.8949470743382335,2.475586642529967,0.16976782302574212,1.3729502190104228
869,6.408744823877004,7.1825361533122525,-0.773791329434971,2.6712925239314096,0.19698087017460844,1.290201025550516
870,5.642646310490836,6.426588681830484,-0.7839423713394353,2.1579353948160733,0.17503948859687105,1.356187592930925
871,6.455126984560611,7.094094517872737,-0.6389675333120977,3.6099125382577864,0.25043199726807824,1.1493007298210023
872,5.733013258706723,6.466336282768051,-0.7333230240601551,2.7729833342148638,0.20774501457945316,1.2597903147523957
873,5.87833499368573,6.632270442176949,-0.7539354484915748,2.991167635158771,0.2113067333202659,1.2499803286772775
874,5.955560143851489,6.90068741882239,-0.9451272749720374,2.059052812953965,0.14552335206539427,1.4555272493336295
875,6.1282665814942625,6.873981014080872,-0.7457144325862828,2.6453490004504516,0.2010071294696294,1.2786874823208965
876,5.795321284786059,6.571106636111185,-0.7757853513248847,2.549763824222639,0.19219454361794577,1.3041145061895467
877,5.802050400638127,6.745014927780073,-0.9429645271420668,2.267736596242033,0.1544475556650923,1.4239962567219147
878,5.7585879953340005,6.512348089940435,-0.7537600946070597,2.5089280306317843,0.19452017448469489,1.2973227074762792
879,5.614811527207184,6.555643376869266,-0.940831849661663,1.7967833973531935,0.13433592418079596,1.4972203798036947
880,5.986453746862953,6.664637132774278,-0.6781833859113249,2.5964699466547803,0.21163587870621184,1.2490798255870998
881,6.262532506610132,6.963169824058124,-0.7006373174481269,2.725938091710036,0.21209221657567587,1.2478330119217338
882,6.0035690697641435,6.962145842211992,-0.9585767724483958,2.526463520422494,0.16197418034911576,1.398462652508133
883,6.023060713519062,6.824295967885693,-0.8012352543664747,3.3532849989791416,0.21400073318279764,1.2426394298230323
884,6.195165430699507,6.981720167405438,-0.7865547367055115,3.468313869260081,0.2197620413462692,1.2271611147918888
885,5.7934943773489245,6.551155204697036,-0.7576608273484453,3.1259689467472924,0.2148694180571006,1.2402865699203922
886,5.788683401431644,6.625760883959966,-0.8370774825289118,2.7538963720937026,0.18911275619550577,1.3132083348533359
887,5.640266815778904,6.351027551405043,-0.7107607356256267,3.205325204904806,0.22572804771396016,1.2114367869365317
888,6.376177562289758,7.384755538101654,-1.0085779758119315,2.452496782141692,0.15205389890575227,1.4323142772590634
889,5.979607315382982,6.807655161591246,-0.828047846208392,2.5438245953564333,0.1830923225977704,1.331293906063758
890,6.2198111516254535,6.999463158503378,-0.7796520068786776,3.149206017170444,0.21171308464776312,1.2488687458101253
891,6.343307202777414,7.0715836530181555,-0.7282764502397185,3.336069013280291,0.2263550227481884,1.2098016244583993
892,6.360908034800577,7.200302567279959,-0.8393945324796732,2.7041675537300964,0.18699874574315667,1.3195097708918835
893,6.226860424895694,6.837064591632558,-0.6102041667363665,2.8451000841324223,0.23359419967526124,1.1911512852416504
894,6.024776605282586,6.914731672310868,-0.8899550670294047,2.7096057440270087,0.179003462206125,1.3438297026010788
895,6.117035106840394,6.752730116221887,-0.6356950093822888,3.0861165553825884,0.23629870973460818,1.1842889290899181
896,6.015256595456794,6.841599949903856,-0.8263433544479994,2.7583397511309364,0.19105468896744787,1.3074654280714437
897,5.781033222737296,6.470628728809071,-0.6895955060717824,2.8794212915393818,0.2193979893555855,1.2281304835801292
898,6.040580096560934,6.789023691904649,-0.7484435953438151,3.2532745135528405,0.22033130046241028,1.2256476439324613
899,6.217428298195973,7.134428587014188,-0.9170002888176896,2.5627014575627207,0.1695639196204952,1.373606365682136
900,6.032548353305192,6.785571437301673,-0.7530230839965952,2.8787835066158802,0.20779937715984914,1.259639672423922
901,6.145974430209225,6.974427298306953,-0.8284528680978838,2.8106136927559877,0.19248938766702278,1.3032501095991227
902,6.1041254066031065,6.8695835144611515,-0.7654581078577394,2.5460860244140395,0.19386020317718722,1.299244007720046
903,6.103098608389718,6.920214802043294,-0.817116193653419,2.5266203816071027,0.18427459680554217,1.3277079784203742
904,6.313663383044531,7.13864237476135,-0.8249789917172166,3.1042764166589105,0.20256842930500318,1.274268067484029
905,5.832270732692468,6.820059796289268,-0.9877890635971198,2.8909339394597353,0.17013092604122224,1.3717832406300685
906,5.93388566580963,6.743780518183154,-0.8098948523738727,2.721108944513256,0.1925317090860529,1.3031261154601097
907,6.392443080877474,7.089745243850732,-0.6973021629737559,2.7249197437394077,0.21267635206395463,1.2462398528172864
908,6.235219235769382,6.999697534135937,-0.7644782983661571,2.8482105698933697,0.2047477003569818,1.2681407249453545
909,6.350148972866936,7.110642038309951,-0.7604930654424606,2.674025896093447,0.19941316224726904,1.2832252783770899
910,6.370038879737894,7.227793745657532,-0.8577548659204695,2.5064997326997194,0.176833826386555,1.3505680963247204
911,5.884463648881155,6.649292918582393,-0.7648292697012948,2.7578742544030206,0.20160092164174287,1.2770037548120257
912,5.588819302579413,6.330928062896778,-0.7421087603170236,2.281267488023028,0.1875426379211697,1.3178835360186447
913,5.597618395889203,6.366552740642181,-0.768934344752779,2.191748246655129,0.17906561012919392,1.3436375828651907
914,6.301051844612648,7.144931510419081,-0.8438796658065257,2.5926291753170965,0.1822732778492308,1.3337882043080962
915,5.778856435355937,6.6354366458775225,-0.8565802105213152,2.0311091512121457,0.15760263744186587,1.4131805719077895
916,6.041686771342956,6.595765278840222,-0.5540785074963424,3.2410713909725395,0.2572196948149465,1.1329870423872952
917,5.92349355967146,6.633054906111287,-0.7095613464389317,2.544205221671753,0.20383306803310997,1.2707065401277866
918,5.87772142147789,6.7846344589717695,-0.9069130374937231,2.41326464928936,0.1655526825525584,1.3866363360045877
919,5.9931480844061475,6.819166800458422,-0.8260187160522037,2.2130723831979235,0.17037494952075868,1.371000020901281
920,5.890020554213169,6.666120235186039,-0.7760996809720382,2.2372337594877436,0.17976257510926227,1.3414864223950411
921,6.168519399495398,6.994462379637607,-0.8259429801419174,3.0176364427812903,0.19969665636218809,1.2824162797055967
922,6.033081211098779,6.638715653275458,-0.605634442176779,3.216340662787278,0.24610325988141035,1.1598662642239426
923,5.824336488371063,6.619206678091889,-0.7948701897212231,2.146030307817906,0.17267815079209173,1.3636487193930396
924,5.504548413179709,6.204452095091003,-0.6999036819115645,3.378468550064122,0.23273855169942492,1.1933341024914699
925,5.503059291554582,6.347063986076005,-0.8440046945206632,2.9417619369312202,0.1942493289169076,1.2981106100115671
926,6.042071055391734,6.727341941952719,-0.6852708865599197,3.16422350008947,0.2292193764208305,1.202372144796879
927,6.498685738435615,7.276843289212106,-0.7781575507760863,3.080628084731062,0.20986343972100485,1.2539410314507564
928,5.4891237291012835,6.313394761200907,-0.8242710321001141,2.3302906380512862,0.1754731780979259,1.3548254436414815
929,6.247748491373404,7.153655936556451,-0.9059074451834022,2.428695491710995,0.16629592496341666,1.3842042415868199
930,6.010599961903626,6.933191002083721,-0.9225910401810324,2.3141921946310955,0.15932104159608265,1.4073587325947183
931,5.6853991795624275,6.473839378919077,-0.7884401993569554,2.6744012695156574,0.1945501551089739,1.2972355419221204
932,5.415535976490919,6.258816208256125,-0.8432802317656751,2.527861389172166,0.17998620441574986,1.3407975114405895
933,6.2734838943915925,7.048152319757339,-0.7746684253661442,2.2188953805642075,0.17923477272919094,1.3431148965069732
934,6.041785096245821,6.6004664392072705,-0.558681342960881,3.3465620289460496,0.2592404093557844,1.1281882874238365
935,6.102232083841972,6.943737738975155,-0.8415056551330053,2.445924505125495,0.1771795545720439,1.3494902355813962
936,5.845672695254525,6.767084144883231,-0.9214114496289767,2.2466379180589318,0.15680555711706343,1.4158973630826621
937,6.151136029211575,6.838611683950784,-0.6874756547385914,2.7711956464931884,0.2161263135850021,1.2368943346878865
938,5.6617927286688605,6.470431004465741,-0.8086382757965112,2.5437063801090396,0.1863389421712656,1.3214872765866919
939,6.323133612369947,6.990384330091114,-0.66725071772089,3.030711736197592,0.22850761893298058,1.2042120778918541
940,6.1375227789467495,6.995710415813949,-0.8581876368671146,2.8047705398623854,0.18737791563585302,1.3183756867912857
941,6.006014726496705,6.739927087605633,-0.7339123611091054,2.866654233602956,0.2108216559129312,1.2513092940645574
942,5.86936545499977,6.740848382220722,-0.8714829272203133,2.3456362557336217,0.16845340319562793,1.3771903544264423
943,5.4810259842743285,6.305366700348674,-0.8243407160744027,2.3074865772074897,0.17454214186331712,1.3577527833175431
944,6.5029872406658065,7.256845697030993,-0.753858456366288,2.809574979714318,0.20531984537457074,1.2665399237607293
945,6.147903081062413,6.897788547694926,-0.7498854666328043,2.6418380880587016,0.20013618872331893,1.2811636562221145
946,6.38362013275766,7.165798803432271,-0.7821786706745115,3.179628381278599,0.21219456887349555,1.2475536295295917
947,6.014838561985943,6.726655354257002,-0.7118167922717475,3.199321592016924,0.22535532424540142,1.212410393713187
948,6.151704174949391,6.885071280024736,-0.7333671050746489,2.9967665373200028,0.21517346757634184,1.2394646625589123
949,6.0130980647000065,6.688135813292224,-0.6750377485923309,2.699172526981144,0.21594923304554167,1.2373713959263188
950,6.017842393594055,6.660099718353816,-0.6422573247591572,2.650937555385651,0.2205233074686262,1.2251377937783932
951,5.779776340625194,6.597535411978431,-0.8177590713539757,2.7853108791444487,0.19342383378963066,1.300516999411357
952,5.9375579951029245,6.607895024216557,-0.6703370291133979,2.9267866281540336,0.2245900186513496,1.2144130916637221
953,6.061289696333024,6.798849235323477,-0.7375595389903538,2.905681112695431,0.21145938847237433,1.2495625561265502
954,5.89263811099956,6.61051686842168,-0.7178787574221133,3.3078460649705015,0.22743151145848384,1.2070016424082608
955,5.854265657478226,6.710730833929997,-0.8564651764527298,2.6764237314685744,0.183221018244211,1.33090273185716
956,6.234495353585789,7.028852262375171,-0.7943569087892683,2.1146140432989977,0.1713920234623988,1.3677446341962518
957,6.352410171503852,7.196686863209511,-0.8442766917050903,3.1354604482024815,0.20029923565445576,1.2806994994895369
958,5.862332797038125,6.55599998288395,-0.6936671858456975,2.471624869203625,0.204006766142764,1.2702186219507297
959,5.764345270335998,6.553477362688117,-0.7891320923527019,2.0206904849045646,0.16805569618902746,1.3784781929170011
960,6.2458631941817835,6.894876373572959,-0.6490131793916589,2.6232877163463506,0.21820598387797402,1.231312565946636
961,6.166993706865487,6.9253423711635484,-0.7583486642970456,3.2300361042143066,0.21788480375402106,1.2321720979185689
962,5.7451586576417135,6.750097072592485,-1.0049384149506295,2.0859455939737526,0.13828045336925307,1.4822249371476768
963,5.770182037260401,6.56788500590741,-0.7977029686471724,2.61176795877328,0.19070342076991342,1.308501043784691
964,6.361497208085002,7.078535719791734,-0.71703851170696,2.7473307277346777,0.20981724599328544,1.2540681219107916
965,6.3268393767021,7.071898109166501,-0.7450587324638036,2.7927222935924885,0.2063134815635199,1.2637675220581672
966,6.136695698902276,6.79279397413757,-0.6560982752353084,3.2569341393879316,0.2374761635990868,1.1813186439055792
967,6.0408014962040575,6.750587127206156,-0.7097856310019779,2.295541943594035,0.19396641447629642,1.2989344829004967
968,6.176722924918085,6.887909638557847,-0.7111867136400178,2.4299349711233074,0.19913904580739103,1.2840083156958368
969,6.02836959273829,6.853246769630427,-0.824877176892187,1.7517215774927415,0.14929970455539568,1.4420094612567194
970,5.949652424370488,6.645469572271789,-0.6958171479009252,3.08932282255817,0.2249668075742586,1.213426479417996
971,5.991210889571466,6.8150983061058845,-0.8238874165353991,2.447317235805073,0.1801358126625856,1.3403369842919977
972,5.917211327959212,6.734321844414371,-0.8171105164547043,2.761995588333294,0.1927321742795146,1.3025390605542746
973,6.5024828514106225,7.182352618658019,-0.67986976724751,2.562443543389108,0.21005287320907698,1.2534200644086735
974,5.64089107060774,6.413795975931048,-0.7729049053232302,2.01779919896021,0.17066082645699526,1.3700835364234598
975,6.070040614116824,6.8617436859605085,-0.7917030718444948,1.905644463760325,0.16223824222647154,1.3975832797412724
976,6.359866287434688,7.099018367438877,-0.7391520800047147,3.059025190733646,0.2161003619766745,1.2369642316343508
977,5.946652107581048,6.730657021213066,-0.7840049136311791,2.792508183224042,0.1994433756773292,1.283139019230694
978,6.0223417278730444,6.6441267868282985,-0.6217850589555383,2.617696452378331,0.22334033803256492,1.2176938420375423
979,5.937445882159427,6.8471067309614035,-0.90966084880165,2.7944406744710975,0.1788041430668493,1.3444461987094727
980,6.053374130299762,6.88649611116519,-0.8331219808642345,2.8386499152122884,0.19265536761324137,1.3027639329809866
981,6.155900231542564,7.019147104090084,-0.863246872547279,2.7269987758013325,0.18388948249647286,1.3288741833478284
982,5.500415844224353,6.377990756942577,-0.8775749127180461,2.6112737689670507,0.17749574224206127,1.3485058426832441
983,6.171555788272617,6.889416904422053,-0.7178611161489243,2.343816954619678,0.19447534344834963,1.2974530674552376
984,6.484459297249504,7.320093568381996,-0.8356342711313118,2.5053037651087404,0.1803980232800283,1.3395305272509785
985,6.0181573000281965,6.715137019251667,-0.6969797192232363,2.126130929890664,0.1890269318942287,1.3134631450475684
986,6.0576221646552035,6.93608273928545,-0.8784605746304806,2.4231664601217133,0.17036780987033112,1.3710229244392975
987,5.660835381717352,6.364641274484978,-0.7038058927682869,2.4723995388616498,0.20215473002094514,1.2754366595424935
988,6.273342272000281,6.831805612379963,-0.5584633403786938,3.144946107492151,0.2535213560877793,1.1418380185370063
989,5.976680494905867,6.814964009509897,-0.8382835146039724,2.483873846337552,0.17915371988151216,1.3433652915162508
990,6.3502608935605345,7.017901719177683,-0.6676408256180366,3.221884822788418,0.23425605295849578,1.1894667365318574
991,6.451064147726374,7.3416061113777324,-0.8905419636521401,2.3891211704045183,0.16715981838385716,1.3813875937927127
992,6.171495221716231,6.894235043622533,-0.7227398219065435,2.740442173385059,0.20853500064721103,1.2576040149143497
993,5.496056127989522,6.3666703603869585,-0.8706142323981112,2.8627694305347795,0.18730168310779213,1.318603559469307
994,6.133014025016582,6.858217941887585,-0.7252039168715783,2.257485314244164,0.18957403731302325,1.3118402611557423
995,6.139005985263811,6.716489926418472,-0.5774839411542416,2.630700395134726,0.23276398451571495,1.1932691396100281
996,5.839446970991975,6.578477294886657,-0.7390303238944398,3.013469332421124,0.2146848132179631,1.2407860032036353
997,5.752377693475882,6.573831903349106,-0.8214542098730817,2.7438157768289315,0.19137208203137857,1.3065308881228705
998,6.070914444660065,6.890622122758504,-0.8197076780988937,2.618357802317755,0.18721804611690432,1.3188536442067826
999,5.968717874882731,6.6766728841908325,-0.7079550093085345,3.081717691649585,0.22248576868636943,1.2199448856701418
