,logR,logI,logS,d_G,p,sigma
labels,$\ln\mathcal{R}$,$\log\mathcal{I}$,$\ln\mathcal{S}$,$d_\mathrm{G}$,$p$,$\sigma$
samples,,,,,,
0,8.988413616549831,11.788855746932665,-2.800442130382635,2.378094382323855,0.027157069777635795,2.209252691151624
1,9.217360081095801,11.7640081608676,-2.5466480797713302,2.9082040257981845,0.04273736062430085,2.026267687371796
2,8.465793400989849,11.187075006355538,-2.721281605365675,2.681023470232894,0.03339838982379399,2.127261161831054
3,8.654402705528508,11.339281038807048,-2.6848783332789026,1.567716203692843,0.01916065638656943,2.3423904834052625
4,9.04672247817977,11.661422619489596,-2.6147001413096405,1.96104356192863,0.026355083561334404,2.220939143186673
5,8.437803900784427,11.191380942633561,-2.7535770418489847,1.4855444162661442,0.01677742591835344,2.3915494017208414
6,9.173691214340277,11.5113637090999,-2.3376724947597722,1.9093575867700956,0.03387062796796634,2.1216085004604657
7,8.625421038557004,11.25139483641588,-2.625973797858933,1.0992175624699279,0.013771604508717596,2.463166244121674
8,9.090518150544238,11.778781996630588,-2.6882638460861017,1.8451966910263948,0.02288342597653784,2.2753752968844423
9,9.196524212104276,11.692886611786829,-2.4963623996823117,2.5706501403138304,0.03942115950352809,2.0597634584123274
10,8.524385349482753,11.270828767963355,-2.7464434184803395,1.9420477663276365,0.022839007202909198,2.276117010899835
11,9.014017715823382,11.431399164104388,-2.4173814482810485,2.453274666011918,0.04048532683884137,2.048762678818174
12,8.384603168245274,10.915201176036302,-2.5305980077910135,3.284354460120575,0.0490609759246308,1.9680613786283607
13,8.801781120053118,11.506129167186327,-2.704348047132953,0.7728822288994408,0.008530479895064884,2.6303189286110977
14,8.840946444381796,11.384276954072565,-2.5433305096903496,2.5647786997267517,0.037630089292388064,2.078861423508296
15,8.784054623642685,11.352703851471585,-2.5686492278287005,1.898144333563561,0.0266485423713123,2.2166277104455245
16,8.560640306588692,11.207480666758538,-2.64684036016979,1.5203047682170485,0.019275913287678702,2.340151607858503
17,8.198694129601943,10.920064692701853,-2.7213705631002085,2.1041871732977704,0.02560276053434645,2.2321846647422507
18,8.632899964471715,11.208343690574804,-2.5754437261030034,2.1078539646734136,0.02963109747242578,2.1749869080742306
19,8.641510025351334,11.154821093471003,-2.513311068119947,1.647957423536564,0.024218381741805205,2.2536470368115076
20,8.68765825241341,11.244822173034553,-2.557163920620951,2.4272750712548685,0.03505189908070966,2.1077583285115122
21,8.849040814858807,11.397472169716874,-2.548431354857712,1.7843452697305189,0.025445730248671517,2.234567899311179
22,8.365444720144449,10.909739440918333,-2.5442947207739053,1.1620931821099774,0.01603018178687093,2.408227649249191
23,8.433957723801694,10.982148869418221,-2.5481911456167836,1.428749161218846,0.01999731795836541,2.326398192671824
24,8.62827596884851,11.146067552639298,-2.5177915837912224,2.1031986683134427,0.03129418659526667,2.1533117419035497
25,8.594783044563126,11.235403670661558,-2.6406206260985527,1.3687654377823897,0.01727451065627201,2.3808123172865012
26,8.62687757508608,11.060044815420422,-2.4331672403341145,1.4349704692614544,0.022725798190968417,2.278013081866638
27,8.630040930401417,11.153218752398569,-2.523177821997251,1.419220928802524,0.020391637876165682,2.3190626813786994
28,8.615714122097113,11.409004060664106,-2.793289938566886,1.7071457441084021,0.018832823833712813,2.348823654186032
29,8.196448324599412,10.637027984705231,-2.4405796601058682,2.2655756832527985,0.036486859632051935,2.0914598757920806
30,8.55449198366038,11.2106875597046,-2.6561955760444107,1.4476973049077557,0.01807794371474119,2.3640178053582135
31,8.133823862254001,10.983603232775234,-2.8497793705214463,1.9462537726888343,0.020634186372528764,2.3146118026368048
32,8.785036113525774,11.5323827909077,-2.7473466773817563,1.8881619565862273,0.022111180644254158,2.2884525452573246
33,8.606343488128157,11.2215900318316,-2.615246543703506,1.7319924503835935,0.02299891047332132,2.2734527490587544
34,8.793045300188322,11.480664743618629,-2.6876194434303216,2.561297570301832,0.03280459195609402,2.1344667581710435
35,8.562475912593225,11.15394580942272,-2.591469896829949,1.2423498267205417,0.01637369719192366,2.4004775029414085
36,8.787416703922343,11.37296399430615,-2.5855472903840564,2.1146060232718433,0.02943792134557469,2.1775719285626374
37,8.726988783229597,11.221315498801044,-2.494326715571333,2.2494601141703257,0.034374908273332956,2.1156462135326377
38,9.082308467696901,11.523046993533203,-2.440738525836423,3.245772487257831,0.05245470524960381,1.9393831129249954
39,8.698016055210854,11.214079410127024,-2.5160633549157865,1.5328086136787817,0.02233320061810285,2.2846526924944017
40,8.985536423581532,11.46878559955054,-2.4832491759693767,1.5096102903364255,0.022746069069966134,2.277672974590101
41,8.536038717521631,11.173582587515494,-2.637543869993806,2.8822329839436946,0.03898028747244849,2.0643949228697873
42,8.971466319583367,11.501331118247169,-2.529864798663766,1.5819654540386487,0.02277504186659498,2.277187322407215
43,9.145615136791701,11.50313665639494,-2.357521519603324,3.055494881418138,0.05322196428008214,1.9331155550873125
44,8.267847105651224,11.041932126304022,-2.7740850206528194,0.9993222452731416,0.010491204566712447,2.5592043681568852
45,8.806422745645403,11.516337836742853,-2.7099150910976277,1.589166223846135,0.01894902895138717,2.3465321973378006
46,8.487925138287817,11.197256245814426,-2.7093311075263955,1.0567632088435843,0.012010643112086838,2.5118314710406047
47,8.689351914731258,11.231970090756523,-2.542618176025371,1.1622106336436318,0.01606175568113882,2.4075092416296933
48,8.805933839247853,11.426946599751258,-2.6210127605036178,1.9349651054369232,0.0258090760646622,2.229072578897455
49,8.426610888872045,10.855105553916193,-2.428494665044127,2.6535225573842673,0.04338596753240221,2.0199751277055857
50,8.870035193369102,11.370798961395312,-2.5007637680259904,2.1223828335314217,0.03213191454153103,2.142765728301175
51,8.996362228225433,11.822381848114421,-2.826019619888939,1.4534236929009232,0.01515536058589335,2.428645072015073
52,8.862370146206711,11.548464384078631,-2.686094237872112,1.263810370655758,0.015048325216199676,2.4312139591614788
53,8.876160315506848,11.373724891293268,-2.4975645757863276,2.013459111218232,0.030486982755595124,2.163705185918428
54,8.70654824309501,11.323214905074739,-2.616666661979707,1.9226948512670674,0.02574321516850753,2.230063686494951
55,8.989950709536668,11.459169343891215,-2.4692186343545472,2.5258287702902216,0.03971440972374429,2.056707090436694
56,8.34949389403361,11.328649767525786,-2.9791558734923456,1.6230756130658825,0.014654478176587365,2.440807149175121
57,9.163946098960576,11.613034990288096,-2.449088891327847,2.11954743933493,0.033764420843298136,2.1228738910997325
58,8.599332587181532,11.202348737834011,-2.6030161506523655,2.117343545524509,0.028975031503871946,2.183826065242845
59,8.319382407041001,10.71248403656605,-2.393101629525063,2.207030501622963,0.03719552558734697,2.08361143973723
60,9.066625493772488,11.761661050745577,-2.6950355569729254,2.1003975869944504,0.026226020974027424,2.222848447523641
61,9.010520841108853,11.57895420678366,-2.5684333656745366,2.4917797776430426,0.03565143312655621,2.1008807785914883
62,8.748731576695416,11.45743511642996,-2.70870353973487,2.627594669219217,0.033063524575216045,2.1313110591873503
63,8.556275548318961,11.214281372378164,-2.658005824059728,1.8763493503790585,0.024037969940649148,2.2565218266907894
64,9.097956816383128,11.793703034088974,-2.695746217705164,1.9126519978270196,0.02363206300106786,2.2630588299696
65,8.6113165532344,11.387881364539393,-2.7765648113049792,2.0909691936253765,0.024072448859860193,2.2559709762649
66,8.169784940057223,10.644469117596966,-2.4746841775395296,2.020198310262977,0.031301536726369796,2.153218164917161
67,8.31570948164487,11.018970289413847,-2.7032608077688565,2.2321346407402523,0.02781546353642658,2.1998792463751276
68,8.711965645439857,11.380985818823714,-2.6690201733840695,0.6845303369473328,0.007777785950570316,2.6615670022857567
69,8.742783896322788,11.464206517673293,-2.7214226213504844,2.0490380940867716,0.02485892460320436,2.2435879605473734
70,8.800690930425542,11.481606656641585,-2.6809157262155168,1.2147919971901011,0.014480608018246818,2.4451147025461526
71,8.943371124220146,11.57507352399885,-2.6317023997785327,2.566924924888358,0.03465962185031449,2.112312879842155
72,8.774354170367285,11.503259690044981,-2.7289055196779373,2.026010385743664,0.024366674149445627,2.2512979249452965
73,8.583478464070293,11.433034460114282,-2.8495559960438186,1.0446750791658381,0.010137303067035319,2.571110312885977
74,8.8776996582075,11.468085886453462,-2.5903862282461887,2.205825942753858,0.03065858164323466,2.1614760943021403
75,7.889892321105588,10.52333340261433,-2.633441081508863,1.518843573895623,0.01953015856107135,2.335253944671952
76,8.384242628948567,11.03834577869426,-2.654103149745424,1.6043131532208221,0.020302487107550723,2.3207102508459347
77,9.263513083196965,11.93360538627591,-2.6700923030784907,2.0795835406864107,0.026589198844436054,2.217496252661794
78,8.275097981210518,11.054597169726751,-2.7794991885161835,0.9288552301517008,0.009604540010831084,2.5897509129867116
79,8.569960658453208,11.429858916758402,-2.8598982583048382,0.6462961558363176,0.005833065808585895,2.7570207037967207
80,9.304632348954481,11.650996920349979,-2.3463645713954975,2.383510494927858,0.04207450030286219,2.03278251608187
81,8.704331169832738,11.27911049990539,-2.574779330072488,2.2279741116868337,0.031464064115227654,2.1511537761439383
82,8.970662648807473,11.536561220133205,-2.5658985713257607,2.2539678054974104,0.032132481672778254,2.142758669030466
83,8.372281223755788,10.99389802672091,-2.621616802965036,2.544816603997454,0.03466914322710992,2.112201811427724
84,8.740106591580723,11.263729162172464,-2.5236225705916695,1.4043184445764325,0.020149797034728273,2.323546791512948
85,8.634372204620075,11.021073627500375,-2.3867014228803782,2.7047572905323882,0.045973785615566184,1.99563391043505
86,8.457806071381281,11.080175947905342,-2.6223698765238623,1.1922339995933413,0.015125073608390611,2.429370345137245
87,8.960680434694194,11.596974515020502,-2.6362940803260244,2.026709341733774,0.026734063035351717,2.2153789776651145
88,8.918277024659954,11.612578078289769,-2.69430105363017,1.631369385991512,0.01983254103779777,2.3295009820431085
89,8.828104492785013,11.46630984861945,-2.6382053558340886,2.5113851741879643,0.03365115933090253,2.1242270862293484
90,8.824610300252214,11.552180594444064,-2.7275702941919917,1.7357152018472313,0.02053367845598789,2.316450604747398
91,8.964993604286672,11.641935111048934,-2.6769415067624323,1.849969161700816,0.023214767586035013,2.2698816035454508
92,8.821746399404827,11.542724111995117,-2.7209777125899564,1.5100276513377437,0.017688631959267835,2.3720722388397313
93,8.391230322448944,10.992970476813444,-2.6017401543645065,2.2253617442007183,0.030609132927189444,2.1621173382150785
94,8.332685656767506,10.896020858482071,-2.5633352017148354,2.408429093846511,0.03456016484752523,2.113474622650814
95,8.87668111218515,11.542292923659762,-2.665611811474264,2.0034383803260525,0.02563682818111835,2.23166929299119
96,8.852322762985448,11.597031434297438,-2.74470867131231,1.3848594321649443,0.015649071845875176,2.4169987271940783
97,8.93662091493631,11.542301882526399,-2.6056809675897057,2.112449741388353,0.028826759021828966,2.185847571830469
98,9.001397807587335,11.467362397768515,-2.465964590180647,1.483930394980284,0.022744991831677525,2.277691041997953
99,8.406896720511366,11.027716758761112,-2.620820038250258,1.9792499998338577,0.026458602633703417,2.2194135503683543
100,8.912562424587275,11.550919089731085,-2.638356665143874,1.4988073580896462,0.019145811736519646,2.34267969720208
101,8.289505209297356,10.98593761548744,-2.6964324061900697,1.7728478885222252,0.02170794321478174,2.2954396158578825
102,8.86899160345244,11.37316643935235,-2.5041748359003577,1.820976716561109,0.02721226238680797,2.2084594376378415
103,9.087337385101517,11.61053301989175,-2.523195634790227,3.112196436489434,0.04677312533213975,1.9883488164631267
104,9.101425329380316,11.757591418784148,-2.656166089403996,1.3137250821982356,0.016230923386440835,2.4036811445668786
105,8.565426371452912,11.351423886222381,-2.785997514769406,0.982969725740805,0.010161081096554147,2.570298869782594
106,9.154210155963636,11.630695263341746,-2.4764851073782665,1.9090463136133273,0.02943130245442724,2.177660758673334
107,8.67061975942367,11.268234909664958,-2.5976151502409266,2.3673456602883363,0.032837379168714854,2.1340659927024848
108,8.655076570420231,11.3437699128101,-2.688693342389797,2.189637777719721,0.02762524494226154,2.202567524856218
109,9.032747999877454,11.701218544533457,-2.6684705446559747,2.467801203073961,0.032088387574309304,2.143307841764685
110,8.38523531568914,11.03679660605722,-2.651561290368136,1.5001472850603754,0.018898437906776536,2.347528290935087
111,8.789467855543233,11.320976731328297,-2.531508875785221,2.852294028037324,0.04247397978221884,2.0288459857246512
112,8.68259929520779,11.41407260164613,-2.731473306438147,2.04674001813164,0.0245809727545675,2.247924999650365
113,8.867966296507955,11.507779761073902,-2.6398134645655773,1.603356000913518,0.020594813380821027,2.315331202887359
114,8.842190163910953,11.292623783815227,-2.450433619904743,2.1233674076440856,0.03378309910533794,2.1226511050156445
115,8.438780409139934,11.227754115859543,-2.788973706719844,1.3407901649937735,0.014386240818843741,2.4474717357843354
116,8.686759616107945,11.01705051973816,-2.330290903630157,2.7669798046433627,0.049524031328343585,1.9640522633994768
117,8.917876054529795,11.632637630902263,-2.714761576372439,2.423554573524221,0.030104810778977788,2.168708643192204
118,8.585013194165793,11.292101643749486,-2.7070884495838072,2.027123621236875,0.02491772211769153,2.242675895583694
119,8.69265322175185,11.243688150737075,-2.5510349289852456,1.9235807559875084,0.027519045716662374,2.204075345307757
120,8.223819758489906,10.93344322178913,-2.7096234632986125,1.1791038879671518,0.013571329468694564,2.4684139038495525
121,9.078122751763356,11.660707980705464,-2.5825852289417526,2.052221561428688,0.028587618630831778,2.189126889454346
122,8.823916897602128,11.47700416386363,-2.6530872662615366,1.843066293015081,0.023687192912853813,2.26216529067149
123,8.79008320921518,11.498679310025036,-2.708596100810155,2.4308624443290086,0.030382493544329,2.1650677987513998
124,8.966580414971911,11.605353147728682,-2.6387727327569337,2.5328755966023024,0.033941444402636155,2.1207666514149315
125,8.521423244431542,11.101979791811164,-2.5805565473797287,2.07355025870347,0.02896602516268035,2.1839486009161395
126,8.482306784953078,11.156494841873826,-2.674188056920684,1.98220783773764,0.02512173454530572,2.239525646088508
127,8.497350087124385,10.958965254280148,-2.461615167155742,2.121670142164227,0.03338479738527119,2.127424872253765
128,8.332974024897037,10.974123274693486,-2.641149249796399,1.6635665583708992,0.02141989198575543,2.3005003057636446
129,8.44655037240106,11.101647795043025,-2.6550974226415747,1.2457937122117109,0.015319368991827738,2.42473963947192
130,8.1399345484521,10.770776941213132,-2.630842392761224,1.1570372551899801,0.01449603334079615,2.4447307091629282
131,8.828062291983468,11.409759874822488,-2.581697582838842,1.7272996831357155,0.023738381930408316,2.2613372389358126
132,8.52543980607076,11.22828981690181,-2.7028500108312983,1.2624723608339465,0.01475854155924129,2.438250530978895
133,8.722468163359434,11.42028967333098,-2.6978215099711633,2.0532277827541634,0.025506824632176656,2.233639167095952
134,8.73367924646588,11.29414069731406,-2.560461450848379,1.3355813939582788,0.0183346145360756,2.3587902706519785
135,8.932080216485854,11.581201467743202,-2.6491212512578386,2.2155345439799667,0.029086419722714738,2.1823132778926415
136,8.622732914757005,11.160717786135105,-2.53798487137783,2.5861009316956576,0.038147733228575835,2.0732638265680015
137,8.436368204049057,10.939016838889035,-2.5026486348401704,2.809296243133023,0.04293579217724313,2.024334052438958
138,8.87682088321132,11.40274122855634,-2.52592034534473,1.5751797574139204,0.02276356201168038,2.2773796875170342
139,8.368016428691288,10.877183980286528,-2.5091675515950556,1.6974149800648526,0.02510897046654591,2.2397220913375597
140,8.67689649634637,11.282912362333644,-2.6060158659870467,2.2179784776146363,0.030372920690661435,2.165192836708312
141,8.605544324864393,11.230227943712816,-2.624683618848394,1.799354665528199,0.023749504622772664,2.2611575192060767
142,9.14168815205964,12.02755172967493,-2.8858635776155097,2.1450151782778626,0.022242272430564165,2.2862049310579575
143,8.810829787835853,11.379288061278661,-2.568458273442957,1.5554746836398117,0.021471122671587014,2.2995959339551293
144,8.438298042325794,11.062659759571037,-2.6243617172453924,0.8997590570753999,0.011062645747861585,2.540713725192638
145,8.62828292311239,11.39329981776574,-2.7650168946533995,1.8576449883107706,0.021325197625798913,2.3021769087334514
146,9.123958169336827,11.762096210954947,-2.6381380416178217,1.645318141734716,0.021227346716899867,2.30391622530058
147,8.433202445639079,10.993749457896751,-2.5605470122573024,1.5077542856896393,0.020928087507199468,2.3092793010070376
148,8.661314228034524,11.356041890798455,-2.6947276627643078,0.7433914509002975,0.00826371755443825,2.641100608790586
149,8.680221953715925,11.239663981852,-2.5594420281358907,1.2921076566011003,0.017702681351281835,2.3717788831322784
150,8.720747731101863,11.259190871621794,-2.5384431405195755,1.9645179637391266,0.028507086079293163,2.190236545791088
151,8.39413607645535,11.108317871878864,-2.7141817954234284,2.6953104167522,0.033813893848014843,2.1222840287619102
152,9.011145235561042,11.657442250224666,-2.64629701466356,1.2679607442959693,0.01577297132466727,2.4141268188151472
153,8.803216304559708,11.364920386774312,-2.561704082214419,1.8872086560650665,0.026669666348596882,2.2163189464845936
154,8.66764781389399,11.36334908986613,-2.695701275972624,1.939519840777713,0.024000995093081436,2.2571133150203906
155,9.00619932479928,11.86071036299322,-2.8545110381942322,1.3312422680634626,0.013296536896376233,2.4757265619600304
156,8.632628315582377,11.234827667462678,-2.6021993518802446,1.6657462375083085,0.02233692990292523,2.2845891471202564
157,8.8938013689996,11.517476437894917,-2.623675068895409,1.9721844038657856,0.026280370888440072,2.2220434274143575
158,8.49613129671631,10.967178543548723,-2.4710472468323132,1.5987627841134788,0.024502893430548765,2.249150957706497
159,8.18266610793368,10.689998801837358,-2.5073326939032086,2.40931713280893,0.03647427656575967,2.0916004017851333
160,9.069804418264237,11.561356968438911,-2.4915525501746743,1.9504333315928797,0.029654201895330808,2.1746787033438357
161,8.55146429290441,11.286287826548222,-2.734823533643521,1.6717188705162265,0.019540478457537813,2.33505632589102
162,8.533151977682035,11.138883479408793,-2.6057315017269502,2.5244580923588167,0.034893315820878075,2.1095942990431484
163,8.552409307232818,11.169522382569912,-2.6171130753368743,1.6817897087156872,0.022225985025427362,2.286483556522136
164,8.578429154084613,11.252662309268931,-2.674233155184538,1.8568917775526579,0.023375046919049042,2.267248543338689
165,8.631290339643026,11.099633243334669,-2.4683429036913367,1.699345750898832,0.026226024460818204,2.222848395831763
166,9.395964897746733,11.927511943020715,-2.5315470452737827,2.108953812280486,0.030961484317794438,2.157567364979608
167,8.770040328901057,11.55511448985219,-2.7850741609508987,0.8858454327392842,0.009049299701054763,2.6101860310938325
168,8.140156516387531,10.761565244076092,-2.621408727688504,2.3709992910638213,0.03214855057483865,2.1425586984377625
169,8.604999948847915,11.248849789171228,-2.643849840323128,1.6685311107242775,0.021430194913147235,2.30031827770035
170,8.597041763923851,11.294964596870432,-2.697922832946915,1.0137736289446977,0.011614448227164413,2.5236470238716553
171,8.667274765955124,11.237419878680765,-2.5701451127256405,2.456378309019776,0.035059717438605593,2.107667996374943
172,9.429544565685926,11.981038403937266,-2.55149383825119,2.4105833038853923,0.03498655496930587,2.1085139779919495
173,8.320447668893092,10.892495479768282,-2.5720478108751195,2.0796167161853774,0.029303307743582058,2.179381925022981
174,9.019055274292139,11.572663197404726,-2.553607923112395,2.2888007854810795,0.03305241934816127,2.131445967372453
175,8.7215510248631,11.41247869906545,-2.6909276742021575,1.5883066857692008,0.01931814371305836,2.3393342061956948
176,8.617855325461885,11.481738633610615,-2.86388330814907,1.3228237137085799,0.013067548647092529,2.4819230628332494
177,8.841751115724644,11.340782279963062,-2.4990311642386587,1.717573167706643,0.025697270868539308,2.2307563785409075
178,8.513887676172697,11.216560879202927,-2.702673203030372,1.6628624765393525,0.02008400972009886,2.3247747148927096
179,8.81095921217381,11.462144333441916,-2.6511851212680995,2.3304251506261444,0.030664325870870052,2.161401661567678
180,8.331660692993562,11.25274540170582,-2.921084708712442,1.795694106249595,0.017499786829288506,2.376035336648072
181,8.67629078717452,11.199441610329824,-2.5231508231549924,2.3370642567324182,0.03479737304260762,2.110708522083119
182,8.90610892882675,11.53455506571488,-2.62844613688776,1.8086167402464532,0.023791812389701426,2.2604745795107903
183,9.195397990682675,11.782243165758995,-2.586845175076178,2.66275901220099,0.03757711616422429,2.0794379422090956
184,9.330602913804949,11.848622257967332,-2.5180193441624397,2.5813214774796798,0.03879411260699497,2.0663641047809573
185,8.759006280194779,11.32954066341745,-2.570534383222366,1.8848520211233648,0.026396480253682304,2.220328447058494
186,8.458784780094145,11.119200763273124,-2.660415983178609,1.6456685863328993,0.020745402290340432,2.312586176231227
187,8.80779309527058,11.40644994038831,-2.5986568451176026,2.848319262188568,0.039890105200542925,2.054885087049994
188,8.596394233903236,11.449145403271483,-2.8527511693682754,0.9933100813636102,0.009538582901211868,2.5921223966703755
189,8.924456406534016,11.571357713988743,-2.6469013074547547,1.660484311003195,0.02124867885401043,2.3035364485564327
190,8.876445407259478,11.52493431448072,-2.6484889072212354,1.3821438306703158,0.01731451215336184,2.3799601120739564
191,8.935880077689642,11.552310959181877,-2.616430881492306,1.0860322781022447,0.013734791598240039,2.4641257472406197
192,8.988446992513826,11.810422323570936,-2.8219753310568194,1.5890474038935238,0.016849727841146928,2.3899704631439143
193,8.663526380085539,11.29655984948715,-2.633033469401653,2.090190188256191,0.027737173674196935,2.200983758142243
194,8.461658262934332,10.973539245120794,-2.511880982186085,1.6202446657438472,0.023815527316418995,2.260092229468111
195,8.449576850618694,11.239473112087271,-2.789896261469039,1.922348558370036,0.021612007845791627,2.2971185499282587
196,8.844134412241754,11.26382168302445,-2.4196872707825605,1.784552223107518,0.02904156956794055,2.1829217968043513
197,8.856113217746195,11.329546718141064,-2.473433500394549,2.1462588628001953,0.033399119889147524,2.127252370370984
198,8.759810247777448,11.411522421827907,-2.651712174050317,2.09513041408173,0.02729922722107193,2.207212352018106
199,8.959349444303978,11.463960989275638,-2.5046115449713398,1.6246010972553044,0.024066750038545377,2.2560619759356197
200,8.713539748388182,11.298441475340137,-2.584901726952012,2.3559936392625715,0.033071044879677554,2.1312197232745747
201,8.633053569128759,11.11826212517239,-2.4852085560432897,2.098127828762312,0.03223623417300804,2.1414690202165256
202,9.04680484002635,11.581284341950369,-2.5344795019241246,2.01670223746574,0.029434308120948716,2.1776204184137913
203,8.550392101736332,11.306655392134925,-2.7562632903982376,2.3586824699081284,0.028079136040784193,2.1961789693567817
204,8.623919886222364,11.264762278594713,-2.6408423923721784,1.7863830660472573,0.023175051502313197,2.270536496688022
205,9.140791526265428,11.797405822368606,-2.656614296103271,1.5498886063470039,0.01948971167163564,2.3360293546864668
206,8.36580084724407,10.921847471279815,-2.5560466240358437,1.4723341632688793,0.020490429995964135,2.3172442557901927
207,8.49218905051627,11.137616280060133,-2.6454272295441115,1.1354880483353682,0.013969933107465797,2.4580355846423028
208,9.096556642066997,11.546466415376234,-2.449909773309173,1.9919470972340996,0.03161437203923244,2.1492527219887934
209,8.318810565314077,10.965328881965892,-2.646518316651509,1.2973523593213194,0.016175041076330398,2.404941810969654
210,8.812209272435364,11.38786233872867,-2.5756530662933983,0.9774399485535419,0.01280727121848337,2.4890839721605937
211,8.689250029992916,11.412498496103364,-2.7232484661103626,1.095991957642834,0.0123177767907649,2.5029073989014208
212,8.809392229175653,11.409959649526424,-2.600567420351126,2.354197643317562,0.03255003662962573,2.1375899684716173
213,8.51620070140795,11.329991346766558,-2.8137906453589494,1.7814616278026811,0.019352783120836773,2.3386648992884616
214,8.783616222647805,11.353264272415725,-2.569648049767693,2.4877057332259973,0.035548974889059996,2.1020491006741753
215,8.552706770460343,11.057472293590049,-2.504765523129663,1.265675762599649,0.018373200874654307,2.3580099420943164
216,8.601285767400139,11.126215821321924,-2.5249300539217074,1.5639034330845156,0.022610902438910715,2.279945813382786
217,8.576247006049623,11.229705864410885,-2.6534588583613186,1.8354231604593174,0.02357017681608716,2.264064031498141
218,8.321363516939225,10.999405009985107,-2.678041493045839,1.5710289492440381,0.0193441410640232,2.3388317841064756
219,8.37178577399133,10.925442557987562,-2.5536567839967574,1.7633844802655538,0.024988414463186687,2.2415817825305586
220,8.428601192397917,11.12992178424037,-2.7013205918428866,2.0225388689547152,0.024998781284188715,2.2414215595238063
221,8.502373245600364,11.196839282881175,-2.694466037280563,0.8799306340987556,0.009961420285080272,2.577165640006978
222,8.037595949368704,10.56117171923449,-2.5235757698660564,2.203540404013019,0.032691103110506575,2.1358566112632364
223,8.839739024596081,11.478925441788885,-2.639186417192832,1.6645439300435179,0.02147753443592412,2.2994828798429476
224,8.30095887988379,10.833406340875666,-2.532447460991989,2.6178224339665483,0.03883591539107945,2.065921256577001
225,8.818238780712061,11.487174117615968,-2.6689353369038145,2.181545664555376,0.028051402807820227,2.196566753806115
226,8.5836715758284,11.390726591259874,-2.8070550154311604,2.2406434576420295,0.025244656691624037,2.2376382253320615
227,8.630056262738588,11.224225358249992,-2.594169095511461,2.0514173520432273,0.02824832936330446,2.193820320608527
228,8.145751803532828,11.049039572574632,-2.903287769041526,1.3366564136324364,0.012675131261243831,2.492768904011873
229,8.796734975908901,11.46072864265005,-2.663993666741135,2.481285429212072,0.03241539716273662,2.1392503653525967
230,8.285773657415273,10.961666658143645,-2.675893000728138,1.599911386321466,0.019784356094865816,2.330412569075571
231,8.651910089506298,11.262425778512242,-2.6105156890057515,2.479180010489568,0.03407282661802216,2.119208779975857
232,8.830073608012906,11.427829359268276,-2.5977557512551357,2.281435706104322,0.03155983362821403,2.149941611235529
233,8.93678950149221,11.5724192598372,-2.6356297583452033,2.193172536563708,0.029149898129108665,2.181453393053014
234,8.813968666617864,11.443696351332054,-2.6297276847139983,1.4203417026473986,0.01820768917991065,2.361367255003924
235,9.12892452793373,11.674469556988878,-2.545545029054665,2.246395124925616,0.0326577508697244,2.1362658485195656
236,8.588318093564492,11.213895536729243,-2.6255774431647296,2.2232280739699597,0.02987466265237546,2.171748174868075
237,8.53997161430031,11.28989436631625,-2.7499227520161185,1.856394262202393,0.021638339638238514,2.296657080789418
238,8.368019452623837,11.088216480607276,-2.720197027983886,1.6442403062778546,0.0194747887073609,2.336315798884133
239,8.70856838636261,11.43175633582877,-2.723187949466592,2.4308337461071474,0.029961579572796614,2.1705979185612665
240,8.480917078261125,11.29538438757125,-2.814467309310203,2.3411225084839415,0.026327444365730302,2.2213473463002993
241,9.02950944562114,11.612350231440839,-2.582840785820281,2.41408205214643,0.03400623440999424,2.1199977575084263
242,9.25049893291104,11.840971825241215,-2.5904728923301263,1.3569979906171064,0.01806136088924177,2.3643577731330647
243,8.677582667322138,11.48432880017658,-2.8067461328546415,1.163127427758976,0.01200925355487715,2.5118723034635657
244,8.660464590933469,11.202479201328234,-2.5420146103947445,1.991359225160103,0.028821024862283037,2.1859259294321816
245,8.583204143912251,11.160517144623778,-2.5773130007119107,1.6357505141596853,0.022472751719895233,2.2822810649799092
246,8.31592872363596,11.098034797716547,-2.782106074080275,0.7448905291954162,0.007481569002110921,2.6746124096597432
247,8.784182428648062,11.536468120821777,-2.7522856921737002,2.0734023329631484,0.02442736602812973,2.2503400720865763
248,8.5601527663686,11.201866275228465,-2.6417135088599935,1.1214358484416564,0.013835420606381484,2.461508275125795
249,8.681069113729034,11.324607140044765,-2.643538026316037,1.7027195598309781,0.021922023169424914,2.291716231517283
250,9.280050766694938,11.6452803023647,-2.3652295356691866,2.6373407447704373,0.0457335627743036,1.9978441166200753
251,9.054555044069428,11.632501492795836,-2.5779464487263795,1.881079134647944,0.026142189748419455,2.224092970586977
252,8.748608070698236,11.497182299896291,-2.7485742291978568,1.0570851363551839,0.01149925851441705,2.5271493655343495
253,8.247343119510486,10.833177317857977,-2.585834198347584,2.217926837762789,0.030976401643975426,2.157375717729875
254,8.26421194746278,10.929429354478568,-2.6652174070154615,2.065878461274959,0.026525128785721885,2.2184358534266004
255,9.219669320688507,11.75826278834342,-2.5385934676551187,1.801704220795468,0.02597323841361671,2.2266116688761985
256,8.743575733315236,11.424148618732278,-2.68057288541695,1.8597846478237336,0.023264965525756152,2.269055261569601
257,8.59254158721448,11.090901715953475,-2.498360128738568,2.5961559540126977,0.039750559865426464,2.0563316468749138
258,8.299861254041542,10.89896455661621,-2.599103302574804,2.4806051886624516,0.03446500194940519,2.114588883378792
259,8.167242552479518,10.954374097971925,-2.7871315454926844,1.1307583283006224,0.011885881742707178,2.5155144125819526
260,9.426093433524482,12.077179664682621,-2.651086231157933,2.2243202371633046,0.02915580042888165,2.1813735218196637
261,8.53567842019417,11.148333713028688,-2.612655292834461,1.8300294143225777,0.024491825242245333,2.249325018075217
262,8.387396023731679,11.15890624024976,-2.771510216518436,1.565133524320963,0.017461939875633797,2.376834098388728
263,8.837806804402742,11.456208305024173,-2.6184015006215304,1.2446196166981736,0.015930035823458925,2.4105145518651114
264,8.175630509105456,10.831603524787088,-2.655973015681866,1.912957364316707,0.024604819035612714,2.247551251213096
265,8.39592396439745,10.987809632777523,-2.5918856683802005,2.3049502114737344,0.03209003739077645,2.1432872823777442
266,8.995720025693725,11.566883866091505,-2.5711638403977304,2.1056191084770894,0.02972280481192622,2.1737647803061746
267,8.555957582143645,11.171847847600677,-2.615890265456983,2.0475597748886045,0.02758839387063315,2.2030901703874823
268,8.857280593224612,11.565456250884775,-2.708175657659922,2.1817694364273272,0.026995770526517755,2.2115789599285303
269,8.660424383449179,11.38362951917173,-2.72320513572231,2.8352414952253433,0.03541734190700572,2.1035543234058447
270,9.27018125485726,11.795648553225046,-2.525467298368312,1.3813131499020734,0.019752462661433167,2.331017011936431
271,8.68640023838513,11.434426157834299,-2.7480259194489918,1.8578260397369633,0.02169881122649818,2.2955991534236273
272,9.205195482701736,11.680532912286917,-2.4753374295855792,2.029229259378159,0.031428549774966084,2.151604089435573
273,8.545584993202436,11.183797799483006,-2.638212806280535,1.795178930692554,0.02336333295045661,2.267440448040452
274,8.723058006664967,11.461621609641337,-2.738563602976228,1.4765068654019764,0.016929988551470265,2.3882246694667795
275,8.741608723505276,11.229048357262922,-2.487439633757276,1.3440203041202032,0.01997996437166512,2.3267239112360674
276,8.388763083230213,11.046073998504415,-2.6573109152736833,1.2113501888078666,0.01481372789313703,2.436901159318373
277,8.68229864713673,11.228058470833393,-2.5457598236971535,1.441004176461405,0.020236760291725494,2.3219289757767054
278,7.9979150002683745,10.72131235860294,-2.723397358334296,1.1620844337303495,0.013150970106878419,2.4796546119138387
279,8.611292627522896,11.18728467875857,-2.5759920512359713,2.2695969647170173,0.032054292961206474,2.143732918851945
280,8.746819949267927,11.183835140200895,-2.4370151909324704,2.265881035989672,0.03661833148950391,2.089994080089149
281,8.956204862192106,11.527618768088292,-2.5714139058964065,2.4908352876456448,0.03553665608004552,2.1021897643392227
282,8.684539708713299,11.25757456482319,-2.573034856110098,1.563747835337555,0.021491914577658488,2.299229431781709
283,8.79724234371876,11.33642852915916,-2.539186185440485,2.6053610380567527,0.038400699318037974,2.0705518126095455
284,8.190429420933622,10.817960551300384,-2.6275311303670605,0.9997739866184538,0.012380800675980717,2.5011005920085267
285,8.49315000682206,11.150415955771958,-2.6572659489502257,2.424595045324619,0.031819906063691505,2.146665690613305
286,8.544653392250137,11.201966777306712,-2.6573133850565682,1.6426612916492331,0.02077045590228193,2.312131170216347
287,8.662954447038526,11.19647807030115,-2.533523623262681,1.9205489047512039,0.027962205790080692,2.197816210278521
288,8.40941976843548,11.147443299213425,-2.738023530778264,2.042434659701435,0.024364137549777197,2.2513380031278745
289,8.327765084109767,10.905633166615733,-2.577868082506029,2.192868046881504,0.030840837990518448,2.159120263296189
290,8.909381911355165,11.543135377147816,-2.633753465792779,2.27203061169174,0.030341647294090848,2.1656015572390723
291,8.165350766049567,10.937841439502119,-2.7724906734524666,1.0122529104433973,0.01066312752282395,2.553548995455105
292,8.660310826239918,11.349204409711685,-2.6888935834717813,1.8069354912707745,0.022343669956384527,2.284474322969859
293,9.112144417482494,11.544073555189893,-2.431929137706902,1.8058585242526668,0.029040033311619765,2.1829426547799975
294,8.915473915063256,11.51030059829154,-2.5948266832278932,2.7585142710040245,0.03871006347668238,2.067255728650492
295,8.764635088056519,11.349027207481665,-2.5843921194255017,2.0157000151190374,0.02798885496063994,2.19744255382289
296,8.890308492077263,11.48139017417456,-2.5910816820974105,1.5128954672616288,0.020337472453282632,2.320062945878588
297,8.374166001297151,10.93452556906762,-2.5603595677703197,2.715898903103195,0.03931742469789492,2.0608492450569993
298,8.413705637949686,10.959962245148244,-2.5462566071987567,1.5314091756421249,0.02161016480166618,2.297150867913973
299,8.70950332777981,11.437514306450748,-2.7280109786706817,1.1081598184879695,0.012405286558065512,2.5004008127130515
300,9.22363483269616,11.824336420752385,-2.6007015880563813,1.682745901543516,0.022621678805310467,2.279764175293949
301,8.733739612207653,11.24217682107162,-2.5084372088635973,2.0243141178767416,0.030330500715365114,2.16574732240134
302,8.3346342060028,11.056491612503205,-2.721857406500476,1.7974672717877098,0.021477316900205143,2.2994867150150196
303,8.360703762926885,11.023197114567484,-2.662493351640478,1.0293011779691916,0.012292337555954347,2.503639026971836
304,8.345590816172415,10.97521118413481,-2.6296203679621613,2.06555922004188,0.027474607078868903,2.2047077766576444
305,8.67969916957706,11.39229397572544,-2.7125948061489,1.8239670111545365,0.022038138723146722,2.289709907115314
306,8.113114825312248,10.772022204885186,-2.6589073795730656,1.668792389718,0.021101315982631735,2.306166762871546
307,8.679761977443075,11.30877289406602,-2.629010916622974,1.903351445870097,0.025145166968149786,2.239165234749825
308,9.178492064089067,11.88444054684862,-2.705948482759595,2.1663016710725387,0.026843619757471675,2.2137843121333503
309,8.730668419502006,11.179773395005807,-2.449104975503815,1.8637964792409392,0.029501761518251703,2.1767160300152217
310,8.293213219538,11.096855348433468,-2.8036421288948077,1.0777426262025749,0.011053237467136564,2.541011212811069
311,8.739599044795039,11.255145167397192,-2.5155461226017906,1.6846491113183149,0.024741759652939586,2.245411003852998
312,8.349403330968624,11.009193605178783,-2.6597902742100814,1.8844458494175527,0.024108517590658237,2.2553954579849016
313,8.424075087419322,11.182680774637493,-2.7586056872178233,0.7664997541842702,0.007936892405283499,2.65474269115663
314,8.371060514060598,11.005341410413596,-2.6342808963527204,1.966167804055324,0.025915614675296586,2.2274739537344477
315,8.846847327423045,11.52839415571393,-2.6815468282902657,1.2915970570075253,0.015494321783911542,2.4206139620133977
316,8.647733264275,11.280758974129736,-2.633025709854792,1.7214302743048613,0.022429749829567833,2.2830105006788504
317,8.741904387046514,11.263840250200612,-2.5219358631538853,2.2131369766143436,0.0328942565191996,2.133371580028748
318,8.820306611704535,11.532258750228362,-2.7119521385234293,2.5880450616855946,0.0324249912881182,2.1391318536604293
319,8.27741527186178,11.042076483693076,-2.764661211831026,1.3252171439907343,0.014574629734821523,2.4427797309513584
320,8.57524013951949,11.332427628434115,-2.7571874889144965,1.77571694804276,0.020433671712731572,2.3182880448768355
321,9.285881712975122,11.817856822827029,-2.531975109852283,1.8700090189090695,0.027216443566142966,2.20839940040328
322,8.581626310039308,11.16764601891678,-2.586019708877302,2.08357652134519,0.028959621932854406,2.184035739936201
323,8.646033248501379,11.41984181310701,-2.773808564605588,0.9243845687730889,0.009614543271001206,2.5893925153058275
324,8.853989588204666,11.477780352755527,-2.623790764550904,1.9391167639452327,0.025797212820298673,2.2292509412795063
325,9.060428580545402,11.648020484342656,-2.587591903797147,2.501372233300593,0.03515279234703596,2.106593941590542
326,8.421787444830596,11.158772461772433,-2.7369850169420715,0.5705515922910607,0.005878253769167741,2.754496394181625
327,8.365492702139061,10.942586479768853,-2.5770937776296705,1.4109031210504739,0.01912312502127576,2.3431220744933463
328,8.824623514473085,11.288508611932311,-2.463885097458842,2.554535882736797,0.04038023062158558,2.0498381170815594
329,8.739908569675361,11.39282618048178,-2.6529176108065258,2.3043835889803432,0.03024267902740774,2.1668973898953685
330,8.370953563624123,10.97274611799008,-2.601792554365602,2.1980162315021623,0.03020319170464032,2.1674154309228197
331,8.688791642092536,11.268334395781249,-2.5795427536886564,1.3303573513659082,0.01788266787737599,2.3680386454852282
332,8.396939954852467,11.082707775635175,-2.685767820782985,1.2843494993804363,0.015326906140950253,2.424561048163694
333,8.741550907345907,11.381394336757143,-2.639843429411485,1.6452233282054145,0.021188328195289752,2.3046117343040247
334,8.697279020583817,11.142723012409501,-2.4454439918258686,1.7484682552319981,0.027679364856062556,2.2018010504652668
335,8.720135070670647,11.48619704183626,-2.766061971165527,1.1675896518178703,0.012613848146230178,2.4944894350809363
336,9.081179781173585,11.632100897723223,-2.550921116549489,1.9147412815071192,0.0273861935618939,2.205968668170004
337,8.508767516837604,11.294602106147547,-2.7858345893100704,2.3372072676902533,0.027014434031909753,2.2113091807376977
338,8.767463915422166,11.506836753410443,-2.7393728379879576,2.155688641741147,0.025835563273847107,2.228674602773818
339,9.20389492894007,11.77446163300009,-2.570566704060184,1.7635789898381908,0.024560812283121004,2.248241224656047
340,8.829155833831617,11.398113466738625,-2.5689576329068586,2.398891127376487,0.03423071787925431,2.117343355005728
341,8.649925064664028,11.283473331267384,-2.6335482666036114,1.9925583890482628,0.026314997294105927,2.221531297970731
342,8.623412277193136,11.18778337286886,-2.5643710956755967,1.425743790677572,0.019608786894228843,2.3337505613044773
343,8.722128281890644,11.341435930107917,-2.619307648217273,2.0959828258725004,0.0282011734813836,2.1944764733691513
344,9.010908813669328,11.651656318901761,-2.6407475052324116,1.3875140352025213,0.017534340465968058,2.37530740199584
345,8.510972880379239,11.410950540889846,-2.899977660510558,1.6568489565308226,0.016296603683841747,2.4022043092375798
346,8.522141628399066,11.219643822735673,-2.6975021943362663,1.8390289061616834,0.022585249593882074,2.2803785007856527
347,8.247010365787599,10.838336678178191,-2.59132631239072,2.180293513952371,0.030249815621078504,2.166803825706273
348,8.67020573295228,11.399328088765127,-2.729122355812706,1.2138604584414168,0.013723466219754947,2.464421392278572
349,8.96427978662511,11.745092929754481,-2.7808131431293077,1.3993320820062571,0.01523299906822968,2.426791699678306
350,8.516710999654304,10.963628303510898,-2.446917303856935,2.094179245395239,0.033414311442621754,2.127069470706755
351,8.796980769806549,11.548371056277968,-2.751390286471633,2.445408355069212,0.029357826927686757,2.178648007231614
352,8.984988416235108,11.467998017624506,-2.4830096013893126,2.259428040409123,0.03491615173294128,2.109329481661312
353,8.494160616382185,11.126474929162018,-2.6323143127797266,1.29317828227569,0.01636812535429127,2.4006020659764755
354,8.56741838939585,11.33916289161446,-2.771744502218553,1.6401954616897036,0.018406380150689836,2.3573401063714376
355,8.962814182685332,11.513394972342272,-2.550580789657033,2.4465245185011284,0.03556738175695918,2.101838997316451
356,8.732759085348942,11.292776428402487,-2.560017343053005,2.2370719501447063,0.032058952089738205,2.1436748079725403
357,8.628717375347758,11.356133462554691,-2.727416087207075,1.6563747204940107,0.019488891060037147,2.3360451012311003
358,9.054021261603037,11.67044863935465,-2.6164273777517337,1.5967719610523723,0.021009992508454697,2.3078048599044325
359,8.83476337129029,11.55989867601335,-2.7251353047231532,1.2889233662205122,0.014743723759421937,2.4386136010846498
360,8.40115953129013,11.063552759881642,-2.662393228592009,1.4108147695055422,0.017451325813236086,2.377058381203075
361,8.94467325244629,11.573536787992733,-2.628863535545861,1.881359616926865,0.0248312655563739,2.2440176529907725
362,8.999292162009777,11.437796372478115,-2.438504210467727,2.5481886617322544,0.04125031706378685,2.041005131286638
363,8.383121577073478,11.082047427080195,-2.6989258500061624,0.2145479559993042,0.0021661812196358023,3.0664484984423703
364,8.700922694116041,11.321556655589287,-2.6206339614732315,2.113669411161684,0.028421986432588562,2.19141207015255
365,8.724077721229303,11.09195538454944,-2.367877663320087,3.0894682492235823,0.053302965281048664,1.932458291286743
366,8.950443615171178,11.583901672030631,-2.633458056859581,1.978660822606006,0.02611706156176479,2.224466684997017
367,8.07339416977781,10.730934932342397,-2.657540762564622,1.3347292304079055,0.01649483544512954,2.3977785207908737
368,8.361856654704905,11.156829502867897,-2.79497284816307,0.8330682797929185,0.008352072692583831,2.637495527416952
369,8.749557652253014,11.271649402023808,-2.5220917497713344,2.224803134367434,0.03307242001984864,2.1312030237879065
370,8.837642929940255,11.452646747567247,-2.6150038176269845,2.152784426128484,0.029153103323295956,2.1814100179257374
371,8.648152822706532,11.294726255296712,-2.6465734325902304,1.691414087961217,0.02169329140363219,2.2956956141144693
372,8.46635274141924,11.057009169389925,-2.590656427970316,1.0494091356591575,0.013613031492609035,2.4673156036604653
373,8.918552941428668,11.540301965395994,-2.6217490239678227,1.800244783321574,0.02383382233970226,2.2597974888254853
374,8.748803956176896,11.257337342915019,-2.508533386738236,1.9046175177740388,0.02842281307321674,2.1914006367739067
375,8.89478895851077,11.366497444824613,-2.4717084863132186,1.9622696371376556,0.030445937032578158,2.164239971888415
376,8.441303707235118,11.160937529902686,-2.7196338226676744,1.1555063289329865,0.013121942975925827,2.480442489372869
377,8.758355269787597,11.48873188899164,-2.730376619204435,1.3041149940995496,0.014854330636928635,2.435911199522533
378,8.479542380176706,11.023137055307924,-2.543594675130862,1.6019951623026856,0.022757334346031,2.277484078250206
379,9.124234478235547,11.84357366644171,-2.7193391882060496,0.8150306333206956,0.00889171036726434,2.6161898480077364
380,8.694313461356767,11.161160405861327,-2.466846944504141,2.6039345275032524,0.04106623308624835,2.0428606655235346
381,9.019446528506858,11.53201298093801,-2.5125664524307467,1.9133827444397866,0.028446215580456263,2.1910770723118698
382,8.483813388893548,10.972029874074178,-2.488216485180601,1.6611795112099834,0.02507418304950412,2.240257925473653
383,8.732130269385532,11.37188772566444,-2.6397574562788577,2.01831192347435,0.026521416196984556,2.218490359385623
384,8.575236849654782,11.207771646040303,-2.6325347963856984,1.8806254037933101,0.024728474618713314,2.2456181858042488
385,8.885917087730984,11.67007677898275,-2.784159691251716,2.0257553884227093,0.023057166204316193,2.272486106609833
386,8.4499945118129,11.1731220105134,-2.7231274987002507,0.5326436165889632,0.005544152382336938,2.7735898746793954
387,9.143157326991211,11.810246701055203,-2.6670893740642896,2.0668873234404543,0.02649005575784346,2.218951037370829
388,8.607762585080462,11.224727989523348,-2.616965404442908,2.5136784050772683,0.03436780513343381,2.11572967591477
389,8.841962747042242,11.32341348107607,-2.4814507340333876,2.2256815705804556,0.03442320589187884,2.115079103611886
390,8.41404089755785,11.03853712163583,-2.6244962240784844,1.4647659451506527,0.018942991976217592,2.3466509378365634
391,8.552636977063383,11.305480396460691,-2.7528434193973226,1.8117774023353554,0.020993407894375142,2.3081030086239624
392,8.745976822199435,11.390936974399008,-2.6449601521994737,2.123903594880403,0.027893777829317262,2.198777068423986
393,8.644748098500866,11.184066501335334,-2.5393184028343967,2.3658202166156492,0.03470439788221046,2.111790786817264
394,8.974881247183628,11.401133712086814,-2.426252464902518,2.165416451833501,0.03530867094549183,2.104800576889695
395,7.958518023911136,10.665054699936992,-2.7065366760257348,1.645019188924401,0.019764139611468754,2.33079561210088
396,8.60159872092633,11.073539588102026,-2.4719408671758174,1.6370194054154261,0.025106734982830278,2.2397565053922315
397,9.270019432461748,11.77889292858978,-2.5088734961277623,1.7836034727929473,0.02648735681476005,2.2189907062691545
398,8.67021830913988,11.362352551845735,-2.6921342427058335,2.2815773406817286,0.028801663555228854,2.186190601956579
399,8.649475869891528,11.232833201315739,-2.58335733142394,1.9448093860646374,0.02695452524233244,2.2121757281330545
400,9.279147720027748,11.857475817186238,-2.5783280971581917,2.361162530997124,0.03335840432743403,2.1277429191897443
401,8.91824139963516,11.59799787660005,-2.67975647696494,1.644279095562581,0.020312751780211916,2.320520231278054
402,8.4307106305702,11.175749875976312,-2.745039245406133,1.6084759688946804,0.018514294922531843,2.3551687664983736
403,9.25674782039702,11.90724259934073,-2.650494778943539,2.6968262390733493,0.035897337285280315,2.0980883977063876
404,8.831078256633798,11.17060001404825,-2.3395217574147864,3.2996414995700007,0.05821261097020226,1.8940934200080843
405,8.805211871807995,11.34420031474399,-2.538988442935988,2.374943741498466,0.03485644167583748,2.110022223811545
406,9.057587191806004,11.60069565668788,-2.5431084648821525,1.8322053707533428,0.026325462675285082,2.2213766280994096
407,8.78440940590296,11.383519490435898,-2.59911008453264,1.68444793874745,0.022684122676998514,2.278713147624022
408,8.001462675368355,10.790855048629556,-2.7893923732613075,1.5281127634502276,0.016678417256237726,2.393721284496707
409,8.314643692080761,11.10118063762972,-2.78653694554896,2.079410828317741,0.023688069666120068,2.2621510949369825
410,8.75733418504539,11.212946953625359,-2.4556127685805222,2.623333482917012,0.04181531036373001,2.0353535619065464
411,8.272945246432908,10.857713122369564,-2.5847678759369046,2.2356638142169807,0.0312743167991864,2.153564805375856
412,8.27569950073227,11.036224223426014,-2.7605247226942993,1.9842851171194802,0.02306694076526494,2.2723241243144314
413,8.391974889756664,10.954121040782308,-2.562146151025445,1.6423098389719755,0.022930794071766725,2.2745857112482155
414,8.07189250183107,10.65891805816327,-2.5870255563318096,2.783924111991059,0.03936533485919391,2.0603474700972577
415,8.683921918053027,11.278428081108888,-2.5945061630554846,1.6313187300154155,0.02200782316004169,2.290232831542504
416,8.73061453726238,11.241930640196774,-2.5113161029344155,1.8377562739029045,0.027281029058990155,2.207473031815939
417,8.888935074009321,11.549128515266286,-2.660193441256979,2.333576272016355,0.03044356644984373,2.1642708771957713
418,9.061749503540948,11.651962355567623,-2.590212852026525,2.3405555422491346,0.03267259010913838,2.136083724534636
419,8.688915742762372,11.286013305559475,-2.597097562797444,1.7405817259288625,0.023560329022155598,2.264224197869826
420,8.843265123543613,11.431365151936863,-2.5881000283930007,2.5115015970435337,0.03528661155735364,2.1050539565556323
421,8.76075025322795,11.369584859366288,-2.6088346061383163,1.9731855232864142,0.026689246553833403,2.2160329360314486
422,8.621077760889573,11.23286179243446,-2.61178403154463,2.680683671471904,0.036975809057596405,2.0860310665058677
423,8.641709215967392,11.275990850396443,-2.634281634429044,1.430195933464713,0.01825821853367269,2.3603394714402373
424,8.790573588176056,11.414043707468633,-2.623470119292051,2.0862877926082177,0.027944283127918943,2.1980676822899574
425,8.776392666721375,11.522174679652164,-2.7457820129311585,1.8251489687476763,0.021320287282086348,2.3022640251053033
426,8.864186487625982,11.614561691025475,-2.7503752033994715,2.0915791870836706,0.024712934232068974,2.2458606626801583
427,8.646477882950574,11.234630354910134,-2.5881524719588924,1.2149862217081733,0.01603594264859761,2.4080964783980203
428,9.125702352438264,11.74996825750755,-2.6242659050694783,2.471083990548774,0.033513465560348704,2.1258774428588234
429,8.891069505672629,11.453358491469803,-2.562288985797295,2.495088757686972,0.0359097690683879,2.0979476614631514
430,8.575775410332579,11.215202797755733,-2.639427387422529,1.6202329708004726,0.020842601794907982,2.3108235747334858
431,8.44228746632977,11.02771012228973,-2.5854226559608833,2.648209788925076,0.03741078560050824,2.0812526619824334
432,8.972000257040843,11.764848526456436,-2.792848269415572,1.775811449595654,0.01970144057152884,2.331985754790145
433,8.279102017597932,11.022671900407826,-2.7435698828094246,1.4840011395847696,0.016936516252988063,2.388083001562969
434,8.592677506354146,11.214918079715925,-2.6222405733615233,2.5489548561314095,0.034708813566287564,2.111739330669262
435,8.864431385252981,11.54511777880754,-2.680686393554879,2.1191335341518247,0.026861497178161695,2.213524628809978
436,8.543476251347482,11.137000733417349,-2.5935244820698244,1.5397066255656071,0.020679367063797353,2.3137877607554884
437,8.509723739514055,11.161576736395066,-2.6518529968807343,1.818752495168404,0.023372846925719067,2.267284578476404
438,8.938080620325461,11.404846716067407,-2.4667660957420594,1.8214853343014354,0.028280361558830132,2.193375145220338
439,8.496770038115454,11.2012318069111,-2.704461768795227,0.262068624114999,0.002653905402891128,3.0052180253246097
440,8.7259730852799,11.41937273591235,-2.693399650632273,1.1079183070499248,0.01288835448537008,2.4868394596635537
441,9.066683796685236,11.683903198319722,-2.6172194016344292,1.9863386632009714,0.0266577644578776,2.2164928874937013
442,8.397615788515093,11.241505447523966,-2.8438896590091645,1.4848129820581164,0.015238184339434548,2.426668214314469
443,9.024495349321267,11.721985376622523,-2.6974900273007734,2.4972287682840815,0.03161962681065479,2.1491864014111726
444,8.790263736975856,11.424397210347696,-2.6341334733710937,2.1292992908056405,0.028271093454082883,2.1935039063185
445,8.388558889703443,11.13776424915942,-2.7492053594560275,1.7190721621924965,0.01986505055614733,2.328887042428838
446,8.582548343516162,11.225874177831297,-2.6433258343149646,2.362121488666073,0.03135175234047924,2.1525793569779044
447,8.466141269159987,11.118243673499965,-2.652102404339985,1.187604432984351,0.014574898936154462,2.442773064591999
448,8.874203983746764,11.559927041655552,-2.68572305790849,2.5047557040331476,0.0320789156409216,2.1434258949401275
449,8.70295231958259,11.401295888172154,-2.698343568589735,0.8813290225505277,0.009934809347902602,2.578090087410057
450,8.42640180160394,10.818254931685981,-2.391853130081927,0.819792522085649,0.013084533755572175,2.481460156412982
451,8.433762643379549,11.031050943809579,-2.5972883004301366,2.1203231255560198,0.029183521210987592,2.180998584067547
452,8.354717274006969,10.954191890167213,-2.599474616160478,2.2586314763412147,0.031169603722843327,2.1549007240608593
453,8.731474058523116,11.252194575188167,-2.5207205166652784,2.3320773744283017,0.03480071454955021,2.110669671718193
454,8.733464497546418,11.191827323237032,-2.4583628256905286,2.5464193166972713,0.04045829116654593,2.049039105595371
455,8.474211882172465,10.978230540329225,-2.5040186581568378,1.698111970550947,0.025254437641764476,2.237488384628807
456,8.834057031681066,11.582723342436747,-2.748666310756107,1.6377705125623727,0.018822580397656687,2.3490262377902225
457,8.197898220747145,10.73907210057941,-2.541173879832513,2.95745548522984,0.0436966156693301,2.016989436819038
458,8.918634056362105,11.63353827341474,-2.7149042170526627,1.7081597480240411,0.02043492453398374,2.3182649781229694
459,9.064729183057505,11.73579471520301,-2.6710655321453487,1.9200266895461802,0.024331401967455188,2.25185554889432
460,8.982846969906557,11.562873044161169,-2.5800260742544197,1.9052009364278355,0.02644962738439115,2.2195456170387122
461,8.546146520899281,11.299596173777676,-2.7534496528783166,1.998581896240431,0.02341818577605021,2.26654253778202
462,8.453699771762029,11.00177952339995,-2.5480797516379425,1.855951129466824,0.026558391281269127,2.217947807596956
463,8.44008226911971,10.989722774244296,-2.5496405051244437,1.6470538796528622,0.023304575309105992,2.268404310262578
464,8.717262494136474,11.305423074235339,-2.5881605800991565,2.1573109116021207,0.030000352090534504,2.170085728987364
465,9.058469160661087,11.661741069122929,-2.6032719084614655,1.8236504841080823,0.024633300750312972,2.247105261557976
466,8.247655717083642,10.865487418380706,-2.6178317012968364,1.1801989346249933,0.015031540823037669,2.431618249359249
467,8.984402954427122,11.625329213693501,-2.640926259266962,1.7876762854779358,0.023191506562804044,2.2702650449865214
468,8.42646130389009,11.056209866036642,-2.6297485621466876,1.7834205387990316,0.023397322890101952,2.2668838362807175
469,8.527722454459461,11.106300744902324,-2.5785782904426924,2.1669820693997472,0.030429742559362257,2.1644511405617233
470,8.191546921588422,10.909669687287955,-2.7181227656992633,1.2681227732132179,0.0145878407610388,2.4424527080743146
471,8.585883499965501,11.353527378164866,-2.7676438781995785,2.089051700335645,0.02426114735648557,2.2529683068211437
472,8.720904595639393,11.537197737865295,-2.8162931422257316,1.3350177248654163,0.013900523228518768,2.459823825281855
473,8.802144780709266,11.25633294892518,-2.454188168215296,2.348553602572405,0.03737500901974819,2.0816438930331445
474,8.088521875492614,10.73564514814522,-2.647123272652607,1.2759271582132996,0.015868618086712902,2.4119233299632463
475,9.012766979475298,11.622394100941133,-2.6096271214655644,2.4711888487989633,0.03398441766754525,2.120256527232527
476,8.857852830571272,11.410435578366336,-2.552582747794986,2.869193481711388,0.04191989296158721,2.034314531579273
477,8.897414268565779,11.380452601835767,-2.483038333269633,2.2434342830746097,0.03465684679088136,2.1123452562680676
478,8.559830191162444,11.148354742439945,-2.58852455127726,2.1632636292061918,0.03007856467113055,2.169054260603636
479,9.026740667166148,11.538506654389014,-2.5117659872225886,3.365415100713882,0.05110288470027947,1.9506148050761791
480,9.055719785824447,11.55960036874816,-2.503880582923557,2.515631397336911,0.03827607609712129,2.0718859762869952
481,8.630708850683884,11.389586322920298,-2.7588774722366907,1.4474977976730443,0.016202077777354586,2.4043314044711703
482,9.141178744488268,11.741413178869063,-2.6002344343810364,2.5767488714684212,0.035845727514101505,2.0986731002272054
483,8.315579791766748,11.03773405637737,-2.722154264610708,0.6853166822268619,0.007316338947460689,2.6820917559753585
484,8.665692006114266,11.224802954080328,-2.559110947966019,1.124919162081671,0.015218128011661551,2.427146053922702
485,8.503576145176037,11.012395131648912,-2.5088189864732158,1.8916144172689755,0.028207670231717597,2.1943860178977843
486,8.722026879614685,11.495988949681394,-2.773962070066318,2.5296765682297533,0.02982870577642876,2.172357530202543
487,8.630653581721315,11.278184317819534,-2.647530736097906,1.1406443805080357,0.014007576044061259,2.457069048994803
488,8.942918559052185,11.686800335869254,-2.743881776817034,1.4429840119116442,0.016405058793894783,2.3997770823193854
489,8.392242332529957,11.010460799113392,-2.6182184665840396,1.6821909664107544,0.02220632916198748,2.2868200420855636
490,8.467086829950556,11.044076273527086,-2.576989443576622,1.0516268990761581,0.013855647692515325,2.4609841762344833
491,8.630234309207633,11.288950551992148,-2.6587162427840667,1.6216468395500776,0.020446605457221382,2.3180499700878254
492,8.405009699647206,10.888414988418067,-2.483405288770882,2.4245997465847005,0.03756309959510916,2.079590603440537
493,8.934936414321026,11.756898188172212,-2.821961773851399,1.4191311449698922,0.014812182324743352,2.4369388899656994
494,8.928500199961643,11.574738064810735,-2.6462378648488993,1.8290445174221546,0.02365350412907896,2.262711099919221
495,8.279301944851493,10.909021234216905,-2.629719289365312,2.2572037504715077,0.0302460470889304,2.1668532306187696
496,8.300446013673234,10.973483979030416,-2.6730379653572527,1.229252127638027,0.014799989789670618,2.4372366576585227
497,8.882630248078538,11.434083814916416,-2.551453566838063,2.039477822572774,0.029290174049719602,2.1795589017021584
498,8.354644189252365,11.056825855170569,-2.7021816659175784,2.1583235758528225,0.026833889828729515,2.213925709612658
499,8.780190894736887,11.367506551607338,-2.587315656870487,2.0379639691143083,0.028240256750339192,2.193932580372616
500,8.749392991542361,11.168009918771151,-2.4186169272284133,2.0149476738676277,0.03301273052360699,2.131928431285734
501,8.5667197306481,11.2042542170167,-2.6375344863681676,1.8942165590336444,0.02479838984354408,2.2445289275698874
502,8.725287944178188,11.375821882631339,-2.6505339384534636,1.6432846175655236,0.020926435778266427,2.3093090868665263
503,8.939043579369052,11.41702336614797,-2.4779797867790876,2.288733043486353,0.03556190337873501,2.1019015200205833
504,8.383398954775355,10.94082614079029,-2.5574271860150475,1.7582654846643955,0.02481354541722095,2.2442931591214244
505,8.828651826211779,11.496311919245759,-2.667660093034101,1.6985438862235895,0.021323729585474724,2.302202951993122
506,8.74569889121555,11.261207755616649,-2.5155088644009993,0.8911762825753655,0.0124033770537851,2.500455340220824
507,8.6976485546658,11.24201035327815,-2.544361798612499,2.1417050005743974,0.03107832867698155,2.156068347095617
508,8.371399611244367,10.860901377392462,-2.4895017661483507,2.1400468936322774,0.03277542796771216,2.1348235244715656
509,9.04347796755216,11.735376977862483,-2.691899010309953,2.0513117893722033,0.025631058123791774,2.231756540118707
510,8.696750757628859,11.22625914607178,-2.5295083884429914,1.909968816885808,0.027910135223792765,2.198547194963556
511,8.936915302409187,11.452110318237555,-2.5151950158287946,2.894178026404525,0.04375800526925069,2.0164015337492183
512,8.819655181861133,11.415087293127623,-2.595432111266746,2.1646742738071367,0.029896200789427316,2.1714628718619893
513,8.64189707438224,11.007097565827433,-2.3652004914451936,2.924988803710807,0.050656145246389624,1.9543812600824795
514,8.379427958772492,10.986414901400433,-2.6069869426278274,2.6169641234003223,0.036208371590854764,2.0945796971223616
515,8.766877560949677,11.281739890854222,-2.514862329904645,2.2433923993959546,0.033599707787842645,2.124843092056325
516,8.500024703336901,11.112044545223458,-2.6120198418866494,1.6718713884092935,0.02219927619839171,2.2869408437817755
517,8.839552107335447,11.42397405443359,-2.5844219470977805,2.0767386819106157,0.028902992214099737,2.184807114181595
518,8.555326062864122,11.322704622223657,-2.767378559359713,1.8557586089311968,0.02124981608305127,2.303516211755666
519,8.683779829100029,11.255478093408872,-2.571698264308907,1.8059990274946713,0.025173081304182165,2.238736266911429
520,8.885560690691516,11.507127259404452,-2.621566568712751,2.0713706513440435,0.027779777438378797,2.200382372208042
521,8.492591071226041,11.040231402698478,-2.547640331471939,1.7283849835161043,0.024604401938314518,2.247557785781192
522,8.464888527959527,11.08530933007074,-2.620420802111312,2.0309747568915064,0.02722267065847331,2.208310000813247
523,8.657895948999037,11.315624831635848,-2.6577288826370022,2.5249479259410634,0.03322698635106239,2.129329771051959
524,9.632938338846241,12.156775369678304,-2.5238370308320555,1.834229518810691,0.026879701016745597,2.2132603573087293
525,8.966257666776226,11.560278359589528,-2.5940206928130465,1.1445334366284747,0.014919527762463572,2.434326566377989
526,9.306115120711791,11.797481148082664,-2.4913660273709866,2.911878902711024,0.04499249682751716,2.004724602753832
527,8.929134390357984,11.498765457597326,-2.569631067239243,2.6343317240605835,0.03775717168735853,2.0774811668975364
528,8.264613740245903,11.047583838687519,-2.7829700984420924,1.7849717100841573,0.020017877358223666,2.3260126216635593
529,8.883149184530492,11.375955554750615,-2.4928063702195686,2.11510641695239,0.032268032992058014,2.141074471419331
530,9.153239319389439,11.703720613106714,-2.5504812937169845,2.9106678237147605,0.04262608661354881,2.02735533159334
531,8.471490280982078,10.944508375887398,-2.4730180949054557,1.6710741739443158,0.025636172260751728,2.2316792100902525
532,8.380935328378353,11.16596551180265,-2.785030183424169,1.9999034795905182,0.022706945064706652,2.278329638593719
533,8.78109357797636,11.35554835600431,-2.574454778028212,1.7087324645019422,0.023637034715134217,2.262978174841606
534,8.695167521507454,11.294321656740099,-2.599154135232766,2.042662459265827,0.027978936321615744,2.1975815903550364
535,8.334866835079236,10.779049972687698,-2.4441831376084338,0.9364039160261974,0.014201341779696737,2.452129816103639
536,9.065256026006107,11.800438635496572,-2.7351826094904936,1.35896013105085,0.015477758460769193,2.4210027906490166
537,8.608932615895053,11.420477599971324,-2.8115449840765905,2.0736514640148123,0.023035730668753265,2.272841541415386
538,8.528850142120216,11.102988213789533,-2.574138071669495,0.7860544933307843,0.010110355787851102,2.5720319601223554
539,8.494928902713735,10.982146991466752,-2.4872180887532522,2.1676001553251822,0.03329381288515389,2.1285221811511876
540,8.61962464348441,11.295892946920016,-2.676268303435336,1.931141301176254,0.024358605400773677,2.25142542342682
541,8.489453353605466,11.124260224714124,-2.6348068711085944,1.7032895438887188,0.02212908845690379,2.2881448272345497
542,8.227524969924769,10.743940976341104,-2.5164160064164207,1.9735354289534008,0.02928721651699679,2.1795987639089875
543,9.180889287731286,11.706757530568833,-2.525868242837987,2.158875942789752,0.03191822939324379,2.145433170121058
544,8.88038506524769,11.71923501280676,-2.8388499475590834,1.459012804015245,0.015015839842476557,2.43199680323856
545,8.736916204634479,11.437498915652075,-2.7005827110174323,1.9578397539639134,0.024133333887563807,2.2549999186638576
546,8.608417250372138,11.326469764862619,-2.7180525144908643,2.4187747056523214,0.029945470592757525,2.1708108876498935
547,8.644116117140282,11.291107644817043,-2.6469915276770735,2.8000058971310793,0.03748026920839416,2.0804937401540493
548,8.548354255007933,11.233624726719963,-2.6852704717116467,2.5750223432879373,0.03306766524723421,2.1312607675266357
549,8.961169544091415,11.565628094357653,-2.604458550266372,3.231509579655196,0.0452302505684144,2.0025068179775682
550,9.158284554235404,11.69703461688275,-2.538750062647523,1.5789548490680048,0.022516861510497293,2.2815340956517094
551,8.593931073372612,11.115165061784555,-2.52123398841195,1.97418831838797,0.02915630803854472,2.181366653382621
552,8.916409042347066,11.571806384439338,-2.6553973420923285,2.3353144425655685,0.030609388959860026,2.162114015729305
553,8.407023282852759,11.12116027683064,-2.714136993977718,2.055615911079453,0.02512874987956922,2.239417713547109
554,8.305267902044005,10.829999468176158,-2.524731566132232,1.913658698674496,0.028103154051129398,2.1958434002634513
555,8.071928889137933,10.8924947001825,-2.820565811044162,2.1247810812809753,0.023467277442568827,2.2657404811587174
556,8.844720807885249,11.594259185598016,-2.7495383777127245,2.0074395955680515,0.023626356459131123,2.2631514242140014
557,7.9231863221677195,10.601789574892312,-2.67860325272477,1.3466208559079078,0.01628374774908218,2.402492965442453
558,8.996546573978929,11.585819902148874,-2.589273328170293,2.1383211534797724,0.02968399254338527,2.1742816114096457
559,8.98856551149326,11.453686900267211,-2.4651213887741505,2.8561877599526255,0.04518655691380687,2.0029136573185617
560,9.027835355491941,11.465149645888925,-2.4373142903968983,1.493544108393536,0.023611606817863874,2.2633908415524013
561,8.755742094310488,11.441525416640172,-2.685783322329371,1.2936924786498452,0.015451103253779517,2.4216292986109584
562,9.233026121985557,11.998978984395759,-2.7659528624103586,1.4661842514028685,0.01631522516417645,2.401786552993371
563,8.946340896537702,11.596731821026818,-2.6503909244893293,1.9951176581314272,0.025911529688234746,2.227535144615217
564,9.019225948502633,11.501065736537544,-2.481839788034904,2.2134505702205374,0.03421226839177522,2.1175609487454063
565,8.635418237680067,11.249929916996873,-2.61451167931682,1.9684164177921097,0.02646793062821845,2.219276334224134
566,8.776186659106923,11.317905240459172,-2.5417185813525975,1.7444812265278173,0.025004338818933696,2.241335689479612
567,8.95657617026215,11.706475453165258,-2.7498992829027884,1.806817396523165,0.02099195439281928,2.308129148625844
568,8.95948459803564,11.530667003883071,-2.571182405847594,1.511206585543107,0.02074526549482327,2.312588661929449
569,8.514992870215035,11.123981263255995,-2.6089883930412725,0.6811498477885856,0.00830267690630057,2.6395067530925336
570,8.826121942929756,11.339655644612254,-2.513533701682718,1.6984744997443357,0.02501239357431598,2.241211263948099
571,8.389549768784644,11.198247069344294,-2.808697300559288,2.442412468067271,0.027757339359439945,2.20069900428684
572,8.216797288767037,10.941233205090047,-2.7244359163228182,1.5524619873625198,0.018180438468844973,2.3619225804145754
573,8.556066907256689,11.201290170739735,-2.645223263483331,2.8270052005398725,0.03792472373893629,2.0756673923708764
574,8.07204881087834,10.881652284691722,-2.809603473813695,1.3213931703740016,0.01383874208774317,2.461422166658893
575,8.412908512461097,10.977856567469988,-2.564948055009154,1.1316818165485962,0.015219176925223836,2.4271210499450597
576,8.81536097321911,11.305058915302052,-2.4896979420827847,2.5487539199508156,0.03931998935336989,2.060822371639019
577,8.41543310780268,11.145259499065663,-2.729826391262577,1.8167818589041644,0.021558980467287533,2.298049350977421
578,8.355134408007569,11.00506961927702,-2.6499352112691668,1.675433551757358,0.02139248257145107,2.3009849359784873
579,8.296580427714314,10.883506548790027,-2.586926121075976,2.1306332193713295,0.02963766028443323,2.1748993415028153
580,8.779621839807685,11.487754608232745,-2.7081327684254575,1.6077599471043236,0.01923282021339719,2.340987321672476
581,8.30763686994548,11.050657751621134,-2.7430208816754202,1.2706965617451047,0.014230278676153042,2.4513973031743643
582,8.523395950916136,11.095696700795752,-2.5723007498795596,2.0960112336149948,0.02954404787614874,2.176149977906519
583,8.332562709872644,11.102829617057676,-2.7702669071850323,1.1752347324297965,0.012648420681721307,2.493517899504253
584,8.929938656549592,11.498844313465572,-2.568905656916286,1.5906755407451065,0.02199108433594447,2.2905218343258387
585,8.938786561204022,11.525672659252482,-2.5868860980485806,1.6910606058756237,0.02307196833149737,2.2722408315904787
586,8.488669556190114,11.154776116917429,-2.6661065607272576,1.9835223948794578,0.025344441732728252,2.236111906264729
587,9.061157088363569,11.591072083373245,-2.529914995009676,2.190104539539888,0.03227940424424011,2.140933461706385
588,8.613661275474595,11.023490541992832,-2.4098292665185,2.7315905101032243,0.04544925256233288,2.0004726295201007
589,8.629743838784787,11.234133608644552,-2.604389769860063,1.582409624536968,0.0210668350937963,2.306784529931911
590,8.91607185000127,11.373710849796073,-2.4576389997946535,2.5970984225066864,0.041310260753425664,2.0404024232627913
591,8.794829171918234,11.421460610248378,-2.6266314383301506,2.666238496576213,0.03626035046568702,2.093995844074726
592,8.862354682714038,11.531742201370516,-2.6693875186560945,1.8254805158034912,0.023052107314692438,2.2725699650554003
593,8.67207055615533,11.391831252478685,-2.719760696323192,2.4120684626120372,0.029805809872288255,2.172661414819075
594,8.188869807543295,10.800104922403609,-2.611235114860392,2.6243446806843735,0.03617249859337322,2.0949830576180575
595,8.69754903206255,11.284663110173359,-2.5871140781109716,2.06245373223609,0.02861226116101124,2.188787878517755
596,8.579682769335857,11.141113323666705,-2.5614305543308546,2.295114731271049,0.03289915322638752,2.133311844452529
597,8.61050365332282,11.243095716069444,-2.6325920627468804,1.2755895983231333,0.01611709397862458,2.4062531067367443
598,8.44168815692107,11.159840729122681,-2.7181525722016886,1.555601234407959,0.018342469900330952,2.3586312957611715
599,8.78490894211033,11.291306994459266,-2.506398052348686,2.0248511105269635,0.03040079536608058,2.164828839614882
600,8.774487120928523,11.374581526828837,-2.6000944059005633,1.8673636167951067,0.02535909687226918,2.235888178375144
601,8.902601880307127,11.535952949672986,-2.6333510693661992,2.1382911334682717,0.028422701789117672,2.1914021759426876
602,7.692422287498328,10.161084627812233,-2.46866234031404,2.092667292673447,0.03267849081396022,2.136011324073401
603,8.860464164287048,11.456750989278024,-2.5962868249903295,1.128920797320724,0.014658859672983932,2.4406991828182667
604,9.127679267267165,11.610747988031317,-2.48306872076364,1.6844623934969825,0.02558705372126878,2.2324224755733098
605,8.39124725521621,11.057482179652627,-2.666234924436594,1.292722681091238,0.015769515687680064,2.4142066487587845
606,8.670574046486461,11.14658916533278,-2.4760151188465898,2.171267622757725,0.03372140176927445,2.123387404840251
607,8.381904622366317,11.105254223593878,-2.7233496012272553,1.1705066997160074,0.013258578319862551,2.4767471774243766
608,8.621698127088774,11.190718251968288,-2.5690201248794438,2.040044792801936,0.028791000461285892,2.186336433777938
609,8.44855571180339,11.068596672985944,-2.6200409611828945,1.8385495213802017,0.024431899235237965,2.250268610802167
610,9.027642930753398,11.785196215881886,-2.757553285128324,0.6604210411089646,0.006737625046932226,2.7095416240285806
611,9.37465855042971,12.07344589447857,-2.698787344048924,2.1463127785492375,0.026758732516618644,2.215019406553212
612,8.561008557353187,11.10468434904033,-2.5436757916868373,1.404959210071489,0.01973020450846005,2.331439352539922
613,9.097474231970562,11.603352430224458,-2.5058781982538676,2.560363213817947,0.03890862668728252,2.065151935244263
614,9.070912698618184,11.58229070935641,-2.5113780107385537,0.8516728300107523,0.011864611434706199,2.5161457268863
615,9.234566879924085,11.83585088009303,-2.6012840001685618,1.645682430299626,0.022063518053805884,2.289272610586685
616,9.052366537873848,11.68702689801393,-2.634660360140515,2.8611551707792806,0.03878182910046315,2.066494310234567
617,8.333192196662065,11.271677225985908,-2.938485029324056,0.9277118612087563,0.00801205142868113,2.651561525263556
618,8.475872228502038,11.063567923916299,-2.5876956954148227,1.1471490970095957,0.015062290019208871,2.4308778877862034
619,8.84672938427381,11.357075126462082,-2.510345742188747,2.8150484702849674,0.04272355929893209,2.0264024578125603
620,8.718932678284244,11.364419236252122,-2.6454865579676152,1.2240944763475312,0.015182468294695467,2.427997013524562
621,8.975262066468229,11.667099836632314,-2.6918377701640566,1.4007689773240628,0.01677537272746292,2.3915943267219837
622,8.958799040273032,11.56858635848602,-2.609787318212966,2.6563526975703375,0.036689217228747885,2.08920562589482
623,8.687926101826331,11.53026351281125,-2.8423374109847828,1.7975115513697695,0.01898855977023086,2.345755487147567
624,8.273554076911903,11.024856378254132,-2.7513023013420934,1.8613242099701566,0.021672365735808566,2.2960614910458856
625,8.590266546023184,11.062385333096532,-2.4721187870732138,1.061948289906919,0.01575573821524957,2.41452508027171
626,8.564503981645583,11.156390627205592,-2.5918866455599527,1.4402138661895343,0.01925186054239522,2.34061786664243
627,8.530643888765251,11.081603784850952,-2.5509598960857147,1.9399630304507447,0.027773205690855233,2.2004750857392237
628,8.749057776943726,11.516425792652601,-2.767368015709053,1.601964224391594,0.01800472524787514,2.365520936558152
629,8.738697845574432,11.25540724052075,-2.516709394946247,1.1167387539872884,0.015827764040423645,2.41286308339657
630,8.638519270640398,11.205569259405404,-2.5670499887651204,1.5787175687800499,0.021853506633830812,2.29290444901502
631,8.420101746077005,11.146944293220674,-2.726842547144315,1.0888444287133723,0.012179029377537131,2.506914133632003
632,8.497158860462303,11.200968597003328,-2.703809736540734,1.5145921357801768,0.018073561533192867,2.364107618766341
633,8.498246008503582,11.172480335595498,-2.6742343270916535,2.267876393467013,0.029114288929980484,2.181935560144972
634,8.521837419648516,11.123293451216522,-2.6014560315679773,2.970143705407356,0.04156480322835254,2.037851329626847
635,8.54622524967105,11.445737492659493,-2.899512242988294,1.0530374244749865,0.009676062705352772,2.5871956725545355
636,8.803677142335044,11.389967438593121,-2.58629029625763,2.084680579190973,0.028968386713285884,2.1839164676941083
637,8.953530427941285,11.565208502839457,-2.6116780748975543,1.6720393317479356,0.02220960326982088,2.2867639751860342
638,8.625913701918915,11.375360815056975,-2.749447113138558,1.7208966034907256,0.019883778553600687,2.328533763823932
639,8.779027555428609,11.435617918887093,-2.6565903634582355,2.118442729694525,0.027498191044762997,2.204372030128678
640,8.634243698430208,11.249228426868878,-2.614984728438685,2.5460786805608286,0.034905038626831315,2.109458336672077
641,8.694511630291952,11.278846261886759,-2.584334631595084,3.014419438863861,0.04286335118586515,2.0250390832150202
642,9.013971486427334,11.62388469303578,-2.6099132066083257,2.160097073226293,0.02940686210971269,2.177988914009934
643,8.806785116025974,11.580640394493809,-2.7738552784680905,1.4446278927601277,0.01591004418719177,2.410972587776299
644,8.951814768856064,11.442731702737628,-2.4909169338816355,2.2266259435717046,0.03412224504886469,2.118624127144666
645,9.483757701448365,11.885077456899072,-2.4013197554509134,2.46449976664098,0.04129841903460077,2.040521427913699
646,8.371213790377322,10.756086358130165,-2.3848725677530638,2.976940872946919,0.050633315710084684,1.9545744818090494
647,8.695044199000375,11.516371918204026,-2.8213277192035093,1.265302823776345,0.013006081684283041,2.4836027223384445
648,8.477741598924847,11.060993806626424,-2.5832522077012072,2.3529166487954,0.03307746855452303,2.131141720270014
649,8.764816935402148,11.448428832275315,-2.683611896873572,1.8731452118064347,0.023377668072327804,2.2672056135882666
650,8.820980642809143,11.278303795674187,-2.4573231528652286,1.6352722123812136,0.025464007496536486,2.2342898538743077
651,8.97817032676873,11.488069364018234,-2.5098990372489425,2.6276889394000413,0.039817473785244875,2.0556374646144984
652,8.609658107461808,11.338275412684286,-2.7286173052220875,1.1623582309889429,0.013078937260739715,2.4816126226618938
653,8.547953313846545,10.97209175840317,-2.4241384445567746,2.2657413289628963,0.03707617835086041,2.084924235772963
654,8.829719857045045,11.412549498387339,-2.582829641342414,2.753051014923237,0.03905959437139491,2.0635585150400613
655,8.743645034888385,11.324399856936704,-2.5807548220482204,1.6636423330681538,0.022808996262800342,2.276618849608803
656,8.566374200609214,11.200747290700843,-2.6343730900916853,0.899010234663109,0.010926629631318035,2.545036563491417
657,8.836353008026588,11.493061918307756,-2.656708910281395,1.5094142498835836,0.018924439866720107,2.3470160441376176
658,8.798813404591936,11.48104957966363,-2.6822361750714663,2.248974191412053,0.028625883333811584,2.1886005841788214
659,8.76582912866358,11.181195692650572,-2.4153665639873907,3.295241773995066,0.0544280093060445,1.9234145434105003
660,8.808470982894203,11.427103620751193,-2.61863263785699,2.461272284336161,0.03355039676261681,2.1254342280833947
661,8.638777414997246,11.338484434611129,-2.699707019613925,2.0743798782790286,0.025748697530189137,2.2299811015613162
662,9.029429328486156,11.620312640766013,-2.590883312279857,2.694635255459069,0.0379075516425751,2.0758529688852687
663,8.77860085096442,11.289757253177772,-2.511156402213601,2.131112801013831,0.03194270564770935,2.1451268569697652
664,8.391813483759204,10.9143972301619,-2.522583746402688,1.620214774422827,0.02354992493299459,2.264393475054708
665,8.859678295487054,11.614021372051841,-2.7543430765649646,2.0428347204266295,0.02397679567406366,2.2575008622012764
666,8.57663528902155,11.245379831706398,-2.66874454268509,1.6595490454410147,0.020758666393284924,2.312345223324167
667,8.69222906195925,11.479969187543904,-2.7877401255846053,1.2714847947227383,0.013564457541225615,2.4685951748780224
668,8.983768097001455,11.328037519544456,-2.344269422542766,1.3650958443963717,0.023722833107875034,2.261588598269167
669,8.565805744661855,11.383641049096607,-2.8178353044349933,1.4461227782271209,0.015200323295912203,2.427570713999639
670,8.39854872781886,11.207447169103563,-2.808898441284782,1.5956592934792795,0.017162736112927002,2.3832028083532024
671,8.93663099892198,11.364348462300097,-2.4277174633784853,2.620904571803127,0.04287743286730778,2.024901954650118
672,8.923247503004102,11.548274358435574,-2.62502685543177,1.4672529770884672,0.018967767822937572,2.3461638354325562
673,8.28273716199207,10.984219395865392,-2.701482233873776,1.2338185106450865,0.014405892911593355,2.4469797587362083
674,8.72742505642115,11.226439564585103,-2.4990145081642368,2.277706271529997,0.03466935902952424,2.1121992943592964
675,8.486150948074435,11.103632746008248,-2.6174817979335785,2.120411089280619,0.028609098771753556,2.1888313699071675
676,9.061878401865368,11.56617283279152,-2.5042944309261657,2.6810773786777276,0.04086475791275322,2.044899594547162
677,8.879970381724586,11.600149570706922,-2.720179188982911,0.7293846468546832,0.007855370481160194,2.6582238201021466
678,8.70600579114868,11.419908782635705,-2.7139029914869752,1.8562021121177388,0.022442301949822704,2.282797455078978
679,8.245085568643997,10.948966088436219,-2.7038805197921647,2.441887306719508,0.030670633701328144,2.1613199395550344
680,8.334907608569363,10.847670842901504,-2.512763234331942,2.3260982850323124,0.03497423443658352,2.108656589541424
681,8.847094275086118,11.504102506620566,-2.6570082315347463,1.529358040805576,0.019195793187699456,2.34170670348028
682,8.729718297935658,11.342167244926397,-2.612448946990753,2.2498348142110203,0.030650038846554317,2.1615868125755107
683,8.679110851716512,11.38190384814347,-2.702792996426979,1.2339920151647163,0.01438751953938985,2.447439705843714
684,8.548448755886664,11.038563080089776,-2.490114324203205,1.7823344093580076,0.02698145560457794,2.211785989888325
685,9.036248593217959,11.564016572087443,-2.5277679788691785,2.105732013927831,0.03102681706868825,2.1567286017909897
686,8.861753538588953,11.339313427344809,-2.477559888756332,1.560039651630138,0.02370495164212652,2.261877843437792
687,9.002708124417648,11.422482924531327,-2.419774800113373,1.118036890699699,0.017659543836236063,2.372680257614204
688,8.168546262072748,10.95096016765486,-2.7824139055819614,1.0603974210066944,0.011112114806688504,2.5391532132519874
689,8.63257093644749,11.24253170114488,-2.609960764697462,1.3850269093231091,0.018088384931703328,2.3638038880067422
690,8.57396501547434,10.99664292403818,-2.4226779085638555,1.2960388935084772,0.02061711288118586,2.3149236123635664
691,8.687493690120089,11.408702158768886,-2.7212084686489106,0.9998262319966962,0.011140530668991719,2.538259617205142
692,8.752411891038417,11.24275737351807,-2.49034548247937,1.6552727804303515,0.0249233414765174,2.242588825890117
693,8.20712267283822,10.771526051995433,-2.564403379157284,1.601108203764987,0.022253047677308166,2.286020698514456
694,8.513373756985555,11.091461145815689,-2.5780873888302267,2.0965758881451535,0.02938391401585254,2.1782972468515487
695,8.562669309545225,11.354764881773516,-2.7920955722283907,0.9635179532283864,0.009866876726341888,2.580460066343823
696,8.587014261116718,11.19800729431444,-2.6109930331972464,1.4658677960448507,0.019233200321780657,2.340979942993007
697,7.913942496425687,10.558737526955095,-2.644795030529167,1.5261928688844186,0.019400422980364665,2.3377461038784237
698,9.037270055596917,11.542489919814468,-2.5052198642174517,2.292648487220994,0.03469872687320841,2.1118568795210693
699,8.733298988789254,11.382233480943494,-2.6489344921542397,1.6653754436089159,0.02127280025877629,2.3031074142473273
700,8.734905064028833,11.248504799535471,-2.513599735506432,2.304475741171757,0.03460508851997299,2.112949522595182
701,8.75362657932116,11.407252613978937,-2.6536260346579184,0.8943267410179381,0.010627185946232045,2.554724547458016
702,8.287523130855487,10.969174102163908,-2.6816509713084997,2.8759950068791973,0.037357111048368336,2.081839734054024
703,9.113915168939155,11.688546229521972,-2.5746310605827603,3.1260285819961986,0.04488496136077426,2.005730948683249
704,8.256348062304067,11.056873233000065,-2.8005251706958916,0.6906812116052912,0.006732528688555292,2.7097926271921073
705,8.73720561319912,11.369100790184444,-2.631895176985381,2.543702848636155,0.03431867201276885,2.1163073973986304
706,8.74036444355367,11.215315045824024,-2.4749506022708374,1.1714647797073496,0.01746223878558959,2.3768277839358602
707,8.965368600435038,11.436772409821973,-2.471403809387084,1.900601519121004,0.02944437351433262,2.1774853525179125
708,8.60759349306515,11.283291637486787,-2.675698144421858,1.703276904257205,0.021212457977391137,2.3041814870561685
709,8.549264180597373,11.204801767981028,-2.6555375873836056,1.3489011533186464,0.016725595667159053,2.3926849573803577
710,9.174607255501694,11.722164845331452,-2.5475575898294665,1.665335794827584,0.023636300027939868,2.2629900925988244
711,8.841372881836985,11.352500105243028,-2.511127223405765,1.816664526643212,0.02695126622611155,2.212222915662419
712,8.658538692771042,11.292012942353896,-2.6334742495828323,2.073083125044281,0.027478242133301543,2.204656011019949
713,8.953001256314717,11.599889374865793,-2.6468881185510327,1.9117541383995231,0.024814448326713028,2.2442791169011342
714,8.592068283587803,11.317991333409939,-2.725923049822086,1.7280097808846016,0.020466439801271018,2.317685129212569
715,8.886914120913087,11.581520121050115,-2.6946060001369005,2.298796596348538,0.02897007694314483,2.183893470405086
716,9.097673932922742,11.489375902855254,-2.391701969932001,1.7981696335270065,0.030126091396450214,2.168428603050044
717,9.277630008232034,11.964098088958036,-2.686468080726627,1.6340679003629361,0.02003199237559637,2.325748108671654
718,8.93255961507263,11.48539167494587,-2.5528320598732535,2.8870854028231925,0.04218006854633596,2.0317391672221317
719,8.516170166935051,11.002792879018845,-2.486622712083772,1.605268555589113,0.024210953395595244,2.253765037452
720,8.24896004682584,11.03223814391853,-2.783278097092989,0.9688326942707555,0.010027439729167432,2.5748816291674745
721,8.46601217703316,11.307285788392424,-2.8412736113591563,1.8679518787023746,0.01986079360252773,2.3289673847183425
722,8.88022915802382,11.530366264699449,-2.650137106676084,2.7849151261074816,0.03715831406415229,2.084020373900351
723,8.608362543381798,11.16061736282263,-2.5522548194408046,1.1071950346596324,0.015070789940618806,2.4306734664049454
724,8.91545533727064,11.565443248065112,-2.6499879107941524,2.218004216013714,0.029097019012708263,2.182169586599482
725,8.86075317974898,11.528683816572045,-2.6679306368228026,2.535925451614343,0.033062303164107666,2.131325895198554
726,9.029035531251491,11.498776896989636,-2.4697413657377183,2.1892793850838466,0.034223826659177475,2.1174246185067713
727,8.75089331693486,11.372665824651168,-2.621772507716287,2.4063592437923944,0.03265179616414259,2.136338951349918
728,8.436242916619602,11.187513458764737,-2.7512705421449937,1.5152349830594822,0.01719773504718144,2.382452830960336
729,9.098852101075106,11.351559291885383,-2.25270719081027,2.574479255176307,0.04960441939055745,1.9633594731041406
730,8.851907753521726,11.539791245777774,-2.687883492256333,2.021242412369965,0.025318210603705815,2.2365126348878013
731,8.7979476520815,11.495448396748937,-2.69750074466765,1.6640334747680647,0.02020806123634219,2.322462205157498
732,8.890124893694217,11.455734505097556,-2.565609611403488,2.112438667964998,0.029990109755292756,2.1702209761286775
733,8.849145009188913,11.367678657634873,-2.5185336484455547,1.7700908810176053,0.02601295231960118,2.2260183500178345
734,8.57729225296195,11.358783799486442,-2.781491546524194,2.0015997217038084,0.022809158691948064,2.276616131947852
735,8.613415368059275,11.060903810464954,-2.4474884424053016,1.826025783038343,0.02891863444721925,2.1845939156035072
736,8.75482953856287,11.216865188167663,-2.462035649604786,2.946985072344301,0.04676377945922389,1.9884333861409427
737,8.455506033306545,11.182347038685808,-2.7268410053798107,1.8684518709856235,0.022312348288774642,2.285008177136953
738,8.472554283415018,11.15386979067667,-2.681315507261388,0.9692342297834351,0.011257124363486208,2.534614150880462
739,8.654428005356447,11.305919264636895,-2.651491259280192,2.3231125371481838,0.030551141517523136,2.1628704970396884
740,8.434620238606993,11.036932751560624,-2.6023125129531763,1.4274152963918034,0.018852682340882224,2.348431188466808
741,8.53891282893498,11.098978539458063,-2.560065710523304,2.1094636447678816,0.030109286148482357,2.1686497358943835
742,8.822274467696541,11.499308774507963,-2.6770343068114926,1.8733298434176398,0.023536715728020578,2.264608485717839
743,8.574373036073364,11.308319078849468,-2.733946042776097,1.613416724418279,0.018794749540346354,2.3495771337007225
744,8.080673788389202,10.756804265605165,-2.676130477215793,1.5601264966137514,0.019233527697336994,2.3409735880674902
745,8.837256456634503,11.47171810399244,-2.6344616473579663,2.716570613743656,0.03671905054811947,2.0888741811660094
746,8.879537832269914,11.450078870251264,-2.5705410379814566,2.492046104897579,0.03558431463516499,2.1016458005681242
747,9.246844548403867,11.818376604535022,-2.5715320561307635,2.2628259420365637,0.032090950831415214,2.143275899816663
748,8.830738541322415,11.543654114383163,-2.7129155730603998,1.7953160118752152,0.0216457407318981,2.2965274633727355
749,8.5660451663836,11.143509651932877,-2.5774644855491715,2.3182192229638616,0.03274024438427138,2.135254291104394
750,9.011335799406123,11.64284555592791,-2.631509756522064,2.214677553743691,0.029578618364260848,2.1756877291772003
751,8.497529501515753,11.116338516108438,-2.6188090145924434,2.338152260229826,0.031749794642853685,2.1475465599437795
752,8.554796453468196,11.203414408681635,-2.648617955213467,2.378632096041013,0.03142820310162754,2.1516084873209653
753,8.959739476176008,11.775626781232784,-2.815887305056094,2.2268273084600807,0.024854773839158625,2.2436524176259
754,8.910651519471383,11.46938374188014,-2.5587322224087075,1.7658931047962554,0.02489668976571091,2.2430019343720016
755,8.719906140007122,11.428266267386864,-2.7083601273793647,2.034052678525562,0.024980313544867648,2.2417070252480795
756,8.704205601110214,11.260829820298998,-2.5566242191889614,1.6870059247977025,0.02374525904290556,2.261226110387374
757,9.08118538252317,11.971875180840687,-2.890689798317453,1.773378771685472,0.017794042611499077,2.3698761934173223
758,8.498294270989543,11.005368467989666,-2.507074196999838,1.8636588216002252,0.027812025269284408,2.199927697066179
759,8.514519723894562,11.05689446644445,-2.5423747425497822,2.2788491306932137,0.03326015177160241,2.1289287977417755
760,9.035351656848587,11.744258414225381,-2.708906757377008,2.002141510876559,0.024533366699526292,2.248672081224662
761,8.752135666580369,11.474159484147844,-2.722023817567333,2.230979640615768,0.027295528895368903,2.207265316587741
762,9.13920506292349,11.77829010451386,-2.6390850415900786,1.693516663996892,0.021892165987024752,2.2922336185779404
763,8.624765170467679,11.304630990703291,-2.679865820235591,2.3518038997475053,0.030125478625257676,2.16843666437335
764,8.577340744234032,11.09280907285348,-2.5154683286191357,2.0576786622123855,0.03064635985132714,2.1616345020802883
765,8.873393373592233,11.496575474469193,-2.6231821008768748,2.191113820283171,0.0294773106528025,2.1770436518068554
766,8.676972292579347,11.18800013857398,-2.511027845994704,2.391343526318664,0.03606242105994838,2.0962229155002143
767,8.834755313646536,11.460304196450426,-2.6255488828037414,2.0433780747328747,0.027263916873123503,2.207718292455538
768,8.407235963481224,11.025019936667643,-2.6177839731867607,1.8552743001528818,0.02473166568839707,2.2455684118336463
769,9.061229347281522,11.617354224874678,-2.5561248775929926,2.0125235555309082,0.028741180689951542,2.1870184014559046
770,8.19382071315992,10.845678204929488,-2.6518574917695332,1.7060987629462616,0.021781787703635983,2.2941516801736084
771,9.037325516892604,11.695165257391519,-2.6578397404991847,1.9407022917015304,0.024950203846960783,2.242172839034994
772,8.471350353400037,11.119179816663657,-2.647829463263861,1.564879021151775,0.01988147296064777,2.328577240064927
773,8.58051269213335,11.0753508182075,-2.4948381260737733,1.5702283261434715,0.023440630927215888,2.266175649384768
774,8.492529237319712,11.113026466710597,-2.6204972293908213,2.2932539663397264,0.031043896096440926,2.1565095856201344
775,8.967650647732778,11.575971731197118,-2.6083210834644888,2.0657569074316555,0.028064621107720976,2.196381885577906
776,8.764749684664064,11.35169640250771,-2.5869467178436025,2.6849819244859425,0.03790318253015401,2.0759001967006068
777,8.844561625561408,11.531159305707835,-2.6865976801464058,1.5789885735854519,0.01927928566711733,2.3400862754481975
778,8.7574227892848,11.335991233689636,-2.5785684444053913,1.3931566033339493,0.018829946399008497,2.348880551243278
779,8.66937359854516,11.238418263084295,-2.5690446645389784,2.638659311343371,0.03784290059592735,2.0765522859624324
780,8.911848108932343,11.324797842063337,-2.412949733131427,2.0383168426495786,0.033600270655155424,2.124836348739503
781,8.31825783803394,10.958971454092062,-2.6407136160582922,1.6835592454650126,0.021713692661481623,2.2953392018976113
782,8.993967216414756,11.552726111468854,-2.55875889505387,0.6083510904482559,0.007796217344524082,2.6607700812481068
783,8.661723673571185,11.270958107101006,-2.609234433529309,1.1527443985104746,0.014786051714789226,2.4375773200862403
784,8.569497761288101,11.183546809631142,-2.6140490483430767,2.145709860906379,0.029076827273079302,2.182443358615745
785,8.842816329344867,11.511705555330035,-2.6688892259849126,1.830786546704914,0.023137866945485724,2.271150530475421
786,8.680958390661697,11.368688125761825,-2.68772973510022,2.5773134255484784,0.03302296685034431,2.1318039493121126
787,9.018788347938578,11.327562421439357,-2.3087740735008992,2.0856603070772515,0.03814827754694146,2.07325797461319
788,8.366201591827728,11.130948201911277,-2.764746610083421,1.403497487878493,0.015549376317678151,2.4193241646958197
789,9.097209998141505,11.663269347561165,-2.566059349419902,2.717195943544425,0.0391300148870631,2.062817035319261
790,8.82854574685022,11.54943994911567,-2.720894202265299,1.8211473977079464,0.021814730535136752,2.2935783433775287
791,8.321260459556168,11.005866489993007,-2.684606030436953,2.1825109818966872,0.027637145887194677,2.2023988664735534
792,8.52458499094352,11.01834640044341,-2.4937614095001663,2.6745608621059667,0.041163183310334577,2.04188254802023
793,8.671996507711963,11.227100354972844,-2.5551038472608525,1.9560786308798548,0.027904731137429705,2.1986231267285343
794,9.159141866060207,11.69195026542246,-2.5328083993622386,2.6184722324038887,0.038832836749550306,2.0659538571147835
795,8.847435588739398,11.416077119698397,-2.568641530959212,1.6138831552639274,0.022347081404095068,2.2844162167218323
796,8.925184046125349,11.502892105214354,-2.5777080590892183,2.1994672979863203,0.03094506247966765,2.157778432810939
797,8.454583665403486,10.977187048201959,-2.5226033827984793,2.3380885357954,0.03483175933629816,2.1103088785979827
798,8.682340305582482,11.185577912585213,-2.503237607002575,2.60399366164971,0.039692861794001506,2.056931018174625
799,8.962292785564994,11.625183027504281,-2.6628902419392944,1.8534591530739952,0.023597860052832452,2.263614096991846
800,9.129309546303528,11.824072500993761,-2.694762954690759,2.301526598502967,0.02900330831399634,2.18344155836369
801,8.903012241578079,11.491347167304415,-2.5883349257260306,1.6010861286989666,0.02170167752703873,2.295549072318486
802,8.60750160378181,11.33092918393427,-2.72342758015202,0.5395174889079577,0.005620155750272046,2.7691569324269456
803,8.757230115076407,11.471267326081428,-2.7140372110047792,0.9322451793064417,0.010387606429161773,2.562652144344146
804,8.456411968224227,11.13570169510562,-2.6792897268819615,1.8276269467713462,0.022850188754816904,2.27593018104781
805,9.143359887118702,11.777530632203021,-2.6341707450842478,1.7905684241467235,0.023394045766014646,2.2669374711575285
806,8.55956755239519,11.134751987431283,-2.5751844350361353,1.7599817214458255,0.024390370800137638,2.2509236932979824
807,8.390681002587069,10.960855784759698,-2.5701747821726713,2.4442827327709082,0.034876209966184006,2.1097927645926187
808,8.299553049530157,11.019642699066669,-2.720089649536476,1.5350611217601795,0.018034537058801627,2.3649082729642243
809,8.978176395848248,11.472796708916935,-2.4946203130689355,2.257398526600074,0.034492220800481935,2.114269910218414
810,8.729611250569786,11.380525923517954,-2.650914672948147,1.4762399969381796,0.018577735571296897,2.3538974491446116
811,8.617727808842272,11.248007453236493,-2.6302796443947045,1.652022041974753,0.021497835406569746,2.299125120879643
812,8.631034343260279,11.26888205285282,-2.637847709592279,1.7063741471057057,0.02210357668319212,2.2885832731181135
813,9.105884393065633,11.683496664214086,-2.5776122711486096,1.5668638117399425,0.021435176333212014,2.3002302952601186
814,9.148439351403947,11.673214243579043,-2.5247748921756283,1.8500246158416367,0.027102143399376114,2.2100435008197414
815,8.203988360243937,10.886984713954472,-2.682996353710678,1.6557482905853753,0.020401357636097628,2.3188834333849364
816,8.978600653640267,11.80611919661919,-2.8275185429788507,1.0048090354255415,0.009941461338596308,2.577858794801679
817,8.87816057060915,11.484987647326687,-2.606827076717309,2.314753191379573,0.03177406846230478,2.147241398741029
818,8.911168444228377,11.511127372961145,-2.599958928733031,1.2939889890553822,0.016966041997295372,2.387442814962842
819,8.623449503516138,11.160704360451195,-2.537254856934851,1.3077808389109293,0.01837551018489139,2.357963286601285
820,8.327782498991535,11.089939510273926,-2.762157011282852,1.357309265030711,0.015014328588944255,2.432033258265693
821,8.416789247853256,11.139286396426147,-2.722497148572984,1.7783489444724339,0.02120852438618478,2.30425159605019
822,8.064691631733847,10.693142691576174,-2.628451059842064,2.0370619901132834,0.02709382985880627,2.210163316608352
823,8.940025572516031,11.52055350695652,-2.580527934440397,2.4106077729232496,0.03402939970785244,2.119723147788902
824,8.439375176994115,11.222806450835915,-2.7834312738418703,1.514613061371449,0.016615719670174053,2.3951024984621347
825,8.633563547260717,11.189076899067818,-2.555513351807349,1.8087835929162424,0.02563584273925333,2.2316841923287067
826,8.810185324684578,11.521192881173942,-2.7110075564892213,1.6886028285395085,0.02025534916968706,2.3215839457989556
827,8.719225326510848,11.33974338402481,-2.620518057514346,0.947596168580116,0.011763440742384619,2.5191623380691093
828,8.763243195721014,11.39926844907318,-2.6360252533522726,1.6245873538435411,0.0209788043202087,2.3083657133212836
829,8.594345978199879,11.213107395320119,-2.6187614171208224,1.6517643938702449,0.021753397781406898,2.2946463838745266
830,8.978095183697103,11.743689327148775,-2.7655941434518354,2.6063665224766126,0.031070064915820015,2.156174205316516
831,8.268833022170536,10.970261522783797,-2.7014285006130194,1.9215660771672454,0.023618306878435743,2.2632820695605913
832,8.694172137766753,11.21206701736092,-2.5178948795937686,1.8892861013251476,0.027912823397432725,2.198509428679812
833,8.470315349622677,11.142918855743833,-2.6726035061215043,1.609387567199871,0.01998319857063724,2.326663188142893
834,8.957895756122223,11.32960998547382,-2.371714229351255,1.8888033696036963,0.032360039093290195,2.1399347649085345
835,8.718239351785694,11.170685106998487,-2.452445755212466,1.4406475705885882,0.022355382342412293,2.28427486133707
836,8.960533218537574,11.590423930664517,-2.6298907121267803,2.5343516005729825,0.034248623098197296,2.1171322761977014
837,8.194408144697416,10.876701377186745,-2.6822932324889734,1.4078944852082849,0.01704399613111489,2.3857572748894538
838,8.403644215042885,11.15813563586568,-2.7544914208228874,1.324637264676042,0.014728355479530759,2.4389904991175277
839,8.867904935788527,11.476044592459669,-2.608139656671028,2.4562234124171987,0.033812788562276055,2.122297198925882
840,8.87978426290162,11.55255768671623,-2.672773423815215,2.222626711225182,0.028521563936018558,2.19003685680406
841,8.543191911957518,11.081976524082474,-2.538784612125255,2.632397310924734,0.03883034407419079,2.0659802543127115
842,8.496849672552496,11.040464823872238,-2.5436151513199547,2.8144131984311542,0.041431882934236504,2.039181837098968
843,8.794406981071614,11.369560213424084,-2.575153232352477,1.928511704890628,0.02693200086259369,2.2125019609155934
844,8.894524459193843,11.466557372045546,-2.5720329128516823,1.9309420177525745,0.027053628544886136,2.2107431511138174
845,9.197856909630598,11.646995831911664,-2.449138922280781,2.2385327311134375,0.03573733817692737,2.099903416382433
846,8.67226145241845,11.525536861484813,-2.8532754090661,2.088019918198359,0.022275638874046745,2.285634691416609
847,9.162383746251333,11.684976404838654,-2.5225926585872003,1.718610402020417,0.025095203715719633,2.2399340651158473
848,8.461105495796044,11.112016365968042,-2.6509108701720834,1.8943544690830691,0.02446692506108556,2.2497168522098967
849,9.200291968770824,11.625118554205198,-2.4248265854344027,1.7346923118470805,0.02803890820343896,2.196741569633097
850,8.555406951837693,11.09016175002478,-2.5347547981873504,2.494671754908957,0.036852001242960265,2.0873998974422916
851,8.428281737038713,11.045123011302234,-2.6168412742636065,1.936908923141175,0.02594613116167889,2.227017097064999
852,8.67493572947448,11.457254431016228,-2.7823187015419535,1.5933595305281685,0.01761778689563882,2.373554624511891
853,8.631424647480042,11.226810678145629,-2.595386030665395,1.4242318387151442,0.018946384517049313,2.3465842063092164
854,8.087219518072896,10.695898796134191,-2.6086792780615724,1.725315296636353,0.023057519175769,2.272480256191539
855,8.761396483023116,11.452324217981943,-2.6909277349586773,2.03100860076918,0.02537599469192066,2.235630352182337
856,8.22862082949511,10.769238429231425,-2.540617599736379,2.0574839716357154,0.02988714950245164,2.1715827473928497
857,8.801211680860131,11.484657441352976,-2.6834457604923045,2.438494187407663,0.031227161527586107,2.1541659317096777
858,8.551439643544807,11.392519009122335,-2.8410793655775706,1.3119169108543858,0.013266911894489884,2.4765228864114306
859,8.85513045867462,11.344631398221711,-2.489500939546815,2.0116738667441396,0.030704602590710842,2.1608800986610532
860,8.72999559831366,11.340725086527822,-2.6107294882140195,2.2340863424909045,0.030470066506121288,2.163925513279685
861,8.725695910689108,11.358501526471532,-2.6328056157822175,2.026139468964651,0.026818985785687057,2.214142384333547
862,8.584231697758849,11.33376369117354,-2.749531993414621,2.0366356905353094,0.024010347992316047,2.2569636216437265
863,8.733101347053132,11.292421931162682,-2.559320584109628,1.2646673606791197,0.01729423169326564,2.380391957692791
864,8.7523350850967,11.424214044198468,-2.6718789591013774,1.7469994774840458,0.02190273744468873,2.292050358471452
865,8.633898265170199,11.10412332108351,-2.470225055913488,2.7207154898791295,0.04281291009414912,2.0255305954421003
866,8.646940553430493,11.184499258947763,-2.537558705516858,2.5370251780837094,0.037407316875649764,2.0812905799160633
867,8.68425082574974,11.301459480725061,-2.617208654975002,1.909666348646848,0.025539093838876457,2.233149400105484
868,9.093763830873893,11.79306404623713,-2.6993002153631096,1.234334116865611,0.014447058729240857,2.445951115523513
869,8.59211360340775,11.35394346066786,-2.7618298572601816,2.384766426794293,0.028271168498484135,2.193502863586098
870,8.419671761721172,11.11786543584515,-2.6981936741235586,0.7297329524843832,0.00806378830179415,2.6493872121241435
871,8.953089268556294,11.4853165366867,-2.5322272681301,2.892178525850941,0.043055663896115655,2.0231696083504644
872,8.507852551727563,11.096197319902831,-2.588344768175375,2.0484202403910423,0.028367592447665527,2.1921650311005685
873,8.675188325917741,11.288220957109193,-2.613032631191345,2.1565858532749687,0.029265398586715296,2.1798929373260725
874,8.526421875449312,11.227818342728856,-2.7013964672796646,1.4322909918858073,0.0170227860794156,2.3862152119235716
875,8.289594344956793,10.832589836858947,-2.54299549190182,1.1275399902316678,0.015532975121865463,2.419707985039727
876,8.582279529594569,11.410628948932409,-2.828349419337883,2.1759812720387828,0.023922623042383,2.2583696534431277
877,8.792104732580054,11.409934703462493,-2.617829970882667,1.5821265910375146,0.020767622653616508,2.312182601677833
878,8.819925374338407,11.423827637921594,-2.6039022635827678,1.6074208839333615,0.0214433104100861,2.3000866684803007
879,8.648094607380852,11.39520838121241,-2.747113773831643,1.0462241344533112,0.011385266329282651,2.530646084432968
880,9.187627792577285,11.72613353135571,-2.5385057387788947,2.2736262977426485,0.03330419078167059,2.1283968900853476
881,8.404298025550968,10.876709655861841,-2.4724116303104893,1.6462087139457289,0.025244934249713143,2.2376339725474517
882,8.845105195903823,11.477283150792825,-2.6321779548889026,1.6430270237972415,0.021326778574975485,2.3021488641995886
883,8.585120873562271,11.223386021870976,-2.6382651483081645,1.685767611371844,0.021800349079368196,2.2938285453970777
884,8.637012354368988,11.393332786380018,-2.7563204320108525,1.8252037511743815,0.02109316582064583,2.306312703517563
885,8.631807081451068,11.36198287935473,-2.7301757979039394,1.082122672256805,0.012050005473309575,2.5106765359144863
886,8.429107305099176,11.0845959945819,-2.6554886894828087,1.504708772151158,0.018883416854020434,2.347824491345989
887,8.292618696052312,10.965300561878184,-2.6726818658262346,0.9128470918813747,0.010636837242487731,2.554408532778415
888,8.709769167981147,11.603522030171948,-2.8937528621904676,0.945246924263067,0.008608903336828603,2.6272066551331097
889,8.489435626714265,11.19010807281133,-2.7006724460970872,1.6482704245309492,0.019928986636457726,2.3276821693310366
890,8.920196919796734,11.262702654020924,-2.3425057342246873,1.762729831497019,0.03103809314213552,2.1565839893092824
891,8.57562423227743,11.279478715630898,-2.7038544833535525,1.9776356119072496,0.024323702178202584,2.2519773693368723
892,8.771788984358107,11.420823529003432,-2.649034544645474,1.8907635613180176,0.024462402422597954,2.249788058415118
893,9.312056901751173,12.057453225770576,-2.7453963240195662,1.4750264376595155,0.016788699549635282,2.3913028141371475
894,9.097799659737728,11.740180495428884,-2.642380835691256,2.610529140111332,0.03493650239780364,2.109093609115511
895,8.565969207964525,11.07505249345633,-2.50908328549167,3.3870946034572214,0.0515498008858964,1.9468743464680853
896,8.811079754852624,11.388891071315665,-2.5778113164633396,1.8613021894115818,0.02584811716226026,2.2284861010803856
897,8.927099507273095,11.585296467628293,-2.658196960355326,1.9931113625530301,0.025681585232666688,2.230993112692825
898,8.820406583140237,11.278589743597355,-2.4581831604568833,1.4207362673862143,0.021889466545228362,2.2922804267353225
899,8.994345528710408,11.570164004409104,-2.575818475698725,2.4612411116334734,0.03494409831235059,2.1090055994176558
900,8.825142103309798,11.436485858115699,-2.611343754806512,1.8889567975771158,0.0253874170047514,2.235456155176633
901,8.65696802260042,11.322845115793921,-2.665877093193558,2.4563906531979782,0.03200697203197217,2.144323538655132
902,9.352829984624503,12.095404085633962,-2.7425741010097227,2.1737331603007135,0.025993765677718602,2.2263048972632458
903,8.190969424948587,11.058588972795814,-2.867619547846971,1.226658580097073,0.011936426321824236,2.5140182312167534
904,8.535608754110097,11.171075722085728,-2.6354669679758445,1.8466414032506897,0.024167169427244655,2.2544611921956377
905,8.251303209318092,10.912114507338227,-2.6608112980206897,1.2080268274213033,0.014711927180649908,2.439393776997014
906,8.41215546703658,11.003214991155271,-2.591059524118009,1.8028916270375142,0.024633397135947404,2.2471037530326368
907,8.822054750933756,11.585052855983964,-2.7629981050504284,2.2519640709122264,0.026500467924134182,2.2187980327063066
908,8.641055829367968,11.267908312075551,-2.6268524827073634,1.3750713758561126,0.017621838817355334,2.3734697000132963
909,8.744781743918036,11.375047535121464,-2.6302657912033283,1.2460304147424601,0.015744320075485357,2.4147891674183635
910,8.690853920625312,11.216650461404367,-2.525796540779538,1.6653892493212687,0.024178211177350563,2.2542855279420553
911,8.453996848715331,11.122987311865796,-2.668990463150749,0.9186018709251442,0.010756306034838282,2.550517705637082
912,8.677102280120987,11.228060982024875,-2.55095870190371,1.0168135441824901,0.013751692990875348,2.4636849424575034
913,9.071798150944385,11.770578695996267,-2.698780545052159,1.6537285550312966,0.020041978222392502,2.3255610738605332
914,8.621808121374368,11.232493308673572,-2.6106851872991683,1.7179572320747631,0.022902400177168446,2.2750588428856173
915,8.455259360391818,10.918113832013095,-2.46285447162154,3.170216716100043,0.05026265839296567,1.95772186289372
916,8.78131254170027,11.360650142599273,-2.579337600898725,1.4041348592976952,0.018976914216673534,2.345984154511708
917,8.732901680066487,11.293554523621967,-2.5606528435555447,2.2629092769360817,0.03243306960066202,2.1390320893808954
918,8.858458653002042,11.457030155673895,-2.5985715026722573,2.339814077168718,0.032399613871334894,2.1394453942806737
919,8.724856413705009,11.318353721979339,-2.5934973082744364,1.995054581096273,0.027428389877146016,2.205366456561308
920,8.403858837643536,11.079231936495486,-2.6753730988521056,1.2335767463113214,0.014820057645076387,2.4367466726515423
921,8.913666184401489,11.47973697143495,-2.566070787033368,1.4957306677165825,0.020624900590738366,2.314781359079848
922,8.722992250821488,11.278411249652915,-2.5554189988315557,1.5791264840994828,0.02212846276640116,2.288155575104484
923,8.71857851089332,11.435251975470823,-2.716673464577525,1.5026528839462792,0.01767212732920265,2.3724171216547596
924,8.70108209430752,11.321851077991202,-2.620768983684229,2.0067695510051706,0.026860673112453146,2.213536595718645
925,8.934141478224472,11.451378290193926,-2.5172368119688144,2.298836460220066,0.03439495976537995,2.1154106866110993
926,8.680794326320363,11.503860606474912,-2.8230662801543076,1.1791322186570525,0.011980233218435188,2.5127260305608137
927,8.338494550157218,11.052306243296282,-2.713811693138723,1.7026969611353557,0.02038496568890598,2.3191857703784065
928,8.681172880043203,11.22863265534141,-2.547459775297739,1.7033118742327282,0.024222983637151353,2.2535739505994945
929,8.992435556477329,11.52327751678001,-2.5308419603029506,2.085168856560859,0.030611453625646576,2.162087223838383
930,9.032523275876581,11.429527927675554,-2.397004651798852,2.439077435773214,0.04103420664830968,2.0431842057397973
931,8.589756218617065,10.987487856966563,-2.3977316383497964,1.0127785481244516,0.016286987040416298,2.402420214288594
932,8.567824781572352,11.124324620777646,-2.5564998392055713,1.2521809669718458,0.017160454885355014,2.3832517383762957
933,8.362228192411902,10.932317510931721,-2.570089318519422,2.2199883075646376,0.03148731464237697,2.150859201155161
934,9.00898596347876,11.689270298424407,-2.6802843349455543,2.1555469524282493,0.027379017531205682,2.206071161701042
935,8.328952893235662,10.909892554011723,-2.580939660776039,1.5966971380517236,0.021805000994152477,2.2937475977894026
936,8.99022089811039,11.509608866718633,-2.5193879686084983,2.5759450267189052,0.03866054530674424,2.0677818058204886
937,8.173121933139708,10.823080297209604,-2.649958364070244,1.2911744730616128,0.016029589626551138,2.4082411346803
938,8.738504612612513,11.327527914074711,-2.5890233014620208,1.1639612109389539,0.015282598294651084,2.4256120249271027
939,8.808235493117234,11.404643093703964,-2.5964076005866445,2.088864600363326,0.02874166711793071,2.187011737972489
940,8.841841705923041,11.586602856538182,-2.744761150614977,1.1932338670578453,0.013232709207338286,2.4774442172068847
941,8.482008454770192,11.03390300821631,-2.5518945534463455,2.2584870532470163,0.03264222826783853,2.1364564353626
942,8.521759750758218,11.260116265003834,-2.7383565142454245,1.0798955551840272,0.011913146360102777,2.514706647325377
943,9.066632228749466,11.601975074735439,-2.535342845985724,2.286720163460167,0.03360984747303747,2.12472163043444
944,8.516380953363903,11.041633522635177,-2.525252569271288,1.8082970321190963,0.02643376614494989,2.219779102591216
945,8.892308050150557,11.35280442177277,-2.460496371622412,1.6465024639057972,0.025565565929360788,2.2327480186306348
946,8.571816598355479,11.33854081977864,-2.766724221422919,2.2702286892650783,0.026642799580549985,2.2167116879464515
947,8.848543133387619,11.360537980524331,-2.511994847136066,2.7051531138873663,0.04094930936016391,2.044042898839304
948,8.901235395224074,11.457632790934536,-2.556397395710519,2.2992113445656095,0.03312239724626953,2.1305965111061442
949,8.65174884153991,11.20182063636705,-2.5500717948270903,1.8506736423751136,0.026423429235823335,2.2199313323335654
950,8.159945850461707,10.844251261244569,-2.684305410782599,1.5086780904108537,0.018369841234363693,2.3580778267988194
951,8.618084463129588,11.301827858906993,-2.683743395777583,3.2038450988396043,0.041798062520232035,2.035525130841037
952,8.923269596816834,11.524291957648753,-2.6010223608318483,2.0987834629181314,0.02875743208545293,2.186795829267213
953,8.416232295114849,11.006729291206529,-2.590496996091588,1.7200110419160097,0.02341554061079985,2.2665857957502618
954,8.641241559000417,11.32656992601964,-2.6853283670193377,2.2712639815587643,0.02884925921689222,2.1855402350238555
955,8.79802807679577,11.43614093424824,-2.6381128574525974,1.2082794483252712,0.015086853819128606,2.4302874105412218
956,8.598509859968242,11.228285667479039,-2.6297758075106685,1.336220612441128,0.017018574382981475,2.386306204411666
957,8.517697747360824,11.205098179063715,-2.6874004317028266,1.300685036817537,0.015517068655801323,2.420080568541018
958,8.76338212590569,11.36765271040154,-2.60427058449568,1.8295614237900324,0.024695208515968806,2.2461373985837376
959,8.609909274027057,11.194773683659935,-2.5848644096327007,2.0592552848065218,0.028628319959163873,2.1885670905582923
960,8.038078630764783,10.58926678081033,-2.5511881500456184,2.8679879867077496,0.04195499962350444,2.033966237980069
961,8.343450994661605,11.113829104076846,-2.7703781094151054,1.4996470655523666,0.01665830814179644,2.394163786465068
962,8.372944037099085,11.05209509939684,-2.6791510622974783,1.0769275921736856,0.012687048388959024,2.4924351846275172
963,8.548158022211435,11.040173571876903,-2.4920155496652114,1.8682771928034612,0.02831532626169045,2.1928897102665554
964,9.113381593235015,11.829749096061736,-2.71636750282687,0.6656051781964258,0.007133291689072253,2.690556677756691
965,8.722026520959997,11.374451014445473,-2.6524244934848866,1.1592118959099231,0.014183690440287187,2.4525772916786215
966,9.009683541332077,11.694850155365696,-2.685166614033733,1.4022158228441235,0.016915209864747517,2.38854558217323
967,8.60005394900433,11.050339607204688,-2.4502856582003005,2.6544551712412456,0.042530962312476814,2.0282870261905157
968,8.623403671021759,10.961700146980636,-2.3382964759589413,2.424306819886752,0.04312698686452205,2.022478070527343
969,8.581915960119812,11.386259856494245,-2.8043438963745757,1.6635653948548033,0.018080507156601793,2.363965276106668
970,9.110615764409584,11.582809829028651,-2.4721940646195435,1.678568182597008,0.02578097756970437,2.2294951512214927
971,8.52278394103693,11.157709106183955,-2.6349251651472514,0.9401253939016065,0.011471710130029922,2.5279915855983828
972,8.55382457290413,11.20626163099018,-2.6524370580859795,1.4162113462074188,0.017713261968448947,2.3715580911927767
973,9.117075058003746,11.703423936859966,-2.5863488788559152,2.172706371055277,0.030284206304706685,2.1663532129826937
974,8.57060034872499,11.229509080783576,-2.658908732058535,1.487519705083919,0.018576844508783757,2.3539152792482594
975,8.702652798846128,11.462743598447798,-2.7600907996020396,1.497642202142508,0.01681520429089106,2.3907236493426764
976,8.944017051111285,11.510842408521125,-2.5668253574094706,2.880456669105186,0.041547534539967595,2.038023982184028
977,8.311574852270194,10.926403322029277,-2.6148284697596864,1.4343890781540694,0.018702138385823158,2.351415470893904
978,8.282899546006472,11.077540838366108,-2.7946412923593016,0.8099846009979537,0.008096524107171347,2.648017887494958
979,8.391040269950889,11.139571109547663,-2.7485308395966968,1.466453122952398,0.01662341997508878,2.3949326161655433
980,8.338699494960263,11.126985840478842,-2.788286345518827,1.1828178613510687,0.012490843701245927,2.497965251554835
981,8.042041410094196,10.473024584036448,-2.430983173941968,1.9180978508782403,0.030969722975553896,2.157461510738587
982,8.685315537801824,11.193186724262599,-2.5078711864607612,2.0465704002574867,0.030701790985170653,2.16091648843344
983,8.98358166968016,11.381928676684478,-2.398347007004304,1.9437117170118903,0.032452084792439245,2.1387973425419404
984,8.368206683972556,10.865907985539689,-2.4977013015673037,2.0855835369681586,0.0316394273242099,2.14893658360746
985,8.462199934044445,11.038060060401367,-2.575860126356929,2.179077502470758,0.030693492741087337,2.161023906822165
986,8.975075518293277,11.367214002236356,-2.3921384839431994,2.9837873639931196,0.05041775016461801,1.9564025657331883
987,8.655883163722745,11.349326040990729,-2.6934428772678984,2.0919969929167017,0.026151697343049483,2.223951651567604
988,8.474692318869227,11.106660483190343,-2.631968164321279,2.792866363019005,0.03789901054595018,2.0759452979852173
989,9.065221530076695,11.790634446069706,-2.7254129159928198,0.7883491095521897,0.008509437618801173,2.6311583540426624
990,7.9834799915808325,10.598642036762218,-2.615162045181478,1.125214408063595,0.014302707941703128,2.449569562969742
991,8.931661896210397,11.55030351640853,-2.6186416201981046,1.549476235297334,0.02027921347969461,2.3211414027757336
992,8.600690085765716,11.249495997798942,-2.6488059120333673,1.6893363560441408,0.021613841416541206,2.297086400439842
993,8.502269868549472,11.12894960511942,-2.6266797365701677,1.4235947144854144,0.018313391147978902,2.359220082613773
994,8.419524055917616,11.089457660336347,-2.6699336044184747,0.9790081121377732,0.011530707814020333,2.526190071347544
995,8.413615387009639,11.206653299612231,-2.793037912602358,1.8064066120626627,0.020081868026501533,2.3248147486704576
996,8.379151437822355,11.099215963312925,-2.7200645254902156,1.4689320088126259,0.017166413023086222,2.3831239543587186
997,9.038230865470876,11.677287301033477,-2.639056435562452,1.8493989557153334,0.024118526123626322,2.2552358926004854
998,8.447644928775542,11.081128343772537,-2.6334834149970447,1.95510637585204,0.025776998582057457,2.2295550232745494
999,9.194748330874216,11.687968806805376,-2.493220475931139,2.968286076135474,0.04579830344696711,1.9972474994958969
