,logR,logI,logS,d_G,p,sigma
labels,$\ln\mathcal{R}$,$\log\mathcal{I}$,$\ln\mathcal{S}$,$d_\mathrm{G}$,$p$,$\sigma$
samples,,,,,,
0,6.392523943804875,7.8883620605472515,-1.4958381167425614,2.0001998514670305,0.08243389299333906,1.7367353617484838
1,6.729533600836433,8.151805638711508,-1.4222720378757003,1.8458426406381374,0.08333562154222543,1.7316515520758222
2,6.525929816583769,8.027599757649142,-1.5016699410653018,2.3732288442958307,0.0936741014485389,1.6763272944137917
3,6.269846299785016,7.962955314032534,-1.6931090142479661,1.4051171355333132,0.04959192920392088,1.963467052639583
4,5.80387663397228,7.230901441294272,-1.4270248073225957,0.8652112773076315,0.04363835141616166,2.0175480552577207
5,6.3716448190261445,7.852407945475797,-1.4807631264493466,1.3604111484910035,0.06091942015245046,1.8740798500423517
6,6.331814441097734,7.891925351793972,-1.5601109106955846,1.3176202508338495,0.054244616530328395,1.9248780502294225
7,6.250849850679472,7.878548449737416,-1.6276985990580215,1.5587800285348568,0.058378242429526814,1.8928468252323496
8,5.804887681032554,7.288787955074895,-1.4839002740427532,2.055387275666522,0.08523614332715758,1.7210809074491367
9,5.874899234559919,7.5100171729326135,-1.6351179383727867,0.9764040272535635,0.0379353781936306,2.0755522870503365
10,6.48971135114148,8.06706097686267,-1.577349625721581,1.9555955906500504,0.07458548071949665,1.7830050534045847
11,5.877023103427703,7.519042459387158,-1.642019355958837,0.8704384423093288,0.03379276960522755,2.122535800932828
12,6.35110768108548,7.8969059560267425,-1.5457982749421717,1.9447269992959608,0.0766434240576938,1.7705027657759709
13,5.8911785705485755,7.380767334791955,-1.489588764243308,1.8137026628783826,0.07668398482744372,1.7702591196118787
14,6.450616086943185,8.003474729123283,-1.5528586421805812,2.0401338994592866,0.0791237777143246,1.7557928967289338
15,6.404635100279805,7.938367732712706,-1.5337326324333844,1.7049774838682854,0.06961636512333823,1.8143987041256298
16,6.263957872951281,7.735424422477664,-1.4714665495257577,0.9292970821023605,0.0440807012709794,2.0133226098325974
17,6.026544781573605,7.46516952475605,-1.4386247431821175,1.9998251020070636,0.08727486251124852,1.7099513888501963
18,6.009319655146967,7.469667545739696,-1.4603478905928569,1.9194376609422719,0.08268029119565175,1.7353417485762397
19,6.029818396503245,7.6368354306490644,-1.6070170341463381,1.338344281399257,0.052200201869379674,1.9414790191936664
20,6.260528758645663,7.831403708309118,-1.5708749496634482,2.111926719428771,0.07993210641530946,1.751080141313287
21,5.962282412131529,7.366040924913257,-1.4037585127816783,2.281318305863726,0.09981568761472129,1.6457478279690836
22,6.0949828747479415,7.636624131641547,-1.5416412568947635,1.4425541303412839,0.05990475988719222,1.8814939324061473
23,6.1480361405883315,7.659271704412866,-1.5112355638248118,1.8961255302184465,0.07775599450215957,1.763857376962662
24,6.023259607108187,7.70582392054574,-1.6825643134361599,0.5021939383979639,0.01893540791620034,2.3468001546574224
25,6.2840792164788155,7.642018739669474,-1.357939523189998,2.213045116585496,0.10200612342239321,1.6352047945017445
26,6.277589568258875,7.892099968509953,-1.614510400252584,2.0106457342937887,0.07352716624199035,1.7895445080348276
27,6.386777101203691,7.884150098869419,-1.4973729976654795,0.7376773647598451,0.03458831046148414,2.1131455683945775
28,6.348668167130157,7.702171725838724,-1.3535035587083257,1.9248200174722125,0.09232532922453898,1.6832571109889436
29,5.795502646203161,7.331923111936291,-1.53642046573259,1.3958988377976365,0.05856287935741271,1.8914606475466225
30,6.112772328428903,7.8891045610316155,-1.7763322326027264,1.3365936563389358,0.043225768941104116,2.0215218874772503
31,6.01937704722782,7.5602613521063375,-1.5408843048771814,1.7570203375290045,0.07085151559509605,1.80642797196726
32,6.192066655017655,7.8352173945654116,-1.643150739547309,1.4853906407365667,0.0550319585634544,1.9186238218717515
33,6.269887771139068,7.73745202939039,-1.4675642582515138,2.29658962955261,0.0943716745486804,1.672774612156136
34,6.008457354869236,7.448165410534884,-1.4397080556655055,2.0208795479724646,0.08789324989981234,1.706617072071242
35,6.213695811306891,7.651357042367856,-1.437661231061611,1.8333481136170136,0.08159115034929902,1.7415275390655474
36,5.852957148784256,7.452908254965379,-1.599951106180015,1.4231623792721688,0.05554506301259969,1.9145880288226833
37,6.161510275281174,7.688046633812576,-1.5265363585313025,1.137060951639489,0.04946922525527815,1.964525127188909
38,6.319554316514726,7.952098940736192,-1.6325446242217367,1.3299225971688635,0.05045618057944517,1.9560761810217784
39,6.490511080240097,7.851830574730563,-1.3613194944900897,2.107908835946944,0.09808075799037724,1.6542301554181045
40,6.350795053338473,7.806936018415577,-1.4561409650768837,1.4897456103651,0.06757517396051,1.8278293028458432
41,5.8867058262794245,7.351567480889912,-1.4648616546101039,1.6615355678168697,0.07326340360199357,1.7911863020827434
42,6.77419877617281,8.30050946923022,-1.5263106930578942,2.294599265403548,0.08915067725121882,1.6998950017801344
43,6.344003067930274,7.790784864225053,-1.4467817962940899,2.066544073894823,0.08880367096986276,1.701742386180571
44,6.045791875925673,7.377393068503508,-1.3316011925780913,1.94176108997355,0.09501823846497848,1.6695004642067155
45,6.297379134151882,7.901109448973855,-1.6037303148223145,1.3399888437316179,0.05244818895768276,1.939436670230227
46,6.103905671380701,7.661490316901549,-1.5575846455203646,1.5412044913410465,0.06232161873023232,1.864000609603642
47,6.158093956219048,7.742200230496444,-1.5841062742774739,1.2779858562107158,0.05140048278135043,1.94812103202803
48,6.1333935941974715,7.512821751535881,-1.3794281573373155,1.850368756747617,0.08724177158878856,1.7101303502674803
49,5.899956093086033,7.517003660636121,-1.6170475675498892,1.616075681978776,0.06092758663177441,1.874020594379047
50,6.26890533782894,7.641104627328218,-1.3721992894998039,1.6785136536599392,0.08144951587973856,1.7423368674738933
51,6.396145126640434,7.83016396992366,-1.4340188432834111,2.387781980661126,0.10032315439944534,1.643288993840453
52,5.919393127000106,7.494481543123165,-1.5750884161234353,1.7594063033687952,0.0684585193847484,1.8219767113226124
53,6.333402929335492,7.926394691784765,-1.5929917624489462,2.053365817793935,0.0764337227675163,1.7717641085516604
54,6.673226302486867,8.14785321204969,-1.474626909563085,2.1923328565434854,0.09045193063512552,1.6930185800736068
55,6.089260690110635,7.470822347670143,-1.3815616575593594,1.7909961531614798,0.08487085457178759,1.7230977227762205
56,6.272636586151705,7.768925779445908,-1.496289193294615,2.0970270090078333,0.08553845187289671,1.7194170938269575
57,6.223118886929072,7.839856098548061,-1.6167372116187835,1.3065171773451691,0.05054224948853729,1.955345963523282
58,6.265361469650955,7.764585564392718,-1.4992240947422033,1.9894849044147733,0.08180418694313882,1.740312348356161
59,6.507430396702105,7.782856730936501,-1.2754263342339982,1.5599803076419043,0.08528398195030747,1.720817300916297
60,5.9597142352476595,7.496990157022047,-1.537275921773471,1.859523083782884,0.0745261565901678,1.7833696115274233
61,6.356117160595161,7.791059411334032,-1.4349422507384588,1.5268290602021253,0.07056883176366566,1.8082420815912703
62,6.112500068023067,7.693015522592361,-1.5805154545696496,2.038567776974002,0.07692972947455756,1.7687851883125114
63,6.547867188351077,8.128677579059875,-1.5808103907083932,1.6585823389851626,0.06473424102168586,1.847089009985855
64,6.182327981641677,7.704168683908669,-1.521840702265763,1.726850977327281,0.07123810695229642,1.8039566250151915
65,5.828638380352416,7.37220469653041,-1.5435663161779303,1.9129138358407154,0.07578851305038561,1.775662795538013
66,6.893726375568761,8.381958372031463,-1.4882319964617636,2.0022059097267064,0.08312935041611828,1.732810531257785
67,5.99777086625177,7.494513416260737,-1.4967425500080935,2.1419278393821912,0.08693477261300901,1.7117932708133978
68,6.610837505755583,8.037361787399142,-1.4265242816436512,1.8655524020222671,0.083670802153509,1.729773212879
69,5.910776172429863,7.455780190191952,-1.5450040177620394,1.5719810197632658,0.0642426624768187,1.8504920523832085
70,6.308067977224667,7.742304390394779,-1.4342364131689465,1.592947848491514,0.07312101743230606,1.792074597162907
71,6.006258213378672,7.639269965952586,-1.6330117525740206,1.3422122184383216,0.05084716062689368,1.952767420666099
72,6.256120907917605,7.887306343444102,-1.6311854355262767,0.9287560926416383,0.036378362376022946,2.0926729182770263
73,6.658907393945768,8.0847273474851,-1.425819953539758,1.9709407467837128,0.08740769914696601,1.709233536020455
74,6.254847000426665,7.634014280246433,-1.3791672798188301,1.6740215255639992,0.08068204713807732,1.7467423128587372
75,5.976018586905369,7.376274431927982,-1.4002558450220022,1.8097926524213221,0.08393123541216639,1.7283179568661695
76,6.044206378553966,7.599765300547759,-1.555558921994816,1.3581379001987148,0.05598634880651443,1.9111418926234636
77,6.129719959798379,7.727108390140295,-1.5973884303430168,1.7684328823906394,0.06718390940020548,1.8304417509443098
78,6.119317921198629,7.6870159246862855,-1.5676980034877488,0.8399967819139817,0.03576790786521215,2.0995561011548096
79,6.196573404707991,7.892236921874847,-1.6956635171663947,1.852810967963153,0.06319899847210246,1.8577888969040581
80,6.313662334368885,7.873181090367332,-1.559518755998397,1.668676754258433,0.0665439265090569,1.8347419967620624
81,5.908406784487809,7.40084433773719,-1.4924375532482372,1.308963951653828,0.058174570161691266,1.8943801432188168
82,6.3062853225237205,7.79240554976036,-1.4861202272368246,2.1479485012716015,0.0880360039025635,1.7058500384257542
83,6.579432993382355,8.109909328331625,-1.530476334949526,1.9125940404142785,0.07678999601695824,1.7696228124038302
84,6.005029443611377,7.541425777693256,-1.5363963340814735,1.8925587445074132,0.07567700058063821,1.7763393531735003
85,6.13418550099864,7.700778949443681,-1.5665934484441095,1.9337609530567086,0.07470485181387644,1.7822722124989678
86,5.828629810740452,7.3502980822264306,-1.521668271487215,1.7127405171631107,0.07076770298686205,1.8069652152694131
87,6.380846189410434,7.9544192854657965,-1.5735730960550427,1.5663214056417427,0.0621174956886362,1.86545613183829
88,5.852532447421211,7.388360081297371,-1.5358276338756696,1.8391931361810556,0.07396555536640605,1.7868263732340623
89,6.228105208250739,7.789361794160648,-1.5612565859100869,1.9372416522981517,0.0752196000523008,1.7791229916418432
90,6.631087672602874,7.994382897725146,-1.3632952251227834,1.7662896400829808,0.08556204834008535,1.7192874262009141
91,6.261471781371213,7.827757680166023,-1.566285898795286,1.5701580979962309,0.06273497378447136,1.8610651721449742
92,6.306970329022036,7.6632275718455745,-1.3562572428236308,1.711671266299696,0.08410840032994371,1.727330077859828
93,5.911253557621379,7.521067493542631,-1.6098139359210109,1.7723044709706084,0.06644841025867466,1.8353867181738277
94,6.20891886663226,7.8061597462547,-1.5972408796224045,2.0202973573539715,0.0751019966876408,1.7798409323444608
95,5.814504313253522,7.4117737625529685,-1.5972694492993469,1.375141493962845,0.05404967536916686,1.9264382489981116
96,5.98455686003031,7.345009408988474,-1.3604525489581647,1.752095320589122,0.08527843205693975,1.7208478765212218
97,6.685276674391346,8.235954084495354,-1.5506774101031624,1.5174583162478772,0.06195719346981695,1.86660196158096
98,5.804092910523607,7.382027458586826,-1.57793454806324,1.8767716717129677,0.07204567246217233,1.7988293918045128
99,6.2633434179460465,7.762071471549078,-1.4987280536033722,1.5723657692749775,0.06751767445928665,1.8282124418147816
100,6.478705067864169,8.083738132714494,-1.605033064851341,1.6045915703312197,0.06133016637076234,1.8711076145989176
101,6.014836638934824,7.462888453817882,-1.4480518148830015,1.9760900693408807,0.08565224599475975,1.7187920370795735
102,6.104779912127881,7.686682100201914,-1.5819021880743094,1.720552976928749,0.06670612140706542,1.8336489476326503
103,6.439835149007152,8.045488487563304,-1.6056533385562943,1.4218292850149865,0.05515392999963414,1.9176616299867304
104,6.293048586664511,7.715067714949797,-1.4220191282847736,2.1049353580608674,0.09229802331539166,1.68339824226818
105,6.482512630992417,8.059906002894287,-1.5773933719010529,1.6485712654167983,0.0646337520269633,1.847782924897565
106,5.9172150416315645,7.499462573563321,-1.5822475319318983,2.1631759333349247,0.08059269102107113,1.7472574459617518
107,5.885302220696715,7.498600672072854,-1.613298451376977,1.2470239589221848,0.048661040238017046,1.9715496462957742
108,6.007735085341622,7.5933732994390795,-1.5856382140973437,1.314631307906268,0.05261581085392498,1.938060753852557
109,5.9127931196062065,7.589054837692416,-1.6762617180856978,1.0138329929166492,0.037432034779456815,2.0810204445181446
110,6.521583452389635,8.064886408491745,-1.5433029561017975,1.6925126533001649,0.06850014683313356,1.8217024446650314
111,6.33847470639644,7.892652309138029,-1.5541776027421292,1.6423240239142771,0.06602524526759525,1.8382522395455192
112,6.179137645631229,7.778149609703128,-1.5990119640719058,1.4653524732706842,0.05704487305557352,1.9029668338809713
113,6.437604653671727,7.8114208914564,-1.3738162377840126,1.7497520994845264,0.08401195338502693,1.7278676609417472
114,5.988146418043428,7.634760356569508,-1.6466139385265706,1.4616531557972365,0.054048648972853365,1.9264464761129223
115,6.128736082994649,7.431727649353832,-1.302991566360106,1.50269277373976,0.08039144418684249,1.7484193239526322
116,6.149538548308513,7.528768622469329,-1.3792300741606596,2.008146519470756,0.09290817259727882,1.6802526337046662
117,6.298016441282883,7.753092215245786,-1.4550757739625624,1.9611647352144477,0.08454507415643651,1.7249023380789374
118,6.225546538915253,7.757434599816101,-1.5318880609011103,2.106489885271287,0.08288642942698334,1.7341784271511134
119,5.833624070009094,7.281362334559134,-1.4477382645509351,1.5736979702474674,0.07135766669240888,1.8031945462563603
120,6.054543569505725,7.633256169938498,-1.5787126004333913,1.7465148645556692,0.06778031504592447,1.8264645589217223
121,6.331181147028431,7.847694851530541,-1.516513704501449,1.5190768087083502,0.06434292736720625,1.849796209742167
122,6.087360978189238,7.604871515008163,-1.517510536818918,1.8455189878444518,0.07557893278276612,1.7769350132814274
123,6.028954566904716,7.532899856508408,-1.5039452896035073,2.1613721362953857,0.08693828924434895,1.7117741954686012
124,6.147512388435601,7.689837597306507,-1.5423252088712616,2.069293761741644,0.08087528225357883,1.7456299053489444
125,6.446085476540205,7.8176567797410925,-1.3715713031997439,2.127392982596339,0.09776601382521324,1.655781804720056
126,6.433167912143247,7.909660259375762,-1.4764923472321243,2.690686415513863,0.10533398435113324,1.6195267099173383
127,6.055401596388904,7.573907581698421,-1.5185059853092753,2.1885245828494604,0.0865576956865746,1.7138422819788914
128,5.310681332763991,7.05937140585776,-1.7486900730937123,1.2214022471898947,0.04098818030611735,2.043649551864651
129,5.756157373992167,7.2567299410211135,-1.5005725670280299,1.4854461044873357,0.06423399351536821,1.850552257447441
130,5.679467504067318,7.195470077441712,-1.5160025733748625,0.9699810089410317,0.043433827080640204,2.01951396727544
131,6.781929437400279,8.16758459871751,-1.3856551613171177,1.9914487801091951,0.0917286496580821,1.68634873342857
132,6.3098428498123695,7.8535278584289685,-1.5436850086171034,2.245789753034437,0.08620801296880357,1.7157488865533363
133,6.034447756892362,7.700130516630381,-1.6656827597371375,0.9805641522848703,0.036736212013636464,2.0886836231884995
134,6.123039494767866,7.654008854939107,-1.5309693601711842,0.941899784494753,0.04154208475267082,2.0380784818375464
135,6.297754483432939,7.852619848644736,-1.5548653652122084,2.0510289229286105,0.07930731543769408,1.754719403239961
136,6.451129534411805,7.983218647662419,-1.5320891132505494,1.934506683156485,0.077378454352834,1.7661036910522732
137,6.598848768001474,8.13193583934298,-1.5330870713414697,1.7996565315318005,0.07285817256785233,1.793718114207009
138,6.349510177329606,7.9605629475165145,-1.6110527701866886,1.486562878217006,0.057017330676254994,1.9031779396930935
139,5.789987507307117,7.408159807441244,-1.6181723001345745,1.2402472270173845,0.048157513436621266,1.9759758414589101
140,6.334068001195149,7.780582465742846,-1.4465144645482724,2.0739764316752343,0.0890744121534244,1.700300522893706
141,5.861568539830799,7.379081642412714,-1.5175131025816881,1.0429924105160921,0.04628326640713826,1.9928007792813844
142,5.8605467411398,7.377205819081979,-1.5166590779417675,0.6833556382566055,0.031441525275289595,2.1514395126294774
143,6.391921547246014,7.86306984817972,-1.4711483009341464,2.0506268403222556,0.08616414344069497,1.7159885208532042
144,6.569525392217614,7.946647985371129,-1.3771225931523077,2.466450958791036,0.10835805724814557,1.6056171395108083
145,6.391901630841815,7.902773280211704,-1.5108716493705288,1.9246676198057973,0.07873001026834991,1.758102853994149
146,6.312270727804346,7.860583252583808,-1.5483125247792486,1.5266959154128497,0.06243896979387047,1.8631656091487379
147,6.432909499852897,7.972476926138739,-1.53956742628543,1.7138690602337157,0.06949382160849463,1.8151958215769217
148,5.920237772237627,7.571641008617647,-1.651403236380247,1.058663445979903,0.04011656247188247,2.0525466890149016
149,6.106908363133655,7.756582070357041,-1.649673707223883,1.2882218190097028,0.048102914216563424,1.9764581228307527
150,6.398470316403248,7.776867093443158,-1.3783967770395975,1.8443144584170916,0.08711268308241497,1.7108290072838674
151,6.3941366774296995,7.970893994876555,-1.5767573174471181,2.0276433523657538,0.07687942850819804,1.7690865715614357
152,6.527629973344986,8.063052594986026,-1.535422621640464,1.5186564472547417,0.06302807841305591,1.8589933681641315
153,5.523448938658433,7.114320470281655,-1.5908715316227244,1.2362001826020599,0.049520289552801224,1.9640845332680041
154,6.280962406030952,7.7084614786050025,-1.427499072574392,1.849369911591623,0.0830154474400418,1.7334515187169182
155,6.317290590562109,7.768294160130793,-1.4510035695684564,0.8756616885091795,0.042836517532389734,2.025300496993372
156,6.338561625676405,7.827679278134006,-1.4891176524570255,1.3779550335179227,0.06102162356033164,1.8733387396598655
157,5.993089095971257,7.542185841228097,-1.5490967452569748,1.7847947816990555,0.0711733842646229,1.8043696075945486
158,6.009759017458194,7.589720415388356,-1.5799613979306741,1.0318672032568816,0.042594543098709026,2.027664089399087
159,6.1254355194823376,7.71806802088004,-1.59263250139702,1.6247844164209742,0.0628150257890738,1.860498533181435
160,6.5052683713156085,7.830929081824678,-1.32566071050951,2.3778126653627147,0.11078875914631764,1.5946578917872065
161,6.279922760854745,7.74613112210303,-1.4662083612483912,1.7574701112469313,0.07658107586571844,1.7708774927834587
162,6.006514900774121,7.560211168025035,-1.5536962672513255,1.4305967262719683,0.05869636227377884,1.8904607718673425
163,6.30661038718786,7.821526921251326,-1.514916534063559,1.8816289149377532,0.07698469178366711,1.7684560597439576
164,6.150775968816518,7.5652148259891945,-1.4144388571730815,2.0379449105084824,0.09071914308613804,1.6916163706136005
165,6.335302197892773,7.919645687934242,-1.5843434900416469,1.2598079105467317,0.050735934916625924,1.9537065189494607
166,6.4395865268279096,7.899193811003805,-1.4596072841750356,2.0934961051023393,0.08857112126691843,1.7029836870081871
167,6.609881790605826,8.092422035006074,-1.4825402444002975,1.3213313765385113,0.05930063595583766,1.8859578418004903
168,6.120715012119902,7.638798412907917,-1.5180834007887825,1.2470619996800085,0.054188663750847466,1.925325385228847
169,6.092680016908119,7.635683928968341,-1.5430039120601577,1.7547890252486589,0.07062107167867376,1.8079063861186293
170,5.851062185271942,7.498350740550762,-1.6472885552784646,1.1873784204918323,0.044789894764207736,2.0066223023145775
171,5.94128692885711,7.566321011753615,-1.6250340828974004,1.7951993921164977,0.06613022485097621,1.8375399473495722
172,6.078158592221328,7.582523592076875,-1.50436499985517,0.6318578661695486,0.029677426578426255,2.1743691024342953
173,6.676213326454629,8.168551228197614,-1.4923379017427578,2.44576575280505,0.0966907891085085,1.6611128253452112
174,6.511117379382043,8.031463343169754,-1.520345963787804,1.9952057449907699,0.08027683868803431,1.7490820432894185
175,6.698972933578219,8.186956867056203,-1.4879839334780627,2.421741962588765,0.09636449546761384,1.6627399806504588
176,6.278903856615173,7.843212428569892,-1.5643085719548253,1.8194137177649168,0.07119496874765688,1.8042318471060483
177,6.155621256840234,7.690106754613112,-1.5344854977729483,1.3358181857878542,0.05649031542336478,1.9072338229669692
178,6.111568471455897,7.686530570017382,-1.5749620985616275,1.163776969972547,0.047769722327595326,1.9794112551185512
179,6.449665332843281,7.8348929685784015,-1.3852276357347364,1.5052909102598804,0.07361377592412396,1.7890064554411704
180,5.797940426683411,7.305602315423236,-1.5076618887396762,1.6436634410256694,0.06940146894892157,1.8157973174775155
181,6.172799201161936,7.62954688227493,-1.4567476811125744,1.534571785468918,0.06921574789826511,1.8170089175936979
182,6.23507923323082,7.6845105842837285,-1.449431351054045,1.7495654740464541,0.07764553740753699,1.764513661045996
183,6.233398390853793,7.81603531258984,-1.5826369217347747,1.7099109003722326,0.06630554662242655,1.83635245408388
184,6.385332213694667,7.996261468835293,-1.6109292551409453,1.4942425511450779,0.057282833943718026,1.901146442060542
185,6.323240638514974,7.838375453303108,-1.5151348147883255,1.0817663214078514,0.04795216007025567,1.9777921443712645
186,6.169724348824232,7.826827545472824,-1.6571031966486771,1.4452992481471405,0.05290332687385909,1.935709201399982
187,6.26036362308237,7.774569217219167,-1.5142055941369108,1.4232741422496034,0.06102275596754205,1.8733305339656898
188,6.5514688638204035,8.325083615839283,-1.7736147520181476,1.33312555270963,0.04325106214466619,2.0212773532511186
189,5.987903824770868,7.526003443261182,-1.538099618490378,1.9527256289317325,0.07749894141030862,1.7653858408346643
190,5.6396949352456005,7.277144298504659,-1.637449363259293,1.209398399257866,0.046057341599069296,1.9948674211205097
191,6.148245229523084,7.765985717948183,-1.6177404884247153,1.9197974865931737,0.07051435789396548,1.8085923496998018
192,6.379383878581351,7.779252687194123,-1.3998688086130642,1.8424002211791066,0.08514681648755083,1.721573448080525
193,6.449373926370711,7.891495673122378,-1.4421217467515817,2.113198596873005,0.09076331369724905,1.691384903405935
194,6.064028141220618,7.53550416509227,-1.4714760238721283,1.8209427434095389,0.0783783825832785,1.7601735654005308
195,5.916927737273866,7.496756032579228,-1.579828295304651,1.9824585927022422,0.075240381548202,1.778996220825171
196,6.031012491920549,7.674161745315111,-1.643149253393858,1.3742968768038963,0.05135477108394281,1.9485032938240041
197,6.212112178281998,7.74088781344912,-1.5287756351672215,1.5683495396785556,0.06523985043022086,1.8436110092009788
198,6.492051501681047,7.876743548941427,-1.3846920472606143,2.233163303073466,0.10006811312432498,1.6445235052098117
199,6.3344198267731855,7.9574443514335655,-1.62302452466065,1.4936612570469432,0.056519179838766316,1.907010870475656
200,6.339718442671213,7.787001828477926,-1.4472833858062586,1.7939238153227812,0.07939886977440597,1.7541846662925449
201,6.126613102510376,7.5926653273237505,-1.466052224813211,1.1252773904680922,0.052571771476637504,1.938421893682644
202,6.094310366624043,7.650338297015374,-1.5560279303908828,1.371273165565345,0.05642953268193496,1.9077036270143983
203,6.339570958753896,7.904420749050658,-1.5648497902966483,1.9969461686208465,0.07683479368068517,1.7693541401984392
204,6.5782602409971815,8.093465954228861,-1.5152057132308983,2.269639337128515,0.08934147798152271,1.698881687977508
205,6.165973241288114,7.810905285605848,-1.6449320443180113,1.7347809286312081,0.06290731760959008,1.8598459965644412
206,6.037425607893923,7.439008600175818,-1.4015829922809644,1.1998660913637025,0.05985941197245445,1.881827711460187
207,5.636323917177791,7.2114456300706635,-1.5751217128936332,1.5599932918305761,0.061799336293039846,1.8677327143236653
208,6.06092569118114,7.701470170564654,-1.6405444793836068,1.5040923370437902,0.05580051464985255,1.9125903607446788
209,5.956917589233811,7.490434887099845,-1.5335172978657283,1.8207867567531508,0.07353002845661187,1.7895267185796386
210,6.310999183991001,7.920537297739621,-1.609538113749295,1.5898194496106122,0.0605507033998567,1.8767621268855041
211,5.781993630949685,7.482155766479131,-1.7001621355293537,1.2024800517186858,0.042673774902040836,2.026888910334554
212,6.344718978382801,7.697188691234899,-1.3524697128523258,2.123952214604371,0.09949475622907146,1.6473079910063957
213,6.153508111991826,7.552116170500383,-1.3986080585091258,2.389561010567327,0.10378879619406,1.6267566295478846
214,6.103099793190225,7.830130056478502,-1.7270302632878156,1.373026761412902,0.0467860721894549,1.988231685401552
215,5.926207889957325,7.400470157290158,-1.4742622673329606,1.9879813245380742,0.08382513410235523,1.728910390700691
216,6.329828842490272,7.852274697671184,-1.522445855181104,1.0742432793064118,0.0472491131232964,1.9840603451148031
217,6.303575286488879,7.968988037785856,-1.6654127512965715,1.3761409763675498,0.05017095726416828,1.958503529750246
218,6.110059429694914,7.604778596279601,-1.4947191665842183,1.335276989969449,0.059029458056994624,1.8879738728915014
219,6.024541210778764,7.52973323896564,-1.5051920281875937,2.0073730477106775,0.0819001399108899,1.7397658575308135
220,6.02559926649333,7.505890390637411,-1.4802911241440597,1.0859808128456354,0.05011632454292814,1.9589697923405713
221,6.565728257590266,8.054267531476135,-1.48853927388609,2.1005614472356147,0.08630823143144664,1.7152018193782106
222,6.410573119524955,7.9186449404350725,-1.5080718209101178,1.538078628425934,0.06561705782853629,1.841030714409275
223,6.300455710614145,7.747132960515621,-1.446677249901768,2.308726588729435,0.09665984158486653,1.6612669651893728
224,6.175611997671652,7.548009131285525,-1.372397133613049,1.8914602012103696,0.08937114681129367,1.698724277935981
225,5.73283213871305,7.289741324874505,-1.556909186161647,2.623739896650747,0.09606395196882915,1.6642426304270723
226,6.401725690034212,8.13102241457161,-1.7292967245366526,1.2562229731045171,0.043000106437725526,2.023708957078278
227,5.8955470605232705,7.460363324360344,-1.5648162638372014,1.7180007091762715,0.06782146892948987,1.8261911833992028
228,6.358363591006267,7.978370274622598,-1.6200066836163387,1.6175913782149163,0.060786084918357706,1.8750482575370797
229,6.06311177914354,7.557502465505415,-1.4943906863618395,1.7591500850475832,0.07442974171521846,1.7839626054842908
230,6.499778522202135,7.94516359847097,-1.4453850762683942,1.840324172666774,0.08119172795645477,1.7438128562468933
231,5.982337999693257,7.461859071112428,-1.4795210714191853,1.5497686809293505,0.06809472807543114,1.8243794399979958
232,5.8805810329503885,7.465869321143359,-1.5852882881936239,1.2941993413087527,0.05191043050216572,1.9438757973223633
233,5.876988208900869,7.480523331528261,-1.6035351226282728,1.382523311990644,0.05393192663839408,1.9273829197023524
234,6.3286311702776885,7.78992847041895,-1.4612973001412684,1.8071093630740052,0.07871983448434595,1.758162672647389
235,5.410959997288913,7.063758660248723,-1.6527986629598672,0.8624667412051075,0.03306868127999147,2.131248427847419
236,6.416610563712268,7.915879177917375,-1.4992686142059028,1.5121187215924685,0.06529925373036827,1.8432038449821742
237,6.481487401411826,7.91799459181307,-1.4365071904003344,2.0220292442206453,0.08821302926245683,1.704900252637653
238,6.465107234927885,7.937527962724097,-1.4724207277959067,1.7387145376148023,0.07542810430511945,1.7778523721330763
239,6.5798211559258135,7.9425286055482545,-1.362707449622576,2.007928128734928,0.09444626072195242,1.6723959981288312
240,6.0418312915698635,7.566786691665875,-1.5249554000956778,1.4020396425740955,0.05953231951576566,1.8842414769455529
241,6.41603984629451,8.041216768922745,-1.625176922627361,1.8657458838279268,0.06831993196265379,1.8228907976339406
242,5.987445181460274,7.339207172989532,-1.3517619915292016,2.128590438751102,0.0997244804235873,1.64619081149577
243,6.087041533968616,7.722755291329854,-1.6357137573604632,1.186306755832753,0.04534643406354967,2.0014266224187494
244,5.9955591388406475,7.621573376796448,-1.626014237956042,1.2101830381823344,0.046685887024792753,1.98913877918859
245,6.068694961625582,7.578661413939585,-1.5099664523140746,1.6122653713209285,0.06812661879808102,1.8241683901929608
246,6.103860159804711,7.659090297734245,-1.5552301379302662,1.9712091458255703,0.07676192074689445,1.769791257854952
247,6.356083732542132,7.809708171394668,-1.4536244388527848,1.9947197387330853,0.08580357169711071,1.7179618629687545
248,6.41484335570199,7.938136011518296,-1.5232926558164763,1.1418975314371487,0.04984229148066499,1.9613149749453973
249,5.812763207178207,7.4420032562650675,-1.6292400490865475,1.975859082305984,0.07140420651587363,1.8028981824411368
250,6.398279037232854,7.915509744070192,-1.5172307068369264,1.6399286607527923,0.06857215968322079,1.821228304036462
251,6.220173812494934,7.751288912017884,-1.5311150995230491,1.9144275044354817,0.07680019852128452,1.769561612056585
252,6.621853045470701,8.141607008560449,-1.5197539630889878,2.345687904834099,0.09125714320210884,1.6888032375596873
253,6.422299516796514,7.9383705253226395,-1.5160710085265237,1.771172608003944,0.07318248001615325,1.791690981220881
254,6.243919390833938,7.808182734076688,-1.5642633432435105,1.834678602680457,0.07169479097596738,1.8010513231173866
255,5.790385517513599,7.433198699220597,-1.6428131817074245,1.1090734225721164,0.04229351674619055,2.030620399411579
256,5.999002575127591,7.360008453289964,-1.3610058781623593,1.8683393718585002,0.08956581655269567,1.6976924867226664
257,6.236798583225166,7.595119107928596,-1.358320524703231,1.4287423613612855,0.072667774397056,1.7949116694145293
258,6.027917674873564,7.589679312516232,-1.5617616376430306,1.1817410827486956,0.04916664221424725,1.9671437368622882
259,6.635212677597295,8.134443122070323,-1.4992304444722322,2.148480973769809,0.08693120441402426,1.7118126265144198
260,6.7346155176282565,8.115087565434813,-1.3804720478065065,2.3725037683463164,0.10503161879636408,1.6209348173194271
261,6.207201391342053,7.748277473583336,-1.5410760822405791,1.4177167524295538,0.05905023561397647,1.8878191336532195
262,6.06285830337761,7.635402234552444,-1.5725439311754599,1.2968412723238956,0.05275159605900811,1.9369488512275534
263,6.4319657008918085,7.984318404752415,-1.5523527038603788,2.2034706401757997,0.08420941223872228,1.7267675849225212
264,6.166002515128596,7.70271706375253,-1.5367145486234222,1.7834321846757106,0.07204451977515688,1.7988366765845636
265,6.094500098872189,7.568031165971412,-1.47353106709852,2.2328713743011406,0.09183483067787214,1.6857973900065308
266,6.2207211460845,7.818486613916477,-1.5977654678317776,0.9100429545693807,0.03715208443410402,2.0840888681731133
267,6.534324846750636,8.026983011685203,-1.4926581649351647,1.5225678445429196,0.06614974922449243,1.837407576179318
268,6.308635334755266,7.862160437651589,-1.5535251028959465,0.9794546636518273,0.04190544581638792,2.0344579335760486
269,6.15557289324893,7.749631132733057,-1.5940582394832745,1.8481528822151265,0.06996614202324831,1.8121298050303765
270,6.829022042216778,8.305104168619124,-1.4760821264026163,1.4961964508718761,0.06636678322006004,1.8359382945426683
271,6.288008895884516,7.7657638933256905,-1.4777549974414796,1.3479923750044804,0.060646763895963636,1.8760620216933874
272,6.426280130140142,7.939644505654471,-1.5133643755143567,1.8101289953511,0.07470950769866413,1.7822436485618207
273,6.362480031983026,7.870400895638895,-1.5079208636561816,1.5720655979771152,0.06684582913107263,1.8327091951029513
274,6.434305291410013,7.884875311019805,-1.4505700196095859,2.742789118666632,0.10933930477045281,1.6011698497306905
275,6.701704202806425,8.205689564799584,-1.503985361992818,1.7187587523361145,0.07229746821251291,1.797240369698618
276,6.488651852916476,7.898191268689793,-1.409539415772997,1.4926405647530618,0.0712018978339461,1.8041876302666249
277,5.956082778084195,7.614272607559315,-1.658189829476214,1.5143810780588272,0.05508023246595828,1.9182427928260701
278,6.733591086672234,8.200896272871638,-1.4673051861991553,2.8568437165161313,0.11091308766802585,1.594102461648866
279,6.079808316753727,7.55413851719765,-1.4743302004444558,1.9119594610283404,0.08126475472673006,1.7433943490070323
280,6.262555937840219,7.808224571563656,-1.5456686337238352,1.725685940297204,0.06945000539910504,1.8154811160966937
281,6.182902311874344,7.739168123169982,-1.556265811295816,1.3351148035179303,0.05511178145160886,1.9179939250332088
282,6.128987093825302,7.572834032713452,-1.4438469388887825,1.467302497918972,0.06762568383745686,1.8274929593835834
283,6.207904758285579,7.924461820774781,-1.7165570624893007,1.6605890129206688,0.056174931473123926,1.9096760891281719
284,6.207920934667484,7.952725747747245,-1.7448048130790994,1.258647683491386,0.042335277999498995,2.030209210632238
285,6.575553171126515,8.085934107969457,-1.510380936842921,1.549202724080514,0.0658531216869849,1.8394221295653626
286,5.942964283140967,7.41718577150386,-1.474221488362673,1.470836234524624,0.06555367019929909,1.8414634623667645
287,6.414791861280676,8.049791503503648,-1.6349996422231925,1.390773919448474,0.05237187613099274,1.9400642986550012
288,5.8892949020200405,7.459789981084427,-1.57049507906504,1.2685072124788004,0.05184915143416796,1.9443840863584771
289,6.405619119037468,8.149125183461706,-1.7435060644247642,1.34210572669725,0.04499270084846174,2.004722695399364
290,6.110734412714876,7.659328304258658,-1.5485938915435327,1.9295974284408466,0.07594139170641256,1.774736583905096
291,6.448922356578763,8.064990475007512,-1.6160681184283021,2.1795656601790814,0.07845651361650793,1.7597128047684556
292,6.4516543746276085,7.877808711522263,-1.4261543368947969,2.6513453947239434,0.10908979773673859,1.6022976833325877
293,6.454088559071309,7.914727224706375,-1.4606386656350878,1.9795764146917296,0.08469439157626756,1.7240745179957493
294,5.91931474438293,7.539077641646472,-1.6197628972640814,1.5129913289716477,0.0573619408426286,1.9005426701984678
295,6.287800017876137,7.8289417565053725,-1.5411417386285393,2.1334991631825417,0.08297516627727224,1.7336783709822188
296,5.883618686431831,7.211203525530962,-1.3275848390994724,1.9303318667279061,0.09498309087940218,1.6696779891935665
297,6.382087542240654,7.765326942649608,-1.3832394004075468,1.187713864545552,0.0606099817519383,1.876329987552146
298,5.593001475523991,7.214220436314434,-1.6212189607904293,1.0918990683401066,0.04274633440518989,2.026180077817973
299,6.121511171146224,7.712013089903792,-1.5905019187566722,1.6504042758837922,0.063806291328164,1.8535309705855354
300,6.580888465231467,8.012084305493666,-1.4311958402622622,1.4309717111717184,0.0671528300931566,1.8306498017894501
301,5.811225976245581,7.475220899103448,-1.663994922857455,1.3178452495541926,0.04832457315887803,1.9745030307924427
302,6.595263836988991,8.065991737893363,-1.4707279009044214,2.342008427379362,0.09549716183606749,1.6670867227735275
303,5.796423699283835,7.355746544899475,-1.559322845616407,1.6281387501158253,0.06518579293179264,1.8439817978397717
304,5.917645701550057,7.508087010239478,-1.590441308689151,1.7765622792933673,0.06793152213702226,1.8254607956718583
305,5.752032677131822,7.395689391930674,-1.6436567147993628,1.3354099683141296,0.05002208342060311,1.9597750949276946
306,5.952827157910136,7.543708200622234,-1.590881042712681,1.4412170103492787,0.05672218364167575,1.9054455141569384
307,6.433404421768458,7.865345122210577,-1.4319407004413733,1.882862663468508,0.08381700628005016,1.7289557987416961
308,6.641858544203345,7.896568686147205,-1.2547101419431783,2.06835180730285,0.10745928090826236,1.6097186989320298
309,6.054883426624613,7.543766184816143,-1.4888827581908117,1.2038785625394564,0.054319570232378475,1.9242794083400947
310,6.138661022844602,7.60272454317586,-1.4640635203322745,1.6189008009837593,0.07177777820157626,1.8005250096270409
311,6.242692152791236,7.714247050767767,-1.4715548979766027,1.69024814740059,0.07377584669484821,1.7880009987391965
312,5.296894926377675,6.828829423813303,-1.5319344974350315,1.1087391045116686,0.04806874522086423,1.9767601756440076
313,6.412297491257007,8.043848221117166,-1.6315507298604643,1.4791754468736382,0.05552157927858969,1.9147720588977617
314,5.942965160911584,7.5102821559088255,-1.5673169949977819,1.001704006175613,0.042079449983857174,2.0327335480786224
315,6.1495578342491655,7.662863301664899,-1.513305467416103,1.3920392499356762,0.05993159605015381,1.8812965060417826
316,6.375010217952834,7.790594780432592,-1.415584562480035,1.5468950203590577,0.07283376501925459,1.7938709758531333
317,6.2927821395496295,7.858983949961633,-1.566201810412167,1.4223372743431764,0.05760748469371596,1.8986729922411028
318,5.972336597816096,7.406329158904313,-1.433992561087507,1.6826413414721113,0.07646687140428762,1.7715645335377808
319,6.446543876799254,7.994226486270939,-1.547682609471849,1.2926290828828133,0.05408651760125939,1.926143025127961
320,6.54325220324786,8.170655496600936,-1.6274032933524722,2.202623451573686,0.07826618388186778,1.7608358869609824
321,6.209020143914088,7.786621070502569,-1.5776009265873654,2.796244081195468,0.09894897940248082,1.6499704532717363
322,5.946901395545822,7.3753332472405475,-1.4284318516947678,1.3311423226978203,0.063399331773887,1.856380573085371
323,6.516916931847803,7.879818610396676,-1.3629016785489512,1.736358669629828,0.08446487397604838,1.7253474585904351
324,5.977864095817452,7.540413819950523,-1.562549724132623,1.0141427285151536,0.042795241246129476,2.025702881465845
325,6.433087580037821,7.897424817897004,-1.4643372378586719,1.5775835464341572,0.07024301155701872,1.8103404262858394
326,6.639937012027033,8.073551607515775,-1.433614595488507,1.690191920104434,0.07677417483300794,1.7697177298555378
327,6.433725415529764,7.740266045970806,-1.3065406304413045,2.047539655795566,0.10133792057944012,1.6384017200912875
328,6.153119492349063,7.464515683813438,-1.311396191464155,2.0353351989078394,0.10040921405944608,1.6428729919969645
329,6.367642128271612,8.05546500605957,-1.6878228777886761,1.5924659741799747,0.05579337309312801,1.912646105112856
330,6.314780999158714,7.798890173446701,-1.4841091742873687,1.5586108021053189,0.06808227277110966,1.8244618901024277
331,6.7705944364951876,8.293688098918963,-1.5230936624238893,1.7590825188558892,0.07224230851462952,1.797588081112772
332,6.272339422900544,7.798541548475889,-1.5262021255757645,1.228493359295637,0.05299019866163733,1.935000790633909
333,6.326739076531297,7.761775946873328,-1.4350368703426284,1.7081964376672332,0.07731707852447517,1.7664697124443185
334,6.028166930899673,7.672148066166336,-1.6439811352665856,1.3291369846059577,0.04979294774987705,1.9617384080461975
335,6.1480867688496375,7.565805702051442,-1.4177189332021953,1.488886955763851,0.07042521571521569,1.8091660148583548
336,6.187693083505067,7.809280331919986,-1.621587248414471,0.8777788354100995,0.03490909143144674,2.109411340875606
337,6.091573697015477,7.632903535318469,-1.5413298383027723,1.6552163905935107,0.0673701393180988,1.8291967488728667
338,6.957858289011668,8.425644978152071,-1.4677866891406666,2.408035393730959,0.09779421182464125,1.655642629480221
339,6.025944850455701,7.653528857627535,-1.6275840071721177,1.4900204242261683,0.056120595512245165,1.9100980075036842
340,6.314139659538299,7.834430385352022,-1.5202907258135383,1.6611842853588712,0.06908997680872149,1.8178309356718263
341,6.018587895947306,7.564048696901523,-1.5454608009549702,2.129648819226242,0.08250532803785403,1.736330982312099
342,5.804782054654382,7.342556453014524,-1.537774398359943,1.739993135361816,0.07050749262424623,1.808636509273892
343,5.956466791385495,7.546599254447379,-1.590132463061309,1.0601601675780987,0.04314136873643063,2.0223387429613995
344,6.830945211911015,8.17524025477723,-1.3442950428652694,1.8709525872518675,0.09120487011974537,1.6890759809551439
345,5.906121165779908,7.290645971580524,-1.3845248058005382,1.6663728101650719,0.07993617627898056,1.7510565112209917
346,6.290165128510083,7.794333439495269,-1.5041683109848236,1.4780780068018906,0.06371445507102622,1.8541727096702512
347,5.829599981238019,7.271581798910496,-1.4419818176729677,1.5512608944046722,0.07095669792925749,1.8057544844697635
348,6.178755840649458,7.725654670913187,-1.5468988302636717,0.3603686773403485,0.016396045471663845,2.399978262614526
349,6.543205553515648,8.13368147558488,-1.590475922069345,2.373786407395505,0.08612889930185179,1.7161811109614162
350,6.064029722852823,7.744168074690094,-1.6801383518368311,1.183178302487276,0.04300763984897788,2.023635788633257
351,6.162974634098603,7.667628531718066,-1.504653897620301,1.9253512953378973,0.07924941753396153,1.7550578238548764
352,6.382763279664644,7.943077411843333,-1.5603141321789735,1.4524104858550526,0.05904211649902284,1.8878795947491422
353,6.107771113058291,7.610831618468168,-1.5030605054098487,2.0051593050430707,0.08200252055823656,1.739183330866567
354,6.080715724093309,7.653532650851396,-1.5728169267586054,1.9178094092942501,0.07373094146946355,1.7882794013202052
355,6.3608200038460865,7.8140105257113674,-1.4531905218645988,1.8938974686414802,0.08240345383389129,1.7369077580378853
356,6.295466348121366,7.894323637839946,-1.5988572897185804,1.2416110467671313,0.04926771963975265,1.9662674937640248
357,6.409650502040634,7.812497161937422,-1.4028466598974774,1.709258140950304,0.08000980635275783,1.750629175378151
358,5.7927737640747665,7.3512647737749575,-1.5584910097004467,1.4180349754238968,0.0579437776866992,1.8961230320177906
359,6.411575008126377,7.757853796954869,-1.3462787888283856,2.0040719387092913,0.09587064914693415,1.6652110902787356
360,5.943336401868649,7.37156232828908,-1.4282259264200547,2.486813797721272,0.10393786301413269,1.6260554357747132
361,5.947116879158742,7.45599605579563,-1.508879176636583,2.003738899134362,0.08148096505264853,1.7421570618721276
362,5.409668928807108,7.047768872480425,-1.6380999436732964,0.7961701051771506,0.031214444672701104,2.1543281770772826
363,6.277805876808046,7.88928480875456,-1.6114789319462943,0.965089219462202,0.038592927831130976,2.0685010941379383
364,6.6954259663306885,8.09783284336745,-1.4024068770368103,1.75510553501827,0.08174474994120443,1.7406511269041236
365,6.730127218814189,8.245954575108655,-1.5158273562947215,1.7482274342168491,0.07241871572861919,1.7964768218834173
366,6.0210423431935425,7.535147649891151,-1.5141053066972745,1.8235146368492252,0.07510384029351104,1.7798296704870156
367,6.174273148854766,7.652975928959243,-1.478702780103049,1.3800103693183452,0.061807854777879444,1.8676716342584854
368,6.437373637913836,7.946364873185331,-1.5089912352723331,1.4469800317331583,0.06224462361232741,1.8645491680156534
369,6.167675479972743,7.702136816856594,-1.5344613368843056,1.1164721292737134,0.04822650122203233,1.9753671206782841
370,6.3007199190596594,8.02404643127371,-1.7233265122140438,1.6401521795065097,0.05516437148246743,1.917579343070107
371,6.179373469126361,7.686633585720209,-1.5072601165929882,1.850322159994752,0.07653804839134164,1.7711362429169082
372,6.180446069904022,7.714111346125591,-1.533665276222564,2.0506113927334493,0.08098035781905062,1.745025916435652
373,6.210944284723112,7.792751877986106,-1.5818075932629654,0.9399860958451285,0.03901901669210925,2.0639862859231792
374,5.887702260418294,7.569452096046973,-1.681749835629489,1.1344301364165759,0.0412933840615547,2.040572036184019
375,6.353499317743584,7.778932209555542,-1.425432891811397,1.9134738412958558,0.08544768211682506,1.719916162713665
376,5.775418343741833,7.254997462275249,-1.4795791185333655,1.4038488432118417,0.06265354058170719,1.8616422015218852
377,6.06652519460836,7.553006165052231,-1.4864809704449726,0.9370289276762236,0.04361489958945544,2.0177730814533605
378,6.457698775601742,7.909845325863991,-1.452146550262114,1.455183885548717,0.06655318037115097,1.834679574986975
379,6.541956710925618,7.930231013210701,-1.3882743022850264,1.7789379748483913,0.08383875320483858,1.7288343122877492
380,5.8743359537047155,7.430433059617272,-1.5560971059121584,1.2892937350975817,0.053456859701249804,1.9312118456044771
381,6.3983422704177,7.946552240668076,-1.5482099702503547,2.0838912529603597,0.08086178751458581,1.7457075211389244
382,6.515981280235749,8.021998401937445,-1.5060171217028255,2.580330644569713,0.09939910591279218,1.6477737581448568
383,6.750902299143448,8.208026674748012,-1.4571243756045078,1.9187372130847695,0.08292664757176238,1.7339517332949377
384,6.400217832442607,8.047243968364022,-1.6470261359218057,1.61565522599364,0.05900848440188075,1.8881301184169303
385,6.773279520693862,8.37256197219505,-1.599282451500585,2.1740150527332354,0.07958549433396472,1.7530962080283485
386,6.19558130638957,7.801221211385915,-1.605639904995769,1.1711512081720254,0.04638477877634858,1.9918749619053477
387,6.544998729198554,8.172638156449473,-1.6276394272508696,1.8367183032427885,0.0672485409079969,1.8300093487568663
388,6.421209369109377,7.964828379431424,-1.5436190103228,1.4488749468177122,0.06000110572418511,1.8807854829012158
389,5.983924410385001,7.550540195459362,-1.5666157850737363,1.2152639811365393,0.05013034625162493,1.958850083535031
390,6.134473253239733,7.557671941666939,-1.4231986884269645,2.151775667908744,0.09374939107334924,1.675942831221157
391,5.763119347083332,7.366444651589795,-1.6033253045061429,1.5330963017820292,0.05906250549090922,1.887727775924137
392,6.460858291341495,7.943114697488404,-1.482256406146007,1.9784899982951316,0.0828414167078939,1.734432251870805
393,5.72565882641625,7.221325256563212,-1.4956664301471392,1.3197872434597038,0.058377599632927074,1.8928516574405279
394,6.364204208617551,7.804206032168864,-1.4400018235510288,1.7159081682160515,0.07719573671861205,1.767194044664559
395,6.339379939235144,7.780554425811722,-1.441174486577438,1.93446224846606,0.08481935341280657,1.72338263296776
396,6.241112592479979,7.7038174856277735,-1.46270489314702,2.1951059612542405,0.0915946132570537,1.6870454483130253
397,6.320411118516816,7.882999257153422,-1.5625881386367837,1.8616593605052678,0.07269290277733075,1.7947539998155102
398,6.033715979922775,7.621648160729556,-1.5879321808070017,1.9850527269205553,0.07471206927946682,1.7822279338374747
399,6.297182697587189,7.785347940777655,-1.4881652431904513,1.7579337846074434,0.07487017370247684,1.7812588494025932
400,6.1122628189504695,7.696534127722849,-1.5842713087731681,1.4162741747733456,0.05626743621687197,1.9089585714709119
401,6.093459091550315,7.518835260011173,-1.4253761684612982,1.6125688202077235,0.07455494247835265,1.7831926871399197
402,6.273187741155155,7.780400997465726,-1.507213256310024,2.8096845095257734,0.10576011818250616,1.6175476527205175
403,6.501420605665729,8.011916675276524,-1.510496069610781,1.2017278256448414,0.052912235177219616,1.9356365124149681
404,7.102692575363065,8.69284729115288,-1.59015471578914,1.6758022388858453,0.06466767634359027,1.84754856504594
405,6.441417330005564,7.958156803817268,-1.5167394738118674,2.7575262173557356,0.10342459444755553,1.6284731666732524
406,6.105287146612639,7.559650124074636,-1.454362977461642,1.621319683648153,0.0726106603146479,1.7952702013680657
407,6.245442807747125,7.930004017621641,-1.6845612098741185,0.8093462945981251,0.029958984853618097,2.1706322154461857
408,6.885093450627167,8.365208134805968,-1.480114684178261,1.5592107798808659,0.06839675428657391,1.8223839096383556
409,6.147567238442164,7.60145308659731,-1.4538858481555508,1.8346028265658845,0.08028729254152997,1.749021560846605
410,6.16267151947882,7.6360623213088346,-1.473390801829737,1.4662973261381982,0.06544282036528513,1.8422210651354158
411,5.875813763918771,7.338909700130081,-1.4630959362102658,1.8276502539854693,0.07929031356791663,1.754818760490097
412,6.297125499001552,7.835206223951268,-1.5380807249493955,1.1697426489209288,0.05006105036213993,1.9594419632744493
413,5.994629822892378,7.3500281196351835,-1.3553982967423508,1.9020423866359248,0.09131798449851312,1.6884859462216257
414,6.5953428776092125,8.21176006021917,-1.6164171826103484,1.74767237342704,0.06521301426413623,1.8437950508783303
415,6.213655706972489,7.613451666875434,-1.3997959599028036,1.291892030720133,0.06384540918355969,1.8532578520793617
416,6.6492260846961955,8.323102528171958,-1.6738764434758195,1.281810415130657,0.046607250003981325,1.98985192061506
417,7.049964488983235,8.451245839597156,-1.4012813506142265,1.9192984070007526,0.08777191353842706,1.7072698165929274
418,5.4415154500211,7.08710201322986,-1.6455865632078712,1.4055163357819875,0.05225572345908033,1.9410210558563994
419,6.450633061305737,7.863593810547833,-1.412960749242302,2.158171776331981,0.0949045537642387,1.670074858210387
420,6.442182215622736,7.771624775214647,-1.3294425595922803,1.9525330651913837,0.09562088285931214,1.6664647531699117
421,5.9312327624911205,7.482592689866436,-1.5513599273745058,1.8165544950104415,0.07205484133611775,1.798771449526398
422,6.050429854056304,7.6112736825051215,-1.5608438284480144,1.8418330196677957,0.07217933179645913,1.7979853347521546
423,6.131635010941821,7.746237652292571,-1.6146026413516665,1.616075515534142,0.061085736016546946,1.8728743638882765
424,6.386159631310832,7.907602517898745,-1.5214428865874652,2.0639814398711405,0.0823950737937082,1.736955228590236
425,5.535985831117571,7.095634360451314,-1.5596485293344813,1.4988925417808225,0.060714038898939594,1.87557225700966
426,6.4580902158149485,7.924283739907381,-1.4661935240919775,1.3893096334135855,0.06302767992411396,1.8589961794629983
427,5.937955217343145,7.537620841095951,-1.5996656237521165,1.8139241978105307,0.06848001347185743,1.8218350782419384
428,5.91396897234786,7.3257687088945005,-1.4117997365465271,1.7851449451885966,0.08204543439562867,1.7389393346227444
429,6.132170165690653,7.6159598396213894,-1.4837896739309144,1.63142923791046,0.07073852383079354,1.8071523776746958
430,6.152559770176552,7.50339126666222,-1.3508314964865349,1.7746706602323474,0.08699511023133005,1.7114660663757222
431,6.157638665505104,7.542934803622707,-1.3852961381171554,1.959766030912105,0.0906443468301515,1.6920085321572758
432,6.446626400050221,7.847378034270768,-1.400751634219887,1.9687776363970553,0.08956111830782,1.6977173671481791
433,5.38748913365994,6.984660084500177,-1.5971709508403364,1.8941691974677592,0.07119485618484478,1.8042325654364804
434,5.719292393560821,7.433031293540623,-1.7137388999808536,-0.13317524609434273,,
435,6.408768020751225,7.883059009565152,-1.4742909888136637,1.8298188051969166,0.07845851679536647,1.7597009963714558
436,6.080005554120319,7.604078594386891,-1.5240730402674671,1.6702050777403787,0.06912695529042967,1.8175891232303056
437,6.392745726528986,8.060990032712475,-1.6682443061836238,2.0418571817726274,0.07059886587978144,1.8080490564419274
438,6.295999066053767,7.770674236894578,-1.4746751708416923,2.559567087316191,0.10169736683015994,1.6366799196885842
439,6.078561132255302,7.54819469104207,-1.4696335587868816,1.8770022840860339,0.08045970107852587,1.7480249852874905
440,6.190021962676795,7.648501312996373,-1.4584793503190667,1.2547897595413513,0.05828492073673686,1.8935488318952107
441,6.132015344798631,7.609858330303084,-1.4778429855041395,0.9712072552267657,0.04550965489597252,1.9999130393137199
442,6.247576907746364,7.660772723566637,-1.4131958158204725,1.819060426070525,0.0831531314093646,1.7326767938398642
443,6.752327951552573,8.130921121215337,-1.3785931696629632,2.4702450515000347,0.10832901633361526,1.605749245730097
444,5.929578612792241,7.572009681744767,-1.642431068953556,1.631464025648178,0.05980217433441944,1.8822493032381242
445,6.201226155557336,7.85179420615966,-1.6505680506015779,1.3005486669483624,0.048470216772233864,1.9732225115821567
446,6.342121049621667,7.879653336291767,-1.537532286669375,1.7667647227823178,0.07142562667670647,1.8027618328729038
447,6.53906019894562,7.875762834452907,-1.3367026355072085,2.3800947347695782,0.1097152885726004,1.5994741470785074
448,5.9489899902764165,7.517623012780518,-1.5686330225044003,1.2968692374570772,0.052984101863056604,1.9350504763388139
449,6.166744054238691,7.765478185812036,-1.5987341315722006,1.5325903475798235,0.0593376978907694,1.885682905065862
450,6.5251747326701235,8.003263320484479,-1.4780885878144545,1.342399251675607,0.06040920203540098,1.8777950913708328
451,6.354727840098306,7.878169317388071,-1.5234414772894525,2.370749040439513,0.09168807827373077,1.686559535179333
452,6.403091951315176,7.856886054643333,-1.4537941033277093,2.0975171481431847,0.08921261579222052,1.6995658642343123
453,5.972822327365023,7.519936840757268,-1.5471145133933533,2.1145716361447704,0.08190439566361701,1.739741631334288
454,6.2189518579506995,7.65254254313794,-1.4335906851874824,1.9583473057070542,0.08629553055277155,1.715271121852211
455,6.221000524872537,7.53797510896441,-1.3169745840923497,2.0155154891520155,0.09913592536716476,1.649057158392465
456,6.2295726717256485,7.805071597920325,-1.5754989261940864,1.5457617359763187,0.061289242417558835,1.8714030071363799
457,5.958915480658064,7.584674612632774,-1.6257591319754283,1.5891640071641753,0.05949254147415425,1.884535767224824
458,6.284974793223185,7.689905867999073,-1.4049310747750496,1.5029738605431042,0.07196480422464278,1.799340696640086
459,6.283458688741987,7.753783430310655,-1.47032474156822,1.9663211480299676,0.083431177084404,1.7311154399089457
460,6.011598641311096,7.51362772070042,-1.502029079390013,1.6250927094699925,0.06915932841348388,1.8173775137085142
461,6.530167606884746,8.075799835906203,-1.545632229021976,2.12146846889269,0.08223792534493775,1.7378461558281255
462,6.188704950856803,7.652047063994559,-1.4633421131384239,2.406747042717287,0.09816502011967732,1.6538154287942644
463,6.540031417392086,7.981301079854951,-1.441269662463128,1.9374478922031546,0.08491393756850596,1.7228594902020833
464,6.71224391065148,8.277616215058814,-1.565372304406992,1.2544203521533372,0.051635635158336295,1.94615906701456
465,6.348163751559653,7.859200499478241,-1.511036747918297,1.558524832906695,0.06614016266262378,1.8374725670411682
466,6.498062798716049,8.091093114280383,-1.5930303155655565,1.8762111216518456,0.07092860273872914,1.8059342991451683
467,6.00172001969527,7.607197329612973,-1.60547730991766,1.3546270062215449,0.052853835412672155,1.9361132226993767
468,6.531685652395893,8.038061808614302,-1.5063761562178115,1.4462762924868802,0.062396977331031056,1.863464253306223
469,6.524575483291258,7.998360627019814,-1.4737851437284917,1.4456163236049573,0.06463702521364505,1.8477603082702672
470,6.113309792114663,7.709144625653735,-1.5958348335389019,1.8815740803603553,0.07089528461947674,1.806147617290296
471,6.374046451388452,7.781144548022553,-1.4070980966343996,1.9224857816867384,0.08736874935450356,1.7094439305006297
472,6.545685518109124,8.03170852951991,-1.4860230114099977,1.3868801373912731,0.061569158980457755,1.8693857982228528
473,6.464940052352134,8.021895397227297,-1.5569553448749502,1.6926174637261795,0.06752995594031388,1.8281305835386465
474,6.617239533041314,8.044116204748903,-1.4268766717077597,2.2292215152971053,0.09594816502912537,1.6648225430659485
475,6.063708223602546,7.570536897469474,-1.506828673867858,2.112252186490597,0.08513960457745533,1.7216132321674444
476,6.249048529136374,7.837641167194249,-1.5885926380578894,2.1520920430035897,0.07976223041432627,1.7520673340669948
477,6.200286841077244,7.737845714613947,-1.5375588735369092,1.608032029363411,0.06601092047791325,1.8383495063711839
478,6.171135353112689,7.549744238505667,-1.3786088853930778,1.604726258030201,0.0780599804775829,1.7620551470363703
479,6.033166820843647,7.592119717162134,-1.5589528963182602,1.5957893385513184,0.06410814224190096,1.8514270383466143
480,6.199026326410561,7.559751156208215,-1.3607248297976184,1.3169634408474415,0.06779563755063059,1.8263627591947469
481,5.819906765882436,7.505837362084023,-1.6859305962016151,1.8777647788235203,0.06457183735671594,1.8482109127405573
482,6.281433205192073,7.825285390395621,-1.5438521852029226,2.2472358119035594,0.08623789363316196,1.7155857218575838
483,6.172540096782498,7.486463305143111,-1.313923208360393,2.140092867370475,0.10389720371642033,1.626246613302898
484,6.160458916500787,7.81710645383081,-1.6566475373292633,1.941982748640143,0.0684570679651341,1.821986276620603
485,5.982761896851983,7.678959572598551,-1.696197675746589,1.298182123682686,0.04598994508934405,1.9954855822641684
486,6.009666384692494,7.410934137677337,-1.4012677529854045,2.206726479485866,0.09760871436653844,1.6565587676856928
487,6.361344355639588,7.715087101377037,-1.3537427457386002,2.253205212089462,0.10377458043265646,1.6268235406998917
488,6.100186625289965,7.619748274302424,-1.5195616490127577,1.6944380411772126,0.07029389114566548,1.810012226560093
489,6.131131828913524,7.768053025064042,-1.636921196150979,1.08302819885321,0.04166248743255454,2.036875823667684
490,6.5159905115687735,8.061171582126534,-1.545181070558101,2.1354579299904817,0.0827078053615422,1.7351863391650872
491,5.966436523590303,7.328496091125324,-1.3620595675356526,1.921857214410716,0.0914219418931518,1.6879441946506044
492,6.334839762950608,7.846055069285278,-1.511215306334634,1.8838025165998413,0.07734778516996585,1.7662865604630658
493,6.097659120063284,7.600771973824024,-1.5031128537602854,0.9814993846261242,0.04457806955950896,2.008614149558974
494,6.114900887659999,7.716528649124882,-1.6016277614644423,0.9616266461376828,0.0389173444340289,2.0650597792016026
495,5.927765480715564,7.5641331792846955,-1.6363676985693019,1.4835150820895748,0.055375633929864714,1.9159172146942274
496,5.834487452481838,7.236901031866751,-1.4024135793843016,1.985885155585823,0.09000859438472801,1.6953523766633654
497,6.0120216962313435,7.528796428694356,-1.516774732463091,1.6069739565521175,0.06744910348290814,1.8286697049767948
498,6.2363251243641145,7.700460865476039,-1.4641357411119316,1.9177400220383447,0.08230596490750432,1.7374602474406566
499,6.276764424638671,7.748302269019931,-1.4715378443816007,1.6140204934225402,0.07103262715194406,1.8052688145990723
500,5.940604247465629,7.519302407686901,-1.5786981602213928,1.965763231111449,0.07480328604435019,1.7816686260830885
501,6.547961986513613,8.066144043720797,-1.5181820572079232,0.9299862483852976,0.041698715852483026,2.0365145272055507
502,5.988769081205604,7.7413906072808985,-1.7526215260750178,1.1361965962565694,0.03813201235716696,2.07343287195754
503,6.4825799560739625,8.009294077187853,-1.5267141211134003,1.719869737104844,0.07063875920829675,1.807792771605844
504,6.497822668859001,8.0895575627058,-1.5917348938464784,1.7909421486937624,0.06830361713072981,1.82299850625001
505,6.2594340869890885,7.716758901831177,-1.4573248148417406,1.9985471017907663,0.08561501523380305,1.7189964670351177
506,6.006003693134474,7.662151205117624,-1.6561475119824536,1.307807389928497,0.04841252040035021,1.973729399184542
507,6.608663288916389,8.023009745139625,-1.4143464562230292,1.497497815917633,0.07101975864088579,1.8053510961318582
508,6.159169974474892,7.707597117183134,-1.5484271427085332,1.1370865294203085,0.04823632372224051,1.97528051034474
509,6.099510499438068,7.766584879818005,-1.6670743803806545,1.4761441819040222,0.05332831569912217,1.9322527626221946
510,6.457120107783297,7.990843409466429,-1.5337233016834944,1.059550174386107,0.04605785723231775,1.9948626946670356
511,6.586693861383495,8.13228537851095,-1.5455915171269226,1.884847448325342,0.07472219727239876,1.7821658051796794
512,6.4835950796322805,8.015499053385497,-1.531903973754197,1.1252275326646934,0.04870769563016591,1.9711414772148956
513,6.60155008913803,7.912308176367127,-1.3107580872292601,2.2791017662416504,0.10903734970233865,1.6025350208590208
514,6.069091988241738,7.722394714442494,-1.6533027262003088,0.9232269733145024,0.03523396221057892,2.1056592469551596
515,6.3107271742364475,7.682097695085368,-1.3713705208492684,2.4060595231566957,0.10701872944452409,1.611739081432474
516,6.075428863296068,7.460556082692769,-1.3851272193969635,1.035399405874104,0.05377047717849925,1.9286809937287808
517,6.707857335374641,8.102990975076928,-1.3951336397021805,2.148966220111653,0.09626092344559126,1.663257393386606
518,6.414344334860246,7.769806455063424,-1.3554621202029011,2.4254659785133885,0.1092569551925785,1.6015418650242763
519,6.757114044882613,8.194215255688448,-1.4371012108058494,1.8779087284602713,0.08320445778380002,1.7323882547526113
520,5.960652135776357,7.506752431528987,-1.5461002957517849,0.8402345220545939,0.03673214169301129,2.0887288124715737
521,6.0663529570410475,7.378833838267134,-1.3124808812262927,1.574908895474021,0.08255677718272206,1.7360399148284238
522,5.998472170345806,7.402576486305257,-1.4041043159595574,1.7429433679130497,0.08115245669745352,1.7440380412413397
523,6.446203570796527,7.952972541011746,-1.5067689702154894,1.703263522459304,0.0715502842538113,1.801968992085503
524,5.8924062363020795,7.603490361506843,-1.711084125204252,1.4331223227011147,0.049504650284289374,1.9642194317916915
525,6.417223380824865,7.93273471104596,-1.5155113302216705,1.5475605491354134,0.0654325433362966,1.842291357032847
526,6.08685303896614,7.666561929013291,-1.5797088900471863,1.8444615896417194,0.0708824737528044,1.8062296603166288
527,5.996437623993145,7.33152702640831,-1.335089402414269,1.4257339489701693,0.07442687320526462,1.7839802576963038
528,6.004535141025329,7.458582165971549,-1.454047024945794,1.6876016458647332,0.07504967343900536,1.7801606484868921
529,5.818425603678364,7.308706514528055,-1.4902809108498332,1.5231551239317653,0.06634124343640016,1.8361109886686833
530,6.378349305135046,7.709387186967568,-1.3310378818323443,1.568763084055428,0.08067755347800976,1.7467682074949593
531,6.2648554444903795,7.841085653041709,-1.576230208551351,2.028983156211705,0.07696134215121597,1.768595859995544
532,5.846752529273502,7.26750841094141,-1.4207558816679011,2.0126968946127946,0.08928963507108492,1.6991568452334485
533,6.290444695330692,7.770238562117207,-1.4797938667870767,1.8160830749155572,0.07754326217703944,1.765122010717635
534,5.9769371342717506,7.501194087976984,-1.5242569537049349,2.158032045469625,0.0851271082679482,1.721682173791624
535,6.262249014783222,7.863299305621176,-1.6010502908384296,0.9947070047076103,0.04017730831908195,2.0519213322951106
536,6.232853215381468,7.667152144649549,-1.4342989292681523,2.427529710935966,0.10153093879363377,1.6374765309990753
537,6.400985681716477,7.90044229748861,-1.4994566157729423,1.6858348336805058,0.07149099308394911,1.8023459514912594
538,6.578700930493099,8.128503839283816,-1.5498029087902978,1.4922550989682346,0.061131005751347896,1.8725467117721546
539,6.16274602886547,7.775161445733296,-1.6124154168683162,1.6373848354968175,0.06192412473187124,1.866838639931972
540,6.10801496875861,7.549956048708168,-1.4419410799491743,1.4984132561920411,0.06895730914780274,1.818699361835994
541,6.466528378215074,7.97795097181924,-1.5114225936040384,1.7156940489485795,0.07163203927310152,1.8014496323597842
542,6.276396870295642,7.8574246701684345,-1.5810277998734819,1.7891994369151458,0.06900615139817538,1.8183794869665075
543,6.6552836528043855,8.169991928743855,-1.514708275940393,1.9773402000627964,0.0801502326370857,1.749815051366296
544,6.349191610928713,7.933229610720659,-1.5840379997916898,1.5970620738574492,0.06246130606874577,1.8630068245579687
545,6.44549634198934,7.8588520132495745,-1.4133556712604332,2.3831857883434466,0.10215393547820716,1.6344998606591448
546,6.337308456397253,7.774207861078608,-1.4368994046808439,1.9400323873195724,0.08537861555723199,1.7202961906025263
547,6.222045910103546,7.805303998914859,-1.5832580888118173,1.329552700932556,0.053284902736855086,1.9326047832888846
548,6.2913570177033336,7.689588374024311,-1.3982313563210482,1.2070504402295423,0.06039558037760069,1.8778946356964685
549,6.706103794983349,8.100834391649194,-1.394730596665795,2.1367570256811703,0.09588750164677093,1.6651265959856827
550,5.9280301352045655,7.332441586390701,-1.4044114511862062,2.7590175879278345,0.1144450292870029,1.57852508774513
551,6.78679487611403,8.307681299690188,-1.520886423576485,1.5519808896932759,0.06521281539707448,1.8437964149362145
552,5.855512361164941,7.392518728548794,-1.537006367383583,1.9423620195596563,0.07724943977107897,1.7668733577711944
553,6.289851142562796,7.785954722297554,-1.4961035797350632,1.8915663278691177,0.07880774362458763,1.757646103564232
554,6.088211202857522,7.727030506500988,-1.638819303643686,1.9095039614530567,0.06871322402224386,1.8203007054774112
555,6.296133606915603,7.911588042960467,-1.6154544360451837,2.091634239101152,0.07589683276802421,1.775006385946779
556,6.007315352703657,7.532088431875884,-1.5247730791716094,1.5863683459103495,0.06615473219687619,1.8373737978248141
557,6.154304887232641,7.576394751164763,-1.4220898639323423,1.697585008125989,0.07798264308282517,1.762513111508999
558,6.177359563341227,7.6955065677764125,-1.5181470044344678,1.680778899892239,0.0699261023049954,1.8123890582815823
559,5.801997595223796,7.467845322011868,-1.6658477267883427,1.4090341575359489,0.05122286703135924,1.9496079339546446
560,6.063775012342333,7.69174001901785,-1.627965006676277,1.0977373821160246,0.042621499963895734,2.027400215149934
561,5.725479710123139,7.4429366603013065,-1.71745695017853,1.4668278952846805,0.050209417095341595,1.958175549771237
562,5.948696948763384,7.389710850362206,-1.4410139015990353,1.747073209164821,0.07823903108791637,1.7609962891005013
563,6.216959651758728,7.708331731650048,-1.4913720798913346,1.7982242155895118,0.07601223679752496,1.7743078863820354
564,6.141456695756418,7.625092707596593,-1.4836360118397351,1.7525364169792965,0.07503494197855073,1.7802506964853138
565,6.455163725254309,8.031348864596389,-1.5761851393426696,1.9584470367406652,0.07476262918010639,1.7819178502107242
566,6.124411404390187,7.628249703681817,-1.5038382992916013,2.1634648560701564,0.08701334864661649,1.7113671974593707
567,5.882495782363506,7.407747617022778,-1.5252518346596844,0.8466523274282736,0.03794403358798365,2.0754587988029494
568,6.48156508381085,8.047372113015804,-1.5658070292047341,1.6625037420879298,0.06589778280767629,1.839118334855442
569,5.660633898186418,7.226554495062288,-1.5659205968759125,1.3918641485398684,0.056547595595399874,1.9067914760386573
570,5.639764427372896,7.217948951101938,-1.5781845237288508,1.176076357296683,0.048045028912769204,1.976969933119707
571,6.031788483075573,7.602567297218954,-1.570778814143523,1.9885650236405201,0.07611776451247157,1.7736699214915699
572,5.974233370518917,7.4391141164304315,-1.4648807459116142,1.76087980836758,0.076807129688108,1.7695200388082821
573,6.144332311150677,7.722792072069225,-1.5784597609190314,1.9792622543841887,0.07524379344535499,1.778975410378486
574,6.510172307844144,8.044973161968215,-1.5348008541241143,2.233122830864895,0.08656398948676995,1.7138080227929329
575,6.528283700403293,7.7731967704890295,-1.2449130700861133,2.067216891153997,0.1084631696345495,1.6051392206300295
576,5.970747504743443,7.48839337432176,-1.5176458695787005,2.057925292642812,0.0825120724904996,1.7362928179864197
577,6.669456885946559,8.126672699671026,-1.4572158137243605,1.8665210977241689,0.08112225179867696,1.7442112990840117
578,5.63064700381797,7.291172611919357,-1.6605256081011248,1.6648719687078337,0.05971874364135738,1.8828644234704444
579,5.954019328134521,7.561687710457377,-1.607668382323027,1.8000495398662757,0.06747901877875191,1.8284701688568845
580,6.251778795311978,7.752686253974602,-1.5009074586623683,1.5466057837756537,0.0664331873385662,1.835489541281402
581,6.588781709781827,7.999197561220996,-1.410415851439211,1.8032918610618474,0.08282154362866473,1.73454435084718
582,6.018742899559541,7.603968810286446,-1.5852259107268765,2.050324542551545,0.07693159907997203,1.7687739894818235
583,6.024470648044328,7.463282642491237,-1.4388119944469508,1.8794753830916733,0.08311420009447383,1.732895748442887
584,6.36898344399647,7.785573615083862,-1.4165901710875914,2.0544922697213437,0.09108862708664599,1.6896829488661476
585,6.890094676267793,8.314956607339887,-1.4248619310719732,2.346316558436664,0.09988844985811106,1.6453946610195327
586,6.297926892838362,7.860285964645264,-1.5623590718059859,1.8945316247396242,0.0737695636052592,1.7880399441829218
587,5.921069682320152,7.44888926613568,-1.5278195838154716,1.6445002475816342,0.0679666238071689,1.8252280418857598
588,5.817592222610031,7.450474448650496,-1.632882226041147,0.9670945477061306,0.03769868698813846,2.0781158842729055
589,6.167634847482034,7.6789819543128885,-1.5113471068307263,1.2737892572321332,0.05562281730669314,1.913979170293648
590,5.996104239712579,7.528797685304092,-1.5326934455906667,1.959608077950568,0.07814467352347691,1.7615540486075059
591,6.478847469578753,8.016491320376936,-1.537643850798304,1.5236760658940458,0.06305440105668171,1.8588076971275407
592,6.539318940057413,8.032755273947458,-1.4934363338898038,2.0125440152045844,0.08303700155595563,1.733330168581048
593,6.220304190077471,7.814883883881613,-1.5945796938040075,1.2974332920443938,0.051487555887064,1.9473936740901248
594,6.107698735439001,7.683504879335182,-1.5758061438955338,1.75939037067905,0.06840705097709615,1.8223160057314909
595,5.948275784162391,7.593283628655229,-1.6450078444922838,1.1317468851978383,0.042977865255773136,2.0239250383467926
596,6.420901688799816,7.941076181940346,-1.5201744931409849,1.78195333861151,0.07323713633110643,1.791350067646605
597,6.975934561633906,8.435972896936526,-1.46003833530267,2.061351432820743,0.08747436724921859,1.7088735914690958
598,6.38914905563702,7.764883995175801,-1.375734939539143,2.2240043677211947,0.10063116130679861,1.6418014363330857
599,6.628683893295559,7.956023422253665,-1.3273395289570544,2.5653806941952535,0.11665701706588794,1.5689610413556052
600,6.352034230249004,7.843805028817961,-1.4917707985696325,1.9683536734419729,0.08171919833569836,1.7407968271623402
601,6.267685136674075,7.769234796221802,-1.5015496595478908,1.710175392302908,0.0721832929955901,1.7979603393647436
602,6.455488710062994,7.807684010257248,-1.3521953001945803,1.60286042140509,0.08021933937995131,1.74941482917714
603,6.041868995916914,7.643675957084113,-1.6018069611673127,1.2851387180961158,0.05064117042688776,1.954507993821349
604,6.162137361362468,7.613906752040911,-1.451769390678237,1.5596952792773884,0.07052853620635556,1.8085011614967617
605,6.330426489387676,7.869570018555002,-1.5391435291667221,1.9335981253833658,0.07679972412474269,1.7695644576063811
606,5.725008970306547,7.355819413310826,-1.630810443003611,1.9436548377236598,0.07031515574401542,1.8098751166265445
607,6.145671800924859,7.713823481584527,-1.5681516806598665,1.2455946633019792,0.051152412659936065,1.9501989353039442
608,6.213769871402249,7.657834268483128,-1.444064397082002,1.628398577129083,0.07367137564708451,1.7886489104017835
609,6.569672157515882,8.1306118404394,-1.5609396829240723,1.718805024072827,0.06812337080437819,1.8241898813939668
610,6.256962886800423,7.964344934649873,-1.7073820478490234,0.76945753705286,0.027760542508832906,2.2006537899525966
611,6.378299413857306,7.844749938777099,-1.4664505249202193,1.6567391460012075,0.07296761353784681,1.7930332128923299
612,5.916565284749552,7.462642548838751,-1.546077264089945,1.0643702411904883,0.04558274375002826,1.9992367526413852
613,6.405280079767138,7.8810013594180575,-1.4757212796521344,2.475962259571512,0.09911604137381586,1.6491542331330802
614,5.777889993820239,7.301984998161657,-1.5240950043407793,1.712517361202627,0.07058070769585342,1.8081657485492775
615,7.042059090675096,8.452245876171531,-1.4101867854969896,2.53202669595324,0.10708645334422594,1.6114280694943044
616,6.0386076082567826,7.610552682043135,-1.571945073786992,1.4781202148962453,0.05919240536342934,1.8867615464075032
617,6.7451027992573955,8.335716952880972,-1.5906141536233918,1.4078128359803426,0.0555844235950724,1.9142797253041308
618,6.064878063765676,7.571659354295605,-1.5067812905299434,1.4649016288570937,0.06305223427146364,1.8588229784783783
619,6.0935342159891235,7.647289947905428,-1.5537557319157713,1.6413669826544908,0.06602213397689399,1.8382733640575415
620,6.1219230314672615,7.608774032477903,-1.486851001010109,2.2696308549165884,0.0918092286057352,1.685930281516219
621,6.30772382557457,7.754655165654583,-1.4469313400795727,2.0268977776585615,0.08746495038821926,1.70892442016445
622,6.365480101956521,7.778437113908318,-1.4129570119521304,1.6081164072873744,0.07537904521439548,1.778151078761881
623,6.57538086561631,8.02980690173392,-1.4544260361171837,1.7448262220909836,0.07707413826476107,1.767920840216514
624,6.152007595233002,7.750278439935855,-1.5982708447027107,1.7682572629153679,0.0671169005514768,1.8308904198322091
625,6.209880189110621,7.697581612789868,-1.4877014236790274,1.6438491480288668,0.07088925000797457,1.806186262481113
626,6.451093421619547,7.883167011414855,-1.432073589796346,2.058823698028002,0.08984653759694514,1.696207780044266
627,6.489180426546184,8.074080764131068,-1.5849003375860775,1.7621483984819086,0.06785443589397079,1.82597229005765
628,6.659410067246384,8.092104493703246,-1.4326944264566919,1.125110194347391,0.054642214919659225,1.921710344270734
629,6.042420041993822,7.508907670987931,-1.466487628993491,2.0599408721664947,0.08687078357022768,1.7121404768932367
630,6.431736065443104,7.761920521933675,-1.330184456490315,1.7526540331874987,0.08803143745979562,1.705874558912397
631,6.670698709609454,8.121660943996531,-1.4509622343866795,2.3385561087687616,0.09720058660201915,1.6585793457460904
632,6.578560115428402,7.989917185738392,-1.4113570703102596,2.1821620938191586,0.09584897087117307,1.6653197973117322
633,5.8896413781257735,7.228125393584136,-1.3384840154585618,1.9012815567664187,0.09287262825031334,1.6804354259993664
634,5.972318183788914,7.736796294199642,-1.7644781104108915,1.1042824520426215,0.03661997333369989,2.0899758033347555
635,6.364238930040258,7.805714055717111,-1.4414751256781528,1.9333322312609287,0.08475469691621239,1.7237405181386882
636,6.658788837661589,8.097546364630936,-1.4387575269693116,2.485613225572596,0.10288729857242607,1.6310143170451352
637,5.810823457504696,7.538587201496213,-1.727763743992,1.8021233123217542,0.059689054880545316,1.8830834855930874
638,6.3751565876418255,7.865690868277419,-1.490534280635984,1.301557158836756,0.05801428969696623,1.8955899313506828
639,6.4000802075479015,7.920189228849608,-1.520109021301323,1.527950873565926,0.06441099409810502,1.8493243336237268
640,6.007999370515748,7.518738785256502,-1.510739414740783,1.8266396708751422,0.07546946674888903,1.777600651358443
641,5.751431160385394,7.242795588977032,-1.4913644285916234,2.0523550548820975,0.08450900557312094,1.7251024807012003
642,6.4062955686394645,7.898668017725207,-1.492372449085451,1.6742079483085313,0.07161516683347588,1.801556777005338
643,6.589524192219827,8.007598579852562,-1.4180743876322595,1.5059615400996353,0.07106086212181137,1.8050883224181962
644,6.650748225484634,8.09499696952539,-1.4442487440401237,2.489846329406612,0.10249105884770102,1.6328951097045423
645,5.808702340271296,7.443772611890708,-1.6350702716190426,1.1041706728659229,0.042499993618871724,2.0285907292030525
646,6.335611097500944,7.945974397737601,-1.6103633002367133,1.471105736584592,0.05653951227833577,1.906853876959231
647,5.967046887621066,7.452040213525649,-1.4849933259047248,1.0899925495007814,0.05000445211249072,1.9599258979543315
648,6.073403019304308,7.6107633764115405,-1.5373603571060812,1.6197857266366587,0.06643191624046395,1.8354981277825426
649,6.229627796952585,7.688451706964628,-1.4588239100112332,2.261954484559741,0.0940720561604792,1.6742979553232364
650,6.61242368639337,8.110081072368423,-1.4976573859757991,1.3520481838498437,0.05947130084955678,1.8846929788171984
651,6.471851341333561,8.033157727635619,-1.5613063863020216,1.6775089135284933,0.06671581182176503,1.8335837121850191
652,5.938921388904376,7.43065401068894,-1.4917326217846494,1.8033747457860425,0.07616084955090818,1.7734096594848887
653,6.1624699487674235,7.737975836300386,-1.5755058875320174,1.8401942619056708,0.07105078326447627,1.805152744813079
654,5.9729712950192635,7.459601733614342,-1.486630438595057,1.0603050520352308,0.048703109851677216,1.9711815817780318
655,5.784078258688126,7.357998975167213,-1.5739207164797335,1.324319931869871,0.05365470277645616,1.9296138392534965
656,5.739278849376163,7.2179936676643806,-1.4787148182886085,2.006490206838709,0.0840658789778786,1.7275670249690045
657,5.920498253628423,7.445511917053516,-1.525013663424943,2.2855966175874496,0.08898842063090875,1.7007580975339958
658,6.32673500563665,7.866113303444337,-1.5393782978071613,1.3442372017132573,0.05649179612619864,1.9072223835189548
659,6.152145453397637,7.547192144635993,-1.395046691238349,1.8440500602350927,0.08562865797480287,1.7189215479270652
660,6.07852445812928,7.635451303814598,-1.5569268456856662,1.6399519288364086,0.06575311419736365,1.8401030187378522
661,6.514626421553615,8.06124391629126,-1.5466174947368927,1.003136949354822,0.0431777045377808,2.0219869066299374
662,6.330842730798352,7.89518427987133,-1.5643415490731059,1.8681348471403787,0.07277188624568363,1.7942587033903055
663,5.874090327658408,7.336326777353605,-1.462236449694501,1.9239284678242612,0.0826753561981534,1.7353696275618364
664,6.570629173756018,8.040134423240794,-1.4695052494844276,1.858263159198044,0.07982684889585018,1.7516916184003188
665,6.093881117863887,7.670918232928017,-1.5770371150647406,1.5141653769757575,0.060107390624914596,1.880005043034746
666,5.7524190232852135,7.2447515442075385,-1.492332520921991,1.6142782713702708,0.06948819686062611,1.8152324369669193
667,6.349410766334543,7.889987062722362,-1.5405762963873713,1.5636477183543622,0.06425689259749315,1.8503932401675292
668,6.236974381406938,7.773559738623149,-1.5365853572166088,1.8771873958396768,0.07515914162150338,1.7794919614880338
669,6.5310798577720135,8.08751443718684,-1.5564345794145993,1.7395743855025785,0.06913738580563719,1.8175209344419234
670,6.210706308973343,7.708860123680701,-1.4981538147067113,1.5676793878822757,0.0673905744760883,1.829060306304114
671,6.137388455596877,7.804334982277339,-1.6669465266795669,1.302991177832407,0.04767396647390693,1.9802631564452355
672,6.760387359877271,8.221387013919227,-1.4609996540411885,1.8326956529327312,0.07963692800243251,1.7527965940599828
673,6.307191073698917,7.7359998045082605,-1.4288087308095783,2.368918194897633,0.1002265136230734,1.643756482738332
674,6.07046250823619,7.434621623809143,-1.3641591155728747,1.8127215177194422,0.08722309700146842,1.7102313698386127
675,6.010171945656069,7.579403899114382,-1.5692319534573471,0.7434998416416239,0.031857253563236036,2.146197141374884
676,6.186712723168014,7.7121883787957515,-1.5254756556278153,1.7109371713351536,0.07042481635888392,1.8091685862141715
677,6.468587395005628,7.873766878514715,-1.405179483509528,2.0569536889787,0.0922092675309869,1.6838572105476342
678,6.692530870876865,8.211864855106654,-1.5193339842307978,1.2354138032215065,0.053668894845547294,1.9294993971537007
679,5.927850523539703,7.293144876522469,-1.3652943529832555,1.9303022552459606,0.09142808067094492,1.6879122192193603
680,6.478775219496995,7.995701019307411,-1.5169257998104513,1.0704041538798883,0.04740303635877781,1.9826813296851553
681,6.140517945009336,7.59919712547498,-1.4586791804658787,1.5303313409263666,0.06891329100929831,1.8189878024210744
682,6.3418189870426005,7.719655928826704,-1.3778369417850627,1.5994159273325756,0.07791768036600887,1.7628980834184598
683,5.915917120426414,7.513300308585109,-1.597383188159256,2.346906735286943,0.08479437294581245,1.7235208781134383
684,6.115520977952613,7.693123418205744,-1.577602440253031,1.4350212185248914,0.057334811067367694,1.9007496561884365
685,5.9947103376188835,7.639578515884686,-1.6448681782649146,1.9651051389993803,0.06997062240279836,1.8121008025877903
686,6.398171430537289,7.96060436123512,-1.5624329306983782,1.761333491734856,0.06942680110953164,1.8156322628972765
687,6.233846222487003,7.703619650519869,-1.4697734280316581,2.333685633153557,0.09532624572875212,1.667947013499967
688,6.514949470475543,8.007228612102253,-1.4922791416265682,1.3920582775147796,0.06133969347234821,1.871038870601163
689,6.453515345030567,7.982401981209854,-1.5288866361788678,1.7649641274309058,0.07200786221794761,1.7990683957322071
690,6.227544732510026,7.667120543160678,-1.4395758106502399,2.43080274030873,0.10113012607099967,1.639399306110486
691,6.523378248824841,7.94459057814116,-1.421212329316404,1.3672589565303372,0.06536511746606177,1.8427527563527495
692,6.028667360334978,7.530341963274431,-1.5016746029396018,1.6779550498003672,0.07104868885066085,1.8051661329011945
693,5.9649574164058805,7.588663362785674,-1.6237059463801415,1.6310175171193695,0.060983605783949374,1.8736142988160807
694,6.364035603479309,7.839494545457256,-1.4754589419781041,1.7036577744192645,0.07395053820293714,1.7869192656835244
695,6.0606591912919185,7.718851534318674,-1.6581923430267125,1.3154947928818927,0.04855897805799783,1.972443693813311
696,5.919307510907814,7.570273236601977,-1.650965725694732,2.049671625054451,0.0720521228845034,1.7987886280268002
697,6.065042647533076,7.58012191947217,-1.5150792719387027,1.4559675119154516,0.06215946594614173,1.8651565353844466
698,6.463220759452227,8.15612954570743,-1.6929087862563392,1.236449867222385,0.04414329338771036,2.0127276072828515
699,5.78638402837619,7.430136659536245,-1.6437526311601687,1.5267460850546026,0.05634577168850196,1.9083517260650493
700,6.2655444702376855,7.84521880624937,-1.579674336012431,1.9617162008026678,0.07460311943958016,1.7828967057846354
701,6.108747559746874,7.6182839773008695,-1.5095364175549548,1.5412272410304837,0.06562678296274291,1.8409643513211762
702,5.902976438498584,7.396427808592847,-1.4934513700936805,2.0181926403249335,0.0832206683240241,1.732297154676747
703,6.434419464114356,7.915310717669925,-1.4808912535554555,2.063925825806548,0.08576981266735892,1.7181469626990167
704,5.979126283068538,7.555879225214603,-1.5767529421455038,1.073020603365343,0.04430277877317212,2.011214747005218
705,6.976463712383477,8.572672182174614,-1.596208469791236,2.1317716785483665,0.078561445883099,1.7590945769332607
706,5.899462664776323,7.51615452759188,-1.6166918628159692,1.6203896304335554,0.06109136031807318,1.872833645524823
707,6.1107742981229904,7.475983309361176,-1.3652090112373116,2.138527047264004,0.09875986316581091,1.6508957531151782
708,5.80325569405791,7.380244708746666,-1.5769890146893886,1.6423594058266673,0.06445369002744714,1.8490285519225538
709,5.834786099285296,7.356136741567198,-1.5213506422815044,2.0002823665610627,0.0803601226642186,1.7486003679670983
710,6.251997444405745,7.786471802508373,-1.5344743581026705,1.6321809188586514,0.06706479607413808,1.8312395489125959
711,5.679391222315601,7.322933888502838,-1.6435426661873862,2.467473408184521,0.08449350004163525,1.7251885413012118
712,5.724154709499047,7.176288311214094,-1.4521336017141948,1.3843436781467613,0.0638225802565961,1.8534172254710775
713,6.1700645419350195,7.579001149774399,-1.4089366078387684,1.9055148842802936,0.0866074452531701,1.7135715339023114
714,6.277712887701412,7.677109329842921,-1.3993964421415512,2.3110488972628076,0.10119767809823552,1.639074821374762
715,5.997121492259751,7.316562277872485,-1.3194407856126418,1.8861457290778567,0.09412060237277252,1.6740508690637486
716,6.686944584550432,8.077571699554042,-1.3906271150026441,1.6636326604839446,0.07931863276830821,1.7546532754778392
717,5.889304840810794,7.479292785884162,-1.5899879450744265,1.3846783826655091,0.05481841536898713,1.9203126824176655
718,6.501383612286148,8.117172961775317,-1.615789349489205,1.6635336106861054,0.06255253191654943,1.8623588034835448
719,6.287427381395858,7.7473837647839545,-1.4599563833880893,1.9691828808027605,0.084401909593648,1.7256971580744762
720,6.301407608806542,7.884070976495799,-1.5826633676897472,1.9930719897347515,0.0753571798164932,1.7782842619820545
721,6.189271449912624,7.937065821912668,-1.7477943719995892,1.448442850053219,0.048029971455772695,1.9771031530597376
722,5.965675713528938,7.562901560807781,-1.5972258472793328,1.9953216554996178,0.07433592241775079,1.7845402383320577
723,6.203844178332432,7.71462100076436,-1.5107768224315805,1.9653018022978124,0.08007347968604259,1.7502598842817783
724,6.423784244727315,7.859388222773262,-1.4356039780459469,1.5692646548826197,0.0721248272490543,1.7983293756073535
725,6.135412763548587,7.555911696731322,-1.4204989331828983,1.6131384632074877,0.0749647012498089,1.780680250850697
726,6.674830694825644,8.054332329674075,-1.379501634848566,2.0380959455974423,0.0939305001678768,1.675019018807678
727,6.073892166384169,7.645642296800268,-1.5717501304152393,1.240532959584094,0.05076075873097996,1.9534967777271128
728,6.324325414545413,7.712764313668792,-1.3884388991236847,1.5643497597565137,0.07567843959015126,1.7763306173747553
729,6.461408667063509,7.919062190413477,-1.4576535233509276,1.4782746030809353,0.0670303783192882,1.8314702895569646
730,6.738778592522934,8.180154215252472,-1.441375622729538,1.8919113659025513,0.08333025870645537,1.7316816548960352
731,6.190110813310596,7.82065291515633,-1.6305421018450943,1.5533041499847453,0.058022020277787634,1.895531517643123
732,6.232509801521658,7.664775137162408,-1.4322653356412047,1.928857503899808,0.08539209878026831,1.7202219817693534
733,5.8618173062458965,7.40300861770919,-1.5411913114639901,2.1791476819273736,0.08438084973938066,1.7258141700453045
734,6.131289999253525,7.795288887242087,-1.6639988879887824,1.7226329567603589,0.061296582371622596,1.8713500147124067
735,6.38688542227824,7.885669728599829,-1.4987843063208857,1.881917448908279,0.07826952222116741,1.7608161692163937
736,6.0146167099600945,7.50309462681264,-1.4884779168514797,1.4107105173586518,0.06229989137927813,1.8641553511973312
737,6.3806989295134855,7.853487227069074,-1.4727882975557804,1.760133032352437,0.07615283808966758,1.7734580448956612
738,5.7687475600595945,7.2961451117734555,-1.5273975517138751,1.9258085736938373,0.07746214060603074,1.7656049999649903
739,5.789138297760431,7.199695570297841,-1.4105572725375168,1.9318603381193196,0.087392772998709,1.7093141534184073
740,6.057993085001684,7.718012906545837,-1.6600198215446653,0.9716377457092147,0.03666765074766027,2.089445370010689
741,6.6482776388401845,8.09668401575236,-1.4484063769123168,1.7213486275002552,0.07671582088236492,1.7700679558840415
742,6.318538746495463,7.95039743588638,-1.6318586893912652,1.6197646495802793,0.060097413705050985,1.8800782539162146
743,6.05893227522661,7.694217397067348,-1.6352851218407523,1.330045067869527,0.05030698432859643,1.9573444539506597
744,6.703941759786133,8.17875478349547,-1.4748130237094301,2.1042415096108584,0.08760253280452326,1.708182240255605
745,6.815596680015872,8.155043805094124,-1.33944712507855,1.988377076171723,0.09596187683698999,1.6647538389875811
746,6.085192049665196,7.535619377772392,-1.4504273281072528,2.187925979665584,0.09246122855659208,1.682555210041374
747,6.125862962872773,7.5117485066360175,-1.3858855437647435,2.0219771838259355,0.09277556810949998,1.6809348589731816
748,6.456681281747436,7.897595997366942,-1.4409147156193285,1.7340392521140728,0.07777757917640031,1.7637292196790555
749,6.343414541078303,7.752443514464872,-1.4090289733858299,1.5831406093343485,0.07474290318314243,1.782038809271031
750,6.28467537009324,7.857613721651383,-1.5729383515581503,1.5995970649081563,0.06328938981773338,1.857152998377819
751,6.005754579801717,7.634750583256441,-1.6289960034555406,1.2785842240922527,0.04889689359809805,1.9694896181808514
752,6.253540310375641,7.745300523780948,-1.4917602134055414,1.7475233528156284,0.07422981187217029,1.7851942651131787
753,6.598586591478991,8.037528889100372,-1.4389422976209971,2.6518547367284118,0.10784256052458875,1.6079662963452812
754,6.196888581724991,7.732694606808337,-1.5358060250828203,1.9716067899991305,0.07828690672670446,1.760713499512647
755,5.944534687490844,7.574213665755352,-1.6296789782645646,1.3534094913362456,0.05141567239074131,1.9479940726641527
756,6.266401722439653,7.805326143248855,-1.5389244208099626,1.8207755391082703,0.07312215116594623,1.792067518627779
757,6.394369199112546,7.776992607725987,-1.3826234086127442,1.8583356229572399,0.08724664462630205,1.710103992600895
758,6.3358176916353415,7.781338050763367,-1.4455203591278405,1.5401942082814095,0.07027094371220517,1.810160225264785
759,6.235425465524671,7.683578978935678,-1.4481535134109436,1.8083706642429505,0.07983817567898167,1.7516257857733222
760,6.161137859884505,7.6738734235148485,-1.5127355636304856,1.462946774278734,0.06257317322707849,1.8622122867697257
761,6.111775162796178,7.617016894972991,-1.5052417321758185,1.3240566988646432,0.05791732267604167,1.8963231821935314
762,6.524706190157261,8.209945646076754,-1.6852394559200548,1.0769454142857207,0.03918957816717282,2.0621907589607296
763,6.278285952897889,7.684951331857633,-1.4066653789595875,1.974226215750642,0.08922034795748066,1.6995247889146752
764,6.017284171407439,7.6519363927809465,-1.6346522213734715,1.4657898459883185,0.05489264931165445,1.9197249634143965
765,5.493955846706697,6.950804491462037,-1.4568486447560645,1.4781871206071724,0.06708584489453187,1.8310984831964676
766,6.374599531863126,7.9582082129456495,-1.5836086810832057,1.5997593542748625,0.0625804190266976,1.862160863915357
767,6.0959846482973745,7.682959928158674,-1.5869752798607806,1.8337389050186719,0.07001457326630556,1.81181638015148
768,5.855770571998576,7.478249693268211,-1.622479121269862,2.112714018860684,0.07599855652303307,1.7743906429999432
769,6.133599181730418,7.564921705173354,-1.4313225234427591,1.6845321070504653,0.0767515289492784,1.769853619092447
770,6.145633696588405,7.709139154485484,-1.5635054578970085,1.7273053709761275,0.06822360910881052,1.823527016276926
771,5.880489169284331,7.4742263303594285,-1.5937371610752962,1.7331512039397854,0.06629692415705321,1.8364107954358504
772,6.049091422033555,7.482953549962595,-1.433862127928478,2.2481630319656745,0.09591388253277804,1.664994352570886
773,6.070925945753473,7.655566067501297,-1.5846401217486346,2.0397133379433416,0.0766501219582349,1.7704625246351342
774,6.2560925476272615,7.673280369650314,-1.417187822023152,1.8421786970511356,0.08364013294926637,1.7299448283770278
775,6.276445720759469,7.778017774781418,-1.5015720540213806,1.518878118437149,0.06538233904543214,1.8426348707355595
776,6.555712768994411,7.821782585738859,-1.2660698167437658,2.000494476328944,0.10373755994346073,1.626997823985954
777,6.774107481458444,8.353167584584241,-1.5790601031267215,2.3573969617459074,0.08659107402886768,1.7136606158365824
778,6.213287303126847,7.772300969631495,-1.5590136665059617,2.310922073586818,0.08688508320664558,1.7120628688142157
779,6.279474350385456,7.765644014309878,-1.4861696639245565,1.8806769018699239,0.07923947600767836,1.755115953565541
780,6.370414094231776,7.921314327636281,-1.5509002334038087,1.1425407400219978,0.04830524680334999,1.974673194369447
781,6.400884524889037,8.02637495266292,-1.625490427773002,1.3704090205155808,0.052232422431956076,1.9412132020764137
782,6.524677826231667,8.081280972822526,-1.556603146589623,1.8358023803304313,0.07229682395913063,1.7972444296390222
783,6.224705861438409,7.725807342778019,-1.501101481338992,1.9327958978841053,0.07978179381022077,1.751953559168945
784,6.347633342710608,7.777456352851004,-1.4298230101403533,2.171273024991798,0.09378594383664725,1.67575626542134
785,6.066767396244316,7.3805519363712975,-1.313784540127017,2.476038441744416,0.1152562448577147,1.5750008651420313
786,5.929529698152649,7.299661567498212,-1.3701318693456415,1.8549664232408904,0.08824522284884101,1.704727691095024
787,6.505716049314245,7.915292015770426,-1.409575966456032,1.864973600305964,0.08511132985611115,1.7217692343298505
788,6.352965557077326,7.810703845868403,-1.4577382887910062,1.4905365385198746,0.06748782245845131,1.828411461852685
789,6.109429186597438,7.773637690321543,-1.6642085037246943,1.5581280591438595,0.056122115751063975,1.910086198234897
790,6.380628170900266,7.863902992923229,-1.4832748220233043,2.3130667912936573,0.09347330070301552,1.6773538881595866
791,5.753298685803159,7.289541669005203,-1.5362429832021007,1.5934710196074846,0.06559725529767352,1.8411658694490125
792,6.2421243694597734,7.700191833717689,-1.4580674642575104,2.330182184893653,0.09628500728475682,1.6631370384860447
793,6.328381941269939,7.95078126684983,-1.6223993255798632,1.8958261974878958,0.06944463514592342,1.8155160928622147
794,6.283268706523771,7.750982151272638,-1.467713444749279,2.1368225582014393,0.08927540759454665,1.6992323803434064
795,6.693274181308837,8.227337789297643,-1.5340636079881733,1.8262971815644171,0.07367181110510215,1.7886462082065002
796,5.962127210851534,7.575734559832753,-1.6136073489806222,1.5143025528949803,0.057787604520085654,1.8973056895350222
797,5.895901765221382,7.318482528038501,-1.4225807628172333,1.8609115535144465,0.08384416704558342,1.7288040725152567
798,6.2984928824798345,7.570361572081282,-1.2718686896014333,2.657728277676128,0.1256930290573917,1.53130905352882
799,5.933933713428772,7.423390644007334,-1.4894569305788536,1.7759846930571435,0.07539534009753802,1.7780518463296962
800,6.168075615084447,7.590965442786512,-1.4228898277015105,1.95949505470883,0.08726974181404067,1.7099790788825688
801,5.729930658182596,7.314073161120653,-1.5841425029375387,1.5075491935867031,0.059422478689700145,1.885054510673682
802,6.4517850986485,8.036965879482764,-1.5851807808348894,1.7520786497463714,0.06750735353663441,1.8282812420917118
803,6.33432923751657,7.829475178632862,-1.49514594111497,1.2533723509490056,0.05585935126384779,1.9121313297755436
804,5.75561895604001,7.334675510815856,-1.5790565547767983,1.0619992280039359,0.04377168521311051,2.0162706214342467
805,6.339983782405355,8.004928868061619,-1.664945085655745,1.7332560023275416,0.06156419291373753,1.869421519785246
806,5.841369124867882,7.417538698433461,-1.576169573565494,2.2414187700411166,0.08341767521525396,1.7311911616529976
807,6.1791537146963975,7.4797210410551145,-1.3005673263587596,1.1018385042455474,0.06265401168208481,1.861638861557996
808,6.399156588960935,7.937881082518693,-1.5387244935582203,1.5237588649478617,0.06298389171516583,1.859305190364595
809,6.080715914808891,7.476182892932108,-1.3954669781232951,1.9325318113176344,0.08875981839162539,1.7019762613341085
810,5.934383014314292,7.49504576943,-1.5606627551160273,1.9016916092891272,0.07412694903249786,1.7858290039676978
811,6.274164455004168,7.737342331462862,-1.4631778764596675,1.6902944257786476,0.07442956633076662,1.783963684747675
812,6.385782240287838,7.966317041624656,-1.5805348013373077,1.7271200663257034,0.0670169706794757,1.8315602023360964
813,6.379850453690736,7.94274268603278,-1.5628922323421648,2.007457956856479,0.07731583365775177,1.7664771387907734
814,5.766729469713894,7.216814305282263,-1.4500848355683047,1.7963275142673467,0.07925438467801137,1.7550287823825808
815,6.270631717800782,7.690357286036551,-1.4197255682365721,1.6587510405067398,0.07673594347993926,1.7699471604882633
816,6.159920740345072,7.672218863892674,-1.5122981235472253,1.7034761260078657,0.07114443011195348,1.804554457948435
817,6.221496830145,7.859579823069858,-1.6380829929248648,0.9705784198461984,0.0375928256629119,2.0792669000388755
818,6.018984403986863,7.59510426051051,-1.5761198565242012,2.221460408972126,0.0828268205263109,1.7345145830866495
819,6.60995161705155,8.163242925096604,-1.5532913080442086,2.4447596129095057,0.0912890265099098,1.6886369428242909
820,6.507243806755426,7.924424680071326,-1.417180873317193,2.1047863458147127,0.09273347527552368,1.6811515824013
821,6.332377247515026,7.674997580053834,-1.3426203325388997,2.390238049086033,0.10943575906299273,1.6007343977902588
822,6.101029264223101,7.712485445539116,-1.6114561813155888,1.308125784451489,0.05089687511665517,1.9523482287718437
823,5.974992468625672,7.632653508893199,-1.6576610402671577,1.6043696028930725,0.05798950839302624,1.8957772271086033
824,6.104427771324438,7.505325926021591,-1.400898154697643,2.1233148891852736,0.09485751363510393,1.670312690561703
825,5.795770366659738,7.26067224046195,-1.4649018738027735,1.7172093947679272,0.0752569862877133,1.7788949495087325
826,6.322275752642739,7.774474041313205,-1.4521982886708429,1.3729886603734407,0.06337587895599485,1.856545253922151
827,6.215928504312572,7.719909973131806,-1.503981468819802,1.7275234893418219,0.07260140640494218,1.7953283142406236
828,6.352461789665497,7.79730659966674,-1.4448448100010864,2.0454101637398665,0.08826810119444746,1.7046050912253459
829,6.1945967747078186,7.789982317192305,-1.595385542485019,1.5793449166156233,0.061120753187218484,1.8726208999077893
830,6.344750319065454,7.9771457402529435,-1.6323954211875389,1.4724162284320208,0.055246996739892716,1.9169286499308966
831,6.31469934112279,7.912205258204992,-1.5975059170823442,1.874863213106428,0.07056350905684163,1.8082762969276527
832,6.122462903275803,7.617688591087152,-1.495225687810489,1.6278506151544896,0.06975864572213768,1.8134746454633799
833,6.329350748956998,7.797948135463557,-1.4685973865052802,1.1209053457516411,0.05223824163673033,1.9411652087132634
834,6.206138668146153,7.730864083569244,-1.5247254154228358,1.26442672948723,0.054438336677976436,1.923332251582746
835,6.422632975226364,7.977535954845116,-1.5549029796175091,1.4267724663071402,0.05848304222157819,1.8920595856389155
836,6.388521581864509,7.841693665792846,-1.4531720839286209,1.368549826822667,0.06313440626419065,1.858243760440138
837,6.491774650326946,8.067084118185313,-1.5753094678593698,1.9388061363194922,0.0742095230457731,1.7853194050549865
838,5.89085899310426,7.282656322252365,-1.3917973291481758,2.158481075528064,0.09689554820210969,1.660093977972702
839,6.2672182919086055,7.751725000852524,-1.484506708943627,1.7370781303114775,0.07442689998118522,1.7839800929203034
840,5.8552694716263005,7.408002243609253,-1.5527327719828463,1.0889301350735714,0.04616901542767356,1.9938448230746997
841,6.01914956409469,7.604823148717678,-1.5856735846236916,1.569612143590696,0.06142966128627583,1.8703901321290346
842,6.0861000066606294,7.553923429143886,-1.4678234224838889,1.2479245750756505,0.05739897133688348,1.9002602782574196
843,6.4139340942919745,8.045296144099744,-1.6313620498076489,2.167676863807465,0.07694921620218423,1.7686684748079309
844,6.682565351705264,8.194447904383644,-1.5118825526787987,1.3024375889701094,0.05667470225583967,1.9058112234860483
845,6.042243817649208,7.676313061907564,-1.6340692442581712,1.6481571172930476,0.06086888708863655,1.8744466624499605
846,6.153732005703162,7.727432410454384,-1.5737004047514347,2.033135038396985,0.07728432843606634,1.7666651180108583
847,6.105409415152238,7.546342972860536,-1.4409335577083766,1.589464370068507,0.0724697183214813,1.7961559493046204
848,6.512742955075694,8.104122978944467,-1.591380023869533,2.2272962589388303,0.08178428533395393,1.7404257611456415
849,6.2428984045008775,7.730036499034846,-1.4871380945342025,2.0112347858089734,0.0835175786430141,1.7306311139259327
850,6.1825269406480885,7.665786305054041,-1.483259364405967,1.6857371483083945,0.07271470576695456,1.7946172317307076
851,6.512577960396769,8.021438890542463,-1.5088609301456017,1.495643179785862,0.06402871391536052,1.8519798676182717
852,6.144272247085567,7.572365439301166,-1.4280931922166928,1.9208284382671579,0.08547384332837828,1.7197722795995833
853,6.555424965238629,8.07594462325767,-1.5205196580191114,1.8760087177741482,0.07636049662404945,1.7722052249018336
854,6.352771459531098,7.914438322118784,-1.561666862587117,2.293566771518238,0.0861504916069555,1.716063113169785
855,6.130255518384686,7.627913299729329,-1.49765778134406,1.7878081991099037,0.07516389846611439,1.7794629223099323
856,5.900138231025224,7.437129321958416,-1.5369910909330429,1.3197572919096157,0.05574191395307773,1.913047952068119
857,6.228113151593746,7.784199222109599,-1.5560860705154482,1.3275141024481965,0.0548476543477371,1.9200811147529262
858,6.3262136886532545,7.905374270834081,-1.5791605821805206,1.6503135808155012,0.0645714018341253,1.8482139245086537
859,5.830124806459892,7.274320186665541,-1.4441953802061107,1.482704050481173,0.06818958696535633,1.8237519112226575
860,5.913530396915988,7.44873108733325,-1.5352006904167865,1.6902165941260918,0.06900638344135272,1.818377967726621
861,6.289808503865018,7.811639507355913,-1.5218310034915703,1.4783715712498147,0.06251308283914697,1.8626389332710116
862,6.1463906739927125,7.818413127078678,-1.6720224530854466,1.6035032597763177,0.057085149741688275,1.9026582752292316
863,5.553277765197848,6.980595500793868,-1.4273177355962616,1.8908199939700854,0.0844920232982026,1.7251967383604043
864,5.987169202550788,7.485645040985396,-1.4984758384343877,1.3664623130731464,0.059960667202660585,1.8810827201758145
865,6.065159363261003,7.363163420969904,-1.298004057709477,2.0305491779787346,0.10158037815000205,1.637239779986741
866,6.049313664157083,7.426028373177928,-1.3767147090202343,2.4693102768594066,0.10848937838470811,1.6050201132962771
867,6.051245218544821,7.6481016744399355,-1.5968564558952494,1.6121938145024952,0.062117611862137385,1.8654553023254055
868,6.20730291528794,7.721911693257155,-1.514608777968533,1.3366328182726672,0.05778557344381379,1.8973210878215034
869,5.842550477183025,7.353191728156773,-1.5106412509730944,1.960026747806225,0.07991160484147357,1.7511991906584026
870,6.3731914795598215,7.979047050618348,-1.605855571057873,1.8958105954014854,0.07062073902666484,1.8079085231073133
871,6.052435272826145,7.6037382618940725,-1.5513029890689722,1.5225287066068098,0.0620926062158819,1.865633879580521
872,6.472303659525053,7.86645528265332,-1.394151623127982,1.7494291190282603,0.08223946465496236,1.737837422271631
873,6.381552640440489,7.812678633180937,-1.4311259927408173,2.213359647735013,0.09504078205357475,1.6693866277379135
874,6.340371478575392,8.021438977189085,-1.6810674986145386,1.1194172511046823,0.04081910293548099,2.045362806518203
875,6.0868470585300685,7.915807917754194,-1.8289608592231161,1.000209122653743,0.03091683587872833,2.158141450555646
876,6.296867120496202,7.823332391195912,-1.526465270699191,1.9194202631371837,0.07732629740748333,1.7664147195333721
877,6.137541633361209,7.7688059932036,-1.6312643598421346,2.209625471815242,0.07817607293174526,1.7613683818939474
878,6.325779044876938,7.868888859378764,-1.5431098145008946,1.1525656051572462,0.04912192306879468,1.967531890832498
879,6.140851631167564,7.618510786555433,-1.4776591553873004,1.3389960765267457,0.060307102822698376,1.878541665218025
880,6.180144024281574,7.668037570528682,-1.487893546246596,1.9817666669161245,0.08248267280943174,1.7364591982640272
881,5.873277940802794,7.496085848462634,-1.6228079076599897,2.0000319713930246,0.07259969326751352,1.7953390730977217
882,6.237545686361912,7.785234986851307,-1.5476893004879457,1.543308336726545,0.06306133476089758,1.85875879978139
883,6.580242832667821,8.211528979591108,-1.6312861469223208,2.0535209798750937,0.07358852590594304,1.7891632647610989
884,5.3521822101174195,6.842201525159069,-1.4900193150415362,1.715028284975702,0.07322976254302115,1.791396048801236
885,6.503445507015343,7.836977533196311,-1.3335320261803645,1.9963476247851428,0.09682071437827539,1.66046613885935
886,6.692433269779897,8.283227777447912,-1.590794507668761,1.5140859298197729,0.05921926671666732,1.886561964202053
887,5.957379222950252,7.5251738440890605,-1.5677946211390008,1.0446994823166715,0.04369531766686547,2.0170018747855147
888,6.152321601905854,7.519814540717206,-1.3674929388116652,1.9757801753409918,0.09285489146981844,1.6805266611365026
889,6.117302974523184,7.804805827830265,-1.6875028533067962,1.0295883453505734,0.03747984682770204,2.0804983499103464
890,6.030323709410325,7.51794550526639,-1.4876217958553752,1.2802868543568788,0.05738258926199423,1.9003851881151
891,5.905962044239416,7.376530986269678,-1.4705689420306953,1.6285131909311819,0.07163173139995506,1.8014515872539552
892,6.6219113778742695,8.148317432001093,-1.52640605412671,0.7352875301875059,0.033255387306360094,2.1289863795601085
893,6.150897629344357,7.6761998399289695,-1.5253022105853233,1.5926590376714564,0.06633831259984073,1.8361308098123188
894,6.196678615427075,7.873201517930575,-1.6765229025049848,1.2193229179871796,0.04439471489445231,2.0103447386235533
895,6.091254632592566,7.688854335649751,-1.5975997030573126,1.4397551294764597,0.05625764350086277,1.9090344826580858
896,6.82691761677502,8.17359856407932,-1.346680947304776,1.8730033165766695,0.09105890038326987,1.689838268097057
897,6.048785559916681,7.637378339742263,-1.588592779825376,2.1274802399165207,0.07902111185661477,1.756394262447494
898,6.380771949399744,7.94700977362757,-1.5662378242277555,1.3894975344895926,0.05644388814917998,1.9075926322639565
899,5.6251896925623015,7.182478538246322,-1.5572888456836154,1.2026771148830466,0.050197710823228193,1.958275356897953
900,6.204997247977147,7.700743278682587,-1.4957460307050496,1.5835421061472417,0.06813569931641424,1.824108311035152
901,6.154694681549657,7.630424936775157,-1.475730255225244,1.5257090859447988,0.06748629569855293,1.8284216425415085
902,6.747896726207685,8.022330375287538,-1.2744336490795831,2.4352897718748387,0.11819988532627976,1.562374098137887
903,5.949570631651071,7.628366775113783,-1.6787961434629324,1.6789090300461584,0.05901590648579616,1.8880748215257415
904,6.059421411098768,7.48120091359705,-1.4217795024987936,2.416521373839556,0.10238809760988866,1.6333847724869752
905,5.976129169101071,7.449516833294041,-1.4733876641930692,1.6227531192095466,0.07120942346493293,1.8041396106697258
906,5.703810346514686,7.265267965155125,-1.5614576186408158,1.4808150562044844,0.05996445975190961,1.8810548365495283
907,6.413653780326925,7.932141499501235,-1.518487719174118,1.9081518244536504,0.077582210009397,1.7648902656779017
908,5.9366759736121395,7.420930628599827,-1.4842546549880353,1.7348161273864058,0.07436724255582554,1.784347338230641
909,6.2360453871614965,7.847569534561238,-1.6115241473989954,1.4284918626465206,0.05502702384304804,1.9186627876365119
910,6.484863997741698,8.095636542411,-1.6107725446690893,1.6416182735258467,0.06216994704254618,1.8650817442505554
911,6.094365100794633,7.726253450527601,-1.631888349732435,1.6607770442685048,0.06141356705475819,1.8705061263499638
912,5.6985787350958645,7.405253826116628,-1.7066750910207702,0.9530205149402473,0.03407484828269016,2.1191848481263778
913,6.5958807575716065,8.144392059600214,-1.5485113020286008,1.629834964578988,0.06599487523588998,1.8384584759039508
914,6.238047053523545,7.658200316399437,-1.4201532628758287,1.0657031024788086,0.05289753258122894,1.9357564865161756
915,6.085419302400581,7.684192978385759,-1.5987736759843756,1.4343973590589378,0.05600209513026062,1.911019343391806
916,6.139040732463357,7.683102843106347,-1.5440621106426988,2.5161095566678124,0.09414512039841433,1.6739261181976366
917,6.423689190505641,7.842111083403829,-1.4184218928985501,2.3330139756314967,0.1000782393091302,1.6444744422477309
918,6.322365534904705,7.737402088748546,-1.415036553844402,1.8854367389516629,0.0853639018804457,1.7203771824065324
919,5.8686560737241535,7.548381995797143,-1.6797259220729757,1.1625880604022765,0.042337313669110824,2.030189175836535
920,6.492705867673024,8.076074919087446,-1.5833690514145928,1.9386785835725924,0.07360438807058953,1.7890647513679272
921,5.896415723768726,7.421733711260366,-1.52531798749078,2.1545860451726266,0.08493149727765123,1.7227624197359508
922,6.4855647818648805,8.104945943553453,-1.6193811616885796,1.702560267539928,0.06357233532480144,1.8551673305899843
923,6.612016059119881,8.19766884626609,-1.585652787145591,1.0852273952049618,0.044298822693232466,2.011252218295006
924,6.318847422248794,7.795511439759466,-1.476664017510302,1.6050199070434665,0.07032033854232488,1.8098417041222519
925,5.78210201211364,7.235463424394602,-1.4533614122810832,1.2079507301416186,0.05673642493605119,1.9053358750638272
926,6.240245303372788,7.711093786394635,-1.4708484830216548,1.5710043571383832,0.06951389950358368,1.8150651404584357
927,6.515060206908814,7.92932078038951,-1.4142605734814424,1.793194234788137,0.08212845601578392,1.7384675902495297
928,6.181881348733398,7.665140211284296,-1.483258862551338,1.787162638530603,0.07626857735928191,1.7727594377234603
929,6.294648646489762,7.826941391027724,-1.532292744537699,1.770805433452951,0.07195055197422202,1.7994308579824396
930,6.963742332467476,8.455051157120167,-1.491308824652151,2.224596006981603,0.09001217320772686,1.6953335001368446
931,6.466840954363718,8.115263215738025,-1.6484222613735255,1.315029412683364,0.049074076774291306,1.9679475164003295
932,6.532057371933618,8.140533137011268,-1.6084757650769461,1.461513816833472,0.05633131114096583,1.908463695443596
933,6.326707579008101,7.785496050266794,-1.4587884712582309,1.4779764827076143,0.06693630154097978,1.8321014892765457
934,6.568252433446062,8.122206943573254,-1.5539545101264594,1.397764002568719,0.05750927289150246,1.8994200231075373
935,6.260866425563975,7.69288908890924,-1.4320226633453785,1.584162571108056,0.07296398231248866,1.7930559242677904
936,6.389456300424129,8.093903761537021,-1.7044474611129772,1.3975792338087292,0.048741653833166025,1.9708445970526902
937,6.039679160449808,7.301325601895982,-1.2616464414459188,1.7771415848364676,0.09553351796331375,1.6669038865542825
938,6.480429755775688,7.940733095943401,-1.4603033401672292,2.6770392260614244,0.1064962892325787,1.6141435672806177
939,6.247748272611673,7.758811000307098,-1.5110627276953892,1.4161863268040484,0.060972563187790055,1.873694364056005
940,6.30803777603883,7.832018621753633,-1.523980845715414,1.4372502112900438,0.06088008412232815,1.8743653630044306
941,6.317975980214172,7.805808285867975,-1.4878323056536829,1.5927779665740935,0.06904786829304028,1.8181064243133125
942,6.056342580692174,7.626449123909389,-1.5701065432167525,1.4941798196415128,0.05986776938178047,1.8817661817767282
943,5.82545425136955,7.305361095637181,-1.4799068442680436,1.7506115228911838,0.07525903740367594,1.7788824411406763
944,5.662636793792402,7.215362570558362,-1.5527257767662377,1.4632505903391362,0.05991616741617568,1.8814100013519637
945,6.031918196789732,7.585973646522184,-1.5540554497320045,2.035785794891966,0.07889324683743514,1.7571441216588262
946,6.349460506770768,7.774007806939871,-1.4245473001701612,2.3478279589833235,0.09996610413381121,1.6450179758029264
947,6.236026172528867,7.655275724923236,-1.4192495523939215,2.0836047852466635,0.09183297574539571,1.685807017319715
948,5.938156873286928,7.231126191985332,-1.292969318697942,2.412229642597696,0.11540601915135301,1.574352324956962
949,5.960173222854749,7.538463690029566,-1.5782904671741562,1.3582335903950025,0.05459726900234934,1.9220674670887405
950,5.873495782663625,7.282765974963233,-1.4092701922991182,2.2170149453506642,0.09719320500238565,1.6586159533070146
951,6.395649759191613,7.919617857203043,-1.5239680980112098,1.2054525330552988,0.052247122465325896,1.9410919735030918
952,6.254398986994559,7.796445786280479,-1.542046799286254,1.8131301737063321,0.07263490741030466,1.7951179627584475
953,5.80833685894045,7.391886224279183,-1.5835493653385129,1.289872346402099,0.05185725962993077,1.9443168027901998
954,6.082736509522832,7.5493551345560945,-1.466618625033334,1.511363439315904,0.0676189792050311,1.8275375933920213
955,6.256079865483073,7.819280753987428,-1.56320088850498,1.983624525240673,0.07654199631626576,1.77111249672387
956,6.598988920196419,8.125111696203781,-1.526122776007469,2.052082659021602,0.0816356706967502,1.7412733761516235
957,6.4773857331747,7.946027470021036,-1.4686417368457114,2.4713303127551463,0.09963358067608104,1.6466326234434967
958,6.186563035130305,7.7324186034355975,-1.5458555683053419,1.8098773104982246,0.07224333113724372,1.797581632806328
959,6.003966716609241,7.548259161333469,-1.5442924447243058,1.8368146656051376,0.0732484434823425,1.7912795663488659
960,6.231734360919248,7.700204312585768,-1.46846995166743,1.7608785037628394,0.07652135302108107,1.7712366741794114
961,6.471361818918879,7.842118722001423,-1.37075690308302,1.8329265177815834,0.08737860502503861,1.7093906861292207
962,6.354516281335194,8.011356750115375,-1.656840468779592,1.5627239199786729,0.056713019619023065,1.905516077099928
963,6.6865969607496964,8.309704210456488,-1.6231072497066634,1.6025967374296428,0.0600988722768802,1.8800675502516129
964,6.608458692704474,8.06484786772895,-1.4563891750240145,1.3014947008319453,0.06027972003208971,1.878742072903791
965,6.127616507220367,7.572632953476884,-1.445016446255977,1.1071046359861043,0.05311346740037917,1.9339972383224175
966,6.0160220505294575,7.4538642902640575,-1.4378422397348913,2.0594260347307856,0.08935457248316155,1.698812208998303
967,6.280193180376912,8.001956889939557,-1.7217637095627651,1.5888699135842828,0.053708339627288194,1.9291814547188115
968,5.9282955334410445,7.563136329514613,-1.6348407960731492,1.6893546296634607,0.062133602228489355,1.8653411386634893
969,6.213067280273165,7.745684491354709,-1.532617211082652,1.4389332179414218,0.060368074969153106,1.8780956964113247
970,6.411111922794547,7.909805826732473,-1.4986939039381468,1.6672503471125388,0.07089544791125228,1.8061465716197278
971,6.840988873273957,8.391950521861567,-1.5509616485878723,2.667161244790801,0.09779978945569204,1.6556151040870064
972,6.145045177260684,7.609803798475092,-1.4647586212140595,1.6173474791962885,0.07166812484587855,1.8012205484073116
973,6.3872270429883,7.852479629586135,-1.4652525865985808,1.9096106564903579,0.08193593567729168,1.7395621192210975
974,6.4926313293953655,8.022881288985857,-1.5302499595909467,1.5906585322278328,0.06591929413179519,1.8389720706695294
975,6.0053491558991965,7.490023171315208,-1.4846740154162035,1.3023916679620093,0.0584293777072904,1.8924625585279102
976,6.11163719684005,7.586971410463256,-1.475334213622773,1.6914534955987044,0.07352647353672154,1.7895488134747026
977,6.000741720103136,7.734600477749083,-1.7338587576459759,1.4108718304335603,0.04760679389953373,1.980861622641862
978,6.325016181618551,7.84760105695775,-1.5225848753389073,1.9818467151013106,0.07966523474393607,1.7526317673232374
979,6.707267378347709,8.158982636081504,-1.4517152577336674,2.2075262691684756,0.09297729811779028,1.679897305712402
980,6.045290128132322,7.595762313240705,-1.5504721851084469,1.7384403077918744,0.06952985014375977,1.8149613445189143
981,6.505861311501533,7.964267282372177,-1.4584059708722634,1.2580726638789574,0.05842072575747776,1.8925275557693924
982,6.270531387239274,7.695076986490349,-1.4245455992513598,1.4668142889806486,0.06904703054007337,1.8181119065863929
983,5.80359236892032,7.37576591014372,-1.572173541223492,1.4579631777726068,0.05847705632995392,1.8921045191516912
984,6.464977460519506,8.044039727266103,-1.5790622667473144,2.1724932860012682,0.08112442958930006,1.7441988053420994
985,6.2704631490741605,8.0278684260146,-1.757405276940517,0.9048746471260092,0.0305388735532308,2.163029983583746
986,5.8783103726400014,7.4283386106858345,-1.5500282380471617,1.7280533590843596,0.06921424185772192,1.8170187535535447
987,6.058838496780439,7.639567081674372,-1.5807285848950414,2.020688074467339,0.07636073429269641,1.7722037926213061
988,6.337529367599885,7.851681029600556,-1.514151662000586,1.8135284921989374,0.07476370243391256,1.7819112698071518
989,6.132997905767255,7.636978895133694,-1.5039809893660276,1.6631691774396842,0.07035835999609057,1.8095966488786916
990,6.255700054031834,7.6134344608555935,-1.3577344068244201,1.9894122752806656,0.0942567221393364,1.6733586030995045
991,6.439029048606201,8.17548868592823,-1.736459637322696,0.8399301636794458,0.029152367935959718,2.1814199693840988
992,6.4935229570837265,7.993145417421232,-1.4996224603373776,1.3733555974022575,0.06014351121542758,1.8797400735042915
993,5.9560051752768715,7.601807298991432,-1.6458021237140201,1.3942575484616562,0.05186951061439819,1.9442151581560363
994,6.495094977123657,7.755474800388207,-1.2603798232639747,2.311976424853569,0.11556480373530194,1.5736654915214323
995,6.503880119554154,8.037282808497153,-1.5334026889431698,1.9046381807801236,0.07630285446709886,1.7725527056045152
996,6.043685262379725,7.648678467143583,-1.6049932047635593,1.8488444918821507,0.06920964659312086,1.8170487663408292
997,6.337460152822089,7.886059265983739,-1.5485991131608898,1.6135290028213145,0.06542954223843024,1.8423118853890859
998,6.47792766394646,7.94964643315064,-1.471718769204017,1.9656155589773725,0.08329068499255218,1.7319038397066644
999,6.335306903828453,7.857074366502147,-1.5217674626728694,2.1078475757410065,0.08375907743949912,1.7292795354858803
