,logR,logI,logS,d_G,p,sigma
labels,$\ln\mathcal{R}$,$\log\mathcal{I}$,$\ln\mathcal{S}$,$d_\mathrm{G}$,$p$,$\sigma$
samples,,,,,,
0,4.606327047325125,6.076968992056964,-1.470641944731824,1.0077845613691707,0.04744100915224118,1.9823417063248134
1,4.9897509258597115,6.629021532635294,-1.6392706067754261,0.5218641083156719,0.020787477941834182,2.3118223008277803
2,4.678547268668412,6.488530983788488,-1.8099837151200973,0.9857579927025242,0.031167923427432267,2.154922192473319
3,4.283389326652754,6.077516924553736,-1.794127597900797,0.8769932092635422,0.02836318061351262,2.1922261574255706
4,5.042439573722335,6.729795000762218,-1.6873554270400746,0.670575440436938,0.024924970400688463,2.2425635895466804
5,4.431018750223815,6.153001386338284,-1.7219826361144897,0.19120073501920487,0.006907276370749364,2.701281911193873
6,4.832087335072915,6.524745653560915,-1.6926583184879291,1.1529937398890944,0.041398606007589045,2.0395154986289614
7,4.419147609574624,6.060657430201376,-1.641509820626652,0.5271953693705562,0.020932756426291135,2.309195116813209
8,4.6878196781843275,6.224695103978563,-1.536875425794051,1.509558890122058,0.06260745640538944,1.8619690252791168
9,4.980184000937074,6.437346362773576,-1.4571623618367084,1.611096046072749,0.07202000084488891,1.7989916545457854
10,4.944813362218214,6.565780923362874,-1.6209675611446528,0.687173059871018,0.027723314568328015,2.2011795621236323
11,4.8847629662739696,6.4163809328563435,-1.5316179665824166,0.7622471887275601,0.03416562334748299,2.1181115292399113
12,4.733066764173431,6.279159949471948,-1.5460931852983322,1.044299396104904,0.0448059407103549,2.0064717421051044
13,4.803505822783849,6.374258012188806,-1.5707521894048568,1.2145202649880602,0.049868122364698154,1.961093452667348
14,4.621088938903144,6.182895889568167,-1.5618069506651864,1.1531280605523335,0.04809826573912023,1.9764992046241754
15,4.728418290140839,6.309936004069991,-1.5815177139290881,1.0347777518071624,0.04262617708226617,2.0273544463350968
16,4.365431359979597,6.112067097899571,-1.7466357379198598,0.26731541942124437,0.00932846111641038,2.599776068926311
17,5.188479716562201,6.805069472079937,-1.6165897555179072,1.9973640903801702,0.07297145972696395,1.7930091580419132
18,4.610821809993981,6.269427456445827,-1.6586056464516332,1.1281262146573994,0.04218728631846513,2.031667913480932
19,4.917081031005013,6.526581663390354,-1.609500632385334,1.2280365625491108,0.048200427650470445,1.9755970974578365
20,4.381575302818478,6.108131944522002,-1.7265566417036098,1.139503585095202,0.039392052917007536,2.0600678704290214
21,5.087974552257323,6.7357843815262815,-1.6478098292689083,1.1930224582707574,0.04495746794745007,2.005052189516983
22,5.020904459996531,6.480116104834815,-1.4592116448384331,1.0868369495793857,0.051402450548225675,1.9481045830649268
23,4.815455323089568,6.4881984938946164,-1.6727431708052336,1.0398046581626517,0.038484019980332164,2.069661868222098
24,4.368503587263662,6.183347123043868,-1.8148435357802555,0.8488026628028926,0.026805183683771744,2.2143431318005713
25,4.458349930622093,6.308515197238792,-1.8501652666166137,0.43484245994410387,0.013227344731064393,2.4775889131021103
26,4.691112381791585,6.476793513145063,-1.7856811313536127,-0.021596970874565358,,
27,4.8998297591784326,6.623507327738567,-1.723677568560106,1.0269021462476822,0.03584306421315409,2.0987032930348026
28,4.731075297824477,6.378946161210623,-1.647870863386288,1.1120327101591059,0.04215068784446657,2.0320293195898107
29,4.961399660462861,6.713467583203981,-1.752067922741162,0.9986893670849817,0.03377080070636033,2.1227977830543163
30,4.815767443570225,6.528200693984781,-1.712433250414506,0.8590624291806499,0.03066200763903636,2.1614316993842517
31,5.463686311124151,7.1061320427433134,-1.6424457316193184,0.7956303013556614,0.031029110215997583,2.156699189165786
32,4.834849053643952,6.488023940581337,-1.6531748869374496,0.7723667081390282,0.02977361442119465,2.173089066871195
33,5.022101938334858,6.85620548211037,-1.8341035437754272,1.1659383942124144,0.03561899737154705,2.1012503303949432
34,4.71126136860113,6.507435246032168,-1.7961738774311016,0.8557996619233776,0.027630568919570064,2.2024920665143544
35,4.4827769128974655,6.080119019097831,-1.597342106200358,0.6798161287118809,0.02826545922615059,2.193582200010666
36,4.815395696452528,6.4424704012018115,-1.6270747047492478,1.118220242407073,0.04339351629744794,2.0199023615029623
37,4.289750234654379,5.84700522632752,-1.5572549916730622,0.24456197973147908,0.011065225020905308,2.540632208443786
38,4.550232996606896,6.149479008105688,-1.5992460114987352,1.2179383783006976,0.04840285319970198,1.9738143793487046
39,4.69883073639477,6.431119951308611,-1.7322892149138625,0.4203749612419081,0.01490376062145792,2.434709230681622
40,4.587828153818068,6.289330293907854,-1.7015021400895876,0.7945693937047693,0.028835445897367043,2.1857288907648553
41,4.688355752846123,6.399291169755097,-1.7109354169090238,0.8703660813362042,0.03110281462217661,2.155754825573382
42,4.43455236116421,5.949020519267764,-1.5144681581034547,1.2192061629503144,0.05334498348904293,1.9321176728795184
43,5.1462797224419905,6.876960323020137,-1.7306806005781254,1.5457872079725945,0.05190143650744169,1.9439503680090566
44,4.701562153324689,6.461504790026668,-1.7599426367019078,0.839034049403665,0.02831071228804696,2.1929537391089813
45,4.864833172337116,6.490098626246956,-1.625265453909833,1.237594334947456,0.04768134870482451,1.980197428561655
46,4.313041549178537,5.9827034571375695,-1.6696619079589254,1.7377162319812562,0.06139990855643642,1.8706045855192308
47,4.937002012112147,6.436960916401356,-1.4999589042890875,1.4638481708664557,0.06348414412014868,1.8557854581700304
48,5.058047105169921,6.764787835402467,-1.7067407302324682,1.5940396917913802,0.054731164515984705,1.921004306907219
49,4.641068784864105,6.238489303125229,-1.5974205182612877,0.4913267188094146,0.020704028517669174,2.3133386272895473
50,4.38777827279006,6.183703835385382,-1.7959255625953574,0.6589180556432979,0.021406409968470905,2.3007386159284686
51,5.114670970324427,6.77510021141766,-1.660429241093425,1.1309039689868001,0.04219445394333081,2.0315971649990385
52,4.908385764759091,6.651228960678674,-1.7428431959194768,1.2681158283295524,0.042724609481334365,2.0263922014496276
53,4.69129944841808,6.248163249752624,-1.5568638013346572,1.2677642661770996,0.05262354538638548,1.9379973537996171
54,4.537550813015118,6.053831041912284,-1.5162802288971307,0.6468569917556621,0.029880247982369487,2.1716741723160746
55,4.462524924503727,6.279409580730759,-1.8168846562268754,0.8505186694929634,0.026792489771994474,2.2145278397818453
56,4.770702619143835,6.28900416276244,-1.5183015436184633,0.5575403989660153,0.02590392144947832,2.2276491341252873
57,4.995387625428352,6.542101151294448,-1.5467135258661528,0.5911377590093672,0.02639661574981623,2.220326449538974
58,4.824286732997338,6.385033771823148,-1.5607470388260936,1.904730730580905,0.07421818636950228,1.7852659669113609
59,4.935871803376871,6.489466980230022,-1.5535951768531504,1.708312624809139,0.06829599266583947,1.8230488493293664
60,5.020813665162281,6.644094874008639,-1.6232812088462651,1.0328180630578068,0.040519716615791894,2.048411285912467
61,4.826099552976361,6.37141198639352,-1.5453124334171662,1.3009137751763937,0.05453524258365537,1.9225607078690636
62,4.4884588431864945,6.0385213934638475,-1.5500625502775165,0.5521612835342502,0.024630977872497482,2.2471416183153523
63,4.251061295901595,5.982802312150762,-1.731741016249316,0.4499071518640676,0.01594851957787004,2.410091513074971
64,4.868791357852219,6.363455401039625,-1.4946640431871856,1.5029648855862021,0.06529040273157431,1.8432644924426886
65,4.827106281787623,6.325007002655996,-1.4979007208683015,0.6632354433206018,0.031311384531168156,2.1530928187554568
66,4.854106797412273,6.525483135741085,-1.6713763383288551,0.8456033781548555,0.03173704974150909,2.1477068640849146
67,4.259202291743863,5.9688356020516995,-1.7096333103077086,0.7687411401160134,0.02765944742434967,2.202082981074489
68,5.064073841405447,6.568898584088197,-1.5048247426827857,0.6923100255700128,0.03230498595451927,2.1406163901008766
69,4.626181194372579,6.322465972695349,-1.6962847783227062,0.3446224004900458,0.012842430701981778,2.4881091627578833
70,5.055368274254365,6.642903720229166,-1.5875354459747086,0.9852136447429629,0.04046601058346454,2.0489601622905553
71,4.643576469356562,6.222755061509398,-1.5791785921528572,0.7364575512468754,0.031185894959959878,2.1546926294017315
72,4.479161565065455,6.09499206130422,-1.6158304962386865,1.734046912850264,0.06481794888375528,1.8465116534686816
73,4.671991682467537,6.46590014618584,-1.7939084637184806,1.1603451861591125,0.03711022854094825,2.0845493240214545
74,4.60812667056422,6.292045226545143,-1.6839185559811085,1.1228099421865103,0.04079986270490213,2.0455581479694014
75,5.010136902534045,6.699368488393931,-1.6892315858597158,0.2096303672519717,0.00791862581609586,2.6555199131224754
76,4.9491197500638595,6.514071407816099,-1.5649516577523173,1.3508869210711403,0.05514722183286924,1.9177145023524989
77,4.53498478692501,6.116225071214943,-1.581240284290061,0.32447747844492625,0.014128813941191976,2.4539716002018057
78,4.814042982662899,6.510481034967336,-1.6964380523045293,1.0125922847811992,0.036516214733608415,2.0911322024354453
79,5.044917524131792,6.95444740030606,-1.909529876174247,1.0093111220901854,0.028404173213875804,2.1916585168223364
80,4.444293698409242,6.075086487188473,-1.6307927887792175,1.9260293581962245,0.06977944513788767,1.8133396907822192
81,4.85435989576837,6.612535567259757,-1.7581756714916992,0.6325117572039218,0.02155424537205041,2.2981325640298573
82,4.699252159991206,6.358202951767561,-1.6589507917763058,0.37709839669896894,0.014749644581900033,2.438468488783467
83,4.514163974979796,6.292795566868593,-1.778631591888825,0.7280755488369657,0.024114499287089006,2.255300085287339
84,4.504628879514543,6.216820496766916,-1.7121916172523015,0.47449013582658495,0.017237868196842292,2.3815944807169345
85,4.690282714703303,6.511207824577342,-1.8209251098742243,2.035721299235483,0.06049484590596575,1.877169649123498
86,4.380258262626343,6.16463770786063,-1.7843794452344355,-0.5562287501894474,,
87,4.853130379871404,6.602677757561816,-1.7495473776905328,0.7695111184081895,0.026369221239687313,2.2207304868784083
88,4.63169911633719,6.241534258730235,-1.609835142392967,0.41659991838995225,0.0173551728752734,2.3790956303059745
89,4.584868775197778,6.209523136744524,-1.6246543615468454,0.25232575087386877,0.010398347668050192,2.5622932547062676
90,4.481653779054399,6.075632623678652,-1.5939788446241892,0.7495839110161704,0.03113209543073467,2.155380187930637
91,4.644708578764552,6.453238677766267,-1.808530099001473,0.6403223813081276,0.020488093031156986,2.317287182942895
92,4.609239130174787,6.315907420692563,-1.7066682905174275,1.0834677113832178,0.03844635477440002,2.070063965613588
93,4.461190350964502,6.059991076959642,-1.598800725995261,0.514726603962476,0.02161636027015683,2.2970422391998735
94,4.283231983293094,5.914668623065525,-1.631436639772346,0.5226085005855481,0.021027983768186046,2.307481655127941
95,4.791815587475925,6.649705888386345,-1.8578903009106398,0.8014265371533646,0.024062351335146823,2.2561322278974187
96,4.100235462003015,5.892573785591624,-1.7923383235886376,1.025859956498529,0.033058537282317425,2.131371640870222
97,4.913444888459766,6.382856140443474,-1.469411251983729,1.0148378690418944,0.047805747379473955,1.9790911262720468
98,4.983847104818155,6.5734129525829434,-1.5895658477647885,0.5118699936766866,0.02176034687717705,2.2945252416914803
99,4.80704676845909,6.4887640264718005,-1.681717258012668,1.1747080280546953,0.04264724656982954,2.0271483195710824
100,4.9644856889108855,6.8739010380226535,-1.909415349111896,0.3627285269787741,0.010210500736570892,2.568617781494923
101,4.917008002772322,6.47742564618421,-1.5604176434119381,1.244726439452922,0.05156956649639349,1.9467095461784978
102,4.688474213713166,6.4470558014758215,-1.7585815877625919,0.8288142703037948,0.028023578325190562,2.1969561463971212
103,5.115155177095234,6.651949323546583,-1.536794146451257,1.5424103979758108,0.06377243287083227,1.8537674799699693
104,4.338847024078236,6.072930650442567,-1.7340836263645087,0.6442908207650362,0.022617316915209264,2.2798376868755974
105,4.303265126121746,6.1483940186549635,-1.8451288925332392,0.9706872592575309,0.029470085616059672,2.17714050618855
106,4.911022088528684,6.429135999369544,-1.5181139108406114,0.9439936229609529,0.042271974700891876,2.030832640548586
107,5.029921579009683,6.880180813762587,-1.8502592347526843,1.2544154448320697,0.03750858034847866,2.0801848602593127
108,4.678171709362973,6.380182166718386,-1.7020104573552999,0.3125132473336443,0.011568730319637153,2.5250333711494797
109,4.374737081711887,5.965251647664987,-1.5905145659530717,0.6603894705013857,0.027735039119410162,2.201013910025389
110,4.994256814440009,6.538840905498832,-1.544584091058823,1.6388138306938487,0.0665780235789222,1.8345120308843257
111,4.5628294014907755,6.317506792220799,-1.754677390730194,1.22463261479977,0.04081334675905528,2.045421239416329
112,4.714348203505837,6.239148809269418,-1.524800605763403,0.12775083145937316,0.006102094749527885,2.742244253244538
113,4.674136784259703,6.50231363732877,-1.8281768530691807,0.7156642620187945,0.022314544169414346,2.284970728776809
114,5.172157570370304,6.85135815474491,-1.6792005843744846,0.3663007646979288,0.013953244926786592,2.4584648129911533
115,4.4701556890136676,6.2423157462972245,-1.7721600572835996,0.2042131526550186,0.006887348857403267,2.7022426015167573
116,4.241388516306019,5.929137348340953,-1.687748832034913,0.9027708247022197,0.033108457816822694,2.130765598161375
117,4.762851321002758,6.49920858549296,-1.7363572644901524,-0.026346190559774385,,
118,4.88446697079536,6.6570816281193945,-1.772614657324084,0.7857190001597978,0.02616317886379017,2.223781051680445
119,4.610946907456823,6.228986098730411,-1.6180391912735104,2.16495850150309,0.07787656949151354,1.7631418433163566
120,4.637798458670263,6.516964901784762,-1.8791664431144,-0.24031716527290925,,
121,5.114950435671121,6.724514247810882,-1.6095638121398679,1.3148397307192035,0.051237897820609085,1.9494819373709693
122,4.6247598707785205,6.221587419791151,-1.5968275490124597,1.9064726106978007,0.07160560952398229,1.8016174777335432
123,4.599660211812138,6.358120215278534,-1.7584600034663254,1.4892968802894373,0.048701465262141634,1.971195965178172
124,4.834702667158412,6.361502638512258,-1.5267999713537392,1.097847600391951,0.047931901847837625,1.9779716776400453
125,4.400378037290979,5.958958488831451,-1.5585804515405925,1.2186580485870522,0.050715653278303484,1.9538779462638358
126,5.107389395790564,6.7384358450296435,-1.6310464492389656,-0.28490745057545297,,
127,4.996601963754815,6.586841883499135,-1.5902399197445902,1.1670582155129559,0.04706009792374106,1.9857589313674497
128,4.62571364058414,6.40587226014585,-1.7801586195619166,0.8152686346862019,0.02687162114551807,2.213377636550936
129,4.4736179280731125,6.294669581277434,-1.821051653204222,0.8593651385320626,0.026929691444897475,2.2125354227743808
130,4.470862005193171,6.186974444862708,-1.7161124396693594,0.37042241261499953,0.01343433360448669,2.4720430535530435
131,4.9668736726883385,6.614486349781879,-1.647612677093548,0.7756482758531362,0.03009851900404587,2.1687914717556898
132,5.199029719533941,6.858629039863851,-1.6595993203300168,1.5440601086680665,0.055949475921902456,1.9114289763192236
133,4.955339470224603,6.5783283475853995,-1.6229888773609673,0.14977755635548462,0.006215809282783727,2.7361742992059326
134,4.349193772319781,6.220390449938899,-1.8711966776193094,1.4605578778301371,0.04234805411324441,2.0300834832714174
135,4.982420130574896,6.56392696007155,-1.581506829496675,1.6441348941524367,0.06420593583856299,1.8507471611881954
136,4.82243997799293,6.603804757447536,-1.7813647794546341,0.59947368156773,0.019862594211924142,2.328933399642644
137,4.574169225994696,6.245175612310478,-1.6710063863156392,0.13939969758346749,0.0054104004805322235,2.781525951401274
138,5.220324549150577,6.96122467318756,-1.740900124036898,0.8988864854044891,0.03094711217716862,2.157752083054584
139,4.726319417714253,6.3767495795870435,-1.6504301618729187,0.6069318790293572,0.023715086357027116,2.2617138841319258
140,4.997568860226979,6.802441253060914,-1.804872392833886,1.4499785621816557,0.045190488730143384,2.0028770339058863
141,5.065382942945748,6.676491043947921,-1.6111081010024009,0.20292012602771692,0.0085411069836109,2.6298956926692245
142,4.557288842534776,6.3622819372630435,-1.804993094728161,0.27211708683580227,0.008780274808806556,2.6204929401044152
143,4.78792444809625,6.393422172373464,-1.6054977242770292,0.8093411421035555,0.03299002000274764,2.132204727514274
144,5.301534879674422,6.82506463366032,-1.5235297539859403,1.500818915031175,0.06320427769170328,1.857751737201413
145,4.811697406663429,6.490647836947561,-1.678950430283976,1.32495243596777,0.04776065260379026,1.9794918832344675
146,4.7200300352463405,6.4114299300305735,-1.6913998947841264,1.3886770320971458,0.049158587307170175,1.9672136300941772
147,4.536797359908919,6.159679534392227,-1.6228821744832658,0.8788723781359522,0.03489528772143259,2.1095714259990035
148,4.891568461644114,6.412020492036776,-1.520452030392562,0.9911933094816199,0.04405703528968259,2.013547765181157
149,5.077068339493794,6.765895609414345,-1.688827269920921,0.6629712751934278,0.02460668884934395,2.247521958447883
150,4.531341460396165,6.090179644931725,-1.5588381845357162,0.2952451691518334,0.013281427990733653,2.4761324953899844
151,4.888314330924517,6.653032324411791,-1.7647179934872383,0.8287395540935414,0.027814691251646085,2.199890128654944
152,5.135822920350451,6.706741237952814,-1.5709183176024908,1.395652538957922,0.05637094242149503,1.9081568837627951
153,4.838388733932392,6.410293081775658,-1.5719043478432013,1.5150644294765776,0.06047216304412353,1.8773352266232952
154,4.8419590310696226,6.470155750088873,-1.6281967190191153,0.33892333705809463,0.013838903492944029,2.4614179827395697
155,5.011578264668801,6.794850233492179,-1.7832719688233283,0.8483793637171289,0.02782493217014436,2.199745844846857
156,4.359011720406729,5.996404362188736,-1.6373926417818438,1.302403789799385,0.04925120543117564,1.9664105527541598
157,4.84102689467551,6.385275427414294,-1.5442485327389477,0.35229316105138864,0.016096419987929,2.406721945460861
158,4.5558154995583795,6.026923828580296,-1.4711083290221723,1.7617466359424085,0.07634250047950741,1.7723136869889087
159,5.4053892706722895,7.128497124878168,-1.723107854205864,0.8528115467213304,0.030060305330378186,2.169294858545615
160,4.968805993941318,6.574986154839317,-1.6061801608980204,1.5473860220794329,0.059358614703277295,1.8855278006741287
161,4.655288120000764,6.296906625071111,-1.6416185050702552,0.23523611579095416,0.009478299811971687,2.5943026960898017
162,4.988210546612949,6.654275416805271,-1.6660648701922582,0.8029786819779581,0.03041149742127794,2.164689164667885
163,4.892161925533005,6.389095494953262,-1.4969335694202073,1.0438450079996038,0.047451925794759105,1.9822441117016507
164,5.082333773557879,6.87535268811734,-1.793018914559525,-0.08210052991384842,,
165,4.375364764979908,6.101794329350435,-1.7264295643703917,1.0818582513575414,0.037526595335274436,2.0799884166194285
166,4.961262340252292,6.394224248453378,-1.4329619082011504,0.9555964669555088,0.047336864437138554,1.9832737091749681
167,4.570134965212732,6.1554062695489495,-1.5852713043361746,0.37688453319132975,0.01626478544602661,2.4029190945665144
168,4.604429780775321,6.265272382910867,-1.6608426021357445,1.1494186772174757,0.04280930156109536,2.0255657767674875
169,4.957600439173179,6.598943860005045,-1.641343420831845,0.7941377917645163,0.031015761406831748,2.156870431358631
170,4.622538493705692,6.105421507489249,-1.4828830137837485,0.40589822070999304,0.020052889283625475,2.325356802757391
171,5.158630392351428,6.766159625239334,-1.607529232888055,1.295125715409263,0.0506667625750659,1.9542914233385247
172,5.28560465205061,7.029005799344356,-1.7434011472937527,0.7973176269019397,0.027494790096850498,2.2044204314403477
173,5.161755588829296,6.849338400987877,-1.6875828121585528,1.43853050289745,0.05096138241653159,1.9518048149755727
174,4.709389426024758,6.303828168747787,-1.594438742723014,0.6021858101085549,0.025274222723602142,2.2371854376582623
175,4.617124513308285,6.310353616704981,-1.6932291033967886,1.3778899323439582,0.04871443255387971,1.9710825657305955
176,4.781852942562468,6.409153151193644,-1.6273002086311408,-0.09776305013307152,,
177,4.276285667596143,6.110331352652205,-1.8340456850560258,0.21251844631876793,0.006591075103593399,2.7168284996501426
178,4.738046864559523,6.332560635780817,-1.5945137712212727,1.4339295391814737,0.056247296305701903,1.9091147040119767
179,4.648297311247747,6.201239861064119,-1.5529425498166347,1.5801019542869312,0.06397982819714931,1.8523203987979173
180,4.353156635480049,6.315167616955344,-1.9620109814750322,0.34102164666086665,0.00895949766310868,2.6135957434208827
181,4.462152544249706,6.230750105131458,-1.7685975608819717,1.4247504708062664,0.046250142518870746,1.9931032471120103
182,4.926541977515457,6.4065626351550495,-1.480020657639443,0.8974005975997272,0.042275496179397194,2.0307979392310815
183,5.429250725314946,6.966817820126332,-1.537567094811493,1.014186462111347,0.04407705700859124,2.0133572742662995
184,4.9125646394987275,6.425199727628327,-1.5126350881296275,0.9936745699044494,0.04456811557157702,2.0087079457475596
185,4.501252937452195,6.001416000063829,-1.5001630626118185,1.1536177540848485,0.05165367881373716,1.9460088310973362
186,4.76028919398806,6.518896498894238,-1.7586073049062634,0.5229360682904307,0.01786945333946108,2.3683121276065364
187,4.544824564404111,6.4031004154984945,-1.8582758510942767,1.1468707684987862,0.03411170204059655,2.1187487971675196
188,4.822717152329519,6.5901350709687865,-1.7674179186394667,0.9051681754773995,0.03018699697863446,2.1676280606406424
189,4.758668611173393,6.721744277520765,-1.9630756663473221,0.24132262614018885,0.006304603203499995,2.7315037053770324
190,4.887890205379849,6.450380922617287,-1.5624907172375515,0.8864158128434205,0.03783178007992766,2.0766726767169335
191,3.941730558005533,5.454665130997492,-1.5129345729919805,1.83683009852502,0.07564225773300336,1.7765503078261284
192,5.087304078845195,6.876582552953154,-1.7892784741079595,0.6411620798375779,0.021011958240203275,2.307769534697251
193,4.945421148158234,6.672924592601641,-1.7275034444433004,0.5056667538615613,0.01799132711803683,2.3657965714518903
194,4.556445889208421,6.189283758843709,-1.6328378696352956,0.9005202201093141,0.03527427366777772,2.1051957316040175
195,4.537915681052995,6.175499377027231,-1.6375836959739445,1.0807323923693843,0.041549297940097325,2.038006348902763
196,4.621547597492112,6.34270251955517,-1.7211549220630786,0.7590861913526474,0.026942409046795603,2.2123511842874617
197,5.02553039929086,6.665862130947561,-1.6403317316567154,0.5925717347061692,0.023473035630186122,2.2656464996898786
198,4.49912446146965,6.139068713700263,-1.639944252230407,0.12806451412637898,0.005193837317756844,2.7947592797294614
199,4.984036548560711,6.598534132482017,-1.6144975839213203,1.4940592069607632,0.05705607004817221,1.9028810358268473
200,4.458765539371656,6.1159843570131915,-1.6572188176414784,0.8497261135602301,0.032433737014263525,2.139023848012932
201,5.076890066985074,6.981041503007008,-1.904151436021948,-0.08598695521756383,,
202,4.321923165122657,5.895538193019897,-1.5736150278971763,0.4860914929777387,0.021139127560950186,2.305490332663109
203,4.9382003764297355,6.46377433071129,-1.5255739542817537,0.7135765602316084,0.03237291921464572,2.1397754366779473
204,5.153038184178117,6.749469820507899,-1.5964316363294984,1.0709206264892757,0.043221835103078206,2.0215599306150898
205,5.1016662626628335,6.770147025658412,-1.668480762995614,1.6436447796304279,0.058559133688868614,1.8914887323807936
206,4.965180027676583,6.494879674226576,-1.5296996465501707,1.5172397713880166,0.0633682462252887,1.8565988602397026
207,5.000007927392803,6.835462075290865,-1.83545414789819,0.6733444889268547,0.0208248107627382,2.311145658224997
208,5.007618779668123,6.596784209575832,-1.58916542990778,0.8092330865134301,0.033651541800502734,2.1242225101127055
209,4.890662740187112,6.523898838137535,-1.6332360979504301,1.4710879313760792,0.05515265709787554,1.9176716623197487
210,5.004474504818576,6.6837638852870445,-1.67928938046839,1.023433312569498,0.0376296336411181,2.0788663795203317
211,5.043925089032941,6.614680656538029,-1.5707555675051026,0.6252193340069745,0.02699721758177894,2.211558037125851
212,4.954548813462283,6.534970169169286,-1.5804213557069033,0.6827547391264304,0.028990757943380907,2.183612177932842
213,4.8503200195062295,6.4992744573593075,-1.6489544378530354,0.2524234776524281,0.010061790082623536,2.573698535490346
214,4.765028561562817,6.38574884427962,-1.6207202827167748,0.5971620992107383,0.02424600721273782,2.253208476275842
215,5.1115661197846425,6.796767133118175,-1.685201013333426,1.1124081891842579,0.040389609158184195,2.0497420511460644
216,4.4753964681984275,6.152279710688193,-1.6768832424897937,0.4401225327619045,0.016764743558249032,2.3918269762842317
217,4.786150987487476,6.463592689988042,-1.6774417025005732,0.7829488876517026,0.029278967537414925,2.179709963580641
218,4.4342142215699045,6.106498673156361,-1.6722844515863926,0.38895653542203235,0.014938904847206145,2.433856777400411
219,4.959536858953756,6.776458200499734,-1.816921341546049,0.6312596768869909,0.019992002093185916,2.326497942709743
220,4.8377966387632245,6.400533203524896,-1.5627365647617353,0.004014934716781937,0.00018295413450153253,3.7414602273162436
221,4.15146845264468,5.830637861812848,-1.6791694091680256,1.1355548075184494,0.041453686128989094,2.0389633435766314
222,5.122518127425396,6.867832400803289,-1.745314273377744,0.30978867318753345,0.010822796708466318,2.5483688676110416
223,4.914156879446468,6.482096666836648,-1.5679397873902872,1.7843534729130504,0.06978647440030081,1.8132940896655276
224,4.329940774007186,5.916938919550114,-1.5869981455430207,1.2703345157306707,0.05096081350183033,1.9518096050324194
225,4.595970513406714,6.235058309213409,-1.639087795806745,0.6641552331221625,0.02623315062382128,2.2227427624553893
226,5.046946662877248,6.888043567230598,-1.841096904353435,0.8197092153640675,0.02510368131757569,2.239803519193187
227,5.280015266511613,6.9167671190205855,-1.6367518525087235,0.3491570669027766,0.014086471767227968,2.4550507051425434
228,4.570843593086069,6.343348795439811,-1.772505202353841,0.5107721792746318,0.01715177753359705,2.383437910940401
229,4.8917061695254365,6.645431140220824,-1.7537249706952025,0.6421409057703791,0.021997247271005986,2.2904154064284334
230,4.724261392057828,6.276760745610931,-1.552499353553003,1.5857147523823159,0.0642035904982484,1.8507634563700754
231,5.106207596322806,6.735831065236981,-1.629623468914133,0.7509783789123254,0.029842477991613638,2.172174835822458
232,5.346723097330882,6.8669378211045515,-1.5202147237737336,0.6562846672867728,0.030137563765275162,2.1682777040888346
233,4.971970646589002,6.774493885428798,-1.8025232388397399,1.230085728206948,0.038838353591551765,2.065895439394477
234,4.477125417116953,6.1898417108896755,-1.7127162937727007,0.9833320351166712,0.03484963936452384,2.1101012069211045
235,4.37278994695504,6.0804567345596485,-1.7076667876044667,0.7221557175508764,0.02610624312646565,2.224627675935147
236,5.218074558921048,6.789740263622912,-1.5716657047016724,1.1567766473910979,0.04769167094656447,1.980105538557028
237,4.706443606348161,6.475802281017559,-1.7693586746695473,1.4440521922208376,0.046788027637416074,1.9882139967073693
238,4.687060694877177,6.418678884589804,-1.7316181897126626,1.159146252800344,0.03979591369813827,2.0558610263533335
239,4.329198575879277,6.164741156665579,-1.8355425807860684,1.3864151918583438,0.041913276838674074,2.0343801978550857
240,5.174823038582703,6.815582468213799,-1.640759429631089,1.4050045665614803,0.05251597953594682,1.9388797723733777
241,4.828654461044211,6.41289261953631,-1.5842381584920986,1.2543523400161583,0.05054614855709958,1.9553129080999296
242,4.529262621406419,6.291385943560941,-1.7621233221545936,0.7495224140137928,0.025312712556147303,2.236596673196564
243,4.7455345716039705,6.423526839064857,-1.6779922674609224,0.9826113415179911,0.03627793551595629,2.0937984813780726
244,5.088467920716143,6.716409611514466,-1.6279416907984796,1.0103206605116597,0.03948788860453996,2.0590662898274292
245,4.968711561208524,6.673691691849003,-1.7049801306404788,0.49799573286133736,0.018244902345783902,2.3606100851443235
246,4.785733491559826,6.5773401149643025,-1.7916066234042773,0.8958193594106341,0.029039389464775724,2.1829513966647234
247,4.855336838353027,6.536658623608739,-1.6813217852557045,0.9134246507663697,0.03373552968181653,2.1232186998233074
248,4.859380231789887,6.736484945347756,-1.8771047135578556,0.5303791959220163,0.015590484366642772,2.4183637183559155
249,4.625722065201275,6.203888247928775,-1.5781661827275002,1.0120523525963705,0.041935843102719896,2.0341562594562492
250,4.98818412505358,6.751390679627685,-1.7632065545742535,1.2368581272378592,0.04080103089079991,2.0455462854319735
251,5.0239040244435405,6.665147840086094,-1.6412438156426106,1.5362059328946494,0.056805852268284586,1.9048017043405758
252,4.913392432844434,6.442077733532338,-1.5286853006878118,1.2301050241611051,0.05290200001850837,1.935720029002182
253,4.934273870827441,6.67013285007844,-1.7358589792509065,1.0700854534191606,0.03673969060580391,2.0886450067395197
254,4.260976999338313,5.967107168106027,-1.7061301687674586,0.36563503905718875,0.013439124912722209,2.4719155765846232
255,4.822924369103534,6.457793376069363,-1.6348690069655731,1.2226769892637108,0.04665209967054756,1.989445065129974
256,5.067849958821457,6.742231736682884,-1.6743817778615266,0.7498501488489744,0.02820059655786619,2.194484506851409
257,4.853380522028887,6.5518547980588995,-1.6984742760300833,0.8491944203261355,0.030839827950181867,2.1591332860202264
258,4.280820449761054,6.052288239375956,-1.7714677896146895,0.03791612997751059,0.001278493802981947,3.220764000184937
259,4.704144755773372,6.525219485383738,-1.8210747296104728,0.2696717201969321,0.008516226178828586,2.630887339958184
260,4.365987919831754,6.177743377680764,-1.8117554578491308,0.3485689769845166,0.01114694935293168,2.538058048644081
261,4.75910323718705,6.4737438946922214,-1.7146406575052424,0.06287835966428901,0.0022978873851804554,3.0487590028701614
262,4.715668391245858,6.405538924650381,-1.6898705334047008,1.083316752186665,0.03919490230439671,2.0621348178406786
263,4.89111123976028,6.62313373978858,-1.7320225000285063,0.6471350956283146,0.022773182302592947,2.2772184769455754
264,4.724238072709854,6.584449214781417,-1.8602111420716483,0.7056670298570822,0.021160103627164976,2.305115535785177
265,4.846162034747126,6.442673484408809,-1.5965114496618753,0.2199168742800346,0.009437539555817616,2.595783918835253
266,4.544607936457682,6.183123656311759,-1.6385157198542402,0.09219629931916629,0.003751335770527209,2.8983484325648727
267,4.706644217738189,6.333701145170076,-1.627056927431795,0.5016272143720641,0.0203243976719171,2.3203047439996136
268,5.1770388521270565,6.861409929693275,-1.6843710775663112,0.2833130064116709,0.01074970654583666,2.5507316308888837
269,5.080520316758625,6.82813805273029,-1.747617735971744,0.7345296693160961,0.025265775532674423,2.2373147549872185
270,4.846165229494149,6.524047638321848,-1.677882408827827,1.1098364291201044,0.040643951437253203,2.0471439639832885
271,4.920324531815199,6.592335648525941,-1.6720111167105642,1.7124105766239666,0.06047236207699882,1.8773337735243205
272,4.176234334683899,5.74843116623614,-1.572196831552219,0.9003376584429752,0.03793318752471508,2.0755759516796055
273,4.756761155243398,6.35314759204647,-1.5963864368031864,0.8878011348879937,0.03636846049636628,2.0927837786961483
274,4.431831009326801,6.19777812805331,-1.7659471187266718,-0.1651743418118201,,
275,5.419087879238591,6.952077320988382,-1.532989441749578,0.8730632882438236,0.03866383700316313,2.0677468173344393
276,4.568718407119663,6.27042356194776,-1.701705154828005,0.05071071716257691,0.0018877031258999566,3.107353828107983
277,4.512905896573388,6.1906121179602795,-1.6777062213868703,0.6192847227774578,0.023361132277233,2.2674765100034673
278,4.105379864190185,5.885268707691553,-1.779888843501567,0.46946181078753213,0.015629317003258935,2.4174584791082534
279,5.346678091804792,6.8717947054524675,-1.5251166136476968,1.202951260304264,0.05208329924223226,1.9424446102733304
280,4.705524249974646,6.431986077047435,-1.7264618270728533,0.6012778658902072,0.021346368981377643,2.301801499173052
281,4.18071204275026,5.858294778632407,-1.677582735882197,1.1302825039838282,0.04135085336632292,2.039994702506002
282,4.7040045160286486,6.388073716893716,-1.6840692008649967,0.7505348510859058,0.02789096675811369,2.1988165846240677
283,5.150659010484164,6.695960068205709,-1.5453010577216446,1.0701570840507166,0.04584741062898177,1.996795426353499
284,4.799113697542056,6.519910800024393,-1.7207971024822655,0.9660191750814846,0.03394428005573184,2.1207329731215983
285,4.1626014999652075,5.9154052047547,-1.7528037047893577,0.41222270386042936,0.014231050211943949,2.451377790395293
286,4.9439565955343046,6.616845686146762,-1.6728890906124434,1.1401539161765548,0.04190928811283926,2.034419790955112
287,5.094104618731821,6.589634716928424,-1.4955300981964683,0.7786076028089326,0.03643909758164562,2.091993495258742
288,4.603771875639781,6.267889827306542,-1.6641179516668672,1.1191186391927168,0.04161219293985957,2.0373778385496113
289,4.414364695770532,6.194604577649054,-1.780239881878515,-0.02954706366339721,,
290,4.694701738402104,6.364957231219849,-1.670255492817887,0.6478024847292083,0.024629457355702107,2.247165418446573
291,4.863605053745063,6.3917964191169165,-1.5281913653718675,1.1588633725179207,0.050214626418276176,1.9581311415992013
292,5.132532673814298,6.99862264868751,-1.8660899748729207,0.44589177849997697,0.013288845848392742,2.475933147617269
293,5.061001544119167,6.676003141991744,-1.615001597872606,0.8904394451961082,0.03566092431034116,2.100772696484665
294,4.1375147081569725,5.8999592964018905,-1.7624445882447617,0.8051135819737958,0.027121468728221486,2.209765104289759
295,4.398725243333788,6.112119969392376,-1.7133947260585956,1.0900396431325028,0.03836547052161003,2.07092858363589
296,4.5972577115567805,6.356350312319217,-1.7590926007624148,1.15066967798845,0.03830515876590335,2.0715742995211985
297,5.079384725996592,6.646094753264764,-1.5667100272680727,1.1907517931212048,0.04922228738312592,1.9666611604829216
298,4.946456429818513,6.590049217475427,-1.6435927876568712,1.1241954073873792,0.04278426113843217,2.025809976986322
299,4.571940149445313,6.079590783492295,-1.5076506340469678,1.3707967976680528,0.05951562734142591,1.8843649509519327
300,4.98385670991121,6.548002433089275,-1.564145723177944,0.5256014761498164,0.023071359525074733,2.2722509169728586
301,5.034464718064841,6.612773776233327,-1.5783090581685428,0.816349989383113,0.03438166327761131,2.1155668554374207
302,4.299806385218348,6.054487568954558,-1.7546811837362384,0.20104047474923803,0.006943963011019337,2.6995197689172117
303,4.615451749159833,6.320422837396942,-1.7049710882372437,0.7134728751504724,0.025889380049195315,2.2278670794460234
304,5.275783214982143,6.891026987576462,-1.61524377259434,0.8385763095792029,0.033704271276169165,2.1235920455387225
305,4.219771841555543,5.896693951134425,-1.6769221095789817,1.4507858395521254,0.05195040105356964,1.9435445256159616
306,4.443953046505216,6.09702263042651,-1.6530695839212513,1.353100739290717,0.05009227303802212,1.9591751948333982
307,5.151064497538359,6.793585624942994,-1.6425211274045068,0.6873887809215624,0.026994606733129166,2.2115957877833945
308,5.12285578665484,6.725879209288218,-1.6030234226334414,0.8882523834261384,0.03609591890430553,2.0958452715268865
309,4.828415706643058,6.636456640234522,-1.8080409335914283,0.18161401302507585,0.0058322793422977285,2.7570647935891146
310,4.577977641654856,6.262301222121062,-1.6843235804660708,0.10920943014819429,0.004163080522947436,2.865532869056468
311,5.347757843122794,6.907962709921657,-1.5602048667990402,1.2705665091886722,0.052528351219706636,1.9387782041658774
312,5.186815503013181,6.700787723844536,-1.5139722208311923,0.9925459526850702,0.044451894153106096,2.0098044073441597
313,4.893446841792015,6.672563394245815,-1.7791165524538428,0.8236301770970016,0.02717310011288838,2.209022152554302
314,4.244592542347904,6.014507111463518,-1.7699145691158265,-0.6259202042656753,,
315,4.735719248828731,6.423945875868904,-1.6882266270401942,0.41523070535852113,0.015599281171616132,2.418158479736357
316,4.85219944321449,6.550436507174121,-1.6982370639595956,1.113766859221169,0.039833756485769464,2.0554686934390745
317,5.349295210201321,7.127084581949783,-1.7777893717484403,2.02402415338711,0.06283024169899878,1.8603908966387501
318,4.716171748933734,6.424276492023937,-1.708104743090189,1.5765588139342874,0.05411651925367038,1.9259027400895197
319,4.858559738680528,6.337770031920302,-1.4792102932397029,0.9944152833750053,0.04640491028786247,1.9916915603661027
320,4.585006301875014,6.405683987014628,-1.8206776851393442,0.46681330609130356,0.014747329277059117,2.438525228031465
321,4.466395576831305,6.070817696358164,-1.6044221195268165,0.9638040171815767,0.03886954582126907,2.0655652780982137
322,5.28194953431222,6.915008706399179,-1.633059172087087,0.9884560407890604,0.03846333736545639,2.0698826254119673
323,4.6668721143744865,6.454789999917169,-1.7879178855428108,1.1430811333069961,0.036836671108621905,2.0875696612588284
324,5.379169714602826,7.113652836870026,-1.7344831222674202,1.1746844491974642,0.04016294143587662,2.0520691617647495
325,5.088309496678052,6.857000027797037,-1.7686905311188639,1.448470828170489,0.04695374054111048,1.9867172372896693
326,4.963759779942224,6.5824782046826815,-1.618718424740564,1.2769602085514187,0.04940705141017443,1.9650620920716435
327,4.75343276246946,6.488928270070703,-1.735495507601172,0.3973756495573504,0.014037985914725519,2.4562899052913147
328,4.704224538198163,6.446687496770304,-1.742462958572105,0.9696511566565356,0.033207491372078346,2.1295656271913996
329,5.001143589628841,6.732788145008401,-1.7316445553797166,0.1036081513792908,0.003696140225437123,2.902993742207001
330,4.665369540026463,6.468459976638046,-1.803090436611683,0.19867834981797827,0.0064245062546426385,2.7252898366509117
331,4.34608737033574,5.903158954898915,-1.5570715845631184,0.8850238694149724,0.03802519449409666,2.0745830486441776
332,4.911676616293848,6.52597255643064,-1.614295940136799,1.6712329916781918,0.062900325006169,1.859895409083003
333,4.544634293440199,6.281115936688666,-1.736481643248453,0.141792743715083,0.005023447793299687,2.805526324105042
334,5.227199522257083,6.992148515924656,-1.7649489936675309,0.5470912996611936,0.01853234295390485,2.3548067059131648
335,4.557125473831379,6.305138796411976,-1.7480133225808459,1.403837801637458,0.046661812559664964,1.989356997647932
336,4.721829396049147,6.424133627520826,-1.7023042314717713,1.4488694739246846,0.05047648460411389,1.9559038255705
337,4.648141590167429,6.37331392043521,-1.7251723302676965,1.4589577915727219,0.04954902158594699,1.9638367945268391
338,5.09328183396366,6.761138175887163,-1.6678563419234251,1.2443704173038483,0.04567222908883588,1.9984099934202442
339,4.819204960756737,6.415146297759934,-1.5959413370032962,1.6147682284811467,0.06226337755467665,1.864415502232507
340,4.959669751840751,6.642633802783267,-1.6829640509427009,1.210563447181535,0.043781900578479895,2.016172886464239
341,5.037683325235607,6.751529180511925,-1.7138458552765314,1.577750132272545,0.05382302618965546,1.928258136312894
342,4.779286464626297,6.561956103482624,-1.7826696388560777,-0.34489245472729735,,
343,4.897884522464041,6.6691444999859275,-1.7712599775220497,0.2928940713289414,0.009886062356019614,2.579789264059651
344,5.012755468737,6.730668559181995,-1.7179130904451085,0.684787559598945,0.024486268201300974,2.2494124348283253
345,4.584360124412628,6.374843172048047,-1.7904830476354618,1.1401612495817233,0.036640153021634085,2.0897512231871738
346,4.616833452187452,6.216245294714634,-1.5994118425271608,1.1647050299379487,0.04648389842048931,1.9909726112046042
347,4.464370309577875,6.126844835566283,-1.6624745259885003,-0.0633186966911623,,
348,4.307945406573085,5.934460019147105,-1.6265146125740557,-0.12040795563878248,,
349,4.7233391737880215,6.321126397156307,-1.5977872233684138,1.044365207971321,0.04217519864666644,2.031787248629155
350,4.9742031722642555,6.620724003716051,-1.6465208314518804,1.018361782637232,0.03892080102304959,2.06502324415994
351,4.540068590374007,6.21497675963724,-1.6749081692630625,1.439343236851169,0.05169605732442932,1.945656149806914
352,4.648282221642662,6.046630954411201,-1.3983487327686817,0.8031723453104611,0.04229381607754955,2.030617450919537
353,4.4936728224741405,6.121749536732468,-1.628076714258441,0.7034225874233648,0.028097014404823772,2.1959291571816566
354,5.152757695768345,6.865098771962943,-1.7123410761944342,0.7239179587310893,0.026017284943136116,2.2259536687610906
355,4.614522446925152,6.327572677394928,-1.713050230469662,1.0476242396291724,0.03697830681106089,2.086003491297814
356,4.759210733904469,6.4691189492043595,-1.7099082152999472,0.2302851757332398,0.00845193285358241,2.633461856623694
357,4.374299559265014,6.058178476229445,-1.6838789169644315,0.660821499374368,0.02468187057001939,2.246345745591722
358,4.75048362955255,6.43747595792656,-1.6869923283741173,1.1561248025279198,0.041772031932411406,2.035784177599667
359,4.4691441837522365,6.453527122557604,-1.984382938805311,-0.22843610693847793,,
360,4.848487743774571,6.471197603064896,-1.622709859290353,0.8236017415213439,0.03283907257483689,2.1340453031251267
361,4.8665693621936175,6.603898086310396,-1.7373287241166508,1.1331113870203993,0.038705429210498764,2.067304938470974
362,5.183991704764198,6.8366413753223885,-1.6526496705582758,1.9973126676810118,0.07038449205673473,1.8094282859443913
363,4.481994243725525,6.202300126484973,-1.720305882759476,0.8110649798268597,0.028745087007620032,2.1869648923019382
364,4.886590577210031,6.448473065897433,-1.5618824886876155,0.9030377557567704,0.03851341581928376,2.0693482833334524
365,5.122783674167353,6.420050393928905,-1.2972667197616374,1.035420110748877,0.05970146765157927,1.8829918854641758
366,4.129945473441525,5.8729388309011785,-1.7429933574596816,-0.30321985924592454,,
367,4.590188479384837,6.280214950006192,-1.6900264706212056,0.42388573282740083,0.015881385732575724,2.411630075979604
368,4.9248909971736925,6.66454618271346,-1.7396551855395046,0.8630466445476905,0.029807743659404095,2.172635740978668
369,4.796549483868889,6.494941526311424,-1.6983920424424923,0.5739601810201123,0.021138009794695864,2.3055103138165394
370,4.6614774188561245,6.4884697065179555,-1.8269922876618239,0.43321490610813385,0.013577859233374767,2.4682417336770515
371,4.4859066177446625,6.0774912414373095,-1.5915846236928246,0.09216164253582093,0.004009488650982169,2.8774142501584965
372,4.991017955006386,6.552794072707366,-1.5617761177006741,0.6157394151196733,0.02691449050465903,2.2127557356852927
373,4.779296652556072,6.420931358499368,-1.641634705943261,0.7965062728723744,0.031092267136302594,2.1558898511008415
374,4.716722150857381,6.329994443216032,-1.6132722923587153,1.0292360072469862,0.04086669465929653,2.044879954160839
375,5.021348260188065,6.698907551324533,-1.6775592911365038,1.3627761588019496,0.049069914004630975,1.9679836931377561
376,4.528234523348887,6.1582758133301585,-1.6300412899813637,0.42601893203891095,0.017270066139849667,2.3809071115515756
377,5.088405722757729,6.692022860847496,-1.6036171380899304,0.24177689992241014,0.010261741773492917,2.5668823669649634
378,4.706212500848837,6.392248279813126,-1.6860357789641967,0.39646997952171503,0.014948591574403142,2.433622128156124
379,4.945514221217595,6.83719016468576,-1.8916759434682717,0.6550010381834284,0.01890416102240062,2.347415490879013
380,4.854824637344622,6.457149680901177,-1.6023250435566752,0.3978621878394293,0.016760371403028534,2.391922710910841
381,4.550453270191442,6.390208076039821,-1.8397548058485427,0.4783884864254624,0.014746907310220858,2.43853556966724
382,4.893780597638456,6.593570366554944,-1.6997897689166166,1.468686183714123,0.051238285543522395,1.9494786876674683
383,5.04231887921202,6.631822107958138,-1.5895032287462527,0.8122895924805746,0.033756472742332656,2.1229687245140405
384,5.122837033244709,6.458801362147556,-1.335964328902719,0.28618799710958953,0.017578046649952626,2.374388451614263
385,4.37298699653053,6.321015758126977,-1.9480287615963334,1.0490211447487248,0.028222474567838194,2.1941799614016624
386,4.6816323447374675,6.456265538118112,-1.7746331933806232,1.250947136332055,0.04071095386801094,2.046461833310061
387,4.929250288467815,6.657373137964024,-1.728122849496458,1.911831643912219,0.06283559802387813,1.8603530114082627
388,4.270476049509911,5.751122211976716,-1.4806461624666554,1.0117163173954324,0.047044157091594756,1.985902445998579
389,4.560687076957551,6.385676967202075,-1.8249898902445238,0.4766900987831413,0.014975109208196977,2.432980455177955
390,4.510592968612004,6.203757974260272,-1.6931650056485523,0.6453790323426318,0.023845082120326534,2.2596161864930244
391,4.760357702943397,6.4149648857748875,-1.6546071828313416,0.5088000208710888,0.019883814042321556,2.328533094652524
392,4.367911828836499,6.044679933771741,-1.6767681049354906,0.8722191975670412,0.03247114087334695,2.138562209099171
393,4.898881777270676,6.458816270347372,-1.559934493076753,1.1574527990909402,0.04836362670226074,1.9741593488053437
394,5.072223010230632,6.706657474225624,-1.6344344639949213,-0.2374087536484808,,
395,4.846540291860551,6.577693451182485,-1.7311531593218206,0.6667569592230258,0.02347048403643303,2.26568814270801
396,4.757275540111836,6.607359231815915,-1.8500836917041852,0.11125474461481843,0.0033678330515244967,2.93200317379858
397,4.553196787369702,6.359329418714667,-1.8061326313450081,1.1893911874526886,0.03746825550199666,2.0806248719719824
398,4.528654069219842,6.320376715534914,-1.7917226463150655,0.4782634104819117,0.01567937664950846,2.416294438857059
399,4.816964188298302,6.3182843028029385,-1.5013201145045514,1.4734238022327553,0.06374153755273815,1.8539833816370028
400,4.212343059083027,5.90893123319235,-1.6965881741095927,0.4609294900563583,0.01709666602386954,2.384622260948345
401,4.753246240411331,6.464601842515906,-1.7113556021047316,1.1165834129534744,0.039330352192455786,2.060713801093993
402,4.772494330439544,6.441673168541614,-1.6691788381019705,1.0215416281986656,0.038011577794109526,2.074729865809173
403,4.356706150265895,6.178906002216644,-1.8221998519506997,0.3531304477063415,0.011138807018272094,2.5383137632844113
404,4.918243889302689,6.57231389175781,-1.654070002455228,1.0774467877460765,0.0406482273281072,2.047100404020749
405,5.1703768731577515,6.847545990945195,-1.6771691177873436,0.49166077403293684,0.018677139454145394,2.351913066052954
406,4.5248489867875055,6.370999072221858,-1.846150085434374,-0.05760260851168297,,
407,4.482965611114709,6.214953968179524,-1.7319883570648926,0.4575121275734908,0.016209183506945595,2.404171127263267
408,4.412225536301152,6.15152702400866,-1.7393014877077349,0.9653143580783805,0.03318935621769092,2.129785138170353
409,4.641137156132176,6.265685685348915,-1.6245485292167814,1.1148375042618177,0.043399720995591404,2.019842559419515
410,5.101696333284567,6.6478168193908775,-1.5461204861064743,0.8544546420311114,0.03730476372974104,2.0824129812942886
411,5.2501210047008176,6.991081954775689,-1.7409609500748502,0.9795361637971318,0.033588774861427535,2.1249740909160946
412,4.722814598950949,6.410084309868276,-1.6872697109170076,0.6163385000681778,0.022974572183156978,2.2738572263776313
413,5.133833107752084,6.7856330235639195,-1.6517999158120347,1.2577048054334803,0.046957630256616215,1.986682157849214
414,4.38214621283038,5.874655688025948,-1.4925094751954475,0.279858748667305,0.013812092112419095,2.462113574591696
415,5.027378032072251,6.423265839201919,-1.3958878071296112,1.4157334510379869,0.06919870326454636,1.817120246463886
416,4.998610566541005,6.725465504624497,-1.7268549380833065,-0.0932850639941023,,
417,4.868772615782577,6.539212262771601,-1.6704396469890526,1.1026613425848275,0.040748556732214225,2.0460794271452536
418,4.849709022558558,6.412984913756931,-1.5632758911986002,0.34118592815147863,0.01520502277041518,2.4274585843564163
419,4.965791715124228,6.486282230572671,-1.520490515448273,1.3038389264369137,0.056183022168779385,1.9096132940000279
420,4.142642537294764,6.004144351199907,-1.861501813905079,0.37001927420158864,0.011087411132055358,2.5399317227499716
421,4.807120902447709,6.329543866565645,-1.52242296411805,0.6179793544358994,0.028400234416987382,2.191713028226655
422,4.646946633990696,6.356410734539496,-1.7094641005489848,1.1766385733848708,0.041385035112921,2.0396516366615374
423,4.68734832325214,6.605461780708383,-1.9181134574562293,0.2721631917197449,0.0075555027101219755,2.671313580097405
424,4.839623967365755,6.576293254982263,-1.7366692876164507,1.7980566381190428,0.059026798280314756,1.8879936846354655
425,4.860898781776145,6.503548127977547,-1.6426493462015515,1.9564495862331626,0.0698664546469309,1.81277549707007
426,4.948913885376273,6.5035762782054025,-1.5546623928291865,1.5587577589912307,0.06312583729848609,1.8583041326815433
427,4.141572607017965,5.7973491550770095,-1.655776548059066,0.9957058529618443,0.037702914230568714,2.0780699791674184
428,4.660094457758136,6.184038301663806,-1.5239438439057267,1.213675749250779,0.05256231109708226,1.9384995054299228
429,4.5155489824438195,6.206678687164436,-1.6911297047206517,0.6658409096205489,0.024638608272773706,2.247022201477699
430,4.6484084330073205,6.30496638045461,-1.6565579474472543,1.0513524721385856,0.03962143604489409,2.0576740185429196
431,4.262798402579451,6.040484432166716,-1.7776860295871302,0.9912978542869624,0.03254224464198464,2.1376859000584747
432,4.943682849553683,6.549078784284449,-1.6053959347307227,1.2281929997323893,0.04843035532925776,1.9735726574617187
433,4.4316561913554455,6.146906083184826,-1.715249891829444,0.166203189652407,0.006062408902288583,2.7443866373422456
434,4.55634850790449,6.211883697451805,-1.6555351895472086,0.9210521444010453,0.035062610539511825,2.1076345742792952
435,4.7910680422833725,6.520846572618398,-1.7297785303348974,1.0421772079855742,0.03608877109775657,2.095925828526565
436,4.663390747243797,6.346941839615008,-1.6835510923713173,1.1135060869833637,0.040503404325874855,2.0485779324849283
437,4.358576407740033,6.212171626431969,-1.8535952186919076,0.5794357590260155,0.01754108688110233,2.375165423355041
438,4.697854544856968,6.430261929339872,-1.73240738448294,0.3857653976792612,0.01368736622776924,2.4653652102313126
439,4.887644107445398,6.630345224913606,-1.7427011174681866,1.0990403417903103,0.03737957380222415,2.0815939575971987
440,4.273584241644416,5.946314520601748,-1.6727302789574878,-0.2807769122523567,,
441,4.8308497617074995,6.522283558530974,-1.6914337968235031,1.0957972798424471,0.039543778000059,2.0584831408855004
442,4.7181311355680595,6.485257441753051,-1.7671263061849913,0.5429366355322678,0.0183428105827382,2.358624402464619
443,4.113786475680685,5.886030887958563,-1.7722444122780416,0.28421590142848174,0.009581190585075046,2.590588775051977
444,4.564037594564811,6.254168342959142,-1.6901307483942674,-0.637447569051627,,
445,5.037685461464038,6.740358081098792,-1.7026726196347681,1.1917163852895705,0.04220033417426547,2.031539131410344
446,4.3497038664837095,6.064249071067588,-1.7145452045838283,0.7461251697692788,0.026714304606733838,2.215667174227298
447,4.858647777760156,6.546700465367616,-1.6880526876075237,0.5673622748107228,0.021178192314925022,2.3047925899206505
448,4.629538744804281,6.355742967872972,-1.7262042230686347,2.0994139797658065,0.06825427138460446,1.8233244098908905
449,4.943902030725498,6.555089221711343,-1.611187190985902,0.10702414644894631,0.004524575138046281,2.839066324486464
450,4.800643855713647,6.316796362416989,-1.5161525067032926,1.0135576811723865,0.04518119619614966,2.0029635947464524
451,4.817680935078501,6.452662950412725,-1.6349820153343444,2.1651914342490386,0.07660536465542218,1.7707314819921776
452,5.343132830891877,6.860564338876765,-1.5174315079848384,0.16510152803468614,0.00794656844180373,2.654331635980692
453,5.045881607973856,6.6746982799027865,-1.6288166719289165,0.6694728927306635,0.026776917403857153,2.214754535168967
454,5.122810685120898,6.722993179521078,-1.6001824944000873,0.7574188942451485,0.031198367282940346,2.1545333783378684
455,4.928703615771214,6.641207015721358,-1.7125033999500374,0.6112945468569961,0.022078137732807885,2.2890209059609594
456,4.739934603627548,6.552323274467918,-1.8123886708403916,-0.2814407174483229,,
457,4.674217974522948,6.361481317247128,-1.6872633427242363,1.93426589521437,0.06614961208379168,1.8374085058523253
458,4.82785028326049,6.451297637184036,-1.6234473539234386,1.2481754411331778,0.048147558423522065,1.9760637410113295
459,4.488431115191647,6.195145907211137,-1.7067147920195112,0.49278867378264835,0.018017446808991852,2.36525938669997
460,4.4379639163849465,6.194188075032992,-1.7562241586481377,0.5631962290026706,0.01928143480012909,2.3400446459485136
461,5.099886213529148,6.888414551956226,-1.7885283384273407,0.07186027978239196,0.0023669632569349856,3.039849588232337
462,4.338688041447144,5.9686866156093235,-1.629998574162073,0.4822570588601529,0.01948750911606634,2.3360716203745753
463,4.93095674548414,6.41309662543158,-1.4821398799474537,2.205145390307546,0.09019991658139068,1.69434409237325
464,4.19080156555316,5.85874008304196,-1.667938517488892,0.9726482891053436,0.03636167460390253,2.0928597677011256
465,4.9404792711876,6.614343785396153,-1.6738645142083897,1.0165230258540205,0.0376303178643167,2.0788589374042483
466,5.322717201185755,6.996585739534327,-1.6738685383486427,1.1997900916991426,0.04387358670112297,2.015296545266279
467,4.425849599047355,5.9764850893965065,-1.5506354903493502,0.2905416087668016,0.013222241752927659,2.477726603772494
468,4.750395827570914,6.521857235653231,-1.7714614080823594,0.8023363073281367,0.02673744805927338,2.2153296221427032
469,4.39457877752176,6.033854738237496,-1.639275960716077,0.27820423867126465,0.011224203996659271,2.53564004244392
470,4.463326174263388,6.31086261652287,-1.8475364422595248,-0.7662242138638398,,
471,5.101109441229996,6.817854726934955,-1.7167452857049739,0.9203104233428157,0.032573380107226935,2.137302691341441
472,5.075419974879255,6.461763855649247,-1.3863438807700277,1.3576286273175882,0.06755496713510961,1.827963917300057
473,4.720300316983698,6.411784692026133,-1.6914843750425916,0.23008144868649794,0.008659665780515725,2.62520560683023
474,4.621129396929122,6.234596691532767,-1.6134672946036517,0.4337723516195986,0.01796492882674493,2.3663401805180904
475,4.748832891481756,6.505269450472769,-1.7564365589910267,0.8574716995717218,0.029032395387811723,2.183046370084109
476,4.998885432665533,6.804110561121016,-1.8052251284552767,0.08397829178640848,0.0027030388003749513,2.999634355839926
477,4.5496141484403,6.242045092352415,-1.6924309439120861,1.1089591634640534,0.03993959508838312,2.054373094522365
478,4.8559720100136605,6.320750511250795,-1.464778501237106,0.7762025141791646,0.037751208233457914,2.0775458482125675
479,4.6489933481744306,6.219933193542284,-1.5709398453680024,1.736287097344558,0.06799323975514122,1.8250516215116817
480,4.478839494975604,6.21789488883382,-1.7390553938582798,0.8165764365898305,0.028283412814723442,2.1933327623020804
481,4.549297071262176,6.381039422223077,-1.8317423509608943,1.4004452224240538,0.042487709852512455,2.0287112451817166
482,4.9365512620411796,6.625741066153134,-1.6891898041119475,1.2202825623321694,0.04379565872294579,2.0160412865698825
483,4.788220435843472,6.1532457377649,-1.3650253019213778,2.5983436460715374,0.11370423796893919,1.5817605767249254
484,5.010266240565956,6.659619905339072,-1.6493536647731162,0.8371277501145507,0.03228508816546919,2.1408629939453716
485,4.481913248657351,6.194510728283776,-1.7125974796263108,0.011060616896983788,0.0004054507701790915,3.5365102482245097
486,4.0837280032647545,5.962970443223918,-1.879242439959171,-0.31339127101474773,,
487,4.657754564067831,6.363059042225268,-1.705304478157359,1.0691440622975215,0.03803050262538627,2.074525827741609
488,4.888991174742218,6.567043474456783,-1.678052299714409,0.6074104381002954,0.022917293589962705,2.274810608261085
489,4.489142920424969,6.110106371894654,-1.6209634514698337,0.48579032151426205,0.019858655454806595,2.3290077440563537
490,5.075759560279325,6.780934561329639,-1.7051750010502928,0.3109517465602316,0.011462692749671547,2.528267658479929
491,5.036276468695009,6.756226637522987,-1.719950168827836,1.188169330524552,0.04126734687259477,2.040833828481927
492,4.120570434940477,5.910216788375104,-1.7896463534345912,0.39237166381644073,0.012913236199718592,2.486153199762857
493,5.335339409439543,7.10300155260523,-1.7676621431658077,2.1332130665938713,0.0664321854120597,1.8354963094676802
494,4.643583754698797,6.394158613656417,-1.7505748589576342,0.923240337837715,0.031386299786141686,2.1521403780380344
495,4.4879589854213595,5.940939776512019,-1.4529807910907948,1.170565040996113,0.055238623250621684,1.9169945561574435
496,5.160450579304156,6.788339175074059,-1.6278885957697184,1.5695659681348566,0.0587189630084429,1.8902916643203
497,5.191900498245845,6.726782142213759,-1.5348816439679922,1.460867453362411,0.06100658347755577,1.87344773567085
498,5.277721443932537,6.951173187829697,-1.6734517438972034,1.1467042302947803,0.04210424373681137,2.0324883327573806
499,5.08033032870509,6.6529992465679175,-1.572668917862984,0.3392920310296823,0.014931500137224806,2.4340362379544027
500,4.837880617912164,6.633305755911275,-1.7954251379992456,0.5960899943553102,0.019406430761716702,2.3376303761776005
501,5.008503035417393,6.805718901063914,-1.7972158656464217,0.3760467064249511,0.012255843835449216,2.5046909260224783
502,4.800149999676991,6.6139097791798225,-1.8137597795027887,-0.42766103577516645,,
503,4.42520159290399,6.188108158774371,-1.762906565870253,1.2089480337312288,0.0399517628430644,2.0542472967125303
504,5.073497085458316,6.893078116323041,-1.8195810308645832,0.6428499084013666,0.02028735848547976,2.320990464673295
505,4.946851331805705,6.843541519576229,-1.8966901877706732,-0.03828098222004428,,
506,4.4078098120226645,5.958509660043974,-1.5506998480213952,1.5881674322939716,0.06441156178008084,1.8493203998702943
507,4.473915240249257,6.117801888653803,-1.6438866484047594,0.5971233870562216,0.02354015470109164,2.2645524983183947
508,4.772266599447052,6.441672945252252,-1.6694063458053279,1.2439931979480434,0.045580007221764966,1.9992620570973116
509,5.209489103398086,6.961080491133702,-1.7515913877357434,0.9977260064033011,0.03375861070765238,2.122943213329458
510,4.653892939108404,6.177766449478101,-1.52387351036964,0.4495615520877969,0.020938626114264662,2.309089305049431
511,4.556095553462514,6.125648927234531,-1.5695533737723508,1.1885050373476993,0.048980105158657354,1.9687648088934362
512,4.598535946506049,6.25783159682503,-1.6592956503188816,0.22007653425855622,0.008659698452081624,2.6252043223016566
513,4.715269214700188,6.635514337438254,-1.9202451227381516,1.0539461112795188,0.029272920265394124,2.1797915004451434
514,4.688781636364697,6.3952516698509445,-1.7064700334863119,0.9496669944711904,0.033969613059767916,2.1204322064903662
515,4.695083369645603,6.240806735851381,-1.545723366205948,1.2390595090104775,0.052222809863513034,1.941292490656851
516,4.240558309477878,6.176649592414103,-1.9360912829358767,0.8605898053196768,0.023517212650755955,2.2649261353794135
517,4.709049483250796,6.295064992399604,-1.5860155091490924,1.1416190859796735,0.04635818093709024,1.9921173755870154
518,4.7547200257120625,6.239793045672366,-1.4850730199602822,1.3982807591804978,0.06206503838317554,1.865830823608
519,4.889023368519533,6.537593888487807,-1.6485705199684162,1.1260333707659598,0.04260386429996744,2.0275728304397775
520,4.830533046033283,6.437715968030647,-1.6071829219974916,0.9860715701327365,0.03956819439841714,2.0582286001817867
521,4.368020223234739,6.139760966903703,-1.7717407436689427,0.23398109084991958,0.007895285623036612,2.6565153511133754
522,4.8255117186600405,6.562720446840091,-1.7372087281796667,1.0259359641572487,0.035250913853324795,2.105464275871419
523,4.64097936503032,6.377032174024196,-1.7360528089936906,0.5677764937043825,0.019938826170230118,2.327497043388627
524,4.651507744084769,6.362533652034026,-1.7110259079495336,0.33448858822787386,0.01222602400972566,2.5055525182250253
525,4.990317604271299,6.538037965502406,-1.547720361231086,1.0647460184605606,0.04550975677375211,1.9999120960080772
526,4.643769714309487,6.349133380604707,-1.7053636662951703,1.31172814457274,0.045957694785147614,1.995781652166946
527,4.946715451349805,6.481301818156696,-1.5345863668069342,0.9483133548812859,0.04161893304635381,2.0373105323237035
528,4.455634218002446,6.174076944955425,-1.7184427269528442,0.9036056475131105,0.03194584789096492,2.1450875472911335
529,5.000464745390277,6.621862743645382,-1.6213979982549063,1.1346823681285159,0.04426463974103387,2.0115761108550894
530,4.70193801018951,6.527051607583433,-1.8251135973939654,1.066978805617321,0.03305195096807352,2.1314516581859864
531,4.210998761250325,6.050657863693404,-1.8396591024429654,0.47204052296154586,0.014553373909140493,2.4433064419791917
532,4.756410137067464,6.661108410610398,-1.9046982735430902,0.6544562640122678,0.018587775325990246,2.3536966059957414
533,4.636623051126948,6.336280293175152,-1.6996572420482607,1.3076441947760706,0.04611842762390701,1.9943077975884782
534,4.790959156293015,6.590121175316712,-1.7991620190236972,1.0273214377306523,0.032842341974321676,2.1340053610718503
535,5.4261098610107314,7.020186344010748,-1.5940764829997534,1.9345862071447328,0.0726856419490396,1.7947995537548451
536,4.946764691252669,6.618977706745371,-1.6722130154923889,1.1464908158805578,0.04215673493206427,2.031969586925687
537,4.505124572733225,6.213190866113402,-1.7080662933803978,0.5799109586860283,0.021090909283491457,2.306353118820813
538,4.9497425808347675,6.609426339114167,-1.6596837582794706,0.8867985686976283,0.03366742779491327,2.1240324789600162
539,4.479147150073517,6.148792080263812,-1.6696449301900884,-0.5854975108017264,,
540,5.048618328641,6.6936321222929624,-1.6450137936519695,0.6607610851285948,0.02591123702253124,2.227539528908216
541,5.170037921715052,6.738229945228563,-1.5681920235133475,1.9257216149159149,0.07432883495105563,1.784583899111826
542,4.328650329456254,6.127300405905119,-1.7986500764488937,-0.2761353135314053,,
543,4.899636249716481,6.603676607613105,-1.7040403578967016,0.7700335493356825,0.02789426942634401,2.1987701582272776
544,5.288322220817749,6.8354382129810265,-1.5471159921630715,0.8059681429166154,0.03529921739705706,2.104909146171565
545,4.714021870627279,6.5184345773148085,-1.8044127066875717,-0.0017869724396248898,,
546,4.758496182808189,6.493716909088954,-1.7352207262806587,0.6892410752273008,0.02411743387551442,2.2552533034493734
547,4.962508749619078,6.547874807079973,-1.5853660574609876,-0.15085615935951324,,
548,4.629401684485687,6.31597306368071,-1.6865713791951293,0.2787947423455499,0.01054836452918656,2.5573150135961207
549,4.661542398658016,6.293705188550051,-1.632162789891936,1.4570404551064193,0.0547507484555323,1.9208489879545407
550,5.066979973752781,6.526419687511231,-1.4594397137586839,0.9571219291485065,0.045920151775422545,1.9961265316074275
551,4.9108223757237415,6.550133006098642,-1.6393106303748937,1.1448325700298128,0.043717728390083234,2.0167871702856184
552,4.772949774825806,6.4684382561688185,-1.6954884813430908,0.8966982510088712,0.03259458074596713,2.1370419378707584
553,4.4087873286062536,6.2098993563978,-1.801112027791305,0.7614858849734212,0.024512663504002396,2.2489973683340776
554,4.762909494121063,6.370854451431173,-1.6079449573101101,0.510078695002516,0.021174900373442274,2.3048513446124055
555,4.832838450608564,6.599742275519313,-1.766903824910969,0.554361047201418,0.018728396425656307,2.3508934397967622
556,4.387601538700041,6.107353677682179,-1.7197521389821304,0.7704056003601103,0.02737640442506636,2.2061084898280408
557,4.420403102141849,6.078797824005322,-1.658394721863715,0.6524944733979829,0.025173362863854548,2.2387319421988856
558,4.623138867545835,6.223880068150388,-1.6007412006044888,0.6699136132086281,0.02775535096534219,2.200727073900298
559,4.841537738143019,6.4191951644998415,-1.5776574263568364,0.22045930817161974,0.009711522270702004,2.585935071100764
560,5.104446696426125,6.885669888725014,-1.7812231922987394,0.7435619050471978,0.02453696777580102,2.248615525660269
561,4.685249070146314,6.556339753916506,-1.8710906837704897,-0.013422043721927679,,
562,4.9375926852251855,6.54685030730481,-1.60925762207944,0.7430097327569278,0.03029572623866756,2.1662023684072436
563,4.831424796284013,6.427572132335181,-1.5961473360514447,1.5925565009974108,0.06151164069365398,1.8697996809928397
564,5.127406055776932,6.756507876772334,-1.6291018209954018,1.11145189564051,0.04305239323732726,2.0232013434248404
565,4.572149889880224,6.33304437609217,-1.7608944862117824,0.47647475622738256,0.016253391503148733,2.4031753542217245
566,4.257133101398326,5.994239063986955,-1.7371059625886573,0.6588463761404952,0.023028029454692858,2.272969309767248
567,4.816723402673064,6.520079641856556,-1.7033562391836767,0.6470771280983172,0.023602530297376224,2.263538236856643
568,4.946687416995532,6.562716857468816,-1.6160294404733122,0.44868142142623313,0.018502802287518594,2.355399480623484
569,4.841511058311939,6.461769665092016,-1.6202586067799984,0.9286863448759277,0.03685322959722575,2.0873862974176833
570,4.583465235420649,6.363448731379288,-1.7799834959587315,0.9510904443786288,0.031190845582273852,2.1546294115517743
571,5.004921800187107,6.67808423524543,-1.6731624350584298,1.5074591066800913,0.05397896994487737,1.9270052958905928
572,4.775203259825107,6.3387914748861665,-1.5635882150609177,0.6951361938843448,0.030116705046730356,2.1685521008114845
573,4.894832320813125,6.529434523451011,-1.634602202638007,0.8412700462000196,0.033021021239323094,2.131827606965807
574,5.311982274620108,6.782060379756915,-1.4700781051367358,1.0408431729472518,0.048852124025188376,1.9698800093364977
575,5.181547132791197,6.708634744421937,-1.5270876116305772,1.1528362273234976,0.05004639689395547,1.9595672114919536
576,4.767968454639062,6.506696272754931,-1.7387278181158763,0.6793009246959123,0.02367597190687842,2.2623470130901357
577,4.2243905373941875,5.957770962275122,-1.7333804248810338,0.5341673798829838,0.018844439570271317,2.3485940472773414
578,4.491167858733947,6.165732364210507,-1.6745645054763827,0.4348001275630935,0.01661630782527778,2.395089520285641
579,4.243732849594894,5.935577787211331,-1.6918449376164517,0.9310254981383999,0.03392173358158984,2.121000818062135
580,4.901729099955277,6.473630848681916,-1.5719017487263045,1.170492662560239,0.048185552814027297,1.9757283448327183
581,4.433621457008089,6.245227450969461,-1.811605993961166,0.8259701699926083,0.02620343616537117,2.223183393321854
582,4.828406698525727,6.246818442972023,-1.4184117444460753,1.4363388634306702,0.06831485995850155,1.8229242801480612
583,4.584051730205205,6.294227578251368,-1.710175848045992,0.39150534580180363,0.014301398954627977,2.449602522513277
584,4.571152052850097,6.603427892658958,-2.03227583980879,0.13303543742707546,0.0031476501828298213,2.9529381541140376
585,4.9697206109993335,6.651443491456584,-1.6817228804573006,1.024178241407629,0.03754826695825594,2.0797522056583633
586,4.7535650322898295,6.334053010342581,-1.5804879780530428,0.595316850946169,0.025448273523903713,2.234529198998733
587,4.632806866899331,6.452866476793789,-1.8200596098943151,1.3924463411013903,0.04280289257650466,2.025628267223926
588,5.092661751979053,6.757196360303931,-1.664534608324857,0.906550964727245,0.03417422339364126,2.1180099692568155
589,4.411764031788438,6.2179288757941595,-1.806164844005707,0.6922744225244841,0.02218863641172353,2.287123143010328
590,4.584651212252597,6.160486769285862,-1.5758355570333151,0.7040008184901225,0.030014380367623196,2.169900553945685
591,4.542502426095156,6.36614427975397,-1.8236418536589554,0.6905517677676443,0.021663059867033697,2.2962242992258126
592,4.853202090016852,6.454734231069716,-1.6015321410532124,0.8189444118576681,0.03351900286160612,2.1258109625774146
593,4.83462967780571,6.566929494951362,-1.732299817145531,1.184462238656522,0.04057524204751834,2.047844463329253
594,4.996829303551808,6.416858897642067,-1.4200295940902379,1.4418578129867505,0.06841063323454905,1.8222923836763207
595,4.667737064994357,6.4355535299924345,-1.7678164649980772,0.49444940842403184,0.01670998320167286,2.393027618373948
596,5.094972544647193,6.756979738938286,-1.662007194291391,0.7188308054708585,0.027500210108099717,2.2043432978432853
597,4.805658883980927,6.524006851818372,-1.718347967837417,1.913815236541918,0.06351785256004869,1.8555491137535083
598,4.64651908657112,6.359546801522763,-1.713027714951295,1.4355512029815252,0.04947587168495598,1.96446775874988
599,5.009659514314821,6.656853264486637,-1.6471937501719367,0.9710962359895419,0.03720837316547348,2.0834703328056166
600,5.041884521875831,6.541378672492479,-1.499494150616556,1.2503650583850145,0.05546908535359223,1.915183661730061
601,5.073901215298351,6.663533683886266,-1.589632468587979,1.1501172602108625,0.04647595823374964,1.9910448361878768
602,4.749888699484986,6.2462963901307536,-1.496407690645583,1.3257178097696247,0.0585550430571325,1.8915194054360647
603,5.284684636366878,6.852723178808342,-1.5680385424413998,1.73293887301271,0.0680882724771595,1.824422172431843
604,4.983708547978781,6.66662525094892,-1.6829167029702603,1.2331019185026797,0.044531984094401705,2.0090485603653607
605,4.69844525190962,6.660532417637237,-1.962087165727553,0.5714629863888625,0.015106348047534812,2.429819400604765
606,3.9281782671026253,5.542143744414917,-1.6139654773121492,0.9116526163539369,0.036497378784974735,2.0913424309932114
607,5.025602283030425,6.627777997312018,-1.6021757142816568,1.2896009366798786,0.05077707599629005,1.9533589567831144
608,4.4369888608326296,6.053528214056678,-1.6165393532239705,1.9669721906566089,0.07204867247386085,1.798810432703594
609,4.8147298280212585,6.542235204541351,-1.7275053765199573,-0.2995724543636449,,
610,4.591814094600808,6.212980266430138,-1.6211661718291452,-0.14381719665199455,,
611,4.681710716248121,6.24833135874834,-1.566620642500311,1.083521720087905,0.045225550940767564,2.0025505611354864
612,4.50441270408743,6.3485249125216985,-1.844112208434126,0.43596347675078917,0.013365333824553976,2.47388332324504
613,4.602091125257688,6.292906179109517,-1.690815053851793,0.152263307986793,0.0057468200179018394,2.7618879331969426
614,4.845934979116295,6.657142726262281,-1.8112077471459997,0.6422719602115521,0.020481325041905012,2.317411526629791
615,4.470872598662085,6.105024380352484,-1.6341517816906617,1.3334648546736965,0.050486408300816146,1.9558196070898912
616,5.14107246923078,6.518808250076939,-1.3777357808462511,1.4735110000497258,0.07294179486443209,1.7931947150011005
617,4.642127611480477,6.443386485095056,-1.8012588736146427,0.23012166637101572,0.007461361456717302,2.67551913143394
618,4.380460258941925,6.060212371208452,-1.679752112266442,1.1417217816205145,0.04163396105587111,2.0371604969063806
619,5.088583572734764,6.899531419618997,-1.8109478468843463,1.2929710055668977,0.0403275439154689,2.0503781478729484
620,5.009118861636638,6.589827096743528,-1.5807082351066128,1.1022972893774146,0.04518854655081127,2.002895124251151
621,4.723652753446062,6.323717897636728,-1.600065144190694,1.016496619255065,0.041033041875449566,2.0431959766391055
622,4.24610863481354,5.749616993830431,-1.5035083590169052,0.8965388470710423,0.04105362838262453,2.042987976316896
623,4.959021687620693,6.623811824043111,-1.6647901364224253,1.4708105823466333,0.05328823431851923,1.9325777601625642
624,4.7912133848613525,6.534747012234854,-1.743533627373381,0.8219935709135697,0.028310480737858384,2.192956952604513
625,5.109804389456089,6.73558907219561,-1.6257846827393223,1.3069423340971653,0.050049252287246174,1.959542803054873
626,5.028708185390373,6.697971338169298,-1.6692631527789672,1.1665631664816516,0.0429805562689438,2.0238988891379064
627,4.962993028134237,6.711044646941575,-1.748051618807267,0.833111801245682,0.028523443424344472,2.1900109399559593
628,5.236859779185638,6.842379888130411,-1.605520108944802,1.298544277829805,0.05090033781803184,1.952319044098217
629,4.982166103807062,6.676172869235872,-1.6940067654288669,0.21831060811079084,0.008190835398119146,2.6441004111238655
630,4.514647583676664,6.028901570057892,-1.5142539863811635,1.1204922888443356,0.04952712192887629,1.9640256109450454
631,5.38508992614476,7.1211870338763195,-1.7360971077314389,1.2008769944110789,0.04092288238948318,2.0443105021339254
632,5.024834435371817,6.829447103376795,-1.8046126680048928,1.0527728194774753,0.03341045574307243,2.127115884906358
633,5.307350802007763,6.917149761734274,-1.6097989597262767,0.2366685736070444,0.009962388637315512,2.5771320415531918
634,4.397806342292428,6.086034539037536,-1.688228196745058,-0.11091092296541305,,
635,4.563959737842028,6.427500337009649,-1.863540599167436,0.5269547524423999,0.015757653664124165,2.4144807948490006
636,4.706158558555503,6.279015555962788,-1.5728569974073707,1.2902244281012045,0.05249506069296881,1.9390515559833783
637,4.509826074068373,6.089892051096607,-1.5800659770281982,0.3842168356381883,0.016688892062081347,2.393490971458195
638,4.872106286864723,6.734095714094538,-1.8619894272299007,-0.2845128390318834,,
639,5.105133299770218,6.691810618552411,-1.5866773187824492,1.1676542567211712,0.04727413292477384,1.9838359330299653
640,4.501950630601245,6.222531503469904,-1.7205808728685952,0.8364736562700728,0.02959845251644355,2.175422732593928
641,4.883480366211474,6.374547896999447,-1.4910675307880865,1.2141299327878023,0.05458645953387846,1.9221533915079412
642,4.767850691042954,6.426326656040219,-1.6584759649972511,1.3979112955876225,0.05127274843479829,1.9491899188045694
643,4.468944122326606,5.969194121897916,-1.5002499995714516,0.14440668385889666,0.00713514903713107,2.6904698113133
644,5.0154812918167995,6.651377693480322,-1.6358964016635582,0.6907356790233266,0.02734545648650444,2.2065508139756935
645,4.801486260048991,6.3407054841155475,-1.5392192240667555,1.3990675584190626,0.05849724788309217,1.8919529651381846
646,4.90993167313974,6.548405816600708,-1.6384741434610532,0.49242507150646375,0.01966844188273605,2.332613459491821
647,5.024714010890024,6.6884749035542175,-1.6637608926639587,0.7939916191524183,0.030172409974130582,2.1678196656002124
648,5.481421584326485,6.93705890522717,-1.4556373209006779,1.8089700832422864,0.07924578888420636,1.7550790404690926
649,4.942947040933463,6.572598573750755,-1.6296515328172063,1.4259042403191984,0.053860859266864285,1.9279539101021588
650,5.102223330954134,6.6638381626191805,-1.5616148316648832,1.2590264831388716,0.05202354655847142,1.9429388551098266
651,4.353515734932502,5.930340015799191,-1.576824280866731,0.7371125203696423,0.03130344223371314,2.153193908340923
652,5.120231167828765,6.738897550098338,-1.6186663822697938,0.6813832449660424,0.02758003303633923,2.2032088328996466
653,5.452045307281027,7.087836855425843,-1.6357915481446526,0.793761884562322,0.03121311987495148,2.154345082497879
654,4.643553879947435,6.257912757095619,-1.6143588771481063,0.5908969158296635,0.024197135376321937,2.2539846227380953
655,4.836461212088411,6.675210797873222,-1.838749585784626,0.4331329802831405,0.013370754579695629,2.4737384445764747
656,4.706690135353769,6.639094944081323,-1.932404808727597,0.6055180089739451,0.016615527249029944,2.3951067444970082
657,4.391310000191028,6.133158586841079,-1.7418485866501214,1.2178369915346288,0.041192923835751856,2.0415828911069687
658,5.0225182970314695,6.771680871392109,-1.7491625743605255,0.6674124533740873,0.022972548511280208,2.273890874477033
659,4.636995680450186,6.193081180950445,-1.5560855005003305,0.7750804126627031,0.03366511838654127,2.1240600997582444
660,4.348729980037492,5.9716560287144365,-1.6229260486770727,-0.2244401405631713,,
661,5.276429627255597,6.8417332409918945,-1.565303613736205,1.725403262282203,0.06803272776394159,1.8247899849514184
662,4.809924362000233,6.377797136582922,-1.5678727745826109,0.835448643424634,0.03558046125431748,2.1016897590671952
663,4.619739091293527,6.204928857433233,-1.5851897661395924,0.9921584611994128,0.040840823320732585,2.0451423783967875
664,4.80641014177951,6.642358554641733,-1.835948412862308,0.5178668729945102,0.0160377204028249,2.4080560085239524
665,4.331749257562537,6.070164229794253,-1.738414972231567,0.5731066197228714,0.02006208179476266,2.3251847807152815
666,4.865545821430091,6.578913468497996,-1.7133676470677983,0.33884733015734625,0.012345224827814067,2.5021194977407375
667,4.590812155913058,6.336888392264941,-1.7460762363521098,0.45645410935647135,0.01587949204404904,2.4116735581128688
668,4.632806385853714,6.244133614174276,-1.611327228320306,0.4322152076297101,0.017952802482987095,2.3665901278591064
669,4.6523827890337675,6.441626730451782,-1.789243941417908,0.7134535595071689,0.023335040258671655,2.2679042992552763
670,4.829226057972905,6.443128589978473,-1.6139025320057954,0.8472836430279607,0.03408766282077253,2.1190331817567176
671,5.002617787078465,6.6479381808157445,-1.6453203937373928,0.9126828318276523,0.035190360186224054,2.1061611082287524
672,4.580918297522034,6.1980177842205055,-1.6170994866986348,1.0136863423068938,0.040117264265910446,2.0525394597123663
673,4.499830702780686,6.136179227663215,-1.6363485248825782,1.082022039588356,0.041654532281607176,2.03695519389948
674,4.544862973359672,6.327883201048516,-1.783020227688894,0.6724398288286473,0.022189776989110364,2.28710359702815
675,4.660265065535272,6.3302539480126345,-1.6699888824775826,1.0169001598841518,0.03781458088045368,2.0768589346209776
676,5.212441096301122,6.867210505406854,-1.654769409105711,1.0504588429067248,0.039672787380226525,2.0571397258656186
677,4.7099968500297695,6.432507492759287,-1.7225106427297305,0.7333553166886801,0.026016952377653592,2.225958633264367
678,4.726606915487823,6.351758267926778,-1.6251513524391612,0.20710212915536275,0.008547145767992145,2.6296554009259716
679,5.034560508462677,6.652398859971024,-1.617838351508226,0.9844349017772522,0.039013172035778004,2.0640479315604403
680,4.308447883690237,5.94128619962242,-1.6328383159323039,0.03379454193029474,0.0013888426153729073,3.196959839730794
681,4.785552168666586,6.45658698000547,-1.6710348113388136,1.5214733132131215,0.054549903583474404,1.9224440798001867
682,5.157044365956667,6.977093576487237,-1.8200492105306694,0.9598302194025159,0.030019474772386662,2.1698333255675313
683,4.739588745160576,6.643801689536135,-1.9042129443755584,0.5854106215125299,0.01663489857980237,2.3946795061550845
684,4.6248937227110805,6.421751765100291,-1.7968580423892035,0.8817710370629008,0.028420273525882358,2.1914357625093617
685,4.895612806349677,6.40285338764094,-1.507240581291171,1.5171830671109667,0.06492198817220446,1.8457949222624555
686,4.834239589691892,6.574169746083529,-1.7399301563916652,0.6743900547914556,0.02347430496098303,2.2656257851731123
687,4.720163010475803,6.377174317662723,-1.657011307186849,1.1017910263361657,0.04135463421484122,2.039956744126299
688,4.724406794512392,6.5437075275809224,-1.8193007330685305,0.17160104280840116,0.005426041151215011,2.780588836560175
689,4.995095619830922,6.6496920815676095,-1.6545964617366735,0.7823125742587642,0.03008553778444151,2.168962411070398
690,5.218013002843749,6.775823798499326,-1.557810795655314,1.133047039049785,0.04756529077416753,1.9812317447791339
691,4.508608877141173,6.1800922276672114,-1.671483350525932,0.4347273082638452,0.016680822573062887,2.3936683867646287
692,4.85181057600545,6.502441292447012,-1.650630716441583,0.5259953338602266,0.020642298198558933,2.314463736818521
693,4.762082956896906,6.710128256015404,-1.9480452991183483,0.7651488380831282,0.020615903364291605,2.314945710065414
694,4.965723983880311,6.597160229457474,-1.631436245577106,0.9220322122178572,0.036121732644866296,2.0955544594618734
695,5.002631157564851,6.832248696816608,-1.8296175392517853,0.7261707110518607,0.02259726821128459,2.2801757292097173
696,4.860584141737094,6.677047940586798,-1.8164637988497816,0.6914127347819097,0.021882161242465243,2.2924071254362364
697,5.098496628613534,6.69293705329571,-1.594440424682034,1.014306220894639,0.04122375285193314,2.041272460264263
698,4.611492678658182,6.3484479809034955,-1.7369553022454056,0.13421085740654348,0.004751909179823601,2.8233875525896543
699,4.461033093591881,5.966935056846966,-1.5059019632551554,1.0586169005664345,0.047546694806815594,1.981397670476645
700,4.689336572331571,6.403218165402317,-1.7138815930707096,-0.21222459684616624,,
701,4.633422575151657,6.200945505305436,-1.5675229301539275,0.6786940359150435,0.029299162478858592,2.179437775141732
702,4.857872574013131,6.629863206727714,-1.7719906327145054,0.886458718596387,0.02942534771031003,2.1777406901564533
703,4.896558078989132,6.343099006324218,-1.4465409273348087,1.0067015266177926,0.04877255595773029,1.9705745855857602
704,4.3748899756697615,5.961748404004519,-1.5868584283348355,0.9049809864115694,0.037447754081601586,2.0808487314077424
705,4.451345828091066,6.1046751158843,-1.6533292877932126,0.8749796882436023,0.033499310826676475,2.1260474258853117
706,4.938507043142694,6.522554956417013,-1.584047913274162,1.398299948612138,0.055654744396499506,1.9137293691219546
707,4.9786220082579025,6.591201410033493,-1.612579401775747,0.8653193794952898,0.034822012106933545,2.1104221283649673
708,4.81782902122251,6.657164294979681,-1.8393352737573423,0.6644078542030876,0.020453213087494523,2.3179283924132545
709,4.739798593483615,6.475635218400479,-1.7358366249168284,0.2308608717417151,0.008178995513963632,2.644589990158134
710,4.619451038343472,6.286052150831162,-1.6666011124877969,0.3776077220501435,0.01461988335138948,2.441660616064089
711,4.5804875619736,6.298137289789603,-1.717649727816024,0.5107463073652347,0.01840030755928951,2.3574626230754885
712,4.606972215660166,6.305290201534719,-1.6983179858746098,1.0232839095022683,0.036797096540385675,2.0880081829656687
713,5.3850529403380865,7.058875200697516,-1.6738222603596569,1.8689042079726121,0.06510757015137564,1.8445187890956418
714,4.482875099078287,6.259371593594588,-1.7764964945163229,-0.26545015947127837,,
715,4.603113524410505,6.131188318845064,-1.5280747944345876,1.8808250679766765,0.07593362095185735,1.7747836261176768
716,4.675990405497318,6.157067912390334,-1.481077506892916,1.222272207720689,0.0555335129720532,1.9146785325104734
717,4.663530443728236,6.368766825762522,-1.7052363820341725,0.47108320773528334,0.017271264269362468,2.3808815553025418
718,4.746728426039512,6.571565048895403,-1.8248366228556279,0.9185641662756936,0.02860503824528811,2.18888721917938
719,5.00497515486842,6.582440818786866,-1.577465663918474,1.7519830792295785,0.06804722234144212,1.8246939792464587
720,4.906576326513063,6.655749510659932,-1.7491731841466844,0.7433969923552226,0.025512998278825107,2.233545424909598
721,4.559529825146287,6.265126966952069,-1.7055971418058107,1.5447002061256043,0.05327964080873691,1.932647466716973
722,4.680693520197396,6.369294946371683,-1.6886014261745004,2.2398717937671115,0.07478708683398923,1.7817679130036197
723,4.938090558400576,6.60694678269409,-1.6688562242936769,0.5473521856984185,0.020959234683139656,2.308718002835626
724,5.051752618991545,6.585269384110662,-1.533516765118975,1.3432427611517639,0.05682459279714479,1.904657608681249
725,5.075505294083827,6.652434995040979,-1.57692970095718,1.234278945397591,0.050237635598804335,1.9579350402858757
726,5.312324276730637,6.7577642915322915,-1.4454400148017612,1.066762360637565,0.051391834880421254,1.9481933278380825
727,5.134897117669029,6.671736836401523,-1.5368397187323808,1.5504592622183218,0.06405215670207699,1.8518166445519566
728,4.667731193189242,6.399153985766953,-1.7314227925778596,0.4394182159290452,0.015588001772322392,2.4184216583018823
729,4.423223363349793,6.160302510906357,-1.737079147556642,0.30428594721904645,0.010749309356538441,2.55074450967427
730,4.609315305440363,6.162432728983186,-1.5531174235427443,0.5306276004052144,0.02361887060348037,2.263272918999445
731,4.676651980853935,6.414829944435022,-1.7381779635811654,-0.7150735285568786,,
732,4.7843437842757925,6.442641622865837,-1.6582978385902152,0.7527724697474056,0.028871482916762094,2.1852368774594866
733,5.181628018163851,6.760036071414136,-1.578408053250314,1.233613111792657,0.05012953173067273,1.958857036650724
734,4.870274853445894,6.578727522783426,-1.7084526693374755,0.22111214669289936,0.008132995511464364,2.6464981289260385
735,5.159538194623623,6.680651737581153,-1.5211135429576643,1.1629965876742503,0.050784759346572415,1.9532940735476954
736,4.800515524584911,6.444125599245639,-1.643610074660728,0.9675619412815593,0.03723967127148453,2.083126754402987
737,5.122860042104607,6.874811671598694,-1.751951629494215,1.147499965107567,0.038518114939556085,2.0692981735644427
738,4.857287683115432,6.331573849226119,-1.4742861661106872,0.5863176771480205,0.028758404851017792,2.186782510120232
739,4.933359772515418,6.642073493903334,-1.7087137213879942,2.054642852552881,0.0681778127950048,1.8238297629463882
740,4.9966680171842786,6.457023838287769,-1.460355821103576,1.1150630934013712,0.052500349754819944,1.939008117290173
741,4.72105184867843,6.39359856100385,-1.672546712325584,0.009209843389246686,0.0003576203300811416,3.5695314166176466
742,4.9208287101999435,6.645210445135222,-1.7243817349351502,0.7228891188707394,0.0255987991843598,2.232244630118974
743,5.0205418472072,6.776890819749456,-1.7563489725423551,0.3848286492519222,0.013231264633746886,2.4774831765540672
744,4.905660664943811,6.621676046838788,-1.7160153818949766,1.4672248845615634,0.05030020847257592,1.9574021282791683
745,4.617382323464712,6.354405294962428,-1.7370229714977086,0.7401985726267917,0.025787918725991864,2.229390726375853
746,4.8126846022535705,6.425524251715403,-1.6128396494618755,1.1374028439568917,0.04479981868780951,2.0065291800947906
747,4.972946186125059,6.673564538659422,-1.7006183525345477,0.7638849459927535,0.02779651097588964,2.2001463825579033
748,4.7186027100986525,6.468354426382669,-1.7497517162842087,1.3730154813748499,0.04563180308014363,1.998783322018658
749,5.603659172247093,7.450932264396338,-1.8472730921491802,0.7326546906687739,0.02231009473467635,2.285046612387404
750,4.740069775448605,6.3769066851593355,-1.6368369097106097,0.6540588915656151,0.025924146270024182,2.2273461819863187
751,4.850244439374878,6.531411627692245,-1.6811671883174313,0.45298563035298045,0.01714868704405655,2.3835042373424007
752,4.6108420662190515,6.341494794298869,-1.7306527280798036,0.7107012641472359,0.02498670230706351,2.24160825006663
753,4.55346401088997,6.203787628557963,-1.6503236176679366,1.0083318157804015,0.03839298100287339,2.0706343346394855
754,5.069297137898106,6.728387865642938,-1.6590907277447968,1.1161402864619987,0.04175089162404508,2.035994658681276
755,4.849481176703479,6.474161972743525,-1.6246807960401384,0.5444589285126185,0.022069169395125637,2.2891752951698643
756,5.360167284976173,7.172881145219337,-1.8127138602433206,0.5714026357692106,0.01821140946566783,2.361291498064816
757,4.6748202183044345,6.349348764854165,-1.674528546549709,1.2275294277790394,0.04476906389987701,2.006817827619172
758,4.425866380649099,6.058131707816431,-1.632265327167488,0.5373414585726515,0.021578439443044998,2.2977075521079877
759,4.477798869751327,6.0687495642827205,-1.590950694531557,0.7135942617451789,0.029831700919451257,2.1723177921673775
760,4.585063713992044,5.929190861614943,-1.3441271476231123,1.3075816814077186,0.06866969168575028,1.8205867945193484
761,4.644714584422276,6.329968829652282,-1.6852542452299986,0.8613199324644896,0.03176038248532893,2.1474134290350997
762,4.968730583437095,6.779885920851443,-1.8111553374144478,1.1328330653197085,0.03556794567295544,2.1018325620181657
763,4.635730611976955,6.117011135739846,-1.4812805237627344,2.005690128679916,0.0838242393111172,1.7289153894932845
764,4.7734237843452,6.523292306821789,-1.7498685224766177,1.3132963161672357,0.04379000216978826,2.016095388607395
765,4.433598846993222,6.175514021879772,-1.7419151748865715,0.4859097153388383,0.016981359139059203,2.3871110888949354
766,4.731379192056069,6.40690921121484,-1.675530019158714,0.12673912283052147,0.004889495087755378,2.8142252723539203
767,4.373365618534821,5.8295421763652815,-1.4561765578305312,1.5587608178704677,0.07016074450853145,1.8108715043114134
768,4.913062069987349,6.59997814078576,-1.686916070798361,1.4007479573279866,0.04978913288019666,1.9617711592190077
769,5.032465472975732,6.6050746118897,-1.5726091389140038,0.7299533272210432,0.031180582501534326,2.154760477361786
770,4.65728283839559,6.461082865391704,-1.803800026996214,0.8672628649196881,0.027735936289358575,2.201001236711047
771,4.847837888673725,6.544537143584316,-1.696699254910527,1.2390846234441995,0.04404146144909371,2.013695988567462
772,4.9197309980709765,6.59809102172269,-1.6783600236517486,0.8662424827653012,0.032198609073499855,2.141936290483208
773,4.830042493287296,6.558099839302729,-1.7280573460154756,0.5050265443523827,0.017956153444933964,2.3665210432843944
774,4.706176623894693,6.436778145093017,-1.7306015211984231,-0.227739725844728,,
775,4.954790459087521,6.549324919433326,-1.5945344603458125,0.9023803158099177,0.037005085639147235,2.085707952546811
776,4.287651550358591,5.893135779209404,-1.6054842288508553,0.39883503106573315,0.016729824036069485,2.3925922018472736
777,4.623824584355193,6.344019680329092,-1.7201950959738497,0.3815112813081605,0.013757633735968172,2.4635301156783362
778,4.422133205023387,6.194419277404053,-1.7722860723808935,1.3857554694304675,0.04489861360795085,2.0056030746623104
779,4.303943968920807,5.998126690748174,-1.6941827218272465,0.5453256576866146,0.020217477640711072,2.3222871752670646
780,4.600233727842182,6.32663941458153,-1.7264056867393265,0.6415067716728444,0.022739407180317903,2.2777847195215273
781,4.751889543690199,6.412001891012347,-1.6601123473221833,0.8481532674815533,0.032263934032228894,2.141125311191544
782,4.591897647068267,6.495595754289647,-1.9036981072213166,0.48762962393423237,0.01385567117303727,2.4609835682293126
783,5.16138031281554,6.779251800572689,-1.6178714877571565,1.1815005766060622,0.04610736296677325,1.99440911721775
784,4.950200488024679,6.536239550689823,-1.5860390626651224,0.7905055433238672,0.033048392691311664,2.1314948934685174
785,5.043250611128146,6.78851638023148,-1.7452657691035256,1.7617101838193499,0.05745704895852816,1.8998176873784838
786,4.947671810400438,6.904959830800076,-1.9572880203995737,0.18191453459549578,0.004775044329434458,2.8218302597144853
787,4.5744035106552605,6.190771941083861,-1.6163684304287926,1.3195783970057953,0.05101448337704142,1.9513579210497507
788,4.365144482234259,6.013859263086447,-1.6487147808520604,0.4748296623260764,0.01873278774719583,2.3508061992678484
789,4.630592846715276,6.299607044887283,-1.669014198171908,0.8858921673976461,0.0332605225251764,2.128924317227479
790,4.603238177657717,6.266316151813763,-1.6630779741560673,1.393153957695347,0.050858616995685,1.9526707902937177
791,4.81300607409395,6.394765025279144,-1.5817589511850656,1.2237559409108094,0.049583282083440434,1.963541544680809
792,4.827996753896345,6.464425520257935,-1.636428766361405,0.2196240191713308,0.008918681057078525,2.61515561670447
793,4.885254753531912,6.495614791010391,-1.6103600374785856,0.8166349989479329,0.033072076731927774,2.1312071925669387
794,4.438709809412389,6.053195108248319,-1.6144852988359162,1.2409628869026683,0.04838344238181008,1.9739850544794402
795,5.018444827384942,6.793700082016345,-1.7752552546314746,1.0312810477219543,0.0338915459106667,2.1213596764141336
796,5.381092868648979,6.947173869821677,-1.566081001172961,0.1998948622146628,0.008960672007496734,2.613550957930745
797,4.395437237877845,6.034698595184475,-1.6392613573066228,1.2983781545571382,0.049011819419534475,1.9684888357441035
798,4.791453786455863,6.583694164111636,-1.7922403776556166,-0.044976674644289005,,
799,4.59738995146296,6.362293808087644,-1.7649038566248691,1.0924658568806436,0.03623119945066664,2.094323195116416
800,4.532536599241498,6.149151577655475,-1.6166149784139634,0.21573243162818656,0.00900554473588847,2.6118435795221653
801,4.433812007234396,5.900321524061129,-1.466509516826818,1.070887614640334,0.050306517263809095,1.95734842927603
802,4.6641949908421925,6.376128425429018,-1.7119334345868538,0.3686765829804415,0.01344586905517031,2.4717362107816077
803,5.182415990033464,6.742233148724489,-1.5598171586909757,1.2906179422246922,0.05328246031494861,1.9326245951588796
804,4.383357711244402,6.026535343474807,-1.6431776322303904,0.7885833566600056,0.030741145483955682,2.160407394969705
805,4.5107663202862245,6.157982410412808,-1.6472160901266761,0.8181348058359958,0.031674351691257555,2.1484962787890955
806,4.667126033582521,6.464974948319247,-1.7978489147365053,0.6206959144559363,0.020135069412945353,2.3238213790115183
807,4.733924488393372,6.6367175087449315,-1.9027930203515098,0.4302877364233737,0.012231560095181228,2.5053924219824055
808,4.489529415685697,6.265989583335868,-1.7764601676499296,0.23140967710921245,0.00775886483409259,2.662386859622047
809,4.8760603678370575,6.651406526342436,-1.7753461585054993,0.5953569723229784,0.019878122101402634,2.328640434592893
810,4.81639169736019,6.435475542399063,-1.6190838450388583,1.3982417271997072,0.05355022647709172,1.9304570947306172
811,5.112327565652381,6.782682324475262,-1.6703547588228957,1.0457744909778057,0.03879756639110339,2.066327500898462
812,5.117726326296237,6.721525064804938,-1.603798738508658,0.6041291761613401,0.025051515224239315,2.240607426727804
813,4.796427228296183,6.51579124217932,-1.7193640138832507,1.1219217002440445,0.039144573012248836,2.0626638896236797
814,4.676762222421816,6.223907102324015,-1.5471448799021346,0.6432541828041956,0.0285794421156577,2.189239430594686
815,4.778899926049066,6.400511128660662,-1.6216112026115752,0.44787689977203726,0.018335484892744544,2.3587726536552607
816,4.508024624149188,6.289422866146966,-1.7813982419977492,0.7409311344616505,0.024447024599790777,2.250030258297913
817,5.21885518188043,6.865411484298379,-1.6465563024180483,1.2394166077829922,0.046611819014799945,1.989810457586031
818,4.720762486557364,6.482433290934177,-1.761670804376763,0.598409399284531,0.02032491991592542,2.3202950832924985
819,4.5333775014042335,6.1621774797029705,-1.6287999782985025,0.6188275017762166,0.024833902434153034,2.2439766703516493
820,4.846272586092313,6.475471065239633,-1.6291984791473624,1.3407603535993786,0.05101316166318718,1.9513690397715695
821,4.685515982993197,6.309545378729782,-1.624029395736443,0.5141535572466758,0.020897844011602863,2.3098250111818683
822,5.015533182388994,6.662828569142436,-1.6472953867535125,0.6193356172906377,0.024278185321929262,2.252698187369328
823,4.564241889409063,6.159908687844657,-1.5956667984353317,0.644159292505595,0.026910624994236288,2.212811777105537
824,4.8101214160797685,6.68752472393812,-1.877403307858458,0.418023430544757,0.012275768759694425,2.504116264399024
825,5.084293144540029,6.646728967166299,-1.5624358226264121,0.33373906222717764,0.014898141964604445,2.4348456801865432
826,4.713662981877464,6.423905416826587,-1.710242434949123,0.8556106766736811,0.030624944797638106,2.161912195435109
827,4.439832526863542,6.24828223901549,-1.8084497121517416,0.6047540749549931,0.019366127541574667,2.3384073360432693
828,4.967586499671201,6.711446913193926,-1.7438604135227251,0.9906270502422458,0.033835002879590556,2.1220325722008373
829,4.227195450219655,6.157759386782304,-1.9305639365627485,0.1530465077903358,0.004158307526130584,2.86589605878959
830,4.717024113220363,6.181890362578878,-1.4648662493586926,0.6910331517941906,0.03392139713035277,2.1210048161482487
831,4.713993544486188,6.397190489662323,-1.683196945176178,0.8198544875045464,0.03037991231868692,2.1651015106710854
832,4.789363584613342,6.479207567891722,-1.6898439832784788,1.211954716083536,0.04348845004591559,2.0189881608403932
833,4.447629072986105,6.042789711986993,-1.5951606390008237,1.0277383075986926,0.041688382280384836,2.036617554092452
834,4.04978588919977,5.9487250778557925,-1.8989391886559588,0.10074144639430216,0.002850453572975984,2.9834212723650975
835,5.127441392754749,6.5630040531371225,-1.435562660382402,1.3279988450564701,0.0627699769143886,1.8608173329811564
836,5.298921608571449,6.964053274793487,-1.6651316662221234,0.799826424946577,0.030332457786503265,2.165721726214066
837,4.977011969511809,6.512473412868731,-1.5354614433567804,1.297625870061733,0.05501848419870683,1.9187302256498557
838,4.820001049916131,6.350370101288599,-1.5303690513726451,0.7792315911778367,0.03492564816109879,2.1092193995638144
839,4.483578773314379,6.1586778194288545,-1.6750990461143829,1.3228785164265915,0.04789715547029097,1.9782797569781896
840,5.080351496083781,6.7546546295620775,-1.6743031334781335,1.5405736671021018,0.05496455802769884,1.919156285081972
841,4.632475538724806,6.244724682741024,-1.6122491440164595,0.9420437067417495,0.0377038612308908,2.0780596959597486
842,4.830429530006372,6.320174744468696,-1.4897452144625731,1.294015812733047,0.05777533555524107,1.8973987116191442
843,4.967221052038726,6.731716136736056,-1.7644950846972733,0.8559384369685432,0.028703643309069264,2.187532911959452
844,4.81441662315939,6.490700710967269,-1.676284087807744,1.3699322486525602,0.04937209483322986,1.9653642438208532
845,5.158638693355728,6.663404174045576,-1.5047654806899118,0.6996560292447427,0.03262649797213576,2.1366496514750954
846,4.740071181116095,6.503531398847835,-1.7634602177315628,1.79892665978808,0.05744588096621945,1.899902766158401
847,5.215788825224594,6.8964196080625815,-1.6806307828378522,1.370958967309889,0.04916953434138297,1.9671186439311827
848,4.674909393957309,6.282775165375307,-1.6078657714178917,0.28747568295849035,0.012099714246585994,2.5092227942227687
849,5.427490685384159,7.03576119892349,-1.6082705135393098,1.0267155863611706,0.041014548766382566,2.043382901251539
850,4.639724654671285,6.258405688110438,-1.6186810334390884,0.891165391863435,0.035530497703237705,2.1022601000342114
851,4.389432446516198,6.209338440677394,-1.8199059941612177,0.052786197286238234,0.0016632985456765028,3.1445722137702146
852,4.889555197694394,6.694258645589992,-1.8047034478954629,0.4583932085043365,0.014783163424910166,2.4376479485772715
853,5.05278813358092,6.708561718680814,-1.6557735850997233,1.1287941598995346,0.04234783294046965,2.030085659518648
854,5.132352151576983,6.839965422089515,-1.7076132705126383,0.8399879974583442,0.030186105885068648,2.167639763157044
855,4.659358200009651,6.485600660227748,-1.8262424602180545,0.4542581618434198,0.014249657551179544,2.450907477833706
856,5.276007358087613,6.844572375004285,-1.5685650169166365,1.1062478994161005,0.04597716881055157,1.995602852378666
857,4.383247793367049,6.151761879029765,-1.768514085662673,0.04830338152863334,0.0016357921526411754,3.1494480031586107
858,4.5209500931926545,6.11829475428568,-1.5973446610928477,0.7081377641824744,0.029380558639243447,2.1783423473788734
859,4.8087966206338155,6.3704212158584514,-1.5616245952246572,0.9600508612764216,0.04075231163591474,2.0460412576953817
860,4.474224908939336,5.97254720836793,-1.498322299428537,1.8215221925262846,0.07626408874082051,1.7727865150935658
861,4.758210089187573,6.515397202612684,-1.7571871134252888,0.9960826069331219,0.03348570943563615,2.126210821761437
862,4.596230825875923,6.41876030023221,-1.8225294743563154,0.40192076054874093,0.012671559167500667,2.4928689886697524
863,4.999059933716412,6.7238486019693955,-1.7247886682528133,1.6674449308615138,0.05589570024391625,1.9118479438468299
864,5.063117365926077,6.836730625713317,-1.7736132597872256,-0.19273236222843693,,
865,4.364199956035295,5.876747312680616,-1.5125473566452001,1.56486073253145,0.06625905204711943,1.836667119872608
866,4.481773555621489,6.313440078413025,-1.8316665227914655,0.38152616893168556,0.011886532948406806,2.515495100252369
867,4.882948022933364,6.594493079635457,-1.7115450567018797,0.6618261191056547,0.023878360818870247,2.2590807744680275
868,5.113785387620569,6.72141936070066,-1.6076339730800555,0.2660745591652436,0.011215832673286068,2.5359013426133266
869,4.380927245581974,6.24236524576842,-1.8614380001865811,0.5950294854280038,0.01783527819867257,2.3690202234694535
870,4.776280624220648,6.520022627226433,-1.7437420030057638,0.12842652418095213,0.004504542451872499,2.840481932715751
871,5.043272867830241,6.633033078151394,-1.5897602103211739,1.4791832159283764,0.05809534371195106,1.8949777934678893
872,4.509473178930024,6.168382812389526,-1.658909633459416,0.8178590531429855,0.03121706612547664,2.1542947271729207
873,4.912106094659579,6.706882340955319,-1.794776246295669,0.3298639438482702,0.010788448187264202,2.5494774692299083
874,4.413199838895993,6.242191940183504,-1.8289921012874402,0.07635411648796975,0.0023772601023830716,3.038541942306114
875,4.394660659778369,6.040533066499501,-1.6458724067210824,0.3183785570405604,0.01270717885108771,2.4918720941273427
876,4.668292362753904,6.246320234713446,-1.5780278719594207,1.2916102670545193,0.05224139283563415,1.941139221352422
877,4.7108683394154145,6.346020744226317,-1.635152404810924,1.0392313300502813,0.040189817105759494,2.051792658401564
878,4.601305992361008,6.441727617559403,-1.8404216251983598,0.33723091442201536,0.010384997445176205,2.562739366378465
879,4.6879402771172085,6.41221486625677,-1.724274589139668,-0.3398080152100178,,
880,4.589260793998678,6.218768201559856,-1.6295074075612774,1.1947722920521358,0.045963862156352016,1.9957250198537066
881,4.836352855495365,6.349991656559419,-1.5136388010641895,1.4867088535160988,0.06337459011429061,1.8565543053616536
882,4.714357380445394,6.262009638767426,-1.547652258321932,0.9235611978256628,0.03999492060754879,2.053801366865138
883,4.985465125792475,6.571308816328136,-1.585843690535512,1.0419012650783337,0.042676796547906716,2.026859371600649
884,4.721973841419016,6.377177303211427,-1.6552034617923255,0.6831811489644402,0.026414769109380055,2.2200589080241495
885,4.996701166361676,6.659989179968848,-1.6632880136071435,0.9039619761593656,0.03413315930019195,2.1184951018888354
886,4.547155874338445,6.274460854382811,-1.7273049800442095,0.9234479469212467,0.03227173232053711,2.1410285930616695
887,4.398628077728349,6.246968559939562,-1.8483404822113698,0.498504912213928,0.015198385461486408,2.4276169596930774
888,4.641549333615162,6.439780010100799,-1.7982306764854457,0.9464771997664556,0.03038514976963295,2.16503310987247
889,5.220389418815843,6.898689398608605,-1.6782999797928824,1.5254938474243964,0.054252817450229994,1.9248125173254982
890,4.570191453886368,6.269927612919497,-1.6997361590329092,1.0020149265400562,0.03601819119799336,2.0967220072163966
891,4.92616119458336,6.714853476348404,-1.788692281764952,0.04369571788907578,0.001438174725296015,3.186877902941607
892,5.1180017937199995,6.868786356270407,-1.750784562550507,0.556180013681935,0.01917717515747968,2.342068883371141
893,5.003747203579055,6.68359437426672,-1.6798471706874807,0.3430937673240173,0.013069704636664427,2.4818642747446384
894,4.785616180357069,6.321642344108904,-1.5360261637520125,0.7334832825376232,0.03278325590168367,2.1347277378080523
895,4.179972220332788,5.996301821400822,-1.8163296010679915,0.32593490344366316,0.010360534671639634,2.5635581415079822
896,4.639651919679013,6.424552165303185,-1.7849002456241578,1.2727530781977414,0.04090359504905219,2.0445059009614757
897,4.461634186428514,6.266154268586357,-1.804520082157751,1.5417062749877921,0.04784609925397088,1.9787327887094703
898,4.807311508623856,6.533955756356116,-1.726644247732338,0.8934268227736197,0.03129490023587578,2.153302655478867
899,4.503766822525508,6.1593269005634514,-1.655560078037979,0.8976710724361823,0.03422470069020069,2.1174143108753145
900,4.429991329391273,6.127322592813238,-1.6973312634218019,0.6866853862476745,0.025187894808637475,2.238508790627822
901,4.829040042607689,6.354191166138458,-1.5251511235308044,0.6586083372838587,0.0300488026012513,2.1694464911068607
902,4.399634331305437,6.121901680908431,-1.7222673496030438,0.6712793872642635,0.023887913579327416,2.2589272022358706
903,4.845221614197557,6.591960089158329,-1.7467384749606936,0.8432641436984802,0.028903779373873006,2.1847963830752666
904,5.035822074276725,6.664966650654636,-1.6291445763779393,0.09332685052919842,0.003848122642139742,2.890350704685701
905,4.649267958386703,6.122566618707177,-1.4732986603205518,0.5888366727494478,0.02891120657489184,2.1846951427195203
906,4.888508137257135,6.763269855321925,-1.874761718064974,0.7967026778437649,0.023441553967892003,2.2661605678923418
907,4.970058539413289,6.412217791555046,-1.4421592521416642,1.4316499420837978,0.06637496509126599,1.8358829821951177
908,4.985143944113647,6.787097563459904,-1.80195361934625,0.5831438465090422,0.018834988293163712,2.348780860180805
909,4.188289468886355,5.764755460611399,-1.5764659917249446,0.12429209735637414,0.005515859753645276,2.775254075881327
910,5.160065755852488,6.816980030294234,-1.6569142744417604,1.0906647521224677,0.04097355989286331,2.0437974631924383
911,5.013288999741066,6.47394102720788,-1.4606520274667218,1.1974505449676123,0.05584197413899412,1.9122668605480753
912,4.883366191224072,6.387002056495151,-1.5036358652710078,1.2045011772771517,0.05343619427543676,1.9313790479040631
913,4.84019951211218,6.554772454436625,-1.7145729423243665,0.8356673770943708,0.029786327710059495,2.1729201488230996
914,4.620997179717564,6.346167090619369,-1.7251699109015135,1.3125017728130501,0.04498189175190774,2.0048237577085697
915,4.7194145944059205,6.3568455864136855,-1.637430992007694,1.6196313734648626,0.05973942601704925,1.8827118694334624
916,4.420391683502489,6.289856074130229,-1.8694643906278543,1.0567830699288443,0.03111581419542593,2.155588463263826
917,4.526788270454803,6.015765019500003,-1.4889767490451504,1.7228510374040837,0.07358373915726717,1.7891929967029758
918,4.886004548888936,6.3462164443570845,-1.4602118954680918,1.1131261729010689,0.05242932545830071,1.939591740416854
919,4.75937669278875,6.405972149865379,-1.646595457076728,0.42941828273269067,0.01702910799902379,2.3860786657461746
920,4.367788693397246,6.111133762496715,-1.743345069099405,0.980622892797868,0.0335302221751974,2.1256762934237465
921,4.659488811137921,6.272691719110982,-1.6132029079733456,0.8355265609188685,0.03367270805802708,2.1239693324738598
922,5.280663724596083,6.929641604866029,-1.6489778802699675,0.5749924142178209,0.022550495173629476,2.2809653866225283
923,4.934159879228277,6.557323993221113,-1.6231641139927433,0.9347489076029554,0.036948762246384104,2.0863297650398347
924,4.462337877421136,6.070818440308729,-1.6084805628875074,1.4198959326728406,0.054917593691213004,1.919527624538886
925,4.600983826589131,6.356311273983296,-1.7553274473939382,0.16904364022792606,0.005834401178924283,2.756945854372972
926,4.5761715285369196,6.188705731665715,-1.6125342031286891,1.6012261626560758,0.06073285553756265,1.8754353516170705
927,5.396136445511788,7.051904154237201,-1.6557677087253069,1.360114857082774,0.050175850003675526,1.9584617934652855
928,4.302155694492798,5.783115813951662,-1.480960119458814,1.2598232064276083,0.057016323238733735,1.9031856630711201
929,4.632994961502222,6.345785733171917,-1.7127907716699156,-0.05521010646906532,,
930,4.363363399867071,6.216881593870406,-1.8535181940032999,0.5062720951421937,0.015333489343194834,2.424405123688766
931,4.86583317389915,6.731227624514057,-1.8653944506149855,0.5549300148678924,0.016554308003296887,2.3964598280515883
932,4.931969429867253,6.430952848345386,-1.4989834184782467,1.3041151941050622,0.057564508167387715,1.8989997552600562
933,4.90463796631599,6.377968602453487,-1.4733306361374616,1.2224540958678105,0.0560330225291496,1.9107787276100683
934,4.873466733996169,6.565082701584858,-1.6916159675888593,1.021440480466449,0.03702370424051342,2.0855025796851936
935,5.015209801524692,6.844434634581221,-1.8292248330567418,0.10500539000610942,0.0032708230274737828,2.941068397260309
936,4.60253908322767,6.306327924963442,-1.7037888417360136,0.35219902146928206,0.012991114730001186,2.4840127753738632
937,4.969394781884207,6.468707080172601,-1.4993122982887144,0.7354525956991296,0.03440815728523823,2.115255731175408
938,4.094542037770056,5.691940508522004,-1.5973984707518412,0.45998319174944413,0.019425069393912146,2.3372715398954833
939,4.747378904898428,6.355501807641341,-1.6081229027429345,0.14939331666142053,0.00633097809078449,2.7301277818038425
940,4.512526806883502,6.057846214239669,-1.5453194073561463,1.4234566006438811,0.05898161126292976,1.8883303801790212
941,5.2136120878035985,6.668799183605701,-1.4551870958021027,1.5001221561815434,0.06803739162064812,1.8247590917810514
942,5.271087149486279,6.969278744221656,-1.6981915947353627,2.1607567417823006,0.07189407773930767,1.7997882642509921
943,4.625279128838715,6.316250508563501,-1.6909713797249424,1.518759173924213,0.05330816084304494,1.932416161586184
944,4.232643359160706,6.056458575442173,-1.8238152162814458,1.1048660479327737,0.03422907175327167,2.117362765385861
945,4.361417340503353,6.087231922394858,-1.7258145818914272,0.6987307785312851,0.024726016148097333,2.2456565365658627
946,4.6314337858905805,6.489587537528701,-1.8581537516379285,0.7456723212882324,0.022402811067935926,2.283468079128958
947,4.597569208496511,6.4349880989549835,-1.8374188904583661,0.6812189703437106,0.021014560685553702,2.307722771849853
948,4.889946834168599,6.397388776336792,-1.5074419421682705,0.49857885997467477,0.023625544144357295,2.263164606396306
949,4.769964120630961,6.375821259075893,-1.6058571384446623,1.0844167894440808,0.04324200355848552,2.0213649176031736
950,5.249339568373047,6.947676304617284,-1.6983367362445279,-0.060733314027185514,,
951,4.6753502550796515,6.53001378623293,-1.8546635311531645,0.750416606665187,0.02263941940745448,2.279465317172167
952,4.624812707030118,6.269819270736308,-1.645006563706147,1.0384751563279728,0.03970302175516956,2.0568254222289175
953,4.346109848347,5.996382131167076,-1.6502722828201968,0.7599346674935958,0.0294222748272306,2.1777819434009245
954,4.819873546510111,6.538555085765198,-1.7186815392549306,1.0751964176057207,0.03764500852740636,2.0786991786864606
955,4.823678858431835,6.3633216367886,-1.5396427783568924,1.2232510484812131,0.05199125393839086,1.9432061614799627
956,4.520456180575197,5.994382544945568,-1.4739263643702998,1.6177630693871237,0.07098802290737083,1.805554067342089
957,4.880314641514191,6.66055357812588,-1.780238936611795,0.9179603433205017,0.03013566044665758,2.1683027355027984
958,4.616608402313945,6.3848975069140455,-1.768289104599944,1.8563455806689753,0.058780058514223466,1.8898347942027156
959,4.976650367246124,6.585879234402222,-1.6092288671559345,1.2689269876630433,0.049654311492602014,1.9629299727152711
960,4.568171810458638,6.265629217135372,-1.697457406676449,0.663436443887754,0.024359303427444304,2.2514143920992464
961,4.600941079917961,6.405306717192348,-1.804365637274259,1.1129079634835186,0.035243159216445226,2.1055534567022955
962,4.863327933144378,6.374885060972568,-1.5115571278283824,0.6799571890512084,0.03149786594686209,2.1507255818425977
963,4.8036901502951554,6.497263699770636,-1.6935735494753317,-0.2715351201737981,,
964,4.786220455499974,6.301332261495924,-1.5151118059959572,1.321130682221387,0.057172611988993635,1.9019888523176183
965,5.146955065891065,6.783372691931904,-1.6364176260408385,1.8402203404691342,0.06675465219947202,1.8333223187479695
966,4.919031438523975,6.600568377224734,-1.6815369387009014,1.0818305129604262,0.039523966240275876,2.058689776337761
967,4.905533699976617,6.7983561019153615,-1.892822401938929,0.8380708678832463,0.02411675215187944,2.2552641707290237
968,4.385258002333389,6.241558875394114,-1.856300873060718,0.32526254153430045,0.009808269339233061,2.5825164246483303
969,5.157087659015874,6.804025728948391,-1.6469380699322755,1.4206901317450296,0.05268057667186046,1.937530108002564
970,5.009793042793094,6.716782439987158,-1.7069893971938654,1.7578243743071766,0.05966361833621936,1.8832712441255839
971,4.589068123566507,6.2636003755851295,-1.67453225201848,1.6100564373221111,0.05713849061722438,1.902249910771141
972,5.171271144719698,7.127793251934017,-1.9565221072143686,-0.23211602913824692,,
973,5.175498995530292,6.5994019983877354,-1.4239030028577417,1.3766776351385523,0.06554539432546493,1.841519987295286
974,4.339891573061836,6.094473181077364,-1.7545816080155419,0.9263894105426687,0.03133963759645109,2.152733391894491
975,5.2030059539554845,6.725405406010184,-1.5223994520547421,0.8822229933141728,0.03954003800531141,2.058522142074077
976,5.234161670712696,7.178611675299395,-1.9444500045867699,0.8532658871037206,0.02308771969093261,2.271979977591202
977,4.709510017652805,6.406581091433155,-1.69707107378008,0.6750787556547415,0.024784492399344812,2.244745233577969
978,5.221796721650266,6.857193657634577,-1.6353969359843177,1.1450023624832895,0.04392030371880221,2.01485061588684
979,4.973246109253582,6.430326097885443,-1.4570799886316763,1.2198391344429176,0.05697530306997971,1.903500234886897
980,4.320962478608239,5.953257820559246,-1.6322953419510213,1.1595618306398876,0.04458787522799752,2.0085217682559455
981,4.568334049890895,6.370546422202688,-1.8022123723117147,0.4493910129107803,0.01454099001778559,2.4436136227307883
982,4.976009753829262,6.534320961877535,-1.5583112080482806,1.0352871215829111,0.04382284803361038,2.015781317038235
983,4.5465622446709535,6.2523790650095155,-1.7058168203386685,0.5505748629024865,0.020106372751394767,2.3243569145618594
984,4.8103846412951174,6.333032238566071,-1.5226475972710887,0.7231184349002078,0.03289676910368162,2.1333409277286672
985,4.757830686732008,6.273453207610574,-1.515622520878651,1.4505848923823237,0.061926515355790905,1.8668215263396843
986,4.350291042083031,5.755983340146814,-1.405692298063741,1.0804671678955913,0.05445130305408177,1.9232289497581259
987,5.000643386139304,6.63401028500232,-1.6333668988627323,0.8411437032957139,0.033065844556519175,2.131282880558003
988,4.68372689769018,6.369478411350302,-1.685751513660307,0.4026738032324282,0.015184476213034507,2.4279490511707174
989,4.474680853408076,6.193111093374563,-1.7184302399662101,0.9565683480128122,0.03372337126204145,2.12336388299802
990,4.51048621383285,6.420844734710359,-1.9103585208774803,0.44670069286702585,0.012578720137677532,2.495478997689723
991,4.724638489328131,6.319347064653373,-1.5947085753250576,0.36030819201312525,0.015370412840440486,2.4235316738285975
992,4.868188679126037,6.582759494451922,-1.714570815325942,1.3584799698198822,0.04697244000615053,1.9865486183355214
993,4.628926976651032,6.347842045775687,-1.718915069124705,1.132410211120824,0.03950670850599047,2.058869845121569
994,4.677961981864486,6.183584521235597,-1.505622539370961,0.9901164103442781,0.044796036864144476,2.006564665197742
995,4.835567366053569,6.497376076723109,-1.6618087106694475,0.9865305005539469,0.037114167322083474,2.084505974726815
996,4.657818585423515,6.489624647337957,-1.831806061914449,0.28064174516522655,0.008737515182207629,2.622157069565152
997,5.036639970329874,6.690865200272691,-1.6542252299427673,0.501365555230386,0.019610746351839826,2.3337131635275927
998,4.579663257431379,6.402376834230788,-1.8227135767992877,1.478687865334539,0.04514223895582582,2.0033266485956016
999,5.273213725479367,7.039461408198244,-1.766247682718813,1.2332316908812722,0.04055033761683333,2.0480986148896
