,logR,logI,logS,d_G,p,sigma
labels,$\ln\mathcal{R}$,$\log\mathcal{I}$,$\ln\mathcal{S}$,$d_\mathrm{G}$,$p$,$\sigma$
samples,,,,,,
0,4.737093007755944,3.763322679621843,0.9737703281340941,4.481597056621931,0.7075521112961067,0.37514569965662486
1,4.785309100514026,3.697770645054013,1.0875384554599918,4.250213614471747,0.7556444935355996,0.3112053797268439
2,4.512714012415571,3.5610950925450835,0.9516189198704978,3.317921198921992,0.7538500635302103,0.3135668195456274
3,4.253362157802413,3.3065693416676494,0.9467928161348027,3.1070042636942876,0.7667979576474632,0.2965658874228211
4,4.526861876070071,3.3731375021924874,1.1537243738775373,3.8252513399412997,0.8026857286446016,0.24987278696892093
5,4.234420772930931,3.278344203618686,0.9560765693123017,3.973415531783239,0.7207420754354537,0.3574672019325572
6,4.698120550672214,3.7154236538626284,0.9826968968096139,3.4065167614463174,0.7613824266463254,0.30366591720065655
7,4.249409100307431,3.2867964875502613,0.962612612757141,4.391349180964436,0.7068853752050366,0.37604239945087786
8,4.399761884851428,3.5190126445452306,0.8807492403061588,3.556940074474717,0.7105789893367908,0.37107860043694285
9,4.4865017272190775,3.5637851536633276,0.9227165735557605,4.021433879868278,0.7065061641830968,0.3765525388861572
10,4.429529389844716,3.432145573341834,0.997383816502861,4.061281074493838,0.7320482270740392,0.3424022079927655
11,4.657795082100093,3.621948028603742,1.0358470534962976,3.5090578608475838,0.7768646062879119,0.28340733498408005
12,4.366381744081919,3.33408444128668,1.032297302795257,3.7264030675743385,0.7620195538880901,0.3028298237400808
13,4.878751049863225,3.7911135975861745,1.0876374522769652,4.105619036142345,0.7625634000554506,0.30211630922787647
14,4.118939255594667,3.1642057769590037,0.9547334786357169,3.775230818656981,0.7292854633941303,0.34607618111824545
15,4.332517745089645,3.4581736884402643,0.87434405664942,4.263886480836241,0.6807648431975674,0.41141965619465687
16,4.137912162351923,3.289803502613231,0.8481086597386707,3.8987956082049067,0.6836394177539393,0.4075018743917797
17,4.618911544967587,3.5639018446163133,1.0550097003512633,4.331415915093988,0.7408259465275506,0.3307597757830522
18,4.569836784188495,3.65280264261193,0.9170341415765506,3.3713604925949223,0.7355870895715091,0.3377028994320975
19,4.320777094262936,3.5161016461012684,0.8046754481616745,3.626956184126364,0.6772074995853679,0.4162767555827546
20,4.311107763927267,3.3964934048863844,0.9146143590408542,3.000702107754355,0.7599666324127472,0.3055246059941059
21,4.378122697228078,3.2111390236374815,1.1669836735906074,4.2728192166519925,0.782069060041258,0.2766237059427277
22,4.7852505812542026,3.5898063454384,1.1954442358157849,4.3917005712447565,0.7858193818835458,0.2717433301083284
23,4.508743507120683,3.7006148885905814,0.8081286185300769,3.583555981279506,0.6802798105685189,0.41208133269590846
24,4.615766659301456,3.775275451150878,0.8404912081506382,3.6998581880429118,0.6883262930334457,0.4011274483753747
25,4.502409243292489,3.4634203158371575,1.0389889274553639,4.361648395168228,0.734088862812036,0.3396915009635514
26,4.2144335414010206,3.4895787377071867,0.7248548036938587,2.980315239673061,0.6716925582201785,0.4238262149544927
27,4.201140861656696,3.28228492334778,0.9188559383088659,3.41994396255385,0.7335269219168317,0.3404377131689111
28,4.533276542130337,3.621443960749679,0.911832581380736,4.255783705487108,0.6940574114797605,0.3933548506112672
29,4.662875147227665,3.4835134262047758,1.1793617210228717,4.227487306809568,0.7886621741245121,0.26804825640004987
30,4.389936273532881,3.4425907740963977,0.9473454994365511,4.021093838268131,0.7155216455509377,0.3644504804923973
31,4.345915093070331,3.3381787023603264,1.007736390710022,3.6169214689835094,0.7586450226827197,0.3072606000046404
32,4.041128163690344,3.198160231263521,0.8429679324268022,3.728911971338821,0.6881263605022677,0.4013990339862317
33,4.398567110887355,3.5010984030943986,0.8974687077929389,2.7818300580816224,0.7704518793924371,0.2917838691319182
34,4.407132248718127,3.4423910659830375,0.9647411827351107,4.047688887300424,0.7207627960341851,0.3574395192754899
35,4.2802551280272345,3.387082957581863,0.893172170445439,3.0815947792959797,0.7437263438492432,0.3269227101501094
36,4.65551584174669,3.651544854697046,1.0039709870496267,3.8409840120788683,0.7449138460467222,0.3253531011896441
37,4.1658133348580995,3.304077891370418,0.8617354434877029,3.615127251487074,0.7002576934653635,0.38497263042694463
38,4.357627149457058,3.409279696159106,0.9483474532979699,4.086777169450425,0.7132230653165791,0.3675308757717947
39,4.75306650978301,3.833962908758454,0.919103601024517,4.220697841311667,0.6978098874913912,0.38827857925784215
40,4.45770698170672,3.418109551932683,1.0395974297740622,3.851546760076621,0.7579131440114021,0.3082223538563334
41,4.611863662680363,3.5792208164993857,1.0326428461810337,3.904038440784552,0.7525412828081237,0.3152902557206646
42,4.412521859855629,3.417143068015984,0.9953787918396415,3.989752533330634,0.7345263028434985,0.33911074679355785
43,4.627524991523486,3.7218881070727354,0.9056368844508143,3.885371612995982,0.7056604489277563,0.3776906035825387
44,4.656188983391515,3.635269767517367,1.0209192158741303,4.547878566517248,0.7209638831320745,0.3571708817463946
45,4.49383391956546,3.522969227561016,0.9708646920044544,3.833309876346572,0.7326735922305898,0.34157122895812203
46,4.5556636173226215,3.707183847570138,0.84847976975243,3.304227818106936,0.7099437847022783,0.37193158939502546
47,4.399760109899247,3.491158719639766,0.9086013902594345,3.688830698587889,0.7154250663762622,0.36457983931830384
48,4.741602851893091,3.8855753417157066,0.8560275101773414,3.5807655830648084,0.6995137258858246,0.3859769687885132
49,4.334274711783151,3.494331554799163,0.8399431569839635,3.2702501590614954,0.7080768397832453,0.3744401993475205
50,4.333896375315574,3.2666584293420398,1.0672379459735453,4.205678142358439,0.7505644859102718,0.31789513121771207
51,4.139119086065519,3.235600935034081,0.9035181510314487,3.277093233165875,0.7354460247580141,0.33789007818212735
52,4.694584470370713,3.6415763978586595,1.0530080725120001,4.317629162285874,0.7407136506284078,0.33090843466526004
53,4.347030936687687,3.4368033144843393,0.9102276222033083,3.4789349071164306,0.7266342301671851,0.34960623615743586
54,4.3125840783240355,3.375476942091054,0.937107136232953,4.381744858051624,0.6985234000756352,0.3873144893692748
55,4.4477178436215885,3.4521913202770476,0.9955265233445516,4.372186216040589,0.7188081099506239,0.3600521835692838
56,4.66505610448847,3.520370794496279,1.1446853099921555,3.9850861489925222,0.7896388715808493,0.2667795875808758
57,4.455348254627423,3.3690454871159465,1.0863027675114836,4.67436231103688,0.7377854563431289,0.33478741271009466
58,4.5209345120653515,3.510634860408902,1.0102996516563962,4.453516587305664,0.7208207544591396,0.3573620884500701
59,4.85938117056149,3.9431791213099627,0.9162020492515808,4.1313994296428245,0.6999812531023422,0.3853457728863093
60,4.801654435091208,3.9606603612938285,0.8409940737974466,3.8260204215348175,0.6836441298045859,0.40749545744690185
61,4.347411109203775,3.480193781663849,0.8672173275399473,3.805112208286282,0.6943904082036335,0.3929039714455223
62,4.368865562326035,3.4723203278439874,0.8965452344820619,4.387456380892065,0.6845404016457255,0.40627520504650966
63,4.586135737812,3.592203069151597,0.9939326686604204,4.1473659080190455,0.7271125073314186,0.34896910042663987
64,4.502366557041383,3.5698335051431362,0.9325330518982469,4.047205075118423,0.7090659564504909,0.37311083287173435
65,4.245734940539633,3.337813727749775,0.9079212127898586,3.7828681228752927,0.7108931184200198,0.37065686980721996
66,4.477766579238149,3.481707071136081,0.9960595081021211,3.98432043489389,0.7350264816096483,0.3384468395335404
67,4.598987116192673,3.66697270394313,0.9320144122495435,3.6475628649027776,0.7266840500722809,0.3495398620776214
68,4.730440850632404,3.6451623509232034,1.0852784997092044,3.8341231573121064,0.7762361786159231,0.2842273219602515
69,4.719386700872049,3.7085111762119203,1.0108755246601504,3.278781689934025,0.7826055670230554,0.2759251364062358
70,4.309247564876428,3.401093075150544,0.9081544897258595,3.7717675404964712,0.7114734256720747,0.36987795781705607
71,4.481000602758498,3.6000721747000552,0.8809284280584393,4.088186826740676,0.6888989514194293,0.40034972069764907
72,4.438058991923682,3.2754675400958595,1.1625914518278364,4.233169877386761,0.7825645157140545,0.27597858331440933
73,4.273218097823572,3.4588584307399826,0.8143596670835791,3.254211935811222,0.6978043284970623,0.38828609192202695
74,4.226866172830269,3.242969107748702,0.983897065081635,3.711255662986934,0.7438904451872119,0.3267057574674411
75,4.277799905659932,3.2611791857499375,1.0166207199100086,3.964015963853935,0.7435869752670872,0.32710697659894716
76,4.329824102182143,3.3922386527429564,0.9375854494391547,4.13616743303754,0.7074380401016692,0.3752990936977819
77,4.571851088111472,3.5623620123871076,1.0094890757243888,3.9436166670885893,0.7419196089277802,0.32931235182411606
78,4.557007997877959,3.478923587826926,1.0780844100510194,4.2361244992898754,0.7529860810235096,0.31470442916881736
79,4.687622586985625,3.7874839785108874,0.9001386084747764,4.119979834749236,0.694656971978902,0.39254310036861684
80,4.354765453672072,3.3655259413721224,0.989239512299946,3.850320617660488,0.7388421047064561,0.33338709303656106
81,4.467211913169293,3.4629306891956366,1.0042812239736918,3.9340850039762714,0.7404366990477351,0.33127509830999147
82,4.481279888807747,3.5483664913650825,0.9329133974426327,5.273305171191836,0.6728367763055083,0.4222579102357697
83,4.662505908308034,3.585219603342856,1.0772863049652415,4.2657703946949415,0.7513708414147737,0.31683231658757977
84,4.27649636972454,3.354488191703669,0.9220081780208602,3.941945492868749,0.7094445361104402,0.37260219878799056
85,4.296088129006349,3.4134407014098143,0.8826474275965666,3.5650411252762737,0.7109565987644867,0.3705716529609634
86,4.612325895970158,3.735724227715049,0.8766016682551481,3.563330235996606,0.7085966868719696,0.3737414458358514
87,4.511007731560524,3.66125276992864,0.849754961631902,3.7779810207909303,0.688802166925736,0.4004811467567625
88,4.0971812655168796,3.2151751608573056,0.8820061046595811,3.5099999641881965,0.7133908335071206,0.3673059269981305
89,4.517639976575352,3.562506154613902,0.9551338219614536,4.24525415658057,0.709548888337215,0.3724620151291872
90,4.2468040114026016,3.2942249286752867,0.9525790827273681,3.286386030939381,0.7563826467992846,0.3102344866904937
91,4.776691329808371,3.8926991347850963,0.8839921950232679,3.6992648909235246,0.7053055114554386,0.3781683826154282
92,4.264754027839429,2.9855026465451955,1.2792513812942161,4.882256589466431,0.7901679861853605,0.26609248025562876
93,4.298264789571234,3.468632451166431,0.8296323384048492,3.968495886368295,0.6744046440773854,0.4201106210716176
94,4.527090369046262,3.4787186697613484,1.0483716992848713,3.358826801192617,0.7928454063664717,0.2626175051552574
95,4.4681509879099925,3.442036377456783,1.0261146104531917,3.9603902370396824,0.7472830569601404,0.32222393000872185
96,4.633787933843151,3.8000812028524136,0.8337067309907411,4.493234344293535,0.6604815409532854,0.43924842414463733
97,4.411478278213436,3.4776268813561577,0.9338513968572784,4.792356612754546,0.685037415251424,0.40559879383395525
98,4.892166631264714,3.5680593379112677,1.3241072933534497,4.123106422676612,0.8443175384939826,0.19637388059980523
99,4.705762583382735,3.681237437251979,1.0245251461307703,4.002782501309939,0.7446475112002259,0.3257050656789604
100,4.294941169037698,3.253008470102965,1.0419326989347724,4.588076583060976,0.7264621820114001,0.3498354643781404
101,4.475038650700056,3.618989812861286,0.8560488378387845,3.9370438372845005,0.6852005125297158,0.4053768668632936
102,4.342312017232401,3.410122065837103,0.9321899513952872,3.920313723880964,0.7141406743472452,0.36630074418916053
103,4.725063326378446,3.741110758349836,0.9839525680285988,3.631064220869863,0.748291417260039,0.3208930812525335
104,4.506958521452858,3.5325471053064588,0.9744114161463813,3.1378114146139904,0.7771565107735012,0.28302651609084656
105,4.3370247297402065,3.342215423843739,0.9948093058964673,3.5037269303620135,0.7602434806560491,0.3051610701210716
106,4.374737332237188,3.1427572928107628,1.2319800394263893,4.595640419100276,0.7881000355293054,0.2687786347535433
107,4.468830661803891,3.5352236129882746,0.9336070488156452,3.9538713611863354,0.7132537348784584,0.36748975168673337
108,4.37878929029243,3.3958139900057374,0.9829753002867392,3.996563084045997,0.7296493014424852,0.3455920766000389
109,4.612562003464276,3.909043950168189,0.7035180532961363,4.245294442647566,0.6226239110203111,0.4921350001618646
110,4.565088673239457,3.5126119561856823,1.0524767170537643,3.572316838140198,0.7794887141516944,0.2799853896552396
111,4.647626531625732,3.681571525586981,0.9660550060387436,3.674498022285899,0.7388037946098642,0.33343785192636716
112,4.431073327671171,3.4236784411986774,1.0073948864725253,4.197790014474295,0.7297925564786867,0.34540149091579936
113,4.275575970694589,3.2592134028999586,1.0163625677946015,4.206297585939012,0.7326033952157525,0.3416644942955183
114,4.666699529561625,3.64254777565755,1.024151753904107,4.080843719218395,0.740873283944067,0.3306971120390859
115,4.182176720306685,3.205921238309421,0.9762554819972138,3.6889920788347723,0.7420674127434982,0.3291167916171316
116,4.201421009837801,3.2202715063625993,0.9811495034751943,3.8663282073480527,0.7349949471183439,0.3384886921148806
117,4.924561251349629,3.823965321572241,1.1005959297773416,4.25578715221871,0.7599339476620647,0.3055675277651758
118,4.487678636046936,3.6583477919887626,0.8293308440581768,3.612983694133737,0.6874894021462462,0.40226446705133745
119,4.553319312393554,3.664027622716623,0.8892916896768952,4.045344265698018,0.6934409978921724,0.3941896887197714
120,4.43708812300268,3.583909337997148,0.8531787850055821,2.9765609034539526,0.7322906154811505,0.3420800966446935
121,4.316318055043367,3.3994910962578606,0.9168269587855207,4.091933491346019,0.7016653075470569,0.3830734461649295
122,4.314723207347625,3.3577857780331106,0.9569374293145074,3.2715955977927553,0.7593164535321566,0.30637852990037184
123,4.485717628479946,3.5145409236796032,0.9711767048003708,3.6300283702940224,0.7432341812130512,0.327573473623756
124,4.596576972134058,3.6097656926465183,0.9868112794875401,3.7853487976278544,0.7411661535598413,0.330309449552878
125,4.472286086141408,3.5595425496816757,0.9127435364597432,4.493212584991388,0.6867657906548413,0.4032480011547055
126,4.421116372773084,3.447178276609498,0.9739380961635788,4.0711063293125775,0.7231190629451719,0.35429333392573736
127,4.350637160323216,3.3428343110302228,1.0078028492930002,3.6676846122536677,0.7557261525222994,0.3110979592406216
128,4.755423648206643,3.6455205308787333,1.1099031173279172,4.194664606133227,0.766095783783549,0.2974856214956084
129,4.473213716409119,3.354867979984152,1.118345736424999,3.405394268502068,0.8189401787779294,0.22890831362947528
130,4.263548621201024,3.4082108768197967,0.8553377443811883,2.958018072549967,0.7346603470019644,0.33893280997713227
131,4.527536465638703,3.5184711929637507,1.0090652726750022,4.3245919615627635,0.7252709924853461,0.3514230498522665
132,4.729512954834134,3.715569313654476,1.013943641179651,4.648864028206949,0.7151830499196068,0.3649040246687403
133,4.76928980150528,3.805751419941365,0.9635383815639216,3.8589877906797714,0.7286700997795739,0.346895137536905
134,4.390644302994061,3.345695766516463,1.0449485364776478,3.703375014926543,0.7683182743819844,0.294575376812904
135,4.667336510133324,3.6966456814251734,0.9706908287081433,4.168630530446739,0.7179701207038192,0.3611730053054117
136,4.800430129539719,3.695435505954726,1.1049946235849575,3.581138615204953,0.800115825726868,0.25319720567697823
137,4.640884533422521,3.4861718791720895,1.1547126542503747,4.426507729309046,0.770530988385857,0.291680410510583
138,4.505771667951975,3.4567145189531443,1.049057148998827,3.6203998868815876,0.7750195975141527,0.2858152889425405
139,4.582494564111285,3.455310609592636,1.1271839545186708,4.798320192647967,0.7462723445767592,0.3235584560354931
140,4.617504757627542,3.432348579435696,1.1851561781918463,4.722736492549782,0.7675976155798214,0.2955187703979239
141,4.329749112714452,3.3928699282167143,0.9368791844977409,3.8788936608337874,0.7176899098847305,0.36154789217144395
142,4.3978715842292635,3.4368938267248685,0.9609777575044518,3.973803451038334,0.7225369403607274,0.35507028083378483
143,4.340118568023782,3.142132907940918,1.1979856600828498,3.9972474917469434,0.8082354597817186,0.2427030303160588
144,4.127379222167675,3.0834838849035213,1.0438953372642459,4.077426852055712,0.7481721435761581,0.321050470734645
145,4.693783870971216,3.6396816230974975,1.0541022478737432,4.295739130720332,0.742016390992216,0.32918429741110394
146,4.840919196242893,3.709464612419157,1.131454583823711,4.8236533310836816,0.7466846216599312,0.32301402350955455
147,4.750119963342896,3.7094771342172193,1.0406428291256589,4.097164282401916,0.7460757242411491,0.32381813680073146
148,4.185955260650345,3.180699428387647,1.0052558322626624,3.668609461842813,0.7546630244001086,0.31249676080429317
149,4.329392780406223,3.514103022310386,0.815289758095787,3.7414911877324784,0.6770003314841886,0.41655991895492805
150,4.292721862827121,3.504944432717809,0.7877774301093154,3.734509809433165,0.6667269837372521,0.43064435645909466
151,4.765539067434914,3.7498102496702854,1.015728817764682,4.3639958611061545,0.7260317738090456,0.35040899895138844
152,4.192910377812367,3.359664791301479,0.8332455865108841,3.6071105038813887,0.6892854224373638,0.3998249910423262
153,4.393720733083554,3.55715821848933,0.8365625145942204,3.518881613809045,0.6944379901544323,0.39283955177896884
154,4.374547746804736,3.1872890208320106,1.1872587259727538,4.399454147353493,0.7827025564468145,0.27579886378705254
155,4.381868996756153,3.372073361839308,1.009795634916884,3.9248667767050165,0.7429418974181641,0.3279600123683258
156,4.725872858469798,3.7713021682043175,0.9545706902654274,4.523322429886175,0.6997616495549273,0.38564223458521496
157,4.305189458383253,3.551235890237705,0.753953568145505,4.035924137010973,0.6450833301089856,0.4606031794213825
158,4.183898015384599,3.2974380635929945,0.8864599517916076,3.934289073999782,0.6965568017386775,0.389972608620712
159,4.393249206671256,3.4229793377241036,0.9702698689471845,4.027654252137152,0.7236290413581001,0.3536128520671617
160,4.993947532389128,3.83070654118061,1.1632409912085109,4.178656718833839,0.7856197890567481,0.27200290059119797
161,4.733054111869179,3.7864548524942867,0.9465992593748638,4.373258107232502,0.702048174416081,0.3825571128792081
162,4.218813951907051,3.273303131305304,0.9455108206017258,3.280727588922952,0.7536573445559298,0.31382053826595635
163,4.360512147129369,3.415853507092794,0.9446586400365504,3.4142171391558467,0.7447641658620061,0.3255509002705371
164,4.34973569376585,3.408543365295592,0.9411923284703221,3.9821018801454358,0.7148794395908855,0.3653107703507629
165,4.687519477875283,3.613353130159587,1.0741663477157317,4.301717661160435,0.74870059069684,0.3203532103285286
166,4.29771635224516,3.1615453124512305,1.1361710397939646,3.8562473128643546,0.7941398221710668,0.26093864544408263
167,4.790308776701337,3.611590435825206,1.1787183408761166,4.3248080221973755,0.7834789912482436,0.27478816491215274
168,4.574764716043247,3.630162131991919,0.9446025840513244,4.576523761230046,0.6947866545379993,0.3923675560467586
169,4.558613197618668,3.54254896956581,1.0160642280528123,3.692819584404779,0.7575617838125515,0.3086841737495206
170,4.729726252182316,3.677221187036287,1.052505065146022,3.946335382866943,0.7577867252357333,0.3083885082578149
171,4.192753542993883,3.378229211883883,0.8145243311100216,3.8788695757477143,0.6718520743822198,0.42360751415322795
172,4.5138472800186795,3.5189631035793374,0.9948841764393137,4.216182827573116,0.7246263275979659,0.35228261121356375
173,4.224475432508242,3.388302414324925,0.8361730181833309,3.6240772769871494,0.6897353530269357,0.39921423802384665
174,4.351165109291897,3.3010625716234108,1.050102537668522,3.985329126250468,0.7549154137083065,0.31216462652026095
175,4.6451766413779145,3.492284298340965,1.1528923430369105,4.821294563115458,0.7535130446236249,0.31401052549060904
176,4.3972821859950235,3.3595582175137606,1.0377239684812594,3.6768213001542875,0.7670481412328196,0.29623824807981985
177,4.372325272623342,3.345255854653746,1.0270694179695283,4.163919291463028,0.738211732608252,0.33422241268332675
178,4.465707352042599,3.4415222678092823,1.024185084233352,4.490886126121586,0.7241126758184977,0.35296767309991783
179,4.261253784537401,3.2954375233840514,0.9658162611533498,3.8840450212290847,0.7283664961241074,0.34729927403182553
180,4.373721637003697,3.449237832380059,0.9244838046236055,4.524560369568173,0.689723245889013,0.39923067076614865
181,4.082821887356814,3.1741527643316045,0.90866912302522,4.064751095519055,0.6997396498830253,0.38567193570018066
182,4.519762041751377,3.6305607637945263,0.889201277956829,4.27669019705227,0.6855064560047712,0.4049606224676213
183,4.12290396555771,3.124492920046257,0.9984110455114319,3.689762277967663,0.7507692772693363,0.31762517256406086
184,4.438337758531232,3.3527435868145004,1.085594171716707,4.154732767004928,0.7594379727159151,0.30621891357829967
185,4.637900234608124,3.68181851447041,0.9560817201377176,4.114220622096999,0.7149141746559743,0.36526423284653053
186,4.372857623692922,3.441234620165882,0.9316230035270792,4.163080270199416,0.7043052570702817,0.3795152835337623
187,4.563027186678581,3.645671288858554,0.9173558978200163,3.7269340761544285,0.7170742457357044,0.3623717520258651
188,4.356371354586186,3.3916618085326453,0.9647095460535411,3.654971514501158,0.7393051880026623,0.33277359959833425
189,4.0411498817457945,3.0120009495550724,1.029148932190708,3.117876108782424,0.8041776350540837,0.2479441298258699
190,4.7094524146922785,3.710402124845035,0.9990502898472187,4.296846218239526,0.7228879632986001,0.3546017521936618
191,4.850496425016316,3.8275340775526265,1.0229623474637037,4.164847687323576,0.7367107358782554,0.3362123561320439
192,4.372536945339376,3.468608402024489,0.9039285433149757,3.392914517553425,0.7287584142649938,0.34677758995233066
193,4.291335233212336,3.408512003122758,0.8828232300895138,3.2735836199594246,0.7265933588540592,0.3496606893542297
194,4.314371150071721,3.526434766890694,0.7879363831809769,3.1028934785615103,0.6940767221659156,0.393328701665926
195,5.047263887876894,3.951763311422048,1.0955005764548105,4.416835631915962,0.7510328893634164,0.31727770971576513
196,4.494097670808272,3.5352600911517866,0.9588375796565174,3.8274981369293553,0.7283615405075266,0.34730587108121747
197,4.461956066032243,3.643212471329899,0.8187435947023118,4.392137258730674,0.6581005951257134,0.44253709255102625
198,4.263753734358189,3.335798738572623,0.9279549957856261,3.24637527767527,0.7482008662869257,0.3210125684990594
199,4.395971115295011,3.4310437999682746,0.9649273153267472,3.6463366056524187,0.7398535035093932,0.33204735229288557
200,4.604567773220125,3.6105906023311354,0.9939771708889111,4.23110309377353,0.7237088528116784,0.3535063717049953
201,4.807780870073471,3.8231909429491457,0.9845899271243184,3.5380178222174568,0.7539385243792069,0.31345036567411777
202,4.439176356747438,3.5635126118055096,0.87566374494196,4.521462790178253,0.6736236884848243,0.42117994395429664
203,4.265523588804839,3.3372240130666375,0.9282995757382082,3.112455800760353,0.7577995223991216,0.3083716883355786
204,4.423423152872984,3.58950930827002,0.8339138446029892,3.6207832999593386,0.6889793282198468,0.4002405803071906
205,4.744893992075318,3.575117788169467,1.1697762039058262,4.970127392084585,0.7532369671523973,0.31437404438429417
206,4.471332196916122,3.6041648102459076,0.8671673866701894,3.392562982263362,0.7132271920097909,0.36752534235096446
207,4.692302607379005,3.699346264903805,0.9929563424752814,3.66479443367904,0.749996076901822,0.31864453689506306
208,4.152990839681464,3.1810139814080953,0.971976858273365,3.7641701315562823,0.7365033164787724,0.33648744654320406
209,4.431233088573932,3.6317382992826444,0.7994947892912592,3.6887386755710097,0.6728616472087561,0.4222238328631189
210,4.6742828202692825,3.6740061546212237,1.0002766656480162,3.780469791065256,0.7466159437436437,0.3231047094856166
211,4.38062850730823,3.3614284901146183,1.0192000171936115,4.058982120878579,0.7400766737184009,0.33175181212142685
212,4.779562165789215,3.71201101652776,1.067551149261476,4.5636612716736735,0.7358063173872997,0.3374120297553593
213,4.732146095602999,3.8528619979960075,0.8792840976070124,4.192532279056072,0.6847805980408885,0.4059482863082257
214,4.708121030845276,3.7313580674257407,0.97676296341956,3.1870853037413305,0.7743646655833694,0.28667045030451965
215,4.2650805386025885,3.3803858713295467,0.8846946672730382,2.9924894696016118,0.7462363754521486,0.32360595961166777
216,4.628015714588158,3.468815676043369,1.1592000385447818,4.55387936243976,0.7663533955935669,0.2971481625488658
217,4.582999135559915,3.522270191382524,1.0607289441774128,4.202030098705803,0.748436692865653,0.32070139125823494
218,4.670094575755669,3.7903731271347736,0.8797214486209555,4.101536752980019,0.6880027740741137,0.40156692690364637
219,4.455923246791982,3.4877557988520236,0.9681674479399476,3.853414310148681,0.7306882480762671,0.3442101520075463
220,4.955059449111544,3.870225776093096,1.0848336730184656,4.645755442876466,0.7383735140321095,0.3340080104104196
221,4.631808736960507,3.646388556477837,0.985420180482663,4.231756151935118,0.7206787758495905,0.35755177168412233
222,4.29625487555539,3.462234531486458,0.8340203440689606,2.8560037940631737,0.7317692360082804,0.3427730048101947
223,4.6437053477074945,3.496934349199633,1.1467709985078613,4.454106147263836,0.7666278501041422,0.2967886777081244
224,4.5666231341285615,3.497515671923572,1.069107462205011,4.088605663449858,0.7567384412566123,0.3097666147024597
225,4.54215174358056,3.5639932502132856,0.9781584933672889,3.7884971277968607,0.7376705821949787,0.33493968880964464
226,4.66737553882892,3.667054188796782,1.0003213500321522,3.7197416339449383,0.7498753137488761,0.3188037773112074
227,4.551262705013911,3.488381970086663,1.062880734927262,4.170811941183924,0.750620826709397,0.31782085972857343
228,4.33051797604024,3.320923668546903,1.0095943074933302,3.72056882560128,0.7534627808094246,0.3140767061633489
229,4.803475537806192,3.678654742816561,1.1248207949896596,3.876900658110639,0.7886337684506133,0.2680851600382763
230,4.364676783711828,3.4305451012167607,0.9341316824950923,3.8115994994361273,0.719657082809724,0.35891713215623716
231,4.587536280328762,3.552071073498932,1.0354652068298265,4.933602654571759,0.7129216194988149,0.36793511038159615
232,4.507764960469941,3.472098207508,1.0356667529619017,3.840297093634991,0.7570204133573459,0.30939586774936717
233,4.0825068293531634,3.3360743300854514,0.746432499267712,2.7988849697303966,0.6921952604667159,0.39587768961209757
234,4.213620893586991,3.152796843133621,1.0608240504533342,4.060026795152572,0.7551376038512394,0.3118722616360676
235,4.473027044279532,3.594946390549622,0.8780806537298531,3.623131815251435,0.7063990107583781,0.37669670642535186
236,4.531222987562599,3.508181555469295,1.0230414320933505,4.638537379087191,0.7184995530770308,0.36046482979776184
237,4.305890386043514,3.197676444891317,1.1082139411522007,4.429243116771234,0.754790891784644,0.3123284881095951
238,4.62450495602637,3.4670122815548643,1.1574926744715412,3.528228044016073,0.8252211669228575,0.22083467034032886
239,4.591015240657597,3.656706539392384,0.9343087012651381,3.669384421051234,0.7265010607127269,0.34978366276476247
240,4.527641081640168,3.621362960682492,0.9062781209577224,3.764227747319561,0.7110844641071135,0.3704000130177346
241,4.361474704640826,3.2646231692123235,1.0968515354284705,4.051953515072684,0.7686007829471754,0.29420562459103433
242,4.433891907894561,3.5399361178221644,0.8939557900723685,4.247555153485457,0.6881051188746016,0.4014278900617876
243,4.198674137885447,3.141172210515246,1.0575019273701969,3.5235069982067433,0.7848063103922005,0.2730610194298943
244,4.4846602506082,3.5359312203287017,0.9487290302795373,3.986468428165061,0.7174740397270634,0.36183673396912525
245,4.3381460513943315,3.3311387359914937,1.0070073154028023,4.346593652455594,0.7237109056797971,0.3535036329261515
246,4.292786842339338,3.540320546834997,0.7524662955042913,3.483572091277182,0.6618909326434452,0.4373039478697218
247,4.695977725252461,3.7264526545732144,0.9695250706791967,3.9277978053031006,0.727755009811801,0.3481134152185665
248,4.684003286732987,3.54872800794342,1.1352752787894929,3.731636395672803,0.8017554947307439,0.25107581398329637
249,4.319736385382654,3.3318185479420377,0.987917837440591,3.435920142801594,0.7616761791777553,0.3032804033887813
250,4.164802227139474,3.2451000501544263,0.9197021769850267,3.5939712388371916,0.7244701282256423,0.35249091817942185
251,4.4713132836227905,3.3286159037864875,1.1426973798363065,3.910484150661123,0.7932844399851828,0.26204799501318315
252,4.605783575367396,3.5830170775824284,1.0227664977849713,3.674399175451967,0.7612707440958972,0.30381249855327985
253,4.952999366588911,4.005335146408107,0.9476642201808545,4.129212728237533,0.7113078765461203,0.3701001416881469
254,4.352200068215821,3.5238071102533715,0.8283929579624782,3.935775410916264,0.6750505529854566,0.41922657362845234
255,4.601609371251455,3.4527454432801283,1.1488639279713198,3.4582210187935054,0.8273176794918582,0.21814301977266412
256,4.052395446908277,3.190214408764578,0.8621810381436603,4.324217108402975,0.674734916676413,0.4196585401195495
257,4.445144077586618,3.4256373411284278,1.0195067364581405,3.6892701135333468,0.759122509230213,0.30663329330933164
258,4.4161870196793265,3.410790973720043,1.0053960459592872,3.6904567783148643,0.7534870742655828,0.3140447196153766
259,4.7738412798945395,3.8887487423974063,0.8850925374971439,4.1002487385103645,0.6899707863168291,0.3988947112094841
260,4.495272315270809,3.6048405276804365,0.8904317875903871,3.390339760897769,0.7231823244000044,0.3542089130682723
261,4.463107768856317,3.530114277137158,0.9329934917191736,4.140077959876566,0.7056513071455908,0.37770290819420216
262,4.402282503360353,3.4269146335916494,0.9753678697687178,4.415593922042204,0.7103720077389077,0.37135651743018566
263,4.720151253031346,3.776481671524386,0.9436695815069811,4.1271531915506845,0.709958324397532,0.37191206164001356
264,4.630285056340866,3.694947828414228,0.9353372279266523,3.849874182528721,0.7183915470958593,0.3606092852895995
265,4.5245800574768245,3.552806230338933,0.9717738271379517,4.04722933711485,0.7233425495498083,0.3539951078333213
266,4.387513971220343,3.3156541100014563,1.0718598612189112,3.779032529061915,0.7743203483196222,0.2867283240551073
267,4.186916018550547,3.4513392970149637,0.7355767215356082,3.5184469996565735,0.6538914307028418,0.4483627359774218
268,4.701174023282802,3.5794431472217054,1.121730876061065,4.670802448197749,0.7493703329559206,0.31946974150075363
269,4.476117961890153,3.466948071499398,1.0091698903907513,4.382756238979532,0.7230721126264948,0.3543559896050687
270,4.129017144629571,3.1732341749518076,0.9557829696777276,3.325748104480814,0.7551426571402193,0.31186561266720714
271,4.723368897277665,3.8022518090108823,0.921117088266783,4.032256486158909,0.7054986141934042,0.3779084375704651
272,4.6744522673889,3.788788867790273,0.8856633995986272,3.9992881077326885,0.6938097309528422,0.39369026309723715
273,4.4081745302170665,3.5286542180568743,0.8795203121602526,4.02564028133791,0.6906076799156928,0.39803053195643684
274,4.631446223587587,3.594580318566222,1.0368659050213864,4.592990509676252,0.7246195601862058,0.35229163589463297
275,4.336678397998226,3.385723752158831,0.9509546458393174,4.666932278702056,0.694120286525199,0.39326971137592404
276,4.46987028442389,3.4787902222883664,0.9910800621354952,4.462381520437308,0.714030673841566,0.366448179784623
277,4.485124232614381,3.4157655488731136,1.0693586837413136,3.6464392766632105,0.7814721046171534,0.27740114228169976
278,4.698451088077703,3.6485664652686216,1.0498846228090883,3.4906168388082097,0.7839244344159921,0.2742084504386657
279,4.433732947285747,3.421750281749154,1.01198266553655,4.2148972274440055,0.730700531250198,0.3441938178379384
280,4.5383281773775215,3.4583469236423623,1.079981253735184,4.128264231130615,0.7587151238135286,0.30716849579334515
281,4.572545741944665,3.6583544005773545,0.9141913413673137,3.799296810226579,0.712574691749875,0.36840041005280577
282,4.48825205570192,3.3144842535739327,1.1737678021279976,4.510256067337874,0.7730604064787309,0.2883740800745836
283,4.601102185788462,3.7608941752999625,0.8402080104885385,3.682779572454697,0.6889051467297322,0.4003413081679845
284,4.733423853248879,3.722024707317579,1.011399145931307,4.233734902806219,0.729717869175651,0.3455008529125435
285,4.590469422823658,3.5599902899612124,1.0304791328624106,3.8093436934577376,0.7567032775465646,0.3098128521849486
286,3.8781763251078436,2.9834434912932606,0.8947328338146008,3.950364810527887,0.69899921539749,0.38667177332959063
287,4.5447761423770165,3.4467757550554117,1.0980003873215765,3.7846323760993847,0.7840342358714577,0.27406556535626986
288,4.667058396286662,3.5304396542013334,1.136618742085318,4.70693667182279,0.7527487774602495,0.3150169590748297
289,4.428842446625182,3.4819122487020655,0.9469301979231091,4.0951548530595705,0.7123795727184776,0.3686621388375821
290,4.37050632154306,3.327288013339021,1.0432183082039614,4.16571854633229,0.7438727151445781,0.32672919700023084
291,4.571934875002383,3.5855630872024724,0.9863717877998965,4.263978761130762,0.7197540344164264,0.3587875401882126
292,4.419202246817391,3.4971349863331787,0.9220672604842548,3.6537188634358646,0.7224262576357303,0.3552180310048812
293,4.364017067471749,3.3426869745474965,1.021330092924245,3.4170194898115316,0.7770653093707558,0.28314549312380455
294,4.537084413869123,3.5268465715998856,1.0102378422692482,4.076665632013752,0.7360270110234068,0.33711924407103977
295,4.283134354864429,3.29713129379462,0.9860030610698232,3.39141978504078,0.7637884688598771,0.30050960790528497
296,4.704947439019562,3.5951064468198792,1.1098409921997359,4.7894370885637425,0.7411073866378876,0.3303872335339413
297,4.459575499003889,3.3968759416187053,1.0626995573852014,3.917934903988252,0.7630726009374545,0.30144838798859086
298,4.464938518098946,3.49228597277025,0.9726525453286854,3.48187403123905,0.7523974889949313,0.3154796641359651
299,4.351390757443638,3.2682447247071194,1.0831460327364653,3.9141930906544182,0.7709115315966182,0.29118278028443695
300,4.236316838096385,3.1497360642936263,1.0865807738027797,3.9060389595925002,0.7726454997662562,0.2889162085860101
301,4.565530069051063,3.4727926702566654,1.0927373987943838,4.461467812607452,0.7482325921605323,0.3209707038522992
302,4.404312569023928,3.4017530150909954,1.0025595539328833,3.6579916490063074,0.7541954637129529,0.31311214318502023
303,4.376462989698651,3.4578321282612015,0.9186308614374639,3.490136957116146,0.7295051208112227,0.3457839063663586
304,4.223214134713074,3.2335726432407226,0.989641491472355,3.8402050830425924,0.7394943484221761,0.33252303563210844
305,4.443724500178788,3.5185510667084037,0.9251734334704338,3.748031339261834,0.719132753715801,0.35961808983156807
306,4.282817340649202,3.3279324885573365,0.9548848520918227,3.0640033025812166,0.774025445953662,0.2871134604316041
307,4.612129242921227,3.447544830129746,1.1645844127914984,4.257372982041778,0.7820225552650227,0.2766842647605788
308,4.519785619270848,3.478925903168956,1.0408597161018633,3.9120487855023356,0.7552104926050067,0.31177635809450954
309,4.45791881345768,3.507910451844281,0.9500083616133566,3.879129679878073,0.7226296769902867,0.3549464928410949
310,4.800332365405253,3.8404022606209187,0.9599301047843483,4.725235680735022,0.6952868758599744,0.39169054648146157
311,4.512647322242386,3.531117554289774,0.9815297679526793,4.308944975675626,0.7163575007426012,0.3633311846557137
312,4.676427345244561,3.6762129236563004,1.0002144215882822,3.9872417910953715,0.7364249996964535,0.3365913209606624
313,4.224279970437904,3.2456111074388465,0.9786688629990863,4.09882113464549,0.7236663844543998,0.35356303031767944
314,4.569455251296048,3.6817985096253123,0.887656741670753,3.6944773603694685,0.7069517163473585,0.37595316307379684
315,4.394500829528325,3.327834819076023,1.066666010452309,4.080751702644996,0.7562403298398288,0.3104216534138672
316,4.741297966028454,3.8948424229600773,0.84645554306843,3.914959177370383,0.6824444347043356,0.4091297638250158
317,4.431559759249452,3.5680087698381717,0.8635509894112374,3.920521791394526,0.6885800099320231,0.4007828454047367
318,4.510944170169792,3.6220525678455635,0.8888916023242359,3.8599147379383947,0.7003993931098451,0.3847813833579821
319,4.421653890666433,3.2229285392666602,1.198725351399787,4.176771686574151,0.7980984357134219,0.25580885544880816
320,4.3424494105987455,3.389515924022329,0.9529334865763985,3.9519169515221826,0.7205071344707272,0.3577811015175755
321,4.369130094612372,3.63414419648043,0.7349858981319244,3.2104237646689224,0.6655225582820674,0.43230114060947533
322,4.622550408287437,3.804414289567112,0.8181361187203038,3.540925484355073,0.6860342620724207,0.4042426928480139
323,4.3656245431384795,3.4275038101263275,0.9381207330122265,4.136797957446351,0.707605210766652,0.3750742986429867
324,4.5026216512755886,3.461430511896082,1.0411911393795208,4.127373890184208,0.7448833887095418,0.32539334886084864
325,4.653948051133326,3.634732319702162,1.0192157314311885,4.693464687719718,0.7154074551592975,0.3646034285638038
326,4.3105628089854084,3.3065516616678314,1.0040111473175557,3.7756489332129775,0.7483127432617245,0.32086494102641333
327,4.218984583439904,3.394356964128362,0.8246276193115705,3.389696703884388,0.6954829730351423,0.3914251936271572
328,4.7380150774786065,3.496076360120429,1.2419387173581526,4.514636079038905,0.7951498927867574,0.2596290928986818
329,4.329798466975702,3.5027281260140404,0.8270703409617113,3.473954096497593,0.6925870364069848,0.3953467034488411
330,4.395139989624496,3.3531661215453274,1.0419738680791966,3.9405881050775715,0.7541642080357126,0.31315328472977927
331,4.550813631003321,3.7242907935777323,0.8265228374256139,3.588238259593002,0.6874030457033701,0.4023818224263884
332,4.344218885610743,3.4207122230074303,0.9235066626033017,3.9851689527696053,0.708239414100443,0.3742216551196967
333,4.519239860235401,3.5782654698667598,0.9409743903686945,4.2959504829432635,0.7027914163932533,0.3815550695891447
334,4.31611406258564,3.2940507996583923,1.0220632629272473,4.084206636441612,0.7399654005373195,0.3318991655091
335,4.57853015354162,3.60971138830483,0.9688187652367333,4.659295525265774,0.700156506458311,0.3851092076194673
336,4.5915409333439205,3.571889634751485,1.0196512985924073,4.205159398267691,0.7338115916553908,0.3400596710404354
337,4.2887583456282945,3.2028145589621593,1.0859437866661779,3.5274063800000803,0.7961932526374812,0.2582768483022106
338,4.24613031418174,3.2220289262377575,1.024101387943972,4.501443385448216,0.7236975977042117,0.3535213874513406
339,4.5000364938488095,3.440793553751603,1.0592429400972492,4.291092700321073,0.7439960615676806,0.3265661338505879
340,4.188911588826655,3.1214146124378734,1.0674969763887816,3.92784869559007,0.764334739537389,0.29979341365026
341,4.3680139340333275,3.323701001498004,1.0443129325353198,3.7038902311518314,0.7680380674354315,0.29494215642219124
342,4.661789559985421,3.6873630924620597,0.9744264675233012,4.023121778270811,0.7253446395053863,0.3513248694266439
343,4.5479953882055915,3.484197999825759,1.0637973883798395,4.521737982918223,0.7361652600829618,0.33693584912996144
344,4.452789828421245,3.352486264651204,1.100303563770069,4.626385386314956,0.7441442122537443,0.326370291107534
345,4.136958407495725,3.11355721228908,1.0234011952066453,3.814432141034075,0.7537172692900971,0.313741643886923
346,4.448100636691421,3.4798022055212554,0.9682984311701262,4.041360378376211,0.7223253801737454,0.3553526989026592
347,4.519889114883809,3.6440321419805093,0.875856972903307,4.0927621305931225,0.6869213358847316,0.40303655090214224
348,4.38061648564529,3.4135528054041506,0.9670636802410968,3.7138812274465067,0.7371484613038519,0.33563190533631765
349,4.474151990417609,3.3262067477921162,1.1479452426254966,4.0789599480406125,0.7855575326117897,0.27208386885054286
350,4.126612942608332,3.1405318146442793,0.9860811279640416,3.6807304149527216,0.7463938202992092,0.32339803130426553
351,4.874712877220687,3.859610161063645,1.0151027161570596,4.563170177272836,0.7184991766825082,0.36046533320363316
352,4.561925546875542,3.5600820242430187,1.0018435226324982,3.7219702759499818,0.7503501769501273,0.3181776609078988
353,4.510648365023413,3.4849924943357804,1.0256558706876149,3.7526866875999207,0.7579485776723579,0.30817578430472464
354,4.503971958201517,3.5006287657641257,1.0033431924373417,4.161631028033405,0.7298683763943247,0.3453006256093631
355,4.57055073221339,3.5097341111658684,1.0608166210474792,4.232297185337234,0.7471123666319808,0.3224492660408212
356,4.873974026694596,3.8341758896510454,1.0397981370435332,3.5997015526357945,0.7726016364453169,0.2889735265669483
357,4.350529631207663,3.425826870372865,0.9247027608348048,3.6227910066240394,0.7250163095016141,0.3517625993338214
358,4.165570502961244,3.2966135774127876,0.8689569255485026,3.5641609696658527,0.7054726012611916,0.3779434533628238
359,4.618585484738715,3.70876263797859,0.9098228467601643,3.7512975194765854,0.7130330845892164,0.36778563025810085
360,4.381195218549734,3.326437473908057,1.0547577446416767,3.7332996034413526,0.7703877567071578,0.29186773097398955
361,4.601333586997767,3.5365274387317553,1.0648061482660296,3.9144570941833923,0.7640455466958949,0.3001725439667918
362,4.475053579414221,3.4489473405258435,1.026106238888417,4.692476465678615,0.7176690014522702,0.36157586706344585
363,4.232162529367414,3.5907242705047357,0.6414382588626495,3.8231060171162525,0.6098362599812739,0.5103071990656116
364,4.5843994536627255,3.5669876601545694,1.0174117935081881,4.685505013055476,0.7150875183594332,0.36503200144915177
365,4.647966415513266,3.6320206206096612,1.0159457949035868,4.5744103480862,0.7183851004123893,0.36061790781699915
366,4.579431630031293,3.677284702091156,0.9021469279401231,3.577112068835291,0.7182405856095604,0.3608112053828813
367,4.731822370251833,3.5581983793335565,1.1736239909182586,3.734249754629422,0.8163217744782347,0.23227841740271277
368,4.819578873195311,3.971300297305379,0.8482785758899354,4.195967447749624,0.6737922032457464,0.4209491645298634
369,4.454364805711619,3.4395965752555915,1.0147682304560135,3.470684415021129,0.7706631916188608,0.2915075222908557
370,4.531832212167656,3.48535863224794,1.0464735799196774,4.383819496736681,0.7357558284152033,0.33747901558045695
371,4.703724244500946,3.6079485919003096,1.0957756526005937,4.089236137660045,0.7663050879161657,0.29721144067878036
372,4.481978669853318,3.4309369909517917,1.0510416789015835,4.08635983280279,0.7503317191045866,0.31820199560627915
373,4.371772489071232,3.4201992339405995,0.9515732551306542,4.216860806767897,0.7093556217005759,0.3727216495231287
374,4.631919692998834,3.667904167610387,0.9640155253884473,3.442159185389853,0.7512196999120988,0.31703150093669047
375,4.346670171594709,3.2947614990073317,1.0519086725873876,4.079815550415223,0.7509557925297669,0.317379325843364
376,4.5404623925217455,3.6334571168797813,0.90700527564195,3.3127569992195305,0.7347819523078527,0.33877139438935583
377,4.139212605951044,3.2519696253343424,0.8872429806166906,3.6224520566488465,0.7100784084091019,0.3717507864352981
378,4.441141758926377,3.5455969682510036,0.8955447906753875,3.9587072535734524,0.6989761743115335,0.38670289280579545
379,4.44552746816889,3.34497535478686,1.1005521133820366,4.480811981236917,0.7500466127563553,0.31857790182726553
380,4.034083563999828,3.243510108554946,0.7905734554448713,3.4761015318032573,0.6775942648616236,0.4157482028695895
381,4.7818736964778585,3.706375164611777,1.0754985318660601,4.631564172079935,0.7358634120009222,0.3373362817741598
382,4.6421244130151385,3.7085132702274555,0.9336111427876972,3.522263184994392,0.7339195405665149,0.33991632732606286
383,4.7211438237287515,3.7328197678976514,0.9883240558310717,4.183178735101826,0.7236435740651836,0.3535934629736214
384,4.593341574622669,3.649520516674012,0.9438210579486395,4.172134330760974,0.7082957887414523,0.37414587639866775
385,4.331721262793322,3.3714317842985606,0.960289478494758,3.7366600808642048,0.7333421448546114,0.3406831236111959
386,4.3356449962166,3.2903281537962945,1.0453168424202772,3.5063744390816503,0.7809551797220469,0.27807448747161284
387,4.566176859167327,3.46051346134245,1.1056633978249124,5.040146558346921,0.7312158185701504,0.3435086712194225
388,4.851141919554876,3.893159801414913,0.9579821181399097,4.057124586203914,0.717912764153048,0.3612497370299748
389,4.547686941795731,3.470253045947394,1.077433895848344,4.422417498157305,0.7446942456796071,0.3256433026222003
390,4.469869007573364,3.6084533748358067,0.8614156327375895,4.034293687827681,0.6837343693333189,0.4073725710708471
391,4.296468916490695,3.413344690626139,0.8831242258645489,3.524698026313972,0.7131180398391173,0.3676717066424107
392,4.2879032527091985,3.1493729424909693,1.1385303102181865,3.8736299921733597,0.7939602652052539,0.26117148712566685
393,4.7430680258052424,3.718876158186858,1.024191867618356,4.1011417555377,0.7399680755924747,0.33189562298572256
394,4.639170618241265,3.4816510990134715,1.157519519227833,4.881304409207365,0.7527099573709263,0.3150680882423482
395,4.3796388196974325,3.305016866644567,1.0746219530528833,3.3772136849035874,0.8026714632492401,0.2498912329876819
396,4.4832929130607075,3.584561261559961,0.8987316515007251,3.0365648282913806,0.749617638089077,0.3191435800000798
397,4.7155302382129625,3.8191905313881156,0.89633970682479,3.5950695179514316,0.7150208728523868,0.3651212851958875
398,4.211514525330684,3.1355871103068145,1.075927415023898,3.8598728174864227,0.7712218324283311,0.2907770582554562
399,4.53048557110371,3.5733718023077463,0.9571137687959776,3.3548205769451567,0.7538110663506907,0.313618158550945
400,3.9580129915862434,2.9585960558131097,0.9994169357730698,3.4807930258203363,0.7636052159420019,0.3007498981973276
401,4.244314058448295,3.364398274122734,0.8799157843255898,3.827725471818532,0.6983068637839294,0.3876070325958295
402,4.97534812267797,3.910407773311099,1.064940349366907,4.2351622267881375,0.748429355447831,0.3207110726394791
403,4.487320661156999,3.5653059162987253,0.9220147448582452,2.944238134067403,0.7682313751998764,0.29468912010146214
404,4.805716204458618,3.751264404378026,1.0544518000805283,3.7012770233008645,0.7721770839786986,0.2895283555969541
405,4.482492885937389,3.459209759410572,1.0232831265267919,4.61177061238967,0.7194999634408066,0.35912716115975585
406,4.432069785230666,3.5502489343518375,0.881820850878853,4.170347432379204,0.6864101284164166,0.4037315608994733
407,4.180475262716057,3.230912501056028,0.9495627616600473,2.9266162160543043,0.7833987341360825,0.27489262398605735
408,4.392703739967188,3.6055705950188637,0.7871331449483705,3.6440162116167283,0.6697012527113657,0.426558057323219
409,4.437053060131162,3.410570150654922,1.026482909476215,4.288749269450523,0.7327295853755236,0.34149683733283986
410,4.69961980774876,3.714580830044901,0.9850389777038799,4.277988230341984,0.7187495900054306,0.36013044006739275
411,4.391427104284943,3.4243303255630613,0.9670967787218956,3.690128823833332,0.7383943871717213,0.3339803492146827
412,4.586198262715114,3.6478181529515643,0.9383801097635569,4.454975586207981,0.6965492423111982,0.3899828314984152
413,4.713313460944206,3.8678657150151805,0.8454477459289933,3.34155940131442,0.7066751140999517,0.37632524432669445
414,4.707627456259828,3.6605895698963904,1.047037886363455,5.40337818731814,0.7032310911265514,0.3809624778455981
415,4.435815921206696,3.63961993494934,0.7961959862573735,3.6924593359181355,0.671451106437015,0.42415729019327203
416,4.576376389922458,3.6697536851408357,0.9066227047815687,3.851875946432033,0.7074268803005079,0.3753141010017435
417,4.115035819255566,3.098006001872391,1.017029817383218,3.5970274896462424,0.7635799455086474,0.30078303540191054
418,4.467140315140667,3.602343087119386,0.8647972280213025,3.25878076997917,0.7195653758241864,0.359039719362282
419,4.29080562467412,3.3363624895472475,0.9544431351268372,3.843571652412093,0.7259347422814011,0.3505383129051867
420,4.8053940321206445,3.7597951726389587,1.0455988594816858,3.1137322532195366,0.8121902508344468,0.23760141770222606
421,4.32479748469403,3.4959059005851634,0.8288915841088738,3.5874997522299346,0.6883773055189826,0.40105815845208853
422,4.094211333399001,3.093701792123972,1.0005095412750507,4.200002698280128,0.7272684492195947,0.34876139346239154
423,4.584178432596999,3.6945526700330538,0.8896257625638668,3.859586225954409,0.7006894473979023,0.38438995107535084
424,4.352299357356556,3.2875540514038013,1.0647453059527834,3.5397801134148708,0.7866617021861896,0.2706480939322555
425,4.449354531149068,3.389279936453785,1.0600745946952657,3.784426741469103,0.7694675725226839,0.2930714057653993
426,4.511344025011552,3.512969785905457,0.9983742391060559,2.8601247981345796,0.8146374677472557,0.2344476527580111
427,4.75837629414336,3.8911434182612963,0.8672328758819958,3.7562215125569836,0.6963768794833909,0.390215934829883
428,3.963682491604728,3.018503365709967,0.9451791258946969,3.202383661299912,0.7589441355547185,0.3068676208601878
429,4.385233365416567,3.321520532281549,1.063712833135014,4.536756999560897,0.7355611468287738,0.3377373219415999
430,4.5436874147072634,3.4889758702900613,1.0547115444172164,4.240602009720865,0.7446079383616817,0.32575736507132097
431,4.421651192369196,3.5853758136096756,0.8362753787595238,4.382308589584818,0.6642732768321487,0.4340208825236857
432,4.452237575359034,3.4968580230428286,0.9553795523162307,4.548916137327586,0.6992110361733803,0.3863857040239622
433,4.078272931531884,3.074216506625855,1.0040564249060253,4.332815382765817,0.7232258307029059,0.3541508564407961
434,4.2981045522273424,3.497500964002575,0.8006035882247602,3.4931358710853146,0.6809604750542338,0.41115282822232796
435,4.364842136795729,3.353568323904919,1.0112738128908063,4.611134039296195,0.7155844255406784,0.36436639580319
436,4.422096722043803,3.599049563046136,0.8230471589976673,3.8553839331720923,0.6758396517552521,0.41814698839903125
437,4.581929540385302,3.6986557197265197,0.8832738206587578,4.324815925783575,0.6819458284158979,0.40980932061406744
438,4.934158821411912,4.008484194501086,0.9256746269108476,4.571219909791367,0.6887113345762487,0.4006044965446296
439,4.63363262047197,3.5998472839917275,1.033785336480264,4.411564932004387,0.7303446930100354,0.3446670488981512
440,4.571385315961307,3.499673337337703,1.0717119786235685,3.701603406003125,0.7789329691089648,0.2807098292597687
441,4.564224484392567,3.6526505714532744,0.9115739129393319,3.73040095299954,0.7146625905312862,0.3656013192673464
442,4.6538666599023335,3.6092939733994944,1.0445726865028178,4.145840362817852,0.7452514659035945,0.32490699067491996
443,4.547488260449469,3.4680774124668607,1.079410847982615,4.591209745617116,0.73866170940779,0.3336261149483593
444,4.316641026009093,3.492711380814092,0.823929645194994,3.0229626578429585,0.715318634419417,0.364722402096494
445,4.37145442080667,3.3276704800030386,1.0437839408036211,4.107891936326526,0.7467089966024361,0.3229818381768581
446,4.674108426904623,3.7338816295096597,0.9402267973949847,4.136756743333491,0.7083588243384938,0.37406114657316286
447,5.052563236057423,4.078781811945212,0.9737814241122464,3.783619981512315,0.73622659270417,0.3368544916815982
448,4.387376512624583,3.5977063728672674,0.7896701397573338,3.975992435637478,0.6596178169145986,0.4404408873641916
449,4.4949640975004135,3.5517102792657296,0.9432538182346661,3.9202615334856574,0.7182754155111765,0.36076461698345286
450,4.662609648266808,3.7376001883981997,0.9250094598685905,3.445059101781906,0.7346755349950305,0.33891264936418575
451,4.0066321086853085,3.17674636386372,0.8298857448215813,3.717645715132674,0.683516742494616,0.40766894140051646
452,4.462738177639422,3.538717226592378,0.924020951047055,3.9352595513964683,0.7104688189869102,0.3712265240879139
453,4.746659818113911,3.7547756644723824,0.9918841536415357,3.378995947971976,0.7671396883419289,0.29611836632967714
454,4.898074393031023,3.818191120443486,1.0798832725875513,3.662528710776577,0.7846155190620577,0.27330923230119136
455,4.480998270561357,3.407220941137278,1.0737773294241038,3.2795283150578616,0.8102424717983955,0.2401132381787202
456,4.576175915624829,3.5193943032695065,1.056781612355337,4.13430826808546,0.7501402800356612,0.3184543986918802
457,4.674118648990869,3.735771725527605,0.9383469234632571,4.6521767984070355,0.6904613797247777,0.3982290153873851
458,4.587117248594878,3.5350070680781824,1.0521101805167064,4.077027605094097,0.7511615728048928,0.31710810806257134
459,4.582885097841014,3.563401078068412,1.0194840197726194,4.9348183375005075,0.7079093161683483,0.37466541549195675
460,4.610971114787602,3.5315874185598046,1.0793836962278078,4.786087353868064,0.7315560650462734,0.34305635429846665
461,4.557481620849827,3.5951919632212883,0.9622896576285029,4.115953451806613,0.717073300149589,0.3623730175646008
462,4.917499145791495,3.8847474300086544,1.0327517157828083,4.728467512881821,0.7186091420241116,0.3603182648134929
463,4.450576094508434,3.326148229373614,1.1244278651348054,4.126809290820837,0.7746300996578369,0.28632384101899766
464,4.4617384762562855,3.494584147930307,0.9671543283259894,4.004835559016364,0.7234687366904624,0.3538267344770979
465,4.284056336256795,3.4086488290133046,0.8754075072434944,4.235179700795005,0.6820423928067143,0.40967769702212214
466,4.349270015902774,3.201206206418184,1.1480638094845972,3.630188158793409,0.8137750421914743,0.23555880575716898
467,4.3745829458590455,3.4893250844821315,0.8852578613768856,3.8069746657006682,0.7011876664358523,0.38371773497856076
468,4.858576052328302,3.837537537360034,1.021038514968268,4.288697834175924,0.7308413937251925,0.3440065054261183
469,4.935678639116687,3.922179494532151,1.0134991445845571,4.474746487714823,0.7211215345119508,0.3569602891573939
470,4.474080662538525,3.445594615718515,1.028486046820035,4.154787780620669,0.7391166763027821,0.33302332505007165
471,3.9559487954083883,3.0552471914500314,0.9007016039583391,3.892375009992998,0.7035228358128478,0.38056933942916127
472,4.63553713654987,3.6453730806912317,0.9901640558586564,4.696965886032439,0.7058999225782637,0.3773682983603498
473,4.247064953050468,3.217947632669534,1.0291173203809763,4.309154161671728,0.7328112653665986,0.34138832195054186
474,4.4914261182896515,3.5733559265621144,0.9180701917275655,4.109103531514936,0.7014716033872708,0.38333471400391766
475,4.6896355428489604,3.593914672718081,1.09572087013089,4.194688756669743,0.7611053759838111,0.304029553237045
476,4.371488795368335,3.3796015217389757,0.9918872736293451,5.128880933350141,0.6940051000969212,0.39342568774119663
477,4.346537520605962,3.368073305951845,0.9784642146541387,3.7621381263284164,0.7391211845245348,0.3330173526706471
478,4.423260083140732,3.30546819661945,1.1177918865212746,4.970417031528868,0.737246379259117,0.3355020755972369
479,4.612107274201931,3.652357022290789,0.959750251911089,3.988150430877228,0.7214636202202767,0.3565033814230956
480,4.4352521359210035,3.4910115796226817,0.9442405562983254,3.8226157694772613,0.7230161903175996,0.35443062031221634
481,4.427246370968347,3.468845630978527,0.9584007399898269,3.736172759784031,0.7326301235819749,0.3416289820349021
482,4.414382228878863,3.4595031547098456,0.9548790741690141,3.9372909455062217,0.7218689196612875,0.3559621383900017
483,4.3060588596310785,3.4065075885118103,0.8995512711193214,3.705355592969079,0.7111156795955136,0.37035811258844253
484,4.595985343676133,3.5912664081469563,1.0047189355291835,3.0714571798487444,0.7969143248742274,0.2573425800238813
485,4.252860066138665,3.268272602040226,0.9845874640984107,3.510624346258373,0.755592228780446,0.3112741346739811
486,4.396230801574219,3.4359911825910734,0.9602396189831097,3.42039436776491,0.7509760609798068,0.31735261105125784
487,4.01986532365565,3.1842241700441987,0.8356411536114479,4.158963164628062,0.6704875420416984,0.42547897947536034
488,4.255090366361329,3.430902272182215,0.8241880941790782,3.888779165767767,0.6751031762645266,0.4191545632460345
489,4.5028317715321995,3.758561804187205,0.7442699673450193,3.4373865252695346,0.6603012512150677,0.43949728173839087
490,4.261738281025358,3.274216791479726,0.9875214895456566,3.7057530836687267,0.7456083222617078,0.32443553248781204
491,4.509892888818441,3.5006376743468186,1.0092552144716365,3.1435913138717133,0.792736037730114,0.2627593903332514
492,4.641473250703014,3.549652601997308,1.0918206487057205,4.231067826637712,0.7580230151743642,0.308077955182008
493,4.206646008287676,3.346189314417116,0.8604566938705602,3.1396158417623425,0.7247996009443805,0.3520515523344534
494,4.557025340955348,3.574830177795085,0.9821951631602701,3.8268869202432416,0.7373115752288657,0.3354156351826295
495,4.049420849329166,2.978547261011026,1.0708735883181362,3.6344848314691856,0.7828436031666243,0.27561523987221315
496,4.679718660465126,3.8578255542912663,0.8218931061738317,4.3758999004353925,0.6595883584888997,0.4404815689018951
497,4.104153036427177,3.1169457529481894,0.9872072834790515,3.548910411782577,0.7543594309704862,0.31289632335526185
498,4.600762893618522,3.6593232298662626,0.9414396637522486,4.320986074482452,0.7020776424577427,0.3825173765816115
499,4.612547276496044,3.5797903842153636,1.0327568922807018,4.420136942924465,0.7296641669599137,0.3455722990167089
500,4.54134774097018,3.735843057015326,0.8055046839548368,3.850544703708618,0.6694510772559711,0.4269014940869181
501,4.691557380804553,3.579304055660347,1.112253325144195,4.156818048459208,0.7687891886615522,0.29395905820802665
502,4.229718650797664,3.2446493183963048,0.9850693324013946,3.776824442283214,0.7409286943782489,0.33062376314450587
503,4.594192478380974,3.610155355156137,0.9840371232248231,3.906192322759493,0.7341871662502994,0.339560981371141
504,4.299064058679547,3.4148035332437976,0.8842605254357636,3.8406030297811657,0.6994316669242007,0.38608777024077756
505,4.757665162202712,3.7336614211487555,1.0240037410539458,4.276395745335055,0.7323732874664043,0.341970241486503
506,4.425898300275477,3.4461945917479246,0.979703708527552,4.456418559228521,0.710410338889667,0.3713050475117429
507,4.705275237920872,3.699645689436447,1.0056295484844213,3.9147710192979694,0.7418741510053608,0.32937250003427154
508,4.5186991858440555,3.4505701378019706,1.068129048042124,4.3867273201991335,0.7430139255092784,0.3278647522901989
509,4.680851132905146,3.715448649785258,0.965402483119874,4.474442838096142,0.7049872144011937,0.3785969136463628
510,4.4454209240597455,3.284813484719602,1.16060743934014,4.563078501738797,0.7664169541810392,0.2970649090948556
511,4.403988362204514,3.639922090076971,0.7640662721275362,3.795699174111,0.6557367156566756,0.4458069297918449
512,4.73413671879102,3.4681585272693267,1.2659781915217536,4.224835241968332,0.8184629544269587,0.22952234616674458
513,4.748702213539999,3.706676021282287,1.0420261922577083,4.161390699223141,0.7436429331692677,0.327032990412869
514,4.511991633391388,3.6850923732548386,0.8268992601365426,3.154563469932283,0.708746816540871,0.3735396827090452
515,4.1691541780775045,3.3391587906218154,0.8299953874557104,3.3004909912709905,0.7021809926954353,0.38237801831706775
516,4.59956874594205,3.7025282484621895,0.8970404974798498,4.289102351347516,0.6878186088919191,0.4018171374336258
517,4.722673670209573,3.664745405092737,1.0579282651168,4.349815534498459,0.7410613853523615,0.330448122295355
518,4.439305586107408,3.574705623134302,0.8645999629730454,3.9913117036757093,0.6863986898637952,0.4037471143659429
519,4.3338547850078575,3.3519115494973333,0.9819432355105846,3.651586370754769,0.7463482247723185,0.3234582452420574
520,4.735872401328364,3.7453908252827395,0.9904815760456245,4.074467436936191,0.728969182016957,0.3464970750359624
521,4.714813249943787,3.74865997105531,0.9661532788884983,4.114373272018389,0.7185242103288443,0.36043185235073455
522,4.692273485606321,3.600187582643687,1.0920859029626513,4.328555042611562,0.7536943175311872,0.31377186097446597
523,4.560581688241583,3.6312425409715727,0.9293391472700137,4.0655383558471065,0.7071883601042923,0.3756348747013092
524,4.770847142274973,3.9498047881608,0.8210423541141267,3.8007527327851545,0.6770288554634835,0.4165209295700097
525,4.6623684676755905,3.710646692814197,0.9517217748614257,4.265990823715038,0.7075963061923549,0.3750862721812909
526,4.160941640615063,3.22028343846356,0.9406582021514964,3.423937849025,0.7424883716073558,0.3285598870958392
527,4.258590056447686,3.1825265346626983,1.0760635217849313,3.711012973502438,0.780055643925038,0.2792465216040972
528,4.0825701992155095,3.2698908991830775,0.8126793000324142,3.313550390531942,0.6941062945747699,0.3932886576597106
529,4.566924514533283,3.622889415293872,0.9440350992394428,3.7059498048053925,0.7285155071945526,0.3471009135663717
530,4.871315825897439,3.778000633241656,1.0933151926558367,4.338299064739099,0.7536860174791097,0.3137827884602475
531,4.357983325921551,3.319044677099636,1.0389386488218975,3.8404718200382693,0.7582565174120164,0.3077710951343121
532,4.747786914868967,3.595250366433386,1.1525365484355916,4.371586956808537,0.7723433335549473,0.2893110806970303
533,4.935258631074745,3.8848288627733742,1.050429768301342,4.389908453212689,0.736858789715924,0.3360160149829962
534,4.79901054226029,3.8401941674942917,0.9588163747660587,4.924532534160397,0.6892979440003753,0.3998079917763525
535,4.179341722349974,3.170491384905186,1.0088503374448123,4.014231420945638,0.7383552237314424,0.33403224902432244
536,4.336102172062438,3.4490740264770237,0.8870281455854183,3.3798951540803603,0.7223161499516064,0.3553650212494675
537,4.516708067010469,3.6211292507332535,0.8955788162772933,4.166614144168438,0.6914008225430708,0.3969547590571487
538,4.396505207862261,3.3673659086668577,1.0291392991954353,3.474305278770867,0.776415924061302,0.28399276645149296
539,4.5869238818984135,3.576143730626433,1.0107801512719448,3.818202132044515,0.7486850361421648,0.32037373158459664
540,4.291177972191675,3.566840017623341,0.724337954568341,3.6613182051293425,0.6448590285508524,0.4609157819145423
541,4.410468104808429,3.4162921711115244,0.9941759336969085,3.3447375860771054,0.7704925907282512,0.2917306265188373
542,4.806083366135609,3.874102653206342,0.9319807129292599,4.939647514947611,0.6805484066048919,0.41171489448578114
543,4.367980081922652,3.2070289311196936,1.16095115080293,4.794509716339322,0.7570738877620151,0.30932556249761545
544,4.516428084129514,3.3701032893547085,1.1463247947747846,4.166830230944315,0.780303681528294,0.27892330719376274
545,4.430769690490123,3.3289297598705003,1.101839930619633,3.513833984216543,0.8036829901297181,0.2485834778900343
546,4.554001944307102,3.7109863450527873,0.8430155992542723,3.9095491860035043,0.6813622800747274,0.4106048864491079
547,4.490425652804546,3.3957899941811887,1.0946356586233605,4.694170038498623,0.7397423945178432,0.33219450268421974
548,4.303119677232686,3.274082019444715,1.0290376577879101,3.842011056767401,0.7544057895182062,0.3128353071460414
549,4.508010154254449,3.484149045037639,1.0238611092168526,4.1681873992877705,0.7368852764388361,0.3359808910616507
550,4.280289048166977,3.501315624655521,0.7789734235114452,2.8743303415018477,0.7033595379502168,0.38078938301709236
551,4.690643482077561,3.5791123650159617,1.111531117061645,4.41790961332911,0.7563980658108798,0.3102142091844932
552,4.68206175129778,3.781775172888593,0.9002865784092364,4.049183510600686,0.6972847614762886,0.3889883539741488
553,4.6045029388561565,3.589280745081207,1.015222193774946,3.741135461835972,0.7545271523422286,0.31267557729751555
554,4.39991834758949,3.297539792522133,1.1023785550673324,4.512690393355205,0.7493429458735976,0.3195058633901052
555,4.464612672468021,3.5664378412374225,0.8981748312306195,3.680108521072574,0.7117308941901159,0.3695324449869178
556,4.458981203341906,3.594094478978618,0.8648867243633163,3.7461033243061053,0.6958892505525759,0.3908755186623611
557,4.704890205881823,3.668999510227585,1.0358906956542455,4.343006767503411,0.7337762450433959,0.34010660878640026
558,4.733662995492053,3.7478532563720597,0.9858097391199294,3.7855410240975615,0.7407700198011832,0.33083381145189145
559,4.772614264322939,3.7605198459565505,1.0120944183664164,4.203995120739458,0.7311937626152901,0.34353799439327526
560,4.659731503120368,3.7605093105440934,0.8992221925762465,4.374128755169615,0.6858637430608729,0.4044746125291459
561,4.8421071965501445,3.9068454568850575,0.9352617396650658,4.4863012377625076,0.6945021889338201,0.3927526377083264
562,4.550052376146865,3.4972758131775867,1.0527765629693135,3.791495267787907,0.7662551701551454,0.29727682910426023
563,4.671886236312658,3.622429067086755,1.0494571692258887,3.9277308485576548,0.7576133463959944,0.3086163969372515
564,4.69098195410298,3.8857876277477024,0.805194326355263,2.875788448381744,0.7160787116727492,0.3637044611569961
565,4.35809500803144,3.388066221009608,0.9700287870218745,3.835278346109419,0.7322602797057467,0.34212040808738736
566,4.83903090166909,3.690417552726383,1.1486133489427175,3.856471750094286,0.7987915717844958,0.2549113473847108
567,4.560784138997106,3.6811566037621466,0.879627535234988,3.610349479598275,0.7076046238660152,0.3750750878174358
568,4.742587480416758,3.6945166841962402,1.048070796220486,4.336097481254093,0.7382448083943118,0.33417857745412055
569,4.315379593278677,3.384412389626678,0.9309672036520169,3.0791429274674105,0.7615687925382569,0.3034213298217765
570,4.73661995360355,3.5644836290872375,1.172136324516316,4.366917869435504,0.7791892936136396,0.2803756800217273
571,4.239684969600588,3.2979455465237555,0.9417394230768537,3.215948903819042,0.7564354320244033,0.3101650694937685
572,4.909499269211138,3.8709409518618605,1.0385583173492705,3.6919386818216555,0.7664804761286199,0.2969817056914881
573,4.434990465706433,3.499086646536937,0.9359038191694822,3.4249375006378973,0.7404235829580992,0.33129246415796876
574,4.108824049155415,3.2074259810467494,0.9013980681086764,3.4426687101629927,0.724926402271278,0.35188247550063734
575,4.815056363233665,3.7761198756126033,1.038936487621072,4.192315775144172,0.7411758516361322,0.33029661335749955
576,4.79108253815859,3.673338636477925,1.117743901680683,4.241910462730148,0.7665557552293372,0.29688310499463566
577,4.246629098968795,3.2050767310777273,1.0415523678910859,3.1926066631531818,0.8032882451642303,0.24909377421846116
578,4.052091507320468,3.2612886640614844,0.7908028432589731,3.354556503781801,0.682921244500863,0.40848009043256
579,4.187824999399239,3.3158846759819083,0.8719403234173342,3.3533535304338553,0.7173501666392759,0.3620024941106815
580,4.798660584956038,3.771533711289062,1.0271268736669867,4.297367604258051,0.7326014051482188,0.3416671383874527
581,4.525652645061185,3.48226549697523,1.0433871480859693,4.2578458054915576,0.7399044454477014,0.3319798882745216
582,4.296164622806301,3.4995780173625404,0.7965866054437356,3.3483885135664906,0.6856333940219252,0.40478794044927296
583,4.488488480288637,3.5339486263658086,0.9545398539228245,4.1225395035861165,0.7140313230032347,0.36644730967855854
584,4.6550031436359935,3.58416508071167,1.070838062924338,3.2098663064304738,0.8149737259350103,0.23401449467948715
585,4.251284576032716,3.2708076438278963,0.9804769322047946,3.922946012946646,0.7320702164725188,0.3423729846898615
586,4.306022023463,3.4711398925488757,0.8348821309141385,3.8006307051105974,0.682276559700878,0.409358541668793
587,4.359886880037535,3.4682594897782755,0.8916273902593161,3.770938790377226,0.7051463216938715,0.37838269496010785
588,4.461095823316255,3.4473239996864242,1.0137718236298383,3.3723041740731112,0.7769886621637381,0.2832454865416512
589,4.429776094653376,3.4653892432363653,0.9643868514170322,4.345100460435248,0.7091238909798252,0.3730329896951074
590,4.484445892591437,3.6191999048568517,0.8652459877345677,3.7561907784608426,0.6956134776186687,0.3912486139878453
591,4.5292749226435225,3.5511818518606963,0.9780930707827906,4.071821724923714,0.7245943868999989,0.3523252059790453
592,4.443744944232136,3.6029783211851756,0.8407666230469317,3.3011501498664284,0.706783184272786,0.37617986372974177
593,4.269142160939551,3.221374878457115,1.0477672824824822,4.314425201256766,0.7390389512761026,0.33312629508952146
594,4.8094702438714725,3.5857856701798267,1.223684573691628,4.256852240656322,0.8023076534560163,0.2503616898027432
595,4.31046430634187,3.370174047534511,0.9402902588073516,4.284545298671782,0.7029559667635756,0.38133327361845826
596,4.414385884055135,3.3223714147674412,1.092014469287733,3.8177043580119125,0.779760332476675,0.27963137596446697
597,4.571417428324238,3.6987022682918527,0.872715160032385,3.519725873372048,0.7091133000313761,0.37304721995291296
598,4.200991424486559,3.210087238750865,0.990904185735701,3.0609249343192264,0.7913217477426603,0.26459464250843734
599,4.574371094034844,3.411814380077188,1.162556713957656,4.174774350306416,0.7855849493661071,0.2720482114891667
600,4.63341432850278,3.67142028306177,0.9619940454409743,3.923503262722903,0.725135239170541,0.3516040343927561
601,4.5398803495110505,3.631458531069245,0.9084218184418091,4.430950206887006,0.6872176101515619,0.40263384156319704
602,4.566794489600439,3.5178381467698534,1.0489563428305928,4.580228910839201,0.729059145770205,0.34637734882369686
603,4.136484094385977,3.2991998842937624,0.8372842100922071,3.1298886951544276,0.714878270077544,0.3653123372604591
604,4.592025086464033,3.524089303812139,1.0679357826518867,3.8558260488301244,0.7684248658496433,0.29443586328074095
605,4.945633335050089,3.9841639439002163,0.9614693911498762,4.003772514621291,0.7214262352093774,0.35655331119367156
606,4.721891274229036,3.5247295541635806,1.1971617200654805,4.548804364703761,0.7789812742766377,0.2806468553780327
607,4.670035435060341,3.730886481063826,0.9391489539964937,4.485613127872256,0.6958244345039177,0.3909632039005559
608,5.049050895486501,4.046841497660842,1.002209397825709,4.122023666161342,0.7311475203768316,0.34359947395089296
609,4.744171152561974,3.670019078990019,1.0741520735720087,3.8229597328782017,0.7726458291373488,0.288915778187032
610,4.307906363931905,3.278734908870237,1.0291714550616575,4.269164937875198,0.734470818242648,0.3391844029265605
611,4.32925540259076,3.396399356453524,0.9328560461372035,3.493804058288431,0.7351869751206683,0.338233841707487
612,4.695639480418023,3.5861411559009637,1.1094983245170624,4.77250706945051,0.7416151616823221,0.3297152076906167
613,4.351261897082664,3.3113432213555667,1.0399186757271082,4.174646059876871,0.7423032093928772,0.3288048335611598
614,4.632380409082756,3.716336483447029,0.9160439256357336,4.044091384326794,0.7031950246863228,0.3810110830015858
615,5.109987629490191,4.00904354755174,1.1009440819385077,4.631506751318907,0.7441552404585492,0.32635571324925144
616,4.307972976455388,3.409738276645064,0.8982346998103026,3.6391139024919443,0.7136679575411978,0.3669343912278335
617,4.382393162820718,3.5712814057037,0.8111117571169757,4.079464361996537,0.6642055375714138,0.43411416801548725
618,4.4533653053460815,3.4169169217177986,1.036448383628226,3.8126933702325125,0.758809277138355,0.3070447940753719
619,4.415076403191946,3.2996445944904265,1.1154318087014872,4.1267769465596285,0.7714311197220177,0.2905034396593534
620,4.521094713127623,3.738732189411233,0.7823625237164151,3.670972032337813,0.6668758307318557,0.430439687576401
621,4.621429431526379,3.709894538708734,0.9115348928176559,4.493321305441734,0.6863592705651183,0.4038007151422
622,4.090140182570948,3.1621069270345172,0.9280332555364339,3.9028370071811214,0.7133295234803403,0.3673881312207955
623,4.600111017090952,3.6302367421719834,0.9698742749189364,3.37034146110409,0.7582826076069639,0.3077368101606816
624,4.036252865341949,2.945829322886506,1.0904235424554827,4.1058967792245795,0.7635483896223205,0.30082441520593245
625,4.574681941495597,3.4375076580670116,1.1371742834285214,4.368430572843883,0.7672854559301512,0.295927491163707
626,4.415719241414123,3.532114960817501,0.8836042805966144,3.4835671127564964,0.7153802900802115,0.3646398150740222
627,4.727940148373519,3.841657574972831,0.886282573400706,4.662102018680674,0.6732898482917788,0.4216372013067631
628,4.243620942013975,3.242500452714487,1.001120489299467,3.8030130552849037,0.7457681376068652,0.32422441698792237
629,4.446668729541314,3.388063250493519,1.0586054790477988,3.8122585562730062,0.7673169544691048,0.2958862468624206
630,4.595344765542946,3.4704241623600884,1.1249206031828294,4.218053321641042,0.7702155553230224,0.2920929519969703
631,4.280863911864613,3.402606062028588,0.8782578498360749,3.4139788658617025,0.7167679678593674,0.36278169377782377
632,4.692571058561881,3.844320797336585,0.8482502612253029,3.8777237332807815,0.6844598546643144,0.4063848430466996
633,4.6047215710572535,3.683284388276973,0.9214371827803234,4.097043285772669,0.7031316836296212,0.3810964471378752
634,4.434739731163616,3.45410294559722,0.9806367855663893,4.174575688670297,0.7212646810119463,0.3567690860719123
635,4.321923061411311,3.412777920911263,0.9091451405000726,3.804712571312564,0.7104058218907121,0.37131111275119827
636,4.353857654875454,3.26023400209177,1.0936236527836627,3.587060633817236,0.7951263828559458,0.2596595683614829
637,4.693506386474652,3.6389698911079114,1.054536495366733,4.573124306311824,0.731159291394391,0.3435838241321582
638,4.301001189744837,3.2462840231534527,1.054717166591388,3.575838788207097,0.7801662663696746,0.27910236740663
639,4.584760598993781,3.6954192572223716,0.8893413417713987,3.589821822535594,0.712463018688891,0.36855020298423824
640,4.567709673136945,3.4672119023364223,1.100497770800473,4.739403049423592,0.7399566780056213,0.33191071661666854
641,4.432776718256419,3.418505125528916,1.014271592727539,4.354918782046166,0.7258834370956208,0.3506066897148108
642,4.321935694540783,3.30253548797016,1.0194002065705945,4.335601235519375,0.7284004615798582,0.34725405871510107
643,4.650952290271603,3.6668484622573976,0.9841038280142698,4.479637126020121,0.7110841362377438,0.3704004531189717
644,4.623588182666807,3.6653082260930523,0.9582799565736764,4.179097180904833,0.7131567077703942,0.36761985515245293
645,4.758995695935581,3.877635527030697,0.8813601689048483,3.814186191652812,0.6994062194576567,0.3861221320606639
646,4.570365792216122,3.653904807226943,0.9164609849892145,3.7466358340806742,0.7158173690964735,0.3640544242082043
647,4.451450842339951,3.344709717163851,1.1067411251761428,3.9843024508889293,0.775800983551623,0.2847952865418159
648,4.591879691337609,3.5706437098584187,1.021235981479208,3.924531321465027,0.7472351257819821,0.32228720447502174
649,4.5860982711736105,3.5597755321398763,1.0263227390337306,3.1685197205568247,0.7984350321000178,0.2553729875267893
650,4.20574758582613,3.179359615862377,1.0263879699637641,3.724224984582353,0.7598325089135394,0.3057007412005132
651,4.6113168087386915,3.6268728731130038,0.9844439356256771,4.66676893929791,0.7050009965690732,0.37857835694050695
652,4.518481211669765,3.616323714091453,0.9021574975784006,3.708435101648817,0.711994343828823,0.3691789513806293
653,4.514386288714589,3.5888860471629114,0.9255002415516742,3.902999766812213,0.7123735818058728,0.3686701753280231
654,4.515572381044804,3.3480533105967956,1.1675190704480087,4.086636593013473,0.7921180138470074,0.2635612592574664
655,4.940063745212725,3.806743145978543,1.133320599234196,5.004688213798298,0.7408517837705467,0.3307255731138093
656,4.323855020457002,3.5095342514872305,0.8143207689697078,3.4936780245648933,0.686509733446468,0.40359612800569383
657,4.797523012318648,3.8573659083749012,0.9401571039437613,4.108863645851326,0.7094068065837144,0.37265288530737917
658,4.678272271980389,3.7332543770175866,0.9450178949628025,4.788985851637234,0.6886820636102691,0.40064424764007095
659,4.511327491435039,3.4882404337249246,1.0230870577101427,4.259023774431849,0.7327681274578262,0.341445632017291
660,4.306098163436771,3.4338522560824805,0.8722459073543405,4.43997045207758,0.6747771924787449,0.4196006787059408
661,4.551158033065106,3.424321367226642,1.1268366658384252,4.185098502846966,0.7725202988740129,0.28907981618381373
662,4.2118842211337855,3.1833170634295014,1.0285671577042876,3.6041040341228054,0.7678005011722593,0.2952531521753043
663,4.524524170477533,3.371281349073512,1.1532428214040351,4.000607553828855,0.7918604334778483,0.26389551268569356
664,4.469708597524046,3.4563985337276284,1.013310063796439,3.8580145644272736,0.7475976733136092,0.32180863357099476
665,4.481768108187437,3.4467563104394108,1.0350117977480409,3.771351738125661,0.7605359957107519,0.3047770056047752
666,4.924917603430102,3.9952283035401868,0.9296892998899011,3.781841241267351,0.7193137966927421,0.35937603969773463
667,4.56935033489087,3.447573097489495,1.1217772374014316,4.314787977421091,0.7645118411582226,0.2995612556201691
668,4.09641429128338,3.2506436765852937,0.8457706146980968,4.113459960854586,0.6754917198308097,0.41862294238969266
669,4.198037404276461,3.2317227019217496,0.9663147023546799,3.1801523321187055,0.7701500127748659,0.29217867854378743
670,4.508325162442289,3.5452688526039955,0.9630563098382936,4.174406805561009,0.7150323568606155,0.3651059000760311
671,4.42518382410013,3.3660417460788343,1.0591420780212957,4.178227091075746,0.7489560409585236,0.3200162119220841
672,4.683345308347653,3.627787356118481,1.0555579522292078,4.059319026955114,0.7532620079816952,0.31434107071462114
673,4.449841422781261,3.427241798261764,1.0225996245195006,3.612249432953366,0.7648998658353614,0.299052660311735
674,4.381113029356171,3.5036451578946233,0.8774678714615902,3.7397436844777445,0.7010151310340016,0.3839505066714299
675,4.65470281940945,3.7773980064928123,0.8773048129166341,4.0685835477083,0.6882811358278069,0.40118878671751107
676,4.262142343349509,3.4023198484860044,0.859822494863522,3.3578030523821223,0.7119467156743611,0.3692428548571121
677,4.388677985955538,3.3677475861466766,1.0209303998088899,4.033966360695061,0.7418615303751309,0.3293891993879966
678,4.312789249520207,3.4309207167857414,0.8818685327344724,3.827117664672393,0.6990722885710166,0.3865730825898188
679,4.339714172597822,3.3772930580051215,0.9624211145927006,3.8623637142592795,0.728089248613918,0.34766837657782473
680,4.416178618781472,3.47064500005155,0.9455336187299963,3.9260792754700393,0.7188741470787268,0.35996387727616846
681,4.29070027352894,3.3468609875966484,0.943839285932313,3.6052727851421515,0.7335977344308025,0.3403436694282319
682,4.7939915142211325,3.601195982766032,1.1927955314551468,4.140877397755897,0.7980186807835399,0.25591213942103874
683,4.672469019340311,3.7264369086621505,0.946032110678118,3.161494404940983,0.7623094794764649,0.30244942841998707
684,4.394498044536916,3.333783615062713,1.060714429474217,4.293059537089487,0.7444214107625062,0.3260038916125125
685,4.663444851084747,3.5828599837842523,1.0805848673005016,3.937341193077973,0.7686954517393267,0.29408172939609345
686,4.38089043330818,3.4695645928229757,0.9113258404851763,3.373134693249984,0.7330450597484539,0.3410777382706068
687,4.382983307589639,3.338704112804492,1.0442791947851333,3.680921790380024,0.769394055598981,0.2931675901004602
688,4.926364075926911,4.101730050249034,0.8246340256779376,3.840097261657151,0.6769739436070463,0.41659598906888023
689,4.452772419503034,3.4847847280326674,0.9679876914703414,4.724956233597302,0.6978869624703486,0.38817441907216066
690,4.261716326273741,3.347799566735481,0.9139167595382673,4.4674627454995015,0.6879417000221928,0.40164990055515576
691,4.633875721363252,3.6586297990664347,0.9752459222967786,3.9401199774454554,0.7293292425641695,0.3460179264769086
692,4.412947994902125,3.2687519471053603,1.144196047796754,4.255513691312604,0.7750739408704205,0.28574434083213796
693,4.355335301430144,3.32861746921247,1.0267178322176846,4.1214236565448115,0.7399654372386008,0.33189911690628077
694,4.470693197484578,3.5669440178209966,0.9037491796635777,3.5639634918254615,0.7195458387503472,0.3590658357940078
695,4.416540356145716,3.562181099603513,0.8543592565422387,3.9935530639396593,0.6825805426059257,0.40894429348735745
696,4.406486073221216,3.468701447464844,0.9377846257564215,4.487522435612796,0.6953073138005554,0.39166288918210773
697,4.716081939518388,3.680892436621508,1.0351895028968556,3.8183442984363474,0.7580202508497855,0.30808158812933734
698,4.467150937611037,3.3696812574540393,1.0974696801569621,3.75011526227612,0.7859554551017353,0.2715663773767744
699,4.47311123362543,3.26989008265853,1.2032211509669537,4.35479452712948,0.7902611340638216,0.26597153159193515
700,4.555869778305563,3.585856017290861,0.9700137610147408,4.679833650237509,0.6999110550501146,0.38544053558510677
701,4.377863452632808,3.4554498154980164,0.9224136371348095,4.055826603274845,0.7050553553436171,0.37850516799942135
702,4.268832365944589,3.0540224285642763,1.2148099373803234,4.538003870936702,0.7852232924501759,0.2725185988390316
703,4.402503076981403,3.4765059109917393,0.9259971659896564,3.395127706080256,0.7379966820058923,0.33450743419783224
704,4.644781739018682,3.507530858018515,1.1372508810001705,4.463117408445047,0.7630519544470562,0.30147546747136866
705,4.616598304524401,3.493418220891786,1.1231800836326897,3.74750498543081,0.7960490994115718,0.2584636496515945
706,4.498432798118684,3.5788045412467318,0.9196282568719312,4.077294974028526,0.7032263113226853,0.3809689193254078
707,4.6935537598968,3.4541002092145225,1.239453550682299,4.6373348709264235,0.7885760662357372,0.2681601258216336
708,4.420129278170676,3.40163475795866,1.018494520212073,4.606647357845464,0.7181064823035147,0.36099058898226366
709,4.481113786339491,3.4586053350934973,1.0225084512460398,4.391154197435709,0.7272996627353353,0.3487198203942987
710,4.452192908162529,3.2223985622258686,1.2297943459366252,4.0423195663924165,0.8168235634057255,0.23163237018757424
711,4.644488530880763,3.576000317741264,1.068488213139517,4.106735257467928,0.7556383561656186,0.31121345343852036
712,4.489809590203818,3.3365710899520016,1.1532385002518595,4.547912896310859,0.7646561356777622,0.29937211552451554
713,4.4072593975633785,3.525271392518685,0.8819880050447182,4.288818709527227,0.6826265606907841,0.4088815891439622
714,4.461777539607836,3.6262327912301684,0.8355447483776288,4.097963066778602,0.6723426854768241,0.42293500051397803
715,4.680742785847811,3.7047952605177654,0.9759475253300707,3.943212808253337,0.729449905615511,0.3458573725717738
716,4.797174333358767,3.792206496091768,1.0049678372669746,4.0528629854364855,0.7351794182483828,0.3382438704126804
717,4.61102566950511,3.7384682399714313,0.8725574295336287,4.434433421192557,0.6750403919929027,0.41924047831377603
718,4.550047140936427,3.52631042542503,1.0237367155114043,4.340059109724185,0.7297162174105456,0.3455030504153526
719,4.592710348418719,3.577038819088524,1.0156715293301772,3.9210018133698146,0.7453288124409818,0.3248047987318534
720,4.45331773429892,3.484969130268282,0.9683486040306093,4.213196172018641,0.7153989598013959,0.3646148076956971
721,4.4279932524975,3.5301037327843288,0.8978895197131465,4.037324370762411,0.6968551822493061,0.38956913077652683
722,4.333726791891578,3.3989830371594207,0.9347437547321533,4.563726896055208,0.6919276871031217,0.3962404042946634
723,4.242463025556716,3.2448108667671063,0.9976521587896059,3.600323958645335,0.7555608541926467,0.3113154090482523
724,4.892928664257098,4.002022322707147,0.8909063415499645,4.009746513956371,0.6953373631414226,0.3916222259610106
725,4.367775942921056,3.3742088054035255,0.9935671375175161,4.0910833098142465,0.729368031403062,0.345966313188116
726,4.360591278056787,3.3763294850544368,0.9842617930023039,3.67167862414542,0.7461671667821207,0.3236973639274744
727,4.4276400624049606,3.425126045590491,1.002514016814473,3.995287941731597,0.7369009623258723,0.33596009027447116
728,4.114351521783006,3.336459534352673,0.7778919874303369,2.9507110761867477,0.6980949653916323,0.38789334207981585
729,4.736783583036568,3.6745345544636434,1.0622490285729214,3.858569533957267,0.7661197399324016,0.29745423867715015
730,4.756575795647605,3.7535069762293594,1.0030688194182176,4.783208250908482,0.7073454599049005,0.3754235948142616
731,4.665736025311147,3.6774870729234435,0.9882489523876643,4.462170130521738,0.7130856373589302,0.3677151572811221
732,4.479376230784836,3.4139713365215796,1.0654048942632812,4.211422993583998,0.7496588133768788,0.3190892787490301
733,4.3384512971745,3.3572224586997974,0.981228838474749,3.8966222196330236,0.7335831603909596,0.3403630244789827
734,4.810136676492092,3.8360325207471524,0.9741041557449535,3.4422847739905613,0.7554541585127373,0.3114557749386412
735,4.769900877691881,3.8374586396365364,0.932442238055387,4.2446155837660235,0.7016366766302798,0.38311206184919006
736,4.349109873415883,3.5008074174180512,0.8483024559978389,3.815365855673731,0.6868085143808718,0.4031899201581589
737,4.727244367257284,3.6369136055776314,1.0903307616796383,4.390525820749303,0.7504022492097631,0.31810901020945453
738,4.567988367994004,3.5255008141230197,1.0424875538709557,3.1890044324439106,0.8040223765499563,0.24814479663736777
739,4.414198114072049,3.6029355941893497,0.811262519882689,4.094513951232985,0.6638085079395797,0.43466100381159967
740,4.368130288714254,3.436119090000825,0.9320111987134396,3.983391945764689,0.7114427840640349,0.3699190806138881
741,4.421198211380484,3.30358306218893,1.1176151491916357,4.789963414266353,0.7435520545412335,0.32715314884619334
742,4.385320839841071,3.1833668736263325,1.2019539662147167,3.496818407671606,0.8456774054957408,0.19463665469989133
743,4.364945346250848,3.321055800500363,1.04388954575046,4.161372207727096,0.7443064136740005,0.32615588882953395
744,4.761577578326395,3.54079074678605,1.2207868315402948,3.9194339123460757,0.8213966292793569,0.22574902043216258
745,4.353580205842305,3.492372285361596,0.8612079204807515,3.9045260095326793,0.6883022037979813,0.401160169294758
746,4.265155961357421,3.171917699918814,1.093238261438671,4.517170032146122,0.7461264204953779,0.32375117906355516
747,4.523309095068313,3.707800021031953,0.8155090740363562,3.905337170561582,0.6713250755546765,0.42433012040703544
748,4.485742407855795,3.4904247144986433,0.9953176933571513,3.6708294290338124,0.7505967769646792,0.31785256318853916
749,4.412156635907691,3.371926964299152,1.0402296716085857,4.244088158172152,0.739388434786734,0.33266332742206267
750,4.6969445160914765,3.6410601951211587,1.0558843209703355,4.160248184357627,0.7486221843375175,0.3204566538783104
751,4.6706416187017075,3.7114215290938004,0.959220089607868,4.1662596332054544,0.7139875869565482,0.36650593205877596
752,4.672214087523954,3.684712308998093,0.987501778525882,4.517610571929767,0.7109143744074157,0.3706283351914819
753,4.879314054331686,3.9134068705047538,0.9659071838269142,4.168387369939721,0.7162802304993805,0.36343463832294004
754,4.487394801739909,3.5258231525230803,0.9615716492168644,3.398334861093762,0.752926828024361,0.3147824627661153
755,4.6242644286970025,3.746653442307351,0.8776109863896977,4.237490806272577,0.6827365639928477,0.4087317049171475
756,4.4716708747621245,3.4159340589393663,1.0557368158227405,3.791198194973651,0.7674105590207443,0.2957636836925867
757,4.705673879503407,3.629749589801892,1.075924289701561,3.834222047732128,0.7726753531074471,0.288877198556826
758,4.423288050004188,3.4068698347900037,1.0164182152141734,3.7775440946835506,0.7530076089575334,0.3146760782999006
759,4.38486574058298,3.3716107978393266,1.0132549427436288,4.139410324817321,0.7343529352182208,0.33934089944152945
760,4.490524671594286,3.4593061593134733,1.0312185122807591,3.780836723987509,0.7585442557321084,0.30739299987511887
761,4.599819443321663,3.573354434574582,1.0264650087470955,3.6247313275610686,0.7656948915255901,0.29801083826693037
762,4.634672160718636,3.724724407502854,0.9099477532158176,3.927846757426959,0.7055366478007746,0.37785724168092844
763,4.305171397658895,3.4299768923696794,0.875194505289187,3.7472489065226267,0.6998192896497764,0.3855644179886295
764,4.647721202815531,3.6443870656910695,1.0033341371244546,4.760466940903466,0.7081390157773046,0.3743566157403546
765,4.282276710997549,3.245609147870627,1.0366675631269686,3.5873253041827304,0.7721183339327833,0.28960514047637387
766,4.736492477642954,3.6840945757382313,1.052397901904726,3.6928219593251708,0.7718791811107143,0.28991772501956486
767,4.742147504430689,3.6572181704124693,1.084929334018227,4.7367861242213944,0.7350685342739298,0.338391028153922
768,4.784815156370583,3.658552018135903,1.1262631382347195,4.699206315303629,0.7497275080924041,0.3189986874510394
769,4.589039950257912,3.6179476547294085,0.9710922955284786,4.070707031351661,0.722104633920283,0.35564740994760113
770,4.241707642654702,3.4298001310400243,0.8119075116147201,3.3322279494888125,0.6928711566066851,0.39496169619868765
771,4.288303584661533,3.3227176738175244,0.9655859108439699,3.397405442167125,0.7546946055991901,0.31245519931711296
772,4.2374119894157465,3.194322230241265,1.0430897591744497,3.8646142865621833,0.7585392512599618,0.3073995754994804
773,4.218757005703067,3.2974093955689474,0.9213476101340348,4.448052218706064,0.6910393070589647,0.3974450407527686
774,4.315918878152828,3.1834056566431164,1.1325132215097256,4.4908323305626645,0.7602694195085117,0.30512701127704794
775,4.658480580956151,3.6664145475180225,0.9920660334381637,3.6130304098240433,0.7525719462213248,0.3152498666528406
776,4.69077424376779,3.5900061336463613,1.1007681101214644,4.073082204203999,0.7689258961809257,0.29378016039317123
777,4.0702532446209,3.0657207954108356,1.0045324492100463,3.3443986938030843,0.7749967430657134,0.28584512705700144
778,4.635489415735363,3.784869184148458,0.8506202315869018,3.7366349748440584,0.6907711940310535,0.3978087131887989
779,4.578240340112514,3.569062901624796,1.0091774384877112,3.8985238583736326,0.7440026396186563,0.32655743795493936
780,4.642993122426716,3.5818868499800827,1.0611062724466933,4.158864146483541,0.7505421877828989,0.3179245262997555
781,4.295353757305732,3.244298798433202,1.0510549588724984,3.5552756041995526,0.7800325420028411,0.2792766268877251
782,4.485067271680051,3.5555607626308,0.929506509049304,3.1393454779035928,0.7563719287651517,0.3102485820272077
783,4.569917743391712,3.66500251603713,0.904915227354536,3.630256929698172,0.7167489500907855,0.3628071503762526
784,4.5343116580199725,3.6104485295400783,0.9238631284799226,4.148279809042487,0.702092814643569,0.38249691782303163
785,4.677095196677938,3.803689734053406,0.8734054626245893,3.6033272218335544,0.7054436349537385,0.37798244521441776
786,4.327571460197858,3.444847506048194,0.8827239541496397,4.088733916584195,0.6895243260865709,0.39950067552017116
787,4.492856562907021,3.6265433245307177,0.8663132383762786,3.550762462927956,0.7050317938853617,0.37853689102226123
788,4.5409733418562,3.7164055537067595,0.8245677881494089,3.666148051771396,0.6834667403824499,0.40773704073667894
789,4.242927848209702,3.2307071331538735,1.0122207150557756,3.6506821883233,0.7584618484606966,0.3075012805723
790,4.375419894113164,3.4678869443721743,0.9075329497409825,3.423494211171217,0.7285576026119327,0.34704487948875945
791,4.520898537791864,3.579192826678695,0.9417057111131726,3.524143366606305,0.7371396795600882,0.3356435493556822
792,4.418782486313417,3.356210778341075,1.0625717079723245,4.424041542168105,0.7396033344638071,0.3323786810056883
793,4.644207566799522,3.5571403979689853,1.0870671688305151,4.497382942525757,0.7448706994576122,0.32541011715460705
794,4.308728792073892,3.3750478139906006,0.9336809780833164,3.6266966682473445,0.7284079902867688,0.347244036485307
795,4.697134639388067,3.669003687533947,1.0281309518541661,4.684098847469025,0.7186061161088112,0.36032231158875366
796,4.215694442342438,3.1928247976516237,1.0228696446907861,3.551649986285881,0.7687669077481162,0.29398821628666405
797,4.40627447621243,3.503740835632356,0.9025336405800317,4.146703318967898,0.6945622077675144,0.3926713852462906
798,4.400387447638123,3.4457477995979664,0.9546396480400858,3.755845788355428,0.7301935446627245,0.34486808519615497
799,4.586622076787974,3.562472876492161,1.024149200295824,4.973988893936136,0.7081957279672946,0.3742803794424062
800,4.31694178102127,3.3099639898009867,1.0069777912202085,3.9703671623901133,0.7397122388856208,0.3322344414047573
801,4.243818529413757,3.3114144874324394,0.9324040419813286,3.645922875390026,0.7269216750024643,0.34922330023813075
802,4.290198071493008,3.3387849163388443,0.9514131551541709,3.1276096964479,0.7673433753718779,0.2958516516245487
803,4.283523919339003,3.3328948519766532,0.9506290673623425,4.053088856301269,0.7154067689625283,0.3646043476903128
804,4.555943522868787,3.576151420863538,0.9797921020052058,4.3105597141442065,0.7156960290720823,0.3642169254221157
805,4.561061215677667,3.5975805021790803,0.9634807134985977,4.351045361732631,0.7086007877928655,0.3737359343006014
806,4.640533114399019,3.692868689288999,0.9476644251100765,4.192595174253729,0.7088863968421499,0.3733521107891087
807,4.6784318831374625,3.815188332423946,0.8632435507135483,3.866081298684481,0.6905097217535325,0.3981634286952705
808,4.476716835209557,3.6463244965947466,0.8303923386147858,3.4418320440567314,0.6954275906334877,0.39150013264930283
809,4.276609321196971,3.2256273325281652,1.0509819886688092,4.296271435803321,0.7409130245851101,0.3306445056639563
810,4.486631504480257,3.557009992720956,0.9296215117593079,3.6810091997536087,0.7240748456961882,0.35301813401205523
811,4.119092162090211,3.384491107074406,0.7346010550157871,3.4132336792959386,0.6572681479011921,0.4436880340656412
812,4.391161173634699,3.4231552027436605,0.9680059708911131,3.731198002923369,0.73662943353318,0.33632018050374934
813,4.648203197696076,3.6942323031176505,0.95397089457839,3.350749329880207,0.7527207028792106,0.3150539354646797
814,4.123758761631378,3.1944014476122424,0.9293573140191711,3.829648114952379,0.7170208350509387,0.36244323589114874
815,4.504957056336749,3.6289747216183725,0.875982334718401,2.94677753470992,0.745508366305247,0.3245675812991483
816,4.358517380065719,3.475725494873802,0.8827918851919208,3.508370069540165,0.7137942151713601,0.3667651364346471
817,4.677285732059018,3.6472956942129917,1.029990037846062,3.508428486235422,0.7744877529299319,0.28650971603050146
818,4.171740649875161,3.2207093849505446,0.9510312649246089,4.292617324421741,0.7063943810782642,0.37670293551691736
819,4.547652024437681,3.4383405038051675,1.1093115206325024,3.6163770692582844,0.7993833632130586,0.25414522804288875
820,4.55730714582556,3.605012571759665,0.9522945740658884,4.819047569402642,0.6901508410232007,0.3986503709271449
821,4.418558077401413,3.42038628675279,0.9981717906485983,4.375374703982585,0.7195935697389411,0.359002031220139
822,4.372121093922131,3.2527423048966275,1.119378789025518,3.8051667145951438,0.7909427799910432,0.265086560858494
823,4.4977384731354695,3.5309112832683303,0.9668271898671605,3.934904486242491,0.7264275330160386,0.34988163116247717
824,4.540049238633556,3.830319727096554,0.7097295115369775,3.30316622124192,0.6511128116015008,0.4522167929793622
825,4.620059553010875,3.8126111912295135,0.8074483617813826,4.114610800511143,0.6618628069594947,0.4373427354610267
826,4.409861503890325,3.551485586897704,0.8583759169926566,4.310907945802436,0.6738250728458096,0.42090415252634666
827,4.4217927714934,3.611442948308219,0.8103498231851631,3.978849425260689,0.6670381592559831,0.4302165017565529
828,4.545271476621038,3.4913697824708114,1.0539016941502268,4.325436079425328,0.7406945649534011,0.33093370127581734
829,4.134318202665766,3.128236751215435,1.0060814514503136,3.620221863153354,0.7577860253071782,0.30838942820981624
830,4.211534678607378,3.3171860925685364,0.8943485860388023,3.9923282260367827,0.6972501503040038,0.38903514226383146
831,4.369843123552285,3.2772933670189515,1.0925497565332876,3.6881317187170275,0.7879615623539353,0.26895857289696784
832,4.4253319559451105,3.5569461632238015,0.8683857927213126,4.026461914656588,0.6865340780034832,0.4035630278533839
833,4.0734032955814845,3.1170403275414413,0.9563629680400254,4.090579808875319,0.7159625412431818,0.36386001912486987
834,4.454703755319129,3.4546655047758774,1.000038250543298,4.40899325194491,0.7189836253933672,0.3598174866611018
835,4.4603634505963745,3.5620152881980713,0.8983481623982925,4.197986651078796,0.691302934885777,0.39708750335558063
836,4.782796082888793,3.7817038539862002,1.0010922289026212,3.9309473766542187,0.7393967511265656,0.33265231147232205
837,4.317568362803725,3.2400224168248313,1.0775459459788976,4.593126083462721,0.7379768565924342,0.3345337115644083
838,4.454982177499388,3.594960526669886,0.8600216508295375,3.5650992241290087,0.7018285951077913,0.38285322449377335
839,4.275011070504248,3.4897857890825703,0.785225281421674,3.610290708961159,0.6701995886343578,0.42587409978628643
840,4.608550759552641,3.6981656937416316,0.9103850658110559,4.415334854285758,0.6883655285400991,0.4010741548740126
841,4.5290899682494645,3.5437369391760027,0.9853530290734511,4.456022501709745,0.7123266770635448,0.3687330963667662
842,4.718241557663403,3.6327214690812886,1.0855200885820864,3.8677674181801276,0.7743972024011175,0.2866279612059737
843,4.6388369695916785,3.727112810493117,0.9117241590985259,3.920118688098441,0.7065127234830497,0.376543714054904
844,4.30687201363149,3.1284021188327342,1.1784698947987522,4.0105723783202585,0.8004065299077935,0.2528210119084565
845,4.4830524612618055,3.6079162883957094,0.875136172866064,4.122120520719394,0.6856613754428781,0.40474987713112875
846,4.345793882839458,3.2197609089992616,1.1260329738401538,4.296811905370577,0.7668150200065782,0.29654354161982677
847,4.243461834227488,3.2159244751124154,1.0275373591151151,3.8450774671167167,0.7536731371854279,0.3137997461661184
848,4.604304857732571,3.626702035717151,0.9776028220154558,3.5177899881732184,0.7522774757810898,0.3156377568811315
849,4.4202068724408,3.3353055782172865,1.0849012942235277,3.987655334148256,0.7676025599446369,0.2955122969778424
850,4.562966656814509,3.543719954566334,1.0192467022481537,4.170673233836705,0.7351384202575524,0.3382982793306761
851,4.0331064000732075,3.1628771019806257,0.8702292980925677,2.8631557846827516,0.7493186731332908,0.31953787800097244
852,4.382488382426103,3.379695168551307,1.0027932138747815,3.8279856093225924,0.7451261133404545,0.3250726164393466
853,4.585057872251112,3.620976205279738,0.9640816669713672,3.335898538785088,0.7580677255082238,0.3080191962619238
854,4.413341181019788,3.398160877773541,1.0151803032462112,4.445994702861086,0.7227434029632349,0.35479469498655636
855,4.266566411590289,3.20545977053495,1.0611066410553462,3.472558308042755,0.7898538456051627,0.26650040750594295
856,4.300639034911099,3.4217076863622884,0.8789313485488606,4.425042218441735,0.6774563520654696,0.41593666091124754
857,4.443951121820176,3.5599965313780464,0.8839545904421016,4.663698150635543,0.6724943728734183,0.42272711111412886
858,4.682623099113797,3.5857416400978215,1.0968814590160036,3.9900765074196496,0.7718718321303275,0.2899273309481564
859,4.7242696087054545,3.716237612897543,1.0080319958079258,4.414842870328535,0.7214809835339098,0.3564801920499846
860,4.346873653918052,3.439695271946543,0.9071783819715051,4.240546953962578,0.69295120302176,0.3948532370099543
861,5.147868087184562,4.166626999140287,0.9812410880442144,4.370116357974814,0.713998783080749,0.3664909250166405
862,4.633831113105699,3.6092848885291557,1.024546224576568,4.168006927891279,0.7371365785247126,0.3356476611371702
863,4.486856773124415,3.501497843995092,0.9853589291292906,3.840216943615852,0.7378623750479145,0.33468545433169405
864,4.427132841484464,3.280530236036955,1.1466026054475265,4.445319190439914,0.7669649632428606,0.2963471740857992
865,4.711066887798139,3.716558992169598,0.9945078956285442,4.038615739998864,0.7320040514189892,0.3424609171013683
866,4.497067890310105,3.475828693317694,1.0212391969924397,3.642904924949006,0.7625149614893736,0.3021798533436018
867,4.651860742403911,3.6262879149689793,1.0255728274348712,4.377224008582068,0.7288848432487567,0.34660931987582105
868,4.367063385356103,3.4197877255665636,0.9472756597895113,3.683280613960278,0.7309268774047568,0.3438928390631168
869,4.697246111461921,3.7338183312347004,0.9634277802272209,3.9551220886541216,0.7242626210513602,0.3527676727203127
870,4.459998034808208,3.562673187217679,0.8973248475905393,4.237697716403664,0.6896064375574584,0.3993892175900995
871,4.642064487228068,3.4535529301350776,1.1885115570930225,4.912835208192799,0.7611234683426653,0.30400580532972615
872,4.325661825136634,3.3680711093991667,0.9575907157374104,3.3711161813444797,0.7529634494284424,0.3147342337592577
873,4.161541948892633,3.1310689346588196,1.0304730142337917,4.283560938320292,0.7343284415219901,0.339373417278898
874,4.154893789836691,3.2982702356929066,0.8566235541437095,4.577378133256094,0.6658570179578119,0.43184094558107017
875,4.11763366213033,3.171581772081079,0.9460518900492616,4.117647946120178,0.7111806007673758,0.37027097123292113
876,4.1606840123396145,3.3344294516837065,0.8262545606559115,3.5953869381356593,0.6869985900712181,0.4029315372322404
877,4.106208807083688,3.1381523993800604,0.9680564077036138,3.2315444021654365,0.7671066683520271,0.2961616058081319
878,4.465371425606789,3.3933189418356866,1.072052483771131,3.4453353689983643,0.7964016437958936,0.2580068199824006
879,4.329087179781637,3.296749062773741,1.0323381170078392,3.7312070477794848,0.7617612022020535,0.30316882961380864
880,4.450986216214843,3.650692744692079,0.8002934715227639,4.308625665805332,0.6540282439086478,0.4481731429221552
881,4.500300310174551,3.2736357857694243,1.2266645244051801,4.8114833455669785,0.7769677225847917,0.2832728046644866
882,4.52911596561266,3.3560991927750434,1.1730167728376841,4.4235951926883015,0.7767901387358236,0.2835044920075698
883,4.377848481328939,3.480243947308156,0.897604534020843,4.354301949192459,0.6859324837096827,0.4043811170567226
884,4.398366533234806,3.4773907939423223,0.920975739292544,3.8011964663805777,0.7150894460924901,0.3650294189443199
885,4.70659698594737,3.662572949423441,1.0440240365239788,4.430039768871207,0.7330932014356059,0.3410137886281071
886,4.612180165436299,3.5376962882831213,1.0744838771531704,4.403549850490997,0.7444758058698681,0.32593199759073593
887,4.609321579327385,3.6982541021382067,0.9110674771892491,3.358555827581947,0.7337917217534495,0.3400860567418564
888,4.673942767276329,3.619051516565647,1.054891250710682,4.589071750518764,0.730687506092339,0.344211138701012
889,4.350285483525609,3.4875350917394874,0.8627503917861077,3.8633719553511643,0.6904279614424493,0.39827435570637526
890,4.81123698142305,3.747011813920536,1.0642251675025136,5.039312495431179,0.7185709857742169,0.3603692943565702
891,4.46802084877872,3.6564211295734514,0.811599719205276,3.935789448520538,0.6688793726970527,0.42768650985809514
892,4.64217812983945,3.7205288130642904,0.9216493167751878,3.5062570036086935,0.7298738495864215,0.34529334460825817
893,4.299877001596697,3.2822923067919794,1.0175846948047251,4.163471024224281,0.734857589796932,0.33867099968853004
894,4.524256724347523,3.5366778905512417,0.9875788337963058,3.4263526030549905,0.7621546229057463,0.30265260170809083
895,4.490029770684699,3.6132842711427555,0.8767454995419826,3.5692439929802564,0.7083741889297814,0.37404049453622
896,4.415213709425742,3.397568606180111,1.017645103245627,4.414523369392487,0.7247546424515072,0.3521115023857572
897,4.437767687829122,3.3007693149668382,1.1369983728622515,3.9407414129509455,0.7893884018326797,0.26710489107795804
898,4.389705368928545,3.3893267060944465,1.0003786628341231,4.325864509207431,0.7222255970407703,0.3554859122496136
899,4.588203022030128,3.420237666520978,1.167965355509125,4.866099803566087,0.7565304424145534,0.3100401262706005
900,4.6529434717336775,3.7295655267585515,0.9233779449750728,4.05443625393384,0.7054588032303821,0.3779620269657757
901,4.356578964103206,3.2777866820919312,1.0787922820113067,3.4751176103127417,0.7970202416477193,0.25720536627346174
902,4.135379997174524,3.0848555266169937,1.0505244705575478,3.8616119940374247,0.7615148362566042,0.303492140404818
903,4.565605135162897,3.511968945477018,1.0536361896859034,3.820424718211914,0.7649589132401668,0.298975271933183
904,4.8200422524293876,3.6879715305384506,1.1320707218909547,4.12237888710437,0.7775773182868799,0.28247760238552466
905,4.337193771235021,3.2924296633610615,1.0447641078739593,3.674748240922046,0.7699574863000302,0.2924305064691341
906,4.613221862365534,3.560408587598139,1.052813274767459,4.077585822169727,0.751389096665764,0.3168082594516631
907,4.340513385668642,3.4041554114326145,0.9363579742360457,3.8401927115343444,0.7192125790691097,0.3595113626456871
908,4.299066334509333,3.423386810147931,0.8756795243614306,3.475924942320182,0.7124959897213228,0.36850597634965293
909,4.200857426295484,3.2919214845727707,0.9089359417227456,3.48236582307298,0.7259141352613117,0.3505657766432734
910,4.552103670180869,3.6244794184861844,0.9276242516946809,3.6074281825385697,0.7269682202658589,0.34916129714772887
911,4.033593206422025,2.9822002637111735,1.0513929427108337,3.3970312712890145,0.7912645940239844,0.26466882667859004
912,4.602403160754064,3.658805691550948,0.9435974692030982,3.7356361533299705,0.7268865413385497,0.3492701027904753
913,4.555632099236546,3.664359984073978,0.8912721151625647,4.046962344522797,0.6940996886519901,0.3932976026866915
914,4.533394023198226,3.5901981738229294,0.9431958493753427,3.339482006527959,0.7487942407599111,0.32022965985596824
915,4.55398723968652,3.679820505306526,0.8741667343799691,3.5631267698170586,0.7076232583903326,0.37505003106572177
916,4.341704170316048,3.2590724253397907,1.0826317449762541,4.597934970518489,0.7394616596681385,0.33256633402167873
917,4.336292159277476,3.5478466610970605,0.7884454981803515,3.4706682238309536,0.6769525858389572,0.41662518382363534
918,4.573646593748591,3.5947226758536095,0.9789239178949742,4.273338289215845,0.7167986473793604,0.36274062761418346
919,4.80708140584663,3.824981820828845,0.9820995850178065,3.871862156443207,0.7350889457226293,0.33836393890399463
920,4.05500131391146,3.0039111294953846,1.0510901844160117,4.332973611760348,0.7394125835943037,0.3326313396572583
921,4.500534901701584,3.545996857669489,0.9545380440321196,3.0527763617080623,0.7747872038984293,0.28611870726990624
922,4.476385749356083,3.5527260519676416,0.923659697388473,4.070524071776186,0.7049409456276857,0.3786592122027197
923,4.2434672041545545,3.2451734936470933,0.9982937105074825,3.5284651720956397,0.760145238216886,0.30529006993607494
924,4.775613562588531,3.876452305418371,0.8991612571701921,4.62175463503557,0.6785672149708495,0.4144190840834926
925,4.4164044792816375,3.5759558727278344,0.840448606553764,3.4517320971641485,0.6991207025820556,0.38650769795131834
926,4.414564605201789,3.5115198632210776,0.9030447419807501,4.030417695297189,0.6989880949579587,0.38668679263800315
927,4.56400969939419,3.697078106760638,0.8669315926335344,3.9249801921710947,0.6896683769723286,0.3993051444474184
928,4.518654825363497,3.560874263694113,0.9577805616694377,3.768019668176123,0.7308145420236964,0.3440422106470091
929,4.421772158260793,3.471925616075189,0.9498465421855826,4.003917414271429,0.7171518617453085,0.36226787550524614
930,4.264277509803818,3.2887826867457752,0.9754948230580567,3.8996790876459606,0.731284021619355,0.3434179978087191
931,4.106544918583537,3.30175960988534,0.8047853086982286,3.731368205557944,0.6733447302127229,0.42156202407206994
932,4.827988552018083,3.782654237174955,1.0453343148431031,4.15316267555958,0.745190980880358,0.32498690717953
933,4.231760431437393,3.3573598717609476,0.8744005596764168,4.007059603475298,0.6894128530603906,0.39965199670377655
934,4.570780522812512,3.4688986458923905,1.1018818769201175,4.264345545233102,0.7599835084946611,0.30550244446288666
935,4.539542304346056,3.604749900727973,0.9347924036181325,3.6606556420480327,0.7271291941291813,0.34894687370939736
936,4.422151233799453,3.621785540828209,0.8003656929712974,4.318898601083363,0.6537862681767318,0.44850847909765
937,4.514975500708984,3.403171976386907,1.111803524322113,4.250883318012448,0.7640615680275527,0.3001515389555227
938,4.453806209603711,3.4664437192037374,0.9873624903999598,3.7475643539497696,0.7433305207934406,0.3274460774224721
939,4.3854298398378395,3.409742422051237,0.9756874177866166,4.020711802871849,0.7259107266995972,0.35057031938506433
940,4.6635711130727335,3.641562610207706,1.022008502864992,3.7937788786581645,0.7542889035167848,0.31298915243776976
941,4.651252385334359,3.6009380495145775,1.0503143358197917,3.829084405065256,0.7632108566194381,0.3012670605714166
942,4.491377492401781,3.4473394586408466,1.0440380337608985,4.06796851152524,0.7486706661573312,0.32039269014750954
943,4.460689268717132,3.4014403270808264,1.0592489416362696,4.306879514775087,0.7433228923225987,0.32745616486042134
944,4.651200094814086,3.8404097770169683,0.8107903177971139,4.341423404652593,0.6567395792317303,0.4444191381923677
945,4.12621935207214,3.211424456008632,0.9147948960634835,3.285854676660991,0.739840514495904,0.3320645542956123
946,4.523270945029977,3.6222392616474286,0.9010316833825982,4.389408213679733,0.6860033995932884,0.40428466671007274
947,4.266418487271877,3.434709675184986,0.8317088120869016,4.013416200101506,0.6736766498455786,0.4211074114383772
948,4.128156623585013,3.3764739451745873,0.7516826784104182,3.6348400817359536,0.656241437668974,0.44510837373006934
949,4.756036847156891,3.745909740787588,1.010127106369339,3.2558590684988395,0.7840331777976162,0.27406694220537714
950,4.873817407385714,3.800886041223854,1.0729313661618676,4.47542391249161,0.7410284606415163,0.33049170323975197
951,4.159559050731999,3.340136403255399,0.8194226474766424,3.617563692815212,0.6833853265373485,0.4078479246749728
952,4.136883498514734,3.1753965403867204,0.9614869581279777,3.7102764790712737,0.7351459354743985,0.3382883057226534
953,4.370186451249409,3.2762676585039534,1.0939187927454554,3.8215270805243886,0.7802593741574403,0.27898104138451474
954,4.460117928462679,3.4489263119616984,1.0111916165009802,4.194179167776362,0.731285444088736,0.3434161067187794
955,4.776131169722119,3.7236837952399453,1.052447374482142,4.127171132234405,0.7489222320033921,0.32006081172273754
956,4.233309999846639,3.186000530353218,1.0473094694934844,4.250582943501996,0.741585627994467,0.3297542906061293
957,5.041580428601818,4.017145722208514,1.024434706393322,4.8042765660880615,0.7134838727060959,0.36718118517746723
958,4.439389885925421,3.5929929875332958,0.8463968983921291,3.5732854574706803,0.6959859358446399,0.3907447252699201
959,4.770106523225691,3.9409785715617636,0.8291279516639634,3.6836738325462726,0.6845521127301195,0.4062592646959887
960,4.546658732441002,3.352128266055643,1.1945304663854017,4.683799854020776,0.7722091866935187,0.28948639885165195
961,4.62261113811273,3.5465976474340826,1.0760134906786334,3.4683719597443066,0.7963591702828472,0.2580618546260563
962,4.1737919467234255,3.1492209869091203,1.024570959814298,3.6655187042303474,0.7625056590404393,0.302192056897594
963,4.780899971631,3.8008363556320885,0.9800636159989153,4.360549306496475,0.7139440097547879,0.36656434278110117
964,4.641373186434165,3.6321325686808335,1.0092406177533348,4.861664159423523,0.7068982579203376,0.3760250705002191
965,4.161027885855659,3.176390398981442,0.9846374868741918,4.028316028898979,0.728853544133288,0.34665097637586284
966,4.5026721469632625,3.7470566665055633,0.7556154804577204,3.4333858935037664,0.6650697308977075,0.4329243479429524
967,4.498583189250481,3.6201813463201438,0.878401842930316,3.3292491872613077,0.7214557246080251,0.3565139263803131
968,4.741356261497784,3.7736749841533195,0.9676812773444681,3.8935224032369096,0.7286312893045341,0.3469467962365953
969,4.357482695683685,3.547558957793842,0.8099237378899034,3.5725575370097378,0.6814374093998508,0.41050244622254084
970,4.550604300739777,3.4617776576463966,1.0888266430933413,4.0015007237097535,0.7683123677436793,0.2945831079555594
971,4.478966329271869,3.5706205228474728,0.9083458064243928,3.589945394225671,0.7201005642601641,0.35832439457902004
972,4.81886558313657,3.7409986360993797,1.0778669470372506,3.9781897930477736,0.7655130911723657,0.29824904554492776
973,4.498489539311307,3.457441935113116,1.0410476041981838,3.7651254513690713,0.7632217584784964,0.30125276280328545
974,4.380058541160493,3.4413255978149406,0.9387329433454852,3.449285503037391,0.7401805826828098,0.33161421729336227
975,4.726605960626883,3.865106350203159,0.8614996104237207,4.894071933584982,0.6597228963984991,0.44029578048896745
976,4.2001327957831185,3.1292499451302076,1.0708828506529358,4.053747395924168,0.7590958588594532,0.306668302540393
977,4.4516559501599735,3.462876571164762,0.9887793789952184,4.065220676478148,0.7287522540964099,0.34678578905130797
978,4.943898450819957,3.871309942523779,1.0725885082961781,3.4172284251333185,0.7987302065765953,0.25499079790213885
979,4.636439846324932,3.8328828510375557,0.8035569952873516,3.605292399551196,0.6776091065942569,0.41572792249993223
980,4.665512084347696,3.7307652671621154,0.9347468171855553,3.7017724443651634,0.7250754676517472,0.35168372464996556
981,4.564054742262427,3.7571176499848837,0.8069370922775647,3.906242550759824,0.6681297050021939,0.428716289010188
982,4.356249545432134,3.386152239353172,0.9700973060789693,3.3472946634045613,0.7599081599362641,0.3056013927274419
983,4.333648244649381,3.3044909364645028,1.0291573081848355,3.491758180450587,0.7752504700559386,0.2855138826164515
984,4.392790351048958,3.399369231449774,0.9934211195991907,3.6785994929845067,0.7494144471043926,0.31941155850893477
985,4.994059955043311,3.980265189539714,1.0137947655036328,4.305355572381462,0.7276620741638384,0.34823717119155434
986,4.455762533558455,3.5020404216312633,0.9537221119271635,3.2125626080834504,0.762057795769296,0.30277964617639874
987,4.544515789400903,3.4473261568900453,1.0971896325108332,4.366251444383851,0.7537842212729458,0.31365350003816994
988,4.434526018720631,3.3384835190002162,1.096042499720454,3.7781703588379614,0.7836764602928727,0.27453116078174566
989,4.404381462778914,3.58612241702962,0.8182590457493575,3.49758133489825,0.6879422491102163,0.40164915456583333
990,4.435019846493886,3.5619517154340405,0.8730681310598243,3.337846535533785,0.7186846587927493,0.36021727269103104
991,5.0249085552828054,3.9522360152413887,1.0726725400414239,3.594275981180477,0.7862016706646463,0.2712462146237879
992,4.530302397623742,3.533263353132898,0.9970390444908617,4.186320098633148,0.7266029113289973,0.34964796241809126
993,4.5316394045490105,3.4779297769327213,1.0537096276163425,4.4203543785405195,0.7367524754476975,0.33615700201666343
994,4.569398394575827,3.6273264763157114,0.942071918260126,3.449606758825336,0.7415606492700726,0.3297873461795245
995,4.2938978998441675,3.3720582212054024,0.9218396786387189,3.3436965756985053,0.7393136391850277,0.3327624046237392
996,4.643870075157721,3.7093498225563755,0.9345202526013736,4.139559121261641,0.7062155310775142,0.37694358385965926
997,4.306221889668378,3.3534849096928303,0.9527369799755547,4.03265631384197,0.7170137312127174,0.36245274367539887
998,5.224328731293368,4.023121983272058,1.2012067480213204,4.745134983140874,0.7717508529549635,0.29008546793074264
999,4.847390766785664,3.8164849508644982,1.0309058159211304,4.3496398402466525,0.7317983970745898,0.34273424569920313
