,logR,logI,logS,d_G,p,sigma
labels,$\ln\mathcal{R}$,$\log\mathcal{I}$,$\ln\mathcal{S}$,$d_\mathrm{G}$,$p$,$\sigma$
samples,,,,,,
0,5.135451159646127,4.943059589612471,0.19239157003357832,1.9362210841640728,0.4451926226472741,0.763454106041159
1,5.124427924060601,5.04619642508538,0.07823149897558324,1.3243119233944949,0.375463727160228,0.8862854506517951
2,5.6461902589314015,5.326227468330867,0.3199627906005844,1.4108633771835901,0.5184250618050525,0.6457750292729865
3,5.048252852228561,4.744749223708876,0.30350362851913815,1.0925157379451722,0.5221149369430438,0.6400886969755903
4,5.606442438441864,5.207597889571762,0.39884454887123866,2.6113972070298157,0.5360039070631611,0.6188671102331038
5,5.5582839035811595,5.380561854992639,0.17772204858920304,1.5220449504179516,0.4321011247053774,0.7856012623313361
6,4.74474833128048,4.6228982066164015,0.12185012466397893,1.946276512755169,0.41443989849073415,0.8161053252094388
7,5.0061959892206325,4.679163186309285,0.32703280291116243,1.775563992673936,0.5135105470756953,0.6533812134971491
8,5.059371090089062,4.826570851205194,0.23280023888310097,1.4020453226822926,0.4618642913448565,0.7357804981614132
9,5.661372929326408,5.370473466190301,0.29089946313615656,2.588046310294409,0.49052806161849527,0.6894691801247158
10,4.961790897098272,4.671524795413834,0.2902661016842103,1.5543533212357286,0.4956481068248102,0.681353075740643
11,5.44630829032636,5.160580330435696,0.2857279598911191,1.9444637775105456,0.4897841811592196,0.6906521265605892
12,5.5210549039199215,5.177028522281862,0.3440263816382867,1.6457480723028652,0.5265798803760328,0.6332354786625584
13,5.526951556743061,5.0740788483255095,0.4528727084179991,1.733251779142675,0.5930301834304246,0.5344500727719843
14,5.282753380479026,5.065863379429683,0.2168900010501602,2.3106051591292314,0.45925165347112373,0.7400796703873618
15,5.246877906918289,5.109792764812614,0.13708514210520661,1.7068076029305708,0.4159122960538686,0.8135334152036403
16,5.139398274779214,4.826310940990194,0.3130873337886442,2.0756058646782023,0.5024740114657495,0.670602151621326
17,5.2399732018144825,5.069902447441908,0.17007075437231833,0.9839672533197898,0.4162373736475222,0.8129663110776051
18,5.654633543248256,5.320465910462506,0.3341676327854657,2.083917963635278,0.512777616904422,0.6545188033319036
19,5.699958985964859,5.626640191200192,0.07331879476441827,1.718561541386526,0.38789180997786155,0.8634468865882219
20,5.274505092705713,4.842629110453654,0.4318759822526772,2.471239131615244,0.553350694368625,0.5927466828892306
21,5.627141681656813,5.349470408396986,0.2776712732602391,1.1709376585399607,0.4959065665497612,0.6809445670887494
22,5.266801379573426,5.120893220238035,0.14590815933479462,1.3479269876178765,0.4112301993323263,0.8217306705674831
23,5.0791245834094845,4.633113325034532,0.44601125837471045,2.1906011699749026,0.567682273376533,0.5714682546063367
24,5.18042478672729,4.847757818245714,0.332666968481135,1.4008060904652258,0.5278397016666238,0.6313071669948183
25,5.6719077388540065,5.609357355613131,0.06255038323979534,2.014908032367602,0.3920186644104248,0.8559622429309702
26,5.386368058723438,5.211955647862585,0.17441241086089576,1.7562512948934117,0.4343697775614682,0.7817359363146456
27,5.004964576822804,4.6911426671376155,0.3138219096845205,1.576044381442145,0.5096752376271403,0.6593434643991753
28,5.186355659830642,5.011795568116032,0.17456009171473852,1.6722441430553037,0.4330715383222937,0.783946440238747
29,5.406664748831336,5.1647768033947195,0.2418879454362468,2.140869893529594,0.46908907253053767,0.7239619871102625
30,5.260147461865618,5.093767308883766,0.1663801529821285,1.6092290509552338,0.4279074163660297,0.7927775881248107
31,5.307114672650332,5.0023024298246845,0.30481224282630137,2.121683210296162,0.49815656367909833,0.6773931179281375
32,4.816124342990097,4.7057809295843676,0.11034341340655374,1.1120346619378658,0.38283336948296265,0.8726876161477551
33,5.347075896970328,5.163500470978963,0.18357542599096632,1.5120302494494133,0.43502001395076917,0.7806302175757164
34,5.009615619710221,4.6789971975806885,0.33061842213010095,2.4327461007901636,0.507949973260263,0.6620331554575763
35,5.392680276984411,5.147099930612395,0.24558034637266246,2.068686590976217,0.4705025289948157,0.7216616446301478
36,5.1537161470029424,5.050076755008437,0.10363939199396555,1.9866009493770616,0.40775134398179125,0.8278572568719329
37,5.073682274069743,4.751180837368604,0.32250143669989484,1.3056373440615712,0.5247875698395854,0.6359828966060732
38,5.39514844727697,5.025014091766305,0.3701343555112544,1.6886590195639073,0.5414161326430229,0.6106729267466863
39,5.476991377471368,5.185088560855366,0.2919028166152202,1.8273065449514139,0.4936648726592212,0.6844914719773547
40,4.776327471715067,4.62378676172931,0.15254070998616953,1.6486957086264091,0.421927569922812,0.8030816035779592
41,5.28378860027593,4.960671734860551,0.3231168654156136,2.0932372811075766,0.507224860171021,0.6631650383393125
42,5.460463116228912,5.181829686407578,0.27863342982072936,2.043380998388681,0.4859812376483805,0.6967148913232342
43,5.042802977961092,4.811228203366685,0.23157477459426445,0.6617188318175415,0.49116798174917087,0.6884523267534772
44,5.5272196507427545,5.269817747785719,0.2574019029570991,2.153018246496945,0.4760943473849356,0.7125983268762782
45,5.861590359406964,5.579228523522357,0.28236183588524,2.053159325153821,0.48773989948768814,0.6939080108059537
46,5.383171255451689,5.094868841842807,0.2883024136081076,1.4495056905653438,0.4961503353803093,0.6805593822414613
47,5.01457264140814,4.654927452256143,0.3596451891526158,1.5402965949214806,0.5405214662540211,0.6120246235341469
48,5.435755167489933,5.19301607899909,0.24273908849045256,1.9229350814311097,0.46868088313166945,0.7246270116234513
49,5.062236228210768,4.772195507537763,0.2900407206734599,0.9690124561604918,0.5199964631544356,0.643350857351996
50,5.367811975936693,5.116953095792926,0.25085888014291413,1.928911363123504,0.47262415180439743,0.718215938710328
51,5.808910486666409,5.66140638331073,0.14750410335545894,1.679568269903335,0.42018183421247135,0.806105823212513
52,5.241258173687729,5.080306364611456,0.16095180907632312,0.9415911443777283,0.408576866646546,0.8264006291791495
53,5.370907601371673,5.197104724869842,0.17380287650121318,1.2242048930463003,0.4241049290395049,0.7993199237375715
54,5.934490812059867,5.5688470170596,0.36564379500032373,2.1665786221906096,0.5272251630300457,0.6322475003789104
55,5.499168967113892,5.186041539506686,0.31312742760746914,2.307808331424912,0.5009391059964621,0.6730128655640419
56,5.496615482545767,5.175438990328882,0.32117649221618194,1.6793404337265905,0.5119527420991299,0.6558001155138794
57,5.276960205240957,5.061920517391929,0.21503968784872995,1.790818768674276,0.45442933468280833,0.748051101767237
58,5.445834272509874,5.166280114680244,0.2795541578298071,1.2531253133433164,0.4946685480827431,0.682902351303672
59,5.5118238198407745,5.255154933562178,0.2566688862780211,2.2895494133109473,0.47603119451014553,0.7127003586494733
60,5.433449451463876,5.161731651648626,0.27171779981563304,1.7387359148913273,0.483435146414387,0.7007882909227366
61,5.004802748728853,4.76763445103148,0.23716829769819014,1.509948935336645,0.464597530681765,0.7312973796391234
62,5.294358308548599,4.950110185071498,0.344248123476973,1.6598894425892468,0.5263057359280707,0.6336554023801174
63,5.2199699422268715,4.888330679014434,0.33163926321230974,1.6280466972379948,0.5194219296286691,0.6442367404971576
64,5.8367031093636434,5.719941812298945,0.11676129706484062,1.3033847083106824,0.39421654612062007,0.8519955784612323
65,4.792699230111484,4.763346663382176,0.029352566729357932,1.602203212317189,0.3651227271808348,0.9056469929555145
66,5.434323579729298,5.16156175109332,0.27276182863533904,2.071736449923943,0.48314741229270397,0.7012493572539524
67,5.6334966610462835,5.411041340802019,0.22245532024317072,1.889924261591533,0.4587768477230658,0.7408624458011953
68,5.262245313907133,5.159251094628754,0.10299421927902586,1.6467279422028582,0.39874756540720735,0.8438601380560941
69,5.66961797017726,5.4325974691727446,0.2370205010056452,1.951404731357199,0.4660575948330583,0.7289085656283192
70,5.496175264973008,5.390471311153934,0.10570395381910203,1.5844567422028888,0.3981322384819128,0.844961673086603
71,5.163104593826265,4.831882436866682,0.3312221569603935,1.5648076274781744,0.5209089028651688,0.6419449873763509
72,5.460392066364566,5.209584628242457,0.2508074381221377,1.1480863901091904,0.4758601523350222,0.7129767370425281
73,5.433110910519336,5.056491772506551,0.3766191380127566,1.6125509855982134,0.5486779127063541,0.5997424200662614
74,5.527119104852918,5.2060897154758585,0.3210293893762355,1.2317946902571215,0.5277245042323442,0.6314833932710064
75,5.23374719905647,4.995938319962715,0.2378088790937909,2.1912345279376133,0.4674949818676086,0.7265609098459485
76,4.946142470486539,4.610704461074096,0.3354380094124281,2.0243233472700712,0.5141680976045875,0.6523613404440541
77,5.170120319603175,4.880303492752969,0.2898168268502559,1.169738929645332,0.5056513935000134,0.6656241073403608
78,5.097084356444302,4.812203151633316,0.28488120481142687,1.496167144273942,0.49320254453293644,0.6852240583968958
79,5.644085141022206,5.349125589140709,0.29495955188212974,1.9587038729098083,0.49433415598746355,0.6834316030240604
80,5.495365982176427,5.26733244329365,0.2280335388823005,1.9442883006104896,0.4617721386997572,0.7359319064243374
81,5.3965998611780925,5.299088357612266,0.0975115035653289,1.5481747426483317,0.39318393100663185,0.8538575348888575
82,5.489069996731505,5.182007000388932,0.3070629963431202,2.603535915634774,0.49712489288471196,0.6790204684699346
83,5.658880067650589,5.3692115378674465,0.28966852978282986,1.6685781052196198,0.4938721681010566,0.68416311928582
84,5.211950875248167,4.936567803811062,0.2753830714364085,1.6758950714241667,0.48577410381590813,0.6970458447287711
85,5.043346243691904,4.7127082340170325,0.33063800967465795,1.646687001135188,0.5183393695748795,0.6459073341491712
86,5.072721635754224,5.052199824209286,0.02052181154522259,0.8621227398040112,0.31568602170082377,1.0033624354235486
87,5.328515838273834,5.2216956233703335,0.10682021490356419,1.7521397171670934,0.4033836926754032,0.8355933827613927
88,5.424030235240625,5.125893515708594,0.29813671953252197,1.5692133854937342,0.5001900827427628,0.6741906979814032
89,5.778030348644879,5.529467682137533,0.24856266650658654,0.9458233434627417,0.4806696362743299,0.7052259472793818
90,4.862443181573926,4.701917022312667,0.16052615926128055,1.484255757749061,0.4223766885230049,0.8023047619300605
91,6.158852279466064,5.644530549746609,0.5143217297190859,2.430478407269817,0.5944930611798172,0.5323363490240016
92,5.288482911035917,5.1201484859921855,0.16833442504321283,1.7162576144477377,0.4308060622618983,0.7878130573707999
93,5.496969271086218,5.325487403144113,0.17148186794202047,1.483507475305963,0.4281055226148973,0.7924376688107025
94,5.455626957019067,5.342143965657765,0.11348299136170681,1.646638481896991,0.4035243357439471,0.835343492876387
95,5.0690160040727825,4.8734938791373885,0.19552212493545085,2.0917090439308215,0.4482925369077345,0.7582646971709823
96,5.395824732529636,5.18383042018964,0.21199431233981159,1.1169805329993068,0.44773971513489674,0.759188649157979
97,5.44299859527624,5.184892624898755,0.2581059703761639,1.8212970232213443,0.47612981708698277,0.7125410241619795
98,5.082622898804093,4.72155096272591,0.3610719360794974,2.2229323418789786,0.5241285787528511,0.6369942657136312
99,5.664488555896842,5.345898686498625,0.3185898693982381,1.7715931519984167,0.5088298709546613,0.6606607957489615
100,5.713608732148405,5.409918064607016,0.3036906675415594,2.2078057181531907,0.49715741106689315,0.6789691470754446
101,5.242053961698421,5.106071444768961,0.13598251692837948,1.4185262659994677,0.4079920840044169,0.8274322918355493
102,5.225964110693585,4.817874321872328,0.40808978882159863,1.5539201529213216,0.5737504078039948,0.562536697688134
103,5.53129317706831,5.264775469917613,0.2665177071503422,1.8790280318202406,0.48034435882912463,0.7057488137285308
104,5.3986762313303736,5.096266230372802,0.30241000095793424,2.036152857441543,0.49753515993987196,0.6783731008488149
105,5.4376675478894505,5.115190974800729,0.32247657308835187,2.3858467006783286,0.5046618113399954,0.6671727244525547
106,5.20736890500817,4.992324144621637,0.21504476038626308,1.5764869099700167,0.45263784476297053,0.7510246104911577
107,5.864818061530659,5.490918787572799,0.37389927395815903,2.305979903657544,0.5290483053955262,0.6294594538294284
108,5.16741204610722,5.010750605237444,0.15666144086935674,1.8628985178331465,0.42796632414759017,0.7926765020243485
109,5.325252385084841,5.046538480371122,0.2787139047131859,1.6901521706291511,0.48752882544622134,0.6942446027318551
110,5.2053336925206715,4.827693119964213,0.3776405725566292,2.2068064353324885,0.5324693647023372,0.6242409388863117
111,5.581073351026735,5.382706735169339,0.1983666158566848,1.740277430309062,0.44572615082270217,0.7625594915084086
112,5.152609929911396,4.750557246795065,0.40205268311638065,2.0667032612457152,0.5480604678026761,0.6006690040275504
113,5.662550411385983,5.373697135499253,0.2888532758870497,3.090670707082065,0.48949414955743553,0.6911136075287404
114,5.348283502556715,5.160481171330144,0.18780233122743084,1.3568507144772308,0.4348514683266226,0.7809167355995076
115,5.15078651490845,4.768538637075775,0.3822478778338336,0.9881056519749389,0.6313500725905745,0.4798274778404422
116,5.3088457860391465,5.0378698687714625,0.27097591726760584,1.868674895141659,0.4826171654890399,0.702099417654461
117,5.328894312073917,5.105176927279029,0.22371738479523628,1.4684963072470545,0.45672270057575715,0.7442542050843183
118,5.607926289223233,5.27503025851745,0.33289603070443263,1.7319214999450647,0.5177283967984063,0.6468509760792365
119,5.204489286849512,4.823281681935786,0.3812076049134703,1.750534212377108,0.5460116359856616,0.6037473386090862
120,5.198207334596791,5.052320324207859,0.145887010388833,2.068147200196325,0.42682296494084115,0.7946399629788349
121,5.137750940727219,4.882331891859078,0.2554190488672248,1.6814364552409273,0.4748026384780538,0.7146867313133752
122,5.635278136523684,5.28017408363635,0.35510405288732727,2.0212088290487227,0.524337529571785,0.6366735134807753
123,5.59538748808669,5.351171054656657,0.24421643342975585,1.520249554709041,0.4686623237533034,0.7246572562851885
124,5.546204378647108,5.34901337569443,0.19719100295242242,2.0261758548690807,0.4483439893489861,0.7581787356858559
125,5.378728541351538,5.064291473529391,0.3144370678219275,2.0222101685430793,0.5035996162413335,0.6688367574929117
126,5.548992069485994,5.242551889680254,0.3064401798055769,2.0854678209137543,0.49916937474372236,0.6757972597534544
127,5.3982980131201295,5.247018401760666,0.151279611359314,2.450452385215673,0.43455804659634567,0.7814156889517548
128,5.765257871557569,5.3969839096179335,0.36827396194075845,2.658831542913994,0.5223163058524787,0.6397789711083197
129,5.368862822456922,5.023144808029617,0.3457180144278027,1.604924280254183,0.5289085079687623,0.6296730661134113
130,5.600485325250393,5.337179029447288,0.2633062958029768,2.3230063101165452,0.47895361123059366,0.7079865479806771
131,5.392301002828081,5.210502737820388,0.18179826500818308,1.2021304769068308,0.4285950681755838,0.7915980776558309
132,5.476327384166016,5.177230468530272,0.2990969156353458,2.3017551893548056,0.4946720778499393,0.6828967656627994
133,5.373905095430619,5.077023537861162,0.2968815575695771,1.625796372216234,0.49856897055233484,0.6767430919100179
134,5.568173205707044,5.2656718563248965,0.30250134938160045,2.0819241286888204,0.4972889613470195,0.678761547818814
135,5.554036230687107,5.291932881018173,0.26210334966890514,1.2316565337627416,0.48251019153031993,0.7022709734935727
136,4.812644697825508,4.587026633221544,0.22561806460453226,0.48960279404178664,0.5829549603753413,0.5490735728790995
137,5.428284936402324,5.260830002441931,0.16745493396047095,2.2800395193619796,0.43872976658511165,0.7743399806101833
138,6.053275478950727,5.65498436351,0.39829111543986073,2.030302738108672,0.5470276776277327,0.602220040222887
139,5.607719688627785,5.373426043863059,0.23429364476396586,1.3446780287537727,0.4627686916135656,0.7342954479793022
140,5.380166210682237,5.099618307611532,0.2805479030703282,1.765286832465172,0.4880403039968241,0.6934291024185755
141,5.595198528415185,5.361981030690973,0.23321749772367184,2.1210006021604926,0.4651263746628953,0.7304316555141929
142,5.086050807792763,4.956214831432536,0.12983597635957267,1.2917291272758593,0.40079377927034754,0.8402044223683205
143,5.543508700267612,5.133957085636549,0.40955161463080003,1.4806662404077429,0.5802735203189939,0.5529852354101973
144,5.246688471903017,5.087198798933212,0.15948967296935734,0.7886574160265845,0.4032175880601886,0.8358885790881251
145,5.176880714323179,4.911451647266087,0.26542906705708447,1.6639059536685465,0.4803178405047368,0.7057914490508538
146,5.035735472126053,4.998453312914716,0.0372821592109176,0.8181946167157506,0.32079583439602644,0.9928237896547659
147,5.0509750877423905,4.947412894971389,0.1035621927712782,1.734844326888334,0.40148683926279427,0.8389687620721369
148,5.269656874306438,5.024649435332773,0.2450074389735164,1.259088889537317,0.4701581381083447,0.7222217744539327
149,5.562888822830846,5.300276378465103,0.2626124443650042,1.6065865425377464,0.4789769209786302,0.7079490130424402
150,5.666174263071898,5.147422537531984,0.5187517255408238,2.0224374809881667,0.6165758024281958,0.5007091916660414
151,5.549079876004416,5.17314290523662,0.37593697076772514,2.5074834445067253,0.5272641425235041,0.6321878394921284
152,5.692199902422235,5.411368477411454,0.2808314250105468,2.2503424211361978,0.4866378485465288,0.6956662782952583
153,4.975438002586689,4.707086815223885,0.26835118736289587,2.254012535416175,0.4810917140295451,0.7045477666591535
154,5.602257277437875,5.295796103201713,0.30646117423566466,2.0316977958392606,0.4995608105332452,0.6751809463438568
155,5.122479587682992,4.80711997415133,0.31535961353165476,2.167788478886072,0.5028599566730738,0.66999660146289
156,5.157981390021323,4.939251413592817,0.21872997642913106,2.0432699612996394,0.4581420978165429,0.7419096184238182
157,5.625592506338453,5.277232181502097,0.3483603248350846,2.673438241059369,0.5138536532424356,0.6528489647539182
158,5.6870664665818005,5.424912995658058,0.26215347092329466,1.8358808909304667,0.4781854025398884,0.7092241285217756
159,5.762032257180781,5.501296514641421,0.2607357425385999,0.9255746451685347,0.493775957621582,0.6843155059840706
160,5.33421164311827,5.088776309115939,0.24543533400174056,2.2227836842510076,0.4709597972795978,0.7209182766071588
161,5.769773090222461,5.535734081350011,0.23403900887296913,1.4036285282377055,0.4626169337976448,0.7345445253679865
162,4.7688741039452545,4.597537900936292,0.17133620300955954,1.9772515952160372,0.4363077866044851,0.7784431879949305
163,5.369010024766485,5.132597826468714,0.23641219829823967,2.200793499636088,0.46692766678706976,0.7274870153260573
164,5.431107606670285,5.080110895290023,0.35099671138050326,1.969063940990333,0.5231134283001444,0.6385535173905543
165,5.196573076965851,4.945509686281962,0.2510633906840667,1.37601420072229,0.4732556778192437,0.7171919303408217
166,5.640447828563683,5.172805640224251,0.46764218833959603,1.5450013048320272,0.6200800289959278,0.49573692867510477
167,4.912732255119099,4.853765673859424,0.05896658126039256,1.5200830240524752,0.3746248750457557,0.8878436209816939
168,5.3693919203139195,5.071969164104697,0.29742275620901637,2.0032323523179034,0.49528731037680973,0.6819235229829754
169,5.172969341413282,5.039996201123554,0.13297314029023255,2.014476004617567,0.4204727425317455,0.8056013576764169
170,5.3219588976550405,5.02723449958842,0.29472439806613693,2.3330932344415416,0.4926340582139995,0.6861253632253947
171,5.288141926115404,4.998776981301166,0.28936494481422415,1.3587681653973327,0.4988177601339684,0.6763510938753826
172,5.375874233671002,4.93530025439215,0.4405739792782697,2.4327905183533094,0.5583110919471135,0.5853519477234921
173,5.662322125338196,5.404061764770663,0.25826036056696466,1.7576429179044872,0.47624251099335246,0.7123589781978196
174,5.501016056212993,5.151857724904826,0.34915833130799,1.7318751182635435,0.52728511951974,0.6321557336389181
175,5.512479009842227,5.287321952649496,0.22515705719342805,0.9188723004505661,0.46025320254064295,0.7384299791805665
176,5.157547789395412,4.782170318774039,0.37537747062197013,1.993497037415425,0.5356131595115593,0.6194603121939011
177,5.447719672175172,5.255399382244061,0.19232028993155836,1.3585786809529843,0.4374942663305774,0.7764314751291705
178,5.5413204147950275,5.148858946437809,0.39246146835739637,2.1810470802755617,0.5403561116615494,0.6122745700933943
179,5.758478381547011,5.412549844349936,0.34592853719732375,1.5823135185782213,0.5298012182500265,0.6283094866119353
180,5.898675519990011,5.667713953023348,0.23096156696647085,2.4291339757717267,0.4657566793644192,0.7294005534352049
181,5.133493878944737,4.721921305019567,0.4115725739256959,1.7741269098991932,0.5638394466951233,0.577148051031297
182,4.903540637181013,4.757753256004033,0.14578738117688772,1.1263032555064285,0.40437449732799324,0.8338340634032583
183,4.913324299429096,4.69229839658956,0.22102590283975587,0.8874253095624596,0.4574303372974209,0.7430848070412964
184,5.839410685071616,5.643436213311507,0.195974471759655,1.381891020035722,0.43993478733630276,0.7723033405815671
185,5.288780313630614,5.003245454126347,0.2855348595048781,1.5662831678080398,0.49264028036538854,0.6861154953190896
186,5.003128558129593,4.8636344461894545,0.13949411193971173,1.2862427914325227,0.405897977363022,0.8311339238436998
187,5.2614793774788815,5.099220124116261,0.16225925336220826,1.3229074713635214,0.41960712389186616,0.8071030346718701
188,5.970199395215477,5.6517045747148735,0.31849482050074585,1.3560230243979419,0.5195031731849402,0.6441114389771714
189,5.2475569764407375,4.938368627759662,0.3091883486804363,1.45852899821781,0.5095894874242788,0.6594770364106238
190,5.785476389089727,5.375245559441058,0.41023082964966306,2.098035356167964,0.5515564858751419,0.5954293884361632
191,5.143238789209736,4.822927098183161,0.32031169102720014,1.7796130767638196,0.5096657513316716,0.6593582405034634
192,6.03662102009881,5.794909002892755,0.24171201720582758,0.860585965170289,0.4790166421955253,0.7078850535411139
193,5.594091741893553,5.16567062763357,0.42842111425943585,2.1996640309133983,0.5582450233900593,0.5854502288014799
194,5.4979263701367564,5.222940512535356,0.2749858576016777,1.7644936979656833,0.4850688033516509,0.6981733298222399
195,5.37190851827987,5.1454758359903146,0.22643268228966917,2.0739143577761947,0.4618200863793416,0.735853125518322
196,5.425710820327058,5.033515164688442,0.39219565563871583,2.5722694362964678,0.5336218504259767,0.6224867549023929
197,5.688373039829148,5.520607117462976,0.16776592236601573,1.2842858465448508,0.4218506047635495,0.8032147790641898
198,5.135935259399648,4.801465484219744,0.33446977517996856,1.5784236623959416,0.5225763609725622,0.6393790706638001
199,5.630103766443117,5.320547916576206,0.309555849867138,1.2328466812168006,0.51839799217754,0.6458168223157641
200,5.054872898778431,4.734820230100798,0.32005266867781756,2.6061154624369216,0.5024838185478151,0.6705867612111506
201,5.056424172139177,4.867150908110492,0.1892732640299073,1.5747075395744066,0.4389745905062279,0.7739259369046118
202,5.719019552745213,5.495334199638496,0.22368535310579318,1.7066542085035934,0.45814429485300245,0.7419059924810195
203,5.50413760963389,5.104108191014841,0.40002941861894215,1.4741694335674271,0.5734621761168737,0.5629599205131073
204,5.228313559702347,5.0570359358388295,0.17127762386371614,1.7615567115049586,0.4329703016076638,0.7841189763371705
205,5.61015979462687,5.295721900700467,0.31443789392596955,2.1607228231914526,0.5024744443499625,0.6706014722858811
206,5.41579808581233,5.03824841634945,0.37754966946340573,1.6389086335140348,0.5481253446132153,0.6005716208011809
207,5.349675340171107,5.117605374531951,0.2320699656384022,1.4705930408358316,0.4615655773864954,0.7362713512589458
208,5.543690670685155,5.083389192484699,0.460301478200563,1.8379791582673324,0.5913367891568024,0.5368998579195355
209,5.472007052222271,5.193513611967173,0.2784934402552608,1.7189049478210556,0.4872148741449793,0.6947453947552776
210,5.327337116883118,4.977924302176508,0.34941281470764807,2.035392576226018,0.5211566899640264,0.6415634207454409
211,5.6532188195857636,5.479125731363059,0.17409308822243474,1.4445071385792598,0.4287483117763755,0.7913353731207992
212,5.686246446231653,5.463989812851349,0.22225663338122104,1.9725599772832627,0.4592533815671459,0.7400768222378332
213,5.553681669185298,5.306316061312057,0.24736560787277995,2.337394638797356,0.47217957108173914,0.7189372704725355
214,5.444723796602066,5.2246598633953845,0.22006393320589268,1.2792558265112621,0.4536512523176437,0.7493417462055343
215,5.6178650034623026,5.376679280827975,0.24118572263432725,1.8373433575133493,0.467631887629428,0.7263375133053385
216,5.481131442329261,5.273587906520785,0.20754353580923635,1.6784900414005008,0.4496480161461921,0.7560019673756707
217,5.2735251737973705,4.940825329569197,0.33269984422895504,1.5565532928930992,0.5221054485271188,0.6401032926392088
218,5.775717725858758,5.429411485570785,0.34630624028704915,2.233042040545868,0.516923705026054,0.6480946949243975
219,4.939811287936809,4.778146049505228,0.16166523843094183,1.3564926916604012,0.42007519455044684,0.806290798959311
220,5.369773913624758,5.062563513424234,0.30721040020034707,1.597195147364328,0.5051970520404689,0.6663349170444739
221,5.474103948976026,5.1211950775258295,0.3529088714503814,2.157887601760697,0.5210750838785154,0.6416890754004425
222,5.39166622186136,5.129800646889546,0.26186557497112517,2.334035127717671,0.47835007547099007,0.7089587497960044
223,4.678364259986356,4.453830864861754,0.2245333951250359,1.9557762605956466,0.4602010589432918,0.738515817357808
224,5.148106718475592,4.856709457761067,0.29139726071480254,1.8739027343226908,0.4930658156463661,0.6854407839135008
225,5.420617795644521,5.2128118718077125,0.2078059238374408,0.6354069632543577,0.4602163973762834,0.7384905668447672
226,5.462346272688283,5.074899768298199,0.38744650439002726,1.5096763299950666,0.5616483611550763,0.5803948739315296
227,5.851065952325062,5.592784660392436,0.2582812919326898,3.1200738741321334,0.4785637043691,0.7086145504438812
228,5.309035998326781,4.978783305775689,0.3302526925508573,2.6178440880809344,0.5066679149858089,0.664034992642247
229,5.168193672649668,4.864841875814211,0.3033517968360684,1.6188612152694564,0.5025000299347735,0.6705613207715334
230,5.602102567234997,5.1972658060911066,0.40483676114399714,1.8766069558881746,0.5555700960751977,0.5894341164824836
231,5.254893460509866,5.022787140114755,0.23210632039445045,1.4789174467452213,0.46160913718255303,0.7361997618340347
232,5.561693906237142,5.33350097839045,0.2281929278460666,1.9178115375978724,0.46169050923936716,0.7360660390196443
233,5.597206991360199,5.296350020125768,0.3008569712346798,1.943030090936638,0.49742269206463063,0.6785505375976608
234,5.168787886195478,4.938729423333374,0.23005846286196174,1.508219223546721,0.4605285365220171,0.7379768177939803
235,5.525696640900296,5.2827560761340955,0.24294056476628612,1.3244227358881542,0.4683435911143876,0.7251767716183756
236,5.282715883152068,4.9830697026577475,0.2996461804941646,2.687304529939537,0.4939202236753889,0.6840870105505685
237,4.6856046540102945,4.624966616653705,0.06063803735651163,1.2626284164303243,0.36393284242002566,0.9078966221684881
238,5.449724757868044,5.092513943070994,0.35721081479732675,2.0843125408345404,0.5243447269752973,0.6366624661951282
239,5.676849297554018,5.455320292183476,0.22152900537003006,1.3671975844109099,0.4549261384932456,0.7472276797116675
240,5.306742136193552,4.918179234076764,0.3885629021169734,1.92880489718012,0.5445315022724682,0.6059747773170254
241,5.894148533140342,5.432209508538396,0.4619390246016337,1.9307224885632124,0.5872574733205091,0.5428145804165098
242,5.61001392911081,5.440183569212639,0.16983035989778728,1.4725047977031203,0.4270150929875246,0.7943098124866305
243,5.202730172619031,5.120901614265012,0.08182855835366354,1.6060071186621858,0.3879528587284533,0.8633358137263131
244,5.3931369650050875,5.187579737350472,0.20555722765493556,1.997652152026422,0.4518109330586274,0.752399357175179
245,5.549079881782436,5.187754948898,0.36132493288459955,1.6522155193203787,0.537191496551247,0.6170655407168928
246,5.2939121816322405,5.147639324368722,0.1462728572623746,2.3778236595430737,0.43167438634488187,0.786329649911414
247,5.697580002541745,5.376400707688564,0.3211792948532093,1.4911398767922392,0.5165850681524145,0.648618386453081
248,4.945537534323794,4.639038491809917,0.3064990425145879,2.1506255109814134,0.49878305406490775,0.6764057712401661
249,4.847698980984806,4.57582762834522,0.27187135263920936,0.9468847968368248,0.5033426428305705,0.6692396098041589
250,5.527674981500841,5.291981793300291,0.23569318820045737,1.316631975847745,0.46369712546777875,0.7327726166094691
251,5.1115919761474835,4.923451250022811,0.18814072612440214,1.7191316594199755,0.44043980313614806,0.7714507510999327
252,5.117073373396725,4.8980351817386385,0.21903819165709137,1.8987354572763913,0.4572138351903998,0.7434424774998302
253,5.377307639438786,4.963097522148413,0.41421011729016755,2.180972774312373,0.5514276680882237,0.5956221618985373
254,5.2859854339718915,5.093400286326837,0.19258514764533174,1.9891911962978632,0.44588769566384,0.7622887351482638
255,5.697208961568922,5.306260310574093,0.39094865099559684,1.322200638740469,0.5794459999182855,0.5541941230643911
256,5.333641222927927,5.0573411023940515,0.2763001205339606,1.9936780987749536,0.4849688242754162,0.6983332270208494
257,5.125442624675689,4.923036620944824,0.20240600373108464,1.883195022297551,0.449234081713358,0.756692545794033
258,5.0644652257412055,4.88846737367842,0.17599785206311935,1.3733537005974217,0.4284243877475612,0.7918907383576839
259,4.693454527931554,4.475049690562489,0.21840483737014438,1.567250217422128,0.4543831008942737,0.7481277572501347
260,5.575602615415537,5.27812810749165,0.2974745079245622,1.2651816831549834,0.5075820792633439,0.6626073224345332
261,5.447386332518054,5.155563025603069,0.291823306914921,1.567589460735034,0.4963959098848928,0.6801714462767271
262,5.843412082933046,5.394849247447237,0.44856283548597276,3.090839636933085,0.5500434245824671,0.5976950565257524
263,5.21920345109962,5.029245365918232,0.18995808518138801,1.229782102832809,0.4341576061684874,0.7820969379244364
264,5.067231163009328,4.852153655417734,0.21507750759155897,0.9310965776111555,0.45112737324183083,0.7535368547605344
265,5.28335832504823,5.079079725301494,0.2042785997473402,1.929444674821152,0.4505714335050821,0.7544627018604544
266,5.399054866478455,5.1471494401686435,0.2519054263093494,1.308477016633896,0.47434367285105206,0.7154295267963587
267,5.178803034842222,4.989003236750097,0.18979979809137149,0.5300052384030849,0.4510296504109862,0.7536995529305582
268,5.285409671261423,5.082632915529718,0.20277675573106535,1.705932589551825,0.4475266512200533,0.7595449240151108
269,5.704320093779334,5.496533492184415,0.20778660159430729,1.870397949865458,0.4516414720362363,0.7526812629144575
270,5.276533318234815,5.143890342188744,0.1326429760447354,1.2449967711738559,0.40074754621855824,0.8402868971595758
271,5.6892615511793885,5.383850905529524,0.3054106456502268,1.7020849059470677,0.5024241794061328,0.6706803563209198
272,5.654816927530792,5.225487283209322,0.42932964432111476,2.183068068571547,0.5591869268442677,0.5840496225994487
273,5.027363233318884,4.898414616687472,0.12894861663244228,1.0459271102005072,0.39097859798644286,0.857844021658574
274,5.4262366893823675,5.108816809021828,0.3174198803608306,3.680256684160037,0.4989925185408933,0.6760758030304975
275,5.24954182907155,5.069001889711483,0.18053993936064217,1.598375411677159,0.4348425474216764,0.7809319024194219
276,5.5025424127249245,5.238778805632766,0.26376360709218716,1.312438960762309,0.48226203539617474,0.7026690250466174
277,5.726032684448601,5.586677489968611,0.13935519448023115,1.6828876487845505,0.4164229901487263,0.8126426167535623
278,5.275867743410945,5.244038640009915,0.031829103400923486,0.9946322733192119,0.3328148523518789,0.9684596679945824
279,5.1443176185336235,4.947740858139145,0.19657676039514627,1.502599864157883,0.4418648808241099,0.7690478908733843
280,5.752263359659683,5.542997799815925,0.2092655598435158,1.3192273111185209,0.44713874112411056,0.7601938156244425
281,5.533648750303346,5.288385778041377,0.24526297226202587,2.0323070823776597,0.47023759937187093,0.7220925156695012
282,5.39260747120321,5.348563113633556,0.04404435756987368,1.3763664466466263,0.3616594974759837,0.9122074982574069
283,5.255984527643395,5.017804073404424,0.2381804542392274,1.0877702925544277,0.46733508906419585,0.726821861498531
284,5.085204659639803,4.825236314676058,0.259968344963454,1.7367075986575156,0.47716776567071106,0.710865211324245
285,5.573580639351039,5.198936419232677,0.3746442201181708,2.0970182525265866,0.5330136126206955,0.6234123069485311
286,5.6828851287115505,5.413196367641415,0.2696887610700287,2.1819140309161753,0.4816726433205647,0.7036148781724746
287,5.437874396299467,5.312457984533712,0.12541641176539997,1.4705683646893135,0.4041638444191682,0.8342078924682167
288,5.5848751809350325,5.280126443747083,0.30474873718867457,1.8795181245037949,0.4999788765075873,0.6745229869589602
289,5.581004299163997,5.2305917708301415,0.35041252833434555,1.8422760387719759,0.5253335437704513,0.635145470092738
290,5.09514426408774,4.716574863785116,0.3785694003026947,2.144898153060913,0.5340762839244202,0.6217955939176937
291,5.450525290335154,5.32885489736265,0.12167039297310112,1.457564389889475,0.40190705750784705,0.8382201762105609
292,5.58498173974991,5.274312225873221,0.31066951387674635,1.5408488072069346,0.5084968617823784,0.6611800373520903
293,4.8801218593595515,4.522351503989899,0.35777035536921176,1.2276591785708106,0.5595482277585697,0.5835126738003381
294,5.382111392466559,5.179761626799841,0.20234976566553087,1.5119940399996317,0.4451225278422374,0.7635716856948149
295,5.096617254906651,4.812879059467402,0.28373819543867285,1.6738993687819228,0.49046488537060473,0.6895696078438555
296,4.897519129569137,4.5486148232447725,0.348904306323675,1.6704405193573155,0.5288583747293663,0.6297496773538296
297,4.975897805272016,4.667000022037744,0.30889778323398787,1.6042258264514295,0.5060853506605861,0.6649455024085096
298,5.431100400234445,5.224020608327695,0.20707979190592596,1.1371295955320448,0.4443817319633563,0.7648149705354728
299,5.580916274874344,5.234085579953668,0.34683069492166396,1.6319718368751683,0.5287459423798486,0.6299215045833341
300,5.195885508180854,5.038525995520754,0.15735951266015036,2.158078038200017,0.4329801042712478,0.7841022687952431
301,5.102863654533085,4.910693304471788,0.19217035006022343,1.4762921321295668,0.43910514247811305,0.7737052029786903
302,5.309157946443211,5.0189731235703725,0.29018482287392544,2.3632353102262655,0.4905754224973219,0.6893938977663336
303,5.600577937898979,5.12885321253783,0.47172472536112764,1.8181974459255148,0.5999617047895762,0.5244555840006905
304,4.999024689848429,4.74959145940495,0.24943323044408316,1.5842768493997461,0.4715953190699893,0.7198857879936436
305,5.960127187355884,5.609452529222299,0.3506746581333573,1.645949981155539,0.5307102457417822,0.6269221826362418
306,5.485302847926196,5.340597659356224,0.14470518856978742,1.4576638972266753,0.41355744824893803,0.8176493350066361
307,5.1764367550391945,4.95093046719003,0.22550628785029403,1.2285816727388443,0.4571330905966976,0.7435758952676814
308,5.821812406228364,5.575885090918458,0.245927315309018,1.394656007088809,0.469932488310831,0.7225889023656927
309,5.285496204064348,4.978242063378421,0.307254140686382,2.6597953067660622,0.49704751844152417,0.6791425908612847
310,5.032883931704109,4.919249478215807,0.1136344534879754,1.3390871964892987,0.39388240464922475,0.8525977610083445
311,5.515332839527819,5.432988702828073,0.08234413669924834,2.2869241538442324,0.40585945533907486,0.8312021236430563
312,5.575688026920634,5.317448575336467,0.25823945158481365,2.0081014960706423,0.4762827004530179,0.712294061774197
313,5.300909007195205,5.104074411674272,0.19683459552106797,2.343339853421071,0.4512760888854279,0.7532892972215783
314,5.732546924323888,5.5199857316268215,0.21256119269673945,2.719917150585358,0.46024943517371686,0.7384361807933761
315,5.329925692425295,5.166495947842481,0.1634297445834818,2.1035642888285597,0.43472020168987824,0.7811399258680297
316,5.277231800092213,4.874418352697159,0.40281344739469205,1.9713006477050037,0.5512289342962966,0.5959196068076846
317,5.346523038425094,5.124160666702966,0.22236237172273832,1.4657102047956325,0.45592806891335147,0.7455685801095528
318,5.007648980682152,4.835704814606313,0.17194416607617313,1.6507820017136368,0.43141919152417907,0.7867654340953336
319,5.6449385186157635,5.394272532410046,0.250665986205604,1.0993239925626384,0.47685431789834865,0.711371075707354
320,5.847526040218927,5.664872312929202,0.18265372729092633,1.573550746693945,0.43552696462012586,0.7797688160812637
321,5.328393543025104,4.999255342173033,0.32913820085195766,1.4596561981788927,0.52298718130949,0.6387475388625993
322,5.0194421009161125,4.679765207786428,0.3396768931306724,1.3236583769729382,0.5370683765737281,0.61725222020936
323,5.687048291135998,5.33020087151694,0.35684741961904365,2.06315672816225,0.5245128050608032,0.6364045054404567
324,5.427581690545285,5.131779812648784,0.29580187789633783,1.9973534215960846,0.4945204532966465,0.6831367214559199
325,5.11470535958566,4.907249654059132,0.20745570552662684,1.7148446597479374,0.4499668768122457,0.755470248928761
326,5.066940083943027,4.783245814166353,0.28369426977678813,1.8757881437328745,0.4890827663475088,0.6917684284967631
327,5.728828243549888,5.382029012486651,0.3467992310634145,2.3525760127557476,0.5158674763173945,0.6497287085862511
328,5.47466396982114,5.195913843819863,0.27875012600179616,2.5520542061943825,0.4855824899717457,0.697352068669192
329,5.526052873785066,5.218679869734981,0.307373004049623,1.35934689376084,0.5113841832546075,0.6566839086060394
330,5.462374418965428,5.133920030974455,0.3284543879899502,1.8300480064940619,0.5133601600668878,0.6536145620168691
331,5.465053105289062,5.295842275465983,0.16921082982298685,1.9109822546413149,0.43438345343566087,0.7817126708264626
332,5.71028669032663,5.444569705642852,0.2657169846834222,1.736249088017491,0.48022858838359495,0.7059349552121026
333,5.2166207812312315,5.059119447609394,0.1575013336214397,2.4200914504977344,0.43655789898274877,0.7780188529064549
334,5.673156299345155,5.3256628280953,0.34749347125034546,2.5967776233964415,0.5140499083316923,0.6525446041517067
335,5.249636022613831,5.012410940239068,0.23722508237460715,1.152974461027295,0.4657160253917533,0.7294670350036219
336,5.466147933977172,5.201819582308421,0.26432835166906443,1.9595731081288825,0.47919211673473305,0.7076025373250505
337,5.187072200134626,4.8560047573187255,0.3310674428157654,1.5203308845685566,0.5221872210525296,0.6399775095986335
338,5.270822434255624,4.991023523706016,0.27979891054928885,1.9340042073890267,0.4868636913828346,0.6953057822064328
339,5.701770685277243,5.255941698429549,0.44582898684711836,1.854131533071925,0.5813183803204176,0.5514599992822314
340,6.249990390633375,5.904995061327565,0.3449953293056751,2.2299335692179785,0.5163364683995773,0.6490029515906842
341,5.487790332735731,5.284557674217606,0.20323265851766337,1.7629537277326488,0.44836815298638977,0.7581383674811102
342,5.5218797456770154,5.294412058290828,0.22746768738670653,1.8779189222032784,0.461104942004014,0.7370286249755076
343,5.411345740381567,5.235871548391568,0.17547419198945136,1.7188296273118873,0.4342795359356467,0.7818894665786642
344,5.469520132476337,5.138917180674394,0.33060295180166577,2.2909040957250895,0.5090113920741706,0.6603778355507001
345,5.310869855211113,5.038163005402563,0.2727068498088556,2.21924057300639,0.4830262441529267,0.7014435621851064
346,5.219567236810381,4.793364399655356,0.42620283715586993,1.6799585324917938,0.578354449362589,0.5557899606379574
347,5.014051449734016,4.630198230688013,0.38385321904570446,2.068303227832706,0.538397981347456,0.615237355578705
348,5.351431177812319,5.111218854109421,0.240212323702508,1.8012790414495328,0.4670228894094598,0.727331526943171
349,5.241521056281872,5.1560930921779295,0.08542796410347364,1.2495378377349962,0.3757069634277366,0.8858340408599865
350,5.151289641291132,4.870544541341101,0.2807450999489447,1.9693628597647521,0.4872122144531249,0.6947496380442956
351,5.6286700632360045,5.303121574049587,0.32554848918698553,1.6165035221153783,0.5159668197629055,0.6495749477943804
352,5.014670458880264,4.711416680512205,0.3032537783683438,1.2260131208541178,0.5137377253871163,0.6530287789366132
353,5.256806898916384,5.147841183794807,0.10896571512057562,1.5566192315627116,0.39880775824234294,0.843752438096797
354,6.109813256878315,5.7431385517499045,0.3666747051283892,2.106597918800434,0.5287655490619337,0.6298915388982465
355,4.891065352880705,4.59747403430114,0.29359131857927423,1.355678420628747,0.5018185365611844,0.6716311592788891
356,4.960072366559562,4.840468326920838,0.1196040396389435,1.3551482833764616,0.39753222802862587,0.8460367773375697
357,5.320485461043663,4.95395158086475,0.3665338801793041,1.8821217558584724,0.5334381419836569,0.6227662467662889
358,5.345452536443791,5.022361864674597,0.3230906717690232,1.7186527476299744,0.5123079895895775,0.6552481630031856
359,5.62912382074288,5.390509095782431,0.2386147249608257,2.0426261685679314,0.46720136189438854,0.7270401477702834
360,5.366590062405212,5.04740402818523,0.3191860342194559,2.3832060919503597,0.5032206683019039,0.6694308649588543
361,5.244602505814019,5.009791529267094,0.23481097654712357,1.8715913313255683,0.4646314181857165,0.7312418889455599
362,5.148586077277887,4.695623253144401,0.4529628241334649,1.9699642022078496,0.5800008633519607,0.5533834584668532
363,5.282287457980292,5.032714659070809,0.24957279890895734,1.4307079527788549,0.4720378709927109,0.7191672573396537
364,5.436978610948845,5.231337076217603,0.20564153473151237,1.935747260847025,0.4512621207651355,0.7533125471046624
365,5.640001556630214,5.239153123728375,0.40084843290151184,1.8319817115658115,0.5548659604966896,0.5904843714691447
366,5.020169374824636,5.007257779100367,0.012911595724290237,1.3308171314013997,0.34532443512073574,0.9436971415938336
367,5.333420129281567,5.246453390664374,0.08696673861686577,1.9547782280164192,0.40019758702113656,0.8412684039992003
368,5.123397682257437,4.856665900452729,0.26673178180408286,1.13405545583098,0.48855813303094453,0.6926039464207201
369,5.830894569081156,5.5505531026010395,0.28034146647951275,1.5153233488609423,0.4901409843017345,0.6900846043944557
370,5.97207788792608,5.768951166466675,0.2031267214588297,2.054415575566278,0.4512591496425503,0.7533174925794217
371,5.548110923040131,5.213842373759558,0.33426854928075045,1.7136575963258966,0.5189328778313467,0.6449912164197652
372,5.552863212944121,5.18777770312067,0.36508550982398447,2.087507853496291,0.5282992318748154,0.6306043836615204
373,5.6707498691891125,5.305272534052381,0.3654773351363474,1.5218404549751359,0.5453796564771669,0.6046980313058863
374,5.7936907786940175,5.507759993267673,0.2859307854268991,1.8188840401500599,0.49057029889417203,0.6894020417875483
375,4.583575741011973,4.379317099885068,0.20425864112712588,1.2609384733266022,0.4435047789480353,0.766288299114496
376,5.392250887560895,5.002037008944651,0.3902138786170326,2.5968790156986863,0.5324283156503004,0.6243034545399302
377,5.198371938335786,4.995259480513919,0.20311245782249898,1.9695431548440627,0.4504314635626975,0.754695905956507
378,5.557063514724778,5.259637943178799,0.29742557154531823,2.141068632576367,0.4945565023329297,0.6830796679295602
379,5.195601215942279,4.945161205409921,0.25044001053265674,1.1988430404839416,0.47468761676275617,0.7148728467979742
380,5.344909478199643,5.066267856295166,0.2786416219041712,1.279133854515786,0.49330408725840835,0.6850631264034417
381,5.621511048491502,5.269778254477554,0.35173279401351465,1.5873345331438298,0.5333830831939926,0.6228500220362699
382,5.60560840281747,5.209232425910866,0.3963759769058015,1.5402160171069301,0.5661873771268868,0.5736755491709848
383,5.767575103284489,5.338744871039413,0.42883023224476347,2.075503169745547,0.5622366911560903,0.5795224674880352
384,5.339837122748268,5.151878543388587,0.18795857935947424,1.1781852811567148,0.4320945806305747,0.7856124290794132
385,5.1496090195493345,4.932261962527118,0.2173470570214704,1.0936696377193833,0.4515964751367736,0.7527561272530049
386,5.501653229264466,5.185236443294496,0.3164167859704321,1.249115099802287,0.5229965802559633,0.6387330933538354
387,5.8738469750866535,5.6306703046786915,0.2431766704075926,1.6811361933400022,0.4682319421944606,0.725358799038912
388,5.695971618916392,5.514963766809384,0.18100785210663162,1.4100839258590447,0.4319010926081003,0.7859426395141611
389,5.64867063980515,5.275980029033516,0.3726906107713148,1.9372335218284622,0.5354919793634697,0.6196443225715123
390,5.158968904730191,4.914774449301444,0.24419445542844187,1.7506524082220078,0.46891234960224537,0.7242498658013397
391,5.4643898648106735,5.1696235157086825,0.29476634910224675,1.8888791231202422,0.49470423706026534,0.6828458766591037
392,4.811232504135351,4.673568170672635,0.13766433346245321,1.0161919497580616,0.39526440274931074,0.850109153976349
393,5.129106286256192,4.98136411589395,0.14774217036210757,1.1184700966045256,0.40531456846110925,0.8321672116224607
394,5.675426616729656,5.5426340582847295,0.13279255844554427,1.0549306957970046,0.3937380746445316,0.8528579650592815
395,5.398085745887929,5.1052843197709485,0.29280142611696647,1.73732962194266,0.4949284231646339,0.6824911718065475
396,5.421363103930762,5.105660115003634,0.31570298892711435,1.5838258255222488,0.5106651839067495,0.6578022881469534
397,5.659143003429254,5.449783346363393,0.20935965706576098,1.7061477427233172,0.45084072861764113,0.7540141443029298
398,5.2928155055002755,5.020878180936666,0.2719373245636234,2.2443396207468123,0.48267847605002245,0.7020011022475683
399,5.62107723893374,5.407174944945563,0.21390229398730298,2.5391760559444894,0.4595969201689175,0.7395107406242873
400,5.764065228658783,5.435104215017578,0.3289610136407646,1.7535813805379714,0.5150171961330288,0.6510453757812317
401,5.194418508098952,5.144465150492653,0.0499533576066824,1.0863459728943106,0.3485678294414106,0.9373708510304073
402,5.366341772925498,5.015145473196707,0.35119629972905386,1.6930263855113594,0.5295929706505649,0.6286274719972896
403,5.460502572408277,5.3117157484650015,0.14878682394282805,0.9300743652126577,0.3994862105492093,0.8425391941624176
404,5.421467734416783,5.177460891532743,0.24400684288411867,1.8550765223793206,0.4690875899322243,0.7239644019885126
405,5.320720480012515,5.028638617144569,0.2920818628681445,1.644066606961843,0.49553341806731344,0.6815343835397363
406,5.324042632517067,5.1888141085753325,0.13522852394180518,1.5272127281271075,0.4106143163193062,0.822813046568628
407,4.868402631813897,4.704438423929812,0.16396420788350952,1.8547226811696085,0.4311226242690188,0.7872720558261754
408,5.62564721011282,5.237106176608112,0.3885410335042252,1.3898092804415523,0.5711468861887684,0.5663632286734237
409,5.1911485256274865,4.771892098310428,0.41925642731803237,1.8736237354600291,0.564218791415416,0.5765865438044308
410,5.4397686692561,5.001631059619438,0.4381376096362146,1.7700258745528181,0.5809873673547574,0.5519430570233227
411,5.873513334041181,5.641806264180932,0.23170706986002187,2.584872015331273,0.4668306666173654,0.7276454243398929
412,5.007136097872408,4.79468186148819,0.21245423638447392,1.023584154826315,0.44813105630526084,0.7585345188691195
413,5.418175493408544,5.118193401172622,0.2999820922359504,1.4393736875111731,0.5039898604051205,0.66822518665224
414,5.162285734540692,4.820321264962235,0.3419644695786701,1.9933975923212497,0.5179690270258449,0.6464792561577684
415,5.514048392248387,5.123014665949267,0.39103372629961086,2.3218967982878507,0.5369410504747043,0.6174452998218363
416,5.054492684011766,4.82600543502107,0.22848724899085937,2.4738034421731143,0.4649887549405226,0.730656887983681
417,5.644510856631914,5.384596497793812,0.25991435883770464,1.8117396648009034,0.47705949585256346,0.7110399243120445
418,5.308570920481234,5.167257501325157,0.14131341915708617,1.4930761964230506,0.41275119086772827,0.8190617373100958
419,5.11103510125,4.753990197532634,0.357044903717906,2.4034708334385844,0.5199935719537161,0.6433553140798816
420,5.650475490043991,5.297294409534782,0.3531810805097848,1.6547304241438017,0.5319934467006138,0.624965888136156
421,5.571031499889305,5.431090750751476,0.13994074913807708,1.1330506860414875,0.4010643391371014,0.8397218872033615
422,4.873727133568227,4.835806925603773,0.03792020796572615,1.1549809821184596,0.34681257392699605,0.9407898294251427
423,5.261657680856533,5.062469362961767,0.19918831789436808,1.394658765834885,0.4419520833380184,0.7689010006744188
424,5.709026384931949,5.489042264294813,0.21998412063840078,1.301824355112192,0.45368552036202126,0.7492848778046807
425,5.304206877571833,4.837581343769944,0.4666255338015617,1.8746608803270242,0.5932070126838354,0.5341944440493686
426,5.403378824597585,5.00708515702588,0.39629366757162643,1.8347315612506403,0.5520490607390197,0.5946924631017622
427,4.982289508780614,4.743023494361385,0.23926601441962703,1.0145906038449226,0.46980344896756165,0.7227988906902884
428,5.48139993663759,5.232586852052126,0.24881308458498097,1.449155562054699,0.4715060914092044,0.7200307037207302
429,5.530679770106563,5.345132521121943,0.18554724898513086,1.3774177315792766,0.4338933461053459,0.782546709021241
430,5.608905009620376,5.375894540800044,0.2330104688207939,2.343488376746384,0.46616776123999004,0.7287284909598258
431,4.480833289945313,4.346137267431946,0.13469602251461765,1.3592688664798835,0.40556207498048025,0.8317287391669661
432,5.112056560288384,4.895236490273486,0.2168200700152738,1.8081178377264724,0.45544390990696804,0.7463700439451327
433,5.332098322580951,5.0882132726045874,0.24388504997659766,2.263582732534056,0.4704334625789931,0.7217739585981642
434,5.483167466990071,5.05959216445488,0.4235753025359372,2.0040987782640354,0.5617597367810703,0.5802296864581779
435,5.177493133637345,5.019166637154161,0.15832649648382358,1.4574301737690423,0.42062639700764026,0.8053349874257424
436,5.4915880445939,5.030909416914444,0.46067862767904444,2.1972669921818877,0.5752087793993198,0.5603968504978272
437,5.721069712489825,5.282790260081061,0.4382794524090059,1.7876010152784225,0.5800990514218678,0.5532400419617379
438,5.399634653187295,5.139120403658911,0.26051424952856905,1.2734106249085375,0.4806401086794725,0.7052734033830269
439,5.410080163883922,5.081314003213873,0.3287661606700567,1.8413596283196245,0.5133447350367986,0.6536384983302367
440,5.777085988366398,5.4395261930638945,0.3375597953026954,1.9372610470373903,0.5165369907970788,0.6486927510261065
441,5.583922397911611,5.349921749212118,0.23400064870020287,1.9275428577343714,0.4645095928336693,0.7314413881259593
442,5.368454812510809,5.251788314863841,0.11666649764629256,1.1762129658962373,0.3892203295436173,0.8610321622678586
443,5.447598023484407,5.108044639305529,0.33955338417854364,1.4151433357350847,0.5321473600920161,0.6247314013307979
444,5.334457721308954,5.020871331358645,0.31358638995061483,2.150577964536229,0.5021431372375736,0.6711214909480914
445,5.146845747657299,4.908981945269634,0.23786380238743732,1.304862275400417,0.46513222890258876,0.7304220751156937
446,4.992277050918947,4.545734545918297,0.44654250500116177,2.1530560273331734,0.5692040277090451,0.5692241586963405
447,5.56726579624743,5.182317918932977,0.384947877313607,1.9604494874254463,0.5416399322857577,0.6103349760245103
448,5.094341108929857,4.8790227969279805,0.21531831200172746,1.4214735522817588,0.4515631109143683,0.7528116402559663
449,5.345322760893087,5.24556023174981,0.09976252914293582,1.4767422497471987,0.3918493440064522,0.8562683854894357
450,5.444657756299112,5.039393693161134,0.40526406313802,1.6820186176225143,0.5642447033888385,0.5765481954554809
451,5.204218195411759,4.957043459410617,0.24717473600048834,1.4548379983366484,0.47050095177896334,0.7216642093550355
452,5.4427194991509715,5.21356099816953,0.22915850098161172,1.7952188400808744,0.4614526103439184,0.7364570273260128
453,5.557272051486198,5.2620537724685015,0.29521827901862707,1.5322019806774438,0.49903104171220414,0.6760151257097228
454,5.118108275900031,5.119017744375537,-0.0009094684755837079,1.0489997187876607,0.3207570348406875,0.9929033956331751
455,5.401743660184966,5.084858568696607,0.31688509148898447,2.0663517575915265,0.5044147949317013,0.6675595349476723
456,5.361542960691313,5.038229179852731,0.3233137808374522,1.9600062937469858,0.5087668220529928,0.6607590905178152
457,5.237038233177973,5.1310286797082405,0.10600955346944829,1.3072940707976848,0.38875108333702957,0.861884492609702
458,5.707002509480535,5.333536126156968,0.3734663833238301,1.6872075937375772,0.5435590639290169,0.6074398277675395
459,5.361127409162382,5.244030835475716,0.11709657368646731,1.4287208139138983,0.3987129909444297,0.8439220047989044
460,6.17591424982189,5.7472680711801125,0.4286461786423388,2.451926133222546,0.5522435630266445,0.5944015634539028
461,5.150532649166653,4.866704787601254,0.2838278615654417,1.9620238322095158,0.4887628714328789,0.6922778276566155
462,5.197561494347301,4.995908840758215,0.20165265358991746,1.7483013926396698,0.4474334860160427,0.7597007405226436
463,5.531715806857992,5.266441445908082,0.26527436095057055,1.8245575294051832,0.47979687914061186,0.7066292946160887
464,5.500628706552252,5.176985142988595,0.3236435635635644,1.9568650559953369,0.5089756539593671,0.6604335409428956
465,5.379909323372576,5.163630653417197,0.21627866995549994,1.8972921851499098,0.45589528718070826,0.7456228309920437
466,5.467600642504895,5.168431711241258,0.2991689312630115,1.9565077404961553,0.496468092286515,0.6800574386380945
467,5.436293512701614,5.278571081750112,0.15772243095216254,1.2369960311658872,0.4148239741979486,0.8154339211804856
468,5.642119375676575,5.459617155325784,0.1825022203511253,1.5504566837376128,0.43507767481928983,0.780532212073304
469,5.58817346865877,5.235426536315163,0.35274693234350707,2.0316465881799264,0.5229362131444493,0.6388258756096894
470,5.522055118688204,5.183183134240249,0.33887198444790556,2.1751074226765184,0.514026001730032,0.6525816762759671
471,5.578541080081468,5.318532126366062,0.26000895371453225,2.2433339240761487,0.4774034928507377,0.7104848977941601
472,5.831427707974999,5.559822443957746,0.2716052640171256,0.8820863462954502,0.5094927715672608,0.6596277036041718
473,5.251092093637144,5.079331873454972,0.1717602201824775,1.287767439729926,0.4242522357071433,0.7990658403341331
474,5.251547900953174,5.032401695278022,0.2191462056753153,1.6544751459194948,0.4554265963784141,0.746398713173527
475,5.73309323495474,5.320016511820814,0.41307672313450894,1.829632657783847,0.5623310474679035,0.5793825920724482
476,5.583293341668341,5.251401453065174,0.33189188860251306,2.4546322364872406,0.5083585563966445,0.6613957411952304
477,5.362872927920453,4.992461143031544,0.3704117848892565,2.3095969759773425,0.5273462084915761,0.632062239046981
478,5.367504256576158,5.01078627921105,0.3567179773663156,1.3297005610793544,0.5501607732780839,0.5975192281628068
479,5.217415448995471,4.944069507327566,0.2733459416685946,1.3098259934799295,0.4888744833714296,0.6921000769317543
480,5.560403567746707,5.11470143380804,0.4457021339376297,2.1217299115380417,0.569831745268129,0.5682993132379675
481,5.292251664564592,5.222553686759593,0.06969797780493536,1.4622862687919707,0.37719276866023355,0.8830805193790594
482,5.41887539171481,5.212320308020875,0.20655508369418385,1.8717661657149627,0.4510720726962614,0.7536289218653826
483,5.498506964369572,5.20206570750209,0.29644125686809275,1.7489345257858826,0.49681911162945813,0.6795031512439262
484,5.434762922077116,5.121949862890066,0.3128130591867375,1.9748549532011008,0.5032250510269349,0.6694239924544775
485,5.709165463310146,5.2299135921356275,0.4792518711747107,2.5967531958871533,0.5724582412903356,0.5644348289113366
486,5.362771315785412,5.054800192129466,0.30797112365689827,1.0115311370569238,0.53409210665598,0.6217715340222407
487,5.3116357846271605,4.847192938854025,0.46444284577319195,2.094910596190342,0.5811611453659297,0.5516894411968783
488,5.403198435802242,5.158825111572764,0.24437332422894542,1.608110591681534,0.46877628641054014,0.7244715513642133
489,5.386251068075271,5.204844044649274,0.18140702342498116,1.5757699125186253,0.4349202030572187,0.780799882707104
490,5.5110040504038444,5.13920767059702,0.3717963798062556,1.7457858802769302,0.5404476676196894,0.6121361712881083
491,5.1711854643223525,4.959247437254827,0.21193802706784481,1.9187993958136857,0.4540324890455383,0.748709213795757
492,5.745185110728617,5.414540512946115,0.3306445977823387,1.6427946231968207,0.518439376868534,0.6457529285729463
493,5.504265812736467,5.337398379294537,0.16686743344143906,0.9970059832245894,0.41428143539188933,0.8163824423048417
494,5.3933229724058585,5.062311498421369,0.3310114739851997,1.4643906138193188,0.5240944185040198,0.6370467100085369
495,5.570114494086429,5.406491504516321,0.16362298956937593,1.5065269860720445,0.4244605315278239,0.7987066471884947
496,5.373340802188668,5.150916433074027,0.22242436911437835,1.3955907372990684,0.4555991443603138,0.7461130207992854
497,5.789910089817258,5.505798956687986,0.2841111331299544,2.2468495121945544,0.488111747011019,0.6933152305380672
498,5.467821432832043,5.045042233551616,0.4227791992807397,1.8263763236958663,0.5684076497068724,0.5703982006458803
499,5.668913199207655,5.37705837525041,0.29185482395678264,1.891087933971889,0.49318784566752993,0.6852473556543386
500,6.080863748803186,5.655889938677344,0.424973810125266,1.9661242016059983,0.5639270723719865,0.5770183310771865
501,5.261037815032669,4.9468026225211865,0.31423519251166,1.4429243007836057,0.5134175641512356,0.6535254865727088
502,5.552276400747051,5.190946704176138,0.3613296965704649,2.629553126397319,0.5196465137917557,0.6438903901517172
503,4.977385170714715,4.662280155124751,0.31510501559114346,2.0212847910941427,0.5039418723889193,0.6683003775544968
504,5.557718082961092,5.279353951657551,0.2783641313044427,2.282663006341931,0.485508387296413,0.6974705119547212
505,5.410039026749164,5.244661540902694,0.16537748584596557,1.0335199489794338,0.414187833219808,0.8165461613665145
506,5.430193732238568,5.039334343736872,0.3908593885016671,2.3776220791917915,0.5359123955310554,0.6190060162526493
507,4.770876791647115,4.6581745821799565,0.11270220946698828,0.9562786652952884,0.3765158548025891,0.8843341570243134
508,5.831436002671271,5.5797628845971765,0.2516731180739953,2.67337192331264,0.4749686597095437,0.7144181376679559
509,5.246162652889016,5.067217133847858,0.17894551904100808,1.6907066598767795,0.43551939320870114,0.7797816770310256
510,5.769702236140493,5.454553353824846,0.315148882315043,1.194593876475885,0.5251770179153774,0.6353855072369928
511,5.328113707105022,5.158787316913287,0.16932639019159978,1.1845612353838142,0.42047790278698927,0.8055924111033015
512,5.4595163061518726,5.132500814482629,0.3270154916699539,1.3284801649422011,0.5270776700683498,0.6324732692178745
513,5.501076488210547,5.257210730853959,0.2438657573566161,1.9283496496439003,0.46924166126956546,0.7237134708679299
514,5.335147410916452,4.98042212538358,0.3547252855323677,1.8229006135460697,0.5282201755006344,0.6307252664769744
515,5.751485614849717,5.534170923637486,0.2173146912118682,1.3659999924305968,0.4523693139511695,0.7514708891755377
516,5.232901696863937,4.862345688218507,0.370556008645508,2.5037917105803107,0.5249214386811769,0.6357775244556454
517,5.1947456659214915,4.933935206011906,0.26081045990849816,1.258411801484522,0.481095383286295,0.7045418724393574
518,5.297879529436305,5.03058804860996,0.2672914808263158,2.353903949161934,0.48069931620564,0.7051782479444113
519,5.69043769068745,5.257124858673233,0.4333128320149626,2.1113921070224073,0.563488660943811,0.5776674471655449
520,5.5650433081815756,5.3349617060064425,0.23008160217523255,1.544218165463457,0.4606828254499735,0.7377229459526096
521,5.232883089046172,4.937580240498118,0.29530284854808997,2.5549284470317506,0.49238668152154264,0.6865177398822031
522,5.082860970217244,4.755185742903844,0.3276752273131933,1.9811894806730237,0.5107538582435281,0.6576643137108921
523,5.40662796176699,5.230930479480822,0.17569748228652315,2.100718092350151,0.43986997916972415,0.7724127931693763
524,5.647995732061336,5.372658326100396,0.2753374059611815,2.0204175742048687,0.48444805818347914,0.6991663805990285
525,5.210504796365658,5.033950287974211,0.1765545083917459,1.6158308402813635,0.43311471311122596,0.783872865241263
526,5.937838630118367,5.7136060513521265,0.22423257876562275,2.17756297220771,0.4614920055749816,0.7363922732430799
527,5.57675941576932,5.509996887678955,0.06676252809029393,2.0786088404475063,0.39527577791424406,0.8500886922137255
528,4.970113929398085,4.734775174756766,0.2353387546409067,1.8124953713270973,0.4646226122260054,0.7312563084635813
529,5.878874998782212,5.530321301605266,0.34855369717661233,1.2268318732418173,0.5514356088485947,0.595610278055749
530,6.00402117748823,5.667511790140178,0.33650938734808733,2.7223549182648625,0.5086777516195484,0.660897964367969
531,5.430910597354941,5.107578474960949,0.32333212239427667,1.7480977794635333,0.5119045866723815,0.6558749505838221
532,5.975862388536971,5.705038658863177,0.27082372967288393,0.9213187813109585,0.5045330833274451,0.6673742910971929
533,4.922060840966569,4.692894131905081,0.22916670906124637,1.3171060253651063,0.45952966156085173,0.7396215504451087
534,5.0771815715885715,4.839665992884516,0.23751557870400575,1.2498649815979697,0.4651450523261451,0.7304010899591504
535,5.157076271974493,4.840026992831778,0.317049279143248,1.1403159852501954,0.5306743370368281,0.6269769614757817
536,5.327457975287562,5.128779394777641,0.198678580509295,1.7260746096079203,0.44571423452479697,0.7625794659691093
537,5.8575551549653575,5.619086936561661,0.23846821840379562,2.32869840429143,0.46838813687511494,0.7251041529020301
538,5.498283502494505,5.259864676099578,0.2384188263949909,1.7109462963664015,0.4658004882156358,0.7293289162926295
539,5.399701202479864,4.8405555981818615,0.5591456042984646,1.5923277894726837,0.6916729710096766,0.3965857384741123
540,5.141052318299135,4.860093965240221,0.28095835305884975,1.377952562475377,0.49269686413533875,0.6860257603982682
541,5.695716032411529,5.266997722085581,0.4287183103260759,1.6333584635907918,0.5830934316151355,0.5488718006447757
542,5.294836395220646,5.065541163247705,0.2292952319721735,0.4449354337603424,1.0,-0.0
543,5.095745291748845,4.913127801495623,0.18261749025350582,1.5571932638450985,0.4352462709636452,0.7802456941797825
544,5.686271402700786,5.447897367647041,0.23837403505422117,0.8723133158621312,0.4748408833459056,0.7146248531601458
545,5.084023024847429,4.907954420918809,0.17606860392879753,0.7413049897879045,0.4174989603420062,0.8107679200580921
546,5.722272369051698,5.590916483502401,0.13135588554996502,0.9517887499519109,0.3884044721224187,0.8625144732340334
547,5.702220694666412,5.438188066710968,0.26403262795520277,2.58828017966977,0.4796551080667192,0.706857386381851
548,5.472925999035997,5.321329993449421,0.15159600558672537,1.9306965526927407,0.42691199217796216,0.7944869688936557
549,5.5291029704564245,5.539954691099052,-0.01085172064267681,1.6533770331550635,0.35095112455373856,0.9327460070860224
550,5.917084225667768,5.55242661754863,0.3646576081191597,2.2591219370567153,0.5253347219431445,0.6351436634679687
551,4.849193435963262,4.554972305101483,0.29422113086184254,2.523677090658534,0.4919930447297288,0.6871423250787885
552,5.514728086269006,5.228370808635628,0.28635727763230534,1.2359801527530188,0.5002716147026294,0.6740624443550928
553,5.546162632903052,5.347806014802135,0.19835661810157035,1.968532239214996,0.448260882770826,0.7583175844547695
554,5.538712035861554,5.27105823606141,0.2676537998004278,2.2797046460546255,0.48079916791660715,0.7050177856234073
555,5.429604954414263,5.213438910075954,0.21616604433893372,1.457092163472094,0.45231684325945165,0.7515581091295126
556,5.373468035610731,4.915636037534416,0.4578319980755623,2.564101400299066,0.5633553668388369,0.5778648519211581
557,5.457704804056139,5.260037916663553,0.19766688739309757,1.5102499687486048,0.44255484573618464,0.767886117498506
558,5.541548434701927,5.030571594028384,0.5109768406737203,2.6391752062329026,0.586014729787486,0.5446202423058416
559,5.4771210020123,5.113501867565521,0.3636191344467079,1.5258021126671295,0.5439031567983634,0.6069212774530982
560,5.558274290588688,5.219171976303674,0.3391023142849008,1.5278955175492364,0.5272361840630548,0.6322306316759406
561,5.607615294162915,5.3773457110003555,0.2302695831631354,1.400677792952731,0.4603311540801699,0.7383016664178066
562,5.124948721205019,4.837171387417786,0.2877773337877443,2.293273262608242,0.4896586817207629,0.6908517957159342
563,4.674500928649341,4.406878286094059,0.26762264255557966,1.643244797475372,0.481629237141285,0.7036845610499588
564,5.036432529913018,4.88905771516448,0.14737481474821834,1.652598365574912,0.41953480873691873,0.8072285695192137
565,5.174007405079156,4.934228641144077,0.23977876393473707,1.682934778742034,0.46643112118264485,0.7282981065140366
566,5.600626328785129,5.259376215796582,0.34125011298874597,2.290026134969631,0.5139372007269798,0.6527193884287515
567,5.763036309218169,5.404430837669988,0.35860547154788947,2.107756190611301,0.5246664774689971,0.6361686911032302
568,5.458483956954897,5.205244912787155,0.2532390441683674,1.5513731942391793,0.4738155605152843,0.7162847188739597
569,5.910180328978331,5.573526186476922,0.33665414250117465,1.7641326229546017,0.5192146098953001,0.6445565345090181
570,5.274521625094767,4.984430204606422,0.2900914204874425,1.7756797591578444,0.4931052625448439,0.6853782543236504
571,5.381035739722993,5.179497603363263,0.20153813635897677,2.0098661699812297,0.4501186542914588,0.7552172262989952
572,5.927055001309473,5.764275144291506,0.1627798570170853,1.881445617925971,0.4310298072812221,0.7874306553192266
573,4.62125700220864,4.340032984376354,0.28122401783184614,1.9127928500469515,0.48765866816389825,0.6940375380700544
574,5.307022930046205,5.0502199171715,0.25680301287502516,2.242964470551218,0.47599418448093644,0.7127601566663868
575,5.070191239252981,4.792999887018286,0.27719135223378544,1.5118990424389782,0.48826102608348443,0.6930773260178382
576,5.006301189767928,4.926057769898353,0.08024341986947547,1.057340717903518,0.3629945173355694,0.9096738911015756
577,5.296907965687442,5.22366284430824,0.0732451213798413,1.5924094777926072,0.38366595625862,0.8711615400740447
578,5.498219703932282,5.248747239849596,0.2494724640819186,1.6563340531471056,0.4715918971389076,0.71989134531467
579,5.14103410907288,4.782534558107333,0.3584995509654618,1.0587214600618875,0.5826648975459261,0.5494963080389935
580,5.201195881362455,5.063464659627396,0.1377312217355211,1.5732418044580783,0.41302618582956807,0.8185798174352471
581,5.3112936316999,5.091428855100634,0.21986477659902448,2.2186586342274914,0.4598763712605526,0.7390504368993578
582,5.560550083538747,5.309664378867584,0.25088570467050886,1.6791415278589437,0.47235771827229756,0.7186481819441523
583,5.071090007085932,4.8662375820118235,0.2048524250749324,1.6286844985161153,0.44774806619796015,0.7591746868892723
584,5.078068586619938,4.865174802293449,0.21289378432629746,1.78593492236452,0.4533328126425332,0.749870318196448
585,5.876897673099538,5.552346855649841,0.3245508174504721,2.023432726245197,0.5086618958427578,0.6609226871824921
586,5.03060544321821,5.014374507913534,0.016230935304520244,1.9664344626337549,0.3728587203335804,0.8911313272354449
587,5.536530229642867,5.168239670555241,0.3682905590876544,1.5618129842207757,0.5454132655947221,0.6046474590409081
588,5.606933265743155,5.502777826634844,0.10415543910858105,1.3067480282589123,0.3877724119271817,0.8636641516943957
589,5.360246962609981,5.417817006246938,-0.05757004363749729,1.2666719954941765,0.31156518424538704,1.0119432585477628
590,5.261600885529024,4.834239282493545,0.4273616030359335,1.972480112027382,0.5650539653149744,0.5753509569005945
591,5.412011627002958,5.171975197196989,0.24003642980642326,0.5650577302671493,0.5491388333471253,0.5990510636594957
592,5.812225721494233,5.34470945821813,0.46751626327750273,2.334593836531031,0.5741892564353805,0.5618925110173688
593,5.232759103585213,4.795676449838826,0.43708265374607436,1.7261065653116017,0.5828673835620926,0.5492011962562513
594,5.257197617503753,4.9970986750500295,0.26009894245362375,2.22775572636513,0.4774192097574681,0.7104595443715309
595,5.268307931661784,4.859314063527268,0.4089938681354397,1.7885554918421303,0.561589062963639,0.5804828288849073
596,5.80436594744393,5.520535099436781,0.2838308480077103,2.108595326128981,0.48828469163985244,0.6930396140668195
597,5.486418406965331,5.045688978445558,0.4407294285201715,2.046212193204628,0.5698347252496163,0.5682949238524312
598,5.048164952226816,4.985192439170998,0.06297251305568352,1.407717270663003,0.3718120398077625,0.8930842816391946
599,5.39656723173508,5.173373167852457,0.22319406388305651,1.825302996138909,0.4586912337998543,0.7410036391422098
600,5.123482160804688,4.945396807056934,0.17808535374842904,1.201193946856515,0.4262621872837894,0.7956040922458237
601,5.03372461987934,4.989773527770016,0.0439510921096371,1.0682589674429401,0.34429944752312996,0.9457042630651494
602,5.146582876066223,4.823899654600407,0.32268322146683204,2.2618896454514203,0.5055915465613565,0.6657177176492528
603,5.380447660978152,5.24074633502558,0.1397013259529558,1.2963346841806125,0.40632557337980657,0.8303771627479092
604,4.9414094797799955,4.654977646302175,0.28643183347867307,1.6250905672270086,0.4924817775441461,0.6863668907783931
605,5.2255108968289825,4.9072689534669784,0.3182419433624091,1.5154281571192136,0.5139648938428474,0.6526764407546122
606,5.420163254988129,5.271026070251086,0.14913718473690096,1.074029038697855,0.4047208345715406,0.8332196992222046
607,5.158707674632442,4.9494904465803025,0.20921722805178433,1.3908512238273794,0.4477425273783223,0.7591839473091122
608,5.341959514459322,5.225282693380105,0.11667682107963628,1.0011361127192782,0.3813126533365888,0.8754802471469437
609,5.60660027031523,5.149035842875424,0.45756442744095693,2.525003529952512,0.5641483032865722,0.5766908667946435
610,5.382675782104034,5.1071553342681035,0.27552044783624297,2.2903778811543205,0.4842514160652247,0.6994811069776591
611,5.2457176467875435,4.932132682525836,0.3135849642621906,2.310676279096624,0.501129429337634,0.6727137325654939
612,5.872898097754533,5.479582501842895,0.39331559591119003,1.7799333115974072,0.5523063249797117,0.5943077067571862
613,5.383749064333333,5.208525107399378,0.17522395693413273,1.05701303719691,0.4214489940184153,0.8039099313327048
614,5.4198894393536285,5.132089127068173,0.2878003122859809,2.020166325963473,0.49047879924222226,0.689547489149505
615,5.278828031493195,4.926632451782464,0.35219557971049653,1.7463494657079988,0.5286982949038994,0.6299943285052627
616,5.934201697461194,5.528842841734669,0.40535885572626285,1.6067180113297344,0.5684616221546099,0.5703186081833261
617,5.21016365914571,4.912683363461522,0.29748029568418133,1.9192016111644232,0.4958789486321906,0.6809882131792846
618,5.553338357363518,5.170057353091845,0.38328100427133904,2.072525772765495,0.5380034570243236,0.6158349513358529
619,5.638956015398126,5.408280130030807,0.23067588536741823,0.9990205699929398,0.4630144435860275,0.733892196247789
620,5.091796007004323,4.855541966112707,0.23625404089216318,1.215140762939381,0.4644918101353116,0.7314705112132711
621,5.659420295306209,5.629505375518878,0.029914919788097905,1.7419134945312962,0.37066544988722594,0.8952275695381626
622,5.864921953532448,5.784703925516158,0.08021802801613376,1.3911803537755123,0.37926584379654005,0.87924980774922
623,5.426403076120241,5.147424479509372,0.27897859661061375,1.2047869750583118,0.49573193317462316,0.6812205715044702
624,5.374697139082546,5.013356957264346,0.36134018181837746,1.7467458156063334,0.5341236021841717,0.6217236432922031
625,5.442114687080593,5.161732129712039,0.2803825573682843,1.8892392264839426,0.48732905097762047,0.6945632481153402
626,5.287126699293967,5.027068302544375,0.2600583967496277,1.7776194034643193,0.4771632312992078,0.7108725279196669
627,4.833225596885914,4.6127664214150705,0.22045917547166027,1.2652212916583654,0.45386009355694334,0.748995208233093
628,5.570223003781994,5.4517559221590055,0.11846708162283903,1.4649010327199257,0.400548071678377,0.8406428038342529
629,5.659133817804705,5.448113946535937,0.21101987126894528,1.5613263875031382,0.450335762057412,0.754855377981588
630,5.55950165417622,5.268697757212866,0.2908038969635527,1.9608825506130767,0.49224008800316055,0.6867503091417461
631,5.3387738606385575,5.192153211695807,0.1466206489421893,0.9385398066395059,0.3982713653051242,0.8447125238329362
632,5.617071132192596,5.587472296208954,0.02959883598396118,1.8965849892016209,0.37576257615974956,0.8857308573767166
633,5.040037151537636,5.044125997779727,-0.004088846242666477,0.6468193489338034,0.2775444812938725,1.0858519882127757
634,5.006256148787234,4.8040499595935735,0.2022061891930207,1.330032495315189,0.44296608421661154,0.7671941606583488
635,5.267882066375623,5.025654724881942,0.24222734149407188,1.4172399074476907,0.4675902330581839,0.7264054794864232
636,5.314338000875669,5.195320483247674,0.11901751762798085,0.8124932909634381,0.3727096623040791,0.8914092403153372
637,5.199349285247681,4.804620665424093,0.39472861982358154,2.5415435557968333,0.5351698845479836,0.6201335211298027
638,5.638796656105715,5.3775260631172905,0.26127059298869426,2.520359807145015,0.4784202718422548,0.7088456399842604
639,5.027934162117763,4.741322419155335,0.28661174296303216,1.8832496794876068,0.4905407747494873,0.6894489716176624
640,4.676296592940762,4.483181729747027,0.1931148631938413,1.024061892863557,0.4335925994984683,0.7830587729587114
641,5.287963788702346,4.9897588705653,0.29820491813734407,1.269027227239551,0.5079829023762146,0.6619817740932924
642,5.440464825680156,5.102904842322626,0.3375599833580054,1.6478178510435324,0.5225363091172528,0.6394406538471673
643,5.537108347329795,5.0632393796378174,0.47386896769239684,1.5054578475288878,0.6298590202433522,0.48192528939765905
644,5.768114788376497,5.545472634239385,0.22264215413724742,1.299889537006779,0.45535958926947206,0.7465096750849635
645,5.61404739050673,5.4730674356326325,0.14097995487372827,1.6429378030904296,0.41626979213889803,0.8129097707320839
646,5.348105225468007,5.152065178693885,0.19604004677421472,1.8984368389904986,0.4464342152788223,0.7613731578789091
647,5.354275408611702,5.246663165727238,0.10761224288489757,1.0581655099508396,0.37866970542599965,0.8803500527127524
648,5.548023367845108,5.237244794673156,0.31077857317177404,1.1727110155378302,0.5228871181471014,0.6389013370535999
649,5.476815606980072,5.15712761125172,0.3196879957276906,1.9890255886579382,0.5065760330308735,0.6641785615213017
650,5.473341979298002,5.137105209351841,0.3362367699464812,2.3387644395840326,0.5111837512190999,0.6569955913417673
651,5.723405570941086,5.352208642852322,0.37119692808846594,1.8093900420357087,0.5380898031567067,0.6157041419185776
652,5.285059792389493,5.114998288464843,0.17006150392444397,1.880587987365148,0.4343004752916909,0.781853840302987
653,5.368436764005001,5.164218539193353,0.2042182248114841,1.4771772691062424,0.4457607279662632,0.7625015339716714
654,5.306550531915182,5.208931876615775,0.09761865529890201,1.071660214164302,0.37356970187885763,0.8898066748384071
655,5.858211225075738,5.660120777960902,0.19809044711564638,1.0734658396369188,0.4376352863392686,0.776192580321038
656,5.415287789838349,5.023707984902504,0.3915798049347359,1.8776753200772838,0.5478171237239198,0.601034326014833
657,4.966332532509714,4.717642615693425,0.24868991681614716,1.5509194572404361,0.47120790090867803,0.7205151082842869
658,5.471304394731906,5.160303615753104,0.3110007789782685,1.975351764253146,0.5023004762973138,0.6708745094060962
659,5.296090870351382,4.788779249934539,0.5073116204166581,2.407673338393753,0.5917977283149478,0.5362327117870083
660,5.822172526648192,5.566595833176546,0.2555766934719941,1.3240784419489682,0.47662305623001067,0.7117444190187531
661,5.717943934055857,5.404163697834026,0.3137802362225557,1.8289244837274587,0.5053603989536282,0.666079324754175
662,5.408206430444498,5.135698327564771,0.27250810287932836,1.664864320183753,0.48424099036360657,0.6994977952825089
663,5.245182298685595,5.103787851421483,0.141394447264247,1.5012766039946452,0.4130043526815804,0.8186180723802787
664,5.415572873293659,5.0941565221205956,0.32141635117295664,2.025555999014566,0.5070618843661854,0.6634195563094812
665,5.905610096897053,5.526189879298759,0.37942021759863565,2.4895658704475974,0.5290416422038449,0.6294696346209431
666,5.1163816160512035,4.872182070962207,0.24419954508903174,1.9649042660070002,0.46951905511765846,0.7232618031068305
667,5.408255900668028,5.023959063617408,0.384296837050897,1.5102400362756114,0.5593330846871907,0.5838323892634851
668,5.731636413440047,5.302396844730719,0.42923956870890834,2.4818200582537973,0.5519020069993921,0.594912431617386
669,5.6987472839588555,5.4412058767091445,0.2575414072489366,1.1549908581742638,0.4808123300432894,0.70499663535807
670,5.260829237106609,5.043210940595348,0.21761829651131848,1.1211071050223822,0.4517480070135653,0.7525040303921202
671,5.418361185313788,5.229410120670995,0.18895106464242417,1.1192035722680025,0.431851624061767,0.78602707725699
672,5.591978513857303,5.145887926545672,0.4460905873111187,2.5518486254856256,0.5582224099363224,0.5854838690160197
673,5.268001889324896,4.998923926126647,0.26907796319756017,1.2107647572269222,0.4880919812802704,0.6933467339213554
674,5.338557022604309,4.95493346136033,0.3836235612443488,2.2254434628315884,0.5350796602563256,0.6202705806581245
675,5.614375531693131,5.36153226852662,0.2528432631661417,1.092966673101273,0.478753190777093,0.7083093197672266
676,5.171236285160976,4.887102891109027,0.28413339405142324,1.3339253128654178,0.49581450950764305,0.6810900548619331
677,5.11068445239076,4.987779342102616,0.12290511028822948,1.3686676121979513,0.3996945492460846,0.8421668808341841
678,5.628506518003324,5.294198948766475,0.33430756923735316,2.156811175405151,0.5120230092528657,0.6556909247034494
679,5.150309736279869,5.007091432889762,0.14321830339031294,1.064005278598973,0.4006205545463424,0.8405134660605222
680,5.199305642534146,5.1392752155418115,0.060030426991943386,0.9347494326463703,0.34356765091336805,0.9471395947132838
681,5.531228305783461,5.142349217668521,0.3888790881155728,2.872412818521184,0.528766460142213,0.6298901464711653
682,5.651961160754272,5.408549618954243,0.24341154180001467,2.1065314407957008,0.4696446042889596,0.7230574256112378
683,5.406170695165802,5.153762823190721,0.25240787197526515,1.712979884579335,0.4731726884100027,0.717326453278825
684,5.208289204432422,4.969997194720737,0.2382920097115857,1.8913180458124934,0.4664112601523459,0.7283305588287281
685,5.105626659136451,4.964524056168276,0.14110260296820343,1.6989214267506423,0.4175999305835917,0.8105921426891047
686,5.403177005377675,5.191224568103333,0.2119524372747037,1.2207546944741203,0.4481324214343382,0.75853223761172
687,5.711398471743141,5.525944078230619,0.18545439351237292,1.5750381278833139,0.43699757225730307,0.7772732523970012
688,5.125650514355275,4.781966178460873,0.34368433589406777,1.4729960299126823,0.532485712279029,0.6242160430237145
689,5.530096212634508,5.1665855068992705,0.36351070573527977,2.937935285824329,0.5181292513229345,0.6462317949639156
690,5.293027060238874,5.004439678578269,0.28858738166036346,1.4639699051532897,0.49606824987802,0.6806890761907421
691,5.148868968720908,4.909797769197024,0.23907119952309586,1.9490186053679661,0.4670215949499792,0.7273336405394936
692,5.769503072848838,5.516825359896249,0.2526777129523907,2.118787551098121,0.473885183012987,0.716171946587308
693,5.389732722570134,5.148253743666249,0.2414789789045244,2.018271559478462,0.46842803314028214,0.7250391170618492
694,5.077957429277067,4.713385253346825,0.3645721759303342,1.6998285750945605,0.5375711955905871,0.6164899610234992
695,5.403649091119096,5.196755612871787,0.20689347824736615,1.5422487073920212,0.4479200818827528,0.7588871241743835
696,5.200814459253397,4.96564369913963,0.23517076011376048,2.5373199465835015,0.46797441623149505,0.7257787495700432
697,5.107126218556605,5.074136836051597,0.03298938250463834,1.6290040934791588,0.3677055611873748,0.9007795152697805
698,5.489873818200667,5.217010905398684,0.27286291280233854,1.0599487691033342,0.4967723343677125,0.679577004192603
699,5.104749436773691,4.828739568027618,0.2760098687458594,2.013796595042985,0.4847848938271998,0.6986274348525584
700,5.300958590142418,5.061044769185745,0.23991382095664449,1.5761452840474703,0.4662615386681733,0.728575223835897
701,5.044350188830013,5.020587313473104,0.02376287535571464,1.055010111363048,0.3331843200451028,0.9677198135058968
702,5.539868934474416,5.3337181984589925,0.206150736015843,2.239276145552955,0.45421499483246175,0.7484065136572238
703,5.3163096304412285,5.12759036697825,0.1887192634630992,2.359947841000304,0.44815926872608824,0.7584873740974147
704,5.413851680075513,5.2611979691123345,0.1526537109630226,1.985661167168569,0.42831165302944807,0.7920840784572779
705,5.462171651081608,5.299969822960012,0.16220182812139683,1.978592769677192,0.43233086182088076,0.7852093031271885
706,5.791732494723565,5.660556370494529,0.1311761242295688,1.2710028957590396,0.40082386333981757,0.8401507586936835
707,5.687780210235051,5.357832039765643,0.3299481704689242,1.427149538293472,0.5247942932245314,0.6359725814225851
708,5.551175446037323,5.405876285360147,0.14529916067749582,1.4955556382844453,0.4148283623736485,0.8154262523199095
709,5.129172276824338,4.971785589948023,0.157386686875725,1.7715975311700678,0.4266475497343263,0.7949414699893238
710,5.60235202509617,5.16491115415845,0.4374408709372801,1.6893290858524228,0.5854232876347039,0.545480210263514
711,5.195216928155478,4.887684306071673,0.30753262208418164,0.8454189733955051,0.5624245664409135,0.579243969126627
712,5.810472973111846,5.534617607262231,0.2758553658504752,1.5461897390321546,0.4870890214632818,0.6949461946217317
713,5.198387251287077,5.058771699447593,0.13961555183959717,1.6714183615003169,0.4162825974476453,0.8128874380034565
714,5.23677617813124,4.875327772097744,0.36144840603446937,1.823153646646185,0.5320584240407831,0.6248668910718492
715,5.398651038437183,5.143123985268705,0.2555270531693168,2.013052622241954,0.4750036838185444,0.7143614812991108
716,5.029269580828132,4.703149917073905,0.32611966375316115,1.5027669572642441,0.5194889264223805,0.644133410954726
717,5.573366263854641,5.164147116794208,0.4092191470608668,2.544020465014553,0.5416136624634948,0.6103746414013328
718,5.6558314032405725,5.375530322611386,0.280301080629215,1.197063683494715,0.4970129424312406,0.679197166483962
719,5.346767583613346,5.061101885341987,0.2856656982712593,1.8674236035826475,0.49014184919921344,0.6900832289802062
720,5.2105997523519,4.995765053335926,0.21483469901613717,1.4469792399029853,0.4514768602885285,0.7529551589604755
721,5.038119627749129,4.5232592209761044,0.514860406772641,2.279043106085787,0.6008667282838196,0.5231545193455712
722,5.524426716980688,5.288461900106984,0.23596481687400228,1.4032518840556971,0.46378693481940725,0.7326254000966071
723,5.780426852312903,5.576610713212748,0.20381613910012675,1.2298199716466325,0.44292620626632295,0.7672612438873982
724,5.6724757329954265,5.388754470943365,0.28372126205067616,1.6959313918314773,0.4902677778030923,0.6898829833413161
725,5.733770964084815,5.2668652307406525,0.4669057333449018,2.1212372632699967,0.5814535099915079,0.5512628372469909
726,5.573267081461072,5.404171245238874,0.16909583622145874,1.9175364779658803,0.43443183698519927,0.7816303638063075
727,5.638272429886147,5.379563389421225,0.25870904046496435,2.273519178361033,0.4768854078374427,0.7113208924138662
728,5.211362168986543,5.044718639979283,0.1666435290080699,1.3322014978077057,0.4222959055997283,0.8024444566482558
729,5.020782810582805,4.871016920078194,0.14976589050456823,1.1498492814975947,0.40755698709920263,0.8282004534224794
730,5.379744756303499,5.325111873420045,0.05463288288319745,0.9894264174560394,0.34453564291652516,0.9452414097470315
731,5.30770819281739,5.183723305302049,0.12398488751568948,0.7705999751215398,0.37397018673843463,0.8890612057370001
732,5.931153899039291,5.668578478333483,0.2625754207056161,1.730409097902763,0.4785662366267167,0.7086104709683198
733,5.250633035837982,5.093804200440051,0.15682883539830073,0.8024107023924696,0.4013712738620486,0.8391747152095018
734,5.505693442362517,5.240283673795648,0.2654097685672241,1.92665586844344,0.47974034495119033,0.706720246584377
735,5.378482272067831,5.11751060890013,0.26097166316776566,2.376649812392724,0.4780381951683802,0.7094614029073886
736,5.692297272438427,5.34507891422216,0.34721835821619607,2.2828055146461956,0.5167920949961302,0.6482982046720248
737,5.293966779731509,4.950148308978374,0.3438184707529217,1.6878830706638368,0.5252647547742875,0.6352509555956575
738,5.801732509968733,5.402189956426934,0.3995425535422328,2.5938274928220793,0.5365559031296444,0.6180294844516308
739,5.34824695473495,4.94180405852487,0.4064428962101374,1.9005330383124814,0.5556451174453299,0.5893222565277868
740,5.677134033896127,5.452081809412189,0.22505222448489803,2.2701373094821307,0.4624153387763278,0.7348754701650411
741,5.457343309328881,5.139281756269352,0.3180615530600335,1.6790063306673808,0.5101269883346451,0.6586399721195272
742,5.86149931737933,5.748585340426448,0.11291397695276828,1.1136055471456991,0.3843816780563625,0.8698512895732284
743,5.25072638923908,4.99337057269916,0.25735581654043926,1.0054478067228612,0.4857758949332822,0.6970429825977307
744,5.130774963561326,4.836409832559529,0.29436513100154116,1.613519480641454,0.49725970171991374,0.6788077198529746
745,5.420673987873361,5.167651834800122,0.2530221530723793,1.8086219402424248,0.4735328613218268,0.7167427195790063
746,5.521778644072274,5.203368594986824,0.31841004908528703,1.760351493152946,0.5089080759459226,0.6605388811368876
747,5.413878635106503,5.098547369821599,0.3153312652848399,1.8935400538956646,0.5053936418807463,0.6660273141881298
748,5.705248910903411,5.334951840381745,0.37029707052261074,2.64456194056252,0.5233113949773212,0.6382493225980874
749,5.224366860686732,5.1019249064037275,0.12244195428229432,1.7151649040194847,0.4094077254452696,0.824936354245206
750,5.476782432274977,5.253415924252511,0.2233665080220817,1.993460272206411,0.4599081849208466,0.7389980442902754
751,5.384001887169379,5.105834738943127,0.2781671482271122,1.7239990190605532,0.4870046066841631,0.6950808953865337
752,5.046802451103449,4.823283063379225,0.22351938772408175,1.875934032502835,0.45919124217362983,0.740179240623934
753,5.37075154921391,5.170748597969396,0.20000295124464174,1.4217883502236468,0.4427505343302265,0.7675568027208022
754,5.9323515146558385,5.56932515135782,0.36302636329764937,1.9956288918549774,0.5289783202963056,0.6295663883792033
755,5.204874495682507,5.045537303021238,0.15933719266104163,1.2032201983782098,0.41487424798331773,0.815346064614858
756,5.287175567419272,5.0795410619049655,0.20763450551476126,0.7839369459888399,0.44801118392533246,0.7587348521377006
757,5.45079972901809,5.236188855047377,0.21461087397074152,1.372288523715465,0.4507867632427285,0.7541040208058613
758,5.145572251964641,5.026636681503721,0.11893557046096248,1.8961357697534371,0.4121189047853445,0.8201705206717892
759,5.084053283445119,4.838886890704433,0.24516639274042973,1.8130516875101783,0.46955535377373103,0.723202710576908
760,5.902008139221525,5.523226228355451,0.37878191086565494,2.5395306304747987,0.5281332124263466,0.6308582498451717
761,5.343936960274423,5.183041009544258,0.1608959507302643,1.3594210514925358,0.41971969557557975,0.8069076421694192
762,5.378326179493943,5.130621658199953,0.2477045212945086,1.641297688768594,0.47062558999696513,0.7214615486590019
763,5.487825699727782,5.092101080096004,0.39572461963143724,1.2496484996189938,0.5923301719560652,0.535462369675042
764,5.252401134259944,4.890496786489042,0.3619043477710875,2.0775408931338273,0.5268513208470602,0.6328198067776061
765,4.925642161396045,4.700425928546043,0.2252162328495615,1.9301492160312765,0.4603559628082109,0.7382608323600283
766,5.773206535275367,5.440399149001731,0.3328073862730889,1.6093168958203918,0.5206442570662833,0.6423526179155735
767,5.248967295118437,4.944413301727661,0.3045539933900727,1.5321609253425308,0.5048444016254323,0.666886864934808
768,5.194575179849071,4.888375301752564,0.30619987809677696,2.0886684933172965,0.4990317675196039,0.676013982524293
769,5.493110371394923,5.292003632028528,0.20110673936596868,1.4677824522241192,0.44392256904383753,0.7655861818506721
770,5.688591255480478,5.442551153136147,0.2460401023445229,1.6785887107239592,0.46975659650302926,0.7228751425375141
771,5.737259088678602,5.5136136934412825,0.22364539523732674,1.320509475904677,0.45605277303298,0.745362225813467
772,5.563474768512297,5.320518775004718,0.24295599350807606,2.092949485888891,0.4693880555739357,0.7234750853015605
773,4.8432929983106625,4.650399947424933,0.19289305088477704,1.0361375009183948,0.43355173689957827,0.7831283631976954
774,5.603277161444257,5.257815424057039,0.34546173738726793,2.0963244427956322,0.5182452233793946,0.6460527045961321
775,5.441628956473014,5.039767082071958,0.4018618744012201,2.4510383732193546,0.5398031157733789,0.6131107452287657
776,5.401724382938173,5.192678734237621,0.20904564870033937,2.382275315051027,0.4565505528618943,0.7445388399982457
777,5.428069689988352,5.080535926761588,0.3475337632262381,2.3391367934041725,0.516339697909427,0.6489979551663506
778,5.519295402874068,5.350190605706718,0.1691047971662556,0.7422721708796463,0.4109107905555436,0.8222918913300493
779,5.2942874190781914,5.109089058971751,0.18519836010545987,2.1667328049776184,0.44468581618732816,0.7643044801215918
780,5.088890296538612,4.830216830146245,0.25867346639188327,1.3478386485778167,0.47840809079066726,0.7088652670785908
781,5.192586445632205,4.901719197270577,0.290867248361792,1.863438928351938,0.4928614251171136,0.6857648182471603
782,5.572480321295789,5.336663661317399,0.2358166599778997,1.3667523097491223,0.4637062034862952,0.7327577350965656
783,5.5198472534845315,5.1635477484470975,0.35629950503789587,1.9331151433449048,0.5266452082767299,0.6331354284208711
784,5.867215821310001,5.7552826398522505,0.11193318145888043,1.8260781642832775,0.40748444998308364,0.8283285648968913
785,5.75282031180328,5.431552519389545,0.3212677924138916,2.4051179375000693,0.5040125939373403,0.6681895675196111
786,5.278924992271332,5.184795853390494,0.09412913888081675,0.6520253475997375,0.34242516243318444,0.9493843590045591
787,5.247384029882287,5.07849288323143,0.16889114664991212,2.2364968136105894,0.43876499211922404,0.7742803993732225
788,5.649434696138687,5.3999630453139,0.2494716508244892,0.5085638955798153,0.7160171417583692,0.3637869052301438
789,5.222429470541702,4.8447890197012775,0.37764045084077225,2.0385000517553706,0.5357988700351121,0.6191783540287893
790,5.731909526599939,5.424023499997158,0.30788602660231845,1.600428210759306,0.5055453002760666,0.6657900583284276
791,5.633066575828398,5.20450038836913,0.4285661874591824,2.3343527013869547,0.5548362299840025,0.5905287304074097
792,5.3632654199042555,5.170284525504069,0.19298089440053445,2.194334226760173,0.4482580217395331,0.7583223647298655
793,5.72040279486524,5.553163034356427,0.16723976050889178,1.861284805389765,0.4327169641790255,0.7845508375581597
794,5.391658870248339,5.268867281406298,0.12279158884120989,1.5296837617457868,0.4046064715579527,0.8334225318434072
795,5.296627613458131,5.01755690643628,0.279070707021674,1.7036560635694045,0.4876326389148764,0.6940790454265698
796,5.282471361187763,4.978045165408869,0.3044261957793424,1.6157305051909034,0.5031926589755213,0.6694747868315704
797,5.246910827505108,5.068040007451085,0.1788708200547262,2.3369283626446418,0.4439748874637962,0.765498284706437
798,5.63286454349387,5.421829226325013,0.21103531716835278,1.720346133858353,0.4518190951706498,0.7523857806582582
799,5.134578382542404,4.769639458019693,0.3649389245229031,1.7023098298721244,0.5377137915585197,0.6162738548319807
800,5.879224641636629,5.529229163316874,0.3499954783201247,1.3729681666152196,0.5420991129451931,0.6096418041321234
801,5.92709853904913,5.798256569680074,0.12884196937011438,1.7677087881261642,0.41355087602217977,0.8176608416433868
802,4.551368594630421,4.383299829841132,0.16806876478949562,1.065869477449608,0.4168192873248454,0.811951803789473
803,5.712185962995736,5.417993258422644,0.2941927045721968,2.7521502119580514,0.49166633382783087,0.6876609223143383
804,5.410435931776792,5.021125421346493,0.3893105104298229,1.518266446102853,0.562465186903645,0.579183760981078
805,5.330845124862808,5.0841420616992075,0.24670306316329516,2.496227515667197,0.4724394778233897,0.7185155266580816
806,5.300485553666167,4.982568554275314,0.3179169993909454,1.9503318831070224,0.5060925199151587,0.6649342939852635
807,5.465184049624131,5.407091103568913,0.05809294605569448,1.1442051465202425,0.3562639444853827,0.9225074531537842
808,5.403114510823489,5.1048955472661,0.2982189635577015,1.9946674325447695,0.49573546820048064,0.6812149839550928
809,4.870289784532051,4.668435776940154,0.20185400759237382,1.7425544546514367,0.4474694863912445,0.7596405285959883
810,5.33877900927715,5.164888649894632,0.17389035938140296,1.891513556414706,0.43619970443452205,0.7786266011736561
811,5.421802288106537,5.222734743705555,0.1990675444012595,2.230494242152975,0.4511647480244767,0.7534746349763617
812,5.551494111410339,5.287280283905002,0.26421382750504563,1.6023927905398416,0.47990470711283295,0.7064558376283215
813,4.944822354043627,4.678161972227631,0.2666603818161093,1.2956064961536242,0.4845217485313039,0.6990484567853384
814,5.576660403428523,5.442006416543851,0.13465398688549612,1.4087690091865728,0.4070219770550252,0.8291456816525368
815,5.597242529019841,5.448745906256544,0.14849662276265008,1.6474142292373362,0.41995797101016896,0.8064941651976719
816,5.180029931050431,5.008112525604513,0.17191740544694767,1.3090420575677228,0.4247980097968349,0.7981249055937363
817,5.451230246764371,5.160696128338746,0.2905341184250574,1.7057232459476932,0.4939794376109595,0.6839932350428685
818,4.908027255968282,4.594443438209996,0.31358381775771704,1.8195346826199774,0.5053758256896644,0.6660551884704221
819,5.729100978209008,5.397607001808854,0.3314939764004521,1.6913081752697234,0.5177996965930575,0.6467408245156067
820,5.414121811635287,5.210823601430935,0.203298210203684,1.7796640467595726,0.4485775583146493,0.7577885829242371
821,5.700982049385548,5.378067064623519,0.3229149847611552,2.0176048458417526,0.5079011106981182,0.662109401998139
822,5.703621618067391,5.453182318923876,0.2504392991431814,1.4673516116707432,0.47242299983866864,0.7185422612544035
823,5.35179203707472,5.005285839262914,0.34650619781132264,2.034567374509164,0.5196774110529334,0.6438427469010246
824,5.579792543483254,5.441389090093278,0.13840345339121995,1.2571307735956196,0.40436738410785134,0.8338466847716529
825,5.131950146682957,4.794215172967288,0.3377349737147597,2.111124705789626,0.5142169880369872,0.6522855375851601
826,5.401193139870575,5.229826283217609,0.1713668566535489,1.1998795088267666,0.42208469197752163,0.8028097740416265
827,5.816714404309696,5.603350447901025,0.21336395640901173,1.6949844814711206,0.45277057484472516,0.7508040779781494
828,5.4339691595920705,5.1574060083046795,0.27656315128751885,2.230310921755267,0.4847485459553105,0.6986855826190378
829,5.190022474123598,4.879154381649922,0.31086809247335623,2.083274828170099,0.5013324239752723,0.6723947502952979
830,5.317965913467251,5.190494335276224,0.1274715781910345,1.8670891607201305,0.41515808559186085,0.8148501587621404
831,5.66174665739678,5.2912353905078255,0.3705112668894799,2.022335568418608,0.5323863814398069,0.6243673207651115
832,5.4090558886397595,5.060362501601691,0.3486933870381108,2.2240978305859045,0.5181671709935054,0.6461732350624045
833,5.765984332858952,5.577545277874453,0.18843905498397362,1.866632649229837,0.44252988719154374,0.7679281250021389
834,5.247599779518769,5.061314137058002,0.18628564246046153,1.640500806762578,0.43840264093343295,0.7748934194377366
835,5.664474587491586,5.230920836690064,0.4335537508013658,2.3935956024037406,0.5558627096049018,0.5889978593490311
836,5.336856672220765,5.037130790306751,0.2997258819132185,1.8140754272157427,0.4979484440038806,0.6777212599483355
837,5.137383108775484,4.865216756557228,0.27216635221884644,1.735964005319902,0.48368863208848656,0.7003822278423345
838,5.445776057944077,5.306435265242829,0.13934079270075017,1.9440316638896178,0.42184310513149537,0.8032277566994992
839,5.818747871417745,5.4591342272745145,0.35961364414379204,1.7135222564479307,0.5340929493662232,0.6217702526151375
840,5.269177141132477,4.820707676711319,0.44846946442157787,2.152013010432757,0.5702713263159995,0.5676519473610857
841,5.2065757994429624,4.891633674853846,0.31494212458892434,2.118796828354075,0.5030304798686438,0.6697291278775976
842,5.458734991050424,5.094774908168812,0.36396008288193116,1.7333800144310878,0.5361070671585033,0.6187105370909747
843,5.236139562199842,4.927944397605959,0.30819516459359875,2.209466538467179,0.4992338394549761,0.6756957427829492
844,5.205202557922039,4.887976614628531,0.31722594329312415,1.3192069471199765,0.5201508559709059,0.6431128824809342
845,5.558622229910416,5.211936972525269,0.34668525738470635,1.3309634992958053,0.5421054740910272,0.6096322035041083
846,5.050806253392384,4.927418380528454,0.12338787286353181,1.0279880373960602,0.38674543794434,0.8655345923053468
847,5.586646410146077,5.206287402761543,0.38035900738395867,2.185933344814634,0.5341948212139416,0.621615355991032
848,5.46639705697422,5.165085318398216,0.3013117385762598,1.5112395634535911,0.5032373577222592,0.669404694625837
849,6.265252951440434,5.9408636013508875,0.3243893500884951,2.0901331868927944,0.5078795167395111,0.6621430990556705
850,5.579107491161867,5.227356897955477,0.3517505932059066,1.606448356132674,0.5327119732802883,0.6238715079560248
851,4.912160399638797,4.622729918865144,0.2894304807732624,1.954688413335104,0.49158623430503945,0.687788094727434
852,5.258554781691291,5.05052726936,0.20802751233077288,1.2848878170081566,0.44608247167458814,0.7619623561544969
853,5.559822560978009,5.249742602506398,0.3100799584708511,1.7930226240713871,0.5038058446969076,0.6685135355739932
854,5.901129482278211,5.523691892867323,0.37743758941087435,1.5647784073664681,0.5515033156521384,0.5955089540204719
855,5.647812126957124,5.372061514328127,0.27575061262905365,1.5588382161747827,0.48690420944134283,0.695241115809386
856,5.402085099217093,5.1081073048438945,0.29397779437385907,2.166538972038687,0.4928379226493006,0.6858020829380056
857,5.911489009215675,5.467746835294957,0.4437421739212368,3.1291728467653463,0.5476408105526434,0.6012990675071598
858,5.3341868579633775,5.0522973349312,0.2818895230329872,1.8614285340548768,0.4882254629839071,0.6931339990035076
859,5.438225163123807,5.113307976311166,0.3249171868119447,1.9692028515093405,0.5094823861733511,0.6596438832080619
860,5.59442723382168,5.2702114350929286,0.324215798728801,1.923116783900129,0.509702102569355,0.6593016196369532
861,5.505596288261277,5.253152224351869,0.2524440639090244,1.848628415246031,0.4732797406351311,0.7171529277826185
862,4.992914079123384,4.809133305881684,0.18378077324177866,1.6297867010712785,0.43697905588134134,0.7773046438586761
863,5.094112843629464,4.667310596606708,0.42680224702235137,2.1927286306635256,0.5576026759800032,0.5864060554494149
864,5.604631901250887,5.215678300309502,0.38895360094102216,2.2685806871291323,0.5368950143342486,0.6175151155283615
865,5.317732655534801,5.216140941897326,0.10159171363829955,1.9946423126126476,0.4070962381439437,0.8290144367139771
866,5.37326587316571,5.123598724177061,0.2496671489889195,2.0960749353275947,0.4724562320882639,0.7184883443393979
867,5.273275104803961,5.124832291244825,0.14844281355908606,1.7928569671017343,0.42294732609511965,0.8013184264238755
868,5.5689276716053975,5.215299520375144,0.3536281512306232,2.305414165373895,0.5195279637146785,0.6440732066840678
869,5.182145256512431,5.046799362997714,0.13534589351456816,1.2086154796263031,0.40101797109045556,0.8398045692976562
870,5.768873434859106,5.502702023951745,0.2661714109071909,2.5173711075992102,0.4804150762954438,0.7056351226968433
871,5.075234330985641,4.884119618328523,0.1911147126565993,1.7984928992855789,0.4429242761847708,0.7672644907843736
872,4.9798896834051085,4.826075477283172,0.15381420612266083,1.028579399556504,0.4062770739075712,0.830462973388379
873,5.377922746426211,5.1243167836586885,0.25360596276641445,2.251584956932131,0.4746141642972245,0.7149917124528447
874,5.006995547436109,4.8677672170750945,0.1392283303603108,0.9546431502259924,0.3938128618532385,0.8527231284053554
875,5.644614031533511,5.290658863892151,0.3539551676412884,2.337898891974561,0.5193068775162555,0.6444142020864302
876,5.529508396207948,5.233415051180071,0.29609334502765705,1.8139695412430346,0.4960033834044011,0.680791572414084
877,5.356615534805005,5.072847889318314,0.2837676454873872,1.5557928968836254,0.4917123558358697,0.6875878591215134
878,5.2027189443903445,4.891002834657794,0.3117161097334247,2.085080515089265,0.5017309533341057,0.671768707046982
879,5.599561176554435,5.243536824750347,0.35602435180499015,1.8869281248962402,0.5274748290283688,0.6318654077532508
880,4.956501573747719,4.609756797686554,0.34674477606131404,0.8816166759639525,0.6129095725067695,0.5059246137195377
881,5.750913804144748,5.466349679303175,0.28456412484229077,1.73100908844844,0.4904534226562278,0.6895878302199996
882,5.206053074482643,4.834041638200315,0.3720114362822642,1.998414753330291,0.5336992294976055,0.6223690458466825
883,5.273219429787478,4.970039273195372,0.30318015659213415,1.5741427808388533,0.5031742052180641,0.6695037251695759
884,5.4159638912412085,5.105059591980801,0.31090429926007346,2.087747826744561,0.5013162883818258,0.6724201029851067
885,5.321822106613272,5.011659249556697,0.31016285705663904,1.472699987116469,0.509850683522397,0.6590702111854406
886,5.279059178070984,5.1231753549275645,0.15588382314308546,1.7612806943521235,0.42575725458217695,0.7964728420235329
887,5.255732540222798,4.976600077829392,0.27913246239313594,1.7347817060034725,0.48746312512706935,0.6943493886396445
888,5.814334668406136,5.521167532875108,0.2931671355299841,1.8343069874808222,0.49427892397344886,0.683519038697222
889,5.535853666108469,5.111752616643539,0.4241010494661168,2.5746256334326922,0.5477802634607529,0.6010896697356247
890,5.527327904833019,5.113595140205103,0.41373276462763897,1.8391518483850415,0.562329591864412,0.5793847497979472
891,4.999601961336939,4.916792778703144,0.0828091826333548,1.5043313574178168,0.38485193037655274,0.8689912250412497
892,5.07835874148228,4.933115115829747,0.14524362565225601,1.003524163864606,0.39973471104744684,0.8420951227877463
893,5.6992141755050945,5.338327426082753,0.3608867494222068,1.6631530888610744,0.5365315530529133,0.6180664253018469
894,5.605459816347921,5.033991159330736,0.5714686570172489,1.701490318934752,0.6847789283134349,0.4059505587370615
895,5.218362855715586,5.039825458283854,0.17853739743259212,1.357952127283875,0.42956474428183367,0.7899366874121643
896,5.386464925025084,5.2857757603193285,0.10068916470572731,1.282995762814691,0.385025642985075,0.8686736771878751
897,5.598405661957859,5.2664329387616995,0.3319727231964862,2.9782667231536184,0.5057298256969568,0.6655014355064732
898,5.101387623280662,4.945019543184298,0.15636808009639935,1.873388435848467,0.42801883393872264,0.7925864017407688
899,5.2851440550699955,5.070299035793422,0.21484501927716337,1.5696147882709806,0.4524731469278447,0.7512983085752237
900,5.686694165091158,5.40964091426466,0.277053250825702,1.8561956909820623,0.48575985841219094,0.6970686084945086
901,5.240721945597816,4.929778831437428,0.3109431141610912,1.729566475609392,0.5051687365428152,0.6663792273154895
902,5.87911640242206,5.75222632488865,0.12689007753397163,1.36808548575425,0.40174285261495946,0.8385126384215357
903,5.682294178743778,5.443878055037057,0.2384161237068838,1.8775279057268097,0.46641575693229753,0.7283232111609581
904,5.667355916669894,5.293478943004327,0.37387697366466455,2.2095266285314423,0.5305715347463636,0.6271337970896151
905,5.875729747150817,5.532578714366455,0.3431510327845899,2.0614903621785334,0.5175714896729059,0.6470934106679082
906,5.719026638874912,5.24879304022873,0.47023359864670056,1.8663288823198627,0.5959791096421649,0.530191578106974
907,5.745543091737691,5.324891844292406,0.42065124744658533,1.3733293729564728,0.5998511000416753,0.5246146505899295
908,5.3037223491197985,5.2271346832055805,0.07658766591430322,2.0513026439156956,0.3984288268410947,0.8444306038931346
909,5.170875105099785,4.96636078714857,0.2045143179502702,1.5157656367571342,0.44634609442086215,0.7615207424448848
910,5.131375845739658,4.928002544786413,0.20337330095389916,1.589565370507417,0.44654788084158037,0.761182815600536
911,4.853365012696177,4.57055364555136,0.2828113671448591,1.8019679517526193,0.48902683863388907,0.6918574745743499
912,5.076681835056352,4.990122025426015,0.08655980962976173,1.809636445673375,0.3962130705967052,0.8484039015217308
913,5.45235283215121,5.308002806936027,0.14435002521531715,2.0285585563349304,0.4255055703657227,0.7969060957816642
914,5.520081499012722,5.135409039955459,0.3846724590566737,2.547435477011291,0.5306322206039417,0.6270412126207893
915,5.474769028692808,5.176888667894335,0.2978803607975351,1.9222637692870848,0.4960610681840596,0.6807004237117518
916,5.429164171258581,5.259865595869886,0.16929857538889337,1.5847158653936102,0.4289072572279631,0.7910629516253093
917,5.464277246836591,5.055058935899023,0.4092183109378311,1.5838378096468784,0.5725839193048563,0.5642501246857408
918,5.325509664860565,5.059261505372657,0.2662481594870769,2.0652458663460553,0.48008983807992744,0.7061580770847716
919,5.112338611759387,4.771390520155354,0.34094809160433215,1.9160137040706875,0.5186947369572368,0.645358736933868
920,6.171555290479464,6.00107436787955,0.1704809225993813,1.859089066310247,0.4341581686877314,0.7820959806844461
921,5.013128683518207,4.791951116809141,0.22117756670832023,1.5746685882084392,0.4559422529294429,0.7455451074913352
922,5.631680379542249,5.120309252218934,0.5113711273234003,2.1009922143619697,0.607597551134647,0.51350580507422
923,5.4552209135578416,5.162910067405395,0.29231084615184955,1.6881597984476286,0.4951600135656995,0.6821248421010913
924,5.5391791523676694,5.108126105845944,0.43105304652181076,1.925814850222329,0.5690451278926333,0.5694583503948615
925,5.089970732125639,4.857058428295868,0.23291230382983485,1.8378407493744113,0.4635384457130186,0.73303276509891
926,5.762521201669788,5.542508394303827,0.22001280736640183,2.1366996676266563,0.4593781777041216,0.7398711562144279
927,5.016660604006265,4.85462088331175,0.16203972069433803,1.3167633016153726,0.4193354656311731,0.807574683289582
928,5.250374575290753,5.115100386150214,0.1352741891405458,1.4513956380158763,0.40856533700901243,0.8264209610500659
929,5.569819300899017,5.330235568588332,0.23958373231107544,1.746627648524667,0.4665212254610517,0.7281508885170384
930,5.2707659808353675,5.0503484068073625,0.22041757402712392,1.8099397536669475,0.45722144668786135,0.7434299013774792
931,5.088913646901947,4.675466771883901,0.4134468750180531,1.7724078067691735,0.5650947194373701,0.5752906862432396
932,5.959021789161543,5.613661578613343,0.3453602105482787,2.7092305034684117,0.5123729161963693,0.6551473072918651
933,5.691402781234192,5.442561403137905,0.2488413780956762,1.5404978876294706,0.4713083274895482,0.720351948415625
934,5.6110647200581845,5.353035968504063,0.25802875155386573,2.3114976525747615,0.47666254413495246,0.7116806636660495
935,5.48695207455572,5.239813412066351,0.2471386624902152,1.6869081356409623,0.47035315632104735,0.7219045619474403
936,5.480218909027517,4.950958129218588,0.5292607798082827,2.241954116336286,0.6104166293466387,0.5094788359893729
937,5.282267445782654,5.14736277027443,0.134904675508551,1.1470833863745646,0.39857054386322877,0.844176930383139
938,5.398532379162734,5.196783634218999,0.2017487449438704,1.8137734426220664,0.44819170609464587,0.7584331712493679
939,5.104062671991105,5.01725274294866,0.08680992904282903,1.3657070830551294,0.381422532544334,0.8752782371041767
940,5.39126198707223,5.211175651457875,0.18008633561385068,1.8365727784951886,0.43824567056380126,0.7751590698627627
941,5.740985291795969,5.367037538600865,0.37394775319535256,2.2225991343167095,0.530387151702064,0.6274151313039948
942,4.992608831901325,4.6186649649554035,0.37394386694631976,1.9926017384133061,0.5348642386164768,0.6205978743453661
943,5.713073568986747,5.476465433502415,0.236608135483948,1.219503967232109,0.46470780334902406,0.731116816709894
944,4.826077276644956,4.486691950413476,0.33938532623142237,1.0509124274168293,0.5624796605186644,0.5791623085196055
945,6.024597998717272,5.6314087139673,0.39318928474949644,2.083866749654664,0.5429308275049591,0.6083870060204102
946,5.332406368271823,5.144673831585752,0.1877325366858713,1.8991382399060104,0.4426145962355901,0.7677855574709298
947,5.4832131731952,5.200798627482474,0.2824145457134364,1.912249693968322,0.488261622568573,0.6930763754843855
948,5.041970843223371,4.638835751499808,0.40313509172392514,1.1791264751855746,0.610942688490244,0.5087282920199439
949,5.5722706003013265,5.105817392386182,0.46645320791412814,2.7322282017735677,0.5635630873179301,0.577557233628404
950,5.118069577759943,4.988309049835909,0.1297605279232812,1.5920748038066108,0.40966999923839365,0.8244744997730176
951,5.785809220970496,5.5371519257037995,0.24865729526572977,2.098249139603956,0.47200125924931524,0.7192266863526628
952,5.390099421978139,5.019547207407594,0.3705522145710347,2.4332712086871915,0.5257614389867984,0.6344894664667461
953,5.395129797307764,5.058535938865301,0.33659385844202916,1.8572600827290735,0.5173645138057934,0.647413263822599
954,5.659997388277279,5.306470605352306,0.35352678292474593,1.6464556349813417,0.5324796685028947,0.6242252470963502
955,5.298109447530496,5.125727739539098,0.1723817079919172,1.3257552825743257,0.4254169351306264,0.7970587096956273
956,5.35263789196657,5.036443263997985,0.31619462796879816,2.409564491164998,0.5017614862634293,0.6717207542277219
957,5.444235479777181,5.141227002132151,0.3030084776446529,1.7338524942628428,0.5006409058353807,0.6734816707227125
958,4.809271279103687,4.556475535198533,0.25279574390424386,1.3598657103064955,0.47447827682699584,0.7152116412129427
959,5.52909696927205,5.199752081595857,0.32934488767659786,2.1130089877299802,0.5100743666072877,0.6587219009330915
960,5.755839022028031,5.335719430579925,0.4201195914483833,1.9887451921830337,0.5603545189951915,0.5823150069189308
961,5.146067254828868,4.702845272416798,0.44322198241206934,1.8668541666302385,0.5790572643742882,0.5547622890927235
962,5.532539800422146,5.329507541580146,0.2030322588425406,1.7750861292272795,0.44839933892653905,0.758086269517937
963,5.349397338575418,5.031446187486136,0.317951151089801,1.0315020147220206,0.5421719463231354,0.6095318829314895
964,5.05619692403403,4.830312933601956,0.2258839904325214,1.3774750272917817,0.4576121767717991,0.7427844741240912
965,5.783527986699173,5.60377638990634,0.17975159679281205,1.8616700608617425,0.43844658729209995,0.7748190561618468
966,5.648593793470045,5.574977112264133,0.07361668120574905,1.8248249815889999,0.3912283549580283,0.8573918626288451
967,5.32445979361788,4.945791587568078,0.37866820605086104,1.0340282157586813,0.6128445540981827,0.5060172300127345
968,5.036042578165198,4.873449865022298,0.16259271314265789,1.6373302766955984,0.4265774826100822,0.795061922900977
969,5.298808730004257,4.907729211018239,0.3910795189867713,2.3125015506493742,0.5371288118387998,0.6171605831271522
970,5.113236227481739,4.761473391071046,0.3517628364115808,1.9836737589502267,0.523255133426435,0.6383357678604492
971,5.174331563553697,4.850188540268302,0.3241430232865241,2.0189933467380623,0.5085055645328881,0.6611664653973375
972,5.3365629500864635,4.944855927580395,0.3917070225061252,1.0645320105613898,0.6221282319245993,0.4928363390240019
973,5.044089595635942,4.8586928220527135,0.18539677358330664,2.095928537188229,0.4439607546165929,0.7655220279006353
974,5.682896974761807,5.45908509974522,0.22381187501650857,1.2657287369315071,0.456034835108745,0.7453919066612518
975,5.768840807988145,5.485745184029302,0.28309562395952526,1.9477280029708357,0.4884561230257515,0.6927664611513336
976,5.208466700357949,4.981748874806112,0.22671782555244135,1.7408581499369777,0.45990878295614124,0.7389970594299625
977,5.762892107699063,5.507777188549003,0.25511491915040097,1.9381441101902936,0.47470472440570444,0.714845163524891
978,5.303343686493154,4.957763512107494,0.34558017438575916,1.5953653343946836,0.5291357695684573,0.6293258220427906
979,5.6490918612804855,5.406440250033082,0.24265161124822043,1.6950500114029587,0.46798197655188056,0.725766419045688
980,5.489134252081076,5.111301038392494,0.37783321368806355,1.2893008691268832,0.5713009328852681,0.5661365878216307
981,5.429852157408877,5.176022853710972,0.2538293036968753,1.7661778983139023,0.47392676554789104,0.7161045968764358
982,5.581503480843512,5.354475731885639,0.22702774895788025,1.4914051740854077,0.45873171946994906,0.7409368688737804
983,5.343245563820947,5.16323415141137,0.18001141240893048,1.2689969116312465,0.4287481975450157,0.7913355689265559
984,5.416336551225559,5.176517111743234,0.2398194394827442,1.9466082413154329,0.46736818088724263,0.7267678502166776
985,5.241613969345654,5.076205369647578,0.1654085996988215,2.255989735481659,0.4376004900220517,0.7762515228712011
986,5.237929737072282,5.025825231397047,0.21210450567468797,1.620809159777691,0.4514578897550211,0.752986727494969
987,5.298173558415929,5.033082597212147,0.26509096120298636,1.0306551303346936,0.49142584095464736,0.6880427814923542
988,4.997992255869267,4.900312837656234,0.09767941821246495,0.878026061552454,0.36228203545489734,0.9110253149886269
989,5.4819980764220055,5.2037381652649195,0.27825991115696525,1.4034625069568651,0.4904524881476353,0.6895893158264831
990,5.3535301627941045,5.205759914746867,0.14777024804698158,0.6293764158987916,0.38842072874794076,0.8624849184754624
991,5.055926234393755,4.805101444293296,0.2508247900996139,2.3578106412989843,0.4737053854267146,0.7164631955615953
992,5.223316925418349,5.00757728517107,0.21573964024628367,2.331561587387334,0.4589205387598919,0.740625505648395
993,5.403059361851465,5.032077160595637,0.3709822012560835,1.6039073532314045,0.5453316682211762,0.6047702428089309
994,5.4210045191909195,5.05499034584356,0.36601417334713915,1.8868080336481245,0.5330308500940472,0.6233860694317758
995,5.970006458628323,5.700730812804206,0.2692756458236545,1.8658470756686167,0.48176076824916747,0.7034734157682316
996,5.229750415860199,4.9916677618284275,0.23808265403113182,1.8564186336598052,0.4661673733815245,0.7287291249000614
997,5.385987920207899,5.410546358505389,-0.02455843829739024,1.755712485775696,0.34992698031043357,0.9347309348431022
998,5.653703323820682,5.489516274750709,0.1641870490702786,1.6412057522783154,0.4274327579632434,0.7935924005827718
999,6.097055085364136,5.832540053631515,0.26451503173302626,1.97488649019526,0.47927789552062283,0.7074644529513942
