,logR,logI,logS,d_G,p,sigma
labels,$\ln\mathcal{R}$,$\log\mathcal{I}$,$\ln\mathcal{S}$,$d_\mathrm{G}$,$p$,$\sigma$
samples,,,,,,
0,-0.38285181190532,3.4745132484350596,-3.857365060340271,0.8091151275272912,0.0024251887046758433,3.032522682273491
1,-0.35814446955351686,3.451399630797671,-3.809544100351104,0.898860143736453,0.002912583166060653,2.976816460902417
2,-0.18126657970913987,3.6096618402468033,-3.7909284199558897,0.8913159217051736,0.0029425180244140904,2.9736799611605202
3,-0.14826023299338834,3.6767953126341166,-3.825055545627606,0.8980479849492093,0.0028597005339741355,2.982429980870411
4,-0.30831454558734495,3.5025590672780873,-3.8108736128654073,0.9264088253511866,0.003019362847336349,2.965759719618263
5,-0.15875485721654461,3.692118878937866,-3.8508737361543126,0.9858359574862392,0.0031225563521511974,2.955408172699995
6,-0.16248290776628385,3.6411757409875087,-3.803658648753867,0.9982995781363491,0.00334102073177138,2.934484654718644
7,-0.30167674234440656,3.4935260247230056,-3.7952027670673942,1.0311869954756856,0.003512051350243336,2.918956583193607
8,-0.17991226670131658,3.594780604169712,-3.7746928708710357,0.9869464152514247,0.003400137619272994,2.929037168099842
9,-0.16131106305716406,3.641892478465849,-3.8032035415230894,0.97680118336017,0.0032528756669729575,2.942772307728123
10,-0.04552009115389813,3.7116127432447255,-3.7571328343987034,1.102446950534455,0.003982064024288469,2.879579092611248
11,0.010317412016084354,3.8472547831102966,-3.8369373710942227,0.9251202698216141,0.0029285013644603643,2.9751449486703803
12,-0.19080261903855847,3.6274184104603013,-3.8182210294988863,0.8476548143926284,0.0026829017029273722,3.00191148877707
13,-0.2634161242243721,3.5543036225795306,-3.8177197468038457,0.9377692562631088,0.0030424077261053607,2.963420365383538
14,-0.4044024069796791,3.471311538041784,-3.8757139450215163,0.8576886432237107,0.0025534058648568688,3.0169397157373963
15,-0.2064865669691557,3.6475658559393733,-3.8540524229085804,0.8756017712116875,0.002683532409975707,3.001839930910169
16,-0.17847545191046668,3.634498427974299,-3.812973879884794,1.0412365536947148,0.0034866823926590516,2.9212157869279887
17,-0.2860314334319668,3.4785873310246243,-3.7646187644567135,0.9864065632171803,0.0034356891612324835,2.9258025533786345
18,-0.23775342413683523,3.5777270914486423,-3.8154805155854774,0.9352906185355705,0.0030399060038976584,2.9636735391251428
19,-0.1599439778706341,3.619855993203562,-3.7797999710741124,1.0981316752491752,0.0038659043832656014,2.888901265448824
20,-0.13506169856658237,3.6651745688819735,-3.8002362674486676,0.8945479179391622,0.0029253401045262737,2.9754762401346997
21,-0.41526723272159816,3.428173418388188,-3.843440651109745,0.8524626942976465,0.0026268384596745396,3.008334485255979
22,-0.12731223089634516,3.6595261872373386,-3.786838418133698,0.9029227226567791,0.0030035959429778342,2.9673696667692626
23,-0.39858844534308846,3.379558487545149,-3.7781469328881485,1.0305185431787338,0.0035753537899601167,2.9133833581909987
24,-0.1996621165719802,3.581964069854131,-3.781626186426138,1.0874334880344183,0.0038108735830775795,2.893406809797813
25,-0.10923455927162143,3.6971984084280636,-3.8064329676996067,1.002103407769483,0.0033467679447025766,2.9339512269051355
26,-0.21913774111363585,3.5804896536494675,-3.7996273947630925,0.932659730254275,0.0030828172594625446,2.9593570146122374
27,-0.31499537074751915,3.4972842386991965,-3.812279609446705,0.9272768120396244,0.0030181845727822827,2.965879766920304
28,-0.30132660105233244,3.5170968320877347,-3.818423433140083,0.8835604818788099,0.0028233361678224062,2.986345332767528
29,-0.10789584079555828,3.6874410309604575,-3.7953368717559215,1.0710632495205117,0.003683237647320787,2.90408872505095
30,-0.29028571457753005,3.503942870778119,-3.794228585355654,0.9883854038661064,0.003333922350095594,2.9351446459541943
31,-0.11646051897685941,3.722290989469965,-3.8387515084467623,0.9879730754780716,0.0031730385989172777,2.950457339695363
32,-0.0673288696206186,3.725788278155259,-3.793117147775888,1.0284148387818526,0.0035082046340935576,2.9192981910646836
33,-0.31505336641101567,3.501460333020916,-3.8165136994319937,0.9703879819732784,0.0031792740678175968,2.949850812509362
34,-0.12393495901597765,3.675206135218606,-3.799141094234642,1.0308504083818202,0.0034955066999867355,2.9204282565782074
35,-0.4202135073391077,3.4110887455680126,-3.8313022529071077,0.8744590781659056,0.002747777860013294,2.994630165766525
36,-0.30857511290890616,3.546678887785099,-3.8552540006940035,0.8974408957056204,0.002763226878234012,2.9929194286727236
37,-0.33359198118740496,3.4249169320919433,-3.758508913279343,1.0134482129072027,0.003577586564263794,2.913188425645262
38,-0.18031762501630913,3.602787760848449,-3.7831053858648147,1.0463302702212238,0.003624615418912764,2.9091080694397555
39,-0.2264651436033859,3.572457518087575,-3.798922661690881,0.9611356285354822,0.003202947218915661,2.9475579416547615
40,-0.33002709524510865,3.4652652306145204,-3.795292325859691,0.9913807513422304,0.003342650272806728,2.9343333239736706
41,-0.36487217473905675,3.4391314459035294,-3.804003620642675,0.93998867703242,0.0030979631258120253,2.9578465380298113
42,-0.24374296803831333,3.553845767391645,-3.7975887354299402,0.8881111695365096,0.0029078538817068145,2.9773146724878705
43,-0.24385607800469136,3.6003339150207343,-3.844189993025452,0.8214793569032786,0.002507511145523524,3.022433567656615
44,-0.19511900828025266,3.6291860576320123,-3.824305065912313,0.8991357430505911,0.002866383660048622,2.9817153574351005
45,-0.09358778818865124,3.682422470566046,-3.776010258754809,0.9358861160719423,0.003177983390088834,2.949976268339701
46,-0.11797972593934394,3.6716301944519807,-3.7896099203912854,1.041885780009591,0.003579726619841855,2.913001691755859
47,-0.08927854647857605,3.731680638823511,-3.820959185302172,0.9513074181044519,0.003086218750527103,2.9590172002865045
48,-0.1500440090901606,3.621446826580105,-3.7714908356701926,0.9913270035745332,0.0034310457758659806,2.9262232915894386
49,-0.1782486856610689,3.5797741849840095,-3.75802287064505,1.114621923118875,0.004033668319298223,2.8755166805823924
50,-0.12943324055471242,3.6785696048809275,-3.8080028454356807,0.9729361612091749,0.003219743426115995,2.9459404868573817
51,-0.21547536847448048,3.516727975891787,-3.732203344366326,1.1742477450908229,0.00443025258496253,2.8457819066435435
52,-0.15773828954071126,3.6299023128272485,-3.7876406023680147,0.9507790357015711,0.0031995822463102403,2.9478829136469176
53,-0.20126020047792684,3.6368929651240465,-3.8381531656018524,0.9397996158570958,0.002982557747171148,2.9695299109518047
54,-0.11319611380009467,3.635830468542095,-3.7490265823422533,1.1370728887600843,0.0041770462622032194,2.8644723453595256
55,-0.018446761607160106,3.7608412860793696,-3.7792880476865776,1.045999046545727,0.003638330254574582,2.907927199743693
56,-0.15652464627965804,3.618401425383461,-3.774926071663117,1.0711760619415396,0.003766656871741352,2.8970700112360985
57,-0.14280964229727436,3.650795731390757,-3.793605373688024,1.0399807011970648,0.0035559280157858096,2.9150840156411513
58,-0.17827928169345744,3.5973632041406245,-3.775642485834055,0.9997685478794485,0.003451785468961715,2.9243480593497666
59,-0.12785616975089345,3.6567276788906153,-3.7845838486416596,1.0930721497282874,0.003823485161418973,2.8923690634817807
60,-0.305377337240779,3.457940978249399,-3.763318315490096,1.0032160974017965,0.0035139180632484312,2.918790932306538
61,-0.2669158683742211,3.573424503352618,-3.8403403717268247,0.9394921119949999,0.002974149330266036,2.970397194593753
62,-0.32864602443727053,3.444784633153662,-3.773430657590893,1.0610808322927796,0.003728148057936206,2.9002923140306756
63,-0.20116764787929645,3.608110349552622,-3.809277997431991,0.9705924060029747,0.0032055502800611,2.947306764575202
64,-0.30512065403059696,3.5651093842099546,-3.8702300382406065,0.8366609437822221,0.0024913259549522748,3.0243929814580106
65,-0.25846526609223874,3.582350489739041,-3.8408157558311586,0.9144875216118078,0.002874283371340841,2.9808726041664095
66,-0.29708528826939473,3.5234452703598333,-3.820530558629116,0.9820667715787383,0.003212989290296173,2.9465899756986498
67,-0.2439872312159054,3.535822510490864,-3.7798097417067993,1.014567581403141,0.003499767603751013,2.920048637285232
68,-0.2595431805227776,3.552793013593656,-3.812336194116483,0.9928782711697379,0.0032868273485137955,2.939556126713382
69,-0.08880258488705697,3.6904842189375615,-3.7792868038245615,0.9586834407230915,0.003262661202307031,2.941842216758291
70,-0.24668848764566467,3.5544407182952065,-3.8011292059408106,1.0285535536480293,0.003478146244247885,2.9219793282264392
71,-0.2378856205731467,3.5435066945518447,-3.7813923151250037,1.116911905140101,0.003942769209028916,2.8827046572036035
72,-0.29479957988667993,3.460585739232029,-3.755385319118659,1.0051768705178536,0.003553325917032496,2.915312461685781
73,-0.14660861557889296,3.6567347265170373,-3.8033433420959,1.0059241256370135,0.0033741933593458596,2.93141716764981
74,-0.12044419524591779,3.6750779232327333,-3.795522118478516,1.0443409390584015,0.0035671934465956504,2.914096740859922
75,-0.2436686382436705,3.555748147464499,-3.799416785708104,0.9694527160080839,0.003235803754281594,2.9444010711760216
76,-0.23474761061403063,3.588139414791565,-3.822887025405521,0.9773546027888691,0.003185431079382796,2.9492529798049207
77,-0.2533661783542215,3.5993466236347875,-3.8527128019890142,0.954152889552077,0.002991180458776104,2.96864283762082
78,-0.11742534230962468,3.679904401656215,-3.797329743965861,0.9846390424611455,0.0033068345084080195,2.9376750282256805
79,-0.19174877221053924,3.590840456799976,-3.782589229010455,1.0166407208117187,0.003498044806416085,2.920202076842077
80,-0.00465923667378268,3.7828486101160306,-3.787507846789822,1.082437425968816,0.003764612490890338,2.897240324651316
81,-0.28820980935132356,3.538688923141987,-3.8268987324931913,1.014572810397729,0.003323666608561067,2.936100465040907
82,-0.028052862486114855,3.7027827523901355,-3.7308356148762414,1.1698500953783657,0.004415816591998837,2.8468211329750512
83,-0.3371498575702475,3.5132438028350585,-3.8503936604051887,0.8203674194046542,0.0024860471856813426,3.0250345595355355
84,-0.2679553620832934,3.557143122358085,-3.8250984844412415,0.8488610343035856,0.00266708718823017,3.003710793881948
85,-0.4639274067573155,3.4184596777717524,-3.8823870845290003,0.8157736779228255,0.00238224347721364,3.037910940636032
86,-0.1785873594200297,3.603860242665704,-3.7824476020856537,0.8800535195777175,0.002924086534054937,2.975607701395504
87,-0.3023370085794653,3.5156163942817096,-3.8179534028611215,0.8885600648567369,0.0028446175952511078,2.9840484123905338
88,-0.2895797751239201,3.521679132240403,-3.8112589073642766,0.9011454834667199,0.0029162148826286155,2.976434374730513
89,-0.05782403507010661,3.738178057059731,-3.796002092129811,1.0350673350996298,0.0035255732631891156,2.917758464593302
90,-0.03447594058582984,3.7436292759249032,-3.7781052165107667,1.0431278704083917,0.0036304891754617803,2.9086018328024137
91,-0.21795635918386727,3.5717964479585587,-3.7897528071423494,1.039222455417462,0.0035676764045226334,2.9140544790455203
92,-0.5888577331051096,3.248705243814302,-3.8375629769194575,0.9082893854288372,0.002860346334728732,2.982360859198025
93,-0.3306231853789626,3.497301225174422,-3.8279244105533508,0.9636725293783153,0.0031124262107725628,2.956410426152839
94,-0.31270599537004673,3.5052923007812287,-3.8179982961513588,0.958536173930443,0.003125712963835275,2.95509647036941
95,-0.2048690903592473,3.586574090675285,-3.7914431810345377,0.9808990106206181,0.003312530742868308,2.9371413569597054
96,-0.17071978855222772,3.6611448301604335,-3.8318646187126433,0.9652352776214759,0.0031052349020604607,2.9571237247562068
97,-0.24200982508444616,3.566278206767113,-3.808288031851589,0.9813386817125664,0.0032535249401517874,2.9427105170117107
98,-0.24541402550006244,3.5547254675629287,-3.800139493062943,0.933273626161514,0.0030835941190435843,2.9592793749991078
99,-0.25084037909346935,3.587290345259492,-3.83813072435305,0.9471450097927603,0.0030117713901671134,2.9665339180339063
100,-0.14356639309620225,3.638196433907036,-3.7817628270030355,1.0371022926486113,0.003589790233055733,2.9121249347266245
101,-0.28375687737344324,3.528063551162211,-3.8118204285356114,0.9141221499467229,0.0029665688729143,2.971180998300211
102,-0.07211295971286238,3.7517312648004784,-3.823844224513323,0.8806890290937335,0.002795100240370305,2.989417384493984
103,-0.17365471678363922,3.6391016237271683,-3.812756340510873,0.9204869695504028,0.0029891539138867922,2.9688511112949105
104,-0.10036854734983938,3.707781911842645,-3.808150459192575,0.9400233149313433,0.0030839458799599906,2.9592442257588085
105,-0.31528079987459423,3.4955860129745475,-3.810866812849099,0.8796425975105615,0.0028315250150599495,2.9854596391759944
106,-0.02591613018138053,3.776237488314552,-3.8021536184960496,1.0558431431668958,0.0035905947024108703,2.912054944693043
107,-0.17969009166575636,3.639218241722999,-3.818908333388663,0.9427261035187962,0.0030584454161190176,2.9618018503369536
108,-0.1528500317891798,3.6553753947240826,-3.808225426513218,0.9640499647128646,0.0031822727615996595,2.9495595140461233
109,-0.4329938165626658,3.428369648348282,-3.861363464911051,0.8136877728694962,0.002431173035988872,3.031778783623077
110,-0.1737923615398899,3.6632719933436744,-3.8370643548835233,0.8980082573760715,0.0028217214137396694,2.9865202590144726
111,-0.32475668317420914,3.48894164867666,-3.813698331850901,0.8132088291290813,0.0025623987540781008,3.01587381015648
112,-0.2803631878008531,3.5053396265447962,-3.7857028143456546,1.0394425742168378,0.0035844740943818654,2.9125878056935255
113,-0.08207941671197153,3.7067913228768066,-3.7888707395887877,1.088440779098979,0.003785346824203973,2.895516870353247
114,-0.21792278707642657,3.598663387815526,-3.816586174891995,0.8925006980366361,0.002864599492511059,2.9819059886456114
115,-0.2035077448638362,3.5861109731189704,-3.789618717982762,1.078803986941225,0.0037400724603760646,2.899291294567249
116,-0.19858791636318932,3.6231456412541054,-3.8217335576172218,0.9503152397214676,0.0030795701717691183,2.9596817229203722
117,-0.2549324514134327,3.5582770500062293,-3.813209501419692,0.9055248311611472,0.0029274662047861816,2.975253394642235
118,-0.26858539152954963,3.5263300641566713,-3.794915455686237,1.0516688136921322,0.003601093359291366,2.9111428512014266
119,-0.016373053994252068,3.787831515639002,-3.8042045696333844,1.0101971885132874,0.003388970546914166,2.930059546842651
120,-0.10234413013268698,3.698626899821051,-3.8009710299537574,1.0425328140085428,0.0035382825799450627,2.9166361523331537
121,-0.2417843489900037,3.5712264068277233,-3.813010755817686,0.9354199340361724,0.00304873820771968,2.9627805691585514
122,-0.2886484529586909,3.492405120873585,-3.781053573832196,0.9803965772585967,0.0033484832603904225,2.9337921814454817
123,-0.2900260482259768,3.552428189396912,-3.84245423762286,0.8571159343040526,0.0026474777200495687,3.0059554626594958
124,-0.3732855080255689,3.435893546847208,-3.809179054872857,0.9677760185028308,0.0031942819952657762,2.9483954172411875
125,0.002304769859384187,3.8134732238683537,-3.8111684540089072,0.9236183500702695,0.0030070780232045965,2.967013451916499
126,-0.2813417792712102,3.501528443841494,-3.7828702231125817,1.031536590771068,0.003561314160019642,2.914611632698695
127,-0.13923115470505257,3.6187702083161324,-3.758001363021208,1.078138298819072,0.003868225466745305,2.8887125145671204
128,-0.23875311174334404,3.5578449868274,-3.796598098570712,0.9373375934922594,0.0031124599978133343,2.9564070783985863
129,-0.19552399895429465,3.631411707477089,-3.8269357064314136,0.9206825091089681,0.002943398939329624,2.9735881028953397
130,-0.3081072144355034,3.497808753364654,-3.8059159678001606,1.0122492897079969,0.0033912364321409256,2.9298518505152917
131,-0.2635521110359008,3.5549868332734023,-3.818538944309239,0.990608200939366,0.0032551530362235795,2.9425556220355804
132,-0.36519389259081836,3.464918486638521,-3.830112379229263,0.973589122085506,0.003144970293065253,2.953201081284371
133,-0.07652290307090373,3.7267098686043725,-3.8032327716753116,1.0314759938863018,0.00348253743446396,2.9215863323701456
134,-0.2881448887654955,3.52021529065358,-3.8083601794190827,1.0849156212476208,0.0036907149793864546,2.9034537339674276
135,-0.041178876045486895,3.754948754859179,-3.796127630904607,1.0118152600479102,0.003425998996728296,2.9266811696296378
136,-0.16672407318447716,3.64784538418709,-3.8145694573717037,0.9050414210240514,0.002921120921287091,2.9759189085003874
137,-0.11023810514030577,3.6778652890609487,-3.7881033942013573,0.9476120366709875,0.0031846984002875988,2.9493240661508153
138,-0.14939983408818028,3.6517973112955553,-3.801197145383753,0.9646292169495214,0.0032094209305477935,2.946933617518579
139,-0.2088858071334784,3.6255099818744587,-3.8343957890078855,0.8950728369896148,0.0028186008299094247,2.98685857091581
140,-0.17533070365801398,3.6070303465871114,-3.7823610502451857,0.9294282516146637,0.0031287345997446435,2.9547983650570355
141,-0.0019078539793412619,3.7707860196585536,-3.7726938736377633,1.0951856353544034,0.0038827347666109276,2.8875349424406314
142,-0.23316641506756644,3.621488718565305,-3.854655133632832,0.8448404754618559,0.0025656003787303395,3.0154951549149356
143,-0.3202317318887339,3.455241974693289,-3.7754737065820336,0.9714499848676696,0.0033308306546994417,2.9354325048598424
144,-0.2155094931045,3.573892808701935,-3.7894023018063763,1.0300493913196793,0.0035295347722429484,2.9174082441983904
145,0.06309251327149065,3.82648798911761,-3.763395475846096,1.056006357760073,0.0037466154413401615,2.8987432619989377
146,-0.06409139870664551,3.707810129300347,-3.771901528007106,1.0844663034302915,0.003838218159100902,2.891160687382508
147,-0.02051098223695083,3.7019897643522364,-3.722500746589162,1.2179848563458793,0.0046889267942639146,2.8276621124458265
148,-0.3068562882830378,3.4828898668717145,-3.7897461551547167,1.0713934208238354,0.0037072036279239174,2.9020576056938365
149,-0.3006362486222628,3.4848490755283152,-3.7854853241504998,0.9676165308180589,0.003278093301591673,2.9403805853152467
150,-0.1310310798184077,3.6920383764427336,-3.8230694562611234,0.9503208341592799,0.003075057676924639,2.960133490565422
151,-0.19834159104017038,3.5806727846499755,-3.779014375690167,0.9981318138824691,0.003431985898043946,2.926138065074308
152,-0.2992521179635418,3.4889595751210707,-3.7882116930846905,0.9528374165824092,0.003206184823126256,2.9472455638142123
153,-0.18124660082208668,3.610530892340235,-3.7917774931623853,0.9303764337371221,0.0031002363309874915,2.957620415775001
154,-0.025716785866629316,3.774990011444054,-3.8007067973106814,0.9428452472431263,0.0031210312902020857,2.955558869187608
155,-0.21870209282384115,3.568917328078609,-3.7876194209025016,0.9746204584931111,0.003299944650816878,2.9383216481981402
156,-0.3730045704948083,3.469376276888982,-3.8423808473837653,0.9213004418420401,0.0028959580954073527,2.9785711243348634
157,-0.09311245557751993,3.69341554691442,-3.7865280024918775,1.0388637159832372,0.003578734835958376,2.9130882187772507
158,-0.1392163271660906,3.6526551322689316,-3.7918714594349012,1.0298280354222766,0.0035190544530052897,2.918335545387999
159,-0.052231229377875416,3.6969804136931406,-3.749211643071021,1.055935435888931,0.0038048268733988397,2.8939054717801733
160,-0.3103317900963788,3.4640231347537314,-3.774354924850172,0.9815440168428831,0.0033781898502633157,2.9310494658092554
161,-0.07470513329872977,3.74482978413659,-3.8195349174352486,0.9115642867411995,0.002931112897664173,2.974871513160475
162,-0.1924140524431636,3.6118489989501037,-3.8042630513932636,0.9753190220958041,0.003242924648439799,2.943720745361698
163,-0.1363221224252215,3.656287769655727,-3.792609892080918,1.034945673277399,0.003538164523265196,2.9166465605889913
164,-0.10867948022178955,3.706387316098166,-3.815066796319911,0.9889498459482924,0.0032607456414983785,2.9420240858415867
165,-0.3042764020823455,3.467351793510123,-3.771628195592484,0.93131302270013,0.0031740747202404903,2.950356480437232
166,-0.30319020131890684,3.51852856761129,-3.821718768930168,0.9767954561275995,0.0031872441686555965,2.9490771334238204
167,-0.39146329246933365,3.4037249228680193,-3.7951882153373617,1.005006729399213,0.0034006415671392065,2.9289911023003676
168,-0.36057651996851237,3.421407081170829,-3.781983601139359,1.0149674215483546,0.0034931549902449187,2.920637959268992
169,-0.08015862492778472,3.6861569916754573,-3.7663156166031513,1.0962491616054075,0.003914568554226624,2.8849652605574962
170,-0.37628042661584404,3.4683949695481036,-3.844675396164007,0.9427265799346063,0.002972684823122116,2.9705484794535364
171,-0.21381232687338927,3.5975219891570416,-3.811334316030411,0.8564267316586438,0.002738101497972825,2.995706152194026
172,0.025591172267800694,3.813176998220579,-3.7875858259527604,0.9982517033517815,0.003400327229472404,2.9290198351303656
173,-0.2496042556630386,3.529475090259233,-3.7790793459222414,0.9602446845953672,0.0032700248124084316,2.941143998068343
174,-0.3347920920001656,3.4587734798522427,-3.793565571852355,0.953133403038279,0.003188530750363634,2.94895240680816
175,-0.2576270580339127,3.564742795156875,-3.8223698531908212,1.0735091442442533,0.0035865847342246107,2.912403959662401
176,-0.3029664876561441,3.5171383492662103,-3.820104836922269,0.9051305269013492,0.002903610234579337,2.977762354039331
177,-0.26713300063421175,3.5433514951574723,-3.8104844957917976,0.9326545941312259,0.003046016443454054,2.9630554982630204
178,-0.1381800514623223,3.6696737847916823,-3.807853836253912,0.9167732197609353,0.002990362291224975,2.968726907483646
179,-0.07191487110311248,3.7323354310024635,-3.8042503021055154,1.0159091933852582,0.003412856300016646,2.927876452014066
180,-0.2542598614438788,3.57274032398707,-3.827000185431075,0.9487860589779538,0.0030555807785304892,2.962090379326697
181,-0.268500345291281,3.525395977497292,-3.793896322788555,0.9914034894633283,0.0033478796471615615,2.9338481404905083
182,0.003566584817227131,3.809934487849358,-3.8063679030320827,1.011848631670376,0.0033878728347298275,2.930160211169226
183,-0.2547350791209141,3.5345231845705976,-3.789258263691522,0.9586823446010957,0.0032269672799995056,2.945247201742288
184,-0.19193927707579808,3.603825641431787,-3.7957649185075297,1.026140471161334,0.0034883373152640473,2.9210679543352587
185,-0.3193682344306211,3.4740466969587627,-3.7934149313894068,1.0031164173281153,0.0033992447899300507,2.9291187967611996
186,-0.1574689886449591,3.637972386368466,-3.795441375013297,0.935511866796775,0.0031088958161511046,2.9567604144237865
187,-0.08505574954689057,3.72257823337926,-3.807633982926177,0.8967565903390629,0.0029102991684835707,2.977056978842506
188,-0.2085681826830609,3.5700837816686293,-3.7786519643516385,0.9941345403687887,0.0034161804519289617,2.9275737366367323
189,0.022206431898203455,3.7812682914415725,-3.759061859543408,1.0892257615690935,0.003913801364828005,2.8850269659338674
190,-0.4146018559478165,3.367541302713898,-3.7821431586615972,0.9936071334980823,0.0034008397353565323,2.9289729894755903
191,-0.3762301137217122,3.4492385057802246,-3.825468619501976,0.8398398128222979,0.002631107068773159,3.0078410580570263
192,-0.02021515813943045,3.7735000555657554,-3.793715213705241,1.0034905964390486,0.0033997114480623803,2.929076129198073
193,-0.21832021573380592,3.585200835795441,-3.8035210515291737,0.8758387184445513,0.0028394888654166206,2.984600521421713
194,-0.09605468113853424,3.691134009607524,-3.7871886907461203,1.0170548125887935,0.003482221425330823,2.9216145989965416
195,-0.3918418473360902,3.4065529181534555,-3.7983947654895474,1.047313528442765,0.0035687437871055145,2.913961094906909
196,-0.33176294199325584,3.462919538630992,-3.7946824806241466,0.9981330812422748,0.0033734194488196584,2.9314884180245087
197,-0.19829433556118095,3.5815266095833462,-3.779820945144479,1.088221768140285,0.003821863319215149,2.8925023426798413
198,-0.08662415090805956,3.7178027762365287,-3.804426927144732,1.1149885895072156,0.0038370016852199715,2.8912603007953397
199,-0.08256040355332464,3.7301911136571744,-3.8127515172103585,1.0100525409111776,0.0033567434519815027,2.933027327157162
200,-0.042077665311589435,3.7340450967619643,-3.776122762073669,1.050745491759669,0.0036717621613894403,2.9050655312858313
201,-0.18012875900900274,3.608840850852403,-3.788969609861283,1.0420890464485715,0.0035831128137950147,2.912706431473454
202,-0.11925106818922307,3.6842093051547224,-3.80346037334391,0.9621573308475482,0.003191191992854392,2.9486945603161963
203,-0.31096405648885084,3.507793686365462,-3.818757742854359,0.9180710353300578,0.002959681470108304,2.9718947276901297
204,-0.2820019781461355,3.5321848202513295,-3.814186798397486,1.0200929551775957,0.003393356042911479,2.9296576763917086
205,-0.2510734726736331,3.564257010455045,-3.8153304831287187,0.9698330991213167,0.0031811434604729146,2.9496691869929843
206,-0.15744305007843598,3.6328211402227724,-3.7902641903012864,0.92539370396802,0.0030847930413674474,2.95915958928753
207,-0.09231830686042888,3.722763329937987,-3.8150816367984817,0.8686207429286745,0.0027747032253913288,2.991654249241646
208,-0.1774144233455758,3.5844471754926617,-3.7618615988383226,1.139635974649192,0.004131064756423882,2.8679763012535964
209,-0.20029209543873497,3.5736229913341018,-3.773915086772945,1.0868178790950254,0.0038402723280973597,2.8909925427148453
210,-0.25439896864816947,3.5896806587423726,-3.844079627390556,0.9465380038963396,0.0029896751526554844,2.9687975298290596
211,-0.4025915746100367,3.4096763130721635,-3.812267887682083,0.8964607043676303,0.0028941925979186866,2.9787580003063154
212,-0.3488364660531801,3.447945153485986,-3.7967816195392743,1.0265059507895045,0.003486012562512933,2.92127564034356
213,-0.38261496673374895,3.4730344951581054,-3.8556494618918578,0.8546568791140667,0.0025996254041842025,3.0114975034608777
214,-0.3193507970240802,3.523154120154054,-3.8425049171781893,0.9111431012290367,0.00285586067659576,2.9828412649435934
215,-0.14529628813421316,3.6341811083112447,-3.779477396445486,1.096956413392749,0.003862039489404147,2.889215787795329
216,-0.14425269095603147,3.600121967949493,-3.7443746589053717,1.114229413203863,0.004092122030495893,2.8709716654952424
217,-0.3703208453589554,3.473602769024984,-3.8439236143838116,0.8581296696496974,0.002647017352548727,3.0060083426363398
218,0.023814223467971324,3.8053474985399025,-3.781533275071979,1.1039741559475236,0.0038845569825250617,2.8873873343751844
219,-0.3001800068334518,3.4526082678577397,-3.75278827469117,1.0559202879999787,0.0037899133009380174,2.895138454248323
220,-0.05135126369135326,3.7485045192802375,-3.7998557829715764,1.0219745074423463,0.003455050095450696,2.9240538145000587
221,-0.06717931301660376,3.7155366537724963,-3.7827159667890555,0.9426962487756074,0.0031830520465933533,2.949483853867624
222,-0.2474379581050329,3.575517792991468,-3.822955751096515,0.9823453024992044,0.0032055700444903468,2.947304858158008
223,-0.3469919798891482,3.4659872593743963,-3.8129792392636546,0.8840022630327922,0.002842218090569289,2.984306606423492
224,-0.31329359318136485,3.473475719314506,-3.786769312495835,0.9723262129271648,0.003293338658772509,2.9389427829199426
225,-0.11706247753864721,3.6425333635014074,-3.7595958410400954,1.0769698628982998,0.0038562448156796805,2.889687890436452
226,-0.17402281110526877,3.6175370828619404,-3.7915598939671327,1.0651584409375257,0.003672771497273615,2.9049795042309134
227,-0.09639879226848228,3.6445520840538888,-3.740950876322472,1.1401622995527554,0.004228234711869514,2.8606125270146006
228,-0.23914563149208737,3.5573144227761913,-3.796460054268323,0.9751273678171717,0.0032700992509370626,2.941136947111153
229,-0.10131546265302807,3.69096148333828,-3.7922769459912615,1.0808238818784695,0.0037380623550181615,2.8994598336743285
230,-0.2046805304277172,3.6124550241811293,-3.8171355546088535,0.9312369126756623,0.0030179849896114484,2.965900105482024
231,-0.36248391876189034,3.43194351226976,-3.7944274310315222,0.980492118836261,0.003299959620339436,2.938320241961107
232,-0.11060725098583082,3.68962006787805,-3.8002273188639037,0.9449569746294166,0.0031313937197251945,2.954536241495705
233,-0.18558805310215978,3.6131628191170226,-3.7987508722191023,0.9345430068987883,0.00309355524524557,2.958285434017994
234,-0.13758516005783297,3.6983918321005587,-3.8359769921584075,0.9224669078415868,0.0029211418867677533,2.9759167074013884
235,-0.32517901641427616,3.5071867907240137,-3.832365807138217,0.9108291523174821,0.0028868628510570634,2.9795349604166654
236,-0.49518133312973023,3.320627454060269,-3.815808787190008,0.913488983489946,0.002950954799867015,2.972801236936114
237,-0.1343813091685974,3.703441005915947,-3.8378223150845088,0.8964412102055377,0.0028132422165236927,2.9874403131076823
238,-0.16595824537990614,3.6008360690244605,-3.7667943144043647,0.9985410075813033,0.0034801653397300847,2.921798570340623
239,-0.5255320556323199,3.3017484393456233,-3.827280494977913,0.8685729796123978,0.002737123366088162,2.995815111172076
240,-0.1788716851239173,3.655902442019237,-3.8347741271430777,0.9432983095062899,0.003007622266893097,2.966957810098362
241,-0.2901612222815487,3.525308455366757,-3.8154696776482524,0.9658691010591665,0.0031644165837433516,2.951297799541108
242,-0.1591506303805176,3.6355624317706376,-3.794713062151118,0.979612904006109,0.003295227605902292,2.938765057082502
243,-0.3310682176363656,3.535130883479781,-3.8661991011161945,0.8838308882976875,0.002678516343414478,3.0024094621659096
244,-0.1934177933782252,3.6266687017148684,-3.820086495093051,0.9996426062843078,0.0032868277531919836,2.939556088559662
245,-0.32232557871783174,3.5051915328419647,-3.827517111559814,0.9877236109179393,0.003211434758632261,2.9467396381459854
246,-0.06668139961244327,3.7274622947032534,-3.7941436943156077,0.997210264373944,0.003371511673061605,2.931664121731753
247,-0.2531342581527355,3.5721627080341656,-3.8252969661868974,0.9909114004473623,0.0032323114615875367,2.9447352213631253
248,-0.266124400861267,3.5039892509922432,-3.7701136518536487,1.059096367268199,0.003732887347714525,2.89989411620925
249,-0.08293675678692983,3.662735975782635,-3.745672732569574,1.1566608899057562,0.004283687721977814,2.8564786800220063
250,-0.25520397791115956,3.526748902686791,-3.7819528805979417,1.0138640483893078,0.0034885179517360706,2.9210518221222883
251,-0.26411613029154923,3.5528168331974848,-3.81693296348908,0.9537638824673134,0.003109948346639806,2.9566560331422793
252,-0.31818522407105265,3.482039187834195,-3.800224411905333,1.0507644010566382,0.0035763897139842555,2.913292902992217
253,-0.3607128914845902,3.422858972826003,-3.783571864310602,1.036339434645615,0.003579382208481793,2.913031737049156
254,-0.2196068246426052,3.568403498276924,-3.78801032291949,0.9846424618715475,0.00334092329662489,2.9344937053673914
255,-0.19332852256924019,3.5804119529959473,-3.7737404755650914,1.0268646750524009,0.0035766969200005847,2.9132660828451633
256,-0.23706599915704776,3.5710916843523184,-3.8081576835093074,0.9980876739748492,0.003323669003747545,2.9361002414998527
257,-0.12520204645398683,3.6535067610520042,-3.77870880750595,1.005368260133074,0.0034642861825469403,2.923222723063885
258,-0.22718439146695749,3.572149789124478,-3.799334180591586,0.9035457411021848,0.002964790381911172,2.97136515526136
259,-0.09361097965507673,3.71883498927242,-3.8124459689274772,1.0095812738627323,0.0033559024976250774,2.9331051171027664
260,-0.17395608132893306,3.622796047815163,-3.796752129144238,0.9504115473249501,0.003166040936434574,2.95113930087102
261,-0.16034208480074033,3.642060977532078,-3.802403062332928,0.9963697473078919,0.003337533976424757,2.9348086854827327
262,-0.14894378464180993,3.625380806368329,-3.7743245910100995,1.0121293105159745,0.0035103063610209704,2.919111504858217
263,-0.02627310512924344,3.7239045024486495,-3.7501776075778253,1.0536155452973666,0.0037903472071792637,2.8951025187411057
264,-0.18690749083578742,3.5802467955354236,-3.767154286371124,1.0884820771472126,0.0038761203189544456,2.88807127314405
265,-0.4610025842330373,3.3914742057292107,-3.8524767899623384,0.8894355620707963,0.002741049237133752,2.995378003783301
266,-0.19355960982057643,3.588475759401375,-3.7820353692218305,1.0081939243221405,0.0034637990095721547,2.9232665099715724
267,-0.43737816000897,3.3818657340036897,-3.819243894012743,0.9165354047962591,0.0029519399330771817,2.9726987808530656
268,-0.17797121273941632,3.6204856647547214,-3.798456877494118,1.0049393186598354,0.003388177156119683,2.9301323007809112
269,-0.06279903511416199,3.682729058598991,-3.7455280937131192,1.0802365904170368,0.003930791619543665,2.8836629974946972
270,-0.09410306704433827,3.6786010752004725,-3.7727041422448337,1.041480553287657,0.0036447693626010923,2.9073741778745883
271,-0.1144106169713354,3.642944364924267,-3.75735498189556,1.0795078867060344,0.003877135761137211,2.8879888822945374
272,-0.022467798405509193,3.7407924801742998,-3.763260278579878,1.1056634097402362,0.003970163835706348,2.8805226827407906
273,-0.1457786465061958,3.645947170452424,-3.7917258169586603,1.042976683559644,0.003576151713404213,2.9133136827062196
274,-0.1330342487637012,3.717246589832062,-3.8502808385957223,0.8996190497643268,0.0027868874681100447,2.990316249994336
275,-0.33403079561038285,3.466413610382706,-3.800444405993062,0.9221119487901999,0.0030368094170121845,2.9639871763602206
276,-0.1755129565572219,3.6406312236658676,-3.816144180223205,0.9490684361027295,0.0030935486542054053,2.9582860907196764
277,-0.16777455867521388,3.616777870442409,-3.784552429117639,1.0723456148592712,0.0037324371340370847,2.8999319236581336
278,-0.23444216699420797,3.5528557582798883,-3.7872979252740606,1.0545562974279465,0.0036437361378988246,2.9074628563557563
279,-0.09791465079184439,3.742292354645276,-3.8402070054371507,0.8475909598945202,0.002617721354685457,3.0093908307084574
280,-0.15052373437027602,3.6621782368085793,-3.8127019711788535,0.9318702587521193,0.003035379611498265,2.9641320923994163
281,-0.244624844782274,3.494130083042521,-3.7387549278247434,1.066112630805604,0.003895099806632474,2.886534548646681
282,-0.38564965947649343,3.410603768180746,-3.796253427657234,0.9481045719598011,0.003158212029415105,2.9519039017399544
283,0.0315091048859045,3.8131579338559,-3.781648828969992,1.051971953080964,0.0036550046502406702,2.9064969475209272
284,-0.37883508722189563,3.439343445911867,-3.8181785331337323,0.9899479126466328,0.0032537227574276715,2.942691693160898
285,-0.09107886454536077,3.6680810510857786,-3.7591599156311304,1.0751859035189002,0.0038500469894643436,2.8901935524968088
286,-0.14256914938972334,3.605990538915409,-3.7485596883052494,1.0574997902372587,0.003814611707873246,2.8930988924339203
287,-0.310437903043416,3.523400813628911,-3.833838716672176,0.8739591585864592,0.0027381037802968566,2.99570589799618
288,-0.32821034161202933,3.4666951926693828,-3.7949055342814972,1.009787130344377,0.0034219796095809464,2.9270462751378563
289,0.08096312643691869,3.8857373789955285,-3.8047742525586727,1.0053182319879679,0.003366355176205004,2.9321394819230218
290,-0.30268857247291125,3.4890925437434714,-3.7917811162163844,1.034094180134069,0.003537716883779752,2.9166860287935124
291,-0.2261725334347006,3.6131156744725144,-3.8392882079072024,0.9371109212106514,0.002968189272635382,2.971013298858984
292,-0.5037750544825116,3.3098898843847757,-3.8136649388671913,0.9849593953229376,0.0032492816817733428,2.94311454729997
293,-0.2736758248573864,3.580455936693863,-3.854131761551116,0.8534317013376391,0.0025994040866468954,3.011523351431487
294,-0.29347483600987234,3.5506357545664398,-3.844110590576406,0.9075522445794624,0.0028368141884596936,2.98488881239611
295,-0.29506765070892416,3.5057285977204207,-3.800796248429265,0.9245446364878283,0.0030455773998363848,2.9630998676396376
296,-0.14928806151613974,3.647006888198544,-3.7962949497147065,1.0843752889382703,0.0037371744800611547,2.899534304587192
297,-0.1216028314846739,3.6392221198405044,-3.760824951325276,1.090165701398822,0.003910535934754878,2.885289728846474
298,-0.2593325847207183,3.561379649702952,-3.820712234423695,0.9616375698243924,0.003128977719751398,2.9547743909944635
299,-0.05239586661924425,3.776878749458963,-3.829274616078237,0.9023550842974888,0.0028633124081466985,2.982043575808058
300,-0.16022779755668073,3.6534600875047087,-3.813687885061313,0.8724440074670894,0.0027941298028699296,2.989523470462532
301,-0.20321431290506956,3.6361952820151626,-3.839409594920312,0.8798211109598157,0.002743838145281173,2.995067833433823
302,-0.2482669453930925,3.5512508938935263,-3.7995178392866364,0.9320496631148254,0.0030806836189726707,2.959570343199937
303,0.01756416872000552,3.8180810362214115,-3.800516867501301,0.946948305610716,0.003138609175822371,2.953825996739369
304,-0.14800346899620256,3.6138657708610897,-3.7618692398572193,1.0663675678557432,0.003799161522998595,2.8943733375687812
305,-0.2540539513908101,3.5808921164957295,-3.8349460678865626,0.984512617566762,0.0031723408833178425,2.95052527440678
306,0.0705641390239776,3.8490500188607837,-3.7784858798368077,0.9519965328952811,0.003237230188141561,2.944264681382478
307,-0.1690776377216793,3.646913749934296,-3.8159913876560267,1.013444715112078,0.0033589475967893225,2.9328235235732083
308,-0.3106302057175384,3.5234908081155276,-3.8341210138330553,0.8299479216012342,0.002568080217622123,3.015202161924678
309,-0.18295042530849917,3.5882829221467856,-3.771233347455336,1.072678631329017,0.003788536414423116,2.895252510822648
310,-0.09955802607613298,3.718872476340558,-3.8184305024167315,0.8981914069178729,0.0028813584972910778,2.98011961191538
311,0.026561364305271645,3.795348437590833,-3.76878707328558,1.057398619767236,0.0037307749941137072,2.9000715405594204
312,-0.1775492990581228,3.6456333661778335,-3.823182665236118,0.9938076462030345,0.003251706836528701,2.9428835725474807
313,-0.1222949757086639,3.6533391006323837,-3.7756340763410208,1.0416108120056657,0.0036336737873293268,2.9083276745892626
314,-0.31762720118957477,3.5126167685850445,-3.830243969774642,1.0146240638136803,0.0033117130382965976,2.9372179150108013
315,-0.20044132516307803,3.601541972084519,-3.8019832972476024,0.9435567857537326,0.003119562836166886,2.9557040355131257
316,-0.18640228584309573,3.641161753274917,-3.8275640391179877,0.9155636062664647,0.002921022596716032,2.975929231476119
317,-0.14091106809690648,3.655001026418257,-3.7959120945153018,0.9771018745544977,0.0032803487987367397,2.9401674840556735
318,-0.2731395239540092,3.502388330287959,-3.775527854242,0.9531993349213925,0.003252922010362019,2.942767896899086
319,-0.15479053408876955,3.646636351942519,-3.8014268860313223,1.0098246643433848,0.0033977413840866016,2.9292562926860657
320,-0.2993147119439158,3.514004395925714,-3.8133191078695745,0.908388248181379,0.0029386015208482555,2.974088662454376
321,-0.17201568768883538,3.569997039598493,-3.7420127272872605,1.1386045550065902,0.0042160903930926015,2.861524407523856
322,-0.20659814672183932,3.6023533781492767,-3.808951524871077,0.8762651002195563,0.002824095231843045,2.9862631349556232
323,-0.11895960642130779,3.6939584143507536,-3.812918020772031,1.0117103840518116,0.0033630462704256994,2.932444868236771
324,-0.28970978028031313,3.514957896335375,-3.804667676615736,1.0258324148893803,0.0034531834799802264,2.9242220238797567
325,-0.24125649623864268,3.5173802749417225,-3.758636771180477,1.057733630473052,0.003773881320960085,2.8964688285997453
326,-0.3295733795454311,3.50218936070003,-3.8317627402454946,0.9439897365999996,0.0030203963611736104,2.9656544562895015
327,-0.3610665712263966,3.438757624445661,-3.799824195672045,0.878100052376324,0.002860280297794286,2.9823679266425267
328,-0.3436629050024834,3.4272280530402726,-3.7708909580427417,0.9675438889147248,0.0033309387754619194,2.935422433939861
329,-0.31794346421862374,3.489604039632813,-3.8075475038513105,1.001371601984319,0.003339616084452359,2.934615154189354
330,-0.07530717990415217,3.72435280037724,-3.799659980281376,0.9582928627931482,0.0031885452051640816,2.9489510057598816
331,-0.3318679833706796,3.5066175098437378,-3.8384854932145345,0.8485476885258896,0.0026264022610702244,3.008384948630704
332,-0.1349377643930524,3.668896166944061,-3.803833931337067,0.923244757062196,0.0030300568635595903,2.964672120341038
333,-0.04284588253165969,3.7325714907937066,-3.7754173733253538,1.0904523307251495,0.0038501597498357357,2.8901843461131924
334,-0.12399011142918828,3.655910269245569,-3.7799003806748033,0.9728516416604021,0.0033205879021178837,2.9363879198977116
335,-0.3068801144187404,3.488784806174339,-3.795664920593026,0.8995031760086163,0.002960392658530854,2.9718209583649835
336,-0.1494701296775333,3.649462503086865,-3.7989326327643766,0.9397388283217603,0.003114336925563132,2.956221156964484
337,0.039111874072310066,3.8011611797058102,-3.762049305633468,1.0537554695862117,0.003742097553418189,2.8991215820422984
338,-0.130375882257917,3.679786432439155,-3.810162314697095,0.987667168347304,0.003273048249154837,2.940857730036116
339,-0.1892943751572688,3.602781127728632,-3.7920755028859503,1.0429936688207353,0.003574857487615503,2.9134267029508516
340,-0.13561333942119239,3.720178265965546,-3.8557916053866848,0.93020777210995,0.00288779936468407,2.979435588813141
341,-0.28877997539621847,3.5488432847631075,-3.837623260159262,0.8372085741418895,0.0025856596700593024,3.0131325362041093
342,-0.2389982080494605,3.534789322601729,-3.773787530651134,0.9734720513065072,0.0033456813177251236,2.9340520182504823
343,-0.1335946885517473,3.713461991322211,-3.8470566798739583,0.944715025407054,0.0029727010442165075,2.9705468034280034
344,-0.3271768638776479,3.4802440776638695,-3.807420941541409,0.8981975240274545,0.002916783586878562,2.9763745817417755
345,-0.07790137419068235,3.7312611712373784,-3.8091625454279665,0.9634602267658128,0.003176560397559771,2.9501146392043
346,-0.11420488845500079,3.6758177227102533,-3.7900226111652273,1.011921523921766,0.0034494750574567286,2.9245564527180354
347,-0.3053400927016213,3.5066216136418977,-3.8119617063435953,0.9093082901944891,0.00294672452867992,2.9732415497845532
348,-0.20827033976230216,3.5992794430673,-3.8075497828297102,1.0342440531657218,0.003477818859153943,2.9220086461085035
349,-0.24148782488647105,3.525760851277122,-3.76724867616349,1.105689474840546,0.003953100371128161,2.8818801707600668
350,-0.18692083845497512,3.6048001034479538,-3.791720941902895,0.9004934494807095,0.0029774267477829367,2.9700588806192667
351,-0.14061183666240998,3.675434311136661,-3.8160461477990566,0.9419794149704115,0.003065097455612515,2.961132800156564
352,-0.4292066452037574,3.4000039515057474,-3.829210596709572,0.8632066293904943,0.002710406481283635,2.998805079392004
353,-0.09165905536452504,3.712146649432429,-3.803805704797014,1.0786328368920324,0.00368195907756692,2.9041974212598807
354,-0.16518340718460825,3.679974352545248,-3.845157759729773,0.992668481266795,0.0031696033238328286,2.950791954899276
355,-0.2654503135186218,3.5180306715546714,-3.783480985073197,1.0546843061963984,0.0036595211624089736,2.906110563357123
356,-0.07778182489415433,3.721177931812703,-3.798959756706836,0.9526559232599128,0.003167630693505165,2.9509842496742027
357,-0.29252412066944944,3.4943214964577565,-3.786845617127142,0.9352288818965551,0.003137398999387115,2.9539450150440687
358,0.018348803402650965,3.8425077413719344,-3.8241589379694005,0.9221498177834238,0.002958310853750881,2.9720369430238898
359,-0.22123058678881483,3.567601917646679,-3.7888325044353905,1.0288526747441935,0.003526589672192287,2.9176685740027044
360,-0.15158795938510541,3.66700332636815,-3.8185912857532003,0.9372784679190806,0.0030374983042557972,2.963917377322239
361,-0.47624542145514115,3.358873570471314,-3.8351189919264925,0.8632522834787442,0.00269282346812438,3.0007875761563136
362,-0.0908773105337645,3.70170079592978,-3.7925781064635657,1.0718347881501264,0.0036976904343323505,2.9028624169980493
363,0.010131001094796893,3.8261396156258685,-3.816008614531029,1.002177272785753,0.003312078902343725,2.9371836586551883
364,-0.08974768882695519,3.660773672219158,-3.7505213610461396,1.0542808248250397,0.003791922026803418,2.8949721257840872
365,-0.23971358436529902,3.555945637980374,-3.795659222345762,0.9167480419926479,0.003030912793688381,2.96458522222103
366,-0.3134591809804391,3.5261048949930864,-3.839564075973499,0.9209748068281314,0.002903714816901369,2.9777513140012877
367,-0.24893912906646568,3.580955308133705,-3.8298944372002097,1.0263142597400776,0.0033610839240864735,2.932626106838401
368,-0.31945780083561603,3.497472315994767,-3.816930116830349,0.9221884275220296,0.0029822196329058258,2.9695647425732923
369,0.0018646252968806676,3.7487802128321026,-3.746915587535341,1.0783673905854658,0.003916320955430288,2.8848243553556547
370,-0.3787341068750806,3.4354643621469614,-3.814198469022017,0.8929526774636436,0.0028740020986702266,2.9809025744409046
371,-0.26879384252277705,3.5535335717648757,-3.822327414287656,0.885917811112432,0.0028204136379978116,2.9866619973168924
372,-0.35513457290279293,3.4433444076272814,-3.798478980530035,0.9142198407273145,0.0030111281034920423,2.9665996040272002
373,-0.2485423067225924,3.5516107496666813,-3.8001530563891492,0.8671900888107826,0.002815441356435035,2.987201447593968
374,-0.15481012160479116,3.622227021563948,-3.7770371431688545,0.9357107785336825,0.003173638690724756,2.950398921242998
375,-0.09929522048026632,3.708754403062564,-3.8080496235428427,1.0525956115431003,0.003553729408357412,2.9152770280055837
376,-0.19078149473569686,3.6202552560080297,-3.8110367507437104,0.9563823910957396,0.0031409644335697474,2.9535944819878863
377,-0.15998323117174498,3.6587726248085546,-3.8187558559803847,1.089254412504994,0.003667651812741512,2.905416084053175
378,-0.1887031899541484,3.540820940465839,-3.729524130419918,1.186271584654038,0.004500700375925181,2.8407540843794075
379,-0.03176517776228996,3.7617043553900174,-3.7934695331522335,1.1191647373395939,0.003901341492398231,2.8860306600467114
380,-0.2911149229202096,3.519536446622514,-3.810651369542711,0.9063190692122776,0.0029389729919581894,2.9740498767715753
381,-0.3493097505322652,3.4719468826595414,-3.8212566331917515,0.9926678056760769,0.0032539080531811854,2.9426740617759704
382,-0.15588888709454243,3.6581960363600907,-3.8140849234546295,0.9046125434863805,0.002920971748713541,2.9759345700697435
383,-0.15964259650878324,3.6689785329715083,-3.8286211294802115,0.854032943748825,0.002676627137804073,3.002624217941161
384,0.07354143515237008,3.8760874296597607,-3.8025459945073408,1.0748982696602716,0.0036709118314612195,2.9051380227387735
385,-0.32916376108642853,3.5087917108055877,-3.8379554718919735,0.82946378305199,0.002555274966898274,3.016717893245138
386,-0.09051563041556113,3.673409412806198,-3.7639250432218887,1.0968882493311836,0.00392765002505277,2.883914798977094
387,-0.3939843101370656,3.4509627525411095,-3.844947062678216,0.8616989327026032,0.0026576140080331523,3.004793285578035
388,-0.14586269911195307,3.6970727538879946,-3.8429354529999955,0.8864288409076597,0.0027585985137920754,2.99343102904357
389,-0.20470117931280077,3.6110488553200004,-3.8157500346327424,0.9831497508410589,0.00323438544117982,2.9445367388229085
390,-0.23432421890834979,3.5790601318001767,-3.813384350708475,0.9642130977774355,0.0031649028608710865,2.9512503425392422
391,-0.35365028192212267,3.46052494098991,-3.814175222912013,0.8850917750583651,0.002842775680088894,2.9842465903424285
392,-0.22713857200302248,3.5576921989176857,-3.7848307709207347,0.9595244641322518,0.0032463123909213824,2.9433975602283735
393,-0.4756044136472696,3.3467685045023257,-3.82237291814954,0.8553362383866672,0.0027003957788620785,2.9999323471055503
394,-0.4178150463260494,3.4013845731405987,-3.8191996194666444,0.9099086198636921,0.002925587761419729,2.97545027457156
395,-0.1096743764334264,3.6815849183393348,-3.7912592947727717,0.9461840432195059,0.0031676702105272046,2.9509803964281414
396,-0.19938735349831807,3.6158663615936253,-3.8152537150920125,1.0643860781754313,0.003575767106622052,2.9133472651950663
397,-0.20794240134251543,3.5548516638091603,-3.7627940651516383,1.0482355894871318,0.003714497475246475,2.9014418205596986
398,-0.4419164647657766,3.376707356584474,-3.8186238213502293,0.910525723745486,0.002929920418202198,2.9749963418114826
399,-0.22295578843944389,3.5609654994467346,-3.783921287886187,1.092838386760157,0.0038252108948348303,2.8922273031445402
400,-0.30291492301717826,3.5020389363472604,-3.8049538593645593,0.9479604208995207,0.0031274326895427717,2.954926775320773
401,-0.2029988497349763,3.571073267498415,-3.774072117233459,1.000400362019304,0.0034604769404722453,2.923565245700746
402,-0.3168936918928097,3.486447492067692,-3.8033411839605833,0.9630275882981603,0.00319521375296015,2.9483052655476576
403,-0.2961992259468019,3.5322343059277395,-3.828433531874566,0.8522657571240106,0.002670350418582731,3.00333872113134
404,-0.07211609205365624,3.757126213119222,-3.8292423051728974,0.925930092886972,0.0029567449798141693,2.9721994919089165
405,-0.01750830622735014,3.732234551941087,-3.7497428581683607,1.1185345174533852,0.004088139412200079,2.8712794536631305
406,-0.5070416013783273,3.2869243110103405,-3.7939659123886713,0.9408598189110569,0.0031361209603655476,2.954070752937028
407,-0.2476830776635183,3.5797519324061082,-3.827435010069621,0.8826331898316577,0.0027915879344350054,2.989801501188197
408,-0.13269423998611676,3.6167636885096557,-3.749457928495758,1.1176633735298702,0.004085390686709594,2.871492041816432
409,-0.17673818332799276,3.6283382521276626,-3.805076435455703,1.006656294781508,0.0033708553343728903,2.9317245906158935
410,-0.16649318228133728,3.5935791097351513,-3.7600722920165026,1.020137669789398,0.003600947277455817,2.9111555257743515
411,-0.3527214927853578,3.4373922215652954,-3.7901137143506958,1.0506938387481832,0.0036158173879479705,2.9098677355765035
412,-0.2926807526445231,3.5099616215305613,-3.802642374175093,0.9145772044976108,0.002998728265012305,2.9678682594276102
413,-0.17903152360043753,3.6265521142910857,-3.805583637891573,0.9430248400221499,0.003105003047096864,2.9571467472676303
414,-0.15780006842636288,3.6331332717359737,-3.7909333401624963,0.9270201696936748,0.0030892370687344755,2.9587159513900967
415,-0.19913856871142746,3.629158003405673,-3.8282965721172104,1.0248182193417812,0.0033607916817596528,2.9326531060306418
416,-0.4195800967148756,3.366941494157278,-3.786521590872212,0.9629234749502484,0.003254570253006604,2.9426110591723265
417,-0.20491628816569976,3.5758763176089183,-3.78079260577465,1.019866284291603,0.003518878914297158,2.9183510984809695
418,-0.2405647758669233,3.5739891758493436,-3.8145539517162206,0.9745109790018676,0.003203076910998443,2.9475454228789744
419,-0.1305420099792031,3.6236823046767843,-3.7542243146559713,1.0809402431365718,0.0038968826794548864,2.886390543308521
420,-0.2010614830238723,3.594832926362376,-3.7958944093862783,1.0453964409541285,0.0035702742401945353,2.913827241558329
421,-0.4320514022043739,3.359918978101057,-3.7919703803053153,0.8574847388109414,0.002802069147448878,2.988656546415526
422,-0.21161206256989265,3.599743594169166,-3.8113556567390106,0.952040744758557,0.0031220884897997566,2.9554543966121796
423,-0.23040818947550581,3.5645595186377066,-3.7949677081131767,1.0128186261669676,0.0034346253277568323,2.925898901843388
424,-0.08295377064417556,3.734958643428483,-3.8179124140727936,0.9132110157112361,0.002942975702643796,2.9736322331834653
425,-0.18848592558379954,3.6375908567451956,-3.826076782329096,0.9279509184297252,0.002975177992378095,2.970290973535751
426,0.029212618011675268,3.811134444716178,-3.7819218267044334,1.0764503419109248,0.003761215830164379,2.897523479829803
427,-0.38417572137837797,3.4646459441473536,-3.8488216655257474,0.857070415781428,0.002628609129963733,3.0081297168333654
428,-0.22712286396700568,3.5924039892194988,-3.819526853186403,0.9355452425184776,0.003027371560927481,2.964944890491033
429,-0.21817980293975273,3.595821064139909,-3.814000867079585,0.9364743933426556,0.0030496798614510516,2.962685503555537
430,-0.24055051852929812,3.584413247580333,-3.8249637661095903,0.9738452214696223,0.0031638819862473792,2.9513499799201393
431,-0.09218034086826213,3.6911723316523823,-3.783352672520664,1.0481229581896907,0.003631437537962474,2.9085201669108813
432,-0.16985449742277017,3.629246516674091,-3.799101014096891,0.9024367325991234,0.002961047931966785,2.9717530032366613
433,-0.1740673047477316,3.6360522806836983,-3.81011958543138,0.9972653010772248,0.00331309145905572,2.937088869538766
434,-0.12630027647254286,3.7288475436134196,-3.8551478200859037,0.8163573027241375,0.0024580071899669904,3.028463560383071
435,-0.29541609592150453,3.5206145315557724,-3.816030627477403,0.8819832246333394,0.002824596482123294,2.9862088664345547
436,-0.010803995720274934,3.7942900959384045,-3.8050940916585887,0.9332574244292764,0.003066684724913374,2.960973351156581
437,-0.29474524716273154,3.5758580836642744,-3.870603330827066,0.8991185423404833,0.0027229508941205914,2.997397858167334
438,-0.2335532339104788,3.612974281188962,-3.846527515099524,0.8936029369452307,0.0027752643427148356,2.991592512989335
439,-0.16315258027396742,3.6433304047595443,-3.80648298503354,0.9094950032971933,0.0029654218523370523,2.971299757013703
440,-0.23505284506848914,3.596011629747798,-3.8310644748161167,0.8926801237935522,0.00281965286331601,2.9867444786019255
441,-0.12442131444448426,3.6795706400195933,-3.8039919544639815,1.0039484732462418,0.003363493724349883,2.9324035557200516
442,-0.27749171434687414,3.528791721861206,-3.806283436207991,0.9824236932503418,0.0032652171596646838,2.9415996979463244
443,-0.2519051465590195,3.5634882765417495,-3.815393423100886,0.9339233091541321,0.0030346653953535235,2.9642045041482157
444,-0.32709150314315993,3.4890615395843683,-3.8161530427274784,0.9120245435637409,0.0029439572811333008,2.973529894245999
445,-0.11181242312000853,3.6995826481004497,-3.8113950712204314,1.0022966472398893,0.003329391580615529,2.935566575929812
446,-0.2333375273058295,3.5588982351650977,-3.7922357624707956,0.9942209793950838,0.0033659211723451403,2.9321795215313626
447,-0.0652372454063738,3.7056098597858296,-3.7708471051921606,1.0434179466433284,0.0036607074664218014,2.906009147861734
448,0.12644732177328985,3.880234531150054,-3.7537872093766964,1.0868162997568809,0.003925405130451659,2.8840948412757528
449,-0.1765068565803262,3.599884303286674,-3.7763911598669893,1.0419442207798044,0.003632123643917586,2.9084610966841575
450,-0.3388558680762884,3.4239259484646234,-3.762781816540837,1.054642043594977,0.0037430507573511696,2.8990417278668823
451,-0.08186786019485628,3.7302296436407922,-3.81209750383573,0.9177132793153069,0.0029801375813125587,2.969779309361979
452,-0.43634469587744606,3.371188615884027,-3.8075333117615173,1.0032733373570735,0.003347620351117568,2.9338721818156865
453,-0.1301498150885522,3.659716171662636,-3.789865986751238,0.9541489844086157,0.0032058227293148144,2.9472804858863224
454,-0.20613103231927146,3.6121874727440653,-3.818318505063303,0.8960927804607168,0.0028733693878526933,2.980970001076143
455,-0.20003980417141923,3.608968140814197,-3.8090079449856376,0.9920062814142756,0.0032952409671352916,2.93876380029142
456,-0.03485192842175314,3.7176900815463765,-3.7525420099680105,1.077046062646733,0.0038863716712672254,2.8872403985410706
457,-0.11803462767580589,3.665722604406142,-3.783757232081939,0.9511670233722662,0.0032149592115949927,2.9464004163988204
458,-0.20357452355916342,3.557861621965744,-3.7614361455249536,1.0136988113085668,0.0035672136191907183,2.914094975528562
459,-0.4829171351920053,3.332224319425157,-3.815141454617219,0.9709301973759503,0.0031863058503777634,2.9491681268643344
460,-0.10867837874412492,3.683472238850467,-3.7921506175945296,0.9929693478442452,0.0033609367987760233,2.9326396989367605
461,-0.19679369251435622,3.603152723478234,-3.799946415992622,1.0833325272087788,0.003717823017633608,2.9011614254633513
462,-0.2693387181461816,3.5602446921524593,-3.8295834102985964,0.912605102190458,0.002902792909500319,2.9778486459430686
463,-0.29280106334750544,3.5134881145690593,-3.8062891779165966,1.0219213504746496,0.003430556087548979,2.9262676925682265
464,-0.1005845437374632,3.6765470971540073,-3.7771316408915254,1.0854945920481693,0.0038209699777157933,2.8925757773452356
465,-0.06980160980243402,3.737312366954303,-3.8071139767567956,0.9441919213268286,0.0031045391767817996,2.9571928129219573
466,-0.22921950539888206,3.572813962016762,-3.802033467415754,0.9408589309199424,0.0031082909475666476,2.9568204148742097
467,-0.20306743794731977,3.5819704853065066,-3.785037923253867,0.9746975208437672,0.003309665693767859,2.937409674342836
468,-0.25128714205664837,3.5578748354390552,-3.8091619774957053,0.8692066745103042,0.002795362917055467,2.9893886750751126
469,-0.23278195034880303,3.5665941466756483,-3.7993760970243784,0.9862343767941437,0.0033060857146720245,2.937745243793723
470,-0.23980588231916902,3.55407221988725,-3.7938781022063495,0.9871632656170513,0.0033300527206676605,2.935504974387198
471,-0.19001595982707334,3.6031141168233245,-3.7931300766503,1.0229716868500174,0.0034848702551952813,2.9213777366286617
472,-0.10148779597330707,3.7164048032326584,-3.8178925992059476,0.9287499157660934,0.003005439394374433,2.9671810358269544
473,-0.10318329158384079,3.6936413981144622,-3.796824689698269,1.0256008912882904,0.003481990332370447,2.921635271454068
474,-0.3310500269458402,3.4934024481674943,-3.824452475113276,0.8544737786970886,0.0026907965010343794,3.0010168779597532
475,-0.26384673374548984,3.6060967547175733,-3.86994348846315,0.8448131946747326,0.002522175570491767,3.020668225692323
476,-0.026339575819187694,3.7541327693323088,-3.7804723451515656,1.0398985113440542,0.003607032710094256,2.910627927889562
477,-0.060797021684615565,3.715573772366039,-3.776370794050763,1.0465238876598366,0.0036522557030388455,2.90673233044871
478,-0.0627540364824967,3.696048540321405,-3.7588025768038733,0.9833462150350338,0.0034443884985345067,2.9250156957868385
479,-0.15216808968171738,3.650449260254343,-3.8026173499360993,1.0081106932493584,0.003386086983917938,2.93032404386413
480,-0.1637555429998742,3.6469297152129276,-3.8106852582128568,0.9220620321003985,0.003002385580289495,2.9674935744299407
481,-0.14618754476453835,3.634501690521662,-3.780689235286218,1.0386320914453844,0.0036006653534684675,2.911179987811551
482,-0.3507519560528266,3.4597798291908526,-3.810531785243711,0.896790733482705,0.002901095065768576,2.978027972535443
483,-0.09636776545449668,3.7185558154298914,-3.814923580884397,0.9385490104958725,0.0030549810515635577,2.962150815618732
484,-0.19026462130421753,3.592509639778957,-3.782774261083091,1.0945356943349351,0.003837496688289621,2.8912197630105045
485,-0.23425274526040032,3.547138725359137,-3.78139147061961,1.0030893356530894,0.0034443058616676733,2.9250231618012723
486,-0.16228416660886472,3.6351790752666475,-3.797463241875448,0.9470679711186643,0.003149703731404957,2.9527368160803267
487,-0.22381340254345053,3.571187094646137,-3.7950004971895623,1.0879431611227999,0.0037579977563458934,2.897791961985295
488,-0.17763571504623035,3.603119915998015,-3.780755631044258,1.0565711336846975,0.0036786909337422997,2.9044754149815537
489,-0.3198453796645794,3.506267054744257,-3.8261124344088557,0.9309912399841009,0.002987206464297867,2.9690513775384293
490,-0.11948339314086245,3.680026670703539,-3.799510063844423,0.9566750675848801,0.0031823618475031574,2.9495508639097014
491,-0.43395805984472136,3.3451709561770504,-3.779129016021784,0.969183405863469,0.0033077997727877628,2.9375845352282934
492,-0.26521781298743863,3.542164577545775,-3.8073823905332347,0.9139652648119643,0.002980549934769995,2.9697368032270193
493,-0.13762433572265712,3.6428115122048923,-3.7804358479274924,0.9991147989856111,0.0034308486807659534,2.9262411618864452
494,-0.20088183853909816,3.6000468698885943,-3.800928708427705,1.0247394842366042,0.00346271635679159,2.923363838433265
495,-0.02917400620754909,3.77985427176896,-3.809028277976495,0.9977810227481825,0.0033192144037960214,2.9365162399768763
496,-0.011995065029404423,3.7767279860821774,-3.7887230511114467,1.054176899085024,0.0036364211890144572,2.908091330626311
497,-0.23222144993941077,3.614194210359486,-3.8464156602989306,0.8048446004561884,0.0024391561189509464,3.0307890293016606
498,-0.11491502925856314,3.6673473719260277,-3.782262401184653,1.024446734652567,0.003532998490970074,2.917102324296662
499,-0.1630000684412011,3.6711256935739436,-3.8341257620151055,0.8871591935904872,0.002788550026091514,2.990134092439597
500,-0.2398424748258862,3.598108418107341,-3.8379508929333497,0.7642399599727283,0.002311203749617264,3.0470225441804444
501,-0.06467637802917073,3.7038332487633867,-3.768509626792479,0.9801749697341748,0.003394086516361699,2.9295907844823224
502,-0.18084056777412064,3.6070294802170495,-3.787870047991305,1.0260279214484136,0.0035181539369669276,2.9184153404529285
503,-0.2340198085447668,3.5126266852777115,-3.7466464938224817,1.087800125957678,0.003960569807287576,2.8812852844756622
504,-0.36378553028249316,3.3902293879588243,-3.754014918241296,1.064742101430479,0.0038245494260832715,2.8922816326126157
505,-0.12512522672705875,3.7059283443156734,-3.831053571042844,0.8617053218341493,0.0026990407773488895,3.000085222055974
506,-0.3961235012421952,3.4004092169166253,-3.796532718158801,0.9323554780791685,0.0030921292300339345,2.958427545508745
507,-0.3471292906466573,3.470918202201189,-3.818047492847768,0.9299750626398025,0.0030098594053348453,2.966729188305686
508,-0.3125792874611847,3.4482471669798067,-3.7608264544409167,1.132727750139396,0.004104043989139643,2.8700519245546827
509,-0.5141189736211885,3.3476934743307365,-3.861812447951934,0.7674543651343972,0.0022616519256399995,3.0535312133415116
510,-0.23925560647877267,3.5349617397450115,-3.774217346223736,1.0686565966568489,0.0037584194437944463,2.897756768935777
511,-0.14605048685508285,3.650102619848831,-3.796153106703855,1.0439287110347462,0.0035629637932519755,2.9144670843330265
512,-0.16932915833570808,3.6118462403302467,-3.7811753986660506,1.1061416503186534,0.0038957066741676155,2.886485524316618
513,-0.304481595709612,3.5393810678990847,-3.8438626636087747,1.0142676484400572,0.0032612120076650863,2.941979798677816
514,-0.32132320735093745,3.493549766336438,-3.814872973687443,0.9867774743563216,0.0032524702937916207,2.942810892409885
515,-0.4418902230319276,3.3911224536517914,-3.8330126766837793,0.8555417569446475,0.0026693811625467514,3.0034491920716624
516,-0.0676620911105005,3.743391140945397,-3.811053232055997,0.9251176902182303,0.003013532361049424,2.966354170770676
517,-0.11117989953278032,3.6921033229798543,-3.8032832225126185,0.946132410170925,0.0031256808192800176,2.955099643064518
518,-0.1112036426986919,3.7251290872868243,-3.8363327299855428,1.0183135806853991,0.0033047494298173827,2.937870585328048
519,-0.20851701386869484,3.5711332495868597,-3.779650263455551,1.048217445901149,0.003646579739967825,2.9072188538875703
520,-0.07374025336754078,3.7886701122072783,-3.862410365574874,0.8881811934500035,0.0027062631005568736,2.9992711877797906
521,-0.08950751858857023,3.649783410533678,-3.7392909291221486,1.1209217320581422,0.004145940507684388,2.866838859965016
522,-0.17111737218648107,3.6000371664860364,-3.77115453867259,1.0764498153350288,0.003805629940755166,2.893839202713935
523,-0.16700320688836148,3.626202326899121,-3.7932055337876136,0.9935718726558231,0.0033595902389664577,2.932764125370965
524,-0.01900207549602731,3.782983020761249,-3.80198509625734,0.896383917312074,0.002927089274270077,2.975292891537747
525,-0.05362480316342447,3.7557296972322534,-3.8093545003956706,0.9160251335975906,0.00298237275410491,2.969548967993183
526,-0.23713169945859539,3.5582369238058082,-3.7953686232643804,0.9252206440544684,0.003066705843521241,2.9609712301960465
527,-0.2299782740365203,3.5944141851723193,-3.824392459208866,0.9290318271634987,0.002985047463062229,2.9692735379977973
528,-0.27114525602690664,3.5343526706581643,-3.8054979266852342,0.99152637259617,0.0033059725791218003,2.9377558539520687
529,-0.06408147060916183,3.681196076498653,-3.7452775471077757,1.1269937861254349,0.004147218141083737,2.8667413413239458
530,-0.1984725938447213,3.594617573995779,-3.793090167840319,1.0148422334446896,0.0034503272883488105,2.924479568828192
531,-0.15958444580952294,3.6470541348041956,-3.8066385806137077,0.9833234339601518,0.0032676814062473883,2.9413660446934173
532,-0.25870112396229106,3.570310640048483,-3.829011764010829,0.9570159969021328,0.0030818779742573165,2.9594509109274916
533,-0.26958500628098536,3.5555592475423397,-3.825144253823396,0.8825498715405904,0.002798371742565983,2.9890599991640476
534,-0.40271704612258363,3.43078553991235,-3.833502586034797,0.9402230491903656,0.0029995964396987555,2.967779278862217
535,-0.22429121007656652,3.577387432142699,-3.801678642219258,0.9606406165950276,0.0031911791428453186,2.948695804876417
536,-0.14186055388553034,3.665534923278424,-3.8073954771639364,0.9730063694250135,0.0032221877436071035,2.9457057431794347
537,-0.1565671746960874,3.6256127416174224,-3.7821799163135665,1.0524739735241424,0.003655075019010403,2.9064909241977714
538,-0.4200828419691419,3.379427254795472,-3.799510096764493,0.926447480033461,0.0030577144100662483,2.961875454523994
539,-0.03253995972409887,3.715067952296178,-3.747607912020271,1.0614933623982181,0.0038366705551614753,2.8912874210151185
540,-0.17300874364878785,3.636033461624914,-3.8090422052737267,1.0520434800662066,0.003547532557847633,2.9158216251727413
541,-0.2781110309256377,3.5453861503892914,-3.823497181314906,0.9272543493428622,0.0029808870026412164,2.9697020616506737
542,-0.23206192882742874,3.5835619243770496,-3.8156238532044426,0.9453803124306623,0.003080333287861567,2.9596053833648517
543,0.00402680807643771,3.8495120691540134,-3.8454852610776697,0.9830168962816608,0.003129828244575333,2.954690534106354
544,-0.04090591522595735,3.7496120777772926,-3.7905179930032773,1.103306598213308,0.003843857053429729,2.8906993094946256
545,-0.07999567942750621,3.6944157086717024,-3.7744113880992245,1.0636599382506882,0.0037355411733932063,2.89967134093489
546,-0.022146448808948144,3.7679598832321166,-3.7901063320409776,1.0423650671791398,0.0035798516484137374,2.91299078533263
547,-0.30376926087581924,3.495218505050364,-3.7989877659260856,1.006606680635488,0.0033932445658641434,2.929667885872679
548,-0.12271027051657205,3.719439109162478,-3.842149379678972,0.8471557196611954,0.0026104064770587692,3.010240797289588
549,-0.46681205042524143,3.355332917518244,-3.8221449679435864,0.9256117131595198,0.002978765941171894,2.969920739113215
550,-0.2845578803566099,3.53848921120696,-3.823047091563467,0.9479697235298727,0.003065641679282326,2.9610781217337117
551,-0.28997731758296086,3.519330799690185,-3.80930811727319,0.9435636057391814,0.0030944597042922265,2.9581953298722548
552,-0.20308183656232762,3.583690226196309,-3.786772062758587,0.9932291996874059,0.0033819712097480073,2.93070192187802
553,-0.2159543386877744,3.574732731751507,-3.790687070439276,1.0272234702628555,0.0035124415067346523,2.918921954341203
554,-0.2767379534350397,3.551323632271363,-3.8280615857063367,0.8646651243388368,0.00271954245349562,2.9977796270212442
555,-0.09047511972165415,3.7062566375673964,-3.7967317572890806,0.9575109005713318,0.003195605186490937,2.948267399762313
556,-0.20122602422930816,3.558543884536149,-3.75976990876552,1.0399119610562544,0.0036897499297704225,2.9035356222786155
557,-0.18688206557283996,3.580794157393227,-3.767676222966088,1.1095804316135929,0.0039688125626265135,2.8806299902396986
558,-0.2758824363129492,3.5474748127614153,-3.8233572490744336,0.9572515789705318,0.0031021018106464826,2.957434964056659
559,-0.27013057466059254,3.537750409845215,-3.8078809845058004,0.8694870039633504,0.002800464261853599,2.9888316082753716
560,-0.2765606662866361,3.578918868817287,-3.855479535103882,0.8277408147956091,0.0024993692084328513,3.023417797045045
561,-0.4211496704795167,3.384383573306336,-3.8055332437859306,1.0294096948105498,0.0034650344926092248,2.9231554761758956
562,-0.32626310220065025,3.509088116801252,-3.83535121900195,0.9600038091061056,0.0030723720124614137,2.9604026524571325
563,-0.309825978887838,3.5047949578335165,-3.8146209367214396,1.0049313670062072,0.0033285668771882108,2.935643433062798
564,-0.3223398303874859,3.4927993325205056,-3.8151391629080535,0.9727689165025237,0.0031938601457134237,2.9484362409398845
565,-0.3379232639763444,3.4905221887984017,-3.8284454527747585,0.9733646113264782,0.003149835192012904,2.9527239312374367
566,-0.2528601676117518,3.529009897575046,-3.7818700651868085,1.0660450432293824,0.0037157060096612393,2.9013398958700782
567,-0.37676423342021226,3.4364727063685767,-3.813236939788794,0.934232665502039,0.00304316073230991,2.963344198496588
568,-0.2721850542527676,3.508464219868252,-3.7806492741210604,1.029654797910626,0.0035618208963570605,2.914567223675927
569,-0.24377650989254965,3.557726078451602,-3.801502588344192,0.8748082013501599,0.002841733502180785,2.9843587737683888
570,0.03956660236882778,3.8351554881448373,-3.7955888857760556,1.1221986604067542,0.003905743844099735,2.885675700269777
571,-0.19036457910284246,3.6065706209034585,-3.79693520000626,0.9553709518953983,0.0031859919297412523,2.949198574778629
572,-0.12393156980091083,3.6762969014407134,-3.8002284712416667,0.9835804458198123,0.003291877736378419,2.9390803007774142
573,-0.2959345169387092,3.511342065129345,-3.8072765820679706,0.9824724903882462,0.003261854738693241,2.9419187729708125
574,-0.30867765806602565,3.55369590471549,-3.8623735627813858,0.90323280947715,0.0027635545467606833,2.992883239217705
575,-0.2922350998807218,3.528447614840014,-3.8206827147207605,0.9774077287339051,0.003193383091877138,2.9484824128507383
576,-0.12249163893205553,3.6800672563120593,-3.802558895244033,0.9265880385366483,0.0030479933931898203,2.9628557816311503
577,-0.21164475152148446,3.6307484865632067,-3.8423932380846963,0.8867640973773603,0.0027615544257814186,2.993104204305238
578,-0.15828466956703272,3.6438655546806555,-3.8021502242477254,1.0152814232489136,0.0034180716442262227,2.927401634022643
579,-0.22022592055373882,3.590799199758582,-3.8110251203123653,1.0161494000908093,0.0033886079113731203,2.930092798598495
580,-0.16157789456372887,3.6538767349296806,-3.8154546294935017,0.9676869860590658,0.003171913556581197,2.9505668887990204
581,-0.04684435642571719,3.736623359663574,-3.7834677160892625,1.1050206183096472,0.0038810370993086134,2.887672518116007
582,-0.07663939784777943,3.7473599624562905,-3.8239993603041285,0.9336693091435673,0.003004924449806668,2.967233716841709
583,-0.12782042362312898,3.656004274950631,-3.7838246985738806,1.0108282389856955,0.0034683139275808023,2.9228609255363285
584,-0.21397954555085055,3.5983966737013486,-3.812376219252201,0.9992029517027059,0.0033129416481101847,2.9371028922229385
585,-0.04755719400999117,3.7399759578269838,-3.7875331518370103,1.012854328448358,0.0034629034448421863,2.9233470175878185
586,-0.27841387921479,3.545296969513331,-3.823710848728183,0.9430319836083538,0.003043503289840095,2.963309554350181
587,-0.24457553042840066,3.6096267915084046,-3.854202321936782,0.8603453620100388,0.0026252788909870853,3.0085149454598583
588,-0.43782446766682315,3.364124669499605,-3.801949137166389,0.9751596472832704,0.0032505318586992598,2.9429954592891643
589,-0.21964795115685268,3.590649703880366,-3.810297655037175,0.9835254554740103,0.0032553941419419634,2.9425326895467645
590,-0.16397236083242608,3.616850867681084,-3.7808232285135546,1.0204192192240236,0.0035211509992525147,2.9181498415942615
591,0.013234255929196997,3.791382180997204,-3.7781479250679695,1.0290172802988362,0.003568821059277651,2.913954335435122
592,-0.24754316882570895,3.5663719511690446,-3.8139151199947037,0.9496302175114992,0.003103456570353453,2.9573003479364655
593,-0.17516791020819658,3.663177206608426,-3.838345116816754,0.8764482262548183,0.002734040108158606,2.9961588035630435
594,-0.08311188414575957,3.6782112288210933,-3.7613231129669202,1.038589546498388,0.00367761411351435,2.904567060275506
595,-0.21390909568004593,3.6281763780623444,-3.842085473742486,0.8715401445656026,0.0027038262535122597,2.9995456247808447
596,-0.05302062685360345,3.7189084970456947,-3.7719291238992128,1.0184063550373905,0.003546878700239164,2.915879138540355
597,-0.1238132597658336,3.6958287165307966,-3.819641976296566,0.9560400538912253,0.003109911643021792,2.956659672561946
598,-0.04094762538353228,3.7723893189148403,-3.813336944298271,0.9461836383513536,0.0030913906729435853,2.9585011709147255
599,-0.16537798056061495,3.6516565324363506,-3.8170345129969974,0.9167427275949493,0.002960000404280327,2.971861643657347
600,-0.15760865781056457,3.653149767966401,-3.8107584257768394,0.8462185146944128,0.002699669404287486,3.0000142899390814
601,-0.38335762420241226,3.450188391038021,-3.833546015240472,0.9412604896662886,0.0030035832787177912,2.967370963003374
602,0.05683024328594963,3.880594726556231,-3.8237644832702244,0.999084085142441,0.003271288395083081,2.941024328965782
603,-0.2483658501873919,3.55590574623699,-3.8042715964243143,0.9637560033677253,0.0031949522052504894,2.9483305690307318
604,-0.04610476611277084,3.705574736509121,-3.7516795026219825,1.0503190004144294,0.0037692949345243584,2.8968503634360254
605,-0.19236600514376226,3.6178612187637804,-3.810227223907418,0.9467822236285266,0.0031044665671224833,2.9572000241507372
606,-0.257282299210155,3.550589932061769,-3.8078722312718583,0.9643046359370206,0.003184561551668382,2.949337345195764
607,-0.4440092677605293,3.365880208349417,-3.809889476109902,0.8706837582288096,0.002798965080766388,2.98899522261379
608,-0.27766640266407594,3.552509065173281,-3.830175467837421,0.9240828255263001,0.002946359255629057,2.973279596716537
609,-0.0037242623843753153,3.804090532479013,-3.8078147948633614,0.9822837064579018,0.0032591407128782965,2.942176537530122
610,-0.15766728048550652,3.667454803377599,-3.8251220838632207,1.0128197450305039,0.003322914559195786,2.936170660530681
611,-0.054709443122541807,3.7567256614516986,-3.8114351045742296,0.8624013335767593,0.002761375162121127,2.9931240157501375
612,-0.16873582367316833,3.63126705065492,-3.8000028743280154,0.9617619914246749,0.0032017357327339883,2.9476749049878213
613,-0.32265720523708696,3.463245267773401,-3.785902473010424,0.9916672453717468,0.003378552943274768,2.931016078640386
614,-0.26418139199950874,3.5588148776370816,-3.822996269636519,0.9038710456706882,0.002889321703062078,2.9792741192636987
615,-0.19749259488356477,3.580020499383061,-3.7775130942666237,0.9928986453204893,0.003415149259877197,2.92766761390044
616,-0.13579943160085298,3.6653396643617975,-3.8011390959626397,1.0073958549553839,0.003388569457943918,2.9300963247640013
617,-0.08372448219552955,3.70014026615551,-3.783864748350993,0.9847281570412891,0.003356559934237904,2.933044301398433
618,0.026657058128753824,3.846775119183929,-3.820118061055041,1.064724632942362,0.003558271478510603,2.914878406148737
619,-0.12385667546119242,3.678250775722026,-3.8021074511832467,1.0285419671548366,0.003474373209337939,2.9223173622277496
620,-0.025002542701608427,3.770928861748756,-3.795931404450471,0.9687730186496062,0.003245409581187659,2.943483656766734
621,-0.3026598440723177,3.4762175801038624,-3.778877424176244,0.9774583882301053,0.0033439709692828622,2.934210724009145
622,-0.00834860044757027,3.7381380732782223,-3.74648667372594,1.0617075312659878,0.003842344999408237,2.8908229663373404
623,-0.19990999693687575,3.5990401048064897,-3.798950101743344,1.0282917331962016,0.003485341450144943,2.921335618830666
624,-0.24400534741187987,3.5958686691897523,-3.839874016601584,0.8448445640028277,0.002608223507270775,3.010494873641813
625,-0.18214302677746166,3.6317694102966613,-3.813912437074123,1.0017690345961305,0.003318012440100545,2.936628573994312
626,-0.20990407196394192,3.6108988315586914,-3.8208029035225763,0.8533057841983305,0.002697201307039126,3.000292868355004
627,-0.357895874755522,3.479230944434797,-3.8371268191903027,0.9063661623726524,0.0028541957297007967,2.983019753016559
628,-0.1309688966937387,3.70663856541248,-3.8376074621062344,0.9092182854508304,0.002863843810284467,2.981986762967631
629,-0.15968744348698186,3.61940204343593,-3.7790894869229987,1.01102189918529,0.0034872190360736095,2.9211678421100635
630,-0.3515229220623809,3.452870287121281,-3.8043932091835586,0.9607293158947834,0.0031820098912518496,2.9495850397341385
631,-0.367125693877037,3.493132892344214,-3.860258586221221,0.8440560093150444,0.002546708343728357,3.0177357897584884
632,-0.04265828910195926,3.7754573701909746,-3.8181156592928573,1.0288957461870263,0.003415485462269826,2.9276370040020927
633,-0.3207457755296531,3.5241437380219964,-3.8448895135517205,0.8399754245462869,0.0025752495999660672,3.0143565522260864
634,-0.12104010036183302,3.633759577713493,-3.754799678075301,1.126780058186374,0.004103595302463124,2.870086495359253
635,-0.2714008234206716,3.550694631419234,-3.8220954548397685,0.8065371052629664,0.002512919334660033,3.0217814191082475
636,-0.29032412500863247,3.565436539009655,-3.855760664018362,0.8804790871730477,0.002696970704017817,3.0003189088153523
637,-0.13471602506081984,3.5973371114477506,-3.7320531365085117,1.1217060191853727,0.004182345465026771,2.8640707787210533
638,-0.19771094548048898,3.6881581991664025,-3.88586914464679,0.7929788609770307,0.0022916010021400467,3.0495819543917033
639,-0.04149544751715842,3.7673000147061466,-3.808795462223202,1.0096687842754346,0.0033697340541850337,2.931827919650955
640,-0.30422065105029505,3.4921787223629353,-3.7963993734131236,1.0306032631077438,0.003504959740796014,2.9195866191466995
641,-0.26797732498688165,3.542846794459136,-3.8108241194461243,0.9745418472545704,0.0032163814890911347,2.9462636209157647
642,-0.17316485148399755,3.554413578703864,-3.7275784301878048,1.2048705314574748,0.0045998440503738905,2.833797704792703
643,-0.05246457156534637,3.7462032757018346,-3.798667847267211,0.9707382213892981,0.003243835789729299,2.943633793732062
644,-0.2204353774152509,3.6294293675496925,-3.849864744964975,0.9142755243793856,0.002844822616360638,2.9840263607150903
645,0.029340075825521644,3.823361704213321,-3.7940216283877817,1.0024781433106802,0.0033942750602944127,2.92957352100879
646,-0.10454911894988475,3.7230477641619637,-3.8275968831118234,0.8590477323784269,0.002699124203327024,3.0000758076847927
647,-0.11121096301259006,3.695827251348755,-3.8070382143613415,0.9758916331143139,0.0032354059210548125,2.944439120138337
648,-0.21649678723157142,3.6573028041966364,-3.8737995914282237,0.905025692865014,0.0027355619980138266,2.9959891134661665
649,-0.30194573705296934,3.5264429179264565,-3.828388654979449,0.9456515833429093,0.003038327191239281,2.9638334124463945
650,-0.18925269818817872,3.6318110316821515,-3.821063729870275,0.9360749460876381,0.003024367595040708,2.965250291764535
651,-0.17813685130750803,3.5830248243793226,-3.7611616756868216,1.052848056369486,0.003741683695797893,2.899156258510781
652,-0.39511454311594607,3.4319539115255204,-3.8270684546415623,0.8173777365744033,0.0025402656784382954,3.0185033802583887
653,-0.30346379266576096,3.4987739067742187,-3.8022376994399565,0.9663021178185214,0.0032126828715948966,2.946619470919425
654,-0.1750846537406773,3.656884380148624,-3.8319690338893224,0.84741307308258,0.0026411768529059514,3.0066799407383717
655,-0.25730169892802623,3.573306766796636,-3.8306084657247084,0.9000303835637395,0.002849938237754467,2.9834766035936027
656,-0.22111623060403365,3.640165647047438,-3.8612818776515496,0.868451354879948,0.0026351320537054217,3.0073764623060377
657,-0.3372732668656312,3.484628127862296,-3.821901394727888,0.9460307605805842,0.0030616888609636974,2.9614754648768273
658,-0.22326752708534917,3.578532818417973,-3.8018003455032385,1.021401007010066,0.00344526732257735,2.9249363065284597
659,-0.136369054320889,3.6802857991459157,-3.8166548534668436,0.8778828997601928,0.0028064111657346924,2.988183375109349
660,-0.28214225725788256,3.5092501766709803,-3.791392433928877,1.037901056136087,0.003555594222612184,2.9151133118390664
661,-0.22060409822450713,3.5707539636555343,-3.7913580618800324,0.9703086886239567,0.0032682544526779485,2.9413117329731624
662,-0.252341100891735,3.579200102121263,-3.831541203012989,0.9301582638706911,0.002966027291541617,2.9712370666208088
663,-0.1544530670644321,3.6189804091340894,-3.7734334761985338,1.1617350841478091,0.004180060707805,2.864243857989008
664,-0.32245686855083877,3.517397350977682,-3.839854219528547,0.8539273318189444,0.002642949694065428,3.0064759386508073
665,-0.34264830139751157,3.465176102043117,-3.8078244034406907,0.9015964545379089,0.002929158513621687,2.9750761221977298
666,-0.2218968832963896,3.6145155761082113,-3.836412459404528,0.8282251055417102,0.002554974755966103,3.0167535118659483
667,-0.2965731919739568,3.492923960400234,-3.7894971523741106,0.9886900361507274,0.0033526041075437,2.933410396175818
668,0.009973769487933687,3.8154885450716702,-3.8055147755839016,0.9708195311899503,0.0032198033886511887,2.9459347263231535
669,-0.233632012742541,3.570925910910326,-3.8045579236529647,0.9328574555920848,0.003066867213728472,2.9609550240826232
670,-0.269539396404079,3.553288627466,-3.822828023870102,1.0120106500604629,0.0033279388460290544,2.935701973219862
671,-0.04020191204143378,3.754545472928348,-3.79474738496981,0.9980779233229962,0.0033729456460724863,2.9315320462050147
672,-0.2898664942907857,3.4656598075549003,-3.7555263018456344,0.9941334910433293,0.003504150625165583,2.919658576668223
673,-0.2234379868690525,3.599345826376164,-3.8227838132452234,0.9913259680195059,0.0032429489736958525,2.943718423675516
674,-0.09061186688360015,3.6561595751891223,-3.7467714420727134,1.0186686319044567,0.003647298838849436,2.9071571771998865
675,-0.24245490632666536,3.564606880521055,-3.8070617868477257,0.964395233262302,0.003187780693630137,2.949025114870422
676,-0.005550245983963059,3.8324650583431734,-3.8380153043270866,0.9249662933808884,0.0029244066460848315,2.9755741265297213
677,-0.2007775457483462,3.6018758855615745,-3.8026534313098637,0.9914920535996536,0.003316180149913015,2.9367998888688596
678,-0.1745767588985331,3.6166992527819635,-3.7912760116805657,1.0494412118540168,0.003605813686231131,2.910733550552384
679,-0.10378073877155605,3.7482421584566628,-3.8520228972282666,0.941839921663923,0.002945214361885493,2.973398877028887
680,-0.2009579417917934,3.6290201097066768,-3.829978051498415,0.902664896310287,0.002862301059738957,2.9821517268782185
681,-0.21246094605693036,3.569710196147105,-3.782171142204106,1.003942406432959,0.003445019281806856,2.924958711618539
682,-0.23644678419135237,3.580807866639937,-3.8172546508312735,0.9611511915693218,0.0031389384281531457,2.953793622705135
683,-0.020674440587535564,3.76346675444262,-3.7841411950302017,1.096390093384746,0.003839987950911272,2.8910158156273886
684,-0.29179061310208854,3.5149690549234607,-3.8067596680255065,1.0440176274788244,0.003522260301416465,2.9180516246812798
685,-0.11373916151797805,3.7251240405205874,-3.838863202038624,0.898734481010163,0.0028189293204738714,2.9868229421606842
686,-0.3964911981939935,3.428336748921638,-3.8248279471156366,0.9156214146353352,0.0029301127494797525,2.9749762054536824
687,-0.2981468596029885,3.535926387929923,-3.834073247532956,0.7139307008958369,0.0021369053070624433,3.070514191576944
688,-0.2511572622942225,3.5407223033004898,-3.7918795655947406,0.9676532852789823,0.0032552304516944787,2.9425482585848117
689,-0.20799795511221367,3.59406953829261,-3.80206749340482,1.015591416451293,0.0034196912141872204,2.927254318522848
690,-0.2345035518019444,3.5878839365877035,-3.8223874883897224,0.9252901934792055,0.002976679762266791,2.970135958874593
691,-0.06388920367852227,3.7630979420659316,-3.8269871457446243,0.8898328275635579,0.002821237588055447,2.9865726896296425
692,-0.04785993936764901,3.7520747670854733,-3.7999347064532003,1.0380250722107134,0.003523045940780734,2.9179820816919437
693,-0.1065922898218418,3.718039299614525,-3.8246315894364216,0.9987218698161096,0.003266689047988062,2.9414601181301587
694,-0.3728025549965054,3.432943915306604,-3.80574647030312,0.9184257040052723,0.0030040581754773492,2.9673223589656486
695,-0.28042633705809694,3.5688554770873258,-3.8492818141453427,0.8918920172332865,0.002760220869508181,2.9932516113250354
696,-0.3367620673298092,3.4403326400251566,-3.7770947073549905,1.1267614984005168,0.004005426807993477,2.877734033785544
697,-0.12404665256634365,3.687421458153582,-3.8114681107200568,0.983287169854244,0.003250220678699026,2.943025097438082
698,-0.23297179973236273,3.544076597186607,-3.7770483969188717,1.0575302488914784,0.003697834213686935,2.902850239335082
699,-0.17391511671099527,3.617868202231643,-3.7917833189427483,0.9853307770422604,0.003329991783721331,2.935510651704396
700,-0.2058273006780468,3.619319971259625,-3.8251472719376807,0.9650959609734255,0.003127729697884333,2.9548974764453533
701,-0.09999294044883703,3.690970141649125,-3.79096308209796,0.9866776997616107,0.0033386917766490237,2.934701054745477
702,-0.3912285059918844,3.3958396922729457,-3.7870681982647056,0.9911744026266127,0.003372130092022533,2.931607156222118
703,-0.21337903945573947,3.631758574557591,-3.8451376140133107,0.909752554931555,0.0028421412704257194,2.9843148757929794
704,-0.014936891078272702,3.762673401091377,-3.7776102921696975,1.1257142896031973,0.003998481853418121,2.8782814837273323
705,-0.26711558625198395,3.5180090462173674,-3.7851246324693193,1.0045738739909418,0.003436567475029514,2.92572302738326
706,-0.19080461195904666,3.605170859428743,-3.7959754713878056,0.9722660409856885,0.003259862415909023,2.9421079747146477
707,-0.16949072693308556,3.594605423973603,-3.764096150906653,1.0452050352378985,0.0036957674190773284,2.9030253317895953
708,-0.19145740825798332,3.618989146734839,-3.8104465549927227,1.0265958358516414,0.003434606630747517,2.925900595422868
709,-0.4385375663938561,3.382826544802866,-3.8213641111967718,0.8976339769021782,0.002869788871447712,2.9813518246052078
710,-0.17868096282450954,3.628113133737973,-3.8067940965623848,1.0397969166512853,0.0035042182839445995,2.91965255895389
711,-0.2618163527884093,3.522468063103853,-3.784284415892216,0.9671832516156331,0.0032806027080106606,2.94014350285423
712,0.0864126710381384,3.87773707458506,-3.7913244035469233,0.9446342649616479,0.003160988932604148,2.9516325012825613
713,-0.0496952369954983,3.723696668864726,-3.773391905860194,0.9881160938057483,0.0034100439739181768,2.9281327674257924
714,-0.35655926774973923,3.460528543396182,-3.8170878111459388,0.8971529436075842,0.0028815158653803415,2.980102882724078
715,-0.47840569491882834,3.390383423453079,-3.868789118371865,0.8267439282599636,0.0024588641428888057,3.02835823490617
716,-0.2977539946244946,3.500041598783801,-3.7977955934082956,1.0738823008127358,0.0036855715885881967,2.903890396025951
717,-0.3417353759913425,3.462452596325941,-3.8041879723173224,0.980707275241528,0.0032656039531984704,2.9415630125940684
718,-0.24401864928257458,3.526474357049724,-3.7704930063323445,1.1270918340247975,0.004035714434832243,2.8753565799793845
719,-0.15207437769391566,3.6393512012851486,-3.7914255789789877,1.026747498794047,0.0035075607256043547,2.919355406697982
720,-0.03523674954647907,3.7079849042736233,-3.7432216538201146,1.1616468763182013,0.004318482614260467,2.853909539511077
721,-0.35795540088100497,3.45606085109397,-3.81401625197509,0.946545229897463,0.0030905453328330776,2.9585854610122992
722,-0.2544544499340958,3.545830770148632,-3.800285220082742,1.0153788488335418,0.0034254809053891563,2.9267282091355287
723,-0.1970500064413813,3.5852302286585656,-3.782280235099961,1.002484644566574,0.003438351361002917,2.9255615642431794
724,-0.07248872225125927,3.700811229283159,-3.7732999515344545,1.0441012178482383,0.0036538978224499117,2.9065917020254073
725,-0.41391689949728916,3.3990618466832783,-3.8129787461805336,0.97817210429034,0.0032237185377441213,2.945558813698495
726,-0.07738022592037344,3.715469466782644,-3.7928496927031574,0.960882261158047,0.003223405500725306,2.9455888546089377
727,-0.2842770233918458,3.4971622402858356,-3.7814392636777256,1.029183725843932,0.003556698589352892,2.9150163938659044
728,-0.09000886280001344,3.7389135545147494,-3.828922417314743,0.9980722331034921,0.003248683049260799,2.943171585974383
729,-0.1067906708731329,3.70944737141382,-3.8162380422869546,0.8790933048841549,0.002812501045663048,2.98752085579915
730,-0.08330905075900721,3.743029971153734,-3.826339021912645,0.908334863919587,0.0028963073161219132,2.9785341720251552
731,-0.2359420248886949,3.5909950551345298,-3.826937080023299,0.8246892224757087,0.0025685978673425924,3.015141034246992
732,-0.1769032761949433,3.632658359142742,-3.8095616353377864,0.946572224687616,0.003105889472890019,2.9570587362683765
733,-0.07794426388228151,3.729774226845642,-3.807718490728007,1.0779480170179079,0.0036633559712851947,2.9057828386230353
734,-0.38682381373429,3.3899300331373987,-3.776753846871543,0.9434359573498359,0.0032072137848480724,2.9471463454020363
735,-0.1297978425120704,3.6902196776350675,-3.820017520147303,0.9761834879317322,0.0031907125049101233,2.948741003193061
736,-0.28329195831418874,3.532801056587076,-3.8160930149012984,0.9640481841884336,0.0031547973128183853,2.9522379372067578
737,-0.15618448927740194,3.6636755519602375,-3.819860041237689,0.8952822778098426,0.002865243571031919,2.981837158916634
738,-0.3212514301631103,3.5142024236418714,-3.8354538538050065,0.8452715018327552,0.0026227386953676084,3.0088090854994047
739,-0.04140497713422922,3.778024438047869,-3.8194294151820714,0.9115375426539396,0.002931348561995358,2.974846849322663
740,-0.1250137334940377,3.6915606282065103,-3.816574361700532,1.0005699731196867,0.003303365180973392,2.9380004745018757
741,-0.35967317134498844,3.4430485805327593,-3.802721751877698,0.9604081723144782,0.003186549361086489,2.949144510060424
742,-0.18095053349362336,3.6240272677490553,-3.8049778012426714,0.9660020166203318,0.0032017564057083693,2.9476729087704685
743,-0.11657307795838681,3.6692757383429684,-3.7858488163013817,1.0276823997134688,0.0035330858557427918,2.9170946116612018
744,-0.1611125821475611,3.617714906589472,-3.7788274887368516,1.0153535280585715,0.0035069389497377687,2.91941066476903
745,-0.2055939696788386,3.600916656531791,-3.8065106262105246,0.9821010967156742,0.003263060599272731,2.9418043090698753
746,-0.3116203284797706,3.4790255875885756,-3.790645916068229,0.99943475645123,0.0033939412172761855,2.9296040889636576
747,-0.291759303485955,3.569641191991606,-3.8614004954775965,0.924949494106651,0.0028497162845301243,2.983500437390425
748,-0.19522029609186978,3.6285944146861344,-3.823814710778038,0.8878039920725671,0.002823189996463523,2.986361163744043
749,-0.3913653829548679,3.4353599931096377,-3.8267253760644735,0.9068084621743862,0.002889024900711667,2.979305594041764
750,-0.031174146351540394,3.7579570758924743,-3.7891312222440092,0.9499941877185869,0.0031910404296346916,2.9487092399393364
751,-0.253555688411106,3.486954093432534,-3.7405097818435706,1.0456246596563614,0.0037942930476265835,2.8947759012261214
752,-0.11537982941445937,3.691915001733076,-3.807294831147601,0.982797945421392,0.0032631409227721754,2.9417966858915867
753,-0.08446130656967346,3.722757197612778,-3.807218504182515,0.9544324661056736,0.0031461990963159783,2.953080496593307
754,-0.11686322733545187,3.670338110169354,-3.7872013375047118,1.1047285771271569,0.003864025827569157,2.889054105294642
755,-0.024364718602450403,3.751418559527034,-3.7757832781294383,1.0950904196652718,0.0038692772627725446,2.8886270162184284
756,-0.418745306854143,3.3981293240608292,-3.8168746309148673,0.9306040808760772,0.0030163020740751286,2.9660716521227606
757,-0.22796274739483527,3.6242799736734974,-3.8522427210683645,0.9243290200197869,0.002876297112973077,2.9806581133551044
758,-0.2209666257262001,3.6406184725542627,-3.8615850982806705,0.915954189073684,0.002814601203189338,2.987292682986336
759,-0.11235566795790822,3.681407661645786,-3.7937633296037347,0.9211243475726689,0.003055283157866359,2.9621203701047243
760,-0.16067523808170284,3.648675222384702,-3.809350460466362,1.0014986964924744,0.003333542483318473,2.9351800011587494
761,-0.16746288001855594,3.5888703101148143,-3.7563331901333186,1.1455605056604867,0.0041832182045889125,2.8640046879360317
762,-0.3129832242199285,3.5042795535460898,-3.817262777766018,0.9546359462205682,0.003112365465671008,2.95641644510221
763,-0.15321116599103282,3.6079491845685117,-3.7611603505595212,1.1329419590817666,0.004103538348974627,2.870090883806929
764,-0.2685200893151972,3.51592896720751,-3.7844490565227034,0.9664965128442216,0.0032771050738527913,2.9404739959847115
765,-0.17732552367761803,3.666374423629073,-3.8436999473067317,0.915874275187331,0.002870534874064534,2.9812722356053944
766,-0.3615448359064516,3.425788719889154,-3.7873335557956125,0.9685969035494604,0.0032755565388401255,2.940620420438046
767,-0.23760626836350132,3.585361302193635,-3.8229675705571253,0.8379226009508671,0.0026310417068002244,3.0078486080148674
768,-0.16916895113093636,3.644409986254852,-3.8135789373858415,0.9999535589341662,0.003311686001200468,2.9372204466681975
769,-0.16999868110850405,3.6033606278258206,-3.773359308934346,1.0307588705009332,0.0035952027611808155,2.911654311344125
770,-0.0648152716229419,3.7605740531986744,-3.825389324821572,1.0161811957838451,0.003335806145976556,2.9349693702844486
771,-0.11574755293873698,3.677109451643427,-3.7928570045821743,1.0235034325817631,0.0034881865949954773,2.9210814153851716
772,-0.25427948323932414,3.525335082781695,-3.779614566020996,0.9938553888679376,0.0034113704171990487,2.9280118514115023
773,-0.2583884559142092,3.570318137271459,-3.828706593185643,0.9822911312158991,0.0031851431771743083,2.9492809110148666
774,-0.094087545715874,3.682875835106508,-3.776963380822508,1.0507169010032718,0.0036682643862535596,2.905363817825966
775,-0.015554324351350651,3.7612223053130314,-3.7767766296643686,0.9935003917114322,0.0034205029178311524,2.9271805101432133
776,-0.12529201858161235,3.6611083462611735,-3.7864003648427342,0.949972813632824,0.0032005853327135704,2.9477860080764393
777,-0.10914050165389147,3.718811996460927,-3.827952498114769,0.9803340639830409,0.003179829640892558,2.9497968242555452
778,-0.33064896078793427,3.450738379995077,-3.781387340782885,1.0164896115131714,0.003502006711019182,2.9198493156857133
779,-0.15158578056003483,3.6405438231492178,-3.7921296037092134,1.0692045050597938,0.0036880623363260683,2.9036788681279435
780,-0.33438656524777743,3.485320253328418,-3.8197068185762646,0.8778065496641196,0.0027966080369460386,2.9892526223983427
781,-0.22608741213196884,3.5835592640411726,-3.809646676173088,0.9593450268813895,0.00315794734494025,2.951929782013771
782,-0.33329454666910296,3.4804730392042296,-3.813767585873279,0.9067378692273231,0.00293052018298363,2.974933552689699
783,-0.182567929793558,3.596929851086275,-3.779497780879751,1.009417310546594,0.0034787352820365844,2.9219265852322245
784,-0.24778498896922377,3.5581305973185793,-3.8059155862877105,0.9015107401190003,0.0029350193015856797,2.974462915460379
785,-0.03608031996544417,3.78299252105008,-3.8190728410154406,0.9560078820261917,0.0031117330762013124,2.956479111993583
786,-0.0833433534769569,3.6563163001251664,-3.739659653602189,1.0571791413511886,0.003850436975900583,2.8901617128774135
787,-0.23353307247260494,3.6125135934572445,-3.8460466659298618,0.9221440259445131,0.0028875337592288333,2.9794637686924674
788,-0.16191514714626867,3.6721551804377452,-3.8340703275839587,0.9347609670315844,0.0029760074180274314,2.970205350306553
789,-0.057881926346803475,3.705492662356104,-3.763374588702959,1.0970620668725573,0.003930788366103152,2.88366325816618
790,-0.1936983780902978,3.632619870841458,-3.826318248931784,0.9135117019617893,0.002916904530020491,2.9763618672743655
791,-0.2486555811186776,3.5835562645624823,-3.8322118456811722,0.8840910109483222,0.0027825039639700795,2.9907970032618616
792,0.009141574915011524,3.7877137987681047,-3.7785722238530752,1.0991786637681642,0.0038757294066805903,2.8881029961733455
793,-0.04888755272089332,3.742490104424443,-3.79137765714529,0.9734375106082584,0.0032813386506524555,2.940074004157751
794,-0.20463139371566688,3.6041927424870868,-3.808824136202702,0.9603920926006349,0.0031651182692103695,2.9512293224244357
795,-0.07063959751884288,3.7291358995549158,-3.7997754970738242,1.0857437469953877,0.003728969075980307,2.900223298688429
796,-0.2921509166926711,3.4995881403334956,-3.791739057026234,0.9988084212998283,0.0033872102758005537,2.930220984681845
797,-0.18453422797984734,3.666207073814141,-3.85074130179396,0.884288119340479,0.0027266094801366167,2.9969885568521115
798,-0.08326312390716742,3.704972500804511,-3.7882356247116604,1.029870420129665,0.003533276673393831,2.9170777667221848
799,-0.3598038354875911,3.400640343438669,-3.7604441789263774,1.044842282677364,0.0037089480319041053,2.9019102337502285
800,-0.2277477024578133,3.5665841350084233,-3.794331837466302,0.9853887966957249,0.0033209146523047986,2.936357400142152
801,-0.12401780385131081,3.7087537670425648,-3.8327715708938968,0.8839682294370221,0.002780296640549024,2.9910393495781125
802,-0.2715981223428884,3.550023804699388,-3.8216219270423153,0.9214296186624873,0.002963743377777814,2.9714736162776516
803,-0.008219552465001861,3.7315201710271073,-3.7397397234921073,1.2223490099216254,0.004623701650654685,2.8321440298038016
804,-0.26911565901799295,3.5546504475103355,-3.8237661065281827,0.9034945249598285,0.0028853646309545612,2.9796939947906003
805,-0.20672336546511763,3.602644613743863,-3.8093679792090143,0.9118021219733641,0.00296526710113028,2.971315782650101
806,-0.24711776891184348,3.5465585268013133,-3.7936762957131123,0.9867613791351004,0.003329096915753295,2.935594034836598
807,-0.042491912034628904,3.7622113814705185,-3.8047032935050993,0.9663742222367286,0.0032042655990629975,2.9474307040094367
808,-0.06144911198942685,3.691874930584189,-3.753324042573581,1.1183511416600425,0.004071425468536865,2.8725741298783616
809,-0.2027093726925472,3.581346057625297,-3.7840554303179488,1.0308272194259591,0.0035536267869240275,2.9152860396367757
810,-0.022181514217331305,3.8144907571735147,-3.836672271390853,1.0226695187142338,0.003321322050785005,2.9363193513486734
811,-0.3239300745802979,3.474546129554469,-3.798476204134772,0.9911248924364813,0.003329897031689779,2.935519479662203
812,-0.31359499522512524,3.4811117351970595,-3.794706730422149,0.9685570592888197,0.0032488874706568856,2.943152107296378
813,-0.1879489925359025,3.6065200626879244,-3.7944690552238853,0.9672148120877635,0.0032441208307028963,2.9436065963985234
814,-0.2225669103390914,3.560869156808016,-3.783436067147136,1.0289649512876324,0.0035479817752810615,2.9157821175599685
815,-0.31531091147940915,3.5099438734705974,-3.825254784949948,0.9955250008764716,0.0032513487970973125,2.9429176627906717
816,-0.31776193308565726,3.5170389576756187,-3.834800890761244,0.868714852983687,0.0027148769362358187,2.998302906495654
817,-0.25635140187308425,3.530140643014971,-3.7864920448881776,1.0379311918865692,0.0035748421104685848,2.9134280460074335
818,-0.18987667415661638,3.599601069528378,-3.7894777436849836,0.9500821268034576,0.00319018751687161,2.948791860473453
819,-0.21025275412569902,3.584559507621059,-3.794812261746756,1.01097451205291,0.0034273735171966068,2.9265564030001934
820,-0.2207853567489423,3.5616129892870014,-3.7823983460359614,0.9858589955812105,0.003366800699736512,2.932098384440864
821,-0.2209031915631471,3.6128985989699296,-3.83380179053313,1.0288010255416968,0.0033569557090977684,2.9330076957579068
822,-0.15926341264833757,3.647167677900756,-3.80643109054904,1.0435340773814457,0.0035214719265711813,2.9181214239981412
823,-0.25769016907259756,3.5215610577172236,-3.779251226789711,1.0155252729895519,0.0035060516625320115,2.919489534635825
824,-0.25450964607058213,3.5776424353836593,-3.8321520814541827,0.873500907796716,0.0027414607854140778,2.9953322150286392
825,-0.17790559699256794,3.655672252071222,-3.833577849063772,0.9862679944199224,0.003184221188544252,2.949370374435718
826,-0.26789129318491123,3.5404729375039037,-3.8083642306888805,1.0179771410573084,0.003406183166180619,2.928484955074669
827,-0.24854513757692023,3.5753551638189003,-3.823900301395838,1.0133633520523861,0.0033296128775958706,2.935545955404176
828,0.06343357239597078,3.8421455915549143,-3.7787120191588883,1.077906608058487,0.003780833280928282,2.895891307849219
829,-0.17741613630665545,3.627228984333938,-3.8046451206405436,0.9664937047240989,0.003204965621058011,2.9473631638637983
830,-0.2164463591700582,3.570374316630581,-3.7868206758007545,1.0648360265530616,0.003690409442475565,2.903479657887391
831,-0.13106672958986967,3.6483504211653774,-3.7794171507551937,1.1022472308919928,0.0038858176953076016,2.887285247513156
832,-0.1599070814627425,3.6192915750246777,-3.779198656487438,1.0025978136741196,0.0034504951188464917,2.9244644300606737
833,-0.2937212773171126,3.5397530336503835,-3.8334743109675173,0.9672629166857214,0.0031078860017078416,2.95686058977039
834,-0.3587331805538355,3.462217865805233,-3.8209510463590277,0.8883020198823615,0.002834147488357815,2.9851764907651774
835,-0.27141458182200895,3.50899049424141,-3.7804050760634027,0.9748107693000867,0.00332707739742192,2.935782287095065
836,-0.19052208185156308,3.619796821355005,-3.810318903206621,1.0967629012659423,0.0037337864999888643,2.8998186207922125
837,-0.268018241774152,3.5400957854151724,-3.8081140271891627,0.9690979510129112,0.0032034889958778537,2.9475056486650373
838,-0.29482026030030684,3.5487898235654005,-3.8436100838657694,0.8653175184230337,0.0026754069043474385,3.0027630018348983
839,-0.401409752918093,3.3810181362169947,-3.7824278891350787,0.9807864468828669,0.0033450811107849994,2.9341077039227947
840,-0.42209025661942123,3.436961172598864,-3.8590514292183116,0.8335640681883638,0.002511047690933705,3.0220069665755003
841,0.028265864834784743,3.8114752078939307,-3.783209343059184,1.0289079565831973,0.0035486164635577604,2.915726305980795
842,-0.00881071220534016,3.7784974093557584,-3.787308121561182,0.9469118942011416,0.003184566763120711,2.9493368394952784
843,-0.129616640706567,3.662173294863513,-3.7917899355701365,1.0625482076373356,0.003660521308468267,2.9060250602716717
844,0.026524201164639244,3.8460278077339347,-3.819503606569242,0.9961226421177736,0.0032744128936522754,2.940728600310915
845,-0.4497200769444675,3.3927654844856705,-3.8424855614301805,0.8446501696604023,0.0025999048336657615,3.0114648713923167
846,-0.048452847743655575,3.741648409573584,-3.7901012573172466,1.0631863499673366,0.0036700482485196354,2.9052116596526107
847,-0.10091535895527107,3.6823758283609185,-3.7832911873161947,1.0549734927443903,0.003661542017135682,2.9059378211760056
848,-0.11305266328953115,3.6549946069022217,-3.7680472701918006,1.0297632278749163,0.003611808602616035,2.910214431867775
849,-0.37246399614788006,3.453273179686898,-3.8257371758346608,0.8224171922464723,0.0025633349653572473,3.0157630399733706
850,-0.19792341368828095,3.604037368548115,-3.8019607822363923,0.9398911319336503,0.003104561389469393,2.9571906068994642
851,-0.3552633719435875,3.433786141301012,-3.789049513244663,0.9570437678430626,0.0032208398764781523,2.945835167533726
852,-0.3402391923643876,3.505791993559211,-3.8460311859234935,0.9167049999900723,0.0028663752089622065,2.9817162601447276
853,-0.271251504463757,3.5576263857660533,-3.8288778902297054,0.8843371408851131,0.0027937866873568524,2.9895609871039364
854,-0.23225715615320444,3.549035505605224,-3.781292661758471,0.9449663659722249,0.0031976063873476413,2.9480738772542865
855,-0.4230543425296759,3.4189699061808256,-3.842024248710459,0.8948295412366765,0.0027939141484445815,2.9895470498720518
856,-0.11105808645857854,3.6857573440529614,-3.796815430511515,1.001401491180102,0.0033793282214713764,2.9309448011075823
857,-0.074810601069666,3.7187149022531316,-3.793525503322826,1.0242701044053035,0.0034889087002264343,2.921016927906137
858,-0.2585986485894495,3.530077560413343,-3.7886762090028014,0.9634104222835889,0.0032488947196468044,2.943151416583212
859,-0.23542160262003056,3.5952294515323833,-3.8306510541524403,0.8593633250851922,0.002691184422713535,3.000972981888668
860,-0.24621108184147436,3.576124729866905,-3.822335811708399,0.9883662045134407,0.0032324076066706548,2.944726017589124
861,-0.3751295793210915,3.472037015643654,-3.8471665949646194,0.8728032236995809,0.002693429255514385,3.0007190767267216
862,-0.13569210019012137,3.664515615388272,-3.800207715578267,0.9606899900350518,0.003196563270296881,2.9481747362246664
863,-0.22133753645381096,3.6205800488808255,-3.841917585334727,0.8485419793411071,0.0026163574384197807,3.009549148812002
864,-0.1398425846973709,3.6744767080588407,-3.8143192927561813,0.9456254310779215,0.0030857694413688333,2.9590620673982992
865,-0.1402399539355287,3.663122352495178,-3.803362306430813,0.9620532259059316,0.0031911061029158395,2.94870287908976
866,-0.2780223018138571,3.5283847028347926,-3.8064070046486904,1.00800483297362,0.003371592648313248,2.9316566621751696
867,-0.23498296499736573,3.5759240340776732,-3.810906999074973,0.9251596616869997,0.0030141898970463044,2.9662870787843953
868,-0.25191462933549646,3.5749827354796104,-3.8268973648150677,0.9961345712787242,0.0032479830010658257,2.94323829984742
869,-0.24747903526964313,3.529349242036123,-3.7768282773058672,1.0134875817821887,0.0035065556096271614,2.919444737171207
870,-0.2050056657274212,3.547955326316981,-3.7529609920443363,1.100652751825683,0.003991982600186557,2.878794582907528
871,-0.18026524908112554,3.6069217423635114,-3.787186991444628,1.09515812340909,0.003821854902599673,2.892503034471638
872,-0.3979283284551315,3.402751466289477,-3.8006797947446103,0.9210842221888931,0.003031816962314072,2.96449345100607
873,-0.1524327287725186,3.6129290070879905,-3.765361735860438,1.1014578505017625,0.00394211479280421,2.8827569494492504
874,-0.11445800543209264,3.6641531312234403,-3.7786111366555133,0.9907401006842123,0.003401769592313073,2.9288880122084846
875,-0.1399996377966858,3.6335259237166064,-3.7735255615133383,1.0407812342084588,0.003638427638232746,2.907918829335778
876,-0.19533876322135205,3.6482418501882248,-3.8435806134095856,0.8409743284311759,0.002582794815593224,3.0134689357334317
877,-0.17384791041400552,3.6550440516419678,-3.8288919620561046,0.905763350797065,0.0028779723563542967,2.980479781632775
878,-0.10818436770694864,3.664077489659775,-3.7722618573667432,1.0981752014434396,0.0038979357746166342,2.886305511328698
879,-0.1019851163464495,3.658569346834359,-3.7605544631808243,1.0598284491547452,0.0037753458595112806,2.896347084526114
880,-0.3363973710209024,3.473044462413626,-3.809441833434562,1.0134664937855689,0.003383247555082574,2.9305846931188007
881,-0.31851963248267057,3.5074542296553006,-3.825973862137971,0.9153236578436579,0.0029252150626158328,2.9754893509039344
882,-0.34551742555925957,3.4691139980039503,-3.814631423563128,0.9474965259399646,0.0030923181656951387,2.958408713433838
883,-0.26768721968995524,3.538393803480656,-3.8060810231705773,0.9395171737941537,0.003088931890672675,2.958746398058342
884,0.003618385177551836,3.8288531770166956,-3.8252347918390797,0.9845542281981619,0.003206557898981054,2.947209586340013
885,-0.06713178699875191,3.7165556518676373,-3.783687438866309,1.033286700323427,0.003565704200297059,2.9142270919283457
886,-0.22268224175435028,3.585800069187178,-3.8084823109414856,0.9668511430296094,0.0031929193089764787,2.948527306353641
887,-0.29067498212521914,3.5239929224672584,-3.814667904592511,0.9319668102058747,0.0030291811495047685,2.9647610501951385
888,-0.14238635018456028,3.636537466185763,-3.778923816370252,0.9640936643628206,0.0032869170924399436,2.939547665614146
889,-0.3682802256923964,3.412538896099909,-3.780819121792433,1.0518032612833104,0.003657583224015656,2.9062762993633524
890,-0.3409182666419014,3.465053832801033,-3.805972099442897,1.0250060995199062,0.0034447643952912753,2.92498173660257
891,-0.10930639942342571,3.692702994634472,-3.8020093940579045,0.9344356348660563,0.003081992149760519,2.9594394958987715
892,0.028375614469601323,3.8124901507096642,-3.7841145362401676,1.023050229323866,0.0035198106340595726,2.9182685542503632
893,-0.21991630705327628,3.6302504568415697,-3.85016676389489,0.929296915314108,0.002902249186772888,2.9779060636229255
894,-0.4006581192020434,3.4155422711253327,-3.816200390327367,0.9144007291575733,0.002953333204548033,2.9725539307219604
895,-0.16309227196053092,3.6195948659743356,-3.782687137934772,1.029686141933249,0.0035540151572715064,2.915251936406894
896,-0.45042798475754753,3.377607250385964,-3.828035235143602,0.8844694052495279,0.0027969201139713368,2.9892185308067583
897,-0.1744544563752101,3.676126425545949,-3.8505808819211325,0.8388590436611674,0.002554764383268289,3.016778473881975
898,-0.402423296809738,3.42580515073483,-3.828228447544575,0.9438448483819537,0.003031620668942784,2.9645133722489687
899,-0.04553249678282048,3.7522633393394007,-3.797795836122191,1.0391454792898767,0.003536091570323544,2.916829370276781
900,-0.25889100314544466,3.586298123268977,-3.8451891264143114,0.8642220090926269,0.0026665285060981365,3.0037745363957202
901,-0.11458699715479673,3.702190988855872,-3.8167779860106066,0.9909845025164992,0.003263010438826816,2.941809069681528
902,-0.15243862066245986,3.64887870440791,-3.8013173250703858,0.9530115554247043,0.0031608713901797973,2.9516439848782974
903,-0.40192026154228133,3.424312534393121,-3.8262327959353115,0.8786394670724382,0.0027796632081571178,2.9911089277987264
904,-0.20736716687259507,3.594728550900373,-3.8020957177729997,0.9609636654579026,0.003191050241630643,2.9487082895813352
905,-0.17344865090809383,3.619653179410108,-3.793101830318278,1.028266477985498,0.00350762822866118,2.919349408145446
906,-0.24976525638101923,3.5609224380191127,-3.810687694400144,0.9437296792344614,0.0030904271075346355,2.9585972511051817
907,-0.1876060975777222,3.6276976887281127,-3.81530378630589,1.0060621397766336,0.0033307703659508476,2.9354381205910687
908,-0.25166032144864803,3.531975067202787,-3.783635388651419,0.9695846883204662,0.0032931136184891027,2.9389639625306665
909,-0.2297275534269915,3.588468798861389,-3.818196352288396,0.913739171602383,0.0029441646960414987,2.973508273244828
910,-0.17895392917058364,3.653492177629453,-3.8324461068000346,0.9397581043348977,0.0030012444753619257,2.967610433750668
911,-0.1891760497268337,3.6195175562423185,-3.8086936059692107,0.9451789376842497,0.003103165948646086,2.9573292211381497
912,-0.10057992038287869,3.7485847169668944,-3.8491646373497588,0.9030443805022332,0.002803556831872661,2.98849435069086
913,-0.04882081610004155,3.7171222500934875,-3.7659430661935858,1.092340635383478,0.0038985733529810366,2.8862540403185695
914,-0.19242269098016043,3.6494544282345402,-3.8418771192148142,0.959523533746848,0.0030484510475489186,2.9628095650319874
915,-0.26382257509420415,3.582294553955521,-3.8461171290497305,0.7552934362690045,0.0022574232409155906,3.0540926876188874
916,-0.17535735521392729,3.6251146509834027,-3.8004720061973103,0.9464620608507546,0.0031367576665932008,2.9540081057415413
917,-0.2564205280766686,3.533385852394361,-3.789806380471191,1.0256668579959551,0.0035091487076032704,2.919214321008638
918,-0.042643088608664975,3.714641383308289,-3.757284471916819,1.0729120052331595,0.003847681571574917,2.8903867348546894
919,-0.2743441129868046,3.547579552115439,-3.82192366510219,0.892305445879602,0.002846911270147431,2.9838017917889896
920,-0.2291764005204954,3.5768596958852776,-3.8060360964057054,0.93510945352469,0.003071058583463163,2.960534364693515
921,-0.2444909993399819,3.5783472405108108,-3.8228382398507392,0.9763563276646359,0.0031815295124592176,2.949631691266364
922,-0.08544822034697011,3.6978317418657514,-3.7832799622127595,1.0855575732830336,0.003795743003994808,2.8946559584251568
923,0.010988049365656088,3.7775964473160415,-3.766608397950449,1.077899795421893,0.0038310248708119145,2.891750141487076
924,-0.32869114865128213,3.467371914423293,-3.7960630630744845,0.9672775114926677,0.003238689786032485,2.94412517725089
925,-0.1501814295928711,3.6355977432150923,-3.78577917280802,1.0504367607334375,0.0036318695901750068,2.9084829682337072
926,-0.1529708544759473,3.6092244648670104,-3.76219531934305,1.0290479789024385,0.003631879598922368,2.9084821065518436
927,-0.2603198320940777,3.5352195772981614,-3.7955394093922905,0.9503448991075365,0.00317000464416062,2.950752846983927
928,-0.11306200832542293,3.6749983365261305,-3.788060344851715,1.079109730359315,0.003747768621646504,2.8986467631242574
929,-0.09831638481581143,3.657182323116578,-3.7554987079324746,1.0836009178962998,0.0039035190862141333,2.885855036121992
930,-0.07250423130882103,3.7275344500496304,-3.8000386813583873,1.0442102886747209,0.0035490619136104595,2.9156871405673708
931,-0.056090300082254935,3.716521308565913,-3.772611608648276,1.1297662607161183,0.0040385326343176904,2.8751361873968637
932,-0.0969687391333395,3.6756322093953124,-3.772600948528634,0.9924098109339274,0.0034315330573116273,2.9261791145719824
933,-0.1771473569314225,3.5826943881060864,-3.7598417450375337,1.0594447964102247,0.0037765697876054015,2.8962453748227444
934,-0.2505160123007585,3.5536694271562923,-3.8041854394571146,0.9705853558911506,0.0032235491215062274,2.9455750715670974
935,-0.24090121139307433,3.623142390045724,-3.864043601438766,0.9125083009656696,0.0027937939172055994,2.9895601965406327
936,-0.26827458595188036,3.5674718163088426,-3.8357464022607246,0.8714284224868631,0.0027225127563672248,2.9974469081538313
937,-0.10729246218478186,3.693418539224766,-3.800711001409468,0.9747794639620921,0.003253380334028913,2.9427242780676157
938,-0.12040551385610745,3.719947793577307,-3.840353307433361,0.8952674114244212,0.002800796903924117,2.988795315957954
939,-0.42360587428584895,3.3738200525856077,-3.797425926871483,0.9473789426518562,0.003151121259909015,2.9525979057688536
940,-0.13778515238460334,3.6567178638579017,-3.7945030162425155,1.0619482153993527,0.0036471016221484498,2.907174091259657
941,-0.28600210471518894,3.515974302701132,-3.801976407416305,0.913161490128751,0.0029951779487288293,2.968232381565665
942,-0.1918620799228933,3.593077138939322,-3.7849392188621778,1.041092048763973,0.0035946205396053784,2.9117049050021144
943,-0.30331609679104476,3.486015240033073,-3.789331336824148,0.9064830490466653,0.003009933656709382,2.9667216029299373
944,0.10601966393800519,3.841518850905915,-3.7354991869678997,1.147262349704274,0.004286739051495608,2.8562526243941204
945,-0.37442687492876703,3.501575902999392,-3.876002777928079,0.7807363045038915,0.002273210112200845,3.0520014388057555
946,-0.008831812546995416,3.7944012611666573,-3.8032330737136135,0.9995557477065471,0.0033478519825069983,2.933850705412029
947,-0.18979615344552206,3.6285089184698536,-3.818305071915347,0.9421651973236642,0.003058213403609962,2.9618252096804847
948,-0.23976358968514835,3.5974535645785513,-3.837217154263726,0.902273191505816,0.0028378995884607793,2.9847717922746093
949,-0.23677690855903114,3.549193387611146,-3.7859702961701487,0.9849874538964358,0.0033498949698783477,2.9336613422470132
950,-0.1244621553988822,3.6933317517711104,-3.817793907169971,0.8948559257212547,0.0028701230280429708,2.9813161720075727
951,-0.3077894563592821,3.5276743211019395,-3.835463777461314,0.8866687639367732,0.00278250313456195,2.9907970942912065
952,-0.27210334541440206,3.5589914961408167,-3.8310948415552275,0.9578826035662067,0.00307829054867259,2.959809770814797
953,-0.07981584670461364,3.712217626230832,-3.7920334729353726,0.9984551741089578,0.0033846165141917833,2.9304590027898514
954,-0.42416850814437057,3.358307532750097,-3.782476040894494,0.908532451931479,0.0030413908933358117,2.963523245725961
955,-0.22195361003003602,3.5685880310110574,-3.7905416410410453,0.9611356747659738,0.003232681567706574,2.94469979322223
956,-0.10359479834870347,3.718966349157711,-3.822561147506349,0.9889033792368633,0.0032338086976789115,2.944591922281743
957,-0.220316970229996,3.5865750187286314,-3.8068919889585686,0.9842885986964911,0.0032707825708718314,2.9410722285949364
958,-0.2838651635679611,3.5623442483096537,-3.8462094118775667,0.8266553899521516,0.002521285486651981,3.0207751083339036
959,-0.3965287718880376,3.3517505402330117,-3.748279312120985,1.0953206808122644,0.003987930649700569,2.8791148578522527
960,-0.005861814425779294,3.7839385781165276,-3.789800392542247,1.0061629207077563,0.003425742617425785,2.92670444648345
961,-0.2492755137672106,3.5715761180397867,-3.8208516318069314,0.9319317736947181,0.003008407013824739,2.9668775961286356
962,-0.4129558561902599,3.4254982513215286,-3.838454107511893,0.8907943843673698,0.0027893033657730537,2.9900515857071905
963,-0.23113613726855822,3.588506600716532,-3.819642737985191,1.0269386906060851,0.0034016229403958337,2.928901412950252
964,-0.3045387777720038,3.5330773705628595,-3.837616148334746,0.9193189908870587,0.0029034635366551025,2.9777778405441073
965,-0.1570855253121494,3.646683392362887,-3.803768917675143,1.0022334846549592,0.003357116643971218,2.932992811843074
966,-0.21419366909868534,3.576608278677306,-3.7908019477760035,1.0323551748695674,0.003534034723960054,2.917010855953378
967,-0.09425558424585181,3.720459249846783,-3.8147148340926833,0.9631751338719325,0.003156017672390716,2.952118520986119
968,-0.18813162780885198,3.609444541246955,-3.797576169055901,0.9887572701006682,0.0033232364768205013,2.9361406113101522
969,-0.11150892864839937,3.6743801332954793,-3.7858890619438625,0.9736028784878892,0.003301933118563543,2.9381349023846544
970,-0.01991921903062069,3.7905674140115626,-3.81048663304216,1.0226304384756002,0.0034177928559457637,2.927426998914459
971,-0.3349770684766412,3.4791357602366877,-3.8141128287132915,0.878722682185419,0.0028176808417626556,2.986958374886513
972,-0.23206478687905877,3.582888824887928,-3.814953611766896,1.0027186218631898,0.003318163426970996,2.936614460915759
973,-0.2499202384867744,3.5800387925693316,-3.8299590310562053,0.8833946037055731,0.0027867500005480535,2.99033131601941
974,-0.06425728092723096,3.7208171561101477,-3.7850744370373377,1.0157426016056288,0.0034846634229454133,2.9213962259825044
975,-0.2087443528321359,3.585261202151687,-3.7940055549837552,1.0456926137261404,0.003578929636719921,2.9130712218920687
976,-0.28563291204694397,3.505216709208233,-3.7908496212552336,0.9989342387107121,0.003391055716363327,2.929868410707796
977,-0.24924597174743615,3.5376618384721668,-3.7869078102196454,1.0429917922020968,0.003595111467342372,2.911662244066957
978,-0.1086257071294853,3.694226913180359,-3.8028526203098636,0.948986814091219,0.003138923725320298,2.9537950683084846
979,-0.29409508047320687,3.552733254436131,-3.8468283349093326,0.8290637082628796,0.0025285900600536854,3.0198989825476272
980,-0.10226111585701295,3.6872513306444827,-3.789512446501476,0.9889781515433875,0.0033537687791490843,2.933302569979134
981,-0.3621487676774763,3.4034738824904562,-3.765622650167984,1.0534719912685313,0.003726251782099136,2.9004517691041403
982,-0.26067169835415316,3.5687607298517396,-3.829432428205905,0.834641517654994,0.0025995417909919004,3.0115072685207376
983,-0.18124384955729914,3.630261911038716,-3.8115057605961056,0.9482151825266913,0.003105938501722175,2.9570538689867254
984,-0.15922896531493227,3.6762135908509124,-3.8354425561658445,0.9548365557962382,0.0030513998319177866,2.962511931287474
985,-0.17282922809909854,3.6392654655930277,-3.8120946936921882,0.9624603540712309,0.003162210162988807,2.951513213206318
986,-0.19707768019953567,3.6097756565518595,-3.8068533367513737,0.903080229958138,0.0029382978185794354,2.974120375646862
987,-0.1558865503797137,3.6653427659700673,-3.8212293163499,0.9299377177445942,0.0029991411354505343,2.967825940768068
988,-0.3350343027491448,3.477577072931528,-3.8126113756806035,0.8777487933015038,0.0028185185095913135,2.9868675001392115
989,-0.304082630214802,3.4638530611743765,-3.767935691389198,0.997926923640676,0.0034731338251127414,2.922428474121892
990,-0.09107961755103991,3.7079035540070415,-3.7989831715581204,0.9792193552484703,0.0032781327284258075,2.940376859088065
991,-0.0909467123459621,3.666713325724896,-3.7576600380709806,0.9901679361201556,0.003478560404432015,2.92194224308805
992,-0.44114986177931714,3.3663442965294306,-3.807494158308714,1.0253302457953963,0.003440392693908926,2.9253768925854935
993,-0.3600885283726797,3.4375497053769615,-3.7976382337495806,1.0690703414144112,0.0036653884918087694,2.9056092648392235
994,-0.14717853136347406,3.7041268472286686,-3.8513053785920874,0.8707088438426904,0.0026730995636549183,3.0030255866268387
995,-0.16547597741988232,3.663339550532053,-3.828815527951974,0.9325735020531907,0.002984604737449346,2.9693191124180873
996,-0.04754910012946714,3.750171713004978,-3.797720813134447,0.9632235947116192,0.0032158854902174217,2.946311320117297
997,-0.13058859081662325,3.653594707708287,-3.7841832985247947,1.0255176410298046,0.0035301907600022928,2.917350285591036
998,-0.1925137617737477,3.5745728190045036,-3.767086580778141,1.032467107530039,0.0036275079736129605,2.908858678037584
999,-0.38827992226539154,3.4481198334871004,-3.8363997557524954,0.7389578778643333,0.002222290212464692,3.0587951902086914
