,logR,logI,logS,d_G,p,sigma
labels,$\ln\mathcal{R}$,$\log\mathcal{I}$,$\ln\mathcal{S}$,$d_\mathrm{G}$,$p$,$\sigma$
samples,,,,,,
0,5.498927346885136,5.709433627040152,-0.2105062801549593,0.26513198726347653,0.10984201899071311,1.5989036226347546
1,5.638316184568463,5.592886521401322,0.045429663167169565,0.5929747223718778,0.30040416674762727,1.0355670584381595
2,5.652699021590831,5.791913358138114,-0.13921433654741122,1.1808743366704562,0.2739646854611461,1.0939778669868463
3,5.725670035404516,5.657728020499963,0.06794201490447449,1.5534957937183052,0.37990427880616906,0.8780726783511538
4,5.431103281757384,5.7993659204520505,-0.36826263869465947,1.125248759536131,0.19901617856513745,1.2843595522635949
5,5.282872879606554,5.50002652706716,-0.21715364746046362,0.7808294028969414,0.20657629791543441,1.2630358453556916
6,5.8182904494193615,6.120538243881814,-0.30224779446257344,0.7974166058434271,0.18317265953235934,1.3310496956988336
7,5.651105578815656,5.863466455014471,-0.2123608761989999,0.8946019383298811,0.2216275896485328,1.2222116758177435
8,5.15825958580184,5.217185912307439,-0.058926326505570614,1.3197089619994848,0.3144595407776896,1.0059085961843268
9,5.766670577888487,5.8770940987262215,-0.11042352083768492,1.6254514090695196,0.3126435060985486,1.0096906862269603
10,5.568126449614862,5.714111023565142,-0.14598457395027253,0.4864928664406385,0.18446369240753138,1.327136018659283
11,5.323733976913569,5.4848858342018225,-0.16115185728835968,0.6290033262956776,0.20430056026499677,1.2693940415490754
12,5.609164816286363,5.751948504958566,-0.1427836886721252,0.846971092613849,0.24067608246026687,1.1732986026270174
13,5.317896167289643,5.489041168914209,-0.171145001624609,0.5078326160735394,0.17963723853630675,1.3418728119799057
14,5.442568729907986,5.717751309124214,-0.2751825792161071,1.8625314093456034,0.2728810081532078,1.0964520230714692
15,5.460991047999993,5.630570843046524,-0.1695797950465021,0.2733063704156251,0.12354220765817582,1.540074446883799
16,5.515373331443595,5.47422720649833,0.04114612494527137,1.2735578190322094,0.3551394945024017,0.9246663379062908
17,6.251767750077658,6.4256959223375,-0.1739281722600481,1.2455581156355429,0.26676063431774977,1.1105533914412284
18,5.740706999077144,5.793481400518221,-0.05277440144118373,1.6466859047577955,0.3345729597881158,0.9649438035700101
19,5.685914147767459,5.794291576406369,-0.10837742863895983,-0.25694307565870744,,
20,5.61430888522899,5.778568597767251,-0.16425971253806892,1.042100060952606,0.2530701030201675,1.142924105844534
21,5.504252141783251,5.801589327694305,-0.29733718591114666,1.0316185800264392,0.20971736249148643,1.254342995596516
22,5.759022278457348,5.905589113737943,-0.14656683528050962,1.3509188030450225,0.28376159281603497,1.071907474137545
23,5.0844643922815855,5.200067352205604,-0.11560295992399006,0.572765721369084,0.2124885321523994,1.2467517638435786
24,5.309105226281769,5.496255290048683,-0.18715006376669407,0.9179719442059344,0.2326561581966356,1.1935445942867695
25,5.675924266642266,5.848252061688466,-0.1723277950463853,1.3151327331137956,0.2724082086513898,1.097533582679471
26,5.855635586367622,6.129047431212204,-0.27341184484430414,0.6185217011416917,0.1668424637005314,1.3824210263253187
27,5.401689553779885,5.67015353542514,-0.26846398164502716,0.7239330052762725,0.18336616325429458,1.3304618035438356
28,5.756811696286501,5.824274047208807,-0.0674623509223693,1.7390467002693057,0.3333724518933631,0.9673432852700241
29,5.01609141108646,5.3053649026493055,-0.28927349156288074,0.6136707064728135,0.16174097026456052,1.3992401836298896
30,5.3538336126581605,5.547825778909665,-0.19399216625129156,1.1817334247947215,0.254976464657285,1.1383449659467095
31,5.411463598908892,5.557084780600871,-0.14562118169192217,0.6635929628444686,0.21538878133806336,1.2388831319316098
32,5.7069758517956295,5.916691683317833,-0.2097158315220895,0.6050340134199352,0.18384101381208223,1.3290210845351365
33,4.766541330893357,5.048776215476554,-0.2822348845832039,0.7883379289648147,0.18768509161047464,1.3174581757295427
34,5.544835097590418,5.619774284818799,-0.0749391872286651,2.000509573961626,0.34133739283406456,0.951526066245693
35,5.6179720996259555,5.6234860271836915,-0.005513927557785792,1.299690873513402,0.33548087123146897,0.9631328240628725
36,5.5788900578919645,5.8370498544253415,-0.25815979653361865,0.23166329642358718,0.08922119646361472,1.6995202815988681
37,5.645012524661194,5.715144068247671,-0.07013154358651263,1.4105130540820916,0.31560702857285194,1.0035262282665882
38,5.452244092243415,5.393283847011471,0.058960245231901354,0.8912940302846728,0.33962071209115186,0.9549149435489994
39,6.421997497685776,6.440568235103473,-0.018570737417803684,0.728795763890993,0.2806492823206023,1.0788619296900404
40,5.42681204618783,5.523012651071621,-0.0962006048839612,0.5192592567224139,0.2108668245375438,1.2511854523757389
41,5.536455389766285,5.739260820378572,-0.2028054306122158,1.0548046614534883,0.2410177408790275,1.1724467462347876
42,5.173554882707673,5.5108172711983165,-0.3372623884906716,-0.42795445988788927,,
43,5.6207538285804155,5.886402960272893,-0.2656491316922711,0.31771214330822417,0.11066781836636311,1.595198659835266
44,5.1843986167740574,5.440921438821409,-0.25652282204737276,0.6985654118824911,0.18340356802416952,1.3303482154912387
45,5.4742351067749375,5.752158459727742,-0.27792335295293924,1.1074760796964966,0.22231720753504233,1.2203896275263773
46,5.6239015105453625,5.90905215895199,-0.28515064840667037,0.2940626636217658,0.10053286526607592,1.642275774488991
47,5.156242932248585,5.509643865982287,-0.3534009337338375,0.405279457189085,0.1107555654994575,1.5948062656295456
48,5.539515723891906,5.705055368408825,-0.16553964451668435,0.7270449606434859,0.21713593749462884,1.2341797337259999
49,5.118479224484997,5.4549337981848005,-0.33645457369948417,0.6900775427817329,0.1604035437711981,1.4037156383300051
50,5.699096153104289,6.008265615333951,-0.30916946222964725,0.5705966029355096,0.1498127801111085,1.440193081311727
51,5.468555594104725,5.636317978300493,-0.16776238419561196,0.7929209262368033,0.22496398209742863,1.2134338734625703
52,5.348326769935181,5.649547769732319,-0.301220999797124,0.38032598573917653,0.11684820470059445,1.5681411081541634
53,5.1960863770363055,5.3244095541483,-0.1283231771121791,0.0612607995547485,0.0430117552834851,2.0235958219481094
54,5.9081310173106765,6.229355890723479,-0.32122487341302985,1.0104133335161656,0.20100269229489873,1.2787000778018638
55,5.482240325968302,5.567599666766629,-0.08535934079827712,1.6965308966287438,0.3250078682756236,0.9842189541584813
56,5.705690200563264,5.918108922885647,-0.21241872232235437,0.39241777493780816,0.14224002099683522,1.467500251133027
57,5.387905025076531,5.528268057160776,-0.14036303208422396,0.7028332438478628,0.22311189533528736,1.2182949844958164
58,5.40154664308751,5.52068828809762,-0.11914164501013147,0.6014092503598469,0.21591639498664306,1.23745989377708
59,5.770939844959582,5.938572852401091,-0.1676330074415091,0.48953091373777013,0.17728868713127358,1.349150323418408
60,5.0751818790512395,5.154707717974855,-0.0795258389234732,0.7235458033039954,0.25095777127550795,1.1480261438791697
61,5.1264964155049135,5.56410274425836,-0.437606328753418,1.180100370081849,0.18660557887424775,1.3206875144494976
62,5.59625142303106,5.464094423326461,0.13215699970464811,2.265488458143736,0.4245116930934931,0.7986184380242275
63,4.918326465575671,5.139088232524212,-0.2207617669487263,1.1436130802161237,0.24304194369019497,1.1674171621074667
64,5.935901408685037,6.127398813080479,-0.19149740439547713,1.3489532745308672,0.26838368593170725,1.1067924206490372
65,5.365359714016574,5.459053031627899,-0.09369331761149624,1.0370971489657954,0.2792428816197137,1.0820217093332443
66,5.3525060409018685,5.619723928669426,-0.2672178877674014,1.1136240568940394,0.2260381289220051,1.2106276848458983
67,5.276780156267375,5.611109728807438,-0.33432957253990025,0.8779338465406781,0.18380638421355971,1.3291260591331249
68,5.8860361556859395,6.1447900535840425,-0.25875389789803194,0.31158497201343494,0.11074022479475451,1.5948748496307048
69,5.184663101604098,5.320955058219003,-0.1362919566149685,0.13283248448754748,0.07987374457702416,1.7514191043908627
70,5.656156874544546,5.898683947614256,-0.24252707306959564,0.6910021764475225,0.18654744364554182,1.320861815858439
71,5.47083036720927,5.703694188008324,-0.23286382079891155,0.5876453297335082,0.1737698908856643,1.360189732450905
72,5.324864214015985,5.563792356667225,-0.23892814265127527,-0.3779233728639859,,
73,5.836012890390872,6.034645106708968,-0.19863221631817396,0.10337163943064098,0.05400521735271585,1.926794723307542
74,5.589508657986368,5.630130731978728,-0.04062207399238105,1.099140883500457,0.30661670228966825,1.0223469859968608
75,5.248742182567764,5.402511708517192,-0.1537695259494285,1.528304339477824,0.29239803059396546,1.0528755558426848
76,5.78019527341247,5.772666962697141,0.007528310715315456,1.0266644140452144,0.323085657384739,0.9881367954053956
77,5.131127861130732,5.252909606107007,-0.12178174497603322,1.2656547851708133,0.28671898640276716,1.065346878126053
78,5.678738237441063,5.845436786738883,-0.16669854929796202,0.6183717050441153,0.20060556774807928,1.279828188576341
79,5.652578971779473,5.666695679583736,-0.014116707804305406,0.600947031994572,0.2652554075394457,1.1140554303799448
80,5.805612729107576,5.976846910338185,-0.17123418123037482,1.7797173296510742,0.3000385972544156,1.0363506227204575
81,5.245433677977768,5.362509186142898,-0.11707550816527146,0.9184465046494488,0.25846227546264844,1.1300331044966765
82,5.3872631608618455,5.787635679341388,-0.4003725184795712,0.6175236117807259,0.1355315983652023,1.4926394216763428
83,5.436319206685209,5.819119210722906,-0.38280000403779013,0.5633846401515221,0.13145149543571824,1.508402688190538
84,5.474756716322997,5.687731677482457,-0.2129749611592615,1.497977141630571,0.2712715118376714,1.1001391188599403
85,6.057928921563086,6.2562401887428685,-0.1983112671798608,0.6176684652631543,0.18959639452844687,1.311774016191949
86,5.306770571195681,5.38253622319181,-0.07576565199610741,0.5260885843510756,0.2212816090116405,1.2231273260968394
87,5.8512195259298885,6.059674621973787,-0.20845509604396284,0.9317451979126083,0.22694059581814557,1.2082773550065378
88,5.704241362449135,6.038062896465622,-0.3338215340165789,1.2018780055457832,0.2145472971651855,1.2411582428704186
89,5.738689110071288,6.0134983890746305,-0.27480927900342067,1.0403813580196264,0.21708992161390722,1.234303260009908
90,5.570251491215355,5.958270452712416,-0.38801896149675486,0.10558808343053627,0.03443414473024214,2.1149507543657213
91,5.188978172526173,5.444281191928173,-0.25530301940193567,0.5928092328859691,0.16796025894858352,1.378787574226117
92,5.116004486735516,4.9195436497717004,0.19646083696375172,0.8622127718075205,0.43576223265769876,0.779369249367972
93,4.8157468219275295,4.905749156081601,-0.09000233415395087,0.7055694671626433,0.24393438697660919,1.1652090407428872
94,5.067526777716363,5.323164518002105,-0.2556377402856924,0.7809248121742236,0.19456379802036833,1.2971958798357606
95,5.543341327571067,5.927861998454478,-0.38452067088314834,0.7048549661075327,0.15076790285221944,1.436824373929375
96,5.79481598179758,5.85900415067108,-0.06418816887344292,0.7281427007064067,0.2584546733467784,1.1300511467347376
97,5.7719415230434485,5.934229104903128,-0.1622875818598004,0.9006901283227471,0.23954062057303405,1.176135783714537
98,5.896195023565621,6.0891473313446305,-0.1929523077790236,1.055142447284453,0.24434910176165558,1.1641848665995271
99,5.4233333985479355,5.8568082552037986,-0.4334748566559483,0.48263532804492115,0.10885586504684501,1.6033569715028062
100,5.181100708144083,5.310470657027455,-0.12936994888332265,1.4928496851593636,0.29871511475404355,1.0391927217353782
101,5.630988857612362,5.741833096243095,-0.11084423863053416,0.8508866210998178,0.25354856824512206,1.141772566680954
102,5.682408320990259,5.673159074182177,0.0092492468081673,0.7426214819537087,0.29711519533965874,1.042639699552374
103,5.486331627699098,5.7273952313920695,-0.24106360369296453,0.8861530250797358,0.21149986287244743,1.2494518260895375
104,5.282231371780778,5.4285907471222465,-0.1463593753414898,0.9444275820960897,0.2500035138694081,1.1503408455402069
105,5.847357267675431,5.989213048627153,-0.14185578095157325,1.684744406910358,0.30491325536457414,1.0259540251492603
106,5.245149804599475,5.4599504678300015,-0.21480066323056235,1.0124177655183928,0.23304403783231983,1.1925541339693553
107,5.134756396958789,5.50429697214388,-0.3695405751850558,0.8768706998509188,0.1746646613081281,1.357366895979284
108,5.390660475833226,5.745801357885593,-0.35514088205241023,0.538656739630234,0.13371035513932567,1.499629679828874
109,5.65822488753464,5.741715530825385,-0.08349064329081557,1.2787598850440354,0.30210229629966184,1.0319355809310309
110,5.692851724044328,5.855447597442566,-0.16259587339823156,0.6782947234290795,0.21128788434404228,1.250031927951847
111,5.35826228635268,5.42938072916257,-0.07111844280984769,0.36897692309168306,0.18847698405937519,1.3150979542507997
112,5.485065792779448,5.825531039166872,-0.340465246387339,0.5190042627942901,0.13384975732125257,1.4990920361792837
113,5.252287953596248,5.417226782543803,-0.1649388289476974,0.9387902380934285,0.24265679541434193,1.1683718729701964
114,5.6383248924190745,5.8125743061630395,-0.17424941374406444,1.2330260747823338,0.26569520667565777,1.1130307883572408
115,5.1914834244563615,5.476617376114394,-0.2851339516578264,0.5159986275848212,0.14687826988931604,1.4506466798097544
116,5.132880888001761,5.3019752788114936,-0.16909439080973243,0.8585917899354776,0.2323753179907478,1.1942624581917907
117,5.332604275270466,5.345160550342722,-0.01255627507225654,1.6412491860859753,0.3497590423811297,0.9350567724290767
118,5.512904063122857,5.778840733640461,-0.26593667051747616,-0.07382981208073502,,
119,5.492281022323038,5.512121745419567,-0.019840723096422153,1.4820372294960151,0.3393951475126265,0.9553610431036132
120,5.325939765471855,5.473069583383488,-0.14712981791171842,0.953274358570571,0.2506258526098752,1.1488305667933836
121,5.245296998971423,5.310538259341126,-0.06524126036970301,1.0136314672546156,0.288898012610706,1.0605421769731356
122,5.29728351886855,5.434465531411799,-0.13718201254323503,0.3366415510135923,0.15252925831988512,1.4306545041480856
123,5.923587182711696,5.8743495156187,0.049237667092938864,1.9872292330371444,0.3860900965182226,0.8667297581071864
124,5.385181180948518,5.536821959471343,-0.15164077852273294,0.46589865740529035,0.17816531614157377,1.3464255483998482
125,5.702288452852496,5.819094857349018,-0.1168064044966286,0.3982487640771062,0.17615463689474992,1.352690155080511
126,5.22151357625388,5.499751159491307,-0.2782375832373418,-0.25129454133843865,,
127,5.07859225231358,5.3954012364355854,-0.31680898412196257,-0.37016943153224346,,
128,5.310037354683015,5.532797050477374,-0.22275969579413868,0.31755152601397896,0.1211500252092037,1.549964548611974
129,5.458569114627959,5.492140636787422,-0.033571522159490996,0.5372939317935348,0.2441508592312026,1.1646742913161496
130,5.151257422859896,5.253315952528386,-0.10205852966873863,0.10741548112986266,0.07581026716972623,1.7755309057580277
131,5.288657537716869,5.4245702545063175,-0.13591271678956218,0.4722203863864607,0.18532812801094137,1.324526861674213
132,5.424215215194533,5.688234538393484,-0.26401932319890875,0.4526464432293622,0.14068127587541668,1.4732587612524572
133,5.96783705889619,5.892168548971338,0.07566850992498075,1.465635864714809,0.3800866987145579,0.8777365608405263
134,5.362631344035787,5.50333215927218,-0.1407008152364142,0.596342966190921,0.20660629589662838,1.2629523744197138
135,5.255368828803409,5.575407310783202,-0.3200384819797364,0.4043229312544234,0.11759759791698181,1.5649373585635835
136,5.683895876135818,5.879047106176433,-0.1951512300406648,0.3534662289065764,0.13802597224629398,1.4831823388031558
137,5.3231136146788565,5.420099134863978,-0.09698552018517148,0.6782133607092753,0.2370522412215228,1.1823868432500417
138,6.063686232488305,6.302019053516798,-0.23833282102850717,1.0981116307599237,0.23350244143313242,1.1913850951943847
139,5.234563516044897,5.459129725444374,-0.22456620939942695,0.3399734888488588,0.12636295399028932,1.5286027495447827
140,5.704226818827362,5.844574328500034,-0.14034750967266518,1.5329511755920642,0.29723453486890283,1.0423821586662703
141,4.840490982096423,4.983663114302384,-0.14317213220601843,1.7931215212218028,0.3097702478306021,1.01570424106811
142,5.570661468920104,5.816725230578367,-0.2460637616582062,1.1726490183907465,0.2375244499656888,1.1811970574396844
143,5.509823703585322,5.617767272899922,-0.10794356931455695,0.9492397379577149,0.26522966587262353,1.11411543943611
144,5.3033059110110905,5.428279921961359,-0.12497401095038185,0.9206464217431574,0.25561640934464497,1.1368131394040952
145,5.510068672169279,5.646593446679471,-0.13652477451023515,1.1362454685663614,0.2713371811857645,1.0999883883173502
146,5.335156011740661,5.43433891749692,-0.09918290575615174,-0.0978169582400561,,
147,5.985537653725384,6.226075060583451,-0.2405374068580386,0.4791850645861224,0.15227628132084758,1.4315373120624464
148,5.4730424125833785,5.706820783386046,-0.23377837080261088,0.7819163196411836,0.20140698933957207,1.2775532613537208
149,5.32702893645013,5.5595805104168114,-0.23255157396692994,0.7433950396635929,0.19680623337928976,1.2907042990426623
150,5.572094030445793,5.695831406162899,-0.123737375716928,0.01109190971967422,0.008821332283562178,2.618901856029006
151,5.367238423646665,5.516284001373972,-0.1490455777270654,1.572615577479226,0.296519932195956,1.0439253423732173
152,5.864755726124155,6.140092738944656,-0.2753370128205006,0.5336310629938872,0.15253319683338976,1.4306407688221225
153,5.513118457836196,5.877367960688975,-0.3642495028527719,0.5696697148107042,0.13649705092847292,1.4889632325481366
154,6.057059661999016,6.38850272412839,-0.3314430621292104,0.6331737422658357,0.15371268504677213,1.4265394601640646
155,6.01607149482528,6.17144593451108,-0.1553744396858292,1.2390683901642774,0.2726921985670873,1.0968837833927478
156,5.534336496561888,5.693140790170165,-0.15880429360822745,1.0516650310481523,0.2558956730584642,1.1361455051375589
157,5.508700079999823,5.739202073926027,-0.230501993926282,1.3629527699659967,0.2568784623643616,1.1337999729398882
158,5.320119567179415,5.721724469266828,-0.40160490208745614,0.7162620672320372,0.148327761162182,1.445463418337759
159,5.46929696864289,5.7600303565106294,-0.29073338786770364,0.4063203666110553,0.1246872227837984,1.535393404732248
160,5.4907868670999385,5.692539313266646,-0.20175244616666532,0.7738281792203736,0.21075816300357636,1.251483409064871
161,5.649035946656465,5.6633914581009,-0.014355511444591684,0.4488746186037105,0.2375956021621173,1.1810179259706641
162,5.303347586985762,5.449719730512566,-0.1463721435268326,0.17384921368978112,0.09520132612842128,1.6685765666967738
163,5.524008926246449,5.770900059911224,-0.24689113366457605,0.28817956510548726,0.1074537334128573,1.6097440990924206
164,5.270303192278231,5.537685111032292,-0.26738191875415396,0.12814797173119175,0.05407249164832876,1.9262553979876837
165,5.963141099528126,6.038015188506815,-0.074874088978504,0.8309199060830714,0.26630487678589193,1.1116123114761969
166,5.205517999032178,5.204164796623534,0.0013532024083815486,0.4210839729159126,0.24122222488382689,1.171937313316463
167,5.713761438623703,5.669888743215761,0.04387269540802663,0.9619703662303465,0.3366913146220744,0.960723296013807
168,5.742201118729906,5.976421623332666,-0.23422050460271748,0.3707761200469406,0.13116560660980897,1.5095213377418282
169,4.8575241546517525,5.220573499613483,-0.3630493449616097,0.8567807192942247,0.1740813722209458,1.3592058368755535
170,4.8325432980344765,5.1138144278627315,-0.281271129828383,0.7813853051184907,0.1870983077834458,1.319211819972014
171,5.5253803198180655,5.711972391913687,-0.18659207209566375,0.8105886072607333,0.2205242731132328,1.2251352304369085
172,5.613425896535215,5.782717792690452,-0.1692918961553005,0.5857938542451926,0.19431710159722848,1.297913380498793
173,5.350985270336093,5.673741903812779,-0.3227566334767289,0.9893742399459313,0.19852689168571866,1.2857598350569996
174,5.500350737679479,5.793705434964533,-0.2933546972851673,-0.48565144601738197,,
175,5.620464972532897,5.661640834422958,-0.041175861889769294,0.6950387045024904,0.26490267386592903,1.1148780737049182
176,5.335386152893658,5.659720698785794,-0.324334545892043,-0.558197714405356,,
177,5.6114129695184936,5.68117142626161,-0.06975845674310222,1.5582767699232853,0.32388822351618474,0.9864991676022989
178,5.449603400742159,5.761778461069252,-0.31217506032726305,0.29759524555512584,0.09594972495573822,1.6648147265363302
179,5.272661487795528,5.633015717512155,-0.36035422971667685,0.5811748044475635,0.13912557720552504,1.4790551443948405
180,5.287170273210119,5.409016879388911,-0.12184660617867848,0.43259545672473365,0.182201153569422,1.3340082476045683
181,5.379747382241828,5.5420360732291165,-0.1622886909869976,1.0807686880796474,0.2572835042383146,1.13283510994146
182,5.032838264618828,5.224246699118201,-0.19140843449940803,0.9415530595029686,0.23369977295538424,1.190882353609002
183,5.5092233280410134,5.675435329915832,-0.16621200187501017,1.156962956146483,0.26242500816534053,1.1206778634365548
184,5.2643137116559835,5.436715189440687,-0.17240147778466053,0.5039139246742153,0.17844818783763589,1.3455484446834507
185,5.593681040680064,5.7056324330754755,-0.11195139239544005,0.9137403170369964,0.2599904254026828,1.1264137594824601
186,5.677289986363245,5.9412746367293785,-0.2639846503661829,0.9061032530114304,0.2066937795584152,1.2627089968371845
187,5.387471503205358,5.495440738461415,-0.10796923525595048,1.0080232279176364,0.27091278306785493,1.1009629488804658
188,5.158991647224308,5.370812184104562,-0.2118205368803956,0.23941589353959358,0.1017581466334635,1.636389254623413
189,5.415396343083909,5.741645708872088,-0.32624936578827146,-0.07566611764193354,,
190,4.9000420180106055,5.267341338631436,-0.3672993206207593,-0.699342952647104,,
191,5.551829962606131,5.676434686210303,-0.12460472360407948,0.2792438625301301,0.14012110142944495,1.475340208811449
192,4.729460888846358,4.880120563343002,-0.1506596744966373,1.1863401457842322,0.2702826182478729,1.1024119509300132
193,5.65802833726492,5.833894177770052,-0.1758658405051392,0.452706965894496,0.1669395019115514,1.3821048747997102
194,6.00653595855864,6.228513637165708,-0.22197767860711792,0.853525385753219,0.213838563388836,1.243079434356168
195,5.313298756177016,5.377429750343982,-0.06413099416704426,0.8577371439430514,0.27401658385661154,1.0938595451557498
196,5.876284705945988,6.1415616316615065,-0.26527692571539774,0.8426648162530874,0.19915918446121436,1.283950761092286
197,5.387290131017959,5.535140593336191,-0.14785046231827437,0.6810784656843261,0.2171417197847429,1.2341642129207164
198,5.722316933594708,5.8469605022913065,-0.12464356869668336,1.1266125256368582,0.274944434992594,1.0917467396293852
199,5.23575822745455,5.33041688916008,-0.09465866170535264,2.54821237530642,0.3523447463282838,0.9300508705377922
200,5.767324732268332,6.003239546617888,-0.23591481434937123,1.0309784419511097,0.22806340973804295,1.2053624527321352
201,5.684160402757367,5.787302506859863,-0.1031421041025169,1.698874603664045,0.3188453737936936,0.9968334193299325
202,5.701220314125873,5.770037137663376,-0.0688168235374178,0.9087158044885264,0.2773472166862411,1.0862978980422973
203,5.298044525877355,5.4585314514062055,-0.16048692552885768,0.5991261293576429,0.1997052903150567,1.282391654420653
204,5.239212605627824,5.599907252139008,-0.3606946465110923,0.6788386125980104,0.15294538265934948,1.4292047855239043
205,5.511911546405724,5.523380490620777,-0.0114689442150393,1.3698430832201218,0.33692372179557184,0.9602613005962084
206,5.613350798383532,5.723782705113077,-0.11043190672967285,0.3001669814546837,0.1519516150499789,1.4326719296145927
207,5.600799147197346,5.823973918214751,-0.22317477101751138,1.1225411430351926,0.2404552958138294,1.173849542805593
208,5.563334898807977,5.789878375529984,-0.22654347672187214,0.5731336348647353,0.17329398099532442,1.3616955665616373
209,5.175376421239331,5.416888708558698,-0.24151228731943775,0.36904463285088696,0.1288325872339045,1.518721600124152
210,5.394489124070912,5.754566064323075,-0.3600769402521564,0.3659753164924062,0.10172744660305849,1.6365360529922677
211,5.461094342257535,5.474738187641609,-0.013643845383967346,1.0999129403303876,0.3186825737059603,0.99716881802559
212,5.236686329815381,5.422516136696036,-0.18582980688051975,1.229395292074937,0.26149204800812886,1.1228715593858214
213,5.507722565707024,5.664856067499063,-0.1571335017920319,0.42324488366538304,0.16695010440077163,1.38207034014737
214,5.706109317390553,5.703258269458093,0.0028510479323813342,2.2579352965736774,0.3764271472995563,0.8844985454322265
215,5.331169018602974,5.482072242122062,-0.15090322351920804,1.2435469216148647,0.2746034296094795,1.0925226746035333
216,5.887277466095281,5.861629206931635,0.025648259163745024,2.098518736940594,0.3802777114264716,0.8773847169193062
217,5.255232151923689,5.520658897012549,-0.2654267450891439,1.5035224738696122,0.2556562303326128,1.1367179086068473
218,5.532465041636794,5.602837243100996,-0.07037220146435175,0.4784727336229153,0.2143959702160579,1.241568065850868
219,5.033862926984636,4.969984978581717,0.06387794840293282,1.3185586197501813,0.3682255463583768,0.8998021568436226
220,5.797463345136418,6.154686109612417,-0.35722276447609147,-0.027331510623060495,,
221,5.524171087827323,5.636566078314328,-0.11239499048679136,1.6876287954390854,0.3150824411150579,1.0046146481047824
222,5.576536694244748,5.716118933258006,-0.13958223901340716,-0.002297038725089351,,
223,5.377244697156254,5.552237609259752,-0.17499291210333467,0.8100173800698585,0.22450705808782978,1.214630480645759
224,5.822917230147265,5.940412165670022,-0.11749493552292734,0.5126096846865345,0.20067502435455875,1.2796307658380262
225,5.17931150424182,5.52628205372233,-0.34697054948060213,0.5369159697422887,0.13528808484659355,1.493569849488626
226,5.446053938983265,5.697127945329495,-0.25107400634624355,-0.06538704298903397,,
227,5.096932046952258,5.342587425782501,-0.24565537883040633,0.4982325349317591,0.15441504509779902,1.4241085730419183
228,5.639412432940059,5.779346878201206,-0.13993444526136045,0.6024503073552445,0.20791428113573937,1.2593213598863244
229,5.331506884349107,5.493304371680249,-0.1617974873311141,0.28863122829251964,0.1305387521926603,1.5119807796441933
230,5.306286261008733,5.613991315084551,-0.3077050540757682,0.2687462384515307,0.08971209218890755,1.6969183821775498
231,5.627570422298401,5.751030981788812,-0.12346055949024048,1.6399153787480323,0.3088596383830032,1.0176177715724553
232,6.149668198876167,6.258786913675788,-0.10911871479970614,0.6010711268580664,0.21996472572767106,1.2266219222415644
233,5.0675636776276285,5.463586844754932,-0.39602316712739594,0.2997769551941012,0.0818553606612411,1.74002082873768
234,5.116777936391497,5.302908671584699,-0.18613073519327372,0.9746524672184442,0.23890582308700942,1.1777260878454638
235,5.691874786782488,5.843279213189671,-0.1514044264072254,0.04064758491524145,0.027315701158134108,2.2069765001792057
236,5.285516427238132,5.349724055233029,-0.06420762799484692,1.5967391576643415,0.3279024444158931,0.9783475810808038
237,5.600959646005673,5.838796215647907,-0.23783656964224065,0.8148796682745356,0.20421611335278253,1.2696309669741674
238,5.60411510593384,5.566136370876183,0.037978735057549784,1.3359917510073025,0.3569020777557643,0.921284181220734
239,5.185138373245433,5.460640716429193,-0.2755023431839163,0.5432629126848205,0.15413426094343952,1.4250793643692368
240,5.216237021782842,5.348868616964783,-0.1326315951819197,0.7911428996248766,0.23782729376826073,1.180434885866436
241,5.8919837464756135,6.000470172516767,-0.10848642604150882,0.7826097001531309,0.2463470379142096,1.1592678116293402
242,5.973164441147798,6.020226989058305,-0.0470625479104001,1.2047923480332834,0.3116668233325851,1.0117307193191927
243,5.772110781578601,5.952195518107157,-0.18008473652866996,1.1799448272311892,0.259518892125658,1.12752898648504
244,5.465386713789837,5.558477935538189,-0.0930912217486366,1.1858043308687698,0.2916978380212846,1.0544043358426993
245,5.448868614224818,5.526957563544219,-0.0780889493196355,1.1757496975003434,0.29686611223436554,1.0431774567214869
246,5.384435208865295,5.527888501868208,-0.14345329300317644,0.4837653593688991,0.18485414400084954,1.3259563867548763
247,5.356717431349477,5.4820473361776045,-0.12532990482804962,1.3538421074730174,0.29149740493161297,1.054842409496035
248,5.7438670520754265,6.044237303310712,-0.3003702512353357,0.49551966528045455,0.13938782047980075,1.4780745676413092
249,5.662369797896314,5.987947001899638,-0.3255772040033662,-0.37911531026780665,,
250,5.812329332680871,5.984008086850718,-0.17167875416998868,0.9502310284233566,0.24144876623937594,1.1713732836047956
251,5.678730998550815,5.884318394792469,-0.2055873962417536,0.2946088543504075,0.11955057854986356,1.5566627435957094
252,5.869708895877135,5.999186896967341,-0.12947800109054697,1.1716158269255708,0.2767941803832805,1.0875491706170468
253,5.692033153706131,5.829672099065352,-0.13763894535918553,0.6814965593208271,0.2210861659869161,1.2236450267153962
254,5.411838122788037,5.601044352009165,-0.18920622922109942,1.2272249429402216,0.2601920511873441,1.1259373201235363
255,5.276662498385928,5.476098357431237,-0.19943585904525207,0.7215906428293941,0.20459534482091143,1.2685675478988065
256,5.471244654693361,5.674315879452148,-0.20307122475855977,-0.07547192049102946,,
257,5.260730277033087,5.3969590879892415,-0.1362288109560268,1.199725821663769,0.27652426228294474,1.0881604927226913
258,5.165930908169582,5.4309599870527485,-0.2650290788831171,0.7213734287019058,0.18402343794335757,1.3284683339039787
259,5.2666058724236215,5.455938881775243,-0.18933300935168518,0.6873393533121046,0.20318859072448395,1.2725195265751645
260,5.192336611586949,5.480976770714893,-0.2886401591276808,0.6456751965705152,0.1666989315016974,1.3828889092559749
261,5.911822321022907,5.943626787452107,-0.03180446642932111,0.8252050343540134,0.285358472714503,1.0683592910480486
262,6.0583083166305975,6.226902813972725,-0.1685944973421556,0.4653582235531317,0.17205734686337856,1.3656229261889943
263,5.7945012495917005,5.973173721390925,-0.17867247179901824,0.5917596353193844,0.19203159661978542,1.304592637522287
264,5.7940485798118395,6.036666316819282,-0.24261773700732192,-0.0030604177287330003,,
265,5.635283333259974,5.716347378773872,-0.08106404551404012,1.503699923913576,0.31676949654605835,1.0011185527961008
266,5.232671091706276,5.408238416111157,-0.1755673244049376,1.2206610474308839,0.26429034979202193,1.116307926643365
267,5.940682264939266,6.039309027416206,-0.09862676247689706,0.9464257713353632,0.2686853264234884,1.1060951761260671
268,5.6039847726091345,5.8122754580915945,-0.20829068548277974,-0.1750203941898434,,
269,5.065835329385788,5.338028948246627,-0.27219361886091065,-0.2977072754764265,,
270,5.449489020491352,5.788934794026954,-0.3394457735355445,-0.007602732001736001,,
271,5.295579157561985,5.501781434689189,-0.20620227712743144,0.6627019178421243,0.19392468401713675,1.2990560804747546
272,5.25729869543569,5.595826026494617,-0.33852733105891275,1.5335356110496896,0.2369902839335251,1.182543076219486
273,5.839318734491041,6.000582084876289,-0.16126335038507023,1.7028910780051412,0.2994256169288399,1.037665919049184
274,5.6941637789551685,5.792901641587182,-0.09873786263210604,0.47390788258476846,0.20069814774634215,1.2795650512137293
275,5.654566219151899,5.791358564762607,-0.13679234561072917,0.5188917205942651,0.19428176424383564,1.2980162116395189
276,5.214333999872576,5.484698400881303,-0.27036440100869186,0.29059702309833213,0.10280631619095129,1.6313982392427688
277,5.657240760062802,5.7789672687666105,-0.1217265087038868,0.8014510909419137,0.24336502902223484,1.166617113634334
278,5.606567937591887,5.61823454560869,-0.011666608016639657,1.249081743490155,0.3297334387974401,0.9746509348788744
279,5.206869666874251,5.4459126733673635,-0.2390430064931479,0.9250493576150518,0.21637950788839264,1.236212708878911
280,5.284718191780382,5.497236306860874,-0.2125181150802291,0.9967544364607939,0.23225622638897994,1.19456705763658
281,5.156292356085611,5.307671587712182,-0.15137923162660627,0.8994857334914528,0.24338548833936252,1.1665664758540113
282,5.977534252365228,5.882315097121275,0.09521915524396718,0.7972350335836644,0.35504160635484716,0.9248544819267985
283,5.037903045606878,5.232833868651863,-0.1949308230450697,0.10296666394963694,0.054397678941030356,1.9236563008633398
284,6.1002928882115945,6.128732354282388,-0.02843946607072212,0.7851109249162249,0.28246857292464583,1.0747904145842582
285,5.4634960430718245,5.641320871310139,-0.17782482823849932,0.4263593418097855,0.1606023964368412,1.403048434173126
286,5.627191141148057,5.886470847359423,-0.2592797062113732,1.1292950730237905,0.22979885312690862,1.2008771654325838
287,5.599361295172127,5.863736205594993,-0.26437491042270267,0.6008180350309864,0.16663692242332212,1.3830911386878089
288,5.113367906243081,5.303756306424351,-0.19038840018129122,1.5207355960506952,0.2798607777217238,1.080632144893557
289,5.408279880581528,5.514488708252632,-0.10620882767102557,0.385316825738645,0.17724756270752032,1.3492783942191782
290,5.303908520612719,5.568251200422235,-0.2643426798092605,0.34681487661709554,0.11794792553972788,1.5634451580766402
291,5.860077560407614,6.068724306887358,-0.20864674647987158,0.4429341292316451,0.1544008647330824,1.4241575684752001
292,5.681422238030006,5.448912874809768,0.23250936322028792,1.8360827721995427,0.4633311178318885,0.7333727448301184
293,4.8746700514399315,4.950867394380165,-0.07619734294007685,1.1026920001525795,0.2919179703128816,1.0539234399564765
294,5.494550554929116,5.587957771897376,-0.09340721696821674,1.7753066794117522,0.3257894037066513,0.9826303454864757
295,5.280876806552794,5.469542535931954,-0.18866572937940873,0.3442313432981088,0.13763097918644343,1.4846710687748816
296,5.191310693960656,5.443281793979512,-0.2519711000188636,0.6876541480612843,0.18322606974141858,1.3308873818359637
297,5.447689194031579,5.6670858996254445,-0.21939670559390834,0.28599429740732063,0.11354451658588512,1.5824603518433078
298,5.438910222810716,5.521855043469383,-0.08294482065844022,0.09636646104141278,0.0748416927420484,1.7814332969441473
299,5.724450968925009,5.966243637026235,-0.24179266810142508,0.5809231810167788,0.16998549570633306,1.3722504154838362
300,5.396936249147881,5.511313911466782,-0.11437766231870228,1.1078624298522293,0.2772658909350195,1.0864817949858456
301,5.327415495471438,5.452856298696613,-0.1254408032250467,0.04735765437131079,0.034566477816432836,2.1134007969513147
302,5.1500637562286435,5.335039642636072,-0.184975886407301,1.0628480087769852,0.24776811988498568,1.155787420069816
303,5.426983499350069,5.505409117595104,-0.07842561824486438,1.006690251090209,0.282732305932421,1.0742016658603573
304,5.6411895403226815,6.15106618368549,-0.5098766433625315,-0.2816638465361123,,
305,5.376750500041577,5.643803109810104,-0.2670526097685979,0.7670418679372517,0.18941393466294087,1.3123148174513566
306,4.9382649284247115,5.278376028855757,-0.3401111004311588,0.7110150116133553,0.16226804158458896,1.3974841104482412
307,5.597104585995691,5.850375629463212,-0.25327104346752094,0.7618926023147523,0.19285450930579642,1.3021810274009706
308,5.109612194720182,5.404669994519384,-0.29505779979945146,1.0612085527032953,0.2131473050125283,1.2449576848437747
309,5.788638947195647,5.729000914652428,0.05963803254303457,0.381454430090546,0.27774335064914224,1.08540266934784
310,5.455110496155964,5.8493815514301595,-0.39427105527397543,0.17848304676152082,0.05386546932154744,1.9279168515746432
311,5.090886458763531,5.414958906549469,-0.3240724477859658,0.2941113670219089,0.09285503309215787,1.6805259325986361
312,5.623063009207396,5.694665503251006,-0.07160249404364549,0.9120960390636803,0.27649037550562044,1.0882372696864415
313,5.07896668671027,5.221657737602246,-0.14269105089215373,0.7421235551358123,0.22763618942691605,1.20647033802652
314,5.03602346960373,5.216728104840964,-0.18070463523713443,0.33527004023743245,0.13772464531430376,1.4843177432512045
315,5.096463967671422,5.4575473283605795,-0.36108336068923563,1.148605681106016,0.2028735715981302,1.273407234319266
316,5.220849019488366,5.44719003896552,-0.22634101947710406,1.160124045757989,0.24265465332486252,1.1683771857894005
317,5.190911722193629,5.369447582651862,-0.1785358604583962,0.38824803579609224,0.15164628046389175,1.433740673857036
318,5.978213204525115,5.983572850480858,-0.005359645955650194,1.201139450320074,0.3294637074975879,0.9751946660012899
319,6.14557575000266,6.285883281406814,-0.14030753140423258,0.891640840154114,0.24665120776265476,1.1585216844103106
320,5.788795307555244,5.941025560837449,-0.15223025328214135,1.8274872775025486,0.3084162218412402,1.018550905573772
321,5.5226577125400915,5.732219786221595,-0.20956207368135438,0.05327126057543197,0.029006764798283673,2.1833945793702094
322,5.607337568125683,5.777400780626397,-0.1700632125005086,0.842292730034508,0.2301326808898843,1.200017147529081
323,5.232798131495326,5.509775621692651,-0.27697749019716866,1.260417368411435,0.23525626533186667,1.1869273825293531
324,5.758694984736518,5.82123577244376,-0.06254078770712113,1.2552054921707452,0.3087872981828423,1.017769945136898
325,5.697007883309549,6.101294294305998,-0.40428641099629203,0.4360852449596493,0.10651452044789023,1.6140595024338347
326,5.435237374091354,5.628746758800968,-0.1935093847096141,0.10377474682383081,0.054984842321946364,1.9189959822289666
327,5.506632880704171,5.610313898616138,-0.10368101791186746,0.5893884252819355,0.22028448773016784,1.2257719974997103
328,5.74847407632468,5.813743195448364,-0.06526911912374089,1.8604799605257831,0.3392876029796473,0.9555738011041773
329,5.74836062058365,5.885751134924629,-0.13739051434095018,0.5655217041329941,0.20259176958558578,1.2742021891523088
330,5.306312954449265,5.312277803908135,-0.005964849458678145,0.9726570399236465,0.31214064329062585,1.0107405088660109
331,5.508400158036135,5.62938025840673,-0.12098010037061613,1.6278467625904653,0.3090905173350429,1.0171322562400928
332,5.17855760145552,5.354486574730817,-0.17592897327540413,0.7172423703883837,0.21207740775534129,1.247873442369661
333,5.3005370374304555,5.400416885724201,-0.09987984829376728,0.8229613178918385,0.254778005137268,1.138820558664516
334,5.617845337127289,5.926775393293138,-0.30893005616576374,0.6839403649008524,0.1666773804281716,1.3829591870900864
335,5.339466219480425,5.44880939553369,-0.10934317605347132,0.761749616896644,0.2433473216018801,1.1666609427546768
336,5.434554085349088,5.470717025940257,-0.036162940591339066,0.9381087686601006,0.2948040777316581,1.0476409181865207
337,5.7303724939851115,6.016958146127148,-0.28658565214209375,0.6214559720028703,0.16365295869189295,1.3928903245715625
338,5.476737733759034,5.659865385313974,-0.1831276515549689,1.0133175384432995,0.24375015967891767,1.1656643983372506
339,5.783650234056619,5.977430308936871,-0.19378007488012372,1.6451620442714194,0.2859174262468962,1.0671204991240577
340,5.384432444907258,5.486340694359132,-0.10190824945175336,1.2488479523975968,0.2929414571181297,1.0516907481335378
341,5.665319273924421,5.736577581336643,-0.07125830741210848,0.3914597012376788,0.19418899424388109,1.2982862362114007
342,5.616335022018244,5.788855377604687,-0.17252035558635725,0.49780305513595735,0.1772215803583544,1.3493593205683156
343,5.446330398483166,5.480061802323295,-0.0337314038401928,0.7241537866645693,0.272416965748985,1.0975135385791723
344,5.310273451243926,5.487102627739116,-0.1768291764951755,0.7922902471785349,0.22166073874718664,1.2221239993102133
345,5.525853011977585,5.706606326795903,-0.1807533148182756,1.3340918648076432,0.2709083413955601,1.1009731539807814
346,6.090403460384902,6.263658938516894,-0.17325547813197772,0.8201449487623051,0.22635563474182888,1.2098000299475922
347,4.909246880983016,5.172916621473863,-0.2636697404907409,0.7772460476295038,0.19170399296141916,1.3055548204283538
348,5.610010311642224,5.785977888926315,-0.1759675772839273,0.5856618445766983,0.1919490876804815,1.3048348552380424
349,5.224375611196944,5.3447411980266075,-0.12036558682962095,0.9569277604007063,0.2611234895049236,1.1237396521202074
350,5.592306341549499,5.8803239445616065,-0.288017603012122,1.5943350762722197,0.25469222824804527,1.1390261960176364
351,5.578120683723807,5.809661852474395,-0.23154116875048203,2.078504736143188,0.29521794326645917,1.0467433956933454
352,5.121990832272001,5.331571875919767,-0.2095810436476313,0.24175351882096052,0.10302448938965947,1.6303644693272652
353,5.479885624426185,5.597390463527905,-0.11750483910145704,0.9377783180394204,0.26029761793010214,1.125687969061057
354,5.396514999778798,5.572706798738562,-0.17619179895950765,1.3403316170555968,0.2728735804052392,1.0964690046118624
355,4.846480232970759,5.044403312850417,-0.1979230798797289,0.5090007142983453,0.17089552731311566,1.3693319751425008
356,5.513113306511411,5.759288401670883,-0.24617509515951497,1.5086879837542249,0.26171639413244024,1.1223435546409117
357,5.785857139840697,5.945957443779282,-0.1601003039384068,1.346174628528722,0.27874648055772927,1.0831395632198526
358,5.221538245874978,5.451911686012306,-0.23037344013732763,0.22719080965217842,0.09370983170852167,1.67614480850671
359,5.644199167279464,5.678120287765555,-0.03392112048618401,0.8062754568921093,0.28223018835064906,1.0753228970581308
360,5.593722932444404,5.818399831881042,-0.2246768994368722,1.2835938619997371,0.2529637387473006,1.1431803024812288
361,5.646481609937052,5.91141687280356,-0.2649352628661745,0.7529936423168664,0.1882308462160205,1.3158307787931052
362,5.259675868078045,5.483437534615941,-0.22376166653816654,1.0970735496527517,0.2380247711455971,1.1799382606970865
363,5.485246278183364,5.606740681833241,-0.1214944036498764,0.754951922810303,0.23756880502164307,1.1810853855128016
364,5.811158865568483,5.9169735642922525,-0.10581469872363414,1.0915892379430439,0.2791948823816188,1.0821297405714108
365,5.42303477745271,5.749710957619808,-0.32667618016716915,0.8680879388580536,0.18475079496405322,1.3262684451660884
366,5.711105320049125,5.850924075427304,-0.13981875537820088,0.7324591846089596,0.22742738014099056,1.2070123700169633
367,5.272072554745034,5.577796913403635,-0.3057243586583809,1.3570219189580328,0.23417058848235262,1.1896840708877514
368,5.475459023805694,5.84923501228128,-0.37377598847547233,0.7025771980039792,0.1529768437090735,1.4290953017297467
369,5.962539875559866,6.188347264953816,-0.22580738939382172,0.7424186335037888,0.1988054070166737,1.2849624473063934
370,5.42814502736918,5.546607647649775,-0.11846262028075216,1.0186034497398353,0.2678139569847396,1.1081108238672586
371,5.775816252898391,5.8591414872857435,-0.08332523438730277,1.3009455659728317,0.30365870058928757,1.0286190967500404
372,5.504454548279579,5.926338299145019,-0.4218837508656179,0.9436932002792879,0.16905031634581547,1.3752617307625512
373,5.613573010934612,5.811741223935119,-0.19816821300059928,0.6645944944972548,0.19686738877073398,1.2905280224316555
374,5.1811426317036755,5.248678321113022,-0.06753568940916921,0.68737878436011,0.2513609173934995,1.1470500953770617
375,5.559093622607758,5.76632099177456,-0.20722736916695794,0.4486144526467726,0.15601794967643667,1.4185921709977471
376,5.379631369059222,5.610902644467917,-0.23127127540897163,1.0730945213922496,0.23346624950296685,1.1914773340705875
377,5.89209794025636,6.025921509837477,-0.1338235695811818,1.4628790546229098,0.2953721818359719,1.0464091244254532
378,5.296759942500227,5.500694429368526,-0.20393448686832016,1.4982972245748165,0.2741512604864698,1.0935525707445033
379,5.530604198247726,5.711557304421756,-0.1809531061742291,0.7965089278384241,0.2207418285423302,1.224557926096599
380,5.545321706723268,5.7826614119213495,-0.23733970519833747,0.2909535602894877,0.11045869175610024,1.5961348394399448
381,5.449022898912414,5.7434122198558235,-0.29438932094330994,0.32523127300872545,0.1061055275093648,1.6159481337427217
382,5.747391572397088,5.89089936064212,-0.14350778824496047,0.6307758240196542,0.21113220826627532,1.2504582202022767
383,5.696036828229023,5.8245161008531845,-0.12847927262419034,1.1018358184842505,0.2714263111239946,1.0997838487634735
384,5.695537607129733,5.851740192876466,-0.15620258574676882,0.4804922419782329,0.17952093389535406,1.3422315370708169
385,5.37727046308704,5.486893999112194,-0.10962353602531039,0.31802314049888736,0.15761401974321712,1.4131418516355345
386,5.408101070868167,5.509054167255091,-0.10095309638677463,1.0509334275985474,0.2775807966957695,1.0857699220312358
387,5.594153305454153,5.7340431403682395,-0.1398898349141291,1.2260697425682956,0.2772155104386459,1.0865957357522413
388,5.411061961063648,5.682066932987421,-0.27100497192350304,-0.5306560482309131,,
389,5.374204263306762,5.661773481805621,-0.28756921849890205,0.21553061871045642,0.07900802508602126,1.7564709639238048
390,5.6350783966030455,5.707045186079281,-0.0719667894761642,0.2439803743425415,0.14912272247982475,1.4426371146093773
391,4.830627535892187,5.097485583608172,-0.2668580477159139,0.6317640886707458,0.17070853690948118,1.3699306948979153
392,5.2260883055286165,5.669121562515809,-0.4430332569870643,1.0297821190242828,0.17240301828806032,1.3645230068858452
393,5.188096125467961,5.28700553644391,-0.09890941097592076,0.9261333637725926,0.2665145987475769,1.111124882743152
394,5.550440904516233,5.712685894153562,-0.16224498963742917,-0.033458086834713185,,
395,5.367814810343713,5.479168203179608,-0.11135339283600842,0.6280176122507974,0.22340785324757514,1.217516261300341
396,5.373784410810583,5.587435894343823,-0.2136514835331127,0.3656318353897383,0.13562646726080307,1.4922772916951985
397,5.653970324735962,5.70054443164123,-0.04657410690515462,2.0272590811961564,0.3520911410949211,0.9305408166406703
398,5.604160577135541,5.843833502485392,-0.239672925350078,0.9181078753412919,0.21543752750500444,1.238751533893352
399,5.628969888798689,5.6066565437305975,0.022313345068141643,1.183295200543359,0.34105222512616246,0.9520882547695023
400,5.246925933190948,5.677938531077235,-0.43101259788636526,-0.11679951416149592,,
401,5.4337986957879245,5.562838497580206,-0.1290398017924872,1.461480264502793,0.29696680529740466,1.0429600294384376
402,5.012490184602608,5.085556022009872,-0.07306583740705719,1.0451519209957603,0.28837895224994103,1.061684469221216
403,5.1218916727224375,5.309084955403332,-0.18719328268070967,0.6747644597936713,0.20208861394732325,1.2756235816110981
404,5.636944237644354,5.866869662814278,-0.22992542516976755,1.3218629109126496,0.2541320061526963,1.1403704315557563
405,5.490542396202624,5.566149396399556,-0.0756070001966691,1.550454638083533,0.321304896636522,0.9917799166414929
406,5.605376177763798,5.897951843243387,-0.2925756654797169,0.4177213381267144,0.12656734129341987,1.5277793084933071
407,5.175543496880561,5.309770500056519,-0.13422700317619274,0.16443096165137305,0.09462057330376794,1.6715120869429583
408,5.777491057836311,6.0057195673111,-0.22822850947454754,0.9537949618388204,0.22282558372254418,1.2190490300965195
409,5.503857615855974,5.699265880263933,-0.19540826440788805,1.413762510585176,0.27149618056151376,1.0996235412735438
410,5.36198532322727,5.5876789377524965,-0.22569361452519843,0.06475611751374544,0.03307840529560567,2.131130346459512
411,5.403626999878849,5.7791357804399475,-0.37550878056117654,0.4280894776008992,0.11059519119307683,1.5955236253515583
412,5.551459628608551,5.840424642501294,-0.2889650138927209,0.7900242470694216,0.1859791866482302,1.3225676849299772
413,5.35101068425605,5.588393513687468,-0.2373828294314535,0.500699161266315,0.1572504429064951,1.4143797145549695
414,5.212212318134004,5.4472639141025745,-0.23505159596857084,0.08303765188104606,0.04030013139497423,2.050659358733766
415,6.142607163308764,6.204668029755094,-0.0620608664462452,1.2632701878941717,0.3095249580187336,1.0162193204041157
416,5.553510948187192,5.903614624943284,-0.3501036767561345,0.41581992967527626,0.11343759660043756,1.582929225569245
417,5.173380992237423,5.29947147381446,-0.1260904815771937,1.0288734761190703,0.26584892434240026,1.112672933108932
418,5.526130362312767,5.671675232625493,-0.1455448703127331,0.9278984545611344,0.2485851796872156,1.1537926708612607
419,5.347215090075803,5.47561014991194,-0.12839505983606614,1.2611147622109478,0.283971928496876,1.0714393478821942
420,5.6260138746157615,5.680591637949522,-0.05457776333378206,0.720419461418679,0.2618854610058087,1.1219458577800965
421,5.51306639191888,5.403291982551881,0.10977440936699168,0.8318624245292412,0.3673695164435973,0.9014115992557662
422,5.4874220155430855,5.596637791332174,-0.10921577578892538,1.4852988571127952,0.3054301492253979,1.0248580961322737
423,5.32850413517907,5.419009301755121,-0.09050516657612206,0.811640417583618,0.25735353181107146,1.132668401957358
424,5.374154673310965,5.751761265175414,-0.37760659186437806,0.15569346715749077,0.049635034810015286,1.9630958747443918
425,5.283704546449041,5.5639764865147505,-0.28027194006585887,0.7498159981859942,0.18337590551887062,1.330432217298471
426,5.119197998639617,5.425686990113352,-0.3064889914737705,0.24953972348535203,0.08499090753982377,1.7224341187861028
427,5.629911257315722,5.934208960257802,-0.30429770294199443,0.5988239792761014,0.1554854331599163,1.4204200360274655
428,6.160212531823515,6.45696303508895,-0.29675050326545716,1.104772726222869,0.2166145941502537,1.2355803456391874
429,5.049143179535019,5.345688476534026,-0.29654529699882914,0.24269082470536674,0.08497032720421394,1.72254782464891
430,5.410232551574051,5.748782469061627,-0.3385499174873985,0.9827168045514583,0.19361375722662852,1.2999626893553669
431,5.880802650034763,5.978635810721276,-0.0978331606863776,1.1601402369365452,0.28787850563522716,1.0627871115688636
432,5.599473528679834,5.96470551802776,-0.3652319893481035,1.2358878701152243,0.2089343020258116,1.2565012251092014
433,5.916030999907331,6.081696123322093,-0.165665123414783,0.33361501678161076,0.1420181596746696,1.4683169101377527
434,5.279781776816787,5.548384272279517,-0.26860249546257364,0.45810104103582816,0.14053973317072369,1.4737840906590982
435,5.232642650685545,5.3909242052198785,-0.1582815545343692,0.3525547919447263,0.14945154084375628,1.441471437890015
436,5.480188351963658,5.543097266941611,-0.06290891497792472,1.2534103656316802,0.30851712616962496,1.018338482700263
437,5.264102852636039,5.622388759844238,-0.3582859072082556,-0.43222031155831786,,
438,5.908051833402748,6.068716484307789,-0.16066465090511883,1.4965205133102941,0.2881952663797369,1.062089037354933
439,5.110007729551068,5.2887189910570775,-0.17871126150612326,0.6718489307761502,0.2045961045745388,1.2685654188810178
440,5.6673652170747,5.928859147142145,-0.26149393006744504,0.8889594377557053,0.2055577765201012,1.2658751721546995
441,5.074869403931313,5.194859247028457,-0.11998984309730076,1.440523925313645,0.29891005461445774,1.038773573162923
442,5.5653961497704465,5.9271294713598515,-0.3617333215893268,0.31701617463189535,0.09121399445275885,1.6890283641963058
443,5.551334839748858,5.861224018366382,-0.3098891786173681,0.9473213626071058,0.19782440408571,1.2877746930308325
444,5.738696042359276,5.967152095922177,-0.22845605356292253,1.5055533436402726,0.26692196991783756,1.110178838007213
445,5.874107776702555,6.190877653171693,-0.31676987646892485,0.6185006495183707,0.15525530680557734,1.421211416231385
446,5.632715320110616,5.8504005333305535,-0.21768521322019296,1.1018757047783403,0.24040771226908664,1.1739683271300267
447,5.510695057248437,5.740836052642077,-0.23014099539363997,1.5468860255254562,0.2689361476428841,1.105515809979161
448,5.818793507524912,5.911964976432049,-0.09317146890703043,1.207015032654656,0.2932533159523606,1.0510114829742516
449,5.1631046888886765,5.395854774816133,-0.2327500859275915,0.33411518560509634,0.12275328829691473,1.5433194435309099
450,5.724794820464364,5.979561336375465,-0.25476651591111477,0.6911056430553657,0.18288070886284913,1.3319375554678137
451,5.746356852166979,5.796230988941982,-0.049874136774860744,-0.3214641587234155,,
452,5.907806639542638,6.102289640423269,-0.19448300088060932,1.5281590140891552,0.27898914766005023,1.0825929280806563
453,5.852147903032016,5.9027650282563435,-0.050617125224334814,1.417403627145113,0.3236120860801474,0.9870623244442155
454,5.686299298391429,5.8939152299494815,-0.2076159315579389,1.2762288679246439,0.25787111456222417,1.1314372167908788
455,5.818767980568634,6.040933914777401,-0.22216593420876052,0.5385292661777505,0.16866783050987594,1.3764969514147427
456,5.334292218498273,5.7382756298362345,-0.40398341133800386,-0.40386852986323873,,
457,5.557927331804546,5.5038938159941,0.054033515810260724,0.9600048195073079,0.3420841115207033,0.9500553844389515
458,5.57844172331637,5.621757409923223,-0.04331568660677476,0.7944614966467185,0.2763939981314012,1.088455666103029
459,5.382524418182708,5.62471539759893,-0.24219097941613654,0.7234883928867362,0.19114819509937528,1.3071899876815534
460,5.434481921574285,5.551341148319008,-0.11685922674473659,1.5971348914684924,0.3089107598376329,1.0175102475944087
461,4.88280231131365,5.17890249811941,-0.2961001868056883,1.1749003855344142,0.22283823019881863,1.2190157090264195
462,5.269542779389791,5.477198740300668,-0.20765596091109728,1.2442711897044525,0.2554308830907915,1.1372569563096517
463,5.1233387291550905,5.444784094169389,-0.3214453650141422,0.35283556105632385,0.10662455267280088,1.6135523815416597
464,5.183849191003571,5.221712903837638,-0.03786371283376866,0.7263191349289357,0.2706632345201895,1.1015364846442262
465,5.432839921282163,5.561293299272837,-0.12845337799058143,1.4160142030230212,0.29438127353776583,1.0485586976502241
466,5.746944975082339,6.003939326235166,-0.2569943511527981,1.5005770933214997,0.25796585459596877,1.1312120422779868
467,5.439471984459157,5.631803379296517,-0.19233139483731065,0.4639426242846625,0.16385535611397367,1.3922214273157856
468,5.635153642816601,5.82565498216648,-0.19050133934979385,0.9968797761055939,0.23962397853507528,1.1759271749615796
469,5.003701264033577,5.31785858679331,-0.31415732275968367,0.6075831290689102,0.1542835753568899,1.4245629532202593
470,5.246626575024845,5.349912026278776,-0.10328545125366873,2.003169732365425,0.3319016887636429,0.9702905451498821
471,5.5556621034642255,5.602989426340958,-0.0473273228767539,0.9988425589451886,0.29533952402459673,1.0464798918280818
472,5.382196675506645,5.573250629659082,-0.19105395415249404,0.22737001740056328,0.10304441074245242,1.6302701627638487
473,5.832418102373037,5.9073877575054645,-0.07496965513223586,0.39284334909899243,0.19279753640819008,1.3023477469899263
474,5.7260468965772695,5.761793547676451,-0.035746651099316296,1.8226069351564362,0.348425540585,0.9376476004069147
475,5.381465498131217,5.489079272157259,-0.10761377402604921,1.290169103045912,0.2936956609068244,1.0500488346344325
476,5.4596499639268465,5.850512471443555,-0.3908625075164309,1.0156673202928133,0.18342754153546642,1.3302754235213123
477,5.371635767700479,5.622557217537459,-0.2509214498370511,0.8033594073633878,0.19877651377246514,1.2850451305135944
478,5.4638119858240195,5.4780227610216095,-0.014210775197852854,1.4879999121428007,0.3419828022135799,0.9502547952320711
479,5.789961930827882,5.7236763620903055,0.06628556873761227,0.6825843129524714,0.3252283734152682,0.983770487130899
480,5.351172421920307,5.543233934392571,-0.1920615124724918,0.7990617569069691,0.21722283595186817,1.2339465124871085
481,5.347362287959765,5.678989952909635,-0.3316276649500196,0.562547207320808,0.14298569144352713,1.4647626277769659
482,5.789308272867526,5.746085537972011,0.0432227348953802,0.20694732458640175,0.2172355852392231,1.2339123011316664
483,5.087752090262608,5.257963416800873,-0.1702113265380376,1.6626247997837993,0.2944166034909098,1.048481973238383
484,5.298985125093065,5.250780196791528,0.048204928301402106,1.431213093866667,0.3660724283146377,0.9038547453017652
485,5.717804203981256,5.873165888691329,-0.15536168470998746,1.1243975090004632,0.26353279680331276,1.1180800717618733
486,5.440103050509276,5.645122013072491,-0.20501896256314467,0.10414392740232614,0.05337593141697923,1.9318669384001337
487,5.507758133323829,5.689940489581733,-0.18218235625795387,1.3063152890634235,0.2684572639932799,1.1066222947330766
488,5.519850479741887,5.728589451668615,-0.20873897192700497,0.5749541029002145,0.1791860562168316,1.3432653853975502
489,5.4596493314110255,5.59164495081858,-0.1319956194072347,0.8697537217677933,0.24738108957239852,1.1567339132087457
490,5.938549819787237,6.034559907638492,-0.09601008785125487,0.05881223474492714,0.04711013234136312,1.9853087390992008
491,5.214090140798259,5.31227957235841,-0.09818943156028581,0.6651909024262466,0.234624350769657,1.1885308050633687
492,5.585125637574844,5.663658075120626,-0.07853243754584582,0.8809243023623949,0.2702601288258144,1.1024637059278128
493,5.304614243419007,5.258839806315752,0.04577443710309126,1.0594514369166852,0.34465183701966773,0.945013787706271
494,5.890732041070702,5.9751991654268615,-0.08446712435602421,0.554542967864375,0.22256073923326739,1.2197471563871087
495,6.258069622203163,6.194182448767894,0.06388717343520511,0.6256445683792435,0.3172978320604508,1.000026193186181
496,6.16670387047942,6.295852747074736,-0.12914887659530905,0.8693574386578753,0.24843226412427016,1.154165645786388
497,5.3164020562789,5.332865999935233,-0.016463943656162883,1.8051215814280681,0.3549281127764867,0.9250726610549646
498,5.559551881961294,5.783395477001488,-0.22384359504030726,-0.003751000266554172,,
499,5.655900180731248,5.829778681886086,-0.1738785011548316,0.3009283015792583,0.13039897058945568,1.5125304567861948
500,5.7816440907087205,6.009269265377821,-0.22762517466912868,0.690712003450141,0.1911188251557529,1.307276491845391
501,5.414644839221534,5.600270565175382,-0.18562572595396887,1.278909786306592,0.26530661658205756,1.1139360636230011
502,6.046872939320007,6.416827994439021,-0.36995505511913507,0.33769167689339596,0.0941368356398111,1.6739682692002098
503,5.549341516501169,5.774772138339461,-0.2254306218385409,1.1514246586570778,0.24221161401206096,1.169476723332542
504,5.536780354286417,5.676777030835584,-0.13999667654911718,0.621897674490544,0.21105715944775882,1.2506638097291736
505,5.407271557301225,5.442651242806594,-0.03537968550563164,0.7196731641730452,0.2710241589142829,1.1007070913652361
506,6.025716638980963,6.05060879034821,-0.024892151367112092,1.3549030306403296,0.3304543075421801,0.9731992016511474
507,5.388606533675908,5.539652941016495,-0.15104640734057284,0.4625194117403062,0.1776732784987125,1.3479536881584513
508,5.687478172638873,5.750635292705024,-0.0631571200660801,1.229200916931667,0.30675029336138965,1.0220646699546942
509,5.125216524302356,5.4052241460986,-0.2800076217961305,0.37086501403978644,0.11968408776575679,1.5561009558660053
510,6.08753629149977,6.242622110581021,-0.15508581908125052,1.0829106347939117,0.26004097754232663,1.1262942813558157
511,5.100073969836682,5.36241132090225,-0.2623373510655256,0.4944947441880636,0.14908559185143394,1.442768867681413
512,6.022809330076495,6.181931790196241,-0.15912246011976094,0.6684608779727128,0.21109865763895977,1.250550122612442
513,5.130826115606066,5.251964256683149,-0.1211381410771537,0.5278825321035683,0.20212321086192922,1.2755257643328732
514,5.3816631691369246,5.5035171411428685,-0.12185397200596526,1.8367046841892503,0.31882575791405354,0.9968738257768328
515,5.8015278398630805,6.090901685661439,-0.28937384579830905,0.7229786096972397,0.17728786485450193,1.3491528839583273
516,5.456577502281913,5.464399466711956,-0.00782196443014982,1.0472688287878498,0.31736197364995816,0.9998936585183644
517,5.438706553822282,5.449228174802979,-0.010521620980625812,2.075639818262296,0.366440429241316,0.9031610449684179
518,5.760765431713605,5.966717745072987,-0.20595231335914832,1.169901316448847,0.25005183104394046,1.1502234964737843
519,5.671031560735525,5.767666811787517,-0.09663525105202098,1.3988293069142408,0.30487541036394866,1.0260343133168528
520,5.281919369917102,5.485116472710377,-0.20319710279318315,0.7301065482861837,0.20450300368521201,1.2688263534580857
521,5.536460950323441,5.719195542389901,-0.18273459206648113,0.7889681849825436,0.21917516586927266,1.228724370085964
522,5.715295002762229,5.881903240056136,-0.16660823729375807,0.35422829756058505,0.14712264160911823,1.4497700945187262
523,5.605337567538651,5.835907556805484,-0.23056998926676897,0.6424466662375039,0.18311021800147392,1.3312395002633368
524,5.411717457374504,5.509166748300789,-0.09744929092630628,1.6071018896605054,0.3162914153028021,1.0021080398022228
525,5.559484829746577,5.795565506486373,-0.23608067673967525,1.0131382162355642,0.2262917683314419,1.2099664464407935
526,5.262985123145096,5.445949490537128,-0.18296436739206,1.5148270545032467,0.2819135346059945,1.076030682157714
527,5.405112993999307,5.53833206850965,-0.13321907451040715,0.727011359754389,0.22922708056733837,1.2023522514077534
528,5.020154848562594,5.2894479947603905,-0.2692931461979242,0.5572604370115286,0.15818718851366165,1.4111947813885546
529,4.9159733388411375,5.022052054309878,-0.10607871546881142,1.0160906949926982,0.2724072544263163,1.0975357668296621
530,5.356797948344944,5.559706697603016,-0.20290874925808566,1.135936568959,0.24820050837915075,1.1547312253251052
531,5.718011207344386,5.896883120270257,-0.17887191292606985,1.2693287515514982,0.26686602317081415,1.1103087051904723
532,5.381333053922514,5.468512110066381,-0.08717905614412302,1.0265335795704154,0.280929758728839,1.0782330667583977
533,5.451339128524875,5.621147504066162,-0.16980837554137906,1.4915572702826658,0.28483808047664183,1.0695140963085066
534,5.1628752233640505,5.358203932893257,-0.19532870952912162,-0.24688649676759766,,
535,5.388747776119214,5.533897013930375,-0.1451492378112107,0.7546092523432328,0.22836358655195188,1.2045849059548528
536,5.7235961508341795,6.03253467611793,-0.3089385252840202,0.5772036798764155,0.1509193939648667,1.4362915624316175
537,5.398408734571273,5.455641924705954,-0.057233190134411416,0.8606921244419219,0.2774127856297803,1.0861496577487035
538,5.6243087122296735,5.767696964001882,-0.14338825177196668,0.40959614103380915,0.16873613693613845,1.376276204865369
539,5.186661039637681,5.470706052390565,-0.2840450127528129,0.4364666725928146,0.1323770225137367,1.5047940945239684
540,5.212938409875857,5.301482791628327,-0.0885443817523992,0.6632278244361025,0.23847994883614976,1.1787946659922532
541,5.444669270557721,5.604612876865982,-0.15994360630838855,0.9448622928028705,0.24508338176127165,1.1623744875269728
542,5.731308338520773,5.829317851620456,-0.09800951309966877,1.2095807176530364,0.2915727962060338,1.054677607911067
543,5.550282195690567,5.513152713079027,0.03712948261158999,0.9278117273680699,0.33036336978455194,0.9733822250577244
544,5.626287834877882,5.77717357308968,-0.15088573821185491,0.9791002874920416,0.2518429207356686,1.1458845597227871
545,5.739683382355803,5.760658508163768,-0.02097512580780858,1.2153419565888086,0.32350521614925265,0.9872803598536034
546,5.463639836068875,5.734683835140746,-0.27104399907170773,0.6782694433265419,0.1763216607796871,1.3521677411735749
547,5.432770894576503,5.307741796450653,0.12502909812565122,1.9512683221286977,0.41588628182389165,0.8135788088352134
548,5.549374099915337,5.635344884958261,-0.08597078504317324,0.6335805000033545,0.23509451293459277,1.1873375230499483
549,5.634178173320731,5.87662293173538,-0.2424447584146492,0.30752870472139193,0.11358471721510303,1.5822841509172236
550,5.7185832338713105,5.751479632147959,-0.032896398276534455,1.3713635691462613,0.3281008453101556,0.9779463783702749
551,5.601933475073917,5.603399326862348,-0.0014658517886800837,1.0723986849696026,0.32226943318865386,0.9898050148705957
552,5.23895162888665,5.3909984138816505,-0.15204678499503643,1.2202776030149174,0.27243570518065846,1.0974706474189553
553,5.638962312090495,5.6453420501781615,-0.006379738087616715,0.7725409429156329,0.29218034370526624,1.0533505833251813
554,5.3032351848002115,5.443090945241725,-0.13985576044137815,0.5857289398655325,0.20514064756609782,1.2670409510771785
555,5.27719161016206,5.485947361308927,-0.20875575114678213,-0.2988123063879229,,
556,5.630570742423867,5.635578867303277,-0.00500812487962321,1.4284558340517428,0.3427731323878168,0.9487001604918601
557,5.902349419918789,6.058787006720824,-0.1564375868017578,1.3191048331933821,0.2781369176210865,1.0845141024433158
558,4.955105833021786,5.249443973279167,-0.2943381402574232,0.4279737304834619,0.1281919812600663,1.5212704551362388
559,5.826450793183664,5.880610282449016,-0.054159489265202865,1.844100749845012,0.3425878849156393,0.9490643494099326
560,5.755610443261855,5.885301588945946,-0.1296911456838643,1.876389120083786,0.31797183497176296,0.9986343888076391
561,5.414642170931199,5.6293602334169925,-0.214718062485872,0.18336666685869218,0.08263283921473497,1.735609872094239
562,5.800034429446338,6.120103342967216,-0.32006891352102684,0.35286732241356233,0.10691539558639908,1.6122139274370038
563,5.416973555679203,5.429709437370189,-0.012735881691014583,-0.019826285579480185,,
564,5.58779188958,5.781976044244569,-0.19418415466452643,0.7785468073925834,0.21391488557530236,1.2428723244613014
565,5.685448455108041,5.771272468969972,-0.08582401386206584,0.8562852456034911,0.2644697954185691,1.115888662431579
566,4.787633708549617,5.043383780144961,-0.2557500715954575,0.024933379011301326,0.012357003224128374,2.5017818723479457
567,5.100286357416859,5.327722879189462,-0.22743652177246076,1.423837797712828,0.2619839879900727,1.1217141740737042
568,5.0236972845404,4.998709450935568,0.024987833604882326,0.7146559915602779,0.30279405763214373,1.030460133069079
569,5.381029257671923,5.6091827591303165,-0.2281535014583369,0.5332333402885787,0.16590580276014344,1.3854798072779446
570,5.755030226076666,5.905422778208564,-0.1503925521317342,1.3676948339413926,0.28355335150819116,1.0723711706432753
571,5.583383762225491,5.870255442419282,-0.28687168019382625,1.3595362673980844,0.23972801329920074,1.1756668929253553
572,5.286664505619807,5.620238973501078,-0.3335744678811352,0.09940247583340422,0.03690757267027932,2.0867850108009285
573,5.47348431457716,5.637869006657109,-0.16438469207992057,0.28865152754338297,0.1297390008198715,1.515131915078614
574,5.7552275713977785,5.893430219655233,-0.13820264825722006,0.7158628468516959,0.22576750637373308,1.211333782501869
575,5.609171812731017,5.754788375582397,-0.14561656285127356,1.672411327104797,0.30302550694305086,1.0299669787095251
576,5.406980556853238,5.498234790669851,-0.09125423381669862,0.6365614724662088,0.23324873769700427,1.1920318990633854
577,5.375817985108494,5.4518667939528065,-0.07604880884423437,0.7081270018711692,0.2504041578756309,1.1493682703779668
578,5.913317609754937,6.014377942740136,-0.10106033298529837,0.40520041161301634,0.18428643590123006,1.3276721558175284
579,5.735368972446292,5.87742287655897,-0.1420539041127995,0.8595121988616121,0.24239616925516727,1.1690185213073587
580,5.235618971452492,5.4256453997756005,-0.19002642832288075,1.302445143890342,0.265565343900577,1.1133332204470698
581,5.93240277758299,5.968910802348152,-0.036508024765225855,0.605663438985431,0.25413864546964493,1.1403544886537988
582,5.900788187862542,6.154851946520662,-0.25406375865827613,1.1335933568152754,0.2317568737364089,1.1958454554774047
583,5.594096837571794,5.774880128855397,-0.18078329128343285,1.359663773147762,0.2726709467802988,1.0969323937201354
584,5.757035423996182,5.742445721638621,0.014589702357625356,1.6539408543040004,0.3611278472884248,0.9132180981803906
585,5.90594379954781,6.096104941542958,-0.1901611419953042,1.0742771306818852,0.24704366940708872,1.1575599297318193
586,5.568239954036368,5.689097068141368,-0.1208571141048651,1.3346687557958319,0.2918403598003931,1.0540929582559733
587,4.9439102119712395,5.288818837153844,-0.34490862518259746,0.36180668131822813,0.10380281548592989,1.6266906502763898
588,5.346978212916053,5.584290877606268,-0.23731266469030743,0.8984870872922031,0.21404083161384874,1.2425306705034662
589,5.1924923207160525,5.330801228898014,-0.138308908181898,0.6079147056490299,0.20943741980650646,1.255113887341446
590,5.712695997390153,5.765490382165876,-0.05279438477577969,0.5347646085820692,0.23386515259850166,1.190461247553087
591,5.9115659779705645,6.0566120490976765,-0.1450460711271262,0.6245192093744194,0.20955595092628188,1.2547873914242196
592,5.771522175662891,5.918780637491199,-0.14725846182864188,2.1067090119382996,0.3217165707428386,0.990936535524747
593,5.469616518173677,5.557447516183952,-0.08783099801030403,1.2148837734233027,0.29591166374139166,1.0452408588094948
594,5.7432725826355515,5.775194957371102,-0.031922374735586345,0.5522384174213499,0.24766252472795539,1.1560455531644278
595,4.7640406271938325,4.867944896253167,-0.10390426905928507,1.4948535045052083,0.30789498855597985,1.0196489338561692
596,5.736906684585517,5.771522361944083,-0.03461567735848803,0.9293879649903367,0.29468917481284346,1.0478902501760512
597,5.715473709729064,5.870371149278622,-0.15489743954958612,1.36369678532931,0.2817262614842293,1.0764495292127594
598,5.28104485626012,5.468595536480283,-0.18755068022005617,0.32775972819149857,0.1336702751488283,1.4997843398241673
599,5.45210533555122,5.564300013186799,-0.11219467763544344,1.2796364373261788,0.2912549777452344,1.0553725375796827
600,5.2514635624521695,5.554837132854882,-0.3033735704029823,1.5814746869525997,0.24958775285146165,1.1513512694980406
601,5.796337302807512,5.757948033966773,0.03838926884077409,0.8075522582792836,0.32041108150743924,0.9936134747552904
602,5.319537216487685,5.411210789556787,-0.09167357306910162,1.617441794311084,0.31888783943386567,0.9967459505898727
603,5.568321221658049,5.821970175320953,-0.25364895366305973,0.49376092344341416,0.1513386401492099,1.4348191474963876
604,4.650326452819979,4.882045421019992,-0.2317189682003118,-0.0028014454391858123,,
605,5.405852712341709,5.496938274192264,-0.09108556185060479,1.2905081979447104,0.299971820288996,1.0364938216896247
606,5.534275842200156,5.758560638100331,-0.22428479590030292,1.594427105000495,0.2735438111829862,1.094937973833826
607,5.705765540451818,5.6971029233075505,0.008662617144409523,2.404715511008103,0.38215312121558787,0.8739359761183381
608,5.303916069089052,5.572335256355689,-0.2684191872667725,0.9884942078476193,0.21394847901332464,1.2427811813181562
609,5.585250124964329,5.515901929960609,0.069348195003613,1.7178026799907968,0.3861757548455,0.8665734701308625
610,5.690443228863966,5.869438193348213,-0.17899496448421814,0.6362923687594844,0.19909851410818816,1.2841241648293316
611,5.025538065916987,5.210845139353861,-0.18530707343666108,0.28495597013958474,0.12242772787651889,1.5446632936406892
612,5.372155487887664,5.772835570650148,-0.400680082762392,0.10935806170205353,0.03457069201749667,2.1133515212653156
613,6.062480456190439,6.271660980144663,-0.20918052395450104,0.3020381681142048,0.12062811648050163,1.5521425596294907
614,5.55443666144232,5.664262633380641,-0.10982597193833499,0.7084613836728622,0.23600014547200499,1.1850437599605586
615,4.853262898235368,5.182600618017506,-0.3293377197821883,0.5438820104014574,0.14054508262959753,1.4737642289859856
616,5.56007842433986,5.619728601851303,-0.05965017751123014,1.087737470749392,0.2975660543050276,1.0416670850867167
617,5.296267491371179,5.438090540081365,-0.1418230487101937,0.4449136100096034,0.17728913712117766,1.349148922169981
618,5.222370761431318,5.501313694863892,-0.27894293343251775,0.0680500391191714,0.029943731702010555,2.1708338825780022
619,5.690706082648273,5.81301473087591,-0.12230864822754484,2.1135524761602653,0.32986590508126157,0.9743840114972825
620,4.887915649791591,5.181429975404189,-0.29351432561270485,1.1833444086354241,0.2242818703006614,1.2152208498998636
621,5.604571869143808,5.729155434557878,-0.12458356541401372,0.6648879356267265,0.22373491502837484,1.2166565556309108
622,5.590712814739515,5.773976396757742,-0.18326358201829862,0.5973497092857478,0.19137688169757955,1.3065167646242206
623,5.4518022289561365,5.638465526454748,-0.1866632974983986,0.13286761931428615,0.0688669473688192,1.8192916451070604
624,5.8946160057097465,6.077916577329905,-0.18330057162029334,0.613283511231181,0.19396280307174069,1.2989450053429459
625,5.478498841520956,5.576866662444747,-0.09836782092361318,0.5173616000539134,0.2095691181783546,1.2547511302660668
626,6.115582638934608,6.181599760543282,-0.06601712160886564,1.5378200158718194,0.3242298273549741,0.9858029306865599
627,5.431097583266261,5.649136843180518,-0.2180392599143488,-0.0028253027730009705,,
628,5.430480188986291,5.6470061054867635,-0.2165259165005864,1.0140870161095208,0.23264387906009948,1.1935759684909035
629,5.2970218976339645,5.352892500365275,-0.055870602731374674,1.0571731346495312,0.2966537582016847,1.0436361561157326
630,5.4901177336302105,5.619242130716106,-0.12912439708588863,1.1088853376059689,0.27178473785427554,1.0989617784762187
631,5.529436247249247,5.799778603386567,-0.27034235613746205,0.8141090801343864,0.1942767036151277,1.298030939112796
632,5.266987468325976,5.383081364716293,-0.11609389639033907,0.8357283755907225,0.24969991487091656,1.1510785663936927
633,5.554826424108466,5.8972005818815525,-0.34237415777306524,0.4205955011703928,0.11595612929525748,1.5719759482235096
634,5.164978630193115,5.342854411609256,-0.17787578141610538,1.2085768900502494,0.2625579387805642,1.1203657386056216
635,5.765498403014941,5.901886829649964,-0.13638842663499418,-0.032573182200817286,,
636,5.297077500212833,5.458239570687315,-0.16116207047434727,0.7861568547474853,0.22649870802390074,1.2094273459205993
637,5.6685257107286695,5.6194945679003645,0.0490311428284258,0.8247181695805672,0.32819799241794134,0.977749986639408
638,5.36029981219043,5.315125455513044,0.045174356677307514,1.672911999222464,0.37444745596909634,0.8881734536742363
639,5.213896047700143,5.10950055480156,0.104395492898675,1.5107974985482215,0.39519962500956984,0.8502256836202378
640,5.656563946008543,5.72394906977873,-0.06738512377023653,0.5998913489899067,0.23813405181177064,1.179663561701067
641,5.339630801210102,5.558767431694246,-0.21913663048394483,0.2474442602356106,0.10245978077712525,1.6330438204657574
642,5.6262811279824625,5.791924340797376,-0.1656432128149845,1.189564119420865,0.2652640726018996,1.1140352312610786
643,5.60567436942814,5.6330346614584705,-0.02736029203038015,1.4634827013296814,0.3354020612786271,0.9632898983264415
644,4.765180532936835,4.971647188026491,-0.20646665508979822,0.5795410724137753,0.18068989042707617,1.3386338817093522
645,5.383446540147485,5.555224433740204,-0.1717778935926617,0.978828216344894,0.2443178932211864,1.1642618963089315
646,5.450356724012305,5.746484138585007,-0.2961274145727657,-0.008642927528754285,,
647,5.779744470859338,6.072660075943457,-0.2929156050843176,0.8235625617988198,0.18890874898814386,1.3138141667612893
648,5.7987104041950595,5.836146714982409,-0.03743631078737053,1.700226286021504,0.34274154157151177,0.9487622578385351
649,5.413850401010574,5.623870552063952,-0.21002015105318605,0.6753946822752965,0.1945473887529497,1.2972435844024492
650,5.610628180704349,5.859449521795529,-0.24882134109134313,0.8611610887482577,0.206272086343728,1.2638828274049114
651,5.1125939479012565,5.322403664144925,-0.2098097162436261,1.435626827071765,0.2683032074760659,1.106978538224739
652,5.823308970470304,5.967483533529855,-0.14417456305977794,0.6138417551538957,0.20816706300552684,1.2586215401105252
653,5.989187723332304,6.1520140886485315,-0.1628263653162776,0.9634738515984154,0.24595326575294324,1.16023469250056
654,5.71211951639442,5.955520657562712,-0.2434011411683059,0.8498860610186867,0.20664182969199618,1.2628535111778618
655,5.864614807722216,6.066483336524808,-0.2018685288026063,-0.12744319824713557,,
656,5.672889941255459,5.706009393958194,-0.033119452702749186,0.8567065254192698,0.2881148201395452,1.0622662749498712
657,5.713789770715618,5.733941247604495,-0.020151476888941033,1.4636254520902305,0.3383291393179638,0.9574718675403713
658,5.384148379235409,5.601793072313722,-0.21764469307822765,-0.19731489660455281,,
659,5.686124181100137,6.097338641699441,-0.41121446059923983,1.6555166487018234,0.22570023353921306,1.2115094018743338
660,5.635774082525938,5.85752534829081,-0.22175126576507864,0.6498214026133695,0.18698520241319222,1.3195503099249315
661,5.985416023950062,6.192420302771421,-0.20700427882138683,0.9199726806384412,0.22616407605556832,1.2102992742927026
662,5.242688976926853,5.39401528184624,-0.1513263049193938,0.5877041040749411,0.20115496700020158,1.2782679427361947
663,5.493736352665234,5.875307246609996,-0.3815708939448541,0.24246986801038872,0.07121861758535504,1.8040809504095003
664,5.876404082245369,5.969225355729041,-0.09282127348342328,1.9988608748513172,0.33522585942436284,0.963641168097557
665,4.7903146367795095,5.007207408086277,-0.21689277130667506,0.4554641325320219,0.15449614996665428,1.42382840838939
666,5.146840808782269,5.246044915188808,-0.09920410640665978,0.6915565336512373,0.23803560042373395,1.1799110351477913
667,5.3056817071827815,5.554182549866443,-0.24850084268337014,0.6683348780479612,0.18149395485239833,1.3361692638853895
668,5.546940395108901,5.7119805371484595,-0.16504014203951556,0.5875930176094819,0.19613562692214703,1.2926399174190648
669,5.095600135995607,5.350654853090699,-0.25505471709493577,-0.026577646102506236,,
670,5.799540470924182,6.116324354477573,-0.3167838835531711,1.0747392876237285,0.20827043616395968,1.2583355318188851
671,5.7912784511087345,6.010015753225087,-0.21873730211632392,1.2747108254928214,0.2541825689501859,1.1402490230951743
672,5.313001686920995,5.519656842296488,-0.20665515537552892,0.09439368651846891,0.04882015426633382,1.97015896982629
673,5.369983762374783,5.464647816477214,-0.09466405410262269,1.1051391028461772,0.28470156132568486,1.0698172829519144
674,5.885479158122404,5.835165109233319,0.050314048889049445,1.6124438070173817,0.3743961935012799,0.8882687716664267
675,6.267488838039423,6.46257036743167,-0.19508152939215506,0.918128963071716,0.22996435349206085,1.2004506870490064
676,5.641031299895882,5.561157157555794,0.07987414234003154,1.821179238478976,0.3937282853224353,0.8528756157416435
677,5.683767662121351,5.792859854485069,-0.10909219236373247,2.074896767194886,0.3327057796606682,0.9686781860812839
678,5.735142039626123,6.037627682596469,-0.30248564297016856,1.4270428991148165,0.23996030329192414,1.175086019536382
679,5.134417014515417,5.366440553096378,-0.23202353858096103,1.119612141418731,0.23738547233679863,1.1815470543388031
680,5.18347471045389,5.484256417773221,-0.3007817073194019,0.6492723189945089,0.16394473451912173,1.39192624144474
681,5.567024254671093,5.692870921159578,-0.12584666648854181,0.23260172365083776,0.12395209987032195,1.5383948533923835
682,5.329953671200098,5.353052884645802,-0.02309921344567556,0.9640552665917888,0.30324402482976515,1.0295016074094112
683,4.9740945400643675,5.22182972956136,-0.24773518949677964,1.0005981802785477,0.22142861743530823,1.2227381377253417
684,5.192885925015059,5.421365123403692,-0.22847919838841335,1.0598390700909412,0.23313316687205785,1.192326705985523
685,5.377218838554324,5.600928954195364,-0.22371011564109722,1.1591894601960675,0.24341453999213541,1.1664945767744688
686,6.0715783783172235,5.942494020624512,0.12908435769281823,2.0642749382175403,0.4197923425311373,0.8067815640206297
687,5.34165171728058,5.535756388978317,-0.19410467169791445,-0.3432854273891266,,
688,5.587970960650079,5.6870467661272635,-0.09907580547724137,0.13910770313820464,0.09341750197676632,1.6776394732273625
689,5.620448509934828,5.7806957906195,-0.16024728068464356,0.34798943594585907,0.1476038141309971,1.4480473304022405
690,5.528423506517026,5.586726948413503,-0.058303441896441655,1.3421287536499413,0.3161084659763851,1.002486950555059
691,5.49369598267516,5.609835481073372,-0.11613949839806992,0.7717059358183249,0.2418723964223639,1.1703195521948622
692,6.042976612500876,6.088674216502053,-0.04569760400090672,1.117043195893718,0.3058117867253597,1.0240497296957822
693,5.228270502536031,5.607963680881365,-0.379693178345633,0.8794997294537659,0.17244473736701627,1.364390369241442
694,6.02511052232752,6.223316625887701,-0.19820610356009638,0.9611131785994758,0.23342351544344736,1.1915862592928812
695,5.74942304591276,5.772600907763614,-0.023177861850854242,1.5062193156338175,0.3392640077885768,0.9556204858386379
696,5.3930610867347575,5.539877138631848,-0.14681605189707625,1.4893082309102645,0.29246281326072976,1.0527342356047489
697,5.505304108449206,5.6098256474120625,-0.10452153896312666,0.4730624781520305,0.19806626223530857,1.2870804114695
698,5.642625702174552,5.556151803309955,0.08647389886459678,1.1444313358333567,0.371157597254296,0.894307109254079
699,5.290178206472444,5.5447391388015,-0.25456093232901367,0.026619992083446675,0.013206888081266476,2.478141166429869
700,5.265027640367759,5.510786488005518,-0.2457588476379442,0.8332045298786035,0.2039550387269514,1.270363892697261
701,5.204360654819663,5.411309574329049,-0.20694891950938654,-0.10981272747821436,,
702,5.580439982033692,5.848135282440101,-0.2676953004063307,0.7491259157809971,0.186918940286612,1.3197486825563252
703,5.508495739767692,5.8863289973233925,-0.37783325755549413,0.1586437244145955,0.050418783590851904,1.9563937862461092
704,5.446779288591539,5.568217189019311,-0.12143790042773617,1.6218702704961068,0.3086205163865591,1.0181208742092491
705,5.128516544276533,5.314165168918283,-0.18564862464177168,0.953966429061559,0.2369631583621734,1.1826114857904104
706,5.324118486143231,5.602896368188336,-0.2787778820452331,-1.2946441816488097,,
707,5.510163610713459,5.789980653092837,-0.27981704237936356,0.45695191777667077,0.13742486658762057,1.4854492160074186
708,4.753494546380249,5.127677162688872,-0.37418261630864436,-1.0389561376212022,,
709,5.596969176457957,5.825267724721545,-0.22829854826341034,-0.2850359311040833,,
710,5.63718089392172,5.920373323820858,-0.2831924298991453,1.7132029358028795,0.26285059861157156,1.1196789494621846
711,5.131871280015854,5.331755866044592,-0.19988458602870196,0.19207312165899282,0.08889959239951523,1.7012311409642138
712,5.076333341189535,5.211249573855813,-0.1349162326662281,0.7760276741796552,0.23503924152803882,1.1874777154119356
713,5.387317013031986,5.623970399055825,-0.2366533860238178,0.8880519067058046,0.21309222417219914,1.245107536580471
714,5.251426540766612,5.471522685335625,-0.22009614456896998,1.3941550656373956,0.26228811437879895,1.120999408056128
715,5.587851245211265,5.536500813789122,0.051350431421951725,0.8451973149000125,0.3313717317927921,0.9713545927456048
716,5.158386757404639,5.377392120063899,-0.21900536265934534,0.44293478946728015,0.15129318586168058,1.4349786350550187
717,5.724562923492055,5.623565554845069,0.10099736864708575,1.1488131382951252,0.37929059337757887,0.8792041524376232
718,5.87535214236517,5.961550525897234,-0.08619838353183695,1.0726675076708894,0.2853603596378378,1.068355106358404
719,5.035858464454474,5.164253186024293,-0.12839472156974807,0.8382277277507164,0.24515647060379367,1.1621944942152582
720,5.310525327772563,5.3364462420509575,-0.025920914278231066,1.3176554366666444,0.3278345003132182,0.9784850126239774
721,5.239611456460249,5.380751922166393,-0.1411404657062576,0.15903948397621193,0.09040993978448197,1.6932392318635248
722,5.939697304322987,6.133160803070108,-0.1934634987469508,1.8376019283573477,0.2958417813841454,1.045392110889176
723,5.060216718341405,5.1105965897091075,-0.050379871367795204,0.861400861007585,0.2805892741778352,1.0789965308130205
724,5.751060630517838,6.118171014112026,-0.3671103835943086,0.1413876795700162,0.04670948061790787,1.9889250113661379
725,5.227450791781063,5.219042835789818,0.008407955991287963,-0.10130976980648043,,
726,5.267722269820421,5.62780833651038,-0.3600860666897461,0.6872296368757169,0.1542134111938617,1.4248055720613622
727,5.2218383312182475,5.357884982393376,-0.13604665117486547,1.808382413701576,0.3128282731088693,1.0093052290727256
728,6.079537122193084,6.147370608780999,-0.06783348658768773,1.802957697858929,0.3360044845287844,0.9620898255106287
729,5.697715213399203,5.757990926435657,-0.06027571303638979,1.2613982992313595,0.31011872968670195,1.01497293377757
730,5.261837845874776,5.27348983503963,-0.011651989164874976,1.0945268704366597,0.3191924697509041,0.9961187107333798
731,5.3680115752100726,5.428960596684757,-0.06094902147492576,0.5374190062867079,0.23036811471457797,1.1994111485876588
732,6.182725844784397,6.204474502531728,-0.02174865774736645,1.165229374854352,0.3197586505965961,0.9949539730226188
733,5.806695283746546,5.848241299749777,-0.04154601600339447,0.8341594278836126,0.28172006058247545,1.076463401114531
734,5.609355982815384,5.937408997570326,-0.32805301475491433,0.09627157878753323,0.036331447805944425,2.093198396861583
735,5.324211428480464,5.360374341232404,-0.03616291275193362,0.10702196101458483,0.09960007398288838,1.6467955615180006
736,6.03090329231453,6.16444903221883,-0.13354573990432073,0.8170127695999874,0.24064714727208714,1.1733707857989801
737,6.375362491646353,6.612669029397328,-0.23730653775101018,0.8034649853501854,0.20298770070055283,1.2730855084658135
738,5.866804312418605,5.896796172602368,-0.029991860183599783,0.957004449096015,0.2994018904435693,1.037716866005123
739,5.290506174985818,5.572539667115702,-0.28203349213004003,1.3650835250782798,0.24152399708974454,1.1711860605376667
740,5.252067054281621,5.586263272979263,-0.33419621869779803,0.9784885803857826,0.1943557215529056,1.2978010127309891
741,5.528346267142648,5.905409566772928,-0.3770632996304357,0.9159690490537322,0.17695112524936485,1.3502022232624513
742,5.003888875261406,5.0987502889301375,-0.0948614136686956,0.9542921686510439,0.27099601063485296,1.100771748031877
743,5.532584333123065,5.722181305137521,-0.18959697201444214,0.5874854114952939,0.18758521174905407,1.3177563875086238
744,5.109599508130611,5.227049128695743,-0.11744962056513941,0.6228867960835949,0.22009899123721224,1.226264937747272
745,5.9045443253629735,6.069061979645642,-0.1645176542824629,1.1474560050895661,0.26223109696229335,1.1211333682974933
746,5.737634806726316,5.764423233471906,-0.026788426745497418,1.5436731546320175,0.33966785780801523,0.9548217273714008
747,5.280178873402644,5.358616833532313,-0.07843796012957682,1.0066658666208212,0.2827249550004011,1.0742180707901017
748,5.9060433814421565,5.7561650100317685,0.14987837141029559,1.665981912501067,0.4210185181752888,0.8046554781291706
749,5.728814389438764,5.848941399449213,-0.12012701001026471,1.2283955597706075,0.28461152131925993,1.0700173008685203
750,5.447991583015106,5.643646719927002,-0.19565513691168235,0.2970608838516213,0.12296085008096325,1.542464121633104
751,5.51793030192847,5.784056598078113,-0.26612629614965044,0.7456808974106544,0.18692892876287445,1.3197187761724372
752,5.227456923865599,5.462573043802937,-0.23511611993717452,0.6777700301512439,0.18693033815468624,1.319714556423366
753,5.602712951091814,5.58723328566894,0.015479665422617472,1.3078851246993786,0.34521049051956154,0.9439200790073022
754,5.63242724874625,5.908445906183257,-0.27601865743690723,0.8868235651475196,0.20101153155875376,1.278674986635311
755,5.757259486318059,5.834321169552272,-0.0770616832342057,1.8465259247813783,0.3345681997314328,0.9649533066293828
756,5.492785567204816,5.573237928001571,-0.08045236079692586,1.0367419105256843,0.28459000376617816,1.070065107026831
757,5.446009599112028,5.733205088571108,-0.28719548945923634,1.31324647985668,0.23627265234507588,1.1843547805681054
758,5.116178664001051,5.250099926536944,-0.1339212625359778,0.9540981914016164,0.2556460765571239,1.136742190102412
759,5.49442764364893,5.686560903473069,-0.1921332598240042,0.23489894447513748,0.10522265061826874,1.6200448142233221
760,5.023326850439968,5.220066742848626,-0.19673989240845913,0.16577093015948208,0.07997497047814925,1.7508313167436242
761,5.544223035892298,5.659337026283691,-0.1151139903913645,1.8763357430330885,0.3228066588493588,0.9887067100856614
762,5.528246471927229,5.706739049754464,-0.1784925778270008,0.5296420892513609,0.1812055314880489,1.337052405003315
763,5.322931565839223,5.694675570807352,-0.37174400496837734,0.9310867241482157,0.17983799338594056,1.341254018211401
764,5.5762563202655535,5.628216941526407,-0.051960621261059714,0.9311876339873244,0.2869945468965869,1.0647379159319792
765,5.310226469461565,5.515477193646429,-0.20525072418490709,0.13924328723332735,0.06799739711266786,1.8250240701328024
766,5.341177898073408,5.639031130829569,-0.297853232756097,0.9845991806365824,0.2049887384004538,1.2674659300692048
767,5.410377203254381,5.583049968232668,-0.17267276497818784,0.23825041759621968,0.11152544560217724,1.591373939688433
768,5.89107915508124,6.221661503819508,-0.3305823487382895,-0.06806235147558937,,
769,5.108092901402767,5.254273149349213,-0.14618024794640405,-0.49558247000905453,,
770,5.411920464089587,5.695084078473439,-0.283163614383966,0.5879745602466819,0.1593949752493139,1.4071093188196029
771,5.649876381630644,5.766177553435792,-0.11630117180516208,1.3781189418667026,0.29634444381816266,1.0443046897143613
772,5.6347709498867395,5.705628376976787,-0.07085742709000442,1.4305649802795521,0.3164985201342818,1.0016792735518094
773,5.457769718354836,5.489137911056428,-0.0313681927016205,0.11439903499039517,0.10680399153370042,1.612726265633898
774,5.737112744334251,5.7356940574149995,0.0014186869193508755,1.3936114252799214,0.3436810376744956,0.946917072412525
775,5.179490659323289,5.368329790769106,-0.1888391314457749,0.0182174341435406,0.01120404011744924,2.5362697261858353
776,5.464414883210008,5.68102114857864,-0.21660626536868222,1.1689441811052141,0.2465083338652769,1.1588720730662676
777,5.869344516310445,5.948361700788073,-0.07901718447760686,0.4259587477992568,0.19888435840039598,1.2847365585293977
778,5.575494177248753,5.841070049505657,-0.2655758722569317,0.9783760174478111,0.21378448978975131,1.2432262021760507
779,5.774933342794736,5.912205513017103,-0.137272170222559,1.4534695096033445,0.29359571017355135,1.0502662662065587
780,5.373999896325937,5.5238598074368035,-0.14985991111097974,0.016154406404901067,0.011449811361154427,2.5286623649971705
781,5.2243957789156745,5.247038102006318,-0.022642323090622085,0.5781757141546677,0.25699173908611783,1.133530026597364
782,5.628388696797071,5.766340463543305,-0.1379517667462551,0.15685559297695306,0.09032023747183218,1.6937108722311016
783,4.976986402878207,5.236199472537738,-0.25921306965960866,0.031248203800448238,0.015203884095479677,2.427485750382818
784,5.4639931659975325,5.61493589607333,-0.15094273007593983,0.4716408267632026,0.17961138122725717,1.3419525502369567
785,5.910283641798866,5.914702999492821,-0.004419357693905113,1.3051149643619198,0.3362733178832543,0.9615547359740819
786,5.36664326001063,5.626595284771394,-0.259952024760878,0.918347942608996,0.20923053041496537,1.2556840883608424
787,4.987449552773921,4.95488513837164,0.03256441440225899,0.9795366870715903,0.33204244266455496,0.9700081240552955
788,5.47767068236443,5.824766845662094,-0.34709616329769233,0.6351786338198231,0.15016557171751452,1.4389468869380282
789,5.952582827491494,6.089311778617475,-0.13672895112608785,0.49547200196461816,0.18974413904913845,1.3113363902887787
790,5.1552352341362955,5.306498134723672,-0.1512629005871986,0.5422898240659215,0.19320416562832055,1.3011586211224955
791,5.6193885798821945,5.720256300086707,-0.10086772020463286,0.4207499618551793,0.18805400615927653,1.3163577200475511
792,5.3704177424143715,5.645747311242392,-0.2753295688280559,1.2820534396967496,0.23739761066006393,1.1815164797977635
793,5.712677101732776,5.9283982777337165,-0.2157211760006703,1.2115916470979862,0.250261344335122,1.1497148297339819
794,4.977686781133695,5.272931109000833,-0.2952443278670671,-0.208091290895009,,
795,6.004551539919827,6.106748563479751,-0.10219702355993832,0.20630126621385259,0.12232015676767602,1.545107939984075
796,5.0243186569258675,5.374010196587346,-0.349691539661535,1.124790314119526,0.2038183078878642,1.2707480153386184
797,5.1105817170549805,5.367519714878458,-0.2569379978233428,0.07609080759317166,0.03512488779674682,2.106915696157202
798,5.91679975307137,6.221296826097163,-0.3044970730256864,0.5841747969970754,0.15315561813910644,1.4284734954428118
799,5.208626460463744,5.100467108397947,0.10815935206596805,1.2616071289217814,0.38806892638990775,0.8631246681381135
800,5.3615525158924235,5.649161033434769,-0.2876085175423668,1.3914318121559432,0.24175950574195135,1.1706002277653582
801,5.733308833400667,5.735241127891097,-0.0019322944904160977,0.9865453830358781,0.31526477336032876,1.0042362082639364
802,5.759770517004323,5.906399662503507,-0.14662914549899142,1.6980745821151686,0.3039979795613472,1.027897640540209
803,5.423986824606242,5.588035401021248,-0.16404857641509807,1.16091973947227,0.26350616091264445,1.1181424450635007
804,4.979514526766149,5.13637900535716,-0.15686447859116015,1.0593971805162035,0.25729574885342843,1.132805958079334
805,5.601511719641291,5.675385203574113,-0.0738734839328572,1.186567264291721,0.2993639101018042,1.0377984253180956
806,5.749484570753463,6.038226426150988,-0.2887418553975749,1.2654987576637566,0.23221943559306563,1.1946611795131297
807,5.903615836004416,5.984916215155817,-0.0813003791513438,1.624026152841477,0.32296438077369205,0.988384489595228
808,5.800915580654088,6.080133821154494,-0.27921824050054056,1.354374787843497,0.2415818198012348,1.1710421880896662
809,5.635772806319334,5.972277725266405,-0.3365049189471847,1.281178602399173,0.2200647631849283,1.2263559282869576
810,5.170713289490447,5.306508994075418,-0.13579570458500712,-0.3233775421247991,,
811,5.582941287352366,5.67734928307345,-0.09440799572098513,1.4401162210010305,0.308192724576176,1.0190215737000137
812,5.21712915338038,5.36831397735455,-0.15118482397406297,0.20589475102669397,0.10630370892475123,1.6150322600775302
813,5.4681806970173845,5.737468650034426,-0.26928795301705577,-0.5194623069487285,,
814,5.195672047265713,5.324457395487006,-0.1287853482212995,1.0585769465140373,0.26753173379581796,1.108764627239555
815,5.786979219382953,5.841492830134126,-0.05451361075120076,1.2870014614621255,0.3141384383778638,1.0065762790767527
816,5.171288810048178,5.1874663407443045,-0.01617753069626815,0.1641283444009609,0.1441558139886649,1.4604886888111759
817,5.661585850960716,5.793345145005215,-0.1317592940445138,1.3600162235189366,0.2896007334878098,1.058997905749259
818,5.384911791395449,5.523616990452243,-0.13870519905685796,1.6408239129280027,0.30370557399896636,1.0285193914082256
819,5.1523679113728456,5.477824075633425,-0.32545616426045854,0.5767648087006556,0.146719083834425,1.4512182958767132
820,4.92623063718305,5.085969801061861,-0.15973916387883946,0.5530278413765686,0.19204604173758394,1.3045502395235913
821,4.772156830331721,5.1642636218542926,-0.3921067915225649,-0.18219906248343776,,
822,5.508438336455708,5.941967760883788,-0.4335294244281158,0.09547715638228027,0.028463900531990417,2.190832711200906
823,5.731175969071398,5.939909133689699,-0.20873316461825198,0.7546646825000849,0.20595094528000163,1.264777929212124
824,5.543920608451469,5.687562775412207,-0.1436421669604897,0.38323730921328547,0.16231622766745546,1.3973237810420436
825,5.518503758427311,6.023104992616563,-0.5046012341895221,1.0007704690172048,0.1564175193785332,1.4172237524722264
826,5.708829583358817,5.992466450823532,-0.2836368674645655,0.49596408480606513,0.14370588134604467,1.4621289337043686
827,5.499558014373758,5.6240648704406375,-0.12450685606677325,1.0948889298874676,0.27232255245899084,1.0977296641941003
828,5.262951431042335,5.495204273849442,-0.2322528428071564,0.007299585617829507,0.003977866654618561,2.879911617940266
829,4.765130289159412,5.0395332779760516,-0.2744029888165187,0.43579986524988357,0.13466183601898146,1.4959686074354304
830,5.508699552084078,5.644118672585936,-0.13541912050163774,0.9110792061928379,0.25060315552438006,1.1488856015720816
831,5.727631240782227,6.121188153000727,-0.3935569122184006,0.1868524711216537,0.056078646708764696,1.9104239724261556
832,5.217073677102359,5.39495922845845,-0.1778855513562121,0.12840687874917478,0.06866403836945319,1.820623958337181
833,5.620137996326218,5.795462673826787,-0.17532467750061187,0.5662798409064749,0.18885561371187615,1.313972039607681
834,6.034056640512187,6.279651825819503,-0.24559518530736568,1.0922065244014263,0.23071241539939039,1.198525722174087
835,5.053448490406833,5.233744766602381,-0.18029627619557687,-0.080978793472827,,
836,5.198840714985987,5.467645624479953,-0.2688049094940652,1.1633271616915621,0.22984588143680323,1.2007559558278982
837,5.588878408649759,5.849656503949301,-0.26077809529942897,0.8754612259734706,0.2042644538330154,1.2694953335334418
838,5.922199235764662,6.002547386960071,-0.08034815119549421,0.8305790009196379,0.26389697007398,1.1172277226192082
839,5.508358249020045,5.653128596894991,-0.14477034787500997,0.6468966881544809,0.2131697900461464,1.2448965205849087
840,5.269612435355736,5.612447981590844,-0.34283554623516466,0.9835198645364684,0.19255744122152954,1.3030507347285514
841,5.831480988125019,6.006854272676502,-0.17537328455136958,1.0446652825560534,0.24940363182046327,1.151799114582911
842,5.1640355170458285,5.371401521622499,-0.2073660045766701,-0.12200329818505651,,
843,5.720678486307531,5.937543907926962,-0.21686542161910438,0.34622230729174674,0.13000340253367573,1.5140884701999786
844,5.210844369212634,5.29565673050401,-0.0848123612913696,0.7197648706893922,0.24813176778489696,1.1548990517517683
845,5.714392045664123,6.124925393187613,-0.410533347523824,-0.11146379167119491,,
846,5.33257815487185,5.480531483467562,-0.14795332859580412,0.34072597454096254,0.14984602200398658,1.4400755628198376
847,5.600475946933226,5.6866655411613,-0.08618959422801709,0.7793186993713093,0.2552637772895436,1.137656899548578
848,5.378313320431868,5.597595245428327,-0.21928192499626675,0.6578868936571176,0.18897827064134703,1.3136076569771151
849,5.241011117152663,5.415741073919033,-0.17472995676644132,0.50286492401667,0.1774440208662758,1.3486667784022544
850,5.151007624869759,5.269619744814069,-0.11861211994437326,1.706604185908315,0.31387044308942985,1.0071338776645355
851,6.153498517956574,6.111388317667167,0.042110200289698696,1.3973399039388212,0.36176931324914696,0.9119988684064374
852,5.554712007383284,5.789469733488762,-0.23475772610572676,-0.20182687914608266,,
853,5.335816969543782,5.495981518724339,-0.1601645491805357,1.434993007196237,0.2845700248037792,1.0701094970441725
854,5.610320538696794,5.826440374818123,-0.21611983612115182,0.8951269696811579,0.22045468717396866,1.225319969657601
855,5.295199515627825,5.520094582185944,-0.22489506655824698,1.1383671595132547,0.24127103622005414,1.1718157541339347
856,5.496804254916594,5.777151941563741,-0.2803476866472465,0.5973252624398313,0.16163665510669276,1.3995882482326416
857,5.132780480814187,5.243175730848268,-0.11039525003411654,-0.5657073136893658,,
858,5.322790182049072,5.36473872153746,-0.04194853948865784,0.8106151434022202,0.27889973306946625,1.0827943069309933
859,5.183927146539087,5.4088294891858375,-0.22490234264660103,0.8321807813066222,0.2103885546747912,1.2524977307687106
860,5.606761143230994,5.801816205973335,-0.19505506274231266,-0.8859678085222988,,
861,5.1463668884893075,5.194324251234914,-0.047957362745592036,0.47577281607299327,0.22483354989193924,1.2137752762503364
862,5.561992161057912,5.541965009375428,0.02002715168237046,1.0474424125971318,0.33078361233396203,0.9725367079016907
863,5.98761896124223,6.152960806472134,-0.165341845229932,0.9800821543420817,0.2467229755288389,1.158345732430308
864,5.7758785277354825,6.01636126612873,-0.24048273839298417,0.9175332222595394,0.21512242084019625,1.2396025937255126
865,5.603462875542061,5.644716029868842,-0.04125315432679599,1.3656334526368674,0.32436517704934353,0.9855272010186215
866,5.800412201309097,5.933297077752048,-0.1328848764430859,0.3401089033500071,0.1550326389039002,1.4219779958095102
867,5.295678190067189,5.554257616883245,-0.25857942681614077,0.31361509342821137,0.11128895532684785,1.5924262794929995
868,5.295813136221465,5.473399687110803,-0.17758655088914566,0.9385247838399522,0.2381551101823643,1.1796106374677893
869,4.997408673922688,5.094567874777294,-0.09715920085477592,0.6618927812143198,0.2345708057279849,1.188666810942762
870,5.540761913507037,5.464417867398243,0.07634404610848833,1.3462251969578993,0.37550079994960284,0.8862166374873904
871,5.331043334439652,5.427421585238871,-0.0963782507990345,0.9306557485927449,0.2680072300558154,1.1076633570792056
872,5.824488082517643,5.970415216960074,-0.14592713444221772,1.001548288169431,0.2558558742435274,1.1362406210070464
873,5.23441456711306,5.406252643140906,-0.17183807602805246,0.9776917836637651,0.24418308823067678,1.1645947047937748
874,5.288031138859548,5.640044585078254,-0.35201344621850694,1.7405815263447444,0.24557192540946432,1.1611720828433945
875,5.34828044542213,5.526147900324101,-0.17786745490207068,1.2164579421007673,0.2631786776509506,1.1189096688757745
876,5.772275255922647,5.958664015545846,-0.18638875962324164,0.8971356400649739,0.23065035453592825,1.198685252571207
877,5.427829684507412,5.61350225953689,-0.18567257502922985,-0.6796302342436,,
878,5.442134060373871,5.556374875727254,-0.11424081535346886,0.7743719593579428,0.24297547300563446,1.167581854578021
879,5.261612164686891,5.567457880287311,-0.3058457156002987,-0.012872027737415692,,
880,5.242558022976606,5.410072109297904,-0.16751408632148923,0.27243768127375745,0.12389429593266503,1.5386314507084875
881,5.2824366743772195,5.511917434726197,-0.2294807603489062,0.5622795536554079,0.1705620005187866,1.370400229426706
882,5.455567583450499,5.567102910293389,-0.11153532684284073,0.8503131029838862,0.2532056969921309,1.1425976131862738
883,5.690683292456821,5.859064865213671,-0.16838157275674348,1.4706331410836917,0.28403173004922355,1.0713062955090586
884,5.321417306106593,5.69892853695956,-0.37751123085286054,0.9187687567343374,0.17713120704666174,1.3496408721316062
885,5.193450914771471,5.516416155201544,-0.3229652404299941,0.52558588632305,0.13905810093347434,1.4793076809942136
886,5.564801128442138,5.777059840916774,-0.21225871247452233,0.459575757399584,0.15673002215502005,1.4161553612035438
887,5.254740746228787,5.352035362876702,-0.09729461664778682,1.0942775764038792,0.28275832512302823,1.074143601669224
888,5.505265136733794,5.808852707809454,-0.3035875710759228,1.1479783980760807,0.21843313778821544,1.230705212689541
889,5.666003580643643,5.809748300235004,-0.1437447195914956,0.74938454708996,0.2282041825936957,1.2049977186637768
890,5.54684065825894,5.798622622146386,-0.2517819638876517,0.7806497441971842,0.19569335506959057,1.293919132583053
891,5.667145900890443,5.90559429998002,-0.2384483990897479,0.6205564668962396,0.17733281406159523,1.349012926736752
892,5.626262725388084,5.89055769776078,-0.2642949723726815,1.0143678878717317,0.2177302372151284,1.2325860685892003
893,5.733746600764004,5.860854616004207,-0.12710801524031012,1.251177284285852,0.28371896499098936,1.072002375896793
894,5.757938368484371,5.947890103838315,-0.1899517353540432,0.8299825001249488,0.22171583020027397,1.221978307944461
895,5.725360909378548,5.9684879516239455,-0.24312704224553272,0.8148959558345972,0.20257375550897228,1.2742530336973774
896,6.003036730918108,5.985754121729688,0.01728260918844171,2.114906249040029,0.3776647906527898,0.8822071601035024
897,5.452067947052807,5.454926372371208,-0.002858425318436275,1.2600360068211778,0.33427855676225904,0.9655317189267102
898,5.802782905956644,5.88127890790204,-0.07849600194504092,1.9615846182755838,0.3386556940411309,0.956824796971687
899,5.275234101660441,5.5106828380650335,-0.23544873640457809,0.9724215988561795,0.22244452939859422,1.2200536715843548
900,5.60112202627705,5.732470838385449,-0.13134881210839922,0.8297379364105133,0.24301404136226484,1.1674862910327282
901,5.092065974358672,5.274706671045262,-0.1826406966868035,0.6141805573464438,0.1943342304832799,1.2978635406489476
902,5.683477417454821,5.876543682303879,-0.19306626484899425,0.5766639415990582,0.18459915550799033,1.3267265485346467
903,5.411032149807067,5.582616591489664,-0.17158444168262577,0.982982189942426,0.2448000360366579,1.163072629286434
904,5.300911716629013,5.423722772395674,-0.12281105576653317,1.26916623396475,0.286592394933902,1.0656267655757188
905,5.3672788155421465,5.510745752488273,-0.1434669369459698,0.792076750256868,0.23380382440069236,1.1906173828652291
906,5.451523664260446,5.775446353195154,-0.32392268893477194,0.453061273739781,0.12608453200383835,1.529726133869784
907,5.370846817619292,5.602842710373356,-0.23199589275395738,-0.5900836046983855,,
908,5.453789692160978,5.756210838155209,-0.30242114599445813,0.472901268503918,0.13479737924495758,1.4954486982639148
909,5.516851026727306,5.507261555617273,0.009589471110075465,1.3045644787708461,0.34239797333753885,0.9494378384866169
910,5.586942833908449,5.77180215362144,-0.18485931971281389,1.41108111075717,0.2747701111120267,1.0921433198240058
911,5.301105799639014,5.452009766418268,-0.15090396677942408,0.297540055858164,0.13667860959067754,1.4882741487125144
912,5.244181886564217,5.524294488754794,-0.2801126021906839,0.8579740069349882,0.19657124139882287,1.2913820222454433
913,4.7647660134788445,5.167418927252111,-0.4026529137734087,0.7579943608626394,0.15320847065064064,1.4282897716268423
914,5.370633181335176,5.503799683238423,-0.13316650190336077,0.731799881537949,0.22989938310150765,1.2006180834056333
915,5.539536979499541,5.647052824583977,-0.10751584508466294,1.3318273294588998,0.2965514595461997,1.0438572066749146
916,5.092734221657462,5.345937443622621,-0.2532032219651228,-0.02769911305200523,,
917,5.17592909618919,5.390956129207577,-0.2150270330184867,1.0349238021786178,0.23513109416281067,1.1872447499531549
918,5.2040436442511115,5.385511256245177,-0.1814676119940941,0.4762103145258969,0.16990613947092498,1.3725054627738793
919,6.144045284731089,6.199113384583068,-0.05506809985195105,0.5716662573703992,0.2392819569982415,1.1767834322909443
920,5.764813280192026,5.903112835806585,-0.13829955561459428,1.2111572181998582,0.27665406293020933,1.0878664638975117
921,5.328923878984721,5.30904414890912,0.019879730075444968,0.19705609513946243,0.18797349529888513,1.3165977443666057
922,5.463977427780389,5.6402466405232765,-0.17626921274290908,2.016057034745863,0.3090995302303359,1.0171133078856358
923,5.624715858960268,5.674705553951757,-0.049989694991836586,0.9413236157229186,0.28885251998368977,1.0606422369261557
924,5.379915290881524,5.617425927599665,-0.2375106367180706,-0.35676700838135744,,
925,5.168544467977551,5.4922119981442385,-0.32366753016663097,1.4375944435275656,0.2347774530527857,1.1881420423006148
926,5.558741184323832,5.785644324384112,-0.22690314006035806,0.0921235108853864,0.04516790753259658,2.0030874059973347
927,5.875121691960555,5.9494788553517175,-0.07435716339136889,1.8533647804203461,0.3357980573907125,0.9625008879147489
928,5.2885798992239295,5.4304099291161485,-0.14183002989238958,1.1883831631461916,0.2736101233754488,1.0947866341513062
929,5.192890220374135,5.315550284558061,-0.12266006418417419,0.7740576781237998,0.2395729035306784,1.1760549874289186
930,5.463397016363285,5.622803669440909,-0.15940665307743984,1.3177945661877217,0.2770178259466356,1.0870429562612094
931,5.850861191192404,5.916045801925666,-0.06518461073324033,0.9682413601194924,0.28475997039277856,1.0696875539586685
932,5.197843166887775,5.350040470416591,-0.1521973035287374,0.6975638450382426,0.2179003631918377,1.2321304372654203
933,5.281538348867468,5.699929850368324,-0.41839150150121895,0.3970231992381983,0.09710506934899461,1.6590532161876872
934,5.380204661553204,5.481430561853504,-0.10122590030027823,0.38868730268175966,0.1801637693222969,1.3402509590503098
935,5.2695091558426945,5.5437237365591265,-0.2742145807162615,0.08607222544857152,0.03751225157692584,2.080144820995527
936,5.6010066664718,5.652958200927184,-0.051951534455156434,1.3237352304474896,0.31750852913601835,0.9995908993196105
937,5.368806881361149,5.599919688079634,-0.231112806718329,0.678740767414503,0.1883119621733462,1.3155891947448655
938,5.840543332317008,6.0125404318861975,-0.17199709956912557,1.0073799959316752,0.24704777978074177,1.1575498626390892
939,5.722207224315195,5.775521507671787,-0.05331428335648525,0.6478619414289959,0.25229525695441946,1.1447921764512816
940,5.665048606779589,5.608199558209879,0.05684904856980211,0.5052805825479041,0.2962026813805577,1.044611242590308
941,5.412596759830546,5.57268264519195,-0.1600858853612408,1.047731389802479,0.2550762517518481,1.1381059312299457
942,5.483848266137908,5.682171029217233,-0.19832276307943175,0.8249030627559648,0.21825849826602214,1.2311721151264967
943,5.362093756269029,5.577643033600584,-0.21554927733154727,1.2859471375561249,0.25604203205289955,1.1357958076404147
944,5.60816214069008,5.601789905073556,0.006372235616481703,2.4466867833222636,0.3823704087947677,0.8735370720982308
945,5.386891166625116,5.449078141466725,-0.062186974841552,0.27271338178926996,0.1638846192851256,1.3921247678550692
946,5.603485574628291,5.7933381465544365,-0.189852571926167,0.6627536028899605,0.19939848927934042,1.2832671730497616
947,6.0757471749458425,6.056560837333432,0.019186337612381976,1.3830406373707156,0.35083892863252364,0.9329632784037727
948,5.2760687113908595,5.5167710885338686,-0.24070237714295217,1.118598053801076,0.23457339543241595,1.188660232516239
949,5.387123086921417,5.647341505729113,-0.2602184188078809,1.2534227802177575,0.23969980450391978,1.1757374599509
950,5.762450499432031,5.926215233450211,-0.16376473401828662,0.6335257882938841,0.20406679153715412,1.2700500808401503
951,5.138894558665822,5.290885875071734,-0.15199131640588348,1.3701493232479756,0.2831625261910965,1.073242054882898
952,5.324284089257514,5.443707818389594,-0.11942372913199506,1.0028415728387081,0.26596316173409185,1.1124070803409472
953,5.634436410102023,5.6772139024684485,-0.04277749236644013,1.3737684959871146,0.3242258879583586,0.9858109570101293
954,5.84921031686407,6.225672057605951,-0.3764617407418882,0.6887590573579168,0.15054447302623594,1.437610947306737
955,5.101585608516768,5.327287271356045,-0.22570166283935578,0.13470116430297452,0.06268296216589321,1.8614336509350462
956,5.40951753783737,5.618505083976533,-0.20898754613904202,0.8113782997693484,0.21305679559997928,1.24520393756135
957,5.45871490852063,5.368712463663851,0.09000244485696385,1.7954669752735697,0.39728004615138635,0.8464889311100351
958,5.384069743288261,5.5083862188673045,-0.1243164755790076,1.199092605502834,0.2808461111178774,1.0784205704593008
959,5.238335032734209,5.575416466039773,-0.3370814333056842,0.5187799673427378,0.13459314687535365,1.4962322358908
960,5.530601972852661,5.9472953579406,-0.41669338508791043,0.33878744363154567,0.08651283791512802,1.7140865155870784
961,5.7034538566521285,5.782753407113848,-0.0792995504616556,0.782099256092728,0.258586384413937,1.1297386065019102
962,5.621790317230204,5.94157345618434,-0.3197831389543353,1.7017544017351725,0.25204082988627524,1.1454064447424808
963,6.062215960711125,6.229711610037182,-0.16749564932592875,1.7626317150035504,0.3004002082285101,1.0355755397514366
964,5.121272636603305,5.197032340959868,-0.07575970435641466,0.9053414943480185,0.27401418714667813,1.0938650090164561
965,4.978542036308806,5.225460921924505,-0.24691888561551423,0.29187275029222093,0.10842713020229264,1.6053030413190468
966,4.95393589587378,5.017847832202239,-0.06391193632862269,1.526360242964575,0.3244246459864922,0.985406076667597
967,5.752076622102219,6.000165507826967,-0.24808888572488286,0.43738727737529715,0.1418984974506537,1.4687577868574346
968,5.436423301944966,5.705191049215312,-0.26876774727043085,1.082158714409612,0.2227586431823658,1.2192254282911785
969,5.687401467221331,5.895166015928968,-0.20776454870770067,0.15988565772622465,0.07551146675308709,1.7773451657616717
970,5.456822912224322,5.741160494029632,-0.28433758180517543,0.8212408409020178,0.19107125180591794,1.3074166317994964
971,5.542239439443062,5.797421172360377,-0.25518173291720814,0.042879297184970966,0.02077126231267513,2.3121165327092834
972,4.875067306068001,5.208985827925407,-0.333918521857413,-0.10103461616754572,,
973,5.5117355683329485,5.901283279325373,-0.3895477109922467,1.2881219583611205,0.20674629862996047,1.2625629258804418
974,5.44200677239213,5.83736435067804,-0.39535757828593887,-0.5159075518336316,,
975,5.488596113733717,5.555594354109491,-0.0669982403760514,1.0183564080439567,0.2885734682363209,1.0612562371124152
976,5.748230782310326,5.873233690427316,-0.12500290811703962,1.6979225254802728,0.31126199970771684,1.0125775246320907
977,5.4240248447682795,5.637079160990975,-0.2130543162224967,0.4210487269520655,0.1484168500217521,1.4451461085416446
978,5.678336981718655,5.98015068470124,-0.3018137029828267,0.0799242025405924,0.03272246901019489,2.135472072835034
979,5.498865734994194,5.7495113726185245,-0.25064563762430225,1.0364283605413895,0.2239994056483773,1.2159619798667174
980,5.854152128458406,6.031414625804377,-0.17726249734596422,0.7573689922879758,0.2170252919344491,1.234476785491356
981,5.8848125911164395,5.767665218177175,0.11714737293937105,2.0078889192613616,0.4137653160688649,0.8172854564331775
982,5.307078551881329,5.49958224230944,-0.19250369042811144,0.744804399448352,0.2100830724274112,1.2533370440142442
983,5.620453874600013,5.602383501577261,0.01807037302273784,1.456978546558581,0.3539829420671388,0.9268913629326262
984,5.14533514327594,5.470602903876259,-0.3252677606001271,0.5822917553892992,0.14762469406764106,1.44797267024634
985,4.933664969419976,5.197424974507673,-0.2637600050877609,0.4476955539497993,0.13977460251653848,1.4766309057769385
986,5.9652126595586985,6.033763013743862,-0.06855035418516309,0.6269279096317959,0.24191736895960197,1.1702077644556754
987,5.2045484424869635,5.398222574939442,-0.19367413245254284,0.716249586603471,0.2058010369236752,1.2651961090512398
988,5.491243186649523,5.825269587258585,-0.3340264006092184,0.8672270890058726,0.18270306282455054,1.3324783142771677
989,5.6822475803454715,5.884391849280593,-0.20214426893517157,1.0649233997613408,0.2421705594769884,1.1695786843118294
990,5.264157112853706,5.414560319506844,-0.15040320665298168,0.6729707041245874,0.2149917233803524,1.2399558531839685
991,5.269312310668408,5.488184126594138,-0.21887181592569505,0.894902406174694,0.2195339675361881,1.227768276669065
992,5.549546771111078,5.661426504128254,-0.11187973301707643,0.5696784961102672,0.21347716602136657,1.2440608565893367
993,5.3914013175045845,5.683165132540328,-0.2917638150356652,0.67790113335219,0.17046574489894567,1.3707088178913955
994,5.382867140995483,5.6698424225726605,-0.28697528157704255,1.0850096255432895,0.21765754662059184,1.2327808265566962
995,5.6847261320625755,5.887721932127366,-0.20299580006485485,0.8051210098323978,0.2142790732371297,1.241884788553298
996,5.85844622295134,6.085311462790568,-0.22686523983929874,0.8320807567264552,0.20974860382716076,1.2542570110420448
997,5.193185879754889,5.332706733174167,-0.13952085341929887,0.36629603728487936,0.1595454265124429,1.4066020444625795
998,5.914259790213816,6.0491909341617465,-0.13493114394782424,0.8511082858093317,0.24413423308756282,1.1647153509190493
999,5.749210916095205,5.946763367814146,-0.1975524517190479,0.3922294444695069,0.14662392972287178,1.4515602082657568
