,logR,logI,logS,d_G,p,sigma
labels,$\ln\mathcal{R}$,$\log\mathcal{I}$,$\ln\mathcal{S}$,$d_\mathrm{G}$,$p$,$\sigma$
samples,,,,,,
0,7.1421272855421405,7.5108729588481635,-0.3687456733059662,2.2705569968830694,0.26625585573701765,1.1117262826369185
1,6.997780862548846,7.565630707529659,-0.5678498449806284,1.7838215667144688,0.1975153065312332,1.288662897611976
2,6.826582151705064,7.4387677610473615,-0.6121856093423048,2.337133243893758,0.21438931585938834,1.241586091937255
3,6.443283217767951,6.953500936526086,-0.5102177187582129,2.491506678747074,0.241864653520504,1.170338800116298
4,6.968674664634658,7.581530435971156,-0.6128557713373084,2.1801770965121516,0.2075847887323469,1.2602344776277046
5,7.205858260573062,7.723319312642455,-0.5174610520689384,2.447879417153958,0.2386086403622958,1.1784716190438367
6,6.948584192856127,7.467638566654631,-0.5190543737980988,1.543535964482599,0.1939980925570309,1.298842189578332
7,7.480241654677978,8.041823343054777,-0.5615816883773732,2.2145132209325293,0.21959348377498566,1.2276097931302925
8,7.098571533412563,7.51851540766422,-0.4199438742516577,2.479716093794762,0.2619475805731188,1.1217997781776823
9,7.381558089603298,7.558570495795361,-0.17701240619317105,3.0249826119939662,0.34080223201884713,0.9525813466301715
10,6.9212800451940195,7.134621182618363,-0.21334113742523186,2.725007745335768,0.3229087133664953,0.988498204482576
11,7.3268535581071985,7.5939167312120786,-0.26706317310527083,3.1563823159223663,0.32043187980354143,0.9935707715035116
12,6.533748743737145,6.983740093233943,-0.4499913494964858,2.683083948057087,0.2622595398036247,1.1210665404138975
13,7.0702492956987255,7.513922150463126,-0.44367285476437246,1.942131290213588,0.23324635874835636,1.1920379664237128
14,7.026996639597949,7.438187076205845,-0.41119043660637544,2.735031361103964,0.2729900948339493,1.0962026622385688
15,7.139982568828439,7.812083233700089,-0.6721006648722323,2.003528512229675,0.18801927746044675,1.3164612462471321
16,7.026981191764047,7.49874085036453,-0.4717596585996944,2.2151001104954116,0.23928872767532455,1.1767664734024448
17,6.91654534922129,7.266141350751798,-0.34959600152978965,1.6994340818836609,0.2439202081174295,1.1652440782768292
18,6.772262277684443,7.2336693288064735,-0.46140705112156866,2.0649697931440283,0.2349714436228233,1.187649712309171
19,6.769969355392116,7.19183452219121,-0.42186516679885244,2.1855030263250033,0.24967958823817177,1.151127980834718
20,7.201364578426204,7.661852264934818,-0.4604876865087135,3.1000258679372106,0.27309672891309905,1.095958973662048
21,6.565179865915364,7.035363398378389,-0.4701835324631247,1.8584045759561523,0.2228213706820374,1.2190601309609899
22,6.97740259137647,7.428525098579132,-0.45112250720285374,2.572519879363208,0.258101460909497,1.1308898381120054
23,7.263093728596526,7.6127319113126175,-0.34963818271626224,2.8331842562986314,0.2908715580864512,1.0562115872386244
24,6.8424096621245765,7.372031761471663,-0.5296220993468523,1.7820423006668111,0.2055121292534854,1.2660026618769196
25,7.019752964030725,7.348254552677562,-0.32850158864766854,3.0294167881625125,0.3017882057273555,1.0326062423111917
26,7.304512456738688,7.660206185732544,-0.35569372899408336,2.8714715831763282,0.29056672980507475,1.0568791837942857
27,7.538744760113171,7.929458411064917,-0.3907136509515112,1.938736152862134,0.24594479251080553,1.1602555098951266
28,6.7385878028824875,7.162806044409765,-0.4242182415282514,2.11466818089594,0.24599903123601755,1.1601222627525158
29,7.426107001825424,7.94883302560419,-0.5227260237788869,2.4421214548295307,0.23724179678860904,1.1819090345538867
30,7.5804194659338675,8.040783458749562,-0.46036399281638296,2.7575837178644473,0.26243594373300444,1.120652182294131
31,6.486701579576969,7.062095780086021,-0.5753942005085264,1.8052351433930856,0.19709904410279555,1.2898606537197406
32,6.9392866461401566,7.366508072158925,-0.42722142601905944,2.31062040861924,0.25364193156776765,1.141548042355683
33,6.6749262523988575,7.254646436024333,-0.5797201836257955,1.8319420221287182,0.19761594746558078,1.2883735901341324
34,7.027449486941644,7.513532593323776,-0.4860831063824662,2.0909764233653547,0.23052596495248473,1.199005093785667
35,7.394515117889408,7.766945078575264,-0.37242996068653156,3.221858732584394,0.2965239014799506,1.0439167638424494
36,7.465194518732299,7.864828915286263,-0.3996343965545748,2.677190647439069,0.2737814857364219,1.0943956618853148
37,7.1559633508648615,7.607542596502124,-0.4515792456377312,2.6683149358861513,0.2613874663687753,1.123117802146838
38,7.156105051761027,7.483526670403871,-0.32742161864280206,2.8254570509795567,0.2961138231549682,1.0448034433016167
39,7.595163733826506,7.869986371372671,-0.274822637547004,2.934045782935721,0.31256751993818693,1.0098492505398142
40,6.716986431377175,7.147392390224442,-0.4304059588475866,2.50455164183205,0.26041087636516097,1.1254205278478957
41,7.248336762778147,7.6366119685538605,-0.3882752057761536,2.573698735384843,0.27292623512429387,1.0963486306356092
42,6.5678002540924565,7.184924629312749,-0.6171243752205555,2.044827247411444,0.20059004327489993,1.2798723219992334
43,7.68275916713885,7.884701919243159,-0.2019427521045145,2.8312947993075213,0.32901982505139143,0.9760900835483757
44,6.912750148844519,7.3509219729661295,-0.4381718241220369,2.3255064759122313,0.25166433217585643,1.1463162243738594
45,7.208232925431569,7.824817518549653,-0.6165845931182048,2.0940317535086397,0.20297509094699137,1.2731210484343738
46,7.022092383389302,7.366973850521862,-0.3448814671319269,3.050919913687771,0.29840952967031253,1.0398501410234036
47,6.790903258569254,7.313549258199255,-0.522645999629276,2.195175505503016,0.2270773249887218,1.207921847705723
48,7.114079090230756,7.519947283339557,-0.40586819310919964,2.4743680286357623,0.2650958104639258,1.114427548287767
49,7.30072407591508,7.7688097218519685,-0.46808564593720803,2.9131679942385134,0.26575481290531666,1.1128920079357723
50,7.3909220447020045,7.842972458492805,-0.4520504137908574,2.405292795772315,0.25160612824902706,1.1464569546724122
51,6.9637644793873035,7.4012982922711315,-0.4375338128838848,2.066319135686525,0.2406266096002219,1.1734220238154494
52,7.165459559938266,7.533442569746003,-0.36798300980717613,2.5413526978589918,0.2767267055405192,1.087701952432691
53,6.803007603362697,7.405862891483156,-0.6028552881198266,1.7364201010922837,0.1878286097449705,1.31702987796717
54,6.990877090080015,7.426697303780119,-0.4358202137009357,2.1204504803062996,0.24349348434553414,1.1662992301704624
55,6.9466527582351985,7.5108609750901705,-0.5642082168560592,2.278173079085093,0.2217623626836865,1.221855271290652
56,7.127270405076,7.573206261310953,-0.4459358562344278,2.254480652954454,0.2469234432261834,1.157854438602303
57,6.951824330453586,7.32796590379711,-0.37614157334246556,2.5422493658151097,0.27475813367982543,1.0921705743331442
58,7.277828826683456,7.605223651259595,-0.3273948245760039,2.376877005897601,0.2809295519725951,1.0782335301745236
59,7.048690352579636,7.524280021645597,-0.4755896690658119,2.507858760643362,0.2501645372283204,1.1499498258418808
60,6.757934517647139,7.164609213679877,-0.4066746960324963,2.289002634429,0.25767807399207926,1.131896205907075
61,6.825241992805625,7.281416929248965,-0.4561749364438583,1.7161853620269039,0.21839187164151455,1.2308155143918935
62,7.3481496332049785,7.661857875683604,-0.313708242478242,2.1341604339153157,0.27477665655526456,1.0921284260860402
63,6.878162478404941,7.240693745915418,-0.3625312675103487,2.7180264397189013,0.2840743623668872,1.0712114545154812
64,7.091819116733698,7.639746087106427,-0.5479269703728278,2.3527361672699207,0.2282797199826258,1.2048020718658823
65,7.32340612453829,7.736413204840669,-0.41300708030212263,1.8902686466980327,0.23802266070043976,1.17994356660305
66,7.567871006371045,8.016863462068041,-0.4489924556964979,2.9911702074080306,0.27242597092858106,1.097492927104407
67,6.728683514246607,7.222197693809245,-0.49351417956222576,2.5943081603449567,0.24935190148340075,1.1519249819664852
68,7.118672900101795,7.5275911597854686,-0.4089182596835599,2.773243441737698,0.2747782792346949,1.092124733820127
69,7.148291616991467,7.504398368425664,-0.3561067514337992,2.440081916188852,0.27600013612119595,1.0893487191293247
70,7.259622515815702,7.575145933747808,-0.3155234179312174,2.1290534325336434,0.2740755430533021,1.0937251441619702
71,7.27889109901282,7.600361821069131,-0.3214707220568016,2.8089320918843494,0.29709480587971293,1.042683707980544
72,7.352613501944528,7.7058148124231876,-0.3532013104777434,2.3492460015214682,0.27328749378408773,1.0955231850742793
73,7.225150998481534,7.57693079396365,-0.35177979548279836,2.5800792449037484,0.2820915867694954,1.075632633286309
74,6.826373214508588,7.213701109830612,-0.3873278953215049,2.519368500898338,0.2712139105705014,1.1002713513549514
75,7.111835030113819,7.717491655348755,-0.6056566252345874,2.5817842839282896,0.22524008230887013,1.2127116547690306
76,7.561015866845831,7.903316474612875,-0.34230060776735627,2.468833755673918,0.2805275303959004,1.0791350454653608
77,6.989275733966518,7.370278230882607,-0.38100249691706267,2.0427739758852823,0.2533232099326487,1.1423147557879068
78,6.863457728037996,7.221505168551995,-0.3580474405143832,2.8420070426546094,0.28909472891175,1.0601096263119933
79,6.68180262838889,7.1792379572174765,-0.49743532882803265,2.383875662907281,0.2404917064092802,1.1737586610562738
80,7.137178191573024,7.637094494802223,-0.4999163032298384,2.2011618644988555,0.23234095109679848,1.1943503466912728
81,7.3027513950599525,7.80223643455886,-0.49948503949872247,2.872038523187477,0.2575430337851505,1.1322174304002555
82,6.75950400217955,7.267601041952747,-0.5080970397721103,2.019252607920409,0.22225204063736326,1.220561632495985
83,7.122100566619177,7.707782405022068,-0.5856818384027065,2.1256222445644912,0.210656783041099,1.2517614994529296
84,6.870210724689808,7.379617784736207,-0.5094070600471241,2.80356244037333,0.2531450541083008,1.1427436183103044
85,6.883531477102973,7.517303694378671,-0.6337722172756912,3.386190972845748,0.24543556261113034,1.1615075303204505
86,7.174737927854788,7.686427532785674,-0.5116896049294155,1.6649873997854368,0.20288078456267428,1.2733868973284765
87,6.85784858903737,7.282227346703624,-0.4243787576660907,2.2089729257417314,0.2500864109018338,1.150139521277327
88,6.822764685454625,7.362561343561683,-0.5397966581067521,1.3937114554075318,0.1798601460674282,1.3411857676743673
89,7.2454564607795175,7.600035597038445,-0.3545791362594173,2.7581990338906266,0.28731417238721485,1.0640320685619455
90,6.9642898613818245,7.350013095866461,-0.38572323448534007,2.4935459893893555,0.2706636601447421,1.1015355061256675
91,7.1166799266828304,7.46503381920652,-0.3483538925238463,2.5231370939666515,0.2809529115263536,1.0781811743624332
92,6.710609096156825,7.103295458089856,-0.39268636193264683,2.4436301617514875,0.26712076991445244,1.1097175220835953
93,6.970696602976953,7.543767574515971,-0.5730709715389821,2.3961667259371264,0.22475512443397005,1.2139806208994102
94,6.697654848758087,7.070191942655003,-0.3725370938964261,2.367247733581328,0.26914638279591635,1.1050304783675076
95,7.187611238581506,7.628842412444352,-0.44123117386243393,2.2318169223184086,0.24706945725928234,1.1574967722808596
96,7.068441003202518,7.425733206324703,-0.35729220312168763,2.4746025313603948,0.27697334819240566,1.0871436079986188
97,6.796596595252434,7.329653059957383,-0.5330564647056235,2.474353971334148,0.23626266670201662,1.184380017356523
98,7.026904456095347,7.533894522024833,-0.5069900659291307,2.0288761154140023,0.22295422339992804,1.2187101520233223
99,7.321075273642076,7.735167300725872,-0.4140920270838251,2.3941227566301926,0.26007920920295236,1.1262039329056928
100,7.038696436463236,7.432860749938544,-0.3941643134749029,2.647740671846373,0.2740835529864624,1.0937068865674733
101,7.063424226368464,7.507800229005087,-0.44437600263609056,2.918467283272072,0.2712356059054253,1.1002215441459569
102,6.9815035114423365,7.375352868020481,-0.3938493565774479,2.77226730061491,0.27830043826942197,1.0841451690938293
103,6.6125158279517775,7.191344375256324,-0.5788285473045107,2.2241484918229393,0.21641882019443148,1.2361069275000138
104,7.237740856127696,7.569827287348413,-0.3320864312208869,3.1551578475817443,0.30433704213798296,1.0271771785944148
105,6.6211322605411835,7.068787758085153,-0.4476554975435647,2.9421470237899356,0.2712288007892992,1.1002371667426272
106,7.046765361804158,7.50802620832562,-0.46126084652132704,3.1492326407730946,0.27434653983305396,1.0931076448258539
107,7.102680393186186,7.707598056976269,-0.6049176637898199,2.4872437823276385,0.22181810180160383,1.2217079156955044
108,7.164307439640491,7.573081046309755,-0.40877360667036555,2.093733871964327,0.24878754579968332,1.1532993281778983
109,7.348019400731412,7.8054821351007275,-0.4574627343699831,2.993116419636296,0.2705898004157828,1.101705326772776
110,6.71199178524041,7.157095468126296,-0.4451036828850192,2.1692184287914795,0.243465203308959,1.166369206049753
111,6.513918624352139,7.061819871316362,-0.547901246964102,1.7989340796552185,0.20250717782234978,1.2744409771215963
112,7.102655974292996,7.533035227126073,-0.43037925283351797,2.5422528820200885,0.26180138381096824,1.122143610805988
113,7.12871638704912,7.665182410497539,-0.5364660234481562,2.6332184119161166,0.24144067613506123,1.1713934194678355
114,7.215070646769912,7.6807888827880815,-0.4657182360178922,2.4241982991969664,0.2492088084493647,1.1522732430853293
115,6.9094658419106265,7.542421733001755,-0.6329558910902051,1.048485862819927,0.136263402492199,1.4898510584894242
116,6.564296098670478,7.104636902641135,-0.5403408039719579,2.8657233481937325,0.24859717942004045,1.1537634092160767
117,7.465929174864708,7.836789655653734,-0.3708604807879965,3.2125086980619386,0.29664239505523277,1.0436607074874862
118,7.682504524584895,8.067146270871515,-0.38464174628643377,2.939476309276685,0.28568767648262194,1.06762948831221
119,7.304985768434402,7.89281886208975,-0.5878330936557177,2.0656844229721436,0.2074695081657843,1.2605542013202407
120,7.635036728827639,8.076625409746544,-0.44158868091926706,2.406043813361398,0.2540603129141058,1.140542606026877
121,7.11574312907653,7.646577791417481,-0.5308346623405669,2.5535270154996255,0.2397316580740337,1.1756577755962123
122,6.8826870594419445,7.389686839841683,-0.5069997803993829,1.7736981449344267,0.21000788999188777,1.2535437433794123
123,7.011391186794593,7.474013428056575,-0.46262224126166984,2.451854959424148,0.2509813877808791,1.1479689363009289
124,6.926533329000288,7.342687408165314,-0.4161540791646985,3.100465384580536,0.283076159139847,1.0734346182340677
125,7.1043603511305475,7.474695483107804,-0.37033513197729917,2.97722441262885,0.2901995050874482,1.0576840592349392
126,7.004936585799281,7.49715339976733,-0.4922168139673886,2.076946179889772,0.22849870024686308,1.2042351590646285
127,7.328477912731453,7.733684966100493,-0.40520705336803076,3.1051862318645185,0.28572050563861184,1.0675567414404863
128,6.929629929281712,7.258937676510658,-0.32930774722808565,2.3407462772996794,0.27905952072980433,1.0824344652653117
129,6.966168392560415,7.319305342418214,-0.35313694985779875,2.068455921008491,0.2615736820223832,1.1226793952742022
130,6.893466628839472,7.270291870308827,-0.3768252414693052,2.385918879148928,0.26880612778572727,1.1058160935115795
131,7.023118014152554,7.525379728890118,-0.5022617147369601,2.1506547521887285,0.22959770473616362,1.2013957995562683
132,6.728756659964186,7.29525690056911,-0.5665002406049098,1.5675844855626266,0.1854654294211745,1.3241132689428923
133,6.995762273541753,7.480939316296353,-0.4851770427540032,2.991433500225524,0.26442079562134324,1.116003128122211
134,7.229843104263476,7.495478608020558,-0.26563550375703926,2.20224915204456,0.2906390187868322,1.0567208229588962
135,7.540358804053379,7.960392786520731,-0.4200339824674302,2.9886429384133866,0.27892096852106174,1.0827464766351305
136,7.5596491628492215,7.956227274982015,-0.39657811213328387,2.1555728636715124,0.2545136457902341,1.139454475536886
137,6.922245253071945,7.369665863793389,-0.44742061072065553,2.3052360847856797,0.24867984839160096,1.1535618457257981
138,7.547582039639404,7.978767935454246,-0.4311858958153607,2.1542878270998678,0.2460954443644957,1.1598854574702921
139,7.023560084669792,7.346065190221306,-0.3225051055505901,2.476360348510692,0.2858427723535757,1.0672858575409063
140,6.595977909255292,7.023552098517871,-0.42757418926339597,1.5031581449852975,0.2123619518082575,1.247096948242148
141,6.9108570585374975,7.446123267778918,-0.5352662092409446,1.794491271063082,0.20496576187922222,1.2675302288018966
142,7.167211837711714,7.729442483174689,-0.5622306454633872,2.439427499795695,0.2287254774007046,1.2036484687391988
143,7.290127390873589,7.587766563269166,-0.29763917239506554,2.8063940828423917,0.303036925017795,1.0299426564388472
144,7.223070929212393,7.609249783106502,-0.3861788538943074,3.051348241168615,0.2886043750457771,1.0611882128672345
145,7.252347774688881,7.612845032379883,-0.36049725769044016,2.76442219280462,0.2860671205769519,1.0667890139802358
146,7.271057482530362,7.722466689608463,-0.45140920707854093,2.7571857470602072,0.26444746418227366,1.1159408273725662
147,6.883792230762832,7.416175344653541,-0.5323831138912283,2.5153682222319116,0.23797027467780416,1.1800752818385114
148,6.719890640440847,7.200991989924108,-0.4811013494827421,3.0631062271697083,0.267478128208419,1.108888864488289
149,7.343034902553721,7.813826370799258,-0.47079146824489726,2.2771176267226707,0.24213470213800078,1.16966774774482
150,7.127828310806602,7.601559969936434,-0.4737316591299532,2.9630819249059783,0.2660608214716145,1.1121798693388982
151,7.144447030551258,7.589491849044808,-0.4450448184943525,2.2851540862552415,0.24840797356515795,1.1542249074421165
152,6.84688380434802,7.221267060192861,-0.3743832558457143,2.1602724916766487,0.2602253942673625,1.1258585554421325
153,6.81918751219366,7.1860068210976165,-0.36681930890335934,2.9037856114263807,0.2888591559784884,1.060627640551629
154,6.787281199604716,7.283017355163355,-0.4957361555589159,2.6742677029712905,0.25170998812132145,1.146205849515721
155,7.305444655198538,7.674335705502545,-0.368891050304228,2.54889906792906,0.2767709005982474,1.0876018796583689
156,7.135629584755246,7.697006907013171,-0.5613773222585223,1.6874897067324746,0.19354744142686228,1.3001561930881025
157,7.062301924805818,7.5633905826453,-0.5010886578402278,2.4047523875168384,0.2405105065976056,1.173711739114877
158,6.739761216680402,7.233702841491836,-0.4939416248107591,2.071540035392239,0.22786151992626527,1.2058858172453142
159,7.062281226690014,7.527740275943375,-0.4654590492527859,1.638819929043807,0.21177450313533897,1.2487008684036558
160,6.976829539525009,7.321324771243499,-0.34449523171861074,2.9870186130143797,0.29669368453826356,1.0435498957073732
161,7.152869330340603,7.726781115075066,-0.5739117847342641,3.0259731080393735,0.24674838066076607,1.1582834556343453
162,6.700810632092565,7.1038849305811835,-0.40307429848871834,2.3882125841931625,0.26249276294185314,1.1205187596715254
163,6.80600872715497,7.409349853475059,-0.6033411263197195,2.6586549984183367,0.22850972236091935,1.2042066344050892
164,7.036731860391977,7.296524945449096,-0.25979308505793597,2.7992252188532785,0.3126146450570345,1.0097509090884056
165,6.659017172760126,7.176870350308415,-0.5178531775482043,1.1938110303808322,0.1699157918202405,1.3724744357978318
166,7.313808470913339,7.766534088453578,-0.45272561753972695,2.7557879474680522,0.2641022413553218,1.116747641773014
167,6.8167627509408915,7.371638414201452,-0.5548756632606455,2.468920785352612,0.2314169901295889,1.196716714033057
168,6.614048997068333,6.981038091132954,-0.3669890940655023,2.0473189273395462,0.2570703129026711,1.1333428282116063
169,6.969424190996345,7.509920306915059,-0.540496115919268,2.2277858568553484,0.22463690613749956,1.2142902535715125
170,7.017290254468956,7.483668579625241,-0.4663783251562563,2.032359895002335,0.23229866759906687,1.1944584934516629
171,7.361716670505142,8.070665483620704,-0.7089488131159669,1.6054371203987667,0.16066749568125083,1.4028301443556264
172,6.4216739066440125,7.119314620524132,-0.6976407138799914,1.7177599690801717,0.16888452436605159,1.3757968907011733
173,7.4494407614409495,8.040737763213112,-0.5912970017734551,1.8918659167267329,0.1983344796939749,1.2863111872952653
174,7.334801251801603,7.810721672229785,-0.4759204204283378,2.6455723943456135,0.2550957227623336,1.1380592970340946
175,6.583544727975844,6.989308249066322,-0.40576352109110303,2.333376034128115,0.25968768374553197,1.1271296150244783
176,6.993884192845893,7.514393205276245,-0.5205090124300114,2.2244528215845403,0.22881233196869,1.2034238788329967
177,6.820523618114588,7.241633422083896,-0.4211098039695571,2.695728677865958,0.2693530550916986,1.1045536252488721
178,6.999511051272587,7.409973418099585,-0.41046236682723247,2.9342770780842926,0.279487823569858,1.0814706183186569
179,6.998338154337783,7.443414289453773,-0.4450761351154142,2.737371452450203,0.2652260500988282,1.1141238688609214
180,7.033694483283237,7.33968474836175,-0.3059902650793447,2.3433318913785275,0.28523861735949685,1.0686251364112567
181,7.111503864102654,7.598324271462391,-0.4868204073591187,2.5155468510096863,0.24793700105821845,1.15537474087724
182,7.221056940160291,7.616421656316365,-0.39536471615610935,2.326979066072555,0.26195335460007385,1.1217862012635773
183,7.299266876238856,7.5872233242097336,-0.28795644797173736,2.597823308168344,0.29897366957814664,1.0386368313839904
184,7.239452845440449,7.440158483513737,-0.20070563807348663,2.361220025292866,0.31492430725347836,1.0049429795114475
185,6.7496630713320185,7.026772087999883,-0.2771090166670547,2.8864293343272305,0.3106373378254337,1.013885611537206
186,6.874346949698359,7.56698533188074,-0.6926383821828495,1.785040079592914,0.17335644548181225,1.3614977456257613
187,7.1295218847079225,7.587927693387154,-0.4584058086793448,2.3621499750650337,0.24843930982428977,1.1541484571565928
188,6.9184453734231495,7.272182960336219,-0.35373758691275725,2.882594063852121,0.29137812615841735,1.0551032055110108
189,7.399559943687403,7.679989345972561,-0.28042940228442603,3.232179902626564,0.31897113989354264,0.9965743943452484
190,6.749704616820803,7.238579751504903,-0.4888751346843492,1.713482434710036,0.2107274632668157,1.2515676097857598
191,6.69931408789382,7.398709851749639,-0.699395763856046,2.6435256478656886,0.20938096161082348,1.2552694494212722
192,6.756671004520125,7.312963179850764,-0.5562921753298724,1.8448321303701132,0.20315515488299493,1.2726136994952608
193,6.923130972800048,7.2469497101329905,-0.3238187373326582,2.795460957521307,0.29609443252172213,1.0448453904523807
194,7.019841548994758,7.44475695443771,-0.4249154054432438,1.7843460439792267,0.22958799875630906,1.2014208332958796
195,6.41801342473975,6.918110387245885,-0.5000969625061771,2.031424078606035,0.22460706503756747,1.2143684306009896
196,6.992262485365084,7.3568393803722385,-0.3645768950073034,2.0870222415508746,0.25948159915967123,1.1276172482189801
197,7.216805352057075,7.624262999413456,-0.4074576473558409,2.50487742325069,0.26584445092792613,1.1126833452200044
198,7.026600316694224,7.414987194662696,-0.38838687796851445,2.1812858254620906,0.2576431259366305,1.1319793267705505
199,7.149420501921507,7.6008787009010375,-0.45145819897970796,2.8853352873546623,0.26859768127706285,1.1062977131845557
200,6.86883735268368,7.4063978345951,-0.5375604819109867,2.7273717717577917,0.2445282799838982,1.163742747992578
201,7.309172681772746,7.646049310887721,-0.3368766291141583,2.900130634191223,0.2960194697330126,1.0450075724048284
202,6.914560802088839,7.314513747206266,-0.39995294511663815,2.6991152269688126,0.2744440157965309,1.092885635808605
203,6.95547082633477,7.431657333570985,-0.47618650723507017,2.361995567092354,0.24437822123262895,1.1641129994134534
204,6.887094026244834,7.354302112357007,-0.4672080861118957,2.331887997960763,0.2452048941611109,1.1620752639640446
205,7.378346060851821,7.922092390993025,-0.5437463301404932,3.0346475721070814,0.25324178080400955,1.142510748574414
206,7.106439034609887,7.707309826754577,-0.600870792144633,2.3557325477420665,0.2174279680222409,1.2333962376296117
207,7.442855784013612,7.89446689964092,-0.4516111156281113,2.1536181380283015,0.2412578759828042,1.1718485265303715
208,6.718296902580572,7.426982399929517,-0.708685497348597,1.5688118502663198,0.15861499682346752,1.4097449839444771
209,6.790873261032924,7.080268441911488,-0.2893951808782731,3.3048574521427945,0.3185302290626056,0.9974827781768798
210,7.123284775496198,7.5437495325585955,-0.42046475706138153,2.565707561046768,0.2649722461668552,1.1147157578843574
211,6.7161350416370835,7.261226354832156,-0.5450913131962807,2.518090335051019,0.2353637280960721,1.1866550095346553
212,7.231737452060609,7.5278730635704845,-0.29613561151018075,3.1446457717315894,0.31285730740368456,1.0092446719542527
213,6.619140566587542,7.116831747861812,-0.4976911812755134,1.8299226015934025,0.21508793667389306,1.239695785240804
214,7.090286116371156,7.602443412247733,-0.512157295876932,2.0092316952188725,0.22087687037234355,1.2241997847529378
215,7.12628800870409,7.556150303972596,-0.42986229526923125,2.6042344786859353,0.26414627150597925,1.1166446992130319
216,6.989137776887968,7.461881599100482,-0.4727438222125784,2.761541242116339,0.2597931314658507,1.1268802103747677
217,7.203161641561404,7.532890571926425,-0.32972893036549067,3.26041632688303,0.3076371300884585,1.0201925924106463
218,7.025299950990141,7.4426322072156195,-0.417332256224654,2.157151266823888,0.2495354036455623,1.1514785771079825
219,6.803010008915247,7.09389106833716,-0.2908810594217357,2.9579580246309565,0.3091470305230572,1.0170134511829456
220,6.987244020518868,7.522766751179826,-0.5355227306599772,2.288791605169319,0.22829188481957421,1.2047705684505237
221,7.013839532581026,7.512006733026413,-0.49816720044509566,2.5369518452851523,0.2462198592525396,1.1595799717034232
222,6.752717938661429,7.275156883286608,-0.5224389446248097,2.203724652932639,0.22749492114453057,1.2068370067160796
223,6.505856630855145,6.975559883078954,-0.46970325222355314,2.261438117217965,0.24172698576245655,1.1706810979966769
224,6.793046957164573,7.1580045234205825,-0.3649575662557254,2.626858825453935,0.28044260857903297,1.0793255910440136
225,6.600581480438289,7.035015708032456,-0.434434227593556,1.9729657704452457,0.236948882125671,1.1826474920924073
226,6.699409474115622,7.2020961447507785,-0.5026866706348301,2.1249938061072164,0.22835290994513877,1.2046125490360489
227,6.967683224532105,7.507257500064273,-0.539574275531777,2.440907727583065,0.23357171539464908,1.1912085716038907
228,7.124693830319141,7.489494834401564,-0.36480100408243743,2.5915088624681974,0.27926744986986635,1.0819664187894777
229,6.604921110639064,7.181116374066629,-0.5761952634284171,2.346089493972025,0.22208430798931594,1.2210045211265175
230,7.099175335962012,7.565337302596947,-0.4661619666348997,2.525878331468208,0.25296596506086655,1.143174939253419
231,7.388483916938479,7.579979308300376,-0.19149539136196836,3.0711458691476086,0.33800264241051753,0.9581192245825729
232,7.152907399445051,7.6010790309800695,-0.4481716315349331,3.1005174453836943,0.2758478087508663,1.0896943432721509
233,7.001133811419844,7.535562929832106,-0.5344291184128451,1.9497569162028174,0.21313072849968207,1.2450027796034624
234,7.1045004807809375,7.687327644498256,-0.5828271637174112,2.037040326412839,0.20715533305823966,1.2614262018016416
235,7.490436537565823,8.204069225138543,-0.713632687572499,2.225160514761802,0.19030056403386167,1.3096904841274184
236,7.166856400154596,7.453693725239584,-0.286837325084889,2.5353971673643763,0.2971793252051793,1.0425012953855488
237,7.350854178547546,7.75977981749904,-0.40892563895067724,2.567996201325384,0.2677803773613535,1.108188590206139
238,6.7057436352295765,7.313673321671746,-0.6079296864427306,1.7346140754787278,0.1867216594391468,1.3203396009612207
239,7.475198195986034,7.893498763617653,-0.4183005676313769,2.4660548135614224,0.26182486252491083,1.1220883834876034
240,7.194763530241128,7.646245526562008,-0.45148199632058095,2.3144135327123205,0.24811159710779274,1.154948303537451
241,7.269283526970706,7.694601852156327,-0.42531832518488955,1.9386973800000984,0.23745715644975052,1.1813665092471006
242,7.059575063988471,7.369507604714324,-0.30993254072654963,2.765718327468747,0.2986725799878238,1.039284201830875
243,6.931040711991794,7.50523516630697,-0.5741944543142381,2.5049012144953284,0.22876747765528743,1.2035398562409356
244,6.9753404226901905,7.382504828254855,-0.4071644055638899,2.267205787626585,0.2566656933603835,1.134307239806635
245,7.027056337160341,7.44252096990878,-0.4154646327478986,2.2251239254386874,0.25290771680925084,1.143315271123008
246,7.524260382745363,7.866071557101139,-0.34181117435673514,3.0342961197219047,0.29868600364402315,1.0392553304531407
247,6.813256621910862,7.3438738073488805,-0.5306171854381319,2.305991562167847,0.23006444571818105,1.2001928650149059
248,6.971763041308644,7.19268598374948,-0.2209229424406658,2.589470799579953,0.31673439586851676,1.0011911674911946
249,6.822391018655092,7.299970673743775,-0.4775796550884479,2.8126192488937765,0.26041385064416755,1.1254135056606542
250,7.183554044640753,7.6240632509622825,-0.4405092063216216,3.3384433296346945,0.28413114702543807,1.0710851448081409
251,6.900873602404157,7.358755154207027,-0.45788155180252943,2.738200007097488,0.2623452776897533,1.1208651252322908
252,6.887201085399123,7.494065052241754,-0.6068639668428659,2.103604297417972,0.20535636514446104,1.2664378554644158
253,7.196027313292528,7.638034011966442,-0.4420066986749589,2.983729325174794,0.2737732306993511,1.0944144923525767
254,6.603177170670118,7.134013271112496,-0.5308361004426843,2.3714434724473055,0.23269126681462537,1.1934548953603832
255,7.315949628584188,7.941548748256504,-0.6255991196730974,2.7190869599082177,0.2262193076311856,1.2101552976323033
256,6.844492389896753,7.111134347871167,-0.2666419579736612,3.1129868167610137,0.3194366826819312,0.9956161543510831
257,6.9109129410706585,7.526959986233183,-0.6160470451623041,1.694204438942867,0.182889936802979,1.3319094760363777
258,7.092388382770717,7.40706130904785,-0.31467292627712595,2.978387347343098,0.30376282941534205,1.028397616168686
259,7.173690353086225,7.607553072887565,-0.43386271980125457,2.378426818103115,0.2547858043942561,1.1388018634924713
260,7.189800795465838,7.726411731240286,-0.5366109357746609,2.443664537633195,0.2343126260622248,1.1893229032240766
261,7.0126749512827,7.444969969224874,-0.4322950179412146,2.6391629396346126,0.26480780603170206,1.1150994526745086
262,7.16615642932886,7.531566764061895,-0.3654103347325872,2.104870171745768,0.26006515412229836,1.1262371465793246
263,6.650208527762355,7.172740874536895,-0.522532346774824,2.0829042601508796,0.22206381279286427,1.2210586539629997
264,7.292505282521982,7.819140281907809,-0.5266349993862605,2.270457973607652,0.22944001483851936,1.201802607871311
265,7.13680544541405,7.471091546845382,-0.33428610143164406,2.896410149340845,0.2965460376757617,1.0438689238679966
266,7.244936231388986,7.598133547566365,-0.35319731617801153,2.7378579898426896,0.28700157731870146,1.0647223845402627
267,7.388783718764738,7.7027802357013,-0.31399651693664055,2.3480710227657564,0.2833173387478971,1.0728969854941477
268,7.237170378165341,7.564328606857589,-0.3271582286924968,3.1008802631045747,0.3040780561195585,1.0277274406082166
269,7.093132979706591,7.525808970771901,-0.43267599106457055,2.5368005136783705,0.26106675478716873,1.1238733587690883
270,7.3593399366507795,7.733275307593391,-0.3739353709424904,1.887018393644821,0.24760309509277073,1.1561908660167566
271,7.03427126045501,7.321124375739042,-0.2868531152835203,3.0144004660414883,0.3117205078898333,1.0116184770688943
272,6.726274166226925,7.11590217327237,-0.38962800704484835,2.957149543796689,0.2850410636851951,1.0690634855652728
273,6.506233885291134,6.989118498050426,-0.48288461276024464,2.236100695059756,0.23766162823570336,1.1808517338276918
274,6.906920652040593,7.406919926263352,-0.4999992742223185,2.0860713487488667,0.2271778551453094,1.207660558230196
275,6.528899717840271,7.122446169158006,-0.5935464513177067,1.8102323478058011,0.1936616878292805,1.2998228623261563
276,7.133738130163532,7.531508623245283,-0.39777049308213464,2.275992651455292,0.25930732364395137,1.1280298247779488
277,6.773852196238134,7.217548559283325,-0.44369636304600135,2.8126702623324196,0.26802684623459916,1.107617953999512
278,6.76303020247344,7.1651614064697595,-0.40213120399585023,2.66665346558543,0.2728311202982537,1.096566084253665
279,7.113856234225589,7.46876810455453,-0.3549118703285785,2.354739825171807,0.2730686202522051,1.0960232034655146
280,7.112448585648802,7.525472019861861,-0.41302343421284604,1.748888826859254,0.23055107682505505,1.1989405140940614
281,6.84135734670583,7.28182821214796,-0.44047086544196645,2.121522816848165,0.24244206328369497,1.1689046166296146
282,6.671660960965549,7.117930095780475,-0.446269134814429,2.41933260573572,0.2534889633299154,1.1419159373748167
283,6.770535212509297,7.30009845613264,-0.5295632436236701,2.383483074208696,0.2334488375769427,1.191521713776259
284,6.907692053644335,7.217198337734518,-0.3095062840902756,3.4772112352390607,0.31771947461393985,0.9991552819168991
285,6.657742527991853,7.106853729171607,-0.4491112011801306,2.5007812371934506,0.2559286805385696,1.1360666277922171
286,6.906716892907592,7.2639443255682705,-0.357227432660693,2.9288645305191867,0.29191725119433004,1.053925010529346
287,7.089550395639729,7.415500578329076,-0.3259501826896667,1.8461089883997222,0.25807015601159833,1.1309642089488086
288,6.967951370148351,7.50702136138528,-0.5390699912359196,2.3743153076323704,0.23103950980356952,1.1976854140465854
289,6.77559915736749,7.308000522998102,-0.532401365631813,2.1897066255657727,0.22472331339575924,1.2140639276626175
290,7.555463395237733,7.815299944937297,-0.25983654970059433,2.8177177987880935,0.3131423032650407,1.0086504495892425
291,6.8279418753416605,7.324371262544022,-0.49642938720262464,2.3888511769253995,0.24091287649654822,1.172708113923836
292,7.325899914261593,7.7708976195377515,-0.4449977052763643,2.927212067955068,0.27136661346628854,1.099920840653582
293,6.724060429097174,7.236992427770157,-0.5129319986735936,1.7212353589811151,0.20580669396924078,1.2651803243098985
294,6.805379055621255,7.403992938181143,-0.5986138825601302,2.512038053592402,0.22404127206795277,1.215852088711938
295,7.206149242732702,7.565636603463669,-0.3594873607307818,3.0664762804855723,0.29534120562457356,1.046476247779777
296,7.4575631139312675,7.751630260115152,-0.29406714618471597,2.7083586731183296,0.3009410659639089,1.0344174160432915
297,7.019305547955649,7.523563354512265,-0.5042578065567795,2.367120280509589,0.23831200677522563,1.1792164264145784
298,7.364506750742133,7.863143062834257,-0.49863631209245796,2.5327726721258372,0.24596087131985317,1.160216007272821
299,7.057137664864807,7.458486449635937,-0.4013487847714714,2.2302263159566404,0.2565386064846692,1.1346103694726455
300,7.488226817697817,7.8662835565210285,-0.3780567388221243,2.4744952171231187,0.27183563868578897,1.0988450949934088
301,6.967592218448611,7.411289962143779,-0.44369774369533843,2.5974134567524576,0.2607006135917138,1.124736727009499
302,6.990971898002338,7.404162371939786,-0.41319047393699293,2.7477596090738707,0.27294235371132863,1.0963117851024187
303,6.679990733565158,7.17789315614026,-0.49790242257495265,2.0341557906654444,0.2252261726369569,1.2127480243451327
304,6.928962946283558,7.523815274865707,-0.5948523285824194,2.4063637788881724,0.22068816848666362,1.2247002803160723
305,7.335410351940321,7.745521679878368,-0.4101113279384663,2.5340348304282987,0.2662768915220081,1.1116773738601333
306,7.210366616543818,7.801458301832493,-0.5910916852890296,2.6343232487978163,0.23011100208243437,1.2000729702288404
307,6.369816957236092,7.183468091504909,-0.8136511342681843,1.8142874517484255,0.15421330971217204,1.4248059230330106
308,6.958823566544036,7.4085408759957145,-0.4497173094523532,2.198542466856619,0.24366112644574944,1.165884549875747
309,7.080506737250128,7.598957712624961,-0.5184509753744351,1.9751902657921967,0.21784991434202416,1.2322655226735442
310,7.256829352961925,7.4720969249219875,-0.21526757196079416,3.1846914033256493,0.33442268090997607,0.9652438649827758
311,7.05418893465487,7.493991939913822,-0.43980300525890925,2.0225316226065324,0.23804523270682634,1.179886819661181
312,7.25066222582502,7.731569639550787,-0.4809074137256175,2.3255996220066333,0.24183990313228906,1.1704003295087106
313,6.911981952984955,7.414259110865035,-0.5022771578805987,2.573576917190122,0.24666702260393072,1.1584829083149284
314,6.918167580074463,7.402665535241563,-0.4844979551671713,2.7920816000124766,0.2582048086653609,1.1306443599377582
315,7.146538146727674,7.709916523880071,-0.5633783771527305,1.8895159496041085,0.2039675729872123,1.2703286891476748
316,7.109491679377082,7.448516499973212,-0.33902482059693284,2.1547726949129515,0.2690064942531836,1.1053533845862398
317,6.809957424082152,7.352844799291819,-0.5428873752098298,2.614632677864572,0.23940567583476263,1.1764736002871254
318,6.897007016641349,7.249499856877949,-0.35249284023575456,2.389592708224548,0.27501369124311953,1.0915892319446043
319,7.323506110904257,7.801110849032592,-0.4776047381274111,2.8397851039081043,0.26129655538708696,1.123331911995848
320,6.961636474773353,7.567631443227643,-0.6059949684540697,1.4783461038305976,0.1720535986652213,1.365634861934527
321,7.033340844908547,7.479813084315746,-0.44647223940773983,2.028357972443608,0.23674611697954595,1.1831590546187227
322,6.723376990967902,7.15892852190851,-0.4355515309407565,1.6257007452159424,0.21803494957130168,1.2317701692131313
323,6.930835319129822,7.375118869791076,-0.44428355066156655,1.4659523186809924,0.20594468818670622,1.2647953793882285
324,6.60735605928205,7.221292715973436,-0.613936656691294,1.6574264965103165,0.1812305083475815,1.3369758855850362
325,6.971805845459879,7.449128265768247,-0.4773224203081554,2.050615823223483,0.2306461628769915,1.198696028529425
326,7.008538165482444,7.4979989039933015,-0.4894607385112977,2.528825103485053,0.24784515163375423,1.1555991603493654
327,6.635116494901761,7.16529676546737,-0.5301802705653245,2.5542295956376257,0.23989810393972977,1.1752415187818388
328,6.9944844369009145,7.440061824930988,-0.4455773880299603,2.802092058739726,0.26725433045248037,1.1094077270787397
329,7.108206846793858,7.405995606521141,-0.2977887597271547,3.030093776916539,0.3094011842670234,1.016479332888177
330,7.081554351010548,7.470642985262475,-0.3890886342524027,2.516893265772252,0.2706976718922213,1.1014573159113297
331,6.634603598908892,7.196060853827585,-0.5614572549184231,1.793661835455044,0.19937300961627075,1.2833399286557696
332,6.610207565281438,7.230141879041066,-0.6199343137586766,2.9341248969490152,0.23459238938401722,1.1886119852173824
333,6.943852183259717,7.524190670326862,-0.5803384870669106,2.7713773621415605,0.23713234344388726,1.1821848983494834
334,7.323403713998981,7.8305537530790685,-0.5071500390804431,2.360632214549959,0.23741352137686803,1.1814764048590483
335,7.040798676288271,7.328892054637119,-0.2880933783490036,2.3099117148292,0.28872536223613804,1.060921973712453
336,6.67420311349981,7.165763989366265,-0.49156087586743524,2.342240445968642,0.2401258218394161,1.1746723592127548
337,6.7376784002825145,7.074219751749264,-0.33654135146662156,2.7351425867001673,0.29103123954274035,1.0558620608119997
338,6.867889736710661,7.22820549675757,-0.36031576004643284,2.599040156765472,0.28063172817338766,1.0789013024558383
339,7.200196108160365,7.782559961169443,-0.5823638530082462,3.063259444382746,0.24618114673224922,1.15967501403454
340,7.311982953129539,7.826044677264238,-0.5140617241349901,2.4961413204778644,0.24120175065351304,1.171988307256582
341,7.302463982607899,7.876526912096803,-0.574062929487809,2.4293447423687216,0.22586594146602618,1.2110768796775588
342,6.938123243137691,7.418322632835401,-0.4801993896971908,2.684344234268142,0.2554977435046067,1.1370969866524407
343,7.247082223317942,7.683532959482075,-0.4364507361642609,2.9916832106029876,0.2752697126989238,1.091007203975816
344,6.994033574188346,7.346235124389341,-0.35220155020124366,2.8159541433851185,0.289712789696385,1.0587518889104284
345,7.017270740883599,7.378020029559894,-0.36074928867583367,2.4131765391665834,0.27383404339218886,1.0942757823386382
346,6.600101701049264,7.021059671043591,-0.4209579699936512,2.603288691259774,0.26619361460817714,1.1118710105451033
347,6.818482295427951,7.432232847227982,-0.6137505517999671,2.1494229696242098,0.20604321032071787,1.2645206593496852
348,6.879770105181545,7.441077736266389,-0.5613076310837641,1.5726643372405213,0.18684234787998505,1.3199780462539656
349,7.127998881219194,7.5476323989251055,-0.41963351770664303,2.73064245421412,0.2708700722719264,1.1010610851289417
350,7.537826067881563,7.991454647032323,-0.45362857915006316,2.6352454805177263,0.2597656306488838,1.126945248472333
351,6.641558009486128,7.066039398523112,-0.4244813890372825,2.3583902161169394,0.2562070740272498,1.135401637197691
352,6.737734472180658,7.331294928124268,-0.5935604559435887,2.0080081159915153,0.2035840806870368,1.2714064739131905
353,7.021312547608271,7.567304401386916,-0.545991853778105,2.4243852439871354,0.23155750174308942,1.1963564160680142
354,7.02115071877581,7.480882852743529,-0.45973213396700885,2.70673700488752,0.26085930188185275,1.1243624339510774
355,6.847205762115503,7.2271039373406465,-0.3798981752252075,2.2028414022531244,0.2606659082227418,1.1248186064684358
356,7.47373932650846,7.832260797768657,-0.35852147126024647,2.047484159945091,0.25923928990198936,1.1281909386921583
357,7.247137678240345,7.489714223930387,-0.242576545690099,2.881358046296514,0.3194872031407326,0.9955122216320024
358,7.19683674691971,7.770727151273856,-0.5738904043546427,2.021884668939622,0.20828274452767226,1.2583014844385267
359,7.027555211986349,7.65394305994739,-0.6263878479612686,2.2315945594178377,0.20713039171917969,1.2614954681851267
360,7.08900136493305,7.418078629264417,-0.32907726433131756,1.999059681473458,0.2646777275630799,1.1154030863384492
361,7.312138083984631,7.781928802525083,-0.4697907185409349,2.9654634060223284,0.2670052053861385,1.1099856611338799
362,7.494571487477354,7.85686467957689,-0.3622931920990595,2.770627199999323,0.28582777625802225,1.0673190774212409
363,6.258205395197204,6.790214663519765,-0.532009268323236,1.9215144052847535,0.21224862571337458,1.2474061144432282
364,7.354347178900592,7.6750611632086985,-0.3207139843079858,3.229348791333397,0.30901802175942894,1.0172846813543044
365,7.226350983030737,7.70242715546551,-0.4760761724346594,2.524111019369414,0.250661835712483,1.148743323862912
366,7.102363663312484,7.446060932531263,-0.3436972692188647,2.382222826405071,0.27695945475394057,1.0871750506637297
367,6.9212251594188485,7.340215592773734,-0.41899043335524766,2.3439261573262797,0.2569370521268964,1.133660339128027
368,6.925976913902399,7.271639930927722,-0.34566301702489,3.3194145256258114,0.3053333401503083,1.0250632590304138
369,6.72052176541258,7.180425063264276,-0.4599032978512696,2.6661206385477865,0.25942021977897334,1.1277625347048168
370,7.663881838338805,8.010720892901244,-0.3468390545622242,3.562481639463437,0.3108912871717355,1.0133536141727888
371,6.815853236458518,7.157275864143084,-0.3414226276845511,3.0504192411300544,0.29923116624456764,1.0380835348638087
372,7.045992474508078,7.525648362987542,-0.4796558884800106,2.1436661910814045,0.2343636087455166,1.1891933042584282
373,6.860039597453418,7.382088798677233,-0.5220492012240356,2.07571931613956,0.2218371857888867,1.2216574701082674
374,6.808353909962373,7.516815091370819,-0.708461181408893,1.7378398712206362,0.16802760846007314,1.3785692319140868
375,6.999903175759594,7.507645773278123,-0.5077425975186998,1.833336468154192,0.2130307105275334,1.245274922319868
376,7.640105395881458,8.228898164358082,-0.5887927684771057,2.212753222987308,0.2138769674941111,1.242975213300529
377,6.776413726103622,7.288829788489141,-0.512416062385455,2.247154569437054,0.23155534028395353,1.1963619572759943
378,7.154243041189896,7.603864371590116,-0.44962133040007757,2.4880648737796367,0.2553351962194911,1.137485946545475
379,6.68523411749977,7.273446168347344,-0.5882120508476874,1.5988748286050019,0.18293147377038618,1.3317830974027742
380,6.881523008625503,7.349125620974209,-0.4676026123488555,2.5538101671901448,0.253669010431464,1.1414829326489626
381,6.482967884101366,7.012596962729101,-0.5296290786272948,2.561111706579256,0.24027152991970394,1.1743083750594348
382,7.002728394710014,7.340960619053159,-0.3382322243433009,2.6869929424003374,0.28905691650696363,1.0601927549151122
383,6.918455731359994,7.521586550681614,-0.60313081932145,1.4764891092077228,0.17249414810434924,1.3642333085179967
384,6.6569801277581275,7.05845559504733,-0.40147546728985617,2.477826922997636,0.26627748362377035,1.1116759972457828
385,7.5477007033621915,7.916264110564216,-0.3685634072007815,2.51989298300934,0.2758180171732834,1.0897619542790564
386,6.765069694326324,7.138603812561899,-0.3735341182355114,2.7868683190722816,0.28362461923873383,1.0722124509272883
387,7.707711071651668,8.049723786226114,-0.3420127145736842,2.056492704475261,0.2639133573931838,1.1171893871082146
388,6.8172965687343305,7.415087510633977,-0.5977909418988929,1.92570192078235,0.19871638441888737,1.285217229628694
389,7.416760510697553,7.581103900782526,-0.1643433900853779,2.6958812302812394,0.33578614755264924,0.9625246091710082
390,7.459313066540584,7.817527008878559,-0.3582139423378976,3.1660409693057368,0.29837740582195477,1.0399192766480694
391,6.90195200042201,7.361201283761676,-0.45924928334079596,1.6762292289082783,0.21539779668093098,1.238858791961203
392,7.583765246548704,8.012813373865786,-0.42904812731740094,2.8774245519009867,0.27344333463138687,1.095167332244357
393,7.284445456759225,7.7322397426181295,-0.4477942858584356,2.4247333264682407,0.2533447165284314,1.1422629986185537
394,6.568949879548948,7.105509043879603,-0.536559164330356,1.9160916759421802,0.21099614151030083,1.2508310018819155
395,6.475506988724031,7.079805743308898,-0.6042987545852156,1.4975390701091857,0.17358798081299873,1.3607649527518575
396,6.573404637234328,7.243826793116379,-0.6704221558829886,2.009136937283605,0.18860025059472685,1.3147312188906113
397,6.906272415433544,7.512578430548234,-0.6063060151145692,1.5331871885843729,0.1753970082774537,1.3550644988720955
398,6.940755848443426,7.344855232374232,-0.40409938393167977,2.100804405810832,0.25024662205203835,1.149750563504392
399,7.0418558613735724,7.473278752620554,-0.43142289124716626,2.490718283064586,0.25965889095901123,1.1271977278283642
400,7.452497360455548,7.853538966332738,-0.40104160587725346,2.2558153585805805,0.2576799783805408,1.1318916767119847
401,7.185707451077017,7.588930350283927,-0.40322289920641197,2.4483303406509247,0.26475478365668526,1.1152232069243264
402,6.963867858573233,7.479479017807516,-0.5156111592341404,2.011293153498933,0.2202154972289218,1.2259552987591722
403,7.085968189734397,7.6219874130886565,-0.5360192233547423,2.0749493388389784,0.21877405786321705,1.2297945279548468
404,7.148243035206018,7.706605481332377,-0.5583624461260115,2.3422886444869704,0.22564903685238333,1.211643078636721
405,6.882249738421545,7.358115704194641,-0.47586596577275486,1.6954075848040269,0.2126594954677481,1.2462857828359466
406,6.75762768018087,7.093840935890515,-0.336213255709481,2.531946267015723,0.2843185815824251,1.0706683435090496
407,6.731078441214616,7.196966120728329,-0.4658876795137985,1.908478736526325,0.2263727224338591,1.209755510286264
408,7.173861347578007,7.599705197845256,-0.4258438502674835,2.1667364682559285,0.24791348174713107,1.1554322010336167
409,6.667184978378667,7.1176001598364875,-0.4504151814571742,2.2919718903140343,0.24743912921832148,1.156591909634913
410,6.79158115780849,7.399976409343277,-0.6083952515336932,1.630782432788088,0.18078888964082843,1.3383299903690309
411,7.194831074691886,7.59331004131145,-0.39847896662013227,2.753393282562591,0.27658962972146417,1.0880124084285034
412,7.471654765049446,7.934127004511654,-0.46247223946284066,1.9557544483405582,0.22951581089605372,1.2016070444218576
413,7.18246563017767,7.6956694159677665,-0.5132037857902105,2.952407519738763,0.2571442278864063,1.133166765520005
414,7.300180648151421,8.016574644149042,-0.7163939959964409,1.760527326685665,0.16782128358946397,1.3792383303063616
415,6.6007025700044535,7.036651012496438,-0.4359484424921902,2.391503543625035,0.25480991995501734,1.1387440599195717
416,7.095859743295317,7.552832838053976,-0.45697309475872316,2.0250875184121817,0.23413446765953436,1.1897759422723266
417,7.278073019474344,7.733514472307877,-0.4554414528338384,3.203367957782149,0.27716120876873024,1.0867185604615417
418,6.7445130757494764,7.3909820042818195,-0.6464689285312488,2.625117961775034,0.2187664793213567,1.229814761095753
419,6.539468088700072,7.058094226799848,-0.5186261380995347,2.490715776879494,0.24000271333176404,1.1749800101364982
420,7.334349223222328,7.703504459883457,-0.3691552366608448,2.4237622898577627,0.27214128222900935,1.098144761645006
421,6.934180132398818,7.341344097245776,-0.40716396484822326,2.0881122835491315,0.24892548978437382,1.1529631992160116
422,6.902607960387125,7.340671759451733,-0.4380637990652758,2.047136975763788,0.23961170009880833,1.1759578993377857
423,6.9678011374933915,7.305400138831284,-0.33759900133827614,2.746540864840256,0.29113093241787563,1.055643908663949
424,7.005739097909848,7.276158481366504,-0.27041938345610106,2.68489711062659,0.3063671467099321,1.0228745865224638
425,7.24886445422437,7.589148316006859,-0.3402838617821544,2.9661734950964114,0.29711757739722,1.042634558272354
426,6.93208430580655,7.351601319754432,-0.4195170139482798,1.9788126079681199,0.24081511995526395,1.1729518379495631
427,6.965135135427611,7.584893329726174,-0.6197581942979014,2.0474276673570557,0.2001890221823255,1.281013221412838
428,7.02039886681889,7.50820520287247,-0.4878063360538363,3.0189462972213406,0.26468737455714725,1.115380564460594
429,7.264142532974641,7.642068284847805,-0.37792575187359034,2.40315777233101,0.26919482606999584,1.104918683095357
430,7.157532465205644,7.687008297831045,-0.5294758326253941,2.2209140605110473,0.22671217773731991,1.2088716020426225
431,6.495121432267136,7.002498175642013,-0.5073767433741523,2.0698154534835034,0.22478809038886338,1.2138942985282861
432,6.95978217706381,7.506984542931728,-0.547202365868543,2.53036284990028,0.23537933445898487,1.18661546127642
433,6.998123371473251,7.455941665437616,-0.4578182939631006,2.3312147232649583,0.24733065449112315,1.1568573299041645
434,7.0221832585410295,7.434207292805385,-0.41202403426450473,3.1584194536794943,0.2856530251760315,1.0677062790584093
435,7.325911743225173,7.88696145581068,-0.5610497125853726,2.294842858219127,0.22312353763826764,1.2182643373574844
436,6.953213983307999,7.42219496538524,-0.4689809820774826,3.0505951692661792,0.26976438995495,1.1036053026761017
437,7.246882914525325,7.681218590329595,-0.4343356758045047,1.6925706184267924,0.2222242701695396,1.2206349423174354
438,7.2129400605170515,7.738119082407411,-0.5251790218908354,2.3616525995522455,0.23351840377726915,1.1913444167308695
439,7.043137776531533,7.481828569103082,-0.4386907925709238,2.832104229036837,0.269795999194123,1.103532469399098
440,6.79349151252229,7.156614164860794,-0.3631226523375517,2.852018313652316,0.28817373181623357,1.0621364786169676
441,7.0930930528237,7.628229629085612,-0.5351365762617206,1.7101190215252124,0.2003647801947083,1.280512987142224
442,7.200339864787405,7.6014716800283635,-0.4011318152406602,2.7754384996844212,0.2766805236424408,1.0878065357350013
443,7.328872443017484,7.904319254449336,-0.575446811432812,2.53395674889183,0.22961017791094962,1.2013636297511552
444,7.374964435330024,7.792945823142264,-0.4179813878126879,2.6938811859811764,0.2700212388850267,1.1030136467030915
445,6.964248459993381,7.435112974038705,-0.4708645140444787,2.932406031142559,0.26574150460956,1.1129229916117998
446,7.393745561791387,7.805061546194419,-0.4113159844027905,2.9645473988915594,0.28020606923243474,1.0798565391826525
447,6.680171958977392,7.2412198607892675,-0.5610479018114347,2.103083983455285,0.21474658365984114,1.2406188538788312
448,6.696555401946919,7.0466297195277745,-0.35007431758094754,2.4448323242306316,0.27768934679103324,1.0855246622089918
449,6.9580751559841,7.407695978365257,-0.449620822381803,2.577776268861429,0.2586354322337579,1.1296222479925142
450,7.219221834396033,7.841556345668404,-0.622334511272129,2.135412426265198,0.2037087105643004,1.2710560462964486
451,7.277426329639478,7.663458462108248,-0.3860321324682445,2.56978180444667,0.27333000364129173,1.0954261027149474
452,6.915872288997728,7.272771557412066,-0.35689926841405395,2.948241999795691,0.29256839020954223,1.0525039696652398
453,7.468792506857265,8.039082774940365,-0.5702902680832267,2.333126206552196,0.2227784630082254,1.2191731961740244
454,6.663081509303832,7.225170502893401,-0.5620889935898958,2.125220799200486,0.21553415077401183,1.2384907473820228
455,7.188491676431862,7.468804989238431,-0.2803133128063564,2.7539272126850367,0.30590657083713857,1.0238490662039077
456,6.769077805115397,7.344727965852594,-0.5756501607374958,2.1438231480418874,0.21354382291819407,1.243879750872854
457,6.809809743032768,7.265594988376537,-0.4557852453435771,2.3516808720690534,0.24862372882929304,1.1536986713357713
458,7.490400021511799,7.846192747064289,-0.35579272555332864,3.5812975436081445,0.3092545659820039,1.0167874240054595
459,6.803162409362652,7.282396045884833,-0.47923363652353146,2.678860748697483,0.2555221579845162,1.1370385800277576
460,7.288714208321674,7.756230577637335,-0.46751636931549,2.128814918692859,0.23647229293918715,1.1838503856481626
461,7.0192929377888715,7.47157295757837,-0.45228001978921384,2.6535965449921974,0.2607159603962097,1.1247005221039863
462,6.48842143229633,6.905425273104217,-0.4170038408083201,2.7365470987047686,0.27167990957562776,1.099202130711286
463,7.147734741779298,7.431503466975232,-0.2837687251958414,2.845845176152892,0.30775459407133965,1.01994489862864
464,7.159686370441544,7.618733449434106,-0.45904707899262576,2.9867717110668153,0.2700437730742915,1.1029617572285595
465,6.934990956946261,7.249367237978102,-0.31437628103230963,3.2341345161523467,0.31067650916099476,1.013803532963483
466,6.83075776696371,7.315951280513832,-0.4851935135502572,1.9292507729739352,0.22299499829403135,1.218602767111429
467,6.805366573878767,7.226629648671671,-0.4212630747933872,2.524733765185603,0.2632999384992345,1.1186255036630286
468,7.4685958584603425,7.896003650094346,-0.4274077916334136,2.7933449594967286,0.2711318274557681,1.1004598189139059
469,6.796184270232355,7.33538416738904,-0.539199897157232,1.909489891774232,0.21009709788359102,1.2532984896986377
470,6.729681837800693,7.2537313340257255,-0.5240494962254161,2.6964592550160873,0.246336186904053,1.1592944410300492
471,7.162842579555966,7.599182094234467,-0.43633951467927545,2.286326782890102,0.2504960171932934,1.1491454323316237
472,7.282676868214206,7.425834510795073,-0.1431576425802632,3.7347062872484607,0.3642899201028554,0.9072210390287984
473,7.021528280280857,7.450805579728896,-0.42927729944858584,2.8399838158857182,0.27220461442978755,1.0979997133765764
474,7.064071333168452,7.693140790303839,-0.6290694571353015,3.116676771343359,0.23852379584193936,1.1786845855558503
475,6.992235604683468,7.516155167320409,-0.5239195626354558,2.7170821438647454,0.24708138572403854,1.1574675596442852
476,7.017482200739162,7.339115351655873,-0.3216331509165684,2.8442618704478786,0.2981247972141317,1.0404631038179661
477,6.956515696225163,7.468700836683882,-0.512185140458314,2.3374650046217536,0.23536800174466901,1.18664417944957
478,6.970662492576433,7.545847269208958,-0.5751847766323408,2.677355020814378,0.23491074184119332,1.18780373682561
479,6.7008371837417355,7.2513152078883705,-0.5504780241471963,2.908690376583312,0.24786979678356738,1.155538938129476
480,7.246812448130025,7.819283410514632,-0.5724709623846138,2.406859649340909,0.22530590928114075,1.2125395589428678
481,6.701707353117693,6.994141978111169,-0.29243462499380257,2.4398377432509495,0.29237176108287494,1.0529328674964533
482,6.697842723919915,7.245516158440895,-0.5476734345220393,2.072178114637518,0.21615136886593567,1.2368268576041035
483,6.851755533295385,7.293618570392613,-0.441863037096482,2.4570159056331313,0.25595679608563426,1.1359994461799696
484,6.94597424427577,7.321936333993857,-0.37596208971808665,2.9171407675145584,0.28707546421489183,1.0645591714189226
485,7.3205548497288175,7.679625822027215,-0.3590709722993779,1.8218378050792499,0.24807979288722237,1.155025967239827
486,7.007253553056965,7.433687611700068,-0.4264340586432809,1.3406225480814093,0.2015483933409005,1.277152555500208
487,7.269074598574501,7.651673942875322,-0.382599344301525,2.5931263907906175,0.27498040895364,1.0916649216075351
488,7.44410610370944,7.7747734166788005,-0.3306673129700357,1.782149989327797,0.25347762152817443,1.1419432210379736
489,7.053802940304034,7.28073173005114,-0.2269287897470349,1.9946802881025505,0.29295767404902145,1.0516554137933647
490,7.024006617463622,7.421939408225124,-0.3979327907618426,2.553860935376836,0.2698979549215165,1.1032975852553362
491,6.62050704680298,7.093120001937716,-0.4726129551345366,3.172617489513069,0.2725226790070502,1.097271606530193
492,7.1458467610999135,7.511845969476243,-0.365999208375797,2.6006740625899774,0.27928979379263286,1.0819161369388708
493,7.300089213301201,7.674950356201921,-0.3748611429009543,2.822198555723082,0.2844214517894771,1.0704396683767614
494,7.371580710402507,7.719494644030031,-0.34791393362775125,1.8508835077172705,0.252489595481586,1.1443232719313212
495,6.909884938981871,7.4973813985926965,-0.5874964596105201,3.111809607038296,0.24662225431437923,1.158592679309548
496,6.807348287557782,7.352695872074849,-0.5453475845170033,1.9332949048733141,0.20997495154347082,1.2536343180592269
497,6.738204217168298,7.266021990809217,-0.5278177736418002,2.5496977515618457,0.24023707378349263,1.1743944337114487
498,7.023507060500218,7.5977074168058065,-0.5742003563054823,2.0112036245541436,0.20770971144591646,1.2598881573980403
499,7.284533543942255,7.8204881341766805,-0.5359545902356331,1.5798056398255156,0.19259191433589118,1.3029497594317643
500,6.7572519875264545,7.235123652905972,-0.477871665379098,1.8501062788402365,0.22062650868107028,1.2248638876412803
501,6.655551938134361,7.207437787735496,-0.5518858496016037,2.3069580048535485,0.22555958022357883,1.2118767057434263
502,6.814751958681721,7.030002737359079,-0.2152507786768183,2.4555127295786683,0.3139864589606088,1.0068924533292374
503,6.945095070360206,7.4139291280738275,-0.46883405771313846,2.5896004832145803,0.25469160663191326,1.1390276864257898
504,7.247997097167011,7.740567389859538,-0.4925702926930171,2.2072239717609072,0.234243411769382,1.1894988792679624
505,6.813129621502251,7.270248778257641,-0.457119156754743,2.0616776986261733,0.23581385416253955,1.1855150843734599
506,6.625122827114704,7.019699053416022,-0.39457622630106925,2.813972431788944,0.27946553024127274,1.08152076213902
507,7.328155681672636,7.895496934688945,-0.5673412530159112,1.321430363600271,0.16923345215107252,1.3746710441526522
508,6.4687246416268165,6.933417616607261,-0.4646929749806077,1.794544418624385,0.22071865724079293,1.224619393963936
509,6.439774698535824,7.035794044983507,-0.5960193464470649,2.0381372813457883,0.20451333174581177,1.26879740266309
510,7.177014700703533,7.6176010109811925,-0.4405863102783769,3.0488736023362666,0.2760389040651178,1.0892607771309926
511,7.046006959771897,7.683637830570613,-0.6376308707986027,2.648432580733509,0.22133621214730617,1.2229827487733067
512,7.104394721984884,7.608686572038567,-0.5042918500548694,2.177933762367184,0.23035430905204926,1.1994466717535537
513,7.308078611828772,7.848900980116372,-0.5408223682879907,2.1841529422264827,0.2226695334439857,1.219460304473164
514,6.7041146394411255,7.169805767277583,-0.4656911278361804,1.552460455868145,0.2064895267495545,1.2632773401739257
515,6.906010104269465,7.4430119790893725,-0.5370018748199072,2.262048298384693,0.22684876676226004,1.2085162039939428
516,6.67361521447567,7.078696057376614,-0.40508084290104307,2.0099618643222694,0.24581929982609407,1.1605638841478156
517,7.08614137564184,7.676663458100729,-0.5905220824579374,1.7126469551673917,0.18898987123596028,1.3135732035794556
518,7.134356201601643,7.515507702920405,-0.38115150131852715,2.730230681161478,0.2799638724175261,1.0804005019713772
519,7.134003318815142,7.549979495321263,-0.4159761765067742,2.477339530636449,0.2627983535660548,1.1198015149534875
520,6.679336599927249,7.470054033703216,-0.7907174337751712,1.7466325548294144,0.15449897146385097,1.4238186639602775
521,7.339097836168388,7.871818101445309,-0.5327202652761116,1.9273994775044034,0.21238941766190753,1.2470220362797904
522,6.796167852306847,7.180649820446038,-0.38448196813988034,2.8467068977650793,0.282889584592311,1.0738507394200734
523,6.990214543539717,7.341840059804052,-0.35162551626399363,1.6314432899337188,0.2394674360535687,1.1763189749650607
524,6.609668926960533,7.074124601955556,-0.4644556749944968,2.260810263186354,0.24290199400141124,1.1677639482185305
525,6.833388104372555,7.241465203773248,-0.4080770994005434,2.9700787800189588,0.2811217683351851,1.0778028031389775
526,7.224160145223162,7.812238748464,-0.5880786032412288,1.2218627251711673,0.15796635262344652,1.411944333230929
527,6.787343769661514,7.264634582853108,-0.4772908131917575,2.2720342394067803,0.24044459715261737,1.173876248772363
528,7.546222997630887,7.846919435878742,-0.30069643824845116,2.638454054016597,0.2969952639247353,1.0428985874480585
529,7.062889983915578,7.598854430055726,-0.5359644461395874,2.3706006704061426,0.23155501074346418,1.1963628021031454
530,7.157408051794685,7.45477931887515,-0.29737126708096184,1.9606304679103914,0.2714240821665914,1.0997889633183175
531,7.094381855076629,7.664718341485094,-0.5703364864084506,2.88712408831854,0.2430568732707439,1.1673801758769398
532,6.307663479383176,6.742564783793976,-0.4349013044102321,1.8375158076374092,0.23001277165933232,1.2003259594045557
533,6.965748384617494,7.341489772814586,-0.375741388197639,2.4074954268829813,0.2698982296907278,1.1032969523282061
534,6.79166448000053,7.346272813486595,-0.5546083334866125,2.4919662910049,0.23235969532241163,1.1943024098259587
535,6.718935338110735,7.254923964502775,-0.5359886263922817,1.6579728826505438,0.19721026812207423,1.289540435898165
536,6.825791281459554,7.243084077350903,-0.41729279589071666,2.281728258786586,0.25482667096500516,1.1387039109785546
537,6.625328699329496,7.170076762782965,-0.5447480634538806,2.0837035181291164,0.21730795839718067,1.2337181228286478
538,7.01978332818346,7.570272547864721,-0.5504892196804576,2.3173328760439915,0.22628510122004136,1.2099838208425115
539,7.036484670250341,7.474826708270387,-0.4383420380199823,1.810241614378473,0.22775171422920423,1.2061706083056134
540,6.86512945591205,7.320376271984794,-0.4552468160727585,2.5995437872957616,0.2581303400010192,1.1308212357934828
541,7.277366099212325,7.7896378181030625,-0.5122717188905881,2.397649863255465,0.23776990461450148,1.1805792653530136
542,7.269510679195103,7.598825672026382,-0.32931499283040466,2.725790285043958,0.29253675735994966,1.0525729558376817
543,6.982155858973623,7.447491240787239,-0.4653353818139294,2.8072701160134734,0.262965714705086,1.119408949503154
544,6.761371741023889,7.20524840341012,-0.44387666238526435,2.061797573298369,0.23891892777274767,1.1776932276773773
545,7.301726565291413,7.78543950397687,-0.4837129386851302,2.8555217859208497,0.260458654750048,1.1253077311682682
546,6.820577685556439,7.341683237936979,-0.5211055523814139,2.160355010569967,0.2258800380891342,1.2110400958619267
547,6.732595220387178,7.1395342897562655,-0.4069390693694004,2.1922357139520106,0.25356811514233346,1.1417255546580807
548,7.233105031448598,7.494201039353551,-0.2610960079045981,3.049945916026367,0.31921756448670174,0.9960670576462183
549,7.4623378737904416,7.803263669755178,-0.34092579596472206,3.218364936809344,0.3038752814849017,1.0281584888051958
550,6.752480454373493,7.2185145781874125,-0.46603412381500675,2.2662130855258766,0.24276653433745335,1.1680997421462542
551,6.886082530618135,7.529371407474183,-0.6432888768558769,2.053509963280206,0.1958620000121468,1.2934310988289484
552,6.779718571810757,7.163726924591901,-0.38400835278116574,2.7103213477596917,0.2786222433990356,1.0834195467997747
553,6.663339117905546,7.073684321040491,-0.41034520313496614,2.2487881762460464,0.25513379190648566,1.137968126382208
554,6.8785789988394965,7.315232042271002,-0.43665304343267053,1.7917826930384084,0.2271671959929866,1.2076882586892996
555,6.663245465302519,7.2057511563846885,-0.5425056910817148,2.049510463342898,0.2161963548409865,1.2367057187364912
556,6.618989424650702,7.237662033822889,-0.618672609171881,2.079979656481825,0.2019148931069163,1.2761149342980935
557,6.887935501548621,7.176475773888906,-0.28854027234046953,3.172941374736153,0.31546957857189817,1.0038112960721564
558,7.279057784372365,7.614887791527447,-0.335830007154982,2.319910017486764,0.2765722196586694,1.0880518470930491
559,7.23244991246231,7.67674594819336,-0.44429603573189524,2.461137888417717,0.2555489782114853,1.136974422618386
560,7.06158348590436,7.488021083344601,-0.42643759743987175,1.8088656517770527,0.23053413214445376,1.1989840898356148
561,6.579008643536166,6.954440729245259,-0.3754320857087805,2.5512340093246575,0.27525080098716964,1.0910501843912999
562,6.968260807988211,7.570621917370874,-0.6023611093833097,2.4020545513837988,0.21899405030973562,1.2292074128590806
563,6.409456563881416,7.044393545636072,-0.6349369817553452,1.8117526407823714,0.1855623759629646,1.3238213734623638
564,6.823500775233536,7.1740908966687185,-0.35059012143392465,2.2656360869938297,0.2706402898036661,1.1015892365243394
565,7.060003935648477,7.492823757701966,-0.43281982205371605,2.2855352227937757,0.25129268751927364,1.1472152084484382
566,6.905564330628134,7.297607387629678,-0.39204305700150144,2.328520613806152,0.26282500865130815,1.1197389807285885
567,7.039796662205684,7.6124885121495565,-0.5726918499440217,2.2497555849001927,0.21878891283518545,1.229754869709511
568,7.2868775397872225,7.780083606785129,-0.4932060669980274,2.6508828409960774,0.25144424487144307,1.146848489224637
569,6.62690794329212,7.107482122885268,-0.4805741795935319,2.836730411474738,0.2605404768295326,1.125114596335323
570,7.275031326194788,7.742534855632168,-0.46750352943763573,3.113681480678782,0.27194660780724356,1.0985907646785718
571,6.582064691755316,7.074671749117161,-0.4926070573619654,2.0456209188208767,0.2269525902784785,1.2082461622939817
572,6.834505071106672,7.295838917251724,-0.461333846144953,2.448671110300573,0.25115347631456897,1.1475521900270595
573,6.681382375559973,7.042324363073841,-0.36094198751379736,2.416858923944929,0.27392446753849486,1.0940695693394065
574,7.0107923565263475,7.4601981244069036,-0.4494057678812169,2.601120544132158,0.25952178055895203,1.1275221507599533
575,6.406353273954504,6.875897872387813,-0.4695445984325488,2.356876221110147,0.24568030747985908,1.160905560095702
576,7.335187913296816,7.553120537048652,-0.2179326237528585,3.1553640559647462,0.3330291730789391,0.9680304288510873
577,6.995464914249008,7.4394985884507845,-0.44403367420181894,1.9522146541725718,0.23365767229252854,1.190989588222241
578,6.96565615018046,7.510959261287243,-0.5453031111064774,2.41494588272867,0.2313313384008005,1.196936417261661
579,7.556194931315825,7.903606238598765,-0.34741130728252756,3.1880578953082868,0.3015321611839515,1.0331533048312476
580,7.200094752601056,7.60337372291585,-0.40327897031511384,2.7475327765166817,0.2752635060341911,1.0910213095644867
581,6.970378486338471,7.526589912272395,-0.556211425933725,2.6918014044049823,0.23935913634215217,1.1765901369850418
582,7.1652833105971,7.624134456670734,-0.4588511460742666,1.9315463297313702,0.22916060628562343,1.202523914734444
583,7.446614320673528,7.858096417026462,-0.4114820963523016,2.38909444140522,0.2605076061146654,1.1251921801290663
584,7.076649994807506,7.394162865767231,-0.31751287096085434,2.7018998892801243,0.29474568382900634,1.0477676210830793
585,6.828077292611691,7.276091210800391,-0.44801391818873526,2.5503435946908617,0.2580097807723481,1.1311076596699376
586,7.45120048123665,7.7562327841839815,-0.30503230294743844,2.56117167937853,0.2933042003033969,1.0509006968942016
587,7.058165247759301,7.529375634280828,-0.47121038652130665,2.8003090504092434,0.261424293736686,1.1230310824782495
588,6.903409086556915,7.429655238698987,-0.5262461521424484,2.2397820443661516,0.22822215310420446,1.204951169680242
589,6.736772267147738,7.148312365838964,-0.41154009869114816,2.055630189622258,0.24637444164539246,1.1592005639518561
590,7.313289569766151,7.828089136883665,-0.5147995671168246,2.4739599361554436,0.24019446098422126,1.1745008767146212
591,6.761579497198748,7.12537102444077,-0.3637915272420287,3.217628296892874,0.298436710646211,1.0397916471271287
592,7.495514319926609,8.066573984849601,-0.5710596649223589,2.2543594368393354,0.219324415732578,1.228326529822647
593,7.340771489081656,7.671169027803077,-0.3303975387216269,2.5501424321138018,0.28642593186885956,1.0659949342506723
594,7.1670810601488695,7.508172907111084,-0.34109184696262673,3.164118641662542,0.30240776679489073,1.0312837704748201
595,7.4733281506322085,7.968246230432594,-0.4949180797993904,2.2245975815685863,0.23446712655958055,1.188930221407839
596,6.798045653366738,7.438062949565302,-0.6400172961984936,2.4710441868749147,0.214226463264746,1.2420273715831158
597,7.376890499694876,7.718988688653478,-0.3420981889576069,2.3833116401324084,0.27740726736257365,1.0861621326978625
598,7.1868100898089535,7.475719881275896,-0.2889097914676313,2.9228938489572354,0.3086594712325256,1.0180388972798287
599,6.748329712093276,7.295572697719865,-0.5472429856263261,2.434379915297937,0.23168475680674094,1.1960302443321063
600,7.027157794111029,7.5063220783583615,-0.4791642842474175,2.4502813668167462,0.24717367731141818,1.1572415722679856
601,7.0999056007475,7.7559740944712585,-0.656068493723069,2.239368845132919,0.201678865811305,1.2767830088601626
602,6.898006702997757,7.30582018450703,-0.40781348150903796,2.497305125257302,0.26548090380579564,1.1135299241658012
603,7.083614514307395,7.662028020473943,-0.5784135061658162,1.993642345564787,0.205996427417781,1.2646510973327676
604,7.407318558015343,7.927985722895083,-0.5206671648793417,2.528849253302372,0.24100121225153076,1.172487937452191
605,7.185394949001259,7.597148800871852,-0.4117538518703441,2.289065181760458,0.25645623980364546,1.1348068875033863
606,7.044534245271119,7.710639936610998,-0.6661056913389984,2.445758538364057,0.20820002346401734,1.2585303353893103
607,7.455391410577088,7.786073669839186,-0.33068225926217565,2.777098456921367,0.29381261929722524,1.0497944678335749
608,6.694807781358416,7.325606280429564,-0.6307984990717159,1.6606088843843203,0.1781402448192984,1.3465033373392887
609,6.8029774333579764,7.379033342161672,-0.5760559088039372,1.898834841267874,0.20180684420124786,1.276420695702268
610,7.212229647334264,7.630467953241566,-0.41823830590692523,2.570782820777538,0.26567802035420957,1.1130708070312159
611,7.030792557672451,7.345682250888518,-0.3148896932170828,2.705730388522756,0.29553285991208667,1.0460610215336563
612,6.680004200355891,7.2430870918579755,-0.563082891502745,2.1030335017338047,0.21431721927149272,1.2417814213337202
613,7.197287829354376,7.446805027531066,-0.2495171981772728,2.81195210075089,0.3156909621774211,1.0033521922027016
614,7.072436363158725,7.662020711376061,-0.5895843482176133,1.9513928696519596,0.20165083552024748,1.2768623863799422
615,6.670306539085526,7.010021284606107,-0.3397147455207232,2.602646808857809,0.2858777614761264,1.0672083529809036
616,6.295745050558092,6.899101657899872,-0.6033566073410839,1.718383553780182,0.1867371429495374,1.3202932062872612
617,7.471276698560199,7.701997331700691,-0.23072063314066327,3.029151235833135,0.32655071174317746,0.9810852333450952
618,6.751778221898188,7.188060717873465,-0.43628249597531976,2.3820887854672996,0.2543624548280546,1.139817227744019
619,6.821149743522095,7.333658359402608,-0.5125086158805061,1.7322294729956766,0.20651298193815765,1.2632120542359693
620,6.919138185625182,7.512676711186866,-0.5935385255625079,2.41022333919034,0.22110916137638809,1.223584098194447
621,6.738270420690081,7.2053483004766745,-0.4670778797872117,1.9612931792435067,0.22872210982235536,1.2036571778988694
622,6.9502763163362244,7.267387537894574,-0.3171112215577523,2.560434701214735,0.2901681534956735,1.0577528067460913
623,7.158757311340945,7.62317800185492,-0.4644206905140891,1.9586194988812426,0.22920509181726667,1.202409031280968
624,7.097814386920457,7.587922567876187,-0.49010818095575814,2.6006634700664026,0.25033518597546767,1.1495356242256938
625,7.2517942524999155,7.674472794077164,-0.42267854157762486,3.028486037790506,0.27949843281789893,1.081446756160195
626,6.9910301531125,7.49417337813222,-0.5031432250189027,1.9356707148253598,0.21928403467040092,1.2284341503494878
627,6.673978014486077,7.135007126513538,-0.4610291120279726,2.191845290061293,0.24074728236783177,1.1731210097901101
628,7.4133230757268604,7.932985313562059,-0.5196622378343818,2.2136425342934505,0.2285305763872584,1.204152667946943
629,6.860097549154328,7.149542618110121,-0.2894450689555015,2.9762176884966234,0.31001812371490656,1.0151840048936511
630,7.177799884102408,7.500228329824327,-0.3224284457219255,2.575323180677904,0.28931762830062424,1.0596197424117872
631,6.8036710366657855,7.243893432853933,-0.4402223961878917,2.92375657899165,0.27234054233650956,1.097688478820027
632,6.608073218248886,7.073965265125888,-0.4658920468764336,2.162363380730863,0.2383375049671112,1.1791523781570519
633,6.8087908127634575,7.162555392954029,-0.35376458018981793,2.9290905090922035,0.2927606669338934,1.05208475267171
634,7.260576319349478,7.6987986586006825,-0.43822233925129694,2.121998308765839,0.24299432381396222,1.1675351452647205
635,6.949409779857727,7.421905839382748,-0.47249605952583806,2.797946955170808,0.26105987542128023,1.123889572729218
636,6.738217266994819,7.312847534023173,-0.5746302670286241,2.1585561790597545,0.21441307808098417,1.2415217239512784
637,7.261673679626095,7.703976364325061,-0.442302684698916,2.474393155352617,0.2565124944660514,1.1346726651930943
638,7.187856905627835,7.692559084756705,-0.5047021791287989,2.409313611144631,0.23989316871712962,1.1752538581238519
639,7.3506906089877,7.834965105297573,-0.48427449630980846,1.760347399876851,0.214372036747875,1.2416329014651053
640,6.434337708081169,6.894131920459794,-0.4597942123782559,2.0470561718708122,0.23451166417431285,1.1888170576759414
641,7.051438913598598,7.559237671303836,-0.5077987577051317,2.353458519758302,0.23698103353331637,1.182566404725016
642,7.2814971509058735,7.710519488582025,-0.429022337675633,2.3153603272398318,0.2534079178159829,1.142110917880726
643,7.175612924127402,7.533948028533476,-0.35833510440625105,3.053756030872842,0.29525895696544696,1.0466544979437957
644,6.719910625520082,7.168426498617452,-0.4485158730976764,2.472963553815328,0.25502119958237274,1.1382377977528095
645,7.123533734274882,7.559951389771359,-0.43641765549637057,2.323467093561483,0.2519934410864731,1.1455209042113823
646,7.099968032638411,7.545267076705339,-0.445299044067724,2.6712407631653594,0.26292373330644386,1.1195074056548802
647,6.7610154594138505,7.175474153389334,-0.41445869397557544,2.7780561064216,0.27363912812687113,1.094720446515953
648,7.377578548161021,7.718857895081615,-0.3412793469206008,2.2715883115083084,0.27326024795256204,1.0955854134751903
649,7.264032255692494,7.536615172752231,-0.2725829170603902,2.699540988675169,0.3062538733420252,1.023114158565562
650,6.918959177932105,7.484858112833197,-0.56589893490127,2.5587685236494124,0.23251933167110506,1.1938942637349823
651,6.869504898574472,7.35198368226867,-0.48247878369420505,1.9995286496060025,0.2270514799261271,1.2079890353326503
652,7.448629229478523,7.899180031991302,-0.45055080251222535,2.91913035403811,0.26986302689914915,1.1033780450777968
653,6.964311746878432,7.328255956707554,-0.3639442098301515,2.477224308211712,0.2754146937075855,1.090677774341259
654,6.8402247527599895,7.320258389257321,-0.4800336364978648,2.2160798347390145,0.23744926137173858,1.1813863920670666
655,6.985157281774103,7.462775467440532,-0.4776181856659605,2.6508174469582038,0.2549010416065283,1.1385256810518347
656,6.995550702912463,7.49561133073595,-0.5000606278235864,2.363818449469486,0.2391070655728639,1.1772216098314299
657,6.9363276393494955,7.4763413271656445,-0.5400136878160993,2.2568140151450162,0.22598113749829143,1.210776334441006
658,6.774297728791519,7.172293049575894,-0.39799532078450284,2.204956169921342,0.2562904522178901,1.1352025717689271
659,7.042061663146181,7.520984327892445,-0.4789226647462783,2.6817497057119297,0.2556918890635015,1.1366326404808678
660,6.90182498624183,7.418485743300411,-0.5166607570581618,2.8341719350494614,0.2525961750896207,1.1440662209695944
661,6.99393537324688,7.2987473841004755,-0.3048120108542207,1.8922487794445768,0.2661046534253581,1.1120779104404865
662,6.708108957298303,7.187901840758559,-0.4797928834605045,2.779224636862505,0.25881726083184564,1.129191020619799
663,6.921386910660497,7.35732920503204,-0.43594229437258036,2.569974566098848,0.2615100529026769,1.1228291728201256
664,6.9317473947638275,7.520715406317573,-0.5889680115533338,1.677934746175934,0.18735609357738392,1.3184409098382577
665,6.937870137569756,7.504877539522378,-0.5670074019535605,1.3457336426799067,0.17099666747855696,1.3690083415005
666,6.483427239840988,7.04953432908017,-0.5661070892383577,2.126570871599707,0.21475354675038652,1.2406000140976192
667,7.531149805676999,7.878794472977634,-0.3476446673003011,2.233558753072405,0.27008509188697655,1.1028666201184358
668,6.813431780907943,7.360224054635469,-0.5467922737270783,2.376812632019421,0.22949429600450855,1.2016625509018992
669,6.682204812768599,7.13287822591884,-0.4506734131500707,1.9845926077719618,0.23367150594017322,1.1909543510227445
670,6.690377615608507,7.331763564597682,-0.6413859489884999,1.3370423284148636,0.1561507430719513,1.4181370947587966
671,6.801744869950947,7.432329212867887,-0.6305843429172455,2.294226167109114,0.20895698977449687,1.2564386119946394
672,7.2090945614052755,7.549120142563214,-0.34002558115753345,2.3189496717108895,0.27545833949019627,1.0905786244313311
673,6.644667476982998,7.135041702357486,-0.4903742253745804,1.2820910113143462,0.18254512512424528,1.332959407845468
674,7.224920063742341,7.678917624628826,-0.45399756088772847,2.264105914983846,0.24545151800285564,1.1614682738910456
675,7.023741785321202,7.598737917120924,-0.5749961318006171,1.985023070583603,0.20628647405547648,1.2638427488894095
676,6.988451769449806,7.309268074600811,-0.3208163051513111,2.7959359413968468,0.2968606999651048,1.043189144871554
677,7.276753678651242,7.826524689895858,-0.5497710112458662,2.5222904624176543,0.2345321727177501,1.1887649535086249
678,6.333358865846843,6.89195936190234,-0.5586004960559876,1.6300795344210481,0.19081932564390858,1.3081591756847062
679,6.732312866822052,7.305072190269224,-0.5727593234460073,1.8016797569936251,0.19745348707798385,1.2888406604014537
680,7.170675110134492,7.58580269503599,-0.4151275849017111,2.438902784688965,0.2615523028019251,1.1227297173345592
681,6.526141984573608,7.005246295707361,-0.47910431113359664,2.3540337446688966,0.24339908100575752,1.1665328350137254
682,7.528808937755296,7.880265698435731,-0.3514567606807759,2.2516191578890226,0.26985075418906046,1.1034063180587308
683,7.133059948774483,7.62301655170491,-0.4899566029307607,3.315274556484118,0.27274395741748975,1.0967654034995924
684,6.932478037463464,7.234053944098188,-0.30157590663384326,2.3482982512138832,0.28659144111363793,1.0656288747418066
685,7.064110520729467,7.468840147737924,-0.404729627008237,2.547150300630495,0.268031851637356,1.1076063689945845
686,6.79610756335462,7.193907075164833,-0.39779951181026263,2.166180225579664,0.25467485754831815,1.1390678455555276
687,6.4702075659914255,6.961466453416352,-0.4912588874249195,2.1801587594148444,0.23335836783433134,1.1917523418202867
688,6.932974427950124,7.36229642626274,-0.4293219983119343,1.9801665001613333,0.2385192321756253,1.1786960422373558
689,6.749348480329739,7.230116444124714,-0.4807679637951878,2.341576729263819,0.24252083538243796,1.1687091470092386
690,6.689833956204732,7.193868463869253,-0.5040345076631638,2.6005152098239783,0.2472627828107333,1.157023442483992
691,6.987087493671264,7.40479463737493,-0.4177071437043196,3.0838616302658757,0.28224573983186885,1.0752881502322384
692,7.301848350568274,7.780596250115553,-0.4787478995476704,2.7594219088048266,0.25838580627859253,1.1302146069469565
693,6.844681066988254,7.174818883110208,-0.3301378161213506,3.032149697299662,0.301464535141045,1.0332978456652977
694,7.202617099903203,7.631368177069095,-0.4287510771655434,1.8869946902211705,0.23404059583010317,1.190014747232497
695,6.856456212324541,7.32037122297525,-0.46391501064954355,2.3351254268765675,0.24608907075428,1.1599011100169478
696,6.682559773985143,7.328537451932692,-0.6459776779474851,1.494337682846382,0.1654519925421208,1.3869664529579848
697,7.171083574381394,7.7609064456790575,-0.5898228712976561,1.79980231579178,0.1938633388084001,1.2992348679666101
698,6.992496093813155,7.485822711050505,-0.493326617236562,1.9972646081827659,0.2244926073268421,1.214668353137322
699,6.669110999928146,7.124055301686016,-0.45494430175676825,2.0166997061016634,0.23420986573379565,1.1895841826900178
700,7.2367807328135525,7.626206921796697,-0.38942618898272485,2.7666880816129744,0.27917129301899524,1.0821828374606608
701,7.308708209015843,7.765094571328549,-0.4563863623116049,2.405025263065447,0.25059713669306344,1.1489001963225387
702,6.573401645780744,6.96342842747315,-0.3900267816934502,2.541395028700018,0.2713541966232103,1.0999493369410964
703,6.993109851699795,7.3196988212959395,-0.32658896959583217,2.773480700463786,0.29472137251993297,1.0478203766404979
704,6.83821908878583,7.350771735307194,-0.5125526465217263,1.9709100518921812,0.21893708763999148,1.229359393983492
705,6.984229170085039,7.318506097355612,-0.3342769272703663,2.097741351365883,0.2677712625996854,1.1082097000462094
706,6.48783499352687,6.868389461419322,-0.38055446789257985,2.4572821814072086,0.27058702138932744,1.1017117170193602
707,6.8705418516991115,7.185512473285082,-0.31497062158632616,3.020024672739524,0.3048535871104686,1.0260806143551786
708,6.783914542271144,7.129599161434721,-0.34568461916296656,2.0085962234555073,0.2607621579266194,1.1245915456276423
709,6.556980036339904,7.116529972089682,-0.559549935749601,2.5288896739812774,0.23272492910463777,1.193368900670245
710,7.06710141863807,7.350244395296232,-0.2831429766583824,2.3952339959517754,0.29323333886866826,1.0510549808707754
711,7.217316943718127,7.590078242566778,-0.3727612988486726,2.8345004646295493,0.28530992875845584,1.06846695494949
712,7.570234052217368,7.89348760930839,-0.3232535570914479,3.029130511714529,0.30306611292403657,1.0298804844394591
713,7.260318184258561,7.538172928157489,-0.2778547438992973,2.47371880936484,0.2974397916485161,1.0419393655486862
714,7.2027281334265565,7.580997726240926,-0.3782695928148314,2.572603719213422,0.2753131702838129,1.0909084460913823
715,7.353375377343421,7.802071872145819,-0.44869649480187945,2.8125290811858292,0.2668863321785233,1.1102615604521764
716,7.078936304220245,7.735740353521154,-0.6568040493011722,1.8017822738992475,0.1808639028208928,1.338099809648348
717,6.882307577303275,7.414336503891152,-0.532028926588282,1.8403463052443705,0.20809034946376403,1.2588338543220279
718,7.272696533709516,7.597098479649833,-0.32440194593891647,2.771929054828007,0.29522027674247536,1.0467383376304558
719,7.436733653898794,7.883020421732655,-0.4462867678339535,3.0997231704903623,0.27624580479146854,1.0887915816637956
720,6.976345838234759,7.279279328764093,-0.3029334905304495,2.9699789802941385,0.3064515948710101,1.0226960176963398
721,6.9749476370469194,7.357580854883305,-0.382633217836883,2.3807730135013188,0.26717826177582793,1.1095841560818787
722,7.230282232400735,7.582960132387572,-0.35267789998670196,2.82608545570573,0.2899102984218298,1.0583184189707133
723,7.019439275919306,7.598147690313193,-0.5787084143939865,2.5235562349272627,0.22854459638843766,1.2041163886843544
724,6.831836523591686,7.434371987383517,-0.6025354637913551,1.5002204175420655,0.1740998375841351,1.3591475504800976
725,6.7341923288775645,7.2753075997194,-0.5411152708411464,1.6680199494727361,0.19669692380701972,1.2910194770324461
726,7.374609312780033,7.9495047685227815,-0.5748954557429897,2.341290913365091,0.22215717662028345,1.2208120861833505
727,7.141949437583956,7.513119579807795,-0.371170142223491,2.3895758232497872,0.27034497556039894,1.102268463237411
728,7.215195208267526,7.71224201576788,-0.4970468075007375,2.4265552954661427,0.24226105556445682,1.1693539489136453
729,6.934455684314183,7.493870072402902,-0.5594143880889533,2.2148869577928263,0.22006511677645788,1.2263549882609113
730,7.010107996043938,7.518037765028477,-0.5079297689835585,2.055709684315632,0.22400883273090674,1.2159372343397747
731,6.936489815187836,7.491178327165005,-0.5546885119765648,1.9046095829514194,0.20655686294096917,1.2630899288763973
732,7.08812501558243,7.55105229105219,-0.46292727547006507,2.243486148465335,0.24252303796956992,1.1687036820244798
733,7.566863810897142,8.109311982509244,-0.5424481716127048,2.3195523782083622,0.2280866017774598,1.2053023525096056
734,7.515990117600107,7.971635506551524,-0.45564538895087026,2.6264857515949327,0.25899731904665957,1.1287641987385049
735,6.9452039619626005,7.304553494107831,-0.359349532145643,2.9282516274470343,0.29138735857732406,1.0550830168083545
736,7.1975786922256,7.562900173227336,-0.36532148100195627,1.976719129930899,0.2541961476038106,1.1402164216813435
737,6.403893197736418,7.026272805288673,-0.6223796075528298,1.7847163090504772,0.18657891148992997,1.3207674637875932
738,6.793260614140148,7.124210649612702,-0.33095003547259694,2.005448106810718,0.2644789578872208,1.1158672601226363
739,7.025053445442448,7.453851995886512,-0.4287985504442986,2.6663595048067155,0.26656113506202284,1.11101676038827
740,7.374959847965168,7.799533348124629,-0.42457350015956763,2.2780623814455936,0.2529385192662612,1.1432410589425537
741,6.926875029113783,7.252597482877472,-0.32572245376377396,3.171716014781726,0.30631338226273414,1.0229882904715342
742,6.888047402562573,7.221803653598552,-0.33375625103690254,2.9080459010595803,0.29702024722547926,1.0428446519101184
743,6.660325400232817,7.039092632737844,-0.37876723250610667,3.155336258665562,0.2932498905330099,1.0510189413058517
744,7.297959075806669,7.8699269577725515,-0.5719678819659748,2.4927364070087386,0.22876340980685123,1.2035503750605312
745,7.061402560957343,7.364978978653798,-0.30357641769660404,2.9969998738254002,0.30704512854758703,1.021441887204473
746,6.3760047013309515,6.776222238357351,-0.40021753702603746,3.0281091996829126,0.2846593606445856,1.0699110236431615
747,6.690856769914556,7.138618676053002,-0.44776190613902145,2.103998282208199,0.23993810679041322,1.1751415078380762
748,6.421099189766049,7.12846338692606,-0.7073641971601319,2.2905817121820817,0.1942041944121278,1.2982419867720723
749,7.089847953610682,7.589621843966579,-0.4997738903566642,2.316096747442785,0.2372300757932014,1.1819385715919584
750,7.490787710918833,7.798497919582199,-0.3077102086635932,2.0673410478875898,0.27347735048982064,1.0950896775957364
751,7.170391611207218,7.520302592876756,-0.3499109816702912,2.5465069424915736,0.2813879503752394,1.077206660473747
752,7.233070011448784,7.7637564131754315,-0.530686401726598,2.7819956844358664,0.24785599439276693,1.1555726647611049
753,7.011371125655226,7.631205379145473,-0.6198342534898984,1.8092222981271746,0.1883725539489171,1.315408787040041
754,6.7354223629234395,7.269986578755254,-0.5345642158326882,1.9277724996175039,0.21201037480288498,1.2480564785699995
755,7.014144454217624,7.592606508073859,-0.5784620538561285,2.1422942179808295,0.2128935637600559,1.2456482401963542
756,7.350166192361779,7.864680333668974,-0.5145141413067904,2.4815185426085566,0.24054606262397016,1.1736230046328828
757,7.225383022703521,7.677380522207858,-0.4519974995037046,2.654936264841206,0.26082709557770073,1.124438385202635
758,7.004412559191972,7.233257264495076,-0.2288447053033451,2.6113118138499285,0.3152366979953634,1.0042944707422163
759,6.830938591645302,7.292556989126541,-0.4616183974821979,2.3948846389596454,0.2489993869584581,1.1527831870856635
760,7.133312899287215,7.721944778587438,-0.5886318793009195,1.7870133271524953,0.19342389155400516,1.3005168307596466
761,6.52424479756048,7.074184219700679,-0.5499394221396869,1.7691833969770734,0.2004745932242073,1.2802006049852288
762,6.9245956444736505,7.461509067291803,-0.5369134228176335,2.3473488515364114,0.23040977197167264,1.1993039700282224
763,6.930337337246622,7.448775099862298,-0.5184377626155765,3.591831503630896,0.2739625345938412,1.0939827710250074
764,6.532564491986544,7.152592167410229,-0.6200276754225342,1.478395047572242,0.16935104068403506,1.3742920265629874
765,6.999565330866811,7.285251706391686,-0.28568637552507425,2.281766917079766,0.2882903702566727,1.061879549365563
766,7.532499357341133,7.998425343769351,-0.465925986428374,2.471583797913974,0.25098174524722555,1.1479680704191226
767,7.156840220598336,7.709339481987679,-0.55249926138913,1.807233639223977,0.20197687690909755,1.2759395837275218
768,6.761216662713035,7.359297476951812,-0.5980808142385285,2.3858902846219383,0.21921321725780496,1.2286229218789484
769,6.855443308712732,7.488318865606156,-0.6328755568938504,1.6915507196937156,0.17947702219850756,1.3423670213695493
770,7.011768846699691,7.422381706700594,-0.41061286000058317,2.0603502695510034,0.246817571779178,1.1581138669622069
771,7.17778722787791,7.744920056974588,-0.5671328290964084,1.9695181934470174,0.20716687577030926,1.2613941477556534
772,6.764844964646566,7.253044765126336,-0.4881998004802881,2.1849591998142,0.23425589146548698,1.1894671471521838
773,8.07712718995101,8.399175249613247,-0.32204805966284766,2.670653886246331,0.292589420808141,1.0524581080740014
774,6.811365298310032,7.339912912280798,-0.5285476139715684,1.5802176081630037,0.1942004517433712,1.298252881875715
775,6.8843478240213,7.320675401923313,-0.4363275779023752,2.2583140544258153,0.24933702409509612,1.1519611841806883
776,6.4558429186725546,7.025631892019848,-0.5697889733482953,2.1182318232835744,0.21360770449031266,1.2437062239463619
777,6.56282387839003,7.0734860348246285,-0.5106621564345915,1.7379179284581046,0.20723522999428942,1.2612043550197505
778,7.082567911728641,7.428857949790252,-0.3462900380618521,1.911448360320108,0.25595456903600444,1.1360047674894682
779,6.7518184348680945,7.134122070286732,-0.3823036354178839,2.5268751012914095,0.27270511534757497,1.0968542394291403
780,6.970012147883447,7.429590242815219,-0.45957809493302193,1.9601741938423114,0.2304045815541122,1.199317323528121
781,6.911554387096497,7.30448090567852,-0.39292651858249883,1.8888766049299406,0.24291069255254244,1.1677423896885806
782,7.1750131322076625,7.61990045274803,-0.4448873205401469,3.1062361862404924,0.2767470497924433,1.0876558847131041
783,7.39260524500953,7.835821301286447,-0.4432160562773788,2.952520991804162,0.272549455912645,1.0972103359368008
784,7.355501201331047,7.858165536787491,-0.5026643354567568,3.015922989036124,0.2613776186218066,1.1231409926736717
785,6.923106211877733,7.334320075480934,-0.41121386360373435,2.4367198278317908,0.26240199327101055,1.1207319141456045
786,6.881697593032025,7.426354876759592,-0.544657283727247,2.245189001071326,0.2244940261360217,1.2146646346512626
787,6.7966373651605165,7.207916336127023,-0.41127897096703236,3.3206766891772546,0.29020117208255647,1.057680404001815
788,6.805311033470228,7.332759603888316,-0.5274485704185281,2.6597108516115924,0.24431321250244978,1.1642734499731426
789,6.95424829427959,7.32931565241807,-0.3750673581380397,2.350487549941864,0.2678671525796473,1.1079876430303028
790,6.911447405990496,7.5139416190755055,-0.6024942130852651,2.002064573760192,0.20149243452043755,1.2773111051825654
791,6.714444084126465,7.141082198194527,-0.4266381140687372,2.269068472831986,0.2520760692633608,1.1453213398350977
792,7.106471620125215,7.664104885196944,-0.5576332650716722,2.1439776786101348,0.21731548072272505,1.2336979429813895
793,7.004380067652913,7.341714704239766,-0.337334636587002,2.34968200473552,0.27733951216913166,1.086315318219966
794,6.971087048460343,7.404078564606908,-0.4329915161461031,2.3971414385952396,0.25572335208870045,1.1365574121024264
795,7.384232536612056,7.894382448707527,-0.510149912095585,2.48487696724316,0.2416270154943175,1.1709297506225576
796,6.948709190870271,7.609130972430807,-0.6604217815611264,1.6515420998189523,0.172030313364316,1.3657090159020508
797,7.095677885444114,7.6495936530721975,-0.5539157676294053,2.8986672073872377,0.24682915274305078,1.1580854850659235
798,7.0536863490968456,7.380117078813885,-0.3264307297176856,3.0034315338569737,0.3015675842296775,1.0330776018350063
799,6.944569575122681,7.356770864110845,-0.41220128898839903,1.7867682904714428,0.2328156055390673,1.1931372998385366
800,7.004056397374209,7.487818555558579,-0.4837621581837084,2.27504182172458,0.23910762231200744,1.1772202146040227
801,7.046043866721287,7.473299831989851,-0.42725596526906884,2.847764534120243,0.27291735671514183,1.096368926457155
802,7.305497321838469,7.882572985357984,-0.5770756635192811,3.0970120264697307,0.24828262155519337,1.1545307930865902
803,6.520831591205773,6.897952929486148,-0.3771213382806309,2.241045690947171,0.26295486585981664,1.1194343915308007
804,6.500315617872569,6.9896560598278255,-0.4893404419553917,2.168916484669424,0.23329497839845478,1.1919139737499613
805,7.106045374044537,7.3510715491691085,-0.24502617512371216,3.040687809520085,0.32311793942852346,0.9880708730838935
806,7.205693832967721,7.64156990459882,-0.43587607163135544,2.2612477182161648,0.24956580150929927,1.151404650517397
807,6.882542976000717,7.158787592956311,-0.2762446169554096,1.9442361189058772,0.27651294127333614,1.0881861419178613
808,7.321934608953437,7.664233607869643,-0.34229899891670357,3.3507198516677654,0.30690848052298614,1.0217304806614431
809,7.442947785680938,7.77531497657333,-0.3323671908920005,2.721962305801764,0.29165102779325036,1.054506627821467
810,7.048943791427358,7.586404904302948,-0.5374611128754623,2.47719452732486,0.2354289853953477,1.1864896526282658
811,7.1465068079367695,7.743934586757088,-0.5974277788200197,2.3697482902472427,0.21869475074207698,1.2300062865200174
812,7.008417754767673,7.388582954281577,-0.3801651995136126,2.1717779366521217,0.2592755203044096,1.128105136121943
813,6.554099932769371,7.140746083507639,-0.5866461507384884,1.6153722859468225,0.18421816421744647,1.3278787549331317
814,7.497573627307996,7.95412267105286,-0.45654904374532634,2.2632814477370182,0.24482659148160713,1.1630071746670383
815,7.0119596530729025,7.562139666435779,-0.5501800133633878,2.545838711546999,0.23533051595954718,1.1867391789583577
816,6.86214334239305,7.382107451885406,-0.5199641094914114,2.5462258552635237,0.2418021541187474,1.1704941819791308
817,7.1571212235210835,7.552773183492579,-0.39565195997147384,2.772817412275584,0.2778908962619644,1.0850694512005286
818,6.631385254367909,7.20622729580982,-0.5748420414429347,1.9194001533771132,0.2030910440586318,1.2727943008792681
819,6.8238657446671125,7.223993959294506,-0.4001282146282392,2.565050326126352,0.2697715434817367,1.1035888191727972
820,7.398654480234494,7.787157437035797,-0.3885029568018581,2.2140444731211133,0.2590068533713305,1.1287416036780413
821,7.258969491091032,7.745571535993238,-0.48660204490170145,2.7325140221939748,0.2557353849296004,1.1365286431710597
822,7.074295850767906,7.643444720058542,-0.5691488692909843,2.558789646626712,0.23184470067108456,1.195620467214533
823,6.569363196205653,6.8602779735937345,-0.29091477738802496,2.400533037165692,0.2913546469330558,1.0551545499086996
824,7.110179423126122,7.36806450326858,-0.2578850801428416,3.6200819202665127,0.3333089259688198,0.9674704111073215
825,7.19984504587121,7.713454385449391,-0.5136093395785792,2.366162181519586,0.23621883023501045,1.1844908145041704
826,7.030667596672013,7.433724328665977,-0.4030567319941838,2.6334680220689,0.2714734221605052,1.0996757547368374
827,7.325804145549976,7.754719922837256,-0.42891577728732955,2.6658137750533104,0.26651513616351785,1.1111236340381805
828,6.955657927502055,7.502458218791051,-0.5468002912894008,2.1299168917100335,0.21897842879895005,1.2292490895190993
829,6.874401434050763,7.31273985083187,-0.43833841678133467,1.6651080915015815,0.21968569093531964,1.2273643190466024
830,7.075820053731898,7.716636829183041,-0.6408167754498209,1.9682283384839607,0.19229542960869173,1.3038186283014177
831,6.593418196468359,6.957999110894408,-0.3645809144254599,2.766698549937754,0.2851465158649793,1.0688294736068558
832,7.021931181241437,7.324279490532827,-0.3023483092911192,2.9207371503124406,0.30520155238227475,1.025342619986985
833,6.997782250182193,7.2790156788300875,-0.2812334286472833,2.763041381643209,0.3059446001281624,1.0237685675648145
834,7.168863265112871,7.499320144643344,-0.3304568795292653,2.879083467317402,0.29697569540367513,1.0429408353342515
835,7.784414811240661,8.174001594654346,-0.38958678341350605,2.243805101529336,0.2599845301017648,1.1264276938567575
836,6.9194158475591605,7.330490862193346,-0.4110750146346618,2.8843595534979904,0.2778100588345455,1.0852520001442012
837,6.807516009874983,7.301290715980239,-0.4937747061048867,2.155813833017328,0.23172030289598136,1.1959391576869662
838,6.492013840530329,7.077983326371824,-0.5859694858409057,2.055632727075995,0.20738279544392285,1.2607947787626177
839,7.3004916299258396,7.691724829171082,-0.39123319924510724,2.1103957677092833,0.2538405206773189,1.1410706576007061
840,7.085033957500694,7.635271330227442,-0.55023737272586,2.366460924943521,0.2283463290235247,1.2046295883304248
841,6.597769273350262,7.0324615164048465,-0.43469224305499665,2.571780953745149,0.26186529970490124,1.1219932739911824
842,6.9792576858870445,7.430404391561207,-0.45114670567363646,1.902859837760623,0.22952391706927253,1.2015861321861054
843,6.665816919470511,7.121220163395303,-0.45540324392459297,1.877346165846296,0.2272281890569434,1.2075297655563206
844,7.240479713006446,7.715553638401398,-0.4750739253950087,2.220784083126217,0.23877735688646923,1.1780482858580186
845,6.813049361308752,7.296375669732394,-0.4833263084237842,2.501804489223195,0.24820125398582268,1.1547294051452175
846,6.858167374263597,7.231979402534004,-0.3738120282705495,3.4064428382747494,0.3009359544287148,1.0344283547381945
847,7.205934536361222,7.651280864314269,-0.44534632795239304,2.6936846224350965,0.2636842600878803,1.1177254726443877
848,6.965418135869025,7.4906875602850205,-0.5252694244163649,2.6367390401616735,0.24396170080787957,1.1651415492674253
849,6.499020772871357,6.88655844549812,-0.38753767262642214,3.202199028052936,0.29248325549221155,1.0526896462343132
850,6.968119399395458,7.441401317645403,-0.4732819182490857,2.4289699168863574,0.24767689367006393,1.1560104229775254
851,6.887036409770029,7.305919513701329,-0.41888310393096617,3.5748400613268547,0.29486389723602285,1.047511139461059
852,6.757301437849331,7.280611178160153,-0.5233097403097418,2.2551446568588585,0.2295141963694094,1.2016112096265235
853,6.974139415564262,7.412552626324614,-0.4384132107597907,2.989215104825549,0.27475104528725325,1.0921867042710087
854,6.525392109937296,6.9896890131744085,-0.4642969032365727,1.9938732588568442,0.23094620770548102,1.1979250216541193
855,6.830892159211383,7.221614054283459,-0.3907218950726019,3.1347326092265764,0.2898973924455986,1.0583467374835198
856,7.066753882910073,7.4798028755080095,-0.41304899259648664,2.406767924027026,0.2608174352059885,1.1244611682592738
857,6.656203420192308,7.2621017212909065,-0.6058983010998418,2.072613101295623,0.20412709041379853,1.269880808154163
858,7.4714791205440845,8.02824824912047,-0.5567691285759793,1.966619181511387,0.20919795800661833,1.2557738973043926
859,7.02695896759253,7.559298196553388,-0.5323392289610638,2.0574477943489438,0.21875329340084856,1.2298499659791553
860,6.923503452457974,7.416039835421247,-0.49253638296340796,2.6721571616946562,0.25234041503158894,1.144683195544738
861,7.329353824394114,7.739581183736791,-0.4102273593425707,2.356782655876442,0.2595424112000668,1.1274733281105518
862,6.567889559315357,7.160107598423099,-0.5922180391080474,2.1697045317478167,0.2112908407823298,1.2500238344502552
863,6.942164235245239,7.461615457134161,-0.5194512218886302,1.9444841500015588,0.2161228792985335,1.2369035841005231
864,6.685728718933045,7.221634736680538,-0.5359060177470383,1.460959143045903,0.18514380246004947,1.3250824616299812
865,6.934096864077058,7.487986476222811,-0.5538896121452126,2.792017413902192,0.24330263165194943,1.1667715685624984
866,7.126720131744899,7.466396801749229,-0.3396766700034277,2.808083095436956,0.2925442572476517,1.0525565993322243
867,6.95478279756919,7.347064464970901,-0.39228166740122106,3.0226029279499773,0.28634719937181285,1.0661691183512465
868,6.508908311106846,6.988166619018787,-0.4792583079124597,2.047084624366276,0.2300398441149349,1.2002562275302988
869,6.484035474253527,6.85591876222234,-0.37188328796946735,2.6527098079846496,0.27962734440003284,1.081156859385194
870,7.0447828726799555,7.400190539918451,-0.3554076672380688,2.4601105661074723,0.2769138343317486,1.0872783031949949
871,7.457692481817342,7.937888782730584,-0.4801963009131214,1.9779796705913082,0.22652930407579341,1.209347669682301
872,7.015635764822785,7.377762317809622,-0.3621265529864104,3.0616666401430184,0.29457725147421926,1.0481331793145958
873,6.720466505672287,7.105811425498177,-0.38534491982682084,2.3451599067660727,0.26512383567642017,1.1143621932930197
874,7.103224404413434,7.455165561505832,-0.3519411570923694,2.077173068890886,0.26227323545639686,1.1210343635758906
875,7.133134614674257,7.561798654048391,-0.42866403937387076,2.377239437188301,0.2559623102294597,1.1359862708302815
876,7.066290639270686,7.387994156197084,-0.3217035169263909,2.476628997083184,0.2860583561757443,1.0668084187578204
877,6.8809884230866585,7.270053710324102,-0.38906528723691736,2.3878473687328743,0.26587676308593206,1.1126081396577074
878,6.976504901392967,7.509037673551677,-0.5325327721575377,2.1643121856576943,0.22357575121501813,1.217074816925081
879,7.152400410164613,7.658215633346809,-0.5058152231822532,2.1878239802173667,0.23045069351234687,1.199198697781066
880,7.130391944551614,7.588601413513326,-0.4582094689612859,2.446160330007027,0.2517718908295484,1.1460562198334066
881,6.838852003624036,7.253135223554994,-0.41428321993134887,2.841651722061844,0.27572358763235144,1.0899762919478126
882,7.043930771774124,7.481987186227808,-0.4380564144539676,2.6221058929017627,0.2628766411193194,1.1196178607109841
883,7.03729534366705,7.575030829850465,-0.5377354861839194,2.4398983140518133,0.23392508242026802,1.1903087003943582
884,6.866238922820979,7.203459876041424,-0.3372209532208217,2.5089831244654963,0.28325339494707236,1.0730394975162292
885,7.178380069932085,7.629763110780142,-0.4513830408477588,2.534970007252541,0.25667281197594555,1.1342902634524654
886,6.668988314983674,7.022035546021871,-0.35304723103763536,2.2875751696272957,0.27089815109773935,1.1009965674451674
887,6.9201189585490495,7.4498808957381355,-0.5297619371895053,2.2422302589614276,0.22756549654465788,1.2066538045578905
888,7.205137340336317,7.538590373702443,-0.33345303336500365,2.698146955123109,0.2906131154516525,1.0567775654035798
889,7.059213222707352,7.50281369089728,-0.4436004681901977,1.9776063498080543,0.23499834798359992,1.1875814542763925
890,7.274864929194176,7.588352499125537,-0.3134875699315671,2.442888426845448,0.28696680807019115,1.0647991981977845
891,7.1448912491130825,7.598459646086471,-0.45356839697342366,2.49775440414448,0.2547909303184969,1.1387895766367906
892,7.175902796217836,7.519289705160861,-0.34338690894310275,2.635433656388102,0.28606609239802944,1.0667912903937127
893,7.140866785723868,7.592166096757754,-0.4512993110338357,2.449271361922266,0.25347869242688553,1.1419406448642264
894,6.754700056985551,7.2689039400582045,-0.514203883072696,2.5742920205258617,0.24408842725904398,1.164828482265827
895,6.728909520681394,7.240588883104382,-0.5116793624238198,2.8504780235375495,0.25420326078118405,1.1401993439151892
896,6.8348589048708375,7.391933319869085,-0.5570744149981692,1.614441725570705,0.19021730182364946,1.3099365481758956
897,6.435967573739457,7.0241188822839815,-0.5881513085441838,1.764926273327312,0.19233435308645663,1.3037045042447393
898,7.665712462461509,8.093086950464663,-0.4273744880028971,3.072516147017387,0.2797168161023555,1.0809557085406367
899,7.067731953886162,7.391990767512065,-0.32425881362541986,3.141962234497603,0.3058835939072261,1.0238977059186636
900,6.843731962364312,7.1650267663009,-0.3212948039363255,2.8967729915354052,0.29976941309928745,1.036928000983343
901,7.36036168821722,7.889200543729788,-0.5288388555118217,2.04783246075538,0.21906039321951062,1.2290304402598655
902,6.7531096937762625,7.31104599881733,-0.5579363050419488,1.7346497305452608,0.1969028831098072,1.29042573059642
903,7.108486858606578,7.519171994424329,-0.4106851358183121,2.6208950099653094,0.26922954232776697,1.1048385749253953
904,6.907696368420896,7.279254177200026,-0.3715578087785616,2.6856843033796345,0.28081140499185725,1.0784983785162359
905,6.844781247742342,7.254663482773782,-0.40988223503063637,2.902402784978575,0.278645925583198,1.0833661695597914
906,7.125847062527849,7.690430148977998,-0.564583086449602,2.003370580064356,0.20933703024866748,1.2553905167105082
907,7.114650833557628,7.767188896933237,-0.6525380633756868,1.7749950443459603,0.18025944049205864,1.339956644984998
908,6.87776094757812,7.344295843222933,-0.46653489564505435,2.2475000029420684,0.24186462174827386,1.170338879099129
909,6.991752798280525,7.66282064550646,-0.671067847226368,2.4220275743733986,0.206320183973364,1.2637488542440332
910,6.800373508662072,7.323683372294364,-0.5233098636326758,2.3030702269846426,0.23152524464231236,1.1964391155516079
911,7.106091297423357,7.393816520310568,-0.28772522288727487,2.6700644261247337,0.3013728876673112,1.0334937632738863
912,7.294102869111906,7.793799435373987,-0.4996965662630828,2.362906082093316,0.23915101253589993,1.1771114827028766
913,6.944225641093747,7.298433283345825,-0.3542076422527316,2.1823008269486444,0.26627084136277124,1.1116914403737927
914,7.212551152121544,7.690691049906515,-0.4781398977847857,1.9966663602171213,0.22790129983072085,1.205782668576434
915,6.727856193347928,7.10731082337023,-0.3794546300214279,2.271226286763085,0.26361511702250856,1.1178873298819292
916,6.84382448396975,7.357303401261734,-0.5134789172925593,2.959186499276287,0.2572981237805139,1.1328003039871937
917,6.663753719876534,7.118317829825005,-0.4545641099484783,2.113528206999561,0.2387801280805517,1.1780413343094942
918,6.756311922024746,7.277654397426953,-0.5213424754019798,1.7440091049950635,0.2052322846766084,1.2667846989759568
919,6.99278796213532,7.554189218406914,-0.5614012562709831,2.3726935875584747,0.2262458792081025,1.2100860402684395
920,7.054327417918851,7.568755795431282,-0.5144283775116492,2.464459459337,0.2399102348590548,1.175211189084171
921,6.829050082628622,7.283617221623632,-0.4545671389951167,2.3414308464866895,0.24849284850808465,1.154017855777999
922,7.458987262689173,7.829637447588669,-0.37065018489920476,2.481535083618608,0.2739143554152745,1.0940926278079457
923,6.866343759385766,7.3288455913803245,-0.462501831994814,2.418856706708292,0.2497350110628835,1.1509932534813103
924,6.832542130918976,7.39258227548775,-0.5600401445690295,1.9295952459627532,0.20668319702199975,1.2627384332393514
925,7.018805001014537,7.493830632427364,-0.4750256314118815,2.2995863561471204,0.24210334295459993,1.1697456461427251
926,7.073000232642538,7.55138558417197,-0.4783853515282317,2.3936807175468715,0.2451421248507603,1.1622298200247638
927,7.03356977014739,7.485435006223763,-0.4518652360766282,2.141508651541404,0.24066200235128068,1.173333726809575
928,6.6864497813256305,7.029779796868719,-0.3433300155420511,2.71966942319831,0.28884957764181673,1.0606487089028713
929,6.93341914416744,7.323653120071515,-0.3902339759051756,2.1954642093169756,0.2577929246585449,1.1316230988034648
930,7.07526026992475,7.489306251695278,-0.4140459817708688,3.005957018781947,0.28081203541848054,1.0784969650974257
931,7.192231211559213,7.515073117696306,-0.32284190613791,3.6886944920609555,0.3192743960458598,0.9959500897293387
932,6.843206340153141,7.2989432580284825,-0.45573691787558346,2.2941363369127856,0.2462957714741584,1.1593936315346414
933,7.229461075456878,7.75034177891155,-0.5208807034541678,2.135326931131397,0.22481110382539002,1.2138340424948741
934,7.1287223236966595,7.542446237959477,-0.41372391426284594,2.7312906375623456,0.27227219072995934,1.0978449704163504
935,7.194875645131854,7.510434775886206,-0.3155591307549912,2.859158764272216,0.300088270323375,1.0362441157550875
936,7.151109777278019,7.517011399222798,-0.3659016219444311,2.6189049532620317,0.27993976474184484,1.0804546641859138
937,7.182424674561683,7.512062118529964,-0.3296374439678402,1.9864268982449786,0.26394004101135127,1.1171269685664382
938,7.261680389656088,7.562245589606792,-0.3005651999501424,2.3538414841611424,0.28706750000697456,1.0645767626637248
939,7.17216034904943,7.6766141472098495,-0.5044537981593749,1.9676777246263395,0.22057119094595146,1.2250106949057546
940,7.207456649875733,7.658248730942563,-0.45079208106653823,2.8807351681293856,0.26860229321773726,1.1062870544307204
941,7.226692371450393,7.49746321369427,-0.27077084224401915,2.8232723592862996,0.3104512984196213,1.0142755268478514
942,7.158335397319045,7.602497952723101,-0.44416255540454586,1.8655353484298516,0.22926546813067894,1.2022531354186394
943,7.437175681243228,7.8733500723911645,-0.43617439114768786,3.0346546290028584,0.2766143027463653,1.0879565200205572
944,7.274355657915133,7.706464355482207,-0.4321086975678554,2.750572957279452,0.26864156274362905,1.1061963028878934
945,7.128160467465771,7.436000875088072,-0.3078404076222796,2.6599952229993313,0.29585920638576996,1.0453543943002919
946,7.27134705712417,7.593791558893879,-0.32244450176949613,2.9399750566966176,0.30074175131637576,1.0348440414855955
947,7.020369179469365,7.56250689325979,-0.5421377137899981,1.8125052239757888,0.2044550691337485,1.2689607336900872
948,6.931013284644744,7.466194867674051,-0.5351815830290434,1.9433716612060454,0.2126529580523612,1.246303596369241
949,7.561042348054637,8.049794925243265,-0.48875257718918874,3.1499743153918924,0.2683655608559125,1.1068343340522404
950,6.843095897328406,7.295964057349972,-0.4528681600213531,2.7707655121149113,0.26456844656118556,1.1156582533437611
951,6.694304385411509,7.24381097135976,-0.5495065859486203,2.0714720749031823,0.21572885909999262,1.2379654847154304
952,7.098292919303115,7.353594222756366,-0.25530130345214275,3.14944461677746,0.323242125815149,0.9878173153170052
953,7.306760379395949,7.776758655649668,-0.4699982762531363,2.6152709434966734,0.25534995505050606,1.1374506229905914
954,6.771446765275708,7.343978475385714,-0.5725317101096152,2.3793374189592615,0.22419198556352204,1.2154566168036272
955,6.990699779250302,7.350372189601596,-0.3596724103508677,2.689394388517494,0.28383439768329366,1.0717454119516046
956,6.509290304770569,7.146162245196709,-0.6368719404263175,2.174769067326441,0.20259765442387714,1.2741855799708468
957,7.217488222807172,7.609593636396002,-0.392105413588979,2.5369769887454883,0.27069383455646107,1.101466137294093
958,7.014896033774515,7.5028088383648734,-0.4879128045913603,2.2252988593985723,0.2360670272618981,1.1848746105824386
959,7.294839052825249,7.808538233946126,-0.5136991811195912,2.7156423507113256,0.24923290837674011,1.1522145786779703
960,6.6724646662158404,7.1158251999195015,-0.443360533703526,2.2136006474727736,0.2457944123919057,1.1606250533688092
961,7.522011192764533,7.875922496540023,-0.3539113037750212,3.0430878276493427,0.2960173700540078,1.0450121154549423
962,6.64591513065245,7.1211517007271,-0.47523657007423026,2.34042642403095,0.24372465372392485,1.1657274608693275
963,6.879103713213975,7.299424801436042,-0.42032108822149894,2.666146087931386,0.26852920975477557,1.1064559739581354
964,7.136624280908857,7.556036287640221,-0.41941200673136336,2.131134230925248,0.24788781437033158,1.155494913494683
965,7.168505510148701,7.516552204730149,-0.34804669458026183,2.664370965202819,0.2858724343097483,1.0672201527969714
966,6.543021258010252,7.099335034661126,-0.5563137766512227,1.7986535870941935,0.2007170219924778,1.279511416379306
967,7.15635384194304,7.6168117672481115,-0.4604579253054908,2.116081568153797,0.23752733848236063,1.181189784624791
968,7.127420213088793,7.481617826357872,-0.35419761326920707,2.7505291797736824,0.28716264634088684,1.0643666261447344
969,7.041697208002755,7.3598265424030584,-0.31812933440141933,2.41343445107864,0.2846874627242907,1.0698485992357978
970,6.890117941988886,7.335585236504623,-0.4454672945157654,1.4270728961202153,0.20306541223699595,1.2728665178153526
971,7.297182814623578,7.578841835740877,-0.2816590211168659,3.042306164592306,0.3137844410868858,1.0073128822464088
972,6.520539036227841,6.894660064150879,-0.37412102792313817,2.483919707630843,0.2731473916292306,1.0958432180453093
973,6.910450771320778,7.37028568430529,-0.45983491298466106,2.139926086891414,0.23874033194852418,1.178141168485847
974,7.034592644079406,7.58740468717033,-0.552812043090853,2.4000124328387447,0.2291481467157466,1.2025560942979174
975,7.187034686576065,7.794508423752364,-0.6074737371764058,2.6004894644895664,0.22556528016619914,1.211861817661614
976,6.672036869980569,7.20571327299628,-0.5336764030153063,2.091594675742332,0.22004681360343772,1.2264036488236976
977,7.044372297740504,7.468260820596757,-0.42388852285603207,2.6486333900137105,0.26709250901753523,1.1097830871701233
978,7.197192166551598,7.6140442823053744,-0.41685211575440917,1.6501887062804226,0.2240055845891664,1.215945760433199
979,7.121929698859115,7.615487199128689,-0.4935575002700716,2.6377679277402315,0.25090184280101513,1.148161637529272
980,7.286090241905934,7.770198066127466,-0.4841078242216099,2.6378736561374136,0.25299783105291396,1.1430981771319064
981,6.572842005119877,7.092112099829033,-0.5192700947090998,1.3933188270355394,0.18417729859899343,1.3280024468035112
982,7.372158401615546,7.83693833779343,-0.4647799361782745,1.962289795160281,0.2293017983475896,1.2021593423376677
983,6.821206303851635,7.269575312122671,-0.4483690082706744,2.0305048707780955,0.23640154836580227,1.1840290884024345
984,6.75581388224857,7.216721539136581,-0.4609076568885939,2.5811413330386,0.25618060534166953,1.1354648405934855
985,6.417061859527915,7.002980307467591,-0.5859184479395481,2.0312065304619047,0.20624567329277121,1.2639564090785769
986,7.157291107477088,7.440403136845876,-0.28311202936856716,2.622960624351858,0.301063918206652,1.0341545492395758
987,7.53939097876066,7.868816669012818,-0.3294256902527195,2.5450534653857275,0.2864960898569369,1.0658397472396155
988,6.444697685962477,6.980027735430514,-0.5353300494680298,1.6457346722825044,0.19664056439669803,1.2911820311788336
989,7.106665258048291,7.570143266652376,-0.4634780086043975,2.2061108948997425,0.24080000924507783,1.1729895177907321
990,7.097978086389797,7.4629847373966625,-0.36500665100720653,2.6010402866783107,0.2795461184887146,1.081339509881769
991,6.830771372255934,7.365536161721866,-0.5347647894659531,1.7271195988068584,0.20139476763685726,1.2775879044315674
992,7.1910649411627885,7.480388288178058,-0.28932334701494256,2.6541216496016418,0.30044793743991965,1.0354732826376816
993,6.8491477882397005,7.30660313579089,-0.4574553475504217,1.9363172967517368,0.2297228237934183,1.2010731588854238
994,7.218846748282725,7.690268617145587,-0.47142186886321724,2.4263952094041326,0.24799812823030606,1.1552254185899768
995,6.621641347231001,6.988661758086049,-0.36702041085573,2.263714997752201,0.2664098517176496,1.111368299263028
996,7.182570182992843,7.462205457763427,-0.2796352747700439,2.4432449128828573,0.2958945178706805,1.0452779668006869
997,6.995067556526759,7.559018917177229,-0.5639513606502078,2.74269053780516,0.23952198378251682,1.1761824305032524
998,7.042468596951788,7.520537482484268,-0.4780688855325934,1.7487095332229288,0.2151444258643083,1.2395431320146935
999,6.966834533779386,7.383753244693788,-0.4169187109137056,1.5102148031627518,0.21540412740087378,1.238841700477957
