,logR,logI,logS,d_G,p,sigma
labels,$\ln\mathcal{R}$,$\log\mathcal{I}$,$\ln\mathcal{S}$,$d_\mathrm{G}$,$p$,$\sigma$
samples,,,,,,
0,5.148444376354561,6.612251760716731,-1.4638073843621555,6.020172147761214,0.1780148692708613,1.3468924631006611
1,5.107908868041292,6.475486166856605,-1.3675772988153199,5.767925084093843,0.18519861867897217,1.3249171901034063
2,4.38725547467952,6.103478259300097,-1.7162227846205838,5.2574042140635395,0.13848091802073884,1.481471710269844
3,4.840506363481367,6.254866720295734,-1.4143603568143135,5.624055971600093,0.17718210185761735,1.349482299844175
4,4.598988405558586,6.050013457127754,-1.451025051569161,5.856602339552705,0.17682271602776778,1.3506027606042923
5,4.821667073427463,6.391774790328256,-1.570107716900793,5.487567101895195,0.15736071723013448,1.4140040367817164
6,5.019168180817175,6.387600854923644,-1.3684326741064297,5.302743738261203,0.17697569017645484,1.3501256243896984
7,4.723076992180481,6.20546177263283,-1.482384780452378,5.640866844963096,0.1696302361326841,1.3733928989733495
8,4.950012663965467,6.425032632868486,-1.475019968903041,5.941972790548933,0.1754684765981684,1.3548401968250283
9,5.242238683385821,6.740713242285381,-1.498474558899602,5.957775861093872,0.17306872003271065,1.3624093962337982
10,4.743777402430553,6.394297981556356,-1.650520579125839,5.6400863640369,0.1515168022345046,1.4341943735578693
11,4.694926496068646,6.221468286831524,-1.5265417907629057,5.95733892230357,0.16992841181611829,1.3724338714688067
12,4.415381125881694,5.819905921292527,-1.4045247954108504,5.868858863840488,0.18246120408348965,1.3332151650495636
13,4.838355472736609,6.356532906941613,-1.518177434204972,6.0624048179411485,0.17254088242680604,1.364084786211942
14,4.7276554960943,6.202281692030038,-1.4746261959357412,5.569332575610757,0.1692863098222699,1.374500646076095
15,5.213366988485959,6.762246492994773,-1.5488795045088182,6.334689577783184,0.1733852685322882,1.3614064828753885
16,5.113841288091223,6.732621045580938,-1.6187797574897331,5.128297661118651,0.14594480951617872,1.4540053983906567
17,4.708558685052353,6.279841884294392,-1.571283199242032,5.571359408807352,0.15866515273433462,1.4095752047879107
18,4.700864950523155,6.211686701322627,-1.5108217507994937,5.270452032459691,0.15999347641021613,1.4050935010372094
19,4.588660490019535,6.163596434334263,-1.5749359443147455,4.708386987601612,0.14266164948035087,1.465950952227952
20,4.557237126845948,6.116263809253034,-1.5590266824070227,4.991607846990956,0.14969287506348353,1.4406171413083564
21,4.804776586436148,6.288260612873685,-1.4834840264375657,5.377387227765288,0.16494024761480042,1.3886465738260936
22,4.5002218026599365,5.8774141637706805,-1.3771923611107013,6.1565909856638985,0.19037723212854085,1.3094639777141162
23,4.8381903922699365,6.259711359418617,-1.4215209671486946,6.252595015840951,0.18660806597573948,1.3206800585010923
24,4.816853855431745,6.262810226010846,-1.4459563705791538,4.963884823251872,0.16161012019683882,1.3996768133598458
25,4.842267546575371,6.360815237865392,-1.5185476912899958,5.794658161584277,0.16815767284721905,1.378147758361252
26,4.747854087470998,6.313600331371184,-1.5657462439002074,4.790692978607034,0.1452024404778109,1.4566883014543057
27,4.414732314005377,5.815356226584655,-1.400623912579249,5.648918438621113,0.17922805689758062,1.3431356403973158
28,4.598633126502861,6.025479910802563,-1.4268467842996984,5.32367336729639,0.17045318747596644,1.3707490856955538
29,4.892891091737383,6.412474859672766,-1.5195837679353303,6.110446756714554,0.17314568045059736,1.3621654382311073
30,4.75816769703799,6.159207425170155,-1.4010397281321048,6.078033802687475,0.18627455495630402,1.3216805292454825
31,4.891706918374652,6.238587941674687,-1.3468810233000568,5.80820204471163,0.18838858784083923,1.3153610544294507
32,4.921579601277514,6.3703032690413295,-1.4487236677638293,5.968696985967481,0.17892174638888897,1.344082388664287
33,4.605607207436364,6.1349839611592,-1.529376753722886,6.08480309678616,0.1716520117804422,1.3669148021667559
34,4.628393363321479,6.295976715060128,-1.6675833517386422,4.584538849899133,0.13095562943361588,1.5103441586830444
35,4.549479197521904,6.321583882785774,-1.7721046852638551,4.166916907828055,0.11311950339275037,1.5843262139657408
36,4.860815240823385,6.206087212445716,-1.345271971622367,6.0936869386652415,0.19325290290041353,1.3010162197456274
37,4.842816553730287,6.450816589605569,-1.60800003587525,5.463408273035601,0.15293848613554525,1.4292287875717178
38,4.60019109807557,6.033101804460429,-1.4329107063848596,5.18258298069653,0.16718954172667871,1.3812908783501259
39,5.0642249975782505,6.573085427184093,-1.5088604296058747,5.802134769379245,0.16935935689783424,1.3742652287761103
40,4.490919833825146,6.080377882312241,-1.5894580484871312,5.702772059694722,0.158930522093537,1.4086775975569268
41,4.497902936549892,5.987151127807007,-1.4892481912571043,5.3589380389441725,0.16396711121200644,1.391852357970128
42,4.511438959875633,6.012712500758372,-1.5012735408827211,5.07592803451187,0.15750756824151663,1.4135040607592273
43,4.813631966998216,6.54010963820593,-1.7264776712077037,5.763376273839745,0.14591074661452566,1.4541282718938038
44,4.437038420089081,6.207480684214524,-1.7704422641254496,5.624109141669628,0.13940393708232118,1.4780143509837649
45,4.623532841819937,6.260279701883235,-1.6367468600632833,5.000130875916124,0.14179544449093276,1.4691376982731523
46,4.407895791897019,5.824303526431208,-1.4164077345341752,4.897502946372295,0.16373321798194768,1.3926250034625753
47,4.497935314456683,6.082214358150985,-1.5842790436942664,4.485881554859841,0.13733006509292983,1.4858074270356112
48,4.566353742060855,6.268821376955849,-1.7024676348949583,4.823667760088709,0.13208141052171748,1.5059445433545473
49,4.654705252019298,6.224834152408864,-1.5701289003895909,5.841595052091051,0.16328577133362715,1.3941054246102103
50,5.10105901466504,6.408988866466643,-1.307929851801589,5.492413014470648,0.18777501108654576,1.3171898029033258
51,4.632667078166818,6.294950299864304,-1.6622832216974643,5.014801636857179,0.13949992256472404,1.4776558302192624
52,4.37830482231719,5.924291782494944,-1.5459869601777427,5.363029118321538,0.15779345749026974,1.4125317207112733
53,4.657787564846544,6.213482392717513,-1.5556948278709797,5.3482442883646115,0.15648639239767537,1.4169881489280305
54,4.5472340165371605,6.122659617146226,-1.5754256006090372,5.328265777078213,0.1540265302021656,1.4254521925208734
55,4.786880193600936,6.348591127897382,-1.5617109342964568,6.615792458076022,0.17618578292713072,1.3525927091524697
56,4.7126379129287415,6.239838897986669,-1.5272009850579593,4.641536643838775,0.14639215719061707,1.452393735445008
57,4.627225647334441,6.263762557711857,-1.6365369103774015,5.044833268270384,0.14262854905496156,1.4660724544611752
58,5.24452850195523,6.876209620816759,-1.631681118861593,5.976355335812915,0.15892447338287954,1.4086980445774486
59,4.854394698288431,6.491025794834389,-1.6366310965459547,5.753018217473947,0.15480825705669543,1.4227513222125145
60,4.883589678641371,6.509610608833871,-1.626020930192567,4.615336485107928,0.1356498470065482,1.4921880774589733
61,4.59073002884621,6.011233147606223,-1.4205031187600525,5.859958505650749,0.1804302956042902,1.3394313304306509
62,4.180046981956238,5.7256010533238175,-1.545554071367576,5.061734374846251,0.1524260063651377,1.431014685381027
63,4.86923754021727,6.248451538565725,-1.3792139983484617,6.3641944814374565,0.1933678080941276,1.3006805922090747
64,5.126400478156981,6.58560266989214,-1.4592021917351872,5.943598439332016,0.17730562210139683,1.3490975905051692
65,4.6677592932830265,6.222296756300846,-1.554537463017823,5.206537800188961,0.15409344555280383,1.4252205925398962
66,4.780237487458109,6.356746468227129,-1.5765089807690629,5.221386719486874,0.15201918737994,1.4324356312894568
67,4.622210383098704,6.271514960574613,-1.6493045774759025,4.660970643888776,0.1342119046328417,1.4976973347591713
68,4.724472208461393,6.290275139815773,-1.5658029313544262,6.460870341428533,0.17344019291865884,1.3612326065541396
69,4.860793748553235,6.647128198658468,-1.7863344501052438,5.004799733687589,0.12745601342604834,1.5242109905168397
70,4.828730873917365,6.416236523709408,-1.5875056497920355,6.053484855234421,0.16482087756458194,1.3890390445143284
71,4.2449571862175475,5.704131308812844,-1.4591741225953,4.755075680489606,0.15608439670171612,1.4183644236915145
72,4.823527287941758,6.362475331754499,-1.538948043812752,5.715848533164291,0.1645994873279562,1.3897675090810806
73,4.992523931335128,6.614346392412504,-1.621822461077386,5.299101794729289,0.14865837860673806,1.4442865819106088
74,4.915801848489352,6.441168278742076,-1.5253664302526886,6.312977238594618,0.17565458696415132,1.3542564124120562
75,4.659577953292384,6.372298141181197,-1.7127201878888627,5.377931348871458,0.14088639367696199,1.4724981964738906
76,5.023716364506001,6.750156401454067,-1.7264400369480768,4.94308299185095,0.13196022529488538,1.506416742861772
77,4.636261639416247,6.017272078026892,-1.3810104386105877,5.510727365184259,0.17917218919298408,1.3433082272168113
78,5.0127107612701565,6.521193988118462,-1.5084832268482842,5.757537049169473,0.16866164193841404,1.376516954396029
79,4.922181303943702,6.461636118525647,-1.5394548145819158,5.502943102808528,0.16093578690334334,1.4019312188671988
80,5.042160905961097,6.5659409047609785,-1.5237799987998528,5.9470429308053205,0.17006824958881248,1.3719845433561948
81,4.775269261597359,6.2851570590472505,-1.5098877974498919,5.643801414330687,0.16659636831585692,1.383223427890623
82,4.528539253137112,5.93224592592118,-1.4037066727840966,5.51095347648514,0.1764795774057112,1.3516741519315307
83,5.207652137409113,6.5741129132371725,-1.3664607758280454,6.405870465345007,0.19554510853811252,1.2943483909902331
84,4.9245041443072495,6.517813000441045,-1.593308856133774,4.296297704847866,0.13257724425547487,1.5040160108541643
85,4.859229630416834,6.4265281326104216,-1.5672985021935801,5.789877711044497,0.16274375573149258,1.3959028386676742
86,4.819713421590947,6.441241675466959,-1.621528253876022,4.7493790346393645,0.13867070348184216,1.4807593831521542
87,4.591394801388319,6.206187805390748,-1.614793004002422,4.421076623581566,0.13295094575616567,1.5025661966880686
88,4.6755367546189035,6.242166090559369,-1.5666293359404335,5.526076360923424,0.1583932233881906,1.410496180735965
89,4.870268216716838,6.3546984123834775,-1.4844301956666754,5.9315168180079425,0.17422890897471163,1.3587402621820577
90,4.601734810028276,6.143301905859428,-1.5415670958311694,5.8214630287419435,0.16606099943327718,1.384972097498567
91,4.59235550408799,6.187215262794421,-1.5948597587064341,4.8613393496638935,0.14350899845791454,1.4628479159037353
92,4.473334273071984,6.114971312413434,-1.6416370393414468,6.001435611294742,0.1582851854825918,1.4108624180540328
93,4.852440952283288,6.383678236289018,-1.5312372840057265,4.822664372299483,0.14947868819754886,1.4413752867255998
94,4.7889155459726425,6.202649625409869,-1.4137340794372335,4.89938753443594,0.16407949408934824,1.3914814064829055
95,5.105300040405481,6.703238890325391,-1.597938849919899,4.949638393931714,0.14483691338642357,1.4580131683145916
96,4.8726050285299465,6.32368636236837,-1.451081333838431,5.61992307241225,0.17284244452170716,1.3631271405089933
97,4.8956257960811485,6.421513059623873,-1.5258872635426997,5.441437907266481,0.1613549545562089,1.400529036444599
98,4.624793938492402,6.310260881071187,-1.6854669425787847,4.935140081161125,0.13576875999250812,1.491734503834437
99,4.933449815432411,6.419302459698912,-1.4858526442665152,5.729835390583766,0.17073920602452144,1.369832462581826
100,4.97976872745555,6.6461306105480915,-1.666361883092577,5.854390356028787,0.15339561391300663,1.4276396188658227
101,4.642798008882195,6.205897418703792,-1.563099409821632,5.180475389210969,0.15270980160095693,1.430025147642601
102,4.472770916352644,5.909320224782977,-1.436549308430358,5.092432846003437,0.16510378348338453,1.3881092396013186
103,4.736496583750508,6.408537076501794,-1.6720404927512504,5.672206633032447,0.14985634420107133,1.4400390752909877
104,4.841550434840926,6.472147171150407,-1.630596736309485,4.245588132361757,0.12783821106426357,1.5226822890973952
105,4.773468773739168,6.322748471852883,-1.5492796981137644,5.7156534987639755,0.1634680174630156,1.3935020767465065
106,5.089906657294918,6.667828283590982,-1.5779216262960176,5.5728184264230425,0.1579799809127157,1.4118980536981618
107,4.601888895140675,6.073866791059064,-1.4719778959184282,4.252582939294038,0.14438741463980356,1.4596459103410366
108,4.803846057838868,6.403484037353831,-1.5996379795149664,5.4510661770298015,0.15360293147092913,1.4269200825991708
109,4.198087879641591,5.795612105111424,-1.59752422546984,5.4496507057814085,0.15380074171789881,1.426234231363001
110,4.673783619122489,6.3294090937141085,-1.6556254745916021,5.615626542859335,0.15058868809113785,1.437455219819868
111,4.276345939238453,5.988573502951741,-1.7122275637132702,5.133376518169861,0.13670847987544324,1.4881608473517312
112,5.137725018266835,6.570148495128169,-1.432423476861345,5.920933594685593,0.18003753259449987,1.340639479955023
113,4.79563930336154,6.273135597750116,-1.4774962943885726,5.338978101562066,0.1649326478713729,1.3886715542590797
114,4.7991861891492675,6.222172962934888,-1.4229867737856807,6.082816664722282,0.1837583028047388,1.3292718352303556
115,4.606646633196576,6.089756752723151,-1.4831101195266,5.573300460864235,0.16839485718457892,1.3773797923511488
116,5.114709240879549,6.568905522020252,-1.454196281140696,5.874800011629789,0.176756704959805,1.3508087483732767
117,5.195976703810956,6.716258428364107,-1.520281724553115,5.675100624608692,0.16597150379589753,1.3852648295844667
118,4.928299621700873,6.305024698371916,-1.3767250766710504,5.466150132848231,0.1789020710262963,1.3441432427040687
119,5.162732023592966,6.842569899922058,-1.6798378763291453,4.8698588619126575,0.13512535404578618,1.4941923403840474
120,4.881455097854015,6.30080077802565,-1.4193456801716593,5.949994090275203,0.18204346175380662,1.3344895732298823
121,4.648809883119881,6.1656273717269166,-1.516817488607046,5.595328148982569,0.16500448251931257,1.3884354676563628
122,4.8738897149574285,6.1372929805251175,-1.2634032655676606,5.080491817152266,0.18585424233103043,1.3229432758431976
123,4.593061082584015,6.166710491681695,-1.5736494090976976,4.963980304554449,0.1476354877458003,1.447934078576461
124,4.92911960284691,6.331529860469335,-1.4024102576224209,5.717584672230716,0.18018388284651635,1.340189074000157
125,4.60126958055524,6.054889521171205,-1.4536199406159653,5.438298062319387,0.16940242721594878,1.3741264567420453
126,4.74390331211076,6.384514595436563,-1.640611283325768,5.177294000129502,0.14458913909163812,1.4589126930974858
127,4.861899301985474,6.2962721665712955,-1.4343728645857823,5.685961972069753,0.17589865002237692,1.3534915428338876
128,4.4182027732936575,6.213633999325733,-1.7954312260321217,5.111067723834749,0.1284710351451774,1.5201589361913965
129,4.789728665521622,6.263609794242321,-1.473881128720734,5.27964268594345,0.16427875614795412,1.3908241559975951
130,4.633900419146514,6.137001898923092,-1.5031014797766034,6.36390710097851,0.17892840626954057,1.344061791409412
131,4.989193762280806,6.5710646406250355,-1.5818708783442048,5.194557627054751,0.15097347927918112,1.4361014369586071
132,4.979275299870707,6.3711660393773215,-1.3918907395066071,4.963496406153071,0.1678648128045349,1.3790971164462054
133,4.715592762047194,6.30565549665468,-1.5900627346074998,5.832263037375741,0.16099628575692435,1.4017286703672902
134,5.144768705904184,6.441422259873555,-1.2966535539692927,6.328434664740829,0.2029703189410818,1.2731344985171318
135,4.392549550467024,5.84455657521281,-1.4520070247457397,5.868353271666598,0.17690302380239517,1.3503522371555206
136,4.766725377509417,6.3871910276149855,-1.6204656501055297,4.70596480018038,0.13795110334531194,1.4834642674339387
137,5.309324084569809,6.9522531707696515,-1.6429290861998425,5.080628555534112,0.14262773219170263,1.4660754532071834
138,4.380209012629265,6.046839361995371,-1.6666303493660735,4.595948112368696,0.13126757752016224,1.5091221208070278
139,4.902265233833461,6.440312798402864,-1.5380475645694105,4.169534567429757,0.13557968395667086,1.4924558467045548
140,4.343421716805025,6.018979994217805,-1.6755582774127333,5.564879275824165,0.14772294646222783,1.4476214585589353
141,5.01376788543233,6.4702791213049835,-1.456511235872597,5.475411218292013,0.16972193189141438,1.3730978418725206
142,5.039254845002787,6.554686392624333,-1.5154315476215743,6.17341794221265,0.17459946629663642,1.3575722090727707
143,5.02319315189628,6.462052104777051,-1.4388589528807643,5.216839172382482,0.16713109735324536,1.3814810601335579
144,4.988018251988464,6.329607575886108,-1.3415893238976082,5.282297803639416,0.17985457475803673,1.3412029318191114
145,5.087648649320769,6.574659619394314,-1.487010970073527,5.360634597134235,0.16424781582354167,1.3909261708630754
146,5.0283986098511235,6.420340349731536,-1.3919417398804512,6.2659234493513996,0.19032321259527873,1.3096235647582337
147,4.685645459217014,6.223733472653684,-1.5380880134367203,5.280576666999904,0.15719145722611177,1.4145807463784366
148,4.862452434243195,6.327496950476618,-1.4650445162333767,5.329003687409299,0.1661631563577894,1.384638096483078
149,4.458466733758698,5.858579342833838,-1.4001126090751654,5.910743153621979,0.183674003725233,1.32952748643289
150,5.193407266456049,6.599210955850182,-1.4058036893941335,5.719280310419348,0.17981112626342657,1.3413368019268457
151,4.531392608325561,6.087131039818065,-1.5557384314924434,4.879040036567519,0.14793572794831267,1.4468614642064757
152,4.742744374581989,6.292106468164331,-1.5493620935823174,5.807511159038471,0.16497956567227723,1.3885173488126934
153,4.783624588913014,6.460748028297797,-1.6771234393847863,4.888376233250774,0.13573123704609766,1.4918775956722738
154,4.606107999082653,6.042123305408264,-1.4360153063255439,5.895660552843401,0.17920489939377376,1.3432071738302178
155,4.654600405289997,6.047220611821672,-1.3926202065316602,5.577274351804688,0.17894578782064974,1.3440080375406782
156,4.838167459370013,6.4274137096413,-1.5892462502712874,5.827514544005114,0.16100590747755172,1.4016964624107326
157,4.759430819292149,6.285814886052524,-1.526384066760329,6.156260837284046,0.17311025943312025,1.362277709784269
158,4.849020318946927,6.386761179914341,-1.5377408609674035,4.528097202731461,0.14301536070416862,1.4646539281854225
159,4.93695414321887,6.567870691291979,-1.6309165480730599,5.64357393363948,0.15359440561051602,1.4269496587068216
160,4.805596500882515,6.470666834566533,-1.665070333683957,5.842783693269197,0.1533407998497068,1.4278299854253689
161,4.660501565546028,6.083887530170667,-1.4233859646246287,5.42625073218195,0.17268310229331893,1.363632994573054
162,4.781893602740453,6.452788427776987,-1.6708948250365552,5.1497525753301066,0.1410566074035684,1.4718677000316556
163,4.631074365174683,6.103350327761202,-1.4722759625864796,5.310813340608384,0.1650190256517747,1.3883876806586246
164,4.9327484483808774,6.3577604402299635,-1.4250119918490327,4.85493970334457,0.16191645942171537,1.3986550174986412
165,4.674156564043685,6.164602193757279,-1.4904456297136335,5.296933428295555,0.16272930012380835,1.3959508376416707
166,4.861708262607564,6.351465901399532,-1.489757638791957,4.985052585736476,0.15708761570775753,1.4149347924305409
167,4.82919010434874,6.422120008953396,-1.5929299046046594,5.984478749200747,0.16314478780615096,1.3945725160230151
168,4.722613904539671,6.158298907973052,-1.4356850034334343,5.957800059079924,0.18025844049104114,1.3399597206967417
169,5.021451093898733,6.305820337852019,-1.2843692439532788,6.196877341258864,0.2024698140727197,1.2745464716884205
170,4.632690712205758,6.145529691428173,-1.5128389792224084,6.259447232691745,0.17622882949099858,1.3524580514239615
171,4.676186003409256,6.249218553168372,-1.5730325497590911,5.483723423632375,0.15698201468677864,1.4152950194654972
172,4.885430219476618,6.322820666937847,-1.4373904474612118,6.102023958153602,0.18237945795056978,1.3334643778940956
173,4.958970640090669,6.5085550724691466,-1.5495844323784809,5.795465460762758,0.1647570788817904,1.3892488927071416
174,4.678310295622154,6.466314125346898,-1.788003829724687,4.242235126337576,0.11320392837231417,1.5839551384793673
175,4.86299797762841,6.351868569341637,-1.488870591713237,4.598680736372932,0.14969030459515387,1.440626234944905
176,4.289135443175766,5.882018054182549,-1.5928826110068144,5.5412206884456054,0.15585485003265223,1.4191515075275667
177,4.514824745241569,6.119336941913954,-1.604512196672374,5.3262394719762,0.1509289343540382,1.4362580214417209
178,4.959579188086465,6.506548698044863,-1.5469695099584442,5.02422164555669,0.15158257338537104,1.4339638705019953
179,4.244132266540291,5.82788131272542,-1.5837490461851758,5.274414039007894,0.15219621519830942,1.431816949494242
180,4.2675240770885665,5.8403598661454375,-1.57283578905691,4.871351596499329,0.14598876917268863,1.4538468572281675
181,4.552238954587025,6.15192147140748,-1.599682516820451,5.199941984429351,0.14920291671613783,1.4423526414996406
182,4.758771307621984,6.214052932254599,-1.4552816246326188,6.412587928142397,0.18513081164515335,1.3251216343909775
183,4.724205849371842,6.17135380117352,-1.4471479518016395,5.713848817029449,0.1748901708014821,1.3566571590256395
184,4.574443971433581,6.049429712782082,-1.4749857413485188,5.351601254300544,0.1654403673816132,1.3870045763295122
185,4.311347931377256,5.845410862105936,-1.5340629307286804,5.324893320019683,0.1584156189816245,1.4104202856617445
186,4.9262391838517345,6.534972380993622,-1.6087331971418735,6.028756253943062,0.16216811173205006,1.3978167212875887
187,4.907983738278162,6.354272684477497,-1.4462889461993313,5.1030963655287405,0.16418608068955992,1.3911297640773597
188,4.936044312021224,6.4913497481229285,-1.555305436101719,5.523691488785506,0.15957183365587768,1.4065130452097974
189,4.755578453306086,6.326508396588885,-1.5709299432827493,5.261146390172696,0.1533186902612533,1.4279067855909884
190,5.047107766588553,6.662477275100443,-1.6153695085118898,6.099457376624898,0.16257906461884153,1.3964498760967403
191,5.057224335257374,6.491031354537025,-1.4338070192796408,5.124617679813781,0.16601711337017844,1.3851156299862388
192,4.576403776906417,6.178780202914737,-1.602376426008334,5.358439411211679,0.1517138099496284,1.4335041634294983
193,4.234266534939749,5.916212101264652,-1.6819455663248846,5.5921234285459605,0.14753429013218483,1.448295984788268
194,4.31820976134172,5.791663907136499,-1.473454145794733,5.150744747904431,0.16198575064164455,1.3984240987294982
195,4.856506401146575,6.446562502520514,-1.590056101373932,5.646465827223851,0.15792845642008851,1.4120730386922742
196,4.892118613604097,6.402609305031653,-1.5104906914275489,6.067884166611931,0.17348650955772327,1.3610860121003985
197,4.582528758291616,5.910432282355298,-1.3279035240636858,5.651692986712272,0.18806822728582873,1.31631533096165
198,4.51295615707771,6.1057668907684395,-1.592810733690726,5.342538189336571,0.15243947064821486,1.4309677064260333
199,4.922312480814455,6.276392441149696,-1.3540799603352411,6.55504693471344,0.1992991044286183,1.2835509987976885
200,5.142881866015145,6.579695165523365,-1.4368132995082306,6.193594004573129,0.1838939704033712,1.3288605826372901
201,4.889329851821273,6.534018717995995,-1.644688866174704,5.222277643443041,0.144970465281214,1.4575288077508626
202,4.848853574132917,6.3560336903209524,-1.5071801161880671,5.799840004855032,0.16950901739012691,1.373783138246811
203,4.883344840737877,6.347666283169993,-1.4643214424320945,5.004538937503709,0.1602977738127798,1.4040707797054581
204,4.64430152940939,6.037793810493373,-1.3934922810840362,5.752133057456495,0.18182540529352817,1.3351556607469826
205,4.822317219790804,6.366951890456544,-1.5446346706656868,4.558394843166207,0.14289282533830344,1.465102974247531
206,5.175953907766356,6.719258958931832,-1.5433050511654756,5.587729765139631,0.16196626935996053,1.3984890141898598
207,4.631194047867083,6.370445943189836,-1.739251895322809,4.2024340027249245,0.11675261223650908,1.5685509371359938
208,4.643099659228071,6.295492781862247,-1.6523931226341233,5.282850655114849,0.14525134208216098,1.4565112495367825
209,4.924101258169273,6.38934022562551,-1.46523896745623,5.25941665178447,0.16489149398057737,1.3888068425658158
210,5.050255993133291,6.525743943520695,-1.4754879503873894,6.092626093522078,0.17783613856016442,1.3474475391397382
211,4.8624688695954745,6.427795102715482,-1.5653262331199471,5.6661967980563706,0.160903753427266,1.4020384893585565
212,4.272519808563899,6.01654926662291,-1.7440294580590034,4.171103995665183,0.11569763195364687,1.5730915038126279
213,4.422045515881493,6.0898921175276115,-1.6678466016460902,5.434659651138681,0.14630561224043584,1.4527052372982352
214,4.7618972694914845,6.332706311811961,-1.5708090423204908,4.720494891602268,0.14332515486875494,1.4635199642552654
215,4.829492834812854,6.241788367067169,-1.4122955322542907,5.855919297539614,0.1813290926373796,1.3366739379258994
216,4.545368410412877,6.194840893443924,-1.6494724830309906,5.4189676904329644,0.14789869868495825,1.4469936620400543
217,4.458859867360658,5.990000191807688,-1.5311403244469943,5.459496136959071,0.16109309838268923,1.4014046639484268
218,4.857523317787056,6.218766991909426,-1.3612436741223632,5.851596249831022,0.18736277900183856,1.3184209274539986
219,4.703107568437289,6.254666905233247,-1.5515593367960037,5.346369039636336,0.15689873029329923,1.4155792494367707
220,4.624801034160257,6.289630949656619,-1.664829915496398,5.773645731785093,0.15224727647690245,1.4316386009026527
221,4.741067522590171,6.135064253059159,-1.3939967304689844,5.8772479724132225,0.1838502348359331,1.3289931348096056
222,5.015016922074594,6.474850985735529,-1.459834063660935,5.468872011157442,0.16922789220916348,1.3746889701419127
223,4.925583085516493,6.36624824804856,-1.4406651625320706,6.110535862854187,0.18213349649741092,1.334214720668873
224,4.983503477074564,6.42016101963274,-1.43665754255818,5.753998204378055,0.17678012148716998,1.3507356704580353
225,4.5592064753029575,6.08559004230041,-1.5263835669974242,5.070033348530082,0.15464897282527573,1.423300808135775
226,5.171474893390254,6.627516661012745,-1.4560417676224802,6.290262592280783,0.18316784777264036,1.3310643203800412
227,4.736986592823641,6.400594169503165,-1.6636075766795102,4.532086632844884,0.1303288002018378,1.512806567177806
228,4.654909734569387,6.231361900431729,-1.5764521658623494,4.539451665422387,0.13919938498504694,1.4787790194792294
229,4.877387550825446,6.463739556002107,-1.58635200517665,5.361177630794803,0.15344558361239244,1.4274661216140296
230,4.5805107172893,6.1602872517503755,-1.5797765344610752,5.270029714313091,0.1525382531530032,1.4306231356111052
231,4.259771633045418,5.961061452410171,-1.7012898193647175,4.706185154361224,0.1300138323460601,1.5140473433806743
232,4.963352099993401,6.479508899879885,-1.5161567998865166,5.89814346119481,0.17012178903237482,1.3718125831947252
233,5.311337053924078,6.850826839058655,-1.5394897851346059,5.7947718200799105,0.1658493741742067,1.385664496091161
234,4.687560547085738,6.095248837760437,-1.4076882906747414,5.932734625441206,0.18313634076680232,1.3311600886224828
235,4.892703362900349,6.282398870126066,-1.3896955072257242,6.099815632558871,0.1879748529476663,1.3165936962251976
236,4.825735334089174,6.292193321804962,-1.4664579877157848,5.292501551073764,0.16534911319947043,1.3873039039263653
237,4.664718172826994,6.104396104243413,-1.4396779314164405,4.981901861683285,0.16266857976211757,1.3961524910786764
238,4.923982125708605,6.432705656623572,-1.508723530915006,5.057039777208827,0.1563378803560538,1.4174962828985949
239,5.185880413364416,6.53159980114124,-1.3457193877767963,6.525976179505383,0.19988630937244922,1.2818755407971947
240,4.899108952945525,6.200115131582084,-1.3010061786365554,5.673060090923569,0.1917789464861858,1.3053345727924952
241,5.10713557146498,6.5922522503814385,-1.4851166789164267,5.643951935157878,0.16937412063165716,1.374217657226722
242,4.710513185821171,6.19051390705609,-1.4800007212349442,5.09409078178186,0.1602075053773198,1.404374012092314
243,4.422195725716946,5.976013773575236,-1.5538180478582717,5.468967421657226,0.15879155283140706,1.4091475170616896
244,4.592208665086204,6.075541467253817,-1.483332802167638,4.814335086862844,0.15454470541947343,1.4236607342992627
245,5.060907006880072,6.387400082399672,-1.3264930755195792,5.669747297973441,0.1885517333608089,1.3148755434128887
246,5.080764716485575,6.624993527704444,-1.5442288112188862,5.618286504909996,0.1623836155990575,1.3970996216063076
247,5.124867843257093,6.644123625323687,-1.5192557820665797,5.985240582144364,0.1711866591798323,1.368400783391964
248,4.999364623376081,6.722058764297163,-1.722694140921078,5.666991991281192,0.14472080537609278,1.4584345422435554
249,4.506927048529278,5.952784117584059,-1.4458570690547958,5.57882287227844,0.17273906274675688,1.3634553005809524
250,5.066788974730272,6.616896863146739,-1.5501078884164485,5.741956766592324,0.16381529199816136,1.3923537845791254
251,4.972488770092113,6.459791914118899,-1.4873031440267823,5.629616720335978,0.16888405889152375,1.3757983937611662
252,4.902228775748924,6.54945569688245,-1.6472269211334947,5.638338789252511,0.1518254655913988,1.4331132845257564
253,4.997819454401835,6.430895330861155,-1.4330758764592701,6.175778906695651,0.18405029863343753,1.328386979476727
254,4.8369868877560265,6.290803389974155,-1.4538165022181602,5.265232174525831,0.16629565692883833,1.3842051171949454
255,5.148451989968336,6.591079038344699,-1.4426270483763233,5.567911465462149,0.17292380582470793,1.3628689822058697
256,4.95308087413666,6.554620211009954,-1.601539336873259,5.333904652185925,0.1513734228930021,1.4346971283213417
257,4.474017929495332,6.030609970037641,-1.5565920405422844,5.078278466348642,0.15154856160517496,1.4340830594392457
258,4.839125346838657,6.472227300698318,-1.6331019538596365,6.323869467667512,0.16416886319931012,1.391186555062859
259,4.732592623352659,6.446720243931242,-1.7141276205786085,4.937997054614389,0.13304528693306783,1.5022006890767912
260,4.780371497149233,6.117712972597008,-1.3373414754477722,5.828157628230164,0.1898907977099851,1.3109022289902412
261,4.686212636433126,6.263112501897279,-1.5768998654641564,4.591037507227057,0.14017159834033152,1.4751523145658632
262,4.897378236603728,6.3865612786544546,-1.4891830420507404,5.470349436759188,0.16593167947487078,1.3853951294868323
263,4.901809473577927,6.586199635236717,-1.6843901616587686,5.675148071859022,0.14865921937757515,1.4442835917266383
264,4.764885633672506,6.273417160008574,-1.5085315263360712,5.93937851421547,0.17164261651259025,1.3669447736394074
265,4.725229687770408,6.392524114945015,-1.6672944271746246,5.226220675372328,0.14276239765708415,1.4655812674857893
266,4.288339195853254,5.949559659097478,-1.6612204632442058,4.472311338902131,0.12939510296450746,1.516491559575754
267,4.384959488285276,5.942764897370868,-1.5578054090855744,5.340165156345551,0.15611753165210185,1.4182508810708718
268,5.054496510570615,6.630755904075073,-1.576259393504472,5.446084186441288,0.15598969009394237,1.418689053075795
269,4.903940522997843,6.436403988858071,-1.5324634658602463,5.698631295448342,0.16502318659582063,1.3883740088763559
270,4.99647237952631,6.566939822513632,-1.570467442987308,5.9634988615888815,0.16522171372541594,1.3877220015931266
271,4.639424445440838,6.124905922867043,-1.4854814774262195,5.506856120683425,0.16698189836875688,1.3819667900430614
272,4.454374735074609,6.0765756972934035,-1.6222009622187556,4.422628419434677,0.13224398941756774,1.5053115799179664
273,4.761522709933658,6.325088646242172,-1.5635659363084642,5.3686405329074365,0.15599931591764557,1.4186560514537243
274,4.414178868020755,5.981136561674134,-1.5669576936534213,4.933687341116244,0.1477758519315131,1.447432417319052
275,4.724196386028652,6.271429912763217,-1.5472335267346011,5.440176561333612,0.159005403992941,1.4084245160527735
276,5.019594446399296,6.436649809065894,-1.4170553626665878,5.469611694592201,0.1741864040939304,1.3588743626016673
277,4.679450293361796,6.4165014598683285,-1.7370511665064896,4.834859889490309,0.1289979394222737,1.5180652933436272
278,4.569359359466986,6.031001366611957,-1.4616420071449738,4.735244976432071,0.1554179841211639,1.4206518939765211
279,5.047530658753757,6.464952535545148,-1.4174218767914226,6.209872250152328,0.1864233004172603,1.3212341572696895
280,4.885104598779648,6.476298547183486,-1.591193948403827,4.955990123742868,0.14565380021330565,1.4550558507886384
281,4.907202660811933,6.610717466091714,-1.703514805279724,5.222874869110168,0.1391213141111423,1.4790710966544482
282,4.582996044786327,6.0449640593798755,-1.4619680145934808,5.496896232268309,0.16947320038040956,1.3738984839289925
283,4.438664610917883,5.954074707554888,-1.5154100966369697,5.136913173167482,0.15707356971721861,1.414982695637838
284,4.319771766712833,5.912980872482439,-1.5932091057696312,5.291985050669998,0.15151076148248027,1.434215547934451
285,5.066672807670429,6.625984427981869,-1.559311620311405,5.415352359420178,0.15727061155559371,1.4143109899618154
286,4.9179956069438475,6.481285453685505,-1.5632898467417249,5.669791078721996,0.161183505856419,1.4011022266748314
287,4.884935534414282,6.412162508748704,-1.5272269743343827,6.007893624231258,0.17066520383638942,1.3700695120549093
288,4.93907967522982,6.395450813143743,-1.4563711379138908,5.423288375914563,0.16882351404533874,1.3759939251301485
289,4.822731479335388,6.35674734978242,-1.5340158704470355,5.884081965693143,0.16791505786087785,1.3789341497974985
290,4.8853864758468575,6.457665700857071,-1.5722792250101634,5.357096666411904,0.15486673219199318,1.4225497071555733
291,4.816533712902398,6.281705673007682,-1.4651719601052946,5.233994758795175,0.16443913575188498,1.390295592336942
292,4.715824636179818,6.279670045301913,-1.5638454091220524,5.158672750851373,0.15223729224329915,1.4316734705959153
293,5.057409907183953,6.4776194472785065,-1.420209540094561,5.75206877428039,0.17866763812440625,1.344868704858371
294,4.943938207488642,6.442378954488007,-1.4984407469993357,5.650616388401286,0.16798931599594955,1.3786933652898394
295,4.756971465666069,6.397083793131571,-1.6401123274655447,5.921785418216505,0.15717722686360414,1.4146292540951388
296,4.830857048282425,6.337332887654608,-1.5064758393721718,5.634262802907948,0.1668146537700134,1.382511656853772
297,4.863211831650389,6.396242880128447,-1.5330310484780512,5.10850173004782,0.1546341305137458,1.4233520318396145
298,4.786872043498917,6.3607335218730725,-1.5738614783742264,5.436554099861095,0.1560805449567684,1.4183776235460797
299,4.63181646544335,6.24274749627612,-1.6109310308327736,4.719120384402068,0.13916798908857494,1.4788964620062819
300,4.374575185763419,6.051795782887812,-1.6772205971244034,4.695501228994241,0.13213298299361806,1.5057436924942476
301,5.249111986534771,6.659016788552769,-1.4099048020180476,6.025391633361499,0.18437840661330235,1.3273939298769657
302,4.3290634123232365,5.699513472331191,-1.370450060007954,6.076155197179787,0.18990978642184986,1.3108460337793986
303,4.471091229040255,5.9684637758013785,-1.4973725467611416,5.258275650329786,0.1612641194180397,1.4008326607087351
304,4.379541645252559,5.842741832575811,-1.4632001873232525,5.501759817485105,0.16941728482718024,1.3740785918400449
305,4.642600302030971,6.043552792797971,-1.400952490766997,5.4186858802638085,0.1751808769886376,1.3557432382364403
306,5.027327326747397,6.5720563901448585,-1.5447290633974262,5.456654550283769,0.15956272636994615,1.4065437379808345
307,4.857646629037092,6.473176666469897,-1.6155300374327908,5.152023539844835,0.14670446083677022,1.451270828911918
308,5.165124914386396,6.701376064316989,-1.5362511499305924,5.877577861065349,0.16756297167994064,1.380076890774823
309,4.925690430274628,6.5169872688012305,-1.5912968385266026,5.414497854302304,0.15385021727585982,1.4260627936672852
310,4.689831999555551,6.027344648575074,-1.3375126490195157,6.6281404683161504,0.2024114563544034,1.2747112699975545
311,4.759992497566131,6.3763636830813155,-1.61637118551522,5.490040172143132,0.15252025907452527,1.4306858894811376
312,4.362763848391111,6.0147658162215265,-1.6520019678303584,5.199593824561747,0.14383070487007726,1.46167349103204
313,4.577230993485202,6.10958538604023,-1.5323543925550211,5.4110366543021655,0.1601166790717371,1.4046792488802997
314,4.545429455467101,6.1813816710598175,-1.6359522155926811,5.34533711647004,0.14801126176906476,1.446591879973544
315,4.964954956360302,6.552835017055994,-1.5878800606956815,4.939323661026325,0.1456892222826609,1.4549279023849653
316,4.474203961893394,5.941194965076338,-1.4669910031829545,5.966141030939351,0.17677785332752505,1.350742748578011
317,5.154920724528367,6.57210060037956,-1.4171798758511613,5.833970341376094,0.18039047074629014,1.3395537436996146
318,4.950191772689934,6.41130256610548,-1.4611107934155712,5.51257126234154,0.16984351166880438,1.372706808700334
319,4.875661101299087,6.2057492672443395,-1.3300881659452557,6.355180504764846,0.19921806823682492,1.283782500535546
320,4.8559394132829965,6.250887413683429,-1.3949480004004613,5.639633390083649,0.17974249224049688,1.3415483207084953
321,4.774915428023391,6.287406155777688,-1.512490727754198,5.224530552796983,0.1589844305867241,1.4084953916605845
322,5.045967176410258,6.473621944020778,-1.4276547676105338,5.519920315172689,0.1738285346736273,1.3600043900348566
323,4.658079550871477,6.181106856738037,-1.5230273058666057,5.147780775818912,0.1564388204748565,1.4171508764379883
324,4.853620548668275,6.303961756416694,-1.4503412077484086,5.694484600924227,0.17419507068682855,1.3588470180232903
325,5.128982145352879,6.542657025187779,-1.4136748798349572,6.275431183183393,0.18788826095310746,1.3168519333382764
326,4.856564437708968,6.410251142841176,-1.5536867051321792,5.375165265171217,0.15717479425711728,1.4146375465702639
327,4.617299012367923,6.367610823985409,-1.7503118116175074,4.6151666447178865,0.12370931440752844,1.53938917807774
328,4.710556085624361,6.414216578102906,-1.703660492478548,5.863830623896581,0.14978083840793902,1.4403060220457011
329,4.455965688727403,5.9487178767267395,-1.492752187999315,5.661280304945736,0.16880790719209096,1.3760443364527803
330,4.593961628629913,6.138886342844696,-1.544924714214801,5.357398887598576,0.1578095158960276,1.4124771439500292
331,4.847710570189449,6.222947643000698,-1.3752370728112737,5.818115026760344,0.1851154168785194,1.325168058708544
332,4.813194693324178,6.333155168659218,-1.5199604753349831,5.9897356129721135,0.17118053239965664,1.368420367814066
333,4.9202606706240175,6.543399926155338,-1.6231392555313278,5.819590717352199,0.15729805140669056,1.4142174995012002
334,4.917263589056105,6.495900416256546,-1.5786368272004552,5.019270814769916,0.14813324784806747,1.4461567270191318
335,4.986146609227248,6.314533539298115,-1.3283869300708488,5.737992485478873,0.18947913599366215,1.3121215201372174
336,4.752098996696631,6.3486715795822946,-1.596572582885642,4.676998364434356,0.13982312758936213,1.4764500033446473
337,4.42582760500288,5.933608246263017,-1.5077806412601262,5.195675479703537,0.15898168654156164,1.408504665158875
338,4.894687829853112,6.428114680246601,-1.5334268503934823,5.679221549670988,0.16459198223541643,1.3897922168365697
339,4.657752938328869,6.151866254141797,-1.4941133158129105,4.8692145090546575,0.15440946495051475,1.42412785293736
340,4.83291562541892,6.349086660969579,-1.5161710355506557,5.453821858705865,0.1626399514910774,1.3962475857897312
341,4.583376530464463,6.0613412319281395,-1.4779647014636907,5.20811137567361,0.16252620074534407,1.3966255571815693
342,5.008089209406975,6.438915659497031,-1.4308264500900805,7.0801998449312205,0.19766697240445136,1.2882269524724783
343,5.1250887157302,6.659291265656151,-1.5342025499259648,5.998097476334937,0.1697369190174628,1.3730496279097846
344,5.2247378277220236,6.685282888657454,-1.4605450609354307,6.053328887081658,0.178921543143024,1.3440830172591256
345,4.907483465900256,6.4643775381190665,-1.5568940722187676,5.202487077612924,0.15376826751853984,1.426346780462216
346,4.7984231474299435,6.365330036233388,-1.5669068888033735,4.3515553937409255,0.1363961802980762,1.489346380484998
347,4.501271133697443,6.057192224705176,-1.5559210910077468,5.421517319797815,0.1577426769483149,1.4127043332539952
348,4.62793779966664,6.168562077756288,-1.5406242780896378,5.277095027664025,0.1568544872816076,1.4157302869131752
349,4.979155833754746,6.385275199820256,-1.406119366065468,5.288748588178125,0.172244404514563,1.3650275075945502
350,5.137454434073774,6.705630400933394,-1.5681759668596555,5.678855625756762,0.1608086596922551,1.4023570247898272
351,4.5485092577572885,6.015013757498107,-1.4665044997408359,5.434222451199442,0.16786087653009843,1.37910988504946
352,4.628293475317875,6.228336520136818,-1.6000430448189604,5.505418886293434,0.15449071654024332,1.423847173856599
353,5.009549776202036,6.626938033764581,-1.6173882575625385,5.612010563233287,0.15447455766816226,1.4239029848423355
354,4.762859614431747,6.271296221542897,-1.5084366071111504,5.548123688951749,0.16512668723594784,1.3880340161120872
355,4.9400520031236255,6.427034299385237,-1.4869822962616581,5.498190962720701,0.16666284208039375,1.3830066003544044
356,4.731804723105071,6.215054258706374,-1.483249535601317,5.124212702862213,0.16039994150366835,1.403727730669505
357,4.698265536852816,6.319119329496363,-1.6208537926435724,5.38701268434918,0.15028706071706396,1.4385182583540819
358,4.569184835951418,6.057651133960864,-1.4884662980094276,5.436842189134257,0.16542694463287158,1.3870485971917625
359,4.663954928710083,6.009949231604519,-1.3459943028944394,5.412978101089648,0.18167330679282792,1.335620620305282
360,5.106133148329761,6.513002711907763,-1.4068695635780273,5.971520630604518,0.1838655011462942,1.3289468635768442
361,4.500556679825863,6.2294876161160495,-1.728930936290169,5.355383153315358,0.1389263357600228,1.4798010973166613
362,4.9934592578799055,6.458718400730117,-1.4652591428501864,5.771062122807457,0.1737688210397869,1.360193114109524
363,5.116875165810924,6.605497739536794,-1.488622573725877,5.211939453269705,0.1614021995651433,1.4003711669650758
364,4.942616124201024,6.316230920608703,-1.3736147964077077,5.637798812320151,0.18226102057914856,1.3338255953446987
365,4.762623422779015,6.492973768112609,-1.7303503453335907,3.8872990522893662,0.1111157765412602,1.5931980143841382
366,4.928217992947893,6.50017505363591,-1.571957060688021,5.096636500805316,0.15025230612340654,1.4386408499746774
367,4.643955151738496,6.0186173871526165,-1.374662235414064,5.455340024925926,0.17895857168263862,1.3439685048800138
368,4.626945670869176,6.1389904529855315,-1.5120447821163339,5.0054925054009,0.15501553326818726,1.422036920013552
369,4.80900933690161,6.300520546829873,-1.4915112099282624,4.96383934308116,0.1564940370730933,1.4169620025697798
370,4.9143894475831615,6.533770049798637,-1.619380602215415,6.057040234395757,0.1614901435171917,1.4000773946377498
371,4.557518976684193,6.264097947328384,-1.706578970644216,4.926582251277477,0.13356467123126714,1.5001920143308924
372,4.743493853389211,6.365417398296994,-1.6219235449077587,5.1034403804207855,0.14517540125180217,1.4567862186031748
373,4.649138279621226,6.174451765301622,-1.5253134856803854,5.065872081541549,0.15468855695421332,1.4231642138662406
374,4.682901470308067,6.110561556537313,-1.4276600862292526,6.023222215575153,0.18225447729266941,1.3338455565286125
375,4.921671037495841,6.497175173464758,-1.5755041359688562,6.194304974303575,0.1683196870575024,1.3776230935966165
376,4.719487624449684,6.144009124660588,-1.4245215002109148,5.198852315345048,0.16845856821881128,1.3771736442805496
377,4.94885989243879,6.298148902539715,-1.3492890101009607,5.240790113104774,0.17815818328563415,1.3464476787247739
378,4.906847947969354,6.450121036225035,-1.5432730882557166,5.586586277326983,0.16195032084410355,1.3985421621674405
379,4.824958818319246,6.344305090823266,-1.5193462725039808,5.355409639783737,0.16056532719732372,1.4031727640748963
380,4.661025796348312,6.223797995020835,-1.562772198672576,5.077514134749716,0.15087674553765992,1.4364415205686851
381,4.737251889239971,6.40753975993713,-1.670287870697166,4.745553667586419,0.1337506571409536,1.4994741993016347
382,4.909883096401231,6.3091179698748405,-1.399234873473631,5.746665083011532,0.1810508909620475,1.337526338027822
383,4.865829704010807,6.329296993464073,-1.4634672894532628,5.815123851672583,0.17470659733073113,1.357234860670877
384,5.016533930429816,6.581914903429325,-1.5653809729994919,5.418238080265853,0.15666945809146943,1.4163622926557657
385,4.360521568225053,5.908803998069029,-1.5482824298439937,5.901148171374276,0.166626965874702,1.3831236151260133
386,4.5638217577137965,6.242596281778603,-1.6787745240648064,4.946475875989432,0.13663053004302078,1.4884565599978399
387,4.725091039339745,6.279955114881567,-1.5548640755418432,5.4303448799519725,0.15800995927968836,1.4117962625067735
388,4.559877823033148,6.2527041039950895,-1.6928262809619241,5.448111798783824,0.1440358626669248,1.460925591297358
389,4.774893840794093,6.341497799394062,-1.5666039585999556,4.9517614175828815,0.1481502791211629,1.446095994254885
390,4.757099739136478,6.334501125543888,-1.5774013864074163,6.163791513057422,0.16763989240878963,1.3798270808100426
391,4.653015992655057,6.271724365762086,-1.6187083731070402,5.946269170170872,0.15980408160008644,1.405730785907294
392,4.658031892838196,6.114753551188432,-1.4567216583502045,5.465478698664963,0.16952418443120407,1.3737342995686188
393,4.484042683830054,6.104377884286041,-1.6203352004559974,5.601913906278446,0.15399813867489204,1.4255504812289177
394,4.7464701726952825,6.131238169813564,-1.3847679971182743,5.623699526629938,0.1806820486048763,1.3386579585168625
395,4.877030337935807,6.197562341606858,-1.320532003671019,6.1114699663253305,0.19658660300443176,1.2913377008400235
396,5.078901579605187,6.511509280176583,-1.4326077005713955,5.84058995179033,0.17869413025223205,1.344786688415915
397,4.482456261475974,6.06582223144197,-1.583365969965996,5.284608922143173,0.15241679391772062,1.431046830847135
398,4.909243007199493,6.387333887102521,-1.478090879902993,5.94554258541093,0.17517676064562335,1.3557561712745991
399,4.798743176754996,6.4776241655721485,-1.6788809888171272,4.975618655264533,0.13714897361776765,1.4864922184368021
400,4.811034755630985,6.29223186342978,-1.4811971077988346,5.949543249142046,0.1748885595735686,1.3566622275548645
401,4.6989118621821575,6.297247017322327,-1.5983351551401483,5.236184865705994,0.14998795769403944,1.4395740078984047
402,4.955887468339753,6.5917810948778595,-1.6358936265380635,5.547128073184844,0.1514655869911564,1.4343739164378166
403,4.874408958749186,6.4075828080877315,-1.5331738493385387,6.168250635402956,0.1725452768445389,1.3640708222408513
404,5.147392457667408,6.581767294055265,-1.4343748363878603,5.658926408348627,0.17543924999161248,1.354931915768875
405,4.818691222138213,6.118802552340796,-1.3001113302026397,6.465554368021472,0.20462829158919674,1.2684752281773903
406,4.244293407785321,5.94290168936028,-1.6986082815749342,5.176732818794523,0.13879592341605926,1.4802898027465934
407,4.825007842673571,6.338080154896538,-1.5130723122229028,5.021679217108643,0.15520476542735048,1.42138534194315
408,4.8320560635525425,6.298887463703316,-1.4668314001507383,5.765617624765174,0.17349826420394454,1.3610488127168947
409,5.043976703909593,6.546950587848851,-1.5029738839392621,5.992109833574027,0.17311696316650016,1.3622564601061045
410,4.495544661581945,6.117469755496433,-1.6219250939145695,5.264646746031666,0.14804344268407846,1.4464770565028737
411,4.917656361204067,6.412371339819469,-1.4947149786153773,5.367632297483002,0.16350990776616614,1.3933634655082638
412,4.900741191910285,6.577456765265847,-1.6767155733555796,5.339968219432871,0.14379577099480081,1.4618009234514364
413,4.521962960244011,6.0058249387678195,-1.4838619785238052,6.07577539801925,0.17661461041974996,1.3512523494705533
414,4.458362523465425,6.137046456415742,-1.678683932950321,5.214632639582025,0.14142430252463398,1.4705076972763718
415,4.630599517209291,6.214879454295108,-1.584279937085796,4.85474178645484,0.14448129560932843,1.4593045792183421
416,4.424987983831542,6.013867896952142,-1.5888799131205928,5.125159362977,0.14898940640369374,1.443110285408435
417,4.856518269163004,6.439116166374646,-1.582597897211656,4.793945382127726,0.14350523536459817,1.4628616654349718
418,4.77454382305136,6.33364839111395,-1.559104568062594,5.233538105713572,0.15408797132825094,1.4252395364469526
419,4.796450226357123,6.287091998404794,-1.4906417720476384,5.085016469256077,0.1588531052279506,1.4089393414871385
420,4.63256551309199,6.228815776138067,-1.596250263046045,5.045790549445849,0.14677948898819235,1.4510013331384048
421,4.750460878557746,6.168364606180436,-1.4179037276226722,5.614815446699302,0.17660777306384592,1.3512737015328102
422,4.798113211918221,6.468174423361393,-1.6700612114431692,5.54472751847185,0.14794026406049904,1.4468452716123446
423,4.745972885139096,6.16051086020952,-1.4145379750704024,5.458551005135769,0.1742868421043813,1.3585575258749774
424,4.746315101917659,6.1963875617232596,-1.4500724598055967,5.881543375646535,0.17734320358405184,1.3489805809000976
425,4.752286034939047,6.2291429221711,-1.4768568872320884,5.837861772958133,0.17355468133861274,1.3608702982355563
426,5.04115870477294,6.57079752686921,-1.529638822096274,5.632314388037306,0.16421785427372024,1.3910249723603922
427,4.961623346347537,6.423986287672889,-1.4623629413253525,5.484770549057858,0.169216934274662,1.3747243012676935
428,4.36477746377021,5.885190593964083,-1.5204131301939015,5.651825232870538,0.16556471045055002,1.3865969120755552
429,4.962438395418118,6.5132254951432245,-1.5507870997251416,5.457454871761673,0.15892014861058687,1.4087126643694965
430,4.664271070693516,6.136110148992799,-1.47183907829924,5.400129981404305,0.16665554845500713,1.383030387900303
431,4.96122567655992,6.445336177878694,-1.484110501318753,5.562547602163377,0.16809737941725802,1.3783431087342122
432,4.799135947229601,6.257107069949871,-1.4579711227202665,4.9598829518864935,0.1601709682089892,1.4044967855438515
433,4.7233227175270684,6.3408489299958575,-1.6175262124687606,5.198360413292564,0.1473250746723492,1.4490447900124592
434,4.911723403160792,6.553200590197488,-1.6414771870367417,5.573564200156557,0.15133526437209527,1.4348309909869417
435,4.576842565807041,5.976539541322989,-1.3996969755159512,5.318665655092076,0.17354092038039912,1.3609138365102742
436,4.4906743642054465,6.011972181528847,-1.5212978173234433,5.845851771570114,0.1686957418040798,1.3764067421069226
437,4.554814108430932,6.164435653120144,-1.6096215446892188,5.587879094522238,0.15488177390181848,1.4224978545438929
438,4.906451635051653,6.454519712961389,-1.548068077909761,5.601032750328796,0.16167365839223802,1.3994647613078868
439,4.72621699051102,6.126128450444796,-1.3999114599338327,6.286514654535349,0.18969247750281007,1.3114893855507284
440,4.9932876944625235,6.356151766154181,-1.3628640716916038,6.133050996895372,0.1917358859503502,1.3054610965429707
441,5.146869234689731,6.69624839824418,-1.5493791635544198,5.800966687637102,0.16487003954603227,1.38887738143693
442,4.668545571986655,6.219887544058967,-1.5513419720722936,5.347606278697381,0.15694392837867924,1.4154249848536293
443,4.67272202811391,6.101062199708213,-1.4283401715943,5.13829698407773,0.16690121572343652,1.3822295951074586
444,4.7589607502866755,6.283056474013982,-1.5240957237273278,5.967846149839076,0.17036896403620475,1.3710192219008919
445,4.815483583691034,6.126902766770165,-1.311419183079181,5.532541851848919,0.1880455718394929,1.316382861445154
446,5.023056951870714,6.506955871716784,-1.4838989198460695,6.184074683606326,0.1783213476871277,1.3459416114341693
447,4.550251004035985,6.033576716969396,-1.4833257129334356,5.793781378849014,0.1720912650369543,1.365514926152752
448,4.8611151017071705,6.512376803476574,-1.6512617017694424,5.640387660122487,0.1514459089953014,1.4344429129635967
449,4.61686697403654,6.362787030315435,-1.7459200562789192,5.1363506073092395,0.13353018209377734,1.5003252105966616
450,4.546008038240686,6.151060984368701,-1.605052946128012,4.935009262264435,0.14383199257780954,1.461668794162163
451,4.771971520005295,6.494720734646961,-1.722749214641624,4.614517479722393,0.126258692752882,1.5290231995362993
452,4.817304749795127,6.310718641495804,-1.4934138917006408,5.807246246921366,0.17117541234666211,1.3684367346075068
453,4.816839479872996,6.335847005300042,-1.519007525427071,5.746190339242254,0.1673024688018217,1.3809235477823774
454,4.83690413944656,6.15467036089704,-1.3177662214504835,5.76720497246705,0.1912872231415285,1.3067806369569699
455,4.629068313808929,6.150171234739627,-1.521102920930673,5.418687014793651,0.16148371651866356,1.400098859609205
456,4.8783647269582815,6.274089878007697,-1.3957251510494189,5.401920499611101,0.17550120017227328,1.3547375172194593
457,4.904338471766081,6.437629947627894,-1.5332914758618017,5.772002818805044,0.16615380596266321,1.3846686610820897
458,4.687955634187844,6.175636557389996,-1.4876809232021628,5.9045610096187495,0.1734216769001442,1.3612912188541946
459,4.60626996058663,6.315270459510323,-1.7090004989236718,5.620952932575975,0.14531571393045373,1.456278256029531
460,4.920178655643767,6.390932906072077,-1.4707542504282856,5.624420264623865,0.17066896854068855,1.3700574508072174
461,5.017874124170916,6.6331131060486825,-1.6152389818777806,5.606380056652132,0.15460467250928336,1.4234537082058463
462,4.775932444779457,6.043480781813283,-1.2675483370338156,5.784815990674854,0.19790633774891375,1.287539423537898
463,4.580262634938478,6.217331138340285,-1.6370685034018493,5.15789753425644,0.14460441080154154,1.4588572162318254
464,4.793476332574912,6.258465930474447,-1.464989597899546,6.0136211328180735,0.17777385661865716,1.3476410629767086
465,4.798304945422885,6.327282743188196,-1.5289777977653216,5.892212774377578,0.16860333945844258,1.3767054293576897
466,4.269643655891613,5.976275374450545,-1.7066317185589241,5.064540535379567,0.13603455724674074,1.4907217729603803
467,4.196521357484514,5.849231962989926,-1.6527106055054333,4.960913494547883,0.1394754972735487,1.4777470444788754
468,4.915491104870156,6.38281992715957,-1.4673288222894598,6.064270001462999,0.17831755406168798,1.345953373749692
469,4.894816875450928,6.541736917517394,-1.6469200420664265,5.6865250712116175,0.1526542703691006,1.43021866385274
470,4.525163781488331,5.968104341006718,-1.4429405595184335,5.253240451580536,0.16732384948577364,1.3808540214081737
471,4.827985407826972,6.338173333383722,-1.5101879255567496,5.3647085793629135,0.16173930096629907,1.3992457521822994
472,4.93383697534027,6.386389299700255,-1.4525523243599991,5.636326992798482,0.17295334729876766,1.362775269985366
473,4.606255500136157,6.297292946107266,-1.6910374459711193,4.788251105186227,0.13252916312429783,1.5042027763322103
474,4.962692100914509,6.709639684744392,-1.7469475838299218,4.817673569750593,0.12775793789293102,1.523003067874735
475,4.6793280206884305,6.109253941441018,-1.4299259207525665,5.597682854438203,0.1749091379096593,1.3565974957587728
476,4.618894982769049,6.307073697132136,-1.6881787143630618,4.142670928277209,0.12023350189007045,1.5537942527850837
477,5.1705008190429425,6.725925770053916,-1.5554249510109344,5.1158976701353875,0.15235980536041543,1.4312457168236403
478,5.213341610194206,6.781978797752771,-1.5686371875585223,5.850200719179474,0.1635871032631123,1.3931081026644385
479,4.7124575661136845,6.3246098698571025,-1.6121523037434144,5.64913989168747,0.15564251833161352,1.4198803471736834
480,4.660005544494354,6.24699905254127,-1.5869935080469304,4.780028894619958,0.1427847457583114,1.4654992906375977
481,4.670635727512874,6.285787117454781,-1.615151389941957,5.052643378760655,0.144951564716557,1.4575973347765765
482,5.343534879965816,6.7379104955618025,-1.3943756155960045,5.6543042101356935,0.18006148098737876,1.3405657580287595
483,4.824844931197546,6.344537771403491,-1.5196928402060053,5.705235357786599,0.16654256157633535,1.3833989851102846
484,4.733331666514559,6.270694288803817,-1.5373626222892653,5.404295696142947,0.15945265791451188,1.4069147882134097
485,4.670470197252186,6.283571890729046,-1.6131016934768354,5.284249299481036,0.14929979568921423,1.442009138203937
486,5.052260919285331,6.627824599950561,-1.5755636806652547,5.442500401363187,0.15600190535121344,1.418647173982859
487,5.210656163916596,6.712062984353285,-1.5014068204367277,6.083507537374736,0.17475417284630007,1.3570850980958749
488,4.676681463990732,6.206618308587661,-1.529936844596989,5.119822845603938,0.1551766852931576,1.4214819913960217
489,4.532661547869324,6.069024507504384,-1.536362959635028,5.235130477015984,0.15656657300826055,1.416713962977102
490,5.071528936617469,6.592867058218776,-1.5213381216013317,5.5807613484877265,0.16425655294435243,1.390897361805634
491,4.552275526903927,6.170650949290678,-1.6183754223867481,4.932770154408944,0.14242540584561778,1.466818609772273
492,4.57812291498503,6.158654905271273,-1.5805319902862038,5.085997101188706,0.14915493482447606,1.442522833692968
493,4.936867461879885,6.462426109527204,-1.5255586476473013,5.594002745582683,0.16401689076009407,1.3916880228592925
494,4.775733217275544,6.31278597525958,-1.5370527579840427,6.542577656219137,0.1778222458745446,1.3474907024293101
495,5.272553228365425,6.651131093180684,-1.37857786481527,5.32213041397873,0.17611084941923608,1.3528271737490682
496,4.730397767379756,6.265753231870129,-1.535355464490351,5.818623263561985,0.1666961634123403,1.382897935585245
497,4.574783853762128,6.013900844764898,-1.439116991002777,5.524588810174368,0.17257960685285045,1.3639617422568928
498,4.710488573364032,6.324340176913836,-1.613851603549847,4.430787519248836,0.13323911223179974,1.501450377526411
499,4.7741585550158305,6.133181483049487,-1.359022928033653,5.78356106569724,0.18649702277290336,1.3210130205379371
500,5.078270434995474,6.736170216960527,-1.6578997819650567,5.434794586701852,0.147312939658955,1.4490882475009161
501,4.997279620795538,6.591906682609107,-1.5946270618135827,5.06560021393096,0.14730941764938052,1.4491008609116853
502,4.874719557986438,6.337722331718023,-1.4630027737315459,5.656170434213147,0.17209303437109658,1.365509292791449
503,5.014854719857212,6.300082717215773,-1.285227997358561,5.841787718548488,0.1966137201026112,1.2912594686008692
504,4.694753996716699,6.081270312162918,-1.3865163154462152,5.988950449581711,0.1865715033326508,1.3207896750859738
505,4.461089946280694,6.107682542011702,-1.646592595731022,4.464707505133401,0.1306717518873403,1.511458195467215
506,4.703832626403752,6.268288256129267,-1.5644556297255576,5.453786638431961,0.1573843729801489,1.4139234733925439
507,5.26904354222556,6.846476408086307,-1.5774328658607715,4.9450045901812985,0.14688577259748062,1.450619750271545
508,4.7943654288538795,6.319975874312689,-1.5256104454587671,6.058583315656886,0.17165348105130315,1.3669101152148757
509,4.735098222906217,6.156308271442793,-1.4212100485365227,6.072375428096031,0.18380016444074268,1.329144915022629
510,4.9659125358232785,6.543307147263594,-1.5773946114402975,5.582202756521786,0.15819514817629726,1.411167779838535
511,4.654624347540661,6.167008534117581,-1.5123841865769236,5.016357034906946,0.15518096026543543,1.4214672764452279
512,4.886552217782352,6.413043961851532,-1.526491744069176,5.760452178648801,0.16671162480911195,1.3828475197040002
513,5.025411025675496,6.601173001360198,-1.5757619756847134,6.425408649095623,0.17182402342956687,1.3663662914949466
514,4.77922839981612,6.473808279606086,-1.6945798797899556,5.282349470352788,0.14102964525196188,1.4719675327708062
515,5.131552773029668,6.725742558755261,-1.5941897857255753,6.128879884460606,0.16529052767900615,1.3874961388790714
516,4.343331914552593,5.930887914479836,-1.5875559999273037,5.160412575589451,0.149763334101928,1.440367922254793
517,4.993992765877792,6.434694608813654,-1.44070184293588,5.107351897531364,0.16490454097278553,1.3887639494468618
518,4.687946003969941,6.337114633774618,-1.6491686298046488,5.22198368391949,0.14451147539656717,1.4591948880728656
519,5.011335139593413,6.662215495973587,-1.6508803563801848,5.456253558319281,0.14839155926949174,1.4452361723926261
520,4.982586767829716,6.529431718292447,-1.5468449504627415,5.023281365954537,0.15157852844121936,1.433978044305676
521,5.0233997479613635,6.3415911205727475,-1.318191372611409,5.057280655369739,0.17853974383288984,1.345264777523284
522,4.428636729188426,5.926791548676196,-1.4981548194878087,5.5245248324628715,0.16586621612390465,1.3856093680232369
523,4.618929884605549,6.099935338351266,-1.481005453745695,5.750394368495257,0.17163149796147625,1.3669802440763636
524,4.7976847562033385,6.3992124986021,-1.6015277423987868,5.060147921525877,0.14649349022142003,1.4520291857655774
525,4.750198004221815,6.310074059850987,-1.5598760556291609,6.03283978514545,0.16747800907801014,1.3803529178952296
526,4.895117156680826,6.617523068179853,-1.722405911499095,5.494143216082859,0.14189693547813573,1.4687635435883009
527,4.859419657795101,6.375227730769968,-1.5158080729748349,5.94878344352218,0.17098257150645077,1.3690534379370611
528,4.375367035526935,5.951763085981035,-1.57639605045415,5.282796039568488,0.15312209529791831,1.4285900512160588
529,4.71431854179626,6.045941304334324,-1.3316227625380748,5.452060737500792,0.1841277700532157,1.32815238682392
530,4.299051012105551,5.901633615276079,-1.6025826031705606,4.868218724466958,0.14284216907680564,1.4652886967458414
531,4.675182721426594,6.227365199997536,-1.5521824785708986,5.905273233993485,0.16626800386303314,1.3842954591872483
532,4.756387370225966,6.368387832767819,-1.6120004625418574,5.507810143643416,0.15327845821377742,1.4280465577859072
533,4.885891658210923,6.551240590631885,-1.6653489324209545,5.651323215222151,0.15019048860359807,1.4388589554566753
534,4.643222195337714,6.276792871927007,-1.6335706765892724,5.368651327406717,0.1486589994267053,1.4442843739760785
535,4.537196863980213,6.239844278013681,-1.7026474140334926,5.346700646092909,0.1413417769018747,1.4708127000535676
536,4.933346508720135,6.307599359017473,-1.3742528502973528,5.988227542471829,0.1880327732757588,1.3164210135656573
537,4.963245528967988,6.4498392799561195,-1.4865937509881633,4.723780902405604,0.15242022775024666,1.431034848826004
538,4.333994903876359,5.85939506210066,-1.5254001582242154,5.722208001029843,0.16619539156850288,1.38453273584695
539,4.911759687951573,6.4061291697243945,-1.4943694817728215,5.679389442725364,0.16893206415076564,1.375643396737433
540,4.7591702029545075,6.278700382160302,-1.5195301792057307,5.607142127607146,0.16490543893916193,1.3887609973984625
541,4.709434103471764,6.227329789790037,-1.5178956863182407,5.574216607955654,0.16452509054250902,1.390012470610834
542,4.492354919561066,6.000911164567118,-1.508556245006048,5.0394017093429255,0.15602912118259576,1.4185538754934748
543,5.065909046328542,6.579322041293224,-1.5134129949646535,5.708796495355202,0.16729885549495005,1.3809352983056369
544,4.726156877757646,6.164921553259358,-1.4387646755017158,5.300015046158336,0.1686491889065727,1.3765572073195278
545,4.681306328398122,6.3337214378864,-1.652415109488345,5.313035515144373,0.14577421483742034,1.4546209970454733
546,4.645631400600777,6.424472609374284,-1.7788412087734855,5.150621739965114,0.13068623854058128,1.5114012992389156
547,4.8295260736723975,6.38164124397732,-1.5521151703048872,5.6199245855544095,0.1615538334965547,1.3998647168961755
548,4.411481515638954,5.93111745297081,-1.5196359373318273,6.299957049950711,0.176093538165156,1.3528813506965536
549,5.058760389887354,6.630565208835602,-1.5718048189482374,5.1928536458360846,0.15200692198447743,1.432478517052524
550,4.826889760962089,6.2975227293259195,-1.470632968363816,5.543961630065896,0.1693025311758771,1.3744483610547549
551,4.982669992064402,6.630168057974302,-1.647498065909872,4.7639729421689,0.13634408051698266,1.4895443624330384
552,4.64689442369108,6.153813565124256,-1.5069191414331726,5.5352193423184755,0.16507354640166857,1.3882085601972272
553,4.818846015927463,6.267409589423249,-1.4485635734958464,5.169413170469172,0.16515045427574532,1.3879559656054508
554,4.908313066070647,6.5380180436213635,-1.6297049775507162,4.9759081986958495,0.14206621461909694,1.4681399395165822
555,4.68169059212822,6.299948024343948,-1.618257432215728,5.570238700556798,0.15368242597152307,1.4266443771839696
556,4.75441607770442,6.378351948680304,-1.623935870975913,5.133197014707486,0.1455036573069343,1.455598448099715
557,4.640579609820449,6.003123967007284,-1.3625443571868345,5.916714232040285,0.18828017122516738,1.3156838671621836
558,4.679999854628235,6.242809907380039,-1.5628100527518427,5.2964209376985885,0.1548096143244667,1.4227466418649508
559,4.5625705715085445,5.988838208471957,-1.4262676369634164,6.229965488467457,0.18569737150530746,1.3234151043709128
560,5.009040153817509,6.538849055344553,-1.5298089015270193,6.182240171587347,0.17313679982947092,1.3621935849098876
561,4.49022728399045,6.222938680563146,-1.7327113965727108,4.753046525655703,0.12790675399040669,1.5224085093879414
562,4.863581372532835,6.5074757122692795,-1.6438943397364483,5.039616982233046,0.141790671361584,1.4691552998626134
563,4.783575371622007,6.352227240976024,-1.568651869354028,5.516685111999566,0.15801573971717517,1.4117766367816504
564,4.980270873289541,6.593052522013934,-1.612781648724365,4.9792508114417195,0.14385409487713458,1.4615881818079575
565,5.07373185487198,6.607480701666379,-1.533748846794424,5.612248083929382,0.16342687618600957,1.3936382355893444
566,4.736031731459306,6.256562814981368,-1.520531083522087,5.446653819352729,0.1620344987533665,1.3982616862552142
567,5.11362310059927,6.58994081194253,-1.4763177113432562,6.53113655737466,0.18449558940472216,1.3270395822094176
568,4.942437149438817,6.492159216057871,-1.54972206661904,5.593590153470517,0.16136779766448114,1.4004861176670402
569,4.8981362564046975,6.272446083358155,-1.3743098269534357,5.578779502321725,0.181160135948354,1.3371914993929999
570,4.4758502940382385,6.185537782251966,-1.7096874882137172,5.210108986816108,0.13829693980967317,1.4821629591743641
571,4.914864374732915,6.33518797688707,-1.4203236021542125,5.674974993112404,0.17735166611890218,1.3489542354222068
572,5.068513771341983,6.503783796853465,-1.4352700255114996,6.15071330576639,0.18339873153202255,1.330362901628474
573,4.424099681035088,5.984030164848743,-1.5599304838136163,5.370192688508093,0.15641625738406503,1.4172280702867428
574,5.098868318519109,6.502058725560662,-1.4031904070415067,5.49604748020068,0.17627983225616878,1.3522985369398894
575,4.606376565490322,5.931502344323992,-1.3251257788336943,5.75261506733578,0.19012918756023642,1.310197037863064
576,4.64885652357286,6.263579847535034,-1.6147233239621528,5.010108008199339,0.14422042252600908,1.4602534785693724
577,4.839541268809555,6.427338492714327,-1.5877972239047722,4.986347762445256,0.14656849337797917,1.4517594830959586
578,4.496041527553288,6.1992697454885,-1.703228217935191,5.236289243970061,0.13938243777095563,1.4780946803156527
579,4.871489012324716,6.25847208075843,-1.3869830684336648,5.909166755259962,0.18521304031143657,1.3248737147292562
580,4.513553126151336,6.224741971247184,-1.7111888450958759,5.643206707422035,0.14546500674650856,1.4557381956745588
581,4.911464673526936,6.360234954925261,-1.4487702813983105,5.919813051192916,0.17812065077314568,1.346564137574523
582,4.934366451020637,6.367050435078088,-1.4326839840574621,5.868759001401374,0.17915054236024955,1.3433751094875865
583,5.31498827219734,6.686974358713538,-1.3719860865161877,5.464100525717715,0.17943453066117054,1.342498147397807
584,4.883698766939958,6.3750074471558555,-1.491308680215866,5.7522087033852465,0.17049790502042067,1.3706057003790173
585,4.803684119301053,6.295277549596051,-1.4915934302949836,5.973978600291884,0.17410639764625996,1.3591268445862508
586,4.959809442549883,6.298980853299579,-1.3391714107496568,5.596531187323075,0.18573173992551978,1.3233117074865175
587,5.37007182290516,6.8756734237708415,-1.5056016008657025,6.272589323736769,0.1772445128664961,1.3492878929987058
588,4.759220505200048,6.271825316935395,-1.5126048117353434,5.168870906887525,0.15796395679683348,1.411952469394874
589,5.054975766013783,6.5527481012099145,-1.4977723351961458,5.699995934124754,0.16889713251532074,1.3757561790117028
590,4.5129601976266684,5.949671404305612,-1.4367112066789787,5.707190114601273,0.17598614869417753,1.3532175233508081
591,4.861364551682399,6.313849895934627,-1.4524853442521817,5.55263076639263,0.17152478694956355,1.367320761384019
592,4.323159002092254,6.005312840298046,-1.6821538382057497,4.308761388446891,0.12415383038685358,1.5375698241085767
593,4.748968696500967,6.334197526717951,-1.5852288302169768,4.880403518387226,0.1448650168305439,1.4579112154735094
594,5.142208534863968,6.595135904963421,-1.4529273700995304,5.078322767844121,0.162968797075775,1.3951560168245745
595,4.9220124073642495,6.504968107985125,-1.5829557006209143,4.976367288476627,0.14688954651960084,1.450606204896433
596,4.987379562019655,6.586456876885375,-1.5990773148657809,5.7360875124062325,0.15846156254370464,1.4102646157215804
597,4.923736228497191,6.550446031001226,-1.626709802504024,5.404371540796397,0.14998131292164749,1.4395974803004263
598,4.821839009522577,6.413865770750114,-1.5920267612275438,4.434225662496672,0.13550657018199644,1.4927349909552685
599,4.83263010519515,6.296979047198938,-1.4643489420037668,5.5925462737106155,0.17085373838269588,1.3694657354497568
600,4.654547104516141,6.153771136269064,-1.499224031752874,5.021355022052999,0.15672024298788106,1.41618876993655
601,4.6835838780123,6.1966236142414495,-1.5130397362291887,5.70695295592545,0.1673094499498576,1.3809008455337428
602,4.947910674636077,6.495087209970297,-1.547176535334188,5.4553256235696335,0.15927422955952542,1.4075166973868616
603,4.798940597438829,6.477243145802785,-1.6783025483639449,5.511953585581567,0.14656103285600788,1.4517863055400213
604,4.586112729642636,6.112406923149869,-1.5262941935072263,5.439848100422704,0.16128262686458983,1.4007707875009776
605,4.8219025140818275,6.378540771693178,-1.5566382576113824,5.24444458834982,0.15454683767744504,1.4236533719980113
606,4.953563677701354,6.510142259359231,-1.5565785816579023,6.06891450831632,0.16840977785146438,1.3773315087038653
607,4.772888108613003,6.337963708888736,-1.5650756002757475,5.6607186815222175,0.1608389803843503,1.402255444133483
608,4.589329701531923,6.119621325877809,-1.530291624345864,5.468929950541536,0.16134956681870966,1.4005470418189792
609,5.079739086927006,6.579783664837475,-1.5000445779104439,6.529859615445435,0.1817770779711101,1.3353033643169667
610,5.131347614945852,6.498578698128771,-1.3672310831829009,5.357498370248985,0.17810824457301153,1.3466026365303754
611,4.833144030175319,6.20153261913045,-1.3683885889551561,6.1006160438142185,0.1905501504870129,1.308953358272642
612,4.948222204721944,6.332039278823366,-1.3838170741014437,4.979510542506768,0.16912446063123987,1.375022527828945
613,4.667988738410244,6.137273656139978,-1.4692849177297944,6.455690834567131,0.18416953392869276,1.3280259511698371
614,4.657660792947624,6.106137226681302,-1.448476433733731,5.758663801042557,0.17548964287005522,1.3547737799406867
615,4.7041137016306465,6.3406800865672,-1.6365663849365433,5.1807192336085475,0.1450611818064636,1.45719999567664
616,4.9589629647372675,6.370376499140651,-1.4114135344033798,5.580277935539533,0.17677537842613572,1.3507504719426855
617,5.417556454190773,6.765074981961163,-1.3475185277703758,5.896336746444437,0.18977397321987288,1.3112480506072022
618,4.778247026285371,6.341327576274249,-1.5630805499888538,5.05243032577566,0.1503844941039268,1.4381746918942044
619,4.442593118192391,5.970600324725364,-1.5280072065330046,5.373560319845314,0.15993511840863725,1.4052898060471364
620,4.628477709674016,6.136838483168027,-1.5083607734940756,4.547287205436874,0.14653957807806678,1.4518634466588238
621,4.79773219715365,6.2755449132879875,-1.4778127161343377,5.995909504172564,0.17602318260707053,1.3531015748896056
622,5.053937516736582,6.525134597589364,-1.4711970808527326,5.956817964607058,0.17614566723937192,1.352718220632557
623,4.588751709031769,6.114577449477078,-1.5258257404453275,5.455570646299103,0.16160747447087465,1.3996856445573074
624,4.492878172060543,5.9939795562170595,-1.5011013841565273,5.278681649822802,0.16121617258014018,1.4009929792260483
625,4.689849670386067,6.363463382417901,-1.6736137120317949,4.994988701625047,0.13801846605626364,1.4832105990257205
626,5.1197237021371365,6.491571094181783,-1.3718473920446854,6.425132441219725,0.19518657313563945,1.2953875429695259
627,4.593997058039278,6.1438987169939345,-1.5499016589546386,4.819318244820897,0.14742139329568368,1.448699954126388
628,5.059630751359222,6.6411504845648395,-1.581519733205596,5.639483041289594,0.15871987234036514,1.4093900237287305
629,4.852625545400073,6.431210308766563,-1.5785847633664503,5.262461313219868,0.1525302122198471,1.4306511774552986
630,4.889441170847803,6.460483989367056,-1.5710428185192882,5.869734141901333,0.16364552697225612,1.3929148973059842
631,4.722854788916649,6.211615548664639,-1.4887607597480041,6.09230671641517,0.1763217154623793,1.352167570198586
632,5.072889793136298,6.58660977880297,-1.5137199856666825,6.280236971725218,0.1764513783053252,1.351762267787001
633,4.91675958874832,6.396757185588029,-1.4799975968397234,5.562839577998126,0.16856666420741712,1.3768240148400601
634,4.816531173782366,6.367134427986901,-1.5506032542045887,5.369900488033251,0.15741509581492039,1.4138188556281548
635,4.967808414372243,6.429409252270375,-1.4616008378981746,5.328303279633998,0.16654195129654437,1.383400976537057
636,4.561379321399485,5.981041966297724,-1.4196626448982101,6.265619962767868,0.18702947747536103,1.3194177901314468
637,5.126017368146265,6.593430583721343,-1.4674132155751067,5.513224595466532,0.1691366374384755,1.374983250757628
638,4.703149137369493,6.191022252731926,-1.4878731153623903,4.820739687542643,0.1541662544639087,1.4249686812339668
639,5.035193178714152,6.533163217317192,-1.4979700386030572,5.54737996857674,0.1662805598258195,1.3842544377170016
640,4.579034080200685,6.079471732561135,-1.5004376523604606,5.313694284326425,0.1619153113506042,1.3986588441694978
641,4.869115336712511,6.4585711126505885,-1.5894557759380632,4.969040262881245,0.1460760639396376,1.4535321356271325
642,4.96839933597407,6.503351730185237,-1.5349523942111887,5.479718605966191,0.16102647672915882,1.4016276133276884
643,4.786231352848503,6.166976855351365,-1.3807455025028617,5.324046452320928,0.1758866183770994,1.3535292302715731
644,4.795425834417912,6.389272356955104,-1.5938465225372056,4.857214352450471,0.14353620047579901,1.4627485338220194
645,4.936879862906139,6.421530953321199,-1.4846510904150136,6.321860291063237,0.1803743613256783,1.3396032663857416
646,4.742306217787572,6.31088229195807,-1.568576074170494,5.767385918756824,0.1622354770029957,1.39759248282624
647,4.910074953693467,6.529015436598851,-1.618940482905316,4.604974234458947,0.13615926605236692,1.4902471385894076
648,5.0132072767780045,6.582901320809565,-1.5696940440316212,4.472663741733978,0.1385644452709966,1.4811581124896163
649,4.937989292060919,6.510221975867431,-1.5722326838065328,5.50792425689856,0.15748249700297703,1.4135893944924613
650,4.659852337810193,6.229667403967802,-1.5698150661575596,5.8715733081067985,0.1638078738832281,1.3923782940085772
651,4.959161794698602,6.372134570808974,-1.4129727761103936,5.681389999179043,0.17832370598083935,1.3459342995265737
652,5.043964527481464,6.49661964144212,-1.4526551139606454,5.5604452162348235,0.171640179715403,1.3669525473703488
653,4.891391188936254,6.482472467720232,-1.5910812787840314,5.43704868665205,0.15426246624027876,1.424635937068232
654,4.745913337586032,6.341342183434218,-1.5954288458481756,5.385799326739365,0.15291784704564682,1.4293006229434195
655,4.797339392011324,6.489250782598738,-1.6919113905873928,5.511702700648881,0.145196802719115,1.456708716317381
656,4.937557331057334,6.328408306931987,-1.3908509758746277,6.005017300180825,0.18631354513115309,1.3215634977122939
657,4.9058083483495665,6.349809530466338,-1.4440011821167218,5.687646069739477,0.17481104429439745,1.356906112861582
658,5.127711494306638,6.846560338381366,-1.718848844074671,5.28982232265567,0.1387839771087595,1.4803345878543661
659,4.649546693864394,6.3706697697602905,-1.721123075895889,5.1274128381901924,0.135744301370186,1.4918277720740956
660,4.957720133034442,6.477289217930906,-1.5195690848964887,5.049734544095962,0.1550158504045703,1.4220358275211322
661,4.976519658865399,6.557089779825141,-1.5805701209597487,5.43473857553445,0.1553353038090624,1.4209362140806987
662,4.667298919909953,6.154734763871993,-1.4874358439620323,5.33002020727719,0.163656442947714,1.3928788042848728
663,4.499467333640993,5.871998492760319,-1.372531159119319,5.2470213284593346,0.17546946828397914,1.3548370849162932
664,4.924621893830405,6.529937893280366,-1.6053159994499993,5.3357805980651705,0.15101176198459054,1.4359668935816814
665,4.710746080681517,6.391836324673992,-1.6810902439925144,5.602193512930226,0.14778728138907166,1.4473915845010141
666,4.6895188093242695,6.129944592793212,-1.4404257834689247,5.594778798755014,0.17364076199224232,1.3605980063073404
667,4.476224522506172,5.996572834182459,-1.5203483116762868,5.215925176604319,0.15796669992256107,1.4119431538200589
668,4.650172216863311,6.273147550423534,-1.6229753335601913,4.9615894182993845,0.1424876133543279,1.4665900316957272
669,4.554523196854618,6.156145515880667,-1.6016223190260348,4.900029865989634,0.14353523068430665,1.4627520766893995
670,4.915259104455615,6.4103263425639305,-1.4950672381083336,5.839967755833571,0.17152941550962314,1.3673059882523577
671,4.405388954626275,5.8698148578098,-1.4644259031834963,5.443694007833553,0.16826353157318524,1.3778049038594866
672,4.650434455686124,6.074033739649842,-1.4235992839637106,6.057708054743596,0.18328466844463398,1.3307093404448613
673,5.259798895520575,6.761806010908828,-1.5020071153882668,6.565149056324547,0.18208026219563292,1.3343772189100398
674,5.191566099097642,6.479303508722829,-1.2877374096252083,6.55156585955493,0.20747368159189983,1.2605426243267137
675,4.7656173181609205,6.322735842696652,-1.5571185245357242,5.387717791629472,0.15702483781263327,1.4151489187460566
676,4.883523353861207,6.564921255068125,-1.6813979012069353,5.920421567681437,0.15292151400346346,1.4292878593768317
677,4.723766714617497,5.961127255798392,-1.2373605411808626,6.008271289237101,0.20547888613768042,1.2660955205975737
678,4.56756003974651,6.048853477133864,-1.4812934373873077,5.082669536460575,0.1598515060069672,1.4055711563782107
679,4.929824811565581,6.243323091002999,-1.3134982794374537,6.395108089300864,0.20188643335564166,1.2761954593426716
680,4.851116792658544,6.4249879345686765,-1.5738711419101037,5.316838207014234,0.15399072388574064,1.4255761527764257
681,4.657147252160584,6.317494450651054,-1.6603471984904559,5.479436538088613,0.14782330301927,1.4472629096061096
682,4.981460020423739,6.442815979923129,-1.4613559594994285,5.623791798176452,0.17173010684938347,1.3666657216816624
683,4.816020167496376,6.306223698142315,-1.4902035306459425,4.568850352721197,0.1489456882729684,1.44326552193335
684,5.088904249127424,6.47851760013484,-1.3896133510073696,5.380643691874845,0.17584681460737517,1.3536539236879053
685,4.67685732142904,6.198099992789196,-1.5212426713601417,5.933595800399091,0.17013225875155044,1.3717789608665465
686,4.580244702851573,6.2007980142567085,-1.6205533114051605,5.480745656158286,0.15192710866747808,1.4327576474380355
687,4.652611743932354,6.190764735343201,-1.5381529914108683,5.468776492648816,0.1604879502345304,1.403432355638113
688,5.327378805672524,6.830826142354109,-1.5034473366815746,5.315421533315218,0.16161200556120528,1.3996705202482393
689,4.892898663949026,6.4909123945232,-1.5980137305741664,4.8000267248635975,0.1420278095563405,1.468281369094114
690,4.958557489102006,6.288559596544204,-1.3300021074422261,6.053914889451278,0.1944924941775118,1.2974031938495278
691,4.965748335484918,6.481695002869852,-1.5159466673849806,6.495588864781869,0.17947472729095604,1.342374102710402
692,4.838861963513452,6.302303570807474,-1.463441607294044,5.069722454500539,0.16161694873874033,1.3996540208000292
693,4.831448655913263,6.167293029003311,-1.335844373090083,5.357910970301422,0.18192716976372164,1.3348447315764413
694,4.983283197219848,6.526933303418836,-1.5436501061989816,5.979009831667348,0.1683910650162062,1.37739206441363
695,4.71307766042149,6.42623561754079,-1.7131579571192788,5.743457888677197,0.14690306034346698,1.450557703213022
696,5.02303572855071,6.536552164870805,-1.5135164363200602,5.290937566921659,0.1600626514328094,1.4048608797730089
697,4.601232721481367,6.114241534714033,-1.5130088132326591,5.899845513570067,0.17050022709686696,1.3705982554878413
698,4.968043240500876,6.50445295491258,-1.5364097144116613,5.256053759617636,0.1569361137962659,1.4154516542231874
699,4.848434982795467,6.295969470951359,-1.4475344881558954,5.754018366701189,0.17552059129663578,1.3546766787404354
700,4.600219339111149,6.149356417067114,-1.5491370779559475,5.445533532344037,0.15889219450971964,1.408807169820429
701,4.36364108546762,5.997609446995654,-1.6339683615280478,5.009222214014862,0.14224226346340785,1.4674920017352433
702,4.689263846547121,6.150920167429277,-1.4616563208821276,5.596106668828046,0.17122225560609378,1.3682870088135937
703,4.866275708789416,6.480367009997323,-1.6140913012079636,5.396137520780755,0.15114617247073817,1.435494717834034
704,4.7617967023386285,6.1775412724405925,-1.4157445701019924,6.1465897023373675,0.18562442971143014,1.3236345955717341
705,4.3702079740526045,5.971361717884545,-1.601153743831901,5.713583115613524,0.15787014918871625,1.4122711110601962
706,4.861050576968907,6.194197032317987,-1.3331464553490946,5.697734721514697,0.18820914326985907,1.3158954287362363
707,4.90200652585456,6.357974569157829,-1.455968043303244,5.700512133496135,0.17364967986948884,1.360569802878102
708,5.283663106553192,6.561420118730535,-1.2777570121773465,6.059734474055247,0.20112649536191624,1.2783487232599213
709,4.565288211024935,6.188617562298269,-1.6233293512733553,5.470321007168611,0.151461395035561,1.4343886140275102
710,4.854014650436042,6.193063998821902,-1.3390493483858563,5.9625519953213395,0.19189785489520042,1.3049852955141643
711,4.82788998391878,6.371878515244333,-1.5439885313255104,5.096926438646914,0.15323963671833232,1.4281814559642976
712,4.994759183564824,6.5493663645044435,-1.5546071809396267,5.505796475569241,0.15934043384374239,1.407293304745626
713,5.061047498008506,6.520339613654926,-1.4592921156464627,5.291936951809673,0.166152843726798,1.384671806514917
714,4.825799388086168,6.440557479640116,-1.6147580915539947,5.6086467444304215,0.15469292380703883,1.4231491466481963
715,4.615947632660365,6.206180480341715,-1.5902328476813636,5.454056750779003,0.15464499854274466,1.4233145237916516
716,4.745042405300623,6.30251827369915,-1.5574758683985124,5.315379512519227,0.15571614065233985,1.4196275493035315
717,4.65624716952253,6.08669033779929,-1.4304431682767813,5.7495910746503185,0.17742944594849475,1.3487121358807703
718,4.6889120537621665,6.432820533001312,-1.7439084792391668,4.786087502507943,0.1274652281662296,1.5241740917843951
719,4.792710293172135,6.373430533848314,-1.5807202406761576,5.573181422282792,0.15768767490411567,1.4128913429692387
720,4.403347378064197,6.04053367241206,-1.6371862943478845,4.905795227262969,0.14002033632259905,1.4757153020224352
721,4.7563614447582125,6.265928425477586,-1.5095669807193417,4.669057697200849,0.14883355330879383,1.4436638554684953
722,4.956964126493389,6.605438729776598,-1.648474603283205,4.878807556309228,0.13838956181219583,1.4818148682792684
723,4.866503657340317,6.421390842271908,-1.5548871849316015,5.516101237604246,0.1594869776948964,1.4067990724997397
724,4.517551275051105,5.870299439946418,-1.3527481648953312,5.5318553440715,0.18294954353647228,1.3317281257297486
725,4.5708956335951,6.0096400204642855,-1.438744386869189,5.102258259058404,0.1650344777463725,1.3883369103934908
726,4.922175147944287,6.437949270514878,-1.5157741225706332,5.743039904258374,0.16760874117204236,1.379928238084362
727,4.749448999262867,6.164060492702934,-1.414611493440134,5.03528635420826,0.166569260571365,1.3833118679924126
728,4.697799416721963,6.328444748562539,-1.630645331840583,5.464249839265898,0.15060160197419958,1.437409743108314
729,4.490304228978729,6.032449002222489,-1.5421447732437628,5.66669468512273,0.16342693634866984,1.3936380364595433
730,4.794647392611964,6.22658836003059,-1.4319409674186545,5.847574955449566,0.17888743424250608,1.344188516124109
731,4.967490036622777,6.506425629556215,-1.5389355929335125,5.153700398911871,0.15481891166163755,1.4227145821395104
732,4.619409012104981,6.129742425763336,-1.5103334136583157,5.534362162223786,0.1646795319831541,1.38950404427
733,4.841695059005346,6.4617361044386925,-1.6200410454333678,5.41328540957776,0.1508243976326968,1.4366256276630038
734,4.588062189409911,6.073546322866854,-1.4854841334569642,5.101745251329895,0.15973639937733428,1.4059586648655915
735,4.876378985845335,6.515037422951821,-1.6386584371064714,5.379367741916658,0.14832250050001677,1.445482159907743
736,4.894421543591065,6.376004615377173,-1.4815830717860763,6.131227053475518,0.17775316514437683,1.347705367157211
737,4.732683071101619,6.272035905717406,-1.5393528346157836,5.42734079683925,0.1596379970118561,1.4062901056235861
738,4.532195072539807,6.007840714819551,-1.4756456422797442,5.129506390537802,0.1613491353828072,1.400548483661819
739,4.68591244272686,6.242405392006152,-1.5564929492792317,5.787743636184501,0.16387823204876198,1.3921458644869829
740,5.128969103444533,6.432021360594398,-1.3030522571498864,6.073886416712602,0.1981644743612878,1.2867986593361773
741,5.228201902673547,6.724553020140807,-1.4963511174672703,5.621755508466986,0.16773368797284774,1.3795225841147416
742,4.8396687988826415,6.409860326344354,-1.5701915274617022,5.212547268865174,0.1525309042141416,1.4306487641592849
743,5.021331543054018,6.455890289766476,-1.4345587467125256,5.752725562439785,0.17700276953551314,1.350041194140712
744,5.0703334762470575,6.6167528800547935,-1.5464194038077608,5.837641247001882,0.16579531765962957,1.3858414655340987
745,4.761762579030616,6.312590651943179,-1.5508280729125659,5.887950379083126,0.16613461100491378,1.3847314096699668
746,4.7152026691907025,6.103270365546663,-1.3880676963559608,6.357122926487181,0.19219619491655415,1.3041096623508257
747,4.927438653163605,6.517778416261066,-1.590339763097461,4.644899517386078,0.13984031724541165,1.4763859315548566
748,4.968039615249651,6.435074811745139,-1.4670351964954875,6.139401946429961,0.17954445215227627,1.342158984426905
749,4.643881540289996,6.223702807501798,-1.5798212672118552,5.172080320054675,0.15078640424852222,1.436759280544129
750,5.049220972620773,6.66193722026021,-1.612716247639412,5.478993456479818,0.15271261957542226,1.430015328943435
751,4.7935071934928,6.204981056880715,-1.4114738633878687,7.02716138856702,0.19921046892872069,1.2838042135374816
752,4.486951244610722,5.979522039187728,-1.4925707945769773,4.929092758121433,0.15572001163871943,1.4196142599601826
753,4.524112725000506,6.200466489595346,-1.6763537645948645,4.693501841164446,0.13217946417784734,1.5055627218681151
754,4.76240259912565,6.241939599723775,-1.4795370005981,4.8454721309923485,0.1555668266202333,1.4201403453724042
755,4.633778562320899,6.169777641692885,-1.5359990793720044,5.142515913423882,0.1549332765879005,1.422320340604971
756,4.962020622127554,6.531268364181948,-1.569247742054415,5.23160276634693,0.152971637544564,1.4291134178904112
757,5.074346148660808,6.537181235571602,-1.4628350869107862,5.498299585658991,0.1693987283647992,1.374138373356166
758,4.949843793371869,6.488985775640359,-1.539141982268461,5.566581519446597,0.16206034429595706,1.398175592473553
759,4.410305183184207,6.044855631672384,-1.6345504484881985,6.0484072862793585,0.159763784056359,1.4058664547246973
760,5.220994785116872,6.6713310366500345,-1.4503362515331446,6.366390222264256,0.18499913831553427,1.325518799571539
761,5.015123381163434,6.575210801932737,-1.560087420769321,4.931241159587621,0.14845607404640523,1.4450064495732595
762,4.908489997711669,6.510452590273598,-1.6019625925619607,5.944519828171211,0.16154466410877252,1.3998953320134317
763,4.726565820110224,6.2184786253151145,-1.4919128052048904,5.221239865287377,0.16120372510289943,1.401034605399828
764,4.46559921734665,6.0537017201855505,-1.5881025028389217,5.374555939535165,0.15349397581521276,1.4272981424532318
765,4.791104347568805,6.337094624602649,-1.5459902770338658,6.0866877674206865,0.16984970656820017,1.3726868898617186
766,4.517784167635725,6.205611803598416,-1.6878276359627193,4.84658148809563,0.13391824549662731,1.4988280509734033
767,4.647545714577163,6.22956078339994,-1.582015068822784,5.682545179669324,0.15938702424106505,1.407136137194494
768,4.528365624612931,6.171934187821449,-1.6435685632084756,5.3471874006226905,0.1472650560642003,1.4492597532775937
769,4.445888852342975,6.037772946231986,-1.591884093889064,5.302868800214206,0.15184141568974782,1.4330574650300656
770,4.707219202402129,6.262071021367763,-1.5548518189656306,5.613136731768913,0.1611425340763751,1.4012392723992029
771,4.637953909564246,6.032485797759584,-1.3945318881953312,5.111602309880132,0.17035264741690848,1.3710715669974531
772,4.854556645119189,6.130700040835549,-1.2761433957163604,5.803191360999788,0.1971202454327198,1.2897996041504634
773,4.958263188176701,6.570654925635104,-1.612391737458438,4.680461538924591,0.1382786643052173,1.4822316631725916
774,5.032459331792481,6.384020996197446,-1.3515616644049828,6.2560984477252575,0.19504811398877933,1.2957892171593601
775,4.723881201833919,6.216317179998153,-1.4924359781642238,6.02111156344654,0.17476975993154295,1.3570360382573348
776,4.449325427937637,6.132085785707488,-1.6827603577698937,5.700110118517799,0.14923212739614464,1.4422490514153183
777,4.872092908593672,6.530250179530125,-1.6581572709364423,5.046839292550214,0.14048951565966242,1.473970568484628
778,4.947484576812016,6.4783032125353515,-1.5308186357233353,5.435974920430505,0.160719518182417,1.402655751319538
779,4.755422315788664,6.276538154850336,-1.521115839061622,6.023902645529757,0.17159973949878798,1.3670815694979777
780,4.743014435839356,6.288339641647848,-1.5453252058084672,5.648072796470974,0.16276678302972233,1.3958263845531231
781,4.461108519721435,6.168463913498698,-1.7073553937772772,5.5516372755336185,0.14433216344126326,1.4598468713987904
782,4.691056958082683,6.209283977287104,-1.5182270192044598,5.770528045119988,0.16779357309306694,1.3793282407240768
783,4.953148614895937,6.578769552190774,-1.6256209372947978,6.535374911755483,0.1681212065957396,1.378265902524561
784,4.869312576796446,6.251527508187593,-1.382214931391161,5.682388870725285,0.18199120100447727,1.334649157902799
785,4.759431728251329,6.40862047774926,-1.6491887494979665,5.653264586914016,0.15187170770665057,1.432951466369193
786,4.625737508920039,6.108651144970313,-1.4829136360502275,5.3865046035559665,0.16516547656068065,1.3879066370682178
787,4.736635257651855,6.344455632897258,-1.60782037524541,5.346067485459082,0.15093006896092243,1.4362540326303934
788,4.526167384793368,6.092675202226591,-1.5665078174332052,5.212913014864842,0.15292908396803095,1.4292615113654552
789,4.688793466429999,6.160127588269688,-1.471334121839675,5.218024593672931,0.16345274054667072,1.3935526333490302
790,4.74298868666186,6.2505713079205485,-1.5075826212587344,5.384943689767512,0.16238438189199822,1.3970970730106238
791,5.003203522781561,6.576045295755122,-1.572841772973561,4.571799078024,0.14021225311669783,1.475001079808859
792,5.0100571465352886,6.479705227374804,-1.4696480808395336,5.613448070115812,0.17060758026546718,1.3702541496159812
793,4.784823595707209,6.353338702493964,-1.5685151067867196,5.3013939765198135,0.15428845934339216,1.4245460681313036
794,4.936457642727575,6.315025937295456,-1.378568294567856,5.359851085277944,0.17679080496614083,1.3507023320279032
795,4.714428640322282,6.319918979240416,-1.6054903389181163,6.077403192061221,0.16327924489363446,1.394127040593432
796,4.820316901621524,6.307584524955317,-1.4872676233337643,6.17530830029909,0.17780116328167136,1.3475562088918147
797,4.645909197984608,6.200495691605116,-1.5545864936204907,5.7824242604854135,0.16399764506144549,1.3917515534114018
798,4.763244757235938,6.203702037376555,-1.4404572801406061,5.781602992420771,0.17680089788329933,1.3506708378599492
799,4.5516510838468065,6.255338465943691,-1.7036873820968594,5.016828246111947,0.1354691780860974,1.4928777968257556
800,4.757623267556639,6.096255021913382,-1.3386317543567543,5.400887004400012,0.18235681471065865,1.3335334231629654
801,4.710326730529047,6.066352339888031,-1.3560256093589942,5.384752413409652,0.1799499520820865,1.3409091469220409
802,5.260907970746231,6.766386692745765,-1.505478721999566,5.685789999369062,0.16779618713063757,1.379319758652678
803,4.73308356471027,6.159005645012201,-1.4259220803019161,5.694126709500221,0.17702171536928216,1.3499821289861516
804,4.914520406634878,6.49369854438196,-1.5791781377470784,5.40767527840938,0.1550144859003901,1.4220405280675776
805,4.837012967819632,6.289811631931887,-1.4527986641122084,5.7148378166821505,0.17425556863363295,1.3586561649805031
806,4.518009012321031,6.153521626078064,-1.6355126137570437,4.512675769940559,0.1327052818699511,1.5035189195508005
807,4.758817215049291,6.344901072233107,-1.5860838571837803,4.804756913034639,0.14334901768135336,1.4634326953580015
808,4.729055728057844,6.24332152781497,-1.5142657997571405,5.578235332439753,0.16499553111851933,1.3884648824675736
809,4.979585789496795,6.3604961723473,-1.3809103828505158,6.347348287714107,0.19290504907078165,1.3020331633543314
810,4.861987038351046,6.423405825890637,-1.5614187875395942,5.376251359125989,0.1563625605631808,1.4174118142085461
811,4.786812590440363,6.268967927678041,-1.4821553372377139,6.125761005215258,0.1776016719462848,1.3481763418423724
812,4.97149910919687,6.468572816005036,-1.4970737068081803,5.925169256513261,0.17269756202164901,1.3635870757580764
813,4.933303878533238,6.370494334711964,-1.4371904561787687,6.243847414179724,0.1846359605498635,1.3266153347775365
814,5.310568112238158,6.623379478295597,-1.3128113660574172,6.863944486269409,0.20888239247850557,1.2566445023875386
815,4.46373099271311,6.148247424283294,-1.6845164315701595,5.064422996058134,0.13819193395952684,1.4825578082333568
816,4.897100234474053,6.524530916084149,-1.6274306816101216,5.646200628557452,0.1539997160011487,1.4255450203174103
817,4.589339580556938,6.034282096165132,-1.4449425156081475,6.022925145855218,0.1802357617669035,1.3400294772477417
818,5.173616283396925,6.852695814063612,-1.6790795306666837,5.606260658257522,0.14805685861133958,1.4464291932868591
819,4.620157977079245,5.972348151397362,-1.3521901743181388,6.293014008529548,0.1955454060432963,1.2943475293038993
820,4.648110364276292,6.2415146080282256,-1.5934042437519338,5.463146737405049,0.1544665177128922,1.4239307556253968
821,4.735213846049518,6.163924694922965,-1.4287108488734361,5.488903285883882,0.17316453683772856,1.3621056774454363
822,4.981985297399476,6.460977037519619,-1.4789917401201365,6.526884476988705,0.18412619075884315,1.3281571683848947
823,4.911144125816563,6.355044592211566,-1.4439004663950072,5.761694146897916,0.17606921491341626,1.3529574789587693
824,4.803228822392484,6.324924484118458,-1.521695661726028,6.052286312747036,0.1719881764705912,1.3658432234207378
825,4.578605172808395,6.189473792554505,-1.6108686197461566,4.998126629503,0.14439690091218732,1.4596114125598478
826,4.7787238028411,6.423634678565211,-1.6449108757240651,5.724535038682932,0.153486279133053,1.4273248565062855
827,4.905557130417137,6.4275579114971,-1.5220007810800098,5.695733301848488,0.1661279454363982,1.3847532007829908
828,4.518506523868538,6.094030501830005,-1.5755239779614385,5.319698040893735,0.15386546793110512,1.426009957090474
829,4.419279841127533,5.938404282398885,-1.5191244412713445,5.183980167148224,0.1575231772177877,1.4134509384580682
830,4.646091888624923,6.082897899460772,-1.4368060108358804,6.371472047023495,0.1866512424990405,1.3205506336122836
831,4.754465818783146,6.308269374701862,-1.553803555918762,5.068331348125021,0.15166391258953668,1.4336789126285383
832,5.094241515030589,6.534498115939897,-1.440256600909322,5.50762083066377,0.17215272980061413,1.365319254633987
833,4.88284684875002,6.235494030543428,-1.3526471817934294,5.4331734895511286,0.18122318197549483,1.3369983299385508
834,4.854944254352503,6.466662413228246,-1.6117181588758172,5.244136551240038,0.1487365089070842,1.4440087682639737
835,4.554493327012651,6.173097714569543,-1.6186043875568998,5.127523721463758,0.14594893829437733,1.4539905063348582
836,4.987608193375294,6.53314561908341,-1.545537425708062,5.604968632443008,0.16201563192756996,1.398324539860608
837,4.886597556472211,6.465919517022538,-1.57932196055026,5.6431207742918055,0.15901548549083372,1.4083904500798763
838,5.09690019842985,6.536883074958439,-1.4399828765285747,6.270478524268345,0.1847245485006544,1.326347715912827
839,4.708861887240332,6.064106355783899,-1.3552444685436171,5.218348016251387,0.17702404148880344,1.3499748774468057
840,4.998730568902587,6.447952586721865,-1.4492220178192383,5.522801311874531,0.171383251974612,1.3677726475030323
841,4.672444789396579,6.304145063358096,-1.6317002739615418,5.65594363266519,0.15371876407172455,1.4265183843095577
842,4.687212050645812,6.363105367339546,-1.6758933166937027,4.5114611777907125,0.12874028982132918,1.519088226588558
843,5.068592182388315,6.620246961457806,-1.5516547790694517,4.697811753288844,0.14489561146963406,1.4578002423750493
844,4.946752676593277,6.571084151847021,-1.6243314752537117,5.7921739038666225,0.15672710620768768,1.4161653228380202
845,5.066027556944832,6.606191638225905,-1.540164081281148,4.941579151652434,0.15077322559340936,1.4368056463275083
846,4.598520450152009,6.1132224254206164,-1.5147019752686788,5.662154280991393,0.16637161688868804,1.3839570157023169
847,4.644113619653567,6.2723733437365325,-1.628259724082966,5.439931295624335,0.1504320211420364,1.4380071651704716
848,4.6361246182297435,6.344298181042166,-1.7081735628124193,4.307182275972162,0.12168094993380536,1.5477564308804859
849,4.9936089728514474,6.641375636544158,-1.6477666636926642,5.3748806233293145,0.14731551852111632,1.4490790119403267
850,4.706549299287403,6.2903282785464185,-1.583778979259023,5.244331403819439,0.15165991059483025,1.43369293020392
851,5.071193831038599,6.58532077201982,-1.5141269409812708,6.025229365291747,0.1723996542327847,1.3645337032869769
852,4.88338025544526,6.359086026944674,-1.4757057714994062,5.337011985343526,0.1650995267803665,1.3881232208857395
853,4.967063059505605,6.4046236083863874,-1.4375605488808105,6.2535947347939675,0.1847445677484769,1.3262872521279567
854,4.833827308518821,6.317588147573122,-1.4837608390542982,4.870733092731898,0.1555831349014095,1.420084318922615
855,4.951202693419972,6.424769575094231,-1.4735668816742873,5.7809517362329945,0.17298583978032275,1.362672210322252
856,5.040650671296518,6.5411356184576235,-1.5004849471610555,4.594322230607155,0.1483357585222962,1.4454349280140621
857,4.6831057159017035,6.319883086951776,-1.636777371050016,5.157394837465311,0.14462506874116227,1.4587821801912515
858,4.804025751997685,6.494233750129851,-1.6902079981321094,4.642850451662582,0.12988297031458754,1.5145635439550502
859,4.65583676112702,6.158820496454389,-1.5029837353274047,5.552244244679194,0.16580438446364992,1.3858117797316216
860,4.937223159501897,6.417567912232183,-1.480344752730275,5.551312531024063,0.16832909077434752,1.3775926523617732
861,4.566461365624193,6.15494113705844,-1.5884797714342653,5.347018800781367,0.1529737715875317,1.4291059918936884
862,5.038570832471393,6.633800685846936,-1.5952298533755425,5.675170298610977,0.15785905562536884,1.4123088026834627
863,4.400503804884508,6.003698276948896,-1.6031944720644447,4.471640551298075,0.13512424209652266,1.4941965958934584
864,5.060532500544568,6.580896900241228,-1.520364399696689,5.16433227503696,0.15703087241943375,1.415128332756683
865,4.815766074673419,6.312060332660749,-1.4962942579873584,5.293601109006072,0.1620174497954514,1.3983184835112747
866,4.676394478745905,6.350071100863627,-1.6736766221176822,4.976959387681511,0.13768582008628585,1.4844641765248137
867,4.679007701041414,6.182135392102712,-1.5031276910613087,5.5087917408698015,0.16503970627578984,1.3883197320554692
868,4.7104251601161735,6.254392463713479,-1.5439673035972987,5.373008287946563,0.15818733678744076,1.4111942783902611
869,4.903193819943155,6.194258536868208,-1.291064716925007,6.601372019364906,0.2077936662490621,1.2596554963940867
870,4.6280825522540425,6.136296554699239,-1.5082140024451292,6.0742442848296,0.17384261757363548,1.3599598882918098
871,4.725549093338699,6.386438837693223,-1.660889744354506,5.541582183045426,0.1488159140883111,1.443726535575242
872,4.6033193332827835,6.146957592947739,-1.5436382596649878,5.199375831693965,0.15513687386095082,1.4216190417492132
873,4.895355662468589,6.462154816244244,-1.5667991537757189,5.3315811778850435,0.15500348292423177,1.4220784330941971
874,4.602192679262416,5.899430930249544,-1.2972382509871636,5.776619129599879,0.19400926895387605,1.2988096300565213
875,4.622865455453095,6.149507642579525,-1.5266421871264697,5.473740751185991,0.1618330446734309,1.3989331030743968
876,4.937373802307647,6.406088084113119,-1.4687142818054326,5.756300791549437,0.17312766579122546,1.362222535907245
877,5.335643819401739,6.78129108019489,-1.4456472607931232,5.6217212482553,0.17349924797830343,1.3610456994972349
878,4.876555228705158,6.371481536679447,-1.4949263079742536,5.292083344057483,0.1621426456007613,1.3979015085894646
879,4.613757058825783,6.1861462297160195,-1.5723891708902897,5.897012428245894,0.16394284177507842,1.391932491264869
880,4.805051383512691,6.23348860830783,-1.4284372247951183,5.817978343761572,0.1788057548819363,1.3444412112995678
881,4.319020487955626,5.823680470502374,-1.504659982546741,4.697121491295777,0.14991849415669772,1.4398194243670712
882,5.0478725252369685,6.506292274577362,-1.4584197493404076,6.005418573183929,0.17839663380706747,1.3457082217568301
883,4.689420014833658,6.139602855713246,-1.4501828408795632,5.053206075388005,0.16281234530583524,1.3956751349399588
884,4.9613106990513955,6.478083033986088,-1.5167723349346716,5.604995300588307,0.16517401398849954,1.3878786043009324
885,4.786897918750455,6.418273139786507,-1.6313752210360235,5.665237717038629,0.15390666696939265,1.4258672410807747
886,4.43386213867943,6.1099082334957195,-1.6760460948162859,5.599787873033861,0.14825485896980106,1.4457231840344569
887,4.640155826675809,6.144394315205158,-1.5042384885293245,5.205123264154594,0.15954396557303088,1.4066069685508427
888,5.229249521370193,6.709841700348793,-1.4805921789786112,5.653623888678403,0.1700494352281299,1.3720449817191238
889,4.540704800748799,6.012143299201675,-1.4714384984528692,4.703063320340075,0.15369016475005504,1.426617543092106
890,4.831370839717849,6.3919352726814616,-1.560564432963588,5.5036470873535475,0.1586610575533407,1.4095890655664745
891,4.75905243207346,6.214650390547334,-1.455597958473902,5.910886917146,0.17718690798093314,1.349467327222907
892,4.304550427215744,6.009693427740942,-1.7051430005251973,4.992895280754315,0.1348991982308463,1.4950584123704518
893,4.695895319923622,6.307064392836047,-1.6111690729123893,5.522658563520505,0.15361762549587138,1.4268691121318338
894,4.96578747551267,6.394010714181359,-1.4282232386686928,5.551062505100056,0.17430300114190528,1.3585065641172307
895,5.061760127857539,6.636376282931884,-1.5746161550742954,5.011703649545353,0.14841650841150822,1.4451473249846611
896,4.559380790406621,6.16696907618903,-1.6075882857824126,4.840936616418244,0.1418170835987479,1.4690579067116238
897,4.610607592997027,6.155572470583671,-1.544964877586608,5.513789920191504,0.16052255297809745,1.4033162553877025
898,4.403193190899614,6.0212240436852085,-1.61803085278558,5.507563920021159,0.15264573910463683,1.430248398499314
899,4.882252439358055,6.462986789935517,-1.5807343505774725,5.103805062204268,0.14945731517492616,1.441450985106228
900,4.589663958479818,5.962377905036451,-1.3727139465566438,5.764467204758352,0.18452090993991097,1.3269630376287613
901,4.513590434489956,6.110249765685285,-1.596659331195326,5.380273593093467,0.15269261832615197,1.4300850224980388
902,5.18005045934477,6.7726057321832585,-1.5925552728384673,5.554982638423713,0.15612293574341954,1.418232364754281
903,4.643657324910961,6.299403683935012,-1.6557463590240218,5.243578800674069,0.1442263324062316,1.4602319674211663
904,4.620346449254029,6.195081102524995,-1.574734653270923,5.3439255262008025,0.1543747615323443,1.4242477681582282
905,4.834891178287577,6.30467085027426,-1.4697796719866574,5.999367745194963,0.17699566256413807,1.3500633519081344
906,4.666695234954361,6.120152470231879,-1.45345723527754,5.695917683026275,0.17386063813325156,1.3599029475340265
907,4.934178795408897,6.350090616638557,-1.4159118212295994,5.97073728107369,0.1827850423471611,1.3322287182327741
908,4.565041207424414,6.1496107929919965,-1.5845695855675785,5.326710828651034,0.15303074469455688,1.4289077672341153
909,5.121915964640024,6.616119198755609,-1.4942032341155596,4.602581930796754,0.149185171493763,1.4424155790915616
910,4.6893714340486525,6.31212640000529,-1.6227549659565739,5.181672597306598,0.1464903464587789,1.4520404926786572
911,5.009942946718624,6.254067545046933,-1.2441245983283125,5.661761488760462,0.19882504367588005,1.2849062584931128
912,4.532844754041136,6.111968767295867,-1.5791240132546704,5.165328950971334,0.1507385499858739,1.4369276584893858
913,4.986933691417207,6.5696865494339605,-1.5827528580168178,4.858653993537862,0.14471383937292925,1.458459831181808
914,4.823343889596671,6.457321293767045,-1.6339774041703095,4.194788209255934,0.12646513079712698,1.528190967358814
915,4.684752186984937,6.2112746920935,-1.5265225051085167,5.994233600499447,0.1705242530447451,1.3705212295080986
916,4.669446513005298,6.1648639270915275,-1.495417414086262,5.0579046773308605,0.15782108622101748,1.412437823173115
917,4.719928937836343,6.57386989977995,-1.8539409619435787,5.060732262401409,0.12234162825135114,1.5450191629709473
918,4.76868754170242,6.336995539375543,-1.5683079976731165,4.846928145470196,0.14600266607133627,1.4537967454554972
919,4.738299979627001,6.373415839905476,-1.6351158602785176,4.9307166139189675,0.14068872024714704,1.4732311430525709
920,4.5720327972577905,6.21817832720529,-1.6461455299474892,4.554102766400009,0.13246444062890594,1.5044542661060247
921,4.982691163131264,6.644031168881394,-1.6613400057501053,5.528836450308953,0.14855611912429595,1.444650361972088
922,4.879151449879984,6.4068087581075375,-1.5276573082276172,5.531304333112201,0.16271434636215915,1.3960004940904043
923,4.5789363050085825,5.959605593960646,-1.380669288952106,5.610821301132306,0.18095076302506138,1.3378333644408775
924,5.229267822940571,6.645083547791732,-1.415815724851143,5.742366246841847,0.1790203841534546,1.3437773863645075
925,4.936272000920368,6.557425643107546,-1.6211536421871529,5.143131082456822,0.14596688299357666,1.4539257854943453
926,4.575210597162524,6.10812056422477,-1.5329099670622668,4.888693965142306,0.15055595180683384,1.4375705151643052
927,4.708252684892884,6.203085917545291,-1.4948332326523541,5.086633906761875,0.15841780209326364,1.410412887881093
928,4.890628741773966,6.504298679234871,-1.6136699374608838,5.1479905346243555,0.14682402530945068,1.4508414116767234
929,4.673603134993172,6.085128968395992,-1.4115258334027772,5.566335300387884,0.17652119208137487,1.3515441345851094
930,4.707203637456686,6.21990648353481,-1.5127028460781275,5.862976536066787,0.16993204968182274,1.372422178732045
931,4.781297537683983,6.405801938121904,-1.6245044004378997,4.611022771965066,0.13571819923542872,1.4919273218482805
932,4.82720317065683,6.187112699504706,-1.3599095288479361,6.06416623949279,0.19099450433212892,1.3076427660335708
933,4.824659455456171,6.384573688224851,-1.5599142327687332,6.074957414978474,0.1681417850101692,1.3781992297602164
934,4.757830851054777,6.31241394936924,-1.554583098314481,4.975436361331573,0.14986492191906295,1.4400087557112133
935,4.595223386836139,6.0685376829439726,-1.4733142961077874,6.042415756281896,0.17728328958361134,1.349167131346785
936,4.940533833038714,6.327934239837955,-1.3874004067992587,6.84787785484253,0.19954648246979267,1.2828447218687409
937,4.695382889372624,6.025467848966926,-1.3300849595943305,6.554588802929038,0.20223586527998327,1.2752073364078609
938,4.7171390511521025,6.111656441035617,-1.3945173898835037,5.454151658259885,0.17656960383973325,1.3513929097565105
939,4.845564653670564,6.351280374590107,-1.5057157209195111,6.124966308022202,0.1749262119334962,1.356543791540938
940,4.646161431597861,6.3195892730475585,-1.6734278414497226,5.231028804980554,0.14223407167863525,1.4675221374693528
941,4.647081099465524,6.195318099290297,-1.5482369998247805,5.612069987068315,0.16184219393389146,1.3989025962631059
942,4.666091130468075,6.428826025349274,-1.7627348948811346,4.694452545428732,0.124039889098333,1.5380356879013635
943,4.369883958499813,5.8527584637778105,-1.482874505278005,5.649225012949293,0.1697167670729256,1.3731144579634926
944,4.693130198888966,6.331333059812636,-1.6382028609236272,5.4001392229500045,0.1487267793240296,1.4440433583818972
945,5.451819180127629,6.857074893055373,-1.405255712927726,7.111796219035872,0.20112160500430673,1.2783625991579803
946,4.804199791389337,6.113618186480789,-1.309418395091427,6.519922066796964,0.2042820855561308,1.2694458683585104
947,4.868993147301339,6.220608928440715,-1.351615781139344,5.591668606212616,0.18412756292253032,1.3281530139427693
948,4.232736268804317,5.626098349838866,-1.3933620810345815,4.966066318899051,0.16774077518453673,1.3794995814801727
949,4.5897816220746535,6.136495100406236,-1.5467134783315828,5.496427880105298,0.1600341249656954,1.40495679915837
950,4.481683393816567,6.049045955365809,-1.5673625615492028,6.1519034232897045,0.16854148431099455,1.3769054425399065
951,4.931708212383214,6.391316678671611,-1.4596084662883868,6.0777918566692755,0.17942009219302898,1.3425427087948008
952,5.006225633996095,6.369359885478556,-1.3631342514825064,6.196673589066004,0.19270887246378932,1.302607276003507
953,4.516541781808186,6.053436506272789,-1.5368947244646165,4.647645334491578,0.14547841198240127,1.455689723578782
954,4.810230448656554,6.396081245495051,-1.5858507968385425,5.440614434463852,0.1548768332026447,1.4225148859727532
955,5.12447646459087,6.5189752910013326,-1.3944988264104836,5.621931499791678,0.1794922661898563,1.3423199850618193
956,4.988307336282375,6.5735199127563035,-1.5852125764739071,4.745483201566163,0.14230922415092273,1.4672457183786467
957,4.531261724883379,6.055205751945969,-1.523944027062612,5.490006851696537,0.16241097819067118,1.3970086226285183
958,4.82880907437162,6.525907249223099,-1.697098174851476,4.658149280566864,0.1295118773793567,1.5160295625833622
959,4.809359596196757,6.275628859333768,-1.4662692631370078,5.518066199512994,0.16935078044842453,1.3742928651502373
960,4.8427118637202256,6.250447126366339,-1.4077352626460993,5.650664930274569,0.17841732817778594,1.3456440813060555
961,4.85143719247894,6.472970822084964,-1.6215336296060059,5.499664483657883,0.15214746573410487,1.431987265808633
962,4.6013333042042035,5.936933296108286,-1.3355999919040755,5.720245459977669,0.18828996717564284,1.3156546938809546
963,4.716888986424507,6.259799762897494,-1.5429107764729793,5.182452181344674,0.15491017546977154,1.422399957519901
964,4.725003151914038,6.19106175683914,-1.466058604925081,6.143614721512222,0.17972303324327607,1.341608301062767
965,4.674954033729179,6.245281053998717,-1.5703270202695307,5.986652904078472,0.16560772370347351,1.3864559448534481
966,4.844714755405775,6.368239948291471,-1.5235251928856997,4.9160701755776355,0.15208679256551705,1.4321992980832752
967,4.496049781248516,6.0576023759765825,-1.5615525947280844,6.1365400485609705,0.16893283681231808,1.37564090227599
968,4.7524741829296175,6.186514845051782,-1.434040662122186,5.030665690518029,0.16423585914361497,1.3909655976986715
969,4.585517108576752,6.126404290404498,-1.5408871818277134,5.133701108250744,0.1542447039385127,1.4246973553298852
970,4.77132712458949,6.312403671887033,-1.541076547297564,5.165098654690757,0.15479431004561012,1.422799418329979
971,4.277637212150225,5.672021172314441,-1.3943839601641912,5.713320821433875,0.18106423269336727,1.337485437246403
972,4.936204968729655,6.409877059266723,-1.4736720905370362,5.654111780547954,0.1708422849239719,1.369502400588852
973,5.0030216241167835,6.678698189057393,-1.6756765649406589,5.237725543697197,0.14212706650538207,1.4679159079060127
974,4.843678575407907,6.418780562342267,-1.575101986934385,4.855490580941277,0.14545247283103718,1.455783520250388
975,4.759913331126469,6.304007150901523,-1.544093819775071,5.453948052118941,0.15958480296424274,1.4064693391937073
976,4.756016088771375,6.173138667312969,-1.4171225785416368,7.1899363231423905,0.20078823410729185,1.2793090864652317
977,4.794169391147122,6.272904914068828,-1.4787355229217383,4.749138785725574,0.15378568433039808,1.4262864150189727
978,5.210913022801876,6.617450157104557,-1.4065371343026527,5.4745314718856655,0.1755078666563193,1.3547166009636549
979,5.100152851813377,6.690501085990551,-1.5903482341771564,6.309598263251116,0.1684939231220127,1.3770592726218778
980,4.59432241676835,6.201330404914749,-1.6070079881464494,4.834080803941498,0.14174765518748234,1.4693139486268627
981,4.676192016048205,6.174128143742831,-1.4979361276946292,5.2212117155689715,0.16053328406131978,1.4032802539507645
982,4.788308698860803,6.529984352436866,-1.7416756535761238,5.617174259880862,0.14205526981806857,1.4681802415905125
983,4.835502221675412,6.302809857724473,-1.4673076360490995,5.061319019712217,0.1610242777910071,1.4016349732625282
984,4.765199643263813,6.216569533256507,-1.4513698899927476,5.625109745967565,0.17289788543535525,1.3629512173878537
985,4.683058206805001,6.12934802982679,-1.4462898230217434,5.786407547139493,0.17620571367045074,1.3525303589989524
986,5.08796453569191,6.630487872189093,-1.5425233364971405,5.903395341815802,0.16729400530300229,1.380951071495799
987,4.877211059762018,6.470582864195926,-1.5933718044339003,5.490337302248321,0.15493595799413498,1.4223110998487174
988,4.455301548800932,6.056711440323724,-1.601409891522792,5.2188231613576725,0.14935896951050773,1.4417994095535034
989,4.898196854125658,6.350221061146804,-1.452024207021168,5.125423555991951,0.1639453456691085,1.3919242234457798
990,5.091632877012202,6.763213230453289,-1.6715803534411293,5.938715624159608,0.15420995418288555,1.4248175281381301
991,4.612420828737058,6.36334647793737,-1.750925649200326,5.698173492233577,0.14247668953474604,1.466630165124837
992,4.872944797272723,6.253916998195987,-1.3809722009232246,5.639472687707066,0.1814068045395588,1.3364360048659456
993,5.033007146255258,6.552473331340607,-1.5194661850853208,4.591737951070122,0.14623401519030327,1.4529630436538004
994,4.548062981834491,6.0290391273928705,-1.4809761455583725,5.466694164448306,0.16679110903797084,1.3825883962903927
995,4.771049305698725,6.349175762394996,-1.5781264566962818,6.193852424448332,0.16802921225165451,1.37856403333728
996,5.2007056809104455,6.621212393461157,-1.4205067125507185,6.906666270899356,0.19644813298769137,1.2917373071058291
997,4.776414206089655,6.337405176645017,-1.5609909705553378,5.42398900603882,0.1572402169568578,1.414414561990782
998,4.685666910145457,6.3756365059603795,-1.6899695958149437,5.604702138071419,0.14693912767256165,1.4504282727527869
999,4.767638673777228,6.225806010993377,-1.458167337216139,5.286376405698116,0.1661808858442129,1.384580145837218
