,logR,logI,logS,d_G,p,sigma
labels,$\ln\mathcal{R}$,$\log\mathcal{I}$,$\ln\mathcal{S}$,$d_\mathrm{G}$,$p$,$\sigma$
samples,,,,,,
0,6.263745333493505,7.1228290963230965,-0.8590837628296413,2.2308663554913544,0.1657836815962278,1.3858795651890607
1,6.546616341938732,7.261901483057764,-0.7152851411190113,2.0484438859509844,0.18216621498530305,1.3341148646341028
2,5.224643311990137,6.131599510353377,-0.9069561983631047,1.4018938088260349,0.11854298410163423,1.560918489820356
3,5.988561254351923,6.858852653397415,-0.8702913990455272,0.5194533952599443,0.058731520696741576,1.8901977261364742
4,6.358888144804057,7.055640908251883,-0.6967527634478756,3.150585668514175,0.22666811030693282,1.2089862959521842
5,6.0576082932082205,6.748057252340859,-0.6904489591327092,2.550202343182022,0.20760539405998893,1.2601773435648098
6,5.891129685265712,6.693973266069152,-0.8028435808034828,2.0178615352002574,0.16564732606003288,1.38632618050946
7,5.791308924075809,6.623521882344038,-0.832212958268201,1.777257546551592,0.14943573729672072,1.4415274174186166
8,6.226030613397841,7.048037682518904,-0.8220070691209003,2.300366258812069,0.1746384338878198,1.3574494848793945
9,6.1224600213936515,6.878659633693134,-0.7561996122997243,1.9120668122573825,0.16852703984228165,1.376952157729284
10,6.030892857336783,6.488608892573724,-0.4577160352368992,2.647828513260013,0.25927758181480687,1.1281002542042389
11,5.958333888770328,6.795451591072323,-0.837117702301839,1.3432022721641452,0.12478524487568333,1.5349942319927525
12,6.314031619481073,7.153872365415085,-0.8398407459339978,1.9848138916311733,0.15815076824365257,1.4113183429348086
13,6.442184211565307,7.05283324994865,-0.6106490383833716,1.9388852884397814,0.1967889378947919,1.2907541594765395
14,6.423947270268416,7.199779355015048,-0.7758320847465257,2.988064768172336,0.20734602307933983,1.2608968227551538
15,6.098329281104968,6.823666502428539,-0.7253372213235707,2.5406104655345345,0.20081400693216803,1.279235872877495
16,6.079166988111881,6.86726911661731,-0.788102128505443,2.657809063141581,0.1940151579663833,1.298792474505994
17,6.578525541368451,7.578977796155302,-1.0004522547869783,1.5307751671699137,0.11340568965625047,1.58306921379095
18,5.556286657436674,6.368440036763106,-0.8121533793266735,1.4397479339199144,0.1342415814508677,1.4975831725048738
19,5.8089336841628825,6.5693890280914236,-0.76045534392847,2.789489629712417,0.20346344018352222,1.2717458331984852
20,6.3061261222587905,6.943511020468181,-0.6373848982093477,2.2804895760868718,0.20704598773231245,1.2617299174670908
21,6.219306485630584,6.987425064385748,-0.7681185787553204,2.7404253815412467,0.20041546583791944,1.2803687875374263
22,5.924638069602922,6.556272012796166,-0.6316339431934921,3.1140254750641,0.23794285013477595,1.1801442440863652
23,6.442419345751221,7.092588500804235,-0.6501691550527084,1.5934087881777508,0.170608534685095,1.37025109108224
24,5.98576549551605,6.737239757597637,-0.7514742620819561,2.8739871452624115,0.20791540140539527,1.2593182570893233
25,6.054226539644121,6.700530853789894,-0.6463043141457092,1.5599129777821972,0.16935948688287064,1.3742648099261083
26,6.268216229678517,7.057272286654959,-0.7890560569762783,2.5427087251015585,0.18963766257678383,1.3116517530955534
27,6.3202302788786415,7.1619651788966525,-0.841734900018082,1.2293351401513135,0.11702182571924939,1.56739742399684
28,6.174591810275176,6.860396250212888,-0.6858044399377832,2.8687107960997693,0.21975193901617573,1.227187998921862
29,5.824602487323334,6.516219411014491,-0.6916169236910719,2.636673595302728,0.21058218256276845,1.2519661941970397
30,6.044412562830319,6.715699440061735,-0.6712868772312959,1.5740658948276192,0.16558343166167627,1.3865355537125923
31,5.862250536205481,6.437569609494611,-0.5753190732889379,1.5719721377755285,0.18392888853638406,1.328754770785063
32,5.8629520511645,6.639298394274904,-0.7763463431103901,2.108594523039695,0.17417178192061167,1.3589205003552365
33,6.205118045201077,6.941348804186811,-0.7362307589858119,2.0547741904765893,0.1787161169431293,1.3447186271329854
34,5.93281880744418,6.912435185051217,-0.9796163776070443,0.904993918000006,0.07909235998622523,1.7559768587859397
35,6.038564389842138,6.805123450089399,-0.7665590602471184,1.471978787759344,0.14325295374191577,1.463784079521632
36,5.858359400276202,6.588630089187427,-0.730270688911105,2.5134585180348097,0.19889341962779344,1.2847106375333237
37,6.102239876539459,6.716741476771633,-0.6145016002324155,1.3188617541220822,0.15989572006178618,1.40542236507942
38,6.477870601475177,7.463749979468497,-0.9858793779933421,2.897186912651293,0.17061391881663346,1.3702338373310277
39,5.805445144792218,6.560164708710532,-0.7547195639183428,1.6999375946983797,0.15800966014879317,1.411797278129947
40,6.18235353917318,6.978096914545398,-0.7957433753722398,3.0976446922927927,0.2073424097333001,1.2609068505657977
41,5.770150674708718,6.653592116065001,-0.8834414413561262,1.940030914247128,0.14935052741924593,1.4418293268187432
42,6.0815361554857805,6.801766510872833,-0.7202303553870024,2.213840707491432,0.1886188983772088,1.3146757544991938
43,6.2084509973192485,6.89802347807686,-0.6895724807575334,2.6922786027947154,0.2129648811647125,1.2454540902836386
44,5.926271620977348,6.799628931712876,-0.8733573107356278,2.5360056223369583,0.1754253223878055,1.3549756273888645
45,5.707953772656781,6.5254799679354765,-0.8175261952787878,1.9959968628933353,0.16224377370832918,1.3975648704822274
46,5.893047660525115,6.646253823335458,-0.7532061628103293,2.3307968672679706,0.18761566626730383,1.3176654468901943
47,6.158851108117021,6.778134883722936,-0.6192837756061635,2.9913684509337735,0.236555468759042,1.183640329563145
48,6.03052881902933,6.829281092881262,-0.7987522738519601,2.6328331571769965,0.19128831080239417,1.3067774353384394
49,6.220969262848273,7.173392088332479,-0.952422825484291,2.0431894177082057,0.14379797850358056,1.4617928701585092
50,6.308977261903026,7.0083010776278645,-0.699323815724938,2.7168554936488043,0.21201633933408945,1.2480401904804745
51,6.712191584078953,7.503306819282814,-0.7911152352041881,2.3260979717851917,0.180861053815237,1.3381085506325465
52,5.941198720084701,6.801429801797498,-0.8602310817129819,2.3152557728452905,0.16903326939455904,1.375316738451127
53,6.23004227430876,6.885024882023005,-0.6549826077141461,2.7409530076235846,0.22125386256784932,1.2232008024917487
54,6.62326608604714,7.27131468683328,-0.6480486007860691,3.273409005016944,0.23949357672332244,1.1762535366227833
55,5.848470290734001,6.892635249618303,-1.0441649588840392,3.310971719777932,0.17466063635804294,1.3573795697544238
56,6.327959510426142,7.06745245919114,-0.7394929487650188,1.939351531409553,0.1727358212433707,1.36346559231216
57,6.17045890810188,6.888738201272298,-0.7182792931703261,2.5603479571670107,0.20283973964470114,1.2735026307160917
58,5.975667506513462,6.786745301952296,-0.8110777954391324,1.8034631447279956,0.15408790899520605,1.4252397521574192
59,5.872759826336521,6.8611953663705325,-0.988435540034061,1.418674272348703,0.10903415495287333,1.6025494806368985
60,6.460173643525666,7.091707664528217,-0.6315340210028353,2.1153623327483437,0.20099126197362538,1.2787325251470627
61,6.317404398023443,7.130067050446344,-0.8126626524228868,1.9834185632249728,0.1624566312913091,1.3968568211821248
62,6.440429309678864,7.2114917478702925,-0.7710624381913931,2.0192155839900714,0.17103962016173188,1.3688709426048489
63,5.607967525280417,6.413094019737473,-0.8051264944572267,1.7886167386708607,0.1543013899551095,1.4245013659292058
64,5.974280423710768,6.823641334435196,-0.8493609107244993,1.7838180290330534,0.1471059524014276,1.4498299249042488
65,6.290161966011981,6.97967988599313,-0.6895179199811992,1.660488605198303,0.16720999393708966,1.381224337329614
66,6.026735309777466,6.89516017177745,-0.8684248620002109,1.9827240193790452,0.15358672349736704,1.426976308934401
67,5.9046064212966645,6.729037735124942,-0.8244313138284269,2.163713167629055,0.16854356716806418,1.3768987065717038
68,6.45864886170081,7.21728823876572,-0.7586393770650375,1.7109975105694346,0.15793860312600272,1.412038575520601
69,5.858381986102147,6.59746007292919,-0.7390780868270213,2.2562075047879375,0.18703463133066275,1.3194023656204648
70,6.006689559257682,6.541775141886044,-0.535085582628426,1.7821485925984,0.2043408190816231,1.2692811159345727
71,6.030037417061992,6.656463322862615,-0.6264259058007156,2.0432605123634815,0.19867690935879417,1.2853302337983297
72,6.599560424872168,7.107852601349991,-0.5082921764776529,3.049465802704553,0.2611888897007179,1.1235855484707737
73,6.350020230172065,7.113931517129624,-0.7639112869576365,2.212393845717095,0.18081676169830216,1.3382444556502817
74,5.598112297269852,6.5160254207849295,-0.9179131235150635,2.1393938522153135,0.15291594909844924,1.4293072292126994
75,6.228721162043955,6.705625472717211,-0.47690431067326244,2.092722686835568,0.23268878890702713,1.1934612258457946
76,6.2414642231101585,7.113761486831317,-0.872297263721066,0.46079795883896324,0.05297162419325797,1.935152177686548
77,6.05889961243385,6.77044367654886,-0.7115440641150599,1.7863573529138002,0.17002870949820084,1.3721115658761882
78,5.929102347990481,6.579414385811335,-0.6503120378208678,1.9317822045390614,0.18868958823294857,1.314465537269695
79,5.833386357299121,6.624350149836063,-0.7909637925367861,2.1461258483891434,0.1733394384290319,1.3615516005691017
80,5.972161122317873,6.8784584828766615,-0.9062973605587104,1.5899249855912743,0.12887813376626425,1.518540754064635
81,6.256559285033079,6.754476961954582,-0.4979176769215883,2.523199093549625,0.24576204517005582,1.1607046131751269
82,6.001046844015507,6.616679251131659,-0.6156324071162089,2.067686634411057,0.20195154334601292,1.27601124698036
83,6.520522161951037,7.174949479628369,-0.6544273176773459,2.344456906853857,0.20638707489301117,1.2635625711626606
84,6.251741889317843,6.8533449647949585,-0.6016030754769872,3.115100977659992,0.24389506622134235,1.1653062102085332
85,6.482525105733673,7.154362072061142,-0.6718369663276462,2.800780649360025,0.22009586679230048,1.226273243230553
86,6.105820764176558,6.790159053556858,-0.6843382893803209,1.7340051206670708,0.17216405015361286,1.3652832222768407
87,6.238274165611545,6.920892156999971,-0.6826179913884971,1.7121045670346398,0.17129548144327403,1.3680530174355539
88,6.344399529890795,7.122432494201009,-0.778032964310114,2.5482742545893373,0.1917486200985536,1.3054236779213155
89,6.469943678688894,7.315330289593577,-0.8453866109045975,2.0862771343740185,0.16181023533032932,1.3990091630137496
90,5.866080206709755,6.604469013254738,-0.73838880654489,1.942015320945977,0.1730568808944948,1.362446932495524
91,6.0916140146007525,6.784036024183658,-0.6924220095827422,2.492689763920186,0.2050516697728621,1.2672898463580677
92,5.999609748689879,6.747686946007088,-0.7480771973171159,2.7729811106086295,0.20509442215950957,1.2671702464145387
93,6.259784799609877,6.971273710086814,-0.7114889104768736,2.7390495632345875,0.21054666027984656,1.2520636815096278
94,6.097604216837697,6.681617711998856,-0.5840134951611162,3.3959513942950323,0.2554828635229762,1.1371325858524546
95,5.5292504593842455,6.293067571856634,-0.7638171124724522,1.4294866733244938,0.1411465388827652,1.4715348168300921
96,6.026043371555959,6.704168128097445,-0.6781247565415924,1.5497846680242695,0.16291774337887277,1.3953253752976194
97,6.369055162140983,7.097418480676916,-0.7283633185359122,2.77178334438468,0.20860173957977268,1.2574195890069213
98,6.225453219895842,7.027740645493951,-0.8022874255980241,1.535338145317624,0.14126537196407288,1.4710952036942972
99,6.350207950810061,7.098463925719345,-0.7482559749091706,2.2906098857039794,0.1868407135584075,1.319982941151708
100,6.827999177732879,7.370683797040217,-0.5426846193074653,2.716560336680093,0.24306871517684525,1.16735084012215
101,6.039962607176465,6.7809760232343965,-0.7410134160579673,1.6303093952345584,0.15654074981187602,1.416802256459751
102,5.890772651615878,6.52683493736472,-0.6360622857487215,1.213455333644582,0.1484355117873533,1.4450796589402657
103,6.101609446297532,6.9918344944341175,-0.8902250481366991,1.7553387016747948,0.1395725170978254,1.4773848043945685
104,6.567687357475068,7.202870900450764,-0.6351835429757102,1.7617259715036049,0.182865757795941,1.331983051865006
105,6.021631836093109,6.9084905344205385,-0.8868586983273872,2.5741946205877113,0.174680707664958,1.3573163713289407
106,5.793180374967294,6.651498337911997,-0.8583179629447386,1.6704817669228582,0.14001375901184218,1.4757397929614262
107,5.836312888756099,6.777190991473448,-0.9408781027173063,2.396733900040619,0.1597778464918062,1.4058191081060538
108,5.7334642241562666,6.520168427091827,-0.7867042029356526,1.3538080882185994,0.13291579404430406,1.502702436903193
109,6.112738961754092,6.759990741496042,-0.6472517797419641,2.23288677116091,0.20310302530556004,1.2727605463297404
110,6.2694524828989575,7.0363108525604705,-0.7668583696615769,2.4545073809880904,0.19012922083584508,1.3101969394745492
111,6.229004500013177,7.148023085783175,-0.9190185857701181,2.075424932467982,0.1500359387551011,1.439404540188228
112,6.475120014036991,7.165931967026475,-0.6908119529894066,2.9930063829961924,0.2228721850616077,1.2189262510878065
113,5.756770137709525,6.637035356786045,-0.8802652190763638,1.3942970942229778,0.12173902972475562,1.547515334316666
114,5.900200277917991,6.75812095115395,-0.8579206732360944,2.619708208372721,0.1809620570768242,1.3377987267149443
115,6.33456994732366,6.988205719577154,-0.6536357722534376,2.1711822254348974,0.1991885747679031,1.2838667736635745
116,6.4718704923164,7.099197909007069,-0.6273274166908323,2.2284640092688015,0.20681020414117746,1.262385222216991
117,6.256491485391523,7.050893738945669,-0.7944022535541535,1.36546264976921,0.13246270674239846,1.504461004712613
118,6.20011839623591,6.943388532666718,-0.7432701364305103,2.328728194607205,0.18928989047171682,1.3126826970567635
119,6.239733303705423,6.944436931412385,-0.7047036277069765,1.8308576684876563,0.1735401097083775,1.3609164014747117
120,6.2591629595911105,6.896715559856881,-0.6375526002659626,1.8587829771479427,0.18748675041434285,1.3180504787340033
121,5.669848471332687,6.381784818998989,-0.7119363476663239,2.0793525582391013,0.18418552014582418,1.32797756022985
122,6.4713424660608485,7.425503356518229,-0.9541608904573877,2.602674461145533,0.1653668683726947,1.387245654518222
123,5.577130302218636,6.379116273237104,-0.8019859710184392,2.035130885133622,0.16657415604692796,1.3832958955068229
124,5.866084276690815,6.560671903468398,-0.6945876267775475,1.9982800923227622,0.18359369224837013,1.3297711254092883
125,6.302142102699024,7.008241147495932,-0.7060990447969289,1.9276544179981165,0.1781080057932417,1.3466033775320188
126,6.03505341740494,6.791641047832295,-0.7565876304274752,2.152040904330317,0.1794885017934045,1.3423316000710712
127,5.770347420678506,6.361561099422461,-0.5912136787437703,2.178730557467901,0.21189437347363335,1.2483733237362926
128,6.505972709191399,7.3011362532027295,-0.7951635440113023,2.0471259301603624,0.1682498513961758,1.3778492020087076
129,5.706377430756236,6.836223534338581,-1.1298461035823948,2.160445553372167,0.1251576647067376,1.5334798621627783
130,6.44129942379597,7.271608635095371,-0.8303092112994364,2.3436844044895366,0.17501488397040538,1.356264947581072
131,6.232440069188913,6.946913158410071,-0.714473089221201,2.1529667828649686,0.18701779604118576,1.3194527516095054
132,6.294626462950889,7.135846320272018,-0.8412198573209935,1.8575481753399714,0.15196511961667625,1.4326246981709188
133,5.7915567911882295,6.664608143693842,-0.8730513525056267,1.3883308591296384,0.12239237733634546,1.544809381789849
134,6.432373464971549,6.979290953285615,-0.5469174883141932,1.7961569649560012,0.20256740022629224,1.2742709722031678
135,5.682811164491811,6.517030023206312,-0.8342188587146211,1.4431603574520224,0.13114513132568506,1.5096015276535626
136,6.003162997956467,6.9097513420950865,-0.9065883441385267,1.62559804683303,0.1306893413618721,1.5113891135663833
137,6.67700797715044,7.53950512795573,-0.8624971508054387,2.5097049808823506,0.17618896354760138,1.352582758735707
138,6.456190850727824,7.078774868298021,-0.6225840175700341,2.6408388520077573,0.22402405759807126,1.21589727154765
139,6.025130485400284,6.568601093851273,-0.5434706084511163,2.166210254374686,0.22131136686557817,1.22304853054963
140,5.873638617383465,6.688666529683951,-0.8150279123003656,2.5341033850625827,0.18490465930122882,1.32580390473288
141,6.254674690089603,6.902586558895587,-0.6479118688059771,2.8625784670878467,0.22677019728669232,1.2087206193242033
142,6.311724192795753,7.28585210939754,-0.9741279166016739,2.1121397805783033,0.14363298559974627,1.4623950482135741
143,5.8372584755736785,6.66226106151524,-0.8250025859415473,2.2288071966478995,0.171199673910763,1.3683591831864979
144,6.30040620420006,6.786867163601423,-0.48646095940125633,2.77989916866839,0.2573658411289201,1.1326391015875446
145,6.071873463849231,6.917404408581676,-0.8455309447324453,1.6315885420500322,0.1398989286664179,1.4761675120811315
146,5.871323231426475,6.671944983521309,-0.8006217520946848,2.09973465074118,0.16968996064033318,1.3732007048627726
147,6.453862601592407,7.036718287724954,-0.5828556861324614,3.0802981835427836,0.24660291010238164,1.1586401152692136
148,5.747190732527558,6.500128122865634,-0.7529373903380474,1.4370102443695956,0.14335489048934782,1.4634112195702702
149,6.218224873216302,6.779587499747771,-0.561362626531718,2.96442357570535,0.247393553031592,1.1567034173319748
150,6.471959707114381,7.293711024280578,-0.8217513171662176,2.9727520771989475,0.19896912197048383,1.2844941133830374
151,6.255152185539162,7.228263950927451,-0.9731117653882393,1.3143949894996254,0.10515641871351432,1.6203532384147759
152,6.040205054361438,6.799026920431446,-0.7588218660700932,2.259260481885363,0.18368006018269623,1.3295091163049906
153,6.4239215669286,7.168912429592092,-0.7449908626633714,1.6991295672922782,0.15961209244033278,1.4063773835962043
154,6.204820294582548,7.095481785496078,-0.8906614909135442,1.8680154267321747,0.14492661857527392,1.4576877914894453
155,6.0480940800312215,6.764555912263335,-0.7164618322321985,3.2323850746363263,0.22548725722814233,1.2120656346039844
156,6.042988706336489,6.73053888941069,-0.6875501830741086,2.7169191240190216,0.2142171020306933,1.242052744953928
157,5.849903506464004,6.603520767509119,-0.7536172610452923,2.2020532864052207,0.18217036534537195,1.334102198786147
158,6.25968740218879,7.076622834421096,-0.8169354322321851,1.44562987282141,0.1338648610801464,1.499033810305505
159,5.629077487918282,6.526702553307233,-0.8976250653890929,2.34034980414809,0.16415838825022253,1.391221108326553
160,6.0366814637775565,6.828565173735692,-0.7918837099582561,2.298578502401128,0.17961042793806375,1.3419554901343587
161,5.964861346823698,6.676902141350533,-0.7120407945267289,2.0628766109008794,0.18341513407915933,1.3303130960206744
162,6.115131979980577,7.048045901921542,-0.9329139219407807,2.078872177993439,0.14814111055117307,1.4461286883058637
163,6.098711466505408,6.822087513340458,-0.723376046834801,2.9059858579955886,0.21403921689178435,1.2425350498440106
164,5.794199108930814,6.556232830493963,-0.7620337215632844,1.7277191417873397,0.15825099678574567,1.410978353624239
165,6.279838939186236,6.919858657007895,-0.6400197178215876,2.479495375800802,0.21455335322711658,1.2411418462078596
166,5.6707082430694005,6.54828149239807,-0.8775732493286341,2.28155153092381,0.1649360891937991,1.388660242490342
167,5.83174233846127,6.515789624088372,-0.6840472856270026,2.4195444459832345,0.20376864599449152,1.270887578629267
168,6.344804326326555,7.000163561507323,-0.6553592351808675,2.4318160997059195,0.20971409904702745,1.2543519780079628
169,6.297543013689408,7.132722215481758,-0.8351792017922435,1.399587920066061,0.12844960051451473,1.520244247384081
170,6.212727133897731,6.954691828295511,-0.7419646943978933,2.1055098502198852,0.17999612800149115,1.3407669556511908
171,5.9340008358021965,6.722743478599435,-0.7887426427973878,2.818093729462401,0.1994951277098656,1.2829912896928726
172,6.392525996320062,7.076695363116089,-0.6841693667961408,2.9854185161930786,0.22387348142574046,1.2162925948343053
173,5.859946639490106,6.717835418825453,-0.857888779335326,2.3972019523515513,0.17264224615200877,1.3637627542948643
174,6.03493204739563,6.913187010389466,-0.8782549629936511,1.6841462344169642,0.13776201014368086,1.4841768480669335
175,6.20980484129838,6.8251608313449115,-0.6153559900465098,2.9784162787275186,0.23692030068019587,1.182719582376186
176,6.169939106071313,6.946568128741562,-0.7766290226702495,3.5657763968982614,0.22413701825903506,1.2156008288751146
177,5.9629686115715845,6.906369994384457,-0.9434013828129082,1.745466819519411,0.13152893987831368,1.5080999818379832
178,6.085216494797594,6.860566867675127,-0.7753503728774831,1.718023279883269,0.15552964783991263,1.4202680882580307
179,6.441517147729899,7.040787868491792,-0.5992707207617514,2.8333030110605826,0.23538947214248795,1.1865897722539758
180,5.884775511572132,6.6974247951266666,-0.8126492835547197,2.6190166361018257,0.18842918728525027,1.3152402040065088
181,6.242338714918803,6.938145238076148,-0.6958065231574437,2.105355529719521,0.18831119480847738,1.315591479793798
182,6.102952707186448,6.842798704137126,-0.7398459969508622,2.6695984688538914,0.20293141256502406,1.2732441662337968
183,6.064287058725329,6.832264764474539,-0.7679777057492174,1.8920534599049468,0.16554973246088364,1.3866460058707333
184,5.803622101247827,6.658970349183983,-0.8553482479358081,1.2496026500475956,0.1164357256550338,1.5699113974542613
185,6.273090763626003,7.119156073386771,-0.8460653097608883,2.5482362353865504,0.18028644481412992,1.339873592351533
186,5.845659553900775,6.7001275199941634,-0.8544679660933525,1.7679995335425325,0.1455402666962818,1.4554661069303876
187,6.289143467951378,7.106025163949484,-0.8168816959980632,2.4295300736552683,0.1806155125485854,1.3388622759190103
188,5.744350515962667,6.614416628233139,-0.8700661122702513,2.5396834634442556,0.1760871701770977,1.3529012808210725
189,6.120807155002256,6.786189509944359,-0.6653823549420395,1.8371622383363508,0.18108239093338505,1.3374297744369872
190,5.816235852595826,6.764630490669186,-0.9483946380732959,1.5457369200744964,0.12084607506157065,1.55123208764545
191,5.877630756373735,6.891275901534934,-1.0136451451610355,1.0994031371348782,0.08799864814969552,1.7060506582249535
192,5.961674758277029,6.642775126565327,-0.6811003682882983,1.6819420400524407,0.16992174618298542,1.3724552964666423
193,6.166256553348392,7.043700522805688,-0.8774439694575449,1.5075360534198836,0.12852542331555747,1.5199425174539944
194,6.089382593763974,6.646434196597548,-0.5570516028333259,2.3900966661370404,0.2278586729891832,1.2058931998005336
195,5.983555142644052,6.789499376089106,-0.8059442334449614,2.5326567118204792,0.1863819533284973,1.3213582098076018
196,5.968572479784159,6.904230068074606,-0.9356575882904963,2.262324932403345,0.15531127253208687,1.4210188741073895
197,6.068176508284539,6.778792702286561,-0.7106161940018865,2.6109076422289164,0.20611692677211496,1.2643151701084359
198,6.448065452193548,7.124311668674659,-0.6762462164808767,1.7638575461593327,0.17523997739951294,1.355557577085724
199,6.377917893375768,6.868317291978949,-0.490399398603131,3.3712157979080537,0.27415723835414946,1.0935389475142097
200,6.102459132190477,6.838981037183666,-0.7365219049929692,1.8426028954650953,0.16850486781243337,1.3770238706492268
201,6.415848924393929,7.07337195642029,-0.6575230320263472,2.049175034621655,0.1929227641560317,1.3019813411171879
202,5.958270084798203,6.555626926280448,-0.5973568414822239,2.18650352796309,0.21098576823310977,1.2508594286496562
203,6.027322382055461,6.760941918074723,-0.733619536019205,2.6701434865554816,0.2040722570190959,1.270034736487248
204,5.668379611479411,6.407604565159248,-0.7392249536796953,1.834397482235694,0.1676227502449774,1.3798827447361708
205,6.298337440819312,7.086608055643305,-0.7882706148241141,3.4313858687394543,0.21843996478370628,1.2306869660220021
206,6.543963765843516,7.3140604853924405,-0.7700967195489739,2.482537088029794,0.19064320317828348,1.3086787194210363
207,6.2746171377346105,6.991769069514513,-0.7171519317796538,2.5272552351827393,0.20180109285761197,1.276436974445189
208,6.321277846165247,7.078791918033007,-0.7575140718677176,1.8518874465227704,0.16535279653510584,1.3872918196178314
209,6.5425064667858965,7.3244754454314975,-0.7819689786456365,2.192039887401826,0.17684253901230135,1.3505409140988993
210,5.89613152158269,6.659727670990778,-0.7635961494081585,3.0432294928760477,0.2112487301943073,1.250139123495331
211,6.766999751805104,7.502137980042344,-0.7351382282370196,2.578158719848304,0.20044442162485088,1.2802864208713167
212,6.694580750348239,7.201758982437662,-0.5071782320892453,2.4886439807756915,0.24242122576449993,1.1689563315196505
213,5.909451805888937,6.686809636001465,-0.7773578301125781,2.0988625086756585,0.17356784643015155,1.3608286476368714
214,6.202010007762981,6.798493952550794,-0.5964839447879058,2.620844326159279,0.2285266965178103,1.204162708083617
215,6.22795431371175,7.026170859868197,-0.7982165461564819,2.808067432182966,0.19752373565965367,1.288638662677983
216,6.041101307437673,6.951353729061866,-0.9102524216241363,1.914112949415589,0.14417385715037215,1.46042299375036
217,6.587743932447681,7.331554849418788,-0.7438109169711424,1.6788856840700923,0.15872397954371287,1.4093761261584503
218,5.651350494223395,6.470782938494965,-0.8194324442715697,1.4027270745651101,0.13095646971050126,1.5103408639182347
219,5.806538669883382,6.862713997614309,-1.0561753277311254,1.6304759058767893,0.11151518082067992,1.5914195795704478
220,5.9583325119188135,6.550417414754984,-0.5920849028364046,2.18022678234637,0.21178250048320935,1.24867901154857
221,6.778922261124778,7.636632337360213,-0.8577100762354348,1.923861738537905,0.1525387866326399,1.430621275201053
222,5.810276146261929,6.57785744785585,-0.7675813015939639,2.1110343128778233,0.17578104005892053,1.3538600219970547
223,6.2020432506101475,7.173333158409649,-0.9712899077994734,0.9078098065478919,0.08012390385075117,1.7499676046686528
224,5.776305159440215,6.531294187567562,-0.7549890281275111,1.0971046545506233,0.12042193738702413,1.553005011345178
225,6.058256815756538,6.740296598035728,-0.682039782279162,2.3361639445885842,0.20079016915069792,1.2793035892949594
226,5.783486662337525,6.32688147591781,-0.5433948135801074,2.2834873187745686,0.22638423263158686,1.2097255233804654
227,5.689149283308113,6.326781980233465,-0.6376326969254933,1.9362237674306826,0.19135117911245603,1.306592400095209
228,6.403900999479463,7.229566954957699,-0.8256659554781436,3.2575944429377834,0.2070725962458439,1.2616559994105685
229,6.1914952409381545,6.950662979717082,-0.7591677387788422,2.0439498100270193,0.1742137501316423,1.3587880846444984
230,5.998455524075341,6.787848807101804,-0.789393283026584,1.9553896087058504,0.1649839475752157,1.38850294843176
231,5.843076415410922,6.77387676891278,-0.9308003535020362,1.4609916165736188,0.11865591449110265,1.560440101457427
232,5.606220368678139,6.342704401930954,-0.7364840332529639,1.8877782774226404,0.1707557932404491,1.369779339701337
233,6.209717382629167,7.058877133576781,-0.8491597509475923,2.1058552218398106,0.16206450544149356,1.3981617322993483
234,6.303598109956299,7.039189981624732,-0.7355918716684755,1.5449176434960243,0.15262094451788494,1.4303348240841005
235,6.137871994781806,6.83505472981358,-0.6971827350316744,1.6683402611508669,0.16627056366592555,1.3842870958897782
236,5.738448617900319,6.6079170409365435,-0.8694684230363237,1.7140931677119333,0.1405797455089327,1.4736355454237133
237,6.138265599958247,6.7511977018146485,-0.6129321018563587,1.9485628765796932,0.19681013549365842,1.2906930502428566
238,5.805572481102688,6.668293066663233,-0.8627205855605098,1.2188024901352712,0.11348634291283145,1.5827154163430577
239,5.895925374072947,6.664039826161174,-0.7681144520884118,2.5315755383734917,0.1928505454591411,1.3021926256199445
240,6.4124700624108915,7.188648351937319,-0.7761782895265696,2.190976912777881,0.177786788862346,1.3476008754689732
241,5.9934989864714385,6.906800599535417,-0.9133016130640499,2.077010498216893,0.15095242631575798,1.4361754380238767
242,6.24016725676576,7.131143329668754,-0.8909760729029585,1.10092177722062,0.102181596737292,1.6343680309037576
243,6.068621511449935,6.880665182192375,-0.8120436707424687,1.7294868759049216,0.1501899696557065,1.4388607867059804
244,6.769397900208803,7.488310036277484,-0.718912136068866,2.3156267349929713,0.19313137455314652,1.3013713524482746
245,5.598904664960189,6.337914927560741,-0.7390102626004591,2.1332973653300336,0.1817524794116435,1.3353785564773784
246,6.287848285998523,7.076375395848091,-0.7885271098496105,2.7880358499143227,0.19850740208285766,1.2858156642864726
247,6.082477219644277,6.828214438609601,-0.7457372189651323,3.514055988588307,0.22818165843367588,1.2050560666455807
248,5.882234478873231,6.7492240957216385,-0.8669896168482865,1.6171260332252793,0.13594137977362486,1.4910766202550827
249,5.936242061289038,6.606548542505715,-0.6703064812168122,2.3247384902751413,0.20253875563343685,1.2743518299032177
250,6.8090781294940985,7.520032971514405,-0.7109548420203282,3.141141409197786,0.22376004556114387,1.216590535392992
251,6.51479660506722,7.216334025551108,-0.7015374204836462,2.565123149284954,0.206099167714632,1.2643646697157072
252,5.987718940542452,6.65307892784921,-0.6653599873066014,2.352228970485559,0.2046064995505353,1.2685362901618629
253,6.085595227457377,6.970956134876134,-0.8853609074187716,1.8123582610533084,0.14306551987933452,1.4644701988223285
254,6.007660628213005,6.544107636396328,-0.5364470081831314,2.274803690236908,0.22750644739505044,1.2068070836936509
255,5.881591794508283,6.56140283398979,-0.6798110394815922,1.5255529982707827,0.1611740969424047,1.4011336960439167
256,6.201429674993522,6.991057207777631,-0.7896275327841522,2.084322320481345,0.17084530106135645,1.3694927450651626
257,5.3857839087882144,6.241693512603783,-0.8559096038154621,1.5374723884650585,0.13328034979514186,1.5012908529832385
258,5.57802382403999,6.094396831166749,-0.516373007126731,3.3786195481949974,0.2688609849017107,1.1056893877161256
259,6.035464160254394,6.929544718281628,-0.894080558027099,2.1634755155081393,0.157523878787123,1.4134485508885815
260,6.490152085945754,7.341976798066726,-0.8518247121210152,1.4337032243502108,0.1280304709081015,1.5219146379178354
261,6.3318864025052495,6.985300900370797,-0.6534144978656968,1.7347961379172112,0.17794006405548213,1.3471247318348911
262,6.218645566854109,6.910705454976986,-0.6920598881231399,2.2055368974432845,0.19342443652212918,1.300515239645714
263,5.766998991628059,6.494895943317468,-0.7278969516894449,2.093752193612339,0.18196503553125057,1.334729070187661
264,6.502449647209476,7.172558042463502,-0.6701083952541467,2.0269302231717496,0.18949672358812575,1.3120693879587877
265,6.273700772488853,7.117260698760136,-0.8435599262711548,1.0465923426551527,0.10448862767395306,1.6234716091893449
266,6.403475383755692,6.871163121748944,-0.46768773799340124,2.9265455062835954,0.2662628704466632,1.1117099729491542
267,6.1983082660460855,6.82011392287256,-0.6218056568263819,3.4551482595198557,0.24964419163839277,1.1512140373696094
268,6.031055746566624,6.804288353445367,-0.7732326068787643,2.3147717821236498,0.1834676597236852,1.3301536264272869
269,6.473422624764469,7.126837408366699,-0.6534147836023294,2.2007829636861302,0.20052625464412116,1.2800536883408478
270,5.727011678308388,6.4295190559478375,-0.7025073776396766,2.154391439633109,0.1892640407568541,1.312759382291789
271,6.1595855442146945,7.13160747075135,-0.9720219265368542,1.561759438519612,0.11858574551035672,1.560737304705327
272,5.959168922838005,6.662680512996639,-0.7035115901585414,1.722992779348175,0.16811564371422114,1.378283926961694
273,5.821753785426852,6.79116694846809,-0.9694131630410538,2.1373803651697365,0.14534373756695118,1.4561768493451948
274,6.131766701026907,6.773155632719908,-0.6413889316932,3.0462088319106364,0.2339573787964121,1.1902265037182151
275,6.379357583751487,7.1227592091605505,-0.7434016254089784,2.075457856957989,0.17839249003582458,1.3457210656904146
276,6.538112341081176,7.335050636460659,-0.7969382953795048,2.362021564499667,0.18131591602662356,1.3367142886876995
277,5.820554164929506,6.772537623600892,-0.9519834586712932,2.963702289133156,0.1778182551445089,1.347503101722668
278,6.719448026274465,7.559963786153405,-0.8405157598790538,1.5752785267840643,0.13763160171199365,1.484668719884372
279,6.771730495944,7.411877185381551,-0.6401466894374153,2.211234328143398,0.20355095048733557,1.2714996539073196
280,6.336835215387071,7.040312267427597,-0.7034770520408529,1.3945002371533732,0.14894789658407995,1.4432576797177432
281,6.473717395913598,7.166872373665678,-0.693154977751874,2.5222819537908627,0.20604511610006956,1.2645153461975813
282,5.751117319237908,6.564185140934216,-0.813067821695995,1.2829810651595608,0.12452090828658358,1.5360712430359769
283,5.825577956466093,6.510098207942834,-0.6845202514768971,2.161947864990566,0.19292721138011426,1.3019683321267566
284,5.569297039123073,6.414006483155321,-0.8447094440323326,1.6248522559480705,0.1396656004716444,1.4770374438466403
285,6.254227798684967,7.040702601795028,-0.786474803109968,1.7433311025608127,0.15502057922979748,1.4220195375520788
286,5.51585495073188,6.319063963924586,-0.8032090131925997,1.1726866298262273,0.11870644117380812,1.5602261791988241
287,6.219956957758784,7.040347143589132,-0.8203901858303198,1.7221598590460019,0.1484954103332269,1.4448664191898912
288,6.524677327148099,7.327388356031223,-0.8027110288833228,2.792697425968097,0.1962305035288069,1.2923657742941035
289,5.737154704921766,6.495685685036529,-0.7585309801145286,2.4089132498563295,0.18980721138558684,1.3111496436656214
290,6.231397273745886,6.820958707486307,-0.5895614337403003,3.1566273329228984,0.24754953265253038,1.1563218537681426
291,5.9999313185096685,6.707330546738996,-0.7073992282291783,2.978230679907295,0.21932005666809942,1.2283381465838255
292,6.565771179755773,7.209989102484181,-0.6442179227283304,2.3765446844906926,0.20966808122735667,1.2544786497393294
293,5.885627144931066,6.711354766286471,-0.8257276213553268,2.6100806116659214,0.18591109330903396,1.322772354892184
294,6.161528862623316,7.020614657404254,-0.8590857947810946,1.5932596755302306,0.1358372994044232,1.491473211112407
295,5.782434747799714,6.7614141902900275,-0.9789794424902993,1.5786651965607916,0.11854790124261534,1.5608976527085923
296,6.164438418113621,6.929415568769324,-0.7649771506557954,1.835177013157697,0.1632548628740903,1.3942078011518395
297,6.141410963449305,7.077396229497767,-0.9359852660484194,2.6256030032193927,0.1689155822805794,1.3756966088649427
298,5.960204041005243,6.7362185878880485,-0.7760145468828341,1.814480744067275,0.16036811427390738,1.4038345794237723
299,6.30400978504578,7.0832254404231865,-0.779215655377584,2.1502355572461624,0.1755095426955048,1.3547113424431858
300,6.090714562727287,6.765851124620548,-0.6751365618929412,2.144343496400122,0.19390814429233766,1.2991042805730915
301,6.184026794114304,6.793754607191454,-0.6097278130771429,1.7180121119033522,0.1854537688798397,1.3241483851646718
302,6.552947269932263,7.343704143406379,-0.790756873474038,2.4757017810164683,0.1868117356215769,1.3200697371798553
303,5.764584334763656,6.617946141611727,-0.8533618068481701,1.7741838184581766,0.14601606586762977,1.4537484296750045
304,5.831313344393736,6.777856857556403,-0.9465435131626236,1.466119548120055,0.11686952839974399,1.5680497240032885
305,5.809745020275857,6.559363269470994,-0.7496182491950094,2.092484935501279,0.1780694822755979,1.346722936664827
306,5.98107857920583,6.692160744437205,-0.7110821652313462,2.1967992071442772,0.18954662069142217,1.3119215051202493
307,5.900282978574085,6.812901993545376,-0.912619014971142,2.164844876398181,0.1547722694768894,1.4228754317048071
308,6.055498369043578,6.730488972654948,-0.6749906036113771,2.3499602386907483,0.20268333264104105,1.2739438042824565
309,5.7783718402452156,6.499263439207036,-0.7208915989619982,0.9773695179188557,0.11633542767997683,1.5703426035887638
310,6.273183508768414,7.137091908112845,-0.8639083993446093,2.797729781307609,0.1862079236899501,1.3218805692149098
311,6.331651453303737,6.987876598120701,-0.6562251448167444,3.0166926559133316,0.23017064138391155,1.1999194086645275
312,6.177281474233512,6.865696796396557,-0.6884153221628821,2.225746989258095,0.1949719530978363,1.2960102513726093
313,6.424426220603907,7.095275395979046,-0.6708491753749968,2.3339335021526537,0.20281351266251732,1.273576591252417
314,6.577057540956291,7.331322113447621,-0.7542645724915928,2.4500083804468744,0.19216752756710098,1.3041937580998915
315,5.795749397186244,6.7444479187020026,-0.9486985215157802,1.5174374967394577,0.1193232729017673,1.5576203451448778
316,5.631290834617873,6.399566648020661,-0.7682758134028518,1.277823252796935,0.13089592818697451,1.5105782920291762
317,5.689051725451707,6.572001715724285,-0.8829499902724365,2.2607841199463827,0.16325580333936623,1.3942046858802823
318,6.499597468259269,7.354733757381732,-0.8551362891223562,2.087842401833573,0.16033398908825341,1.403949160565952
319,6.244091436312845,6.876843068009899,-0.6327516316971469,2.426004726725946,0.21388698369595724,1.2429480335530545
320,6.028821657802853,6.993189816754702,-0.9643681589518565,1.0537484653908358,0.09049780912622717,1.6927775938620624
321,6.113523061603944,6.909296969589159,-0.7957739079852217,2.9261160059461595,0.20188088393844483,1.2762111620275707
322,6.03963705506,7.005700118522109,-0.966063063462343,2.1607912820401083,0.14678231368451886,1.4509911890887643
323,5.975620677572822,6.734046519127668,-0.7584258415547538,2.062242643198065,0.17517414397417974,1.3557643926489609
324,6.4061244956949555,7.155651091703541,-0.7495265960085362,2.3527707900554837,0.18915557997771476,1.3130812240001617
325,6.261830979803806,7.187178260155301,-0.9253472803516161,1.7839127645273152,0.13590122755506975,1.491229589645414
326,6.313703411617569,7.048845772912523,-0.7351423612949475,1.3397576141798702,0.14016335191428408,1.4751829951819608
327,6.014299659131909,6.678655264945855,-0.6643556058138529,2.2714333523412726,0.20145205354770748,1.2774255376641508
328,6.647678369696012,7.408453580711425,-0.7607752110152433,2.6382259281293265,0.1980755458409473,1.2870537741768482
329,5.991841695927876,6.9595087450162385,-0.967667049088277,2.424497316396092,0.15687775560103526,1.4156508491391322
330,5.878234737250766,6.524037068781,-0.6458023315301489,1.567941197985995,0.16992962631437697,1.372429967838081
331,5.956173789303209,6.572769946736978,-0.6165961574336052,2.5603164120952897,0.22225062267967152,1.220565375530228
332,5.84684765166732,6.5141215983828875,-0.667273946715568,2.2463462056335146,0.19983357081742606,1.2820258714080268
333,6.391696345820963,7.282741737735451,-0.8910453919145311,2.4475357409794185,0.16931924466409148,1.374394493704189
334,6.285940874155601,6.958983115482534,-0.6730422413270389,2.1184538150890617,0.1931453787899246,1.3013304206048335
335,5.863207189493794,6.639879405898791,-0.7766722164049042,1.1861367480540572,0.12348991126093284,1.5402890518009098
336,6.1282990228182985,6.6618879299763964,-0.5335889071582187,3.1782702174262063,0.2596551296876223,1.1272066259549807
337,6.579499190895847,7.2665463622307005,-0.6870471713348252,2.8383969072527115,0.21850163093684144,1.2305221680418401
338,6.231051749007081,7.151114935374361,-0.9200631863673152,2.7501952625453896,0.1756853852376988,1.3541598499746983
339,6.091216056217052,6.973646172075862,-0.8824301158588241,1.6010859788462533,0.13285071119289496,1.5029547572103812
340,6.058711274643899,6.820779377381742,-0.7620681027378851,1.9172444637745443,0.16777306089189295,1.3793948024911296
341,6.013854818838597,6.816882356893105,-0.8030275380544936,2.119817494272425,0.17017251396424418,1.3716497002101755
342,6.098214582309099,6.957437719565322,-0.8592231372560946,1.7725537760809473,0.1450431703304197,1.4572652677277158
343,5.723445273511304,6.467786179513952,-0.7443409060026625,2.116984530804533,0.18008878489183586,1.340481715496326
344,6.654294987424025,7.451215619099992,-0.7969206316761301,2.6872219655950254,0.1935486236661493,1.3001527429905255
345,6.186362295591168,6.892398899845768,-0.7060366042544501,2.6096132160125194,0.20691370718153684,1.262097493246918
346,5.739312557860574,6.654186270221844,-0.914873712361441,2.067374469365511,0.15030370175128663,1.438459567253028
347,6.358801482620054,7.083116582668298,-0.7243151000482158,2.3423219529555226,0.1932432278047816,1.3010444865030772
348,6.594653293513163,7.280369075231954,-0.6857157817189545,1.8176822519978835,0.17631197017257363,1.3521980411736727
349,5.902759406516241,6.751424288656816,-0.8486648821406106,1.410753880687583,0.1271522171773335,1.5254286505075172
350,5.99825659393561,6.675975579651878,-0.6777189857159556,2.7210239961573066,0.21621397684934038,1.236658270890615
351,5.907215360639855,6.556740288143702,-0.6495249275037622,2.8390634795170513,0.22567038785818197,1.211587327605836
352,5.908431610572068,6.752971241186552,-0.8445396306146904,1.9033330331023812,0.15362715327570697,1.4268360642580302
353,6.069819209721361,6.843209513462563,-0.7733903037412801,1.9581904659375624,0.16780151746557195,1.3793024630031325
354,6.176898864810953,6.784074008888732,-0.607175144077928,2.2823273597880025,0.21311837295379985,1.2450363932879176
355,5.930692983687793,6.6570004551465605,-0.7263074714589948,2.1961057878607733,0.18676056585026776,1.3202230274847035
356,6.212237816475197,7.181408383498132,-0.9691705670229567,2.3789058337012143,0.15493913877875923,1.4223001382746203
357,5.645525364992425,6.3811179567697796,-0.7355925917775039,2.3191494576268887,0.19026785461252432,1.309787140523508
358,6.18489640524105,6.951543647692974,-0.7666472424518815,2.0660833614039085,0.17393084653043422,1.3596811474444057
359,6.189538644388692,6.8080958650023735,-0.6185572206136385,2.5649350663967496,0.22203262865237247,1.2211410257848
360,6.273539806522665,6.9866153943388785,-0.71307558781632,2.850080538225388,0.21406258264988476,1.2424716811293024
361,5.577434081469862,6.4657696097002475,-0.8883355282303,1.2474726568148142,0.11187994545173358,1.5897997713247944
362,6.2652881738233805,7.007307479261778,-0.7420193054383617,2.970500627713406,0.21277152561205465,1.245980577957771
363,6.078311202347338,6.995483963394252,-0.9171727610469134,1.4614496035217037,0.12049771537507445,1.5526878961002395
364,6.197512531683076,7.053979793553895,-0.8564672618708755,1.7715385620019113,0.14541155209139453,1.4559315167948106
365,6.251175137038915,7.0066783986810055,-0.7555032616421613,2.041166782541964,0.1747205056296283,1.357191075702181
366,6.472855161572186,7.246044019378454,-0.7731888578064172,1.2818191542902184,0.13040264397780538,1.512516005706844
367,6.47945716360279,7.3863169394974,-0.9068597758944179,2.2869146166737337,0.16062367531729382,1.4029770747931298
368,6.243642018140251,7.108443040852061,-0.8648010227118448,2.312796451138748,0.16820714253154181,1.3779875161321746
369,6.096112011396388,6.7721478841476515,-0.6760358727512994,3.236191454021661,0.23309278476625434,1.1924297401912047
370,6.615575334690009,7.359009895150438,-0.7434345604606278,1.8701456354316868,0.16867693169537068,1.3764675351508553
371,5.802898163816296,6.651077813450323,-0.8481796496341758,2.4314623892786784,0.17553644184060502,1.3546269523422456
372,5.872124168976386,6.629937228042147,-0.7578130590659384,2.290066208508321,0.1851367163497713,1.3251038289754433
373,5.732044751428264,6.35503449633921,-0.6229897449109103,1.8093021529144657,0.18775803066414956,1.3172404752469211
374,5.7966976953441804,6.6821025300309405,-0.8854048346870513,1.8291783347137809,0.1438664900444982,1.4615429778344464
375,6.034454815857787,6.822323586050404,-0.7878687701927447,1.951940703273678,0.16507556896634976,1.3882019161945502
376,5.8891250352283055,6.629396320283691,-0.740271285055087,1.676664233470838,0.15920611592808706,1.4077466060573054
377,5.978492594927973,6.694599005157999,-0.7161064102299406,2.0367721147801916,0.18147957140725202,1.3362132807485132
378,6.010509037127592,6.658004213440607,-0.6474951763129866,1.556354845633404,0.16892526360633842,1.3756653519920967
379,6.021387094067693,6.8678360597940316,-0.8464489657262675,1.9225363046597437,0.15423010271478063,1.424747847281031
380,6.365208447415869,6.831936822458617,-0.46672837504274867,2.7075305303980137,0.25930976462080163,1.1280240447296255
381,5.977013924724149,6.770752617225009,-0.7937386925007104,1.9387068764117075,0.16347627599531558,1.3934747478884837
382,5.633167539267122,6.426058822955612,-0.7928912836885047,2.6412028675373165,0.19259401576453605,1.3029436045607619
383,6.334750952012444,7.245397652824787,-0.9106467008120944,1.6732988134389508,0.1325479203256932,1.5041299099561125
384,6.1683436351247725,6.940128860372647,-0.7717852252478679,2.371818278452178,0.1860205482339609,1.3224433903528972
385,6.285674395441008,7.0432116958385524,-0.7575373003976438,2.314254360856097,0.1861794352078591,1.3219661133019482
386,5.855738496729616,6.709932593154308,-0.8541940964244077,2.101921281941504,0.16109594436487543,1.4013951414196948
387,6.079276968605898,6.893565622042432,-0.8142886534365061,1.0597388506351884,0.10930008535811168,1.60134699629843
388,6.11862603735314,6.732742011575661,-0.6141159742223863,3.1074713620890932,0.24118090364997855,1.1720402327721968
389,6.206655886238893,6.971971232383277,-0.7653153461444617,2.2049222559237407,0.1802548676040179,1.3399707099596927
390,6.284862878547317,6.8313832366703,-0.5465203581229616,3.306348256032429,0.2606170359721704,1.1249339222647785
391,6.251770842135572,6.946737995855374,-0.6949671537197446,2.3441843251619225,0.19870125018302454,1.285260552049779
392,5.992492111517111,6.845878542819614,-0.8533864313026243,1.7620323627889327,0.14540806582739213,1.4559441269127105
393,6.288181326131296,7.2500594519692445,-0.961878125837984,3.9729010406732215,0.20426122355891657,1.2695043962897323
394,5.875516904140811,6.665554395091101,-0.7900374909502261,2.0143734530955655,0.16761494900860568,1.3799080782773565
395,6.417217112770475,7.065492119743697,-0.6482750069733356,2.487656921550844,0.21326092863087695,1.2446486511826378
396,6.447012018444655,7.3352890630733985,-0.8882770446289214,1.7097277497738759,0.13759058412941264,1.4848235034325674
397,6.223791152088113,7.025800996966163,-0.8020098448780573,1.8659189485995427,0.15862749335910864,1.4097026790219838
398,5.961203219648057,6.701545483424399,-0.7403422637764834,2.5685597826462434,0.19915266673720758,1.2839693877418077
399,5.916398661667261,6.544924159059926,-0.6285254973927294,2.0497252460538533,0.19856605673768746,1.285647656346298
400,6.371872334030302,7.107682369675517,-0.735810035645045,2.519395785432806,0.1981202313741585,1.286925571507166
401,5.846562420160824,6.639123025534895,-0.7925606053743195,1.896788402246898,0.1616709278934659,1.3994738727666876
402,6.4216189519873,7.249253221234406,-0.8276342692472554,2.377978051993562,0.17681540716566185,1.3506255651128478
403,5.953861151726885,6.7246664565805805,-0.7708053048536385,1.903013429470679,0.16560322041678713,1.3864707021719787
404,6.019531105397862,6.868491047621413,-0.8489599422234733,2.109036222783647,0.1622343682097608,1.3975961730922821
405,5.801324096306205,6.579002444015851,-0.7776783477092977,1.5283007280857603,0.14475135881262013,1.4583236339914065
406,6.061202065080595,6.987629043527706,-0.9264269784471253,1.9952108343227088,0.14545661893699205,1.4557685269593383
407,5.93170260549279,6.5772828591603005,-0.6455802536675037,1.9624772662263048,0.19109697987217547,1.3073408397499306
408,6.2578851455196105,7.12385184058394,-0.8659666950643441,2.4386842479988893,0.17294775273341703,1.3627930162902095
409,5.7017770940640435,6.462497652306604,-0.7607205582426104,2.2528919132270993,0.18308200988340725,1.3313252606796675
410,6.311083312037015,7.025900050196492,-0.7148167381594703,0.9591108276751505,0.11576328772495911,1.5728079782466802
411,5.759332702348745,6.504165466841501,-0.7448327644929122,2.483969379154818,0.19515301835512472,1.2954848672183885
412,6.219323192971858,7.18079929623771,-0.9614761032657952,1.855805873855985,0.13421864136905,1.4976714178358956
413,6.8804838461026225,7.662359768493198,-0.7818759223905545,1.5950986913286478,0.14784086912408634,1.4472001694243728
414,5.959640121051978,6.747748212295813,-0.7881080912438847,2.2242631634992627,0.17716581239650683,1.349533049009718
415,6.047900857982102,6.7033788956914595,-0.6554780377093721,2.437701102319693,0.20992291627930887,1.253777426433447
416,6.1471985188427585,6.982624585617467,-0.835426066774744,1.694294281503602,0.14471988732494176,1.4584378750251537
417,5.75379879940512,6.606897559374433,-0.8530987599692708,1.7605228083803794,0.14537663544110516,1.4560578237874267
418,5.817142613745107,6.596229200456735,-0.7790865867116281,0.9590212822558897,0.1065750198381963,1.6137806190776813
419,5.520708885155971,6.344671650567522,-0.8239627654113519,1.470742894460063,0.1342659905041031,1.4974892891758047
420,6.647072870957816,7.340712524117992,-0.6936396531602895,3.546605036082209,0.2385010909030033,1.178741585831107
421,6.167987417779402,7.232201208405579,-1.0642137906261269,0.9316970492820147,0.07275612722925627,1.7943574912578273
422,6.840680715310343,7.629138717202055,-0.7884580018917404,2.9026040589673663,0.20237090682981368,1.274825799541721
423,6.197591988035372,6.708470232366212,-0.5108782443310247,3.302370407221918,0.2679406688038696,1.107817434984116
424,6.249038141718318,7.077892563574084,-0.8288544218557945,2.240535791437413,0.17105672970675348,1.3688162190506812
425,6.291797923533766,7.119373627159982,-0.8275757036262803,2.555970048913263,0.18362086707950143,1.329688676948835
426,5.589277153040273,6.250050571151428,-0.6607734181109208,2.323769567533361,0.20431800318952828,1.2693451123170671
427,6.2153130435851995,7.020282489896646,-0.804969446311361,1.3987318747125848,0.1328867434994283,1.5028150514067187
428,6.216672793666719,6.920092967036618,-0.7034201733695227,1.7814388632557403,0.17122359165724343,1.368282738823699
429,5.868874166807261,6.561674494689379,-0.6928003278821961,2.1917039284940856,0.192687819697091,1.302668912633775
430,6.362956810638723,7.1100262865397585,-0.7470694759008438,2.349998074443402,0.18947876516716727,1.3121226193590683
431,6.246339366592354,6.987631060909573,-0.7412916943171695,2.524178031237149,0.197317769855112,1.2892310602827903
432,6.358742986447412,6.9758222703912995,-0.6170792839438946,2.3416485849705246,0.21359634452707682,1.2437370792392137
433,6.508064875513826,7.313593192802864,-0.8055283172889176,2.698960930420288,0.19249480404978364,1.3032342394546068
434,6.51679647388916,7.4068624999968495,-0.8900660261078883,1.861714916099963,0.14471857635485827,1.4584426342400918
435,6.054369637028701,6.747112077567701,-0.6927424405391776,3.086819054565627,0.2254614400489467,1.212133087121997
436,5.8897846554148305,6.607962996877953,-0.7181783414630445,2.017206156672181,0.1801981303621536,1.3401452405202186
437,5.879059630194449,6.716932480880724,-0.8378728506861535,2.0887909266366016,0.16312106751939345,1.3946511334259695
438,6.08633894797528,6.904497671504716,-0.8181587235294501,1.8805551162033254,0.15672394759242578,1.4161761136478215
439,6.625788819879988,7.268154607720136,-0.6423657878401627,1.9817053322484988,0.19264583313798078,1.3027918523499487
440,6.570133903633193,7.172257221499082,-0.6021233178657894,2.7105710401524945,0.2306000694360723,1.1988145351851849
441,6.406539787299623,7.1155490331445055,-0.7090092458449817,2.113800247840647,0.18627168547319103,1.3216891428999173
442,6.34600410748182,7.048935842767088,-0.7029317352853468,2.0180447868240705,0.18299610401764768,1.3315864984114787
443,6.153506848697832,7.071215657323494,-0.9177088086257754,1.8788078635446404,0.14146237760376823,1.470367023390674
444,5.705941678648985,6.451644802749472,-0.7457031241006007,2.8888784679903843,0.20944121286281092,1.255103437233202
445,6.055793145136493,6.883633912869927,-0.8278407677335053,2.129643007056213,0.16652155460063592,1.3834675369131064
446,6.59283811785396,7.2600261226619285,-0.6671880048079402,2.981025458513347,0.2269423981452256,1.208272667811848
447,6.578034629633537,7.418975027335266,-0.8409403977018428,2.6851377652533017,0.18607373839433977,1.3222835800716761
448,6.271917530976468,7.064853841070041,-0.7929363100936371,1.5449685588125064,0.14327492380533108,1.4637037011433298
449,6.210286328799855,6.94648896845437,-0.7362026396544934,2.726328394684547,0.20560001722195473,1.2657572150633853
450,6.270801729242992,7.00072757403588,-0.7299258447926604,1.406488662615974,0.145250981653995,1.456512554326913
451,5.863438305041216,6.582655898498354,-0.7192175934571878,2.122031788454045,0.18478952140302504,1.3261514970551362
452,5.828552898942023,6.317210406890199,-0.488657507948119,2.435338171455971,0.24446894294971042,1.1638891357185785
453,6.204619492923728,7.0308591173122625,-0.8262396243885632,2.4950212134001326,0.1815641832222422,1.335954385050899
454,6.2224783932511105,7.079271434471851,-0.8567930412207261,1.7531063471263906,0.14444450734194125,1.4594383132292696
455,6.025938439638383,6.885952162182578,-0.8600137225441813,1.2499956344150362,0.11582348369520401,1.5725481411459918
456,5.9851450234814525,6.734231475643286,-0.7490864521619187,2.031778290040844,0.1754049565981679,1.3550395498401309
457,6.244793632511817,6.98254189722797,-0.7377482647161742,2.2077721958738827,0.18521659631558335,1.324862995203501
458,6.394329778539502,7.237256995909528,-0.842927217370061,2.6375622271905925,0.1840536043365362,1.3283769679222341
459,6.17294341695653,7.0826643770221,-0.9097209600656697,2.041498542596827,0.14994680612756658,1.439719386974975
460,6.431997255578624,7.210447437883802,-0.7784501823052778,1.539315790737458,0.1452571996711239,1.45649004475951
461,5.985947720079155,6.7617614050883095,-0.7758136850090978,1.9756912876534578,0.1682139542040334,1.3779654545301334
462,5.919142841627506,6.822323737476092,-0.9031808958486636,1.5820520652017152,0.1289015318466718,1.5184478694681358
463,6.308727185341484,7.044306739954083,-0.7355795546125137,1.4497073746376188,0.14697411216188522,1.450302751359023
464,6.336589694729826,7.191863358902113,-0.8552736641722731,2.5072806644698993,0.17726440342384514,1.3492259457259503
465,6.1629399727951455,6.926175929419722,-0.7632359566246123,2.140851365368853,0.17784456116650801,1.3474213721029429
466,6.572662579598516,7.200320138579793,-0.6276575589811273,2.489307410022125,0.21736091515439876,1.2335760684958859
467,6.351138903448161,6.887866539671359,-0.5367276362230768,2.3464067870680445,0.23041123631907176,1.1993002027085677
468,6.314721882205292,6.936990776347246,-0.6222688941420529,2.4627820369885427,0.21740095153898975,1.2334686890550866
469,6.070863087429659,6.888280439263129,-0.8174173518334555,0.8634997817580903,0.09406762325918654,1.674320522609688
470,6.292511263669228,6.967668476966397,-0.6751572132970978,1.7424109459326758,0.1742975692482111,1.358523694623231
471,5.920805467218786,6.755776627403643,-0.8349711601849776,2.1767133098432794,0.16738313409489122,1.3806612727750733
472,5.702801983098441,6.238211875664335,-0.5354098925658946,1.650568470475143,0.19690472030724238,1.2904204363084533
473,6.358776595397574,6.877277920135699,-0.5185013247380539,2.6114621750636253,0.2445109047147626,1.1637856111547575
474,6.076925712795644,7.094730781991283,-1.0178050691956742,2.158093141658423,0.1394751182867768,1.4777484598709616
475,6.678363913632227,7.42906685965629,-0.750702946023921,2.852793376385705,0.20734375342663275,1.2609031215136501
476,5.951879297552312,6.593092420923904,-0.6412131233714717,2.162211725381333,0.20119640068891417,1.2781504008224573
477,5.973291846160707,6.579534858777999,-0.6062430126175968,1.9044634289908728,0.19595674412689265,1.2931570583398446
478,6.123754609410996,6.795078276540048,-0.6713236671291725,2.8497290724482127,0.22185141449707654,1.2216198607280082
479,6.420361437497165,7.145322876465544,-0.7249614389684211,2.389356967867972,0.1950207544681935,1.2958686127005998
480,5.9493843321397595,6.7834005398701525,-0.8340162077302011,1.660233548458848,0.14316093827957274,1.4641208246572508
481,6.264218454648033,7.128339073331434,-0.8641206186835007,2.105145057611267,0.15967435850914058,1.4061676141280837
482,6.577240196377732,7.303602459323928,-0.7263622629463953,2.4166133028309176,0.19584892395719716,1.2934689279994875
483,6.249737563430715,7.004266185799581,-0.75452862236898,2.0472790283141755,0.17516887397864056,1.3557809508355498
484,6.005769889889523,7.092440538277922,-1.0866706483884627,1.1408563067165538,0.08295287747375722,1.7338039336540163
485,6.00683414044285,6.84572934816339,-0.838895207720725,1.8096552851225027,0.14999866229976927,1.4395361959597865
486,6.030104056864291,6.805788644279291,-0.7756845874150713,2.969234704075614,0.2067661095710471,1.2625078328339707
487,6.242622319855871,6.9289737804763,-0.6863514606204717,1.9458959296382403,0.18260261611278872,1.332784249005065
488,6.7316513025530345,7.502265250443019,-0.7706139478898422,1.0262490826414883,0.1128991792453535,1.585295639816362
489,5.783268309801786,6.502316465059673,-0.7190481552579513,1.9770213648325168,0.17815157037551016,1.3464681964602911
490,6.06578322355587,6.857371850529292,-0.7915886269734074,2.590060336430607,0.1909567297246959,1.3077540923926139
491,6.251312140699399,6.957094275765728,-0.7057821350663289,2.072140203226155,0.18497580443169648,1.3255892031860215
492,6.506254900843958,6.970297225139385,-0.4640423242954057,2.687911508525506,0.25923998496998285,1.1281892925207797
493,6.086382693121566,6.711434081643775,-0.6250513885222517,1.2405007686013576,0.152398537111112,1.4311105396298622
494,6.066913836863948,7.027497703719108,-0.9605838668551314,1.4626653175617434,0.11487396647335138,1.5766591852983474
495,6.900718244809029,7.710114586930233,-0.8093963421210901,3.402609718640605,0.21400576436380644,1.242625782901064
496,6.070485630124056,6.946797639058667,-0.8763120089345193,1.0920565672541258,0.10342789235423469,1.628457601607413
497,6.081497240324568,6.959061435945303,-0.8775641956206073,2.0491930918057193,0.1551475170057096,1.4215824002426176
498,6.004803665422758,6.841242921114814,-0.8364392556920848,1.7817954303565315,0.1490030346052446,1.4430619008182815
499,6.18686223635247,6.820563246224049,-0.6337010098714018,2.243885375174429,0.206216748355821,1.264036996234253
500,6.4337281473351755,7.3130152228646015,-0.8792870755294189,1.56041913881484,0.13113832573590284,1.5096281833841767
501,6.60891505219867,7.296518125608616,-0.6876030734099459,2.268000716999854,0.19691789665507178,1.2903824668277768
502,6.112226169174862,6.781596199733608,-0.669370030558639,2.626449071798234,0.21440921804773752,1.2415321798023753
503,5.966835924605009,6.709253536024379,-0.7424176114193415,1.7792393673143039,0.16426068857360823,1.3908837257272868
504,6.426031614911169,7.179772468682808,-0.7537408537714327,2.537875497210212,0.19561743960186867,1.2941389214450008
505,6.484975976621188,7.3004372424142705,-0.8154612657929192,2.484531876864555,0.18296440372370565,1.3316829212228394
506,6.114487470483953,6.835296997321636,-0.7208095268376837,2.069579268454639,0.18213966671813453,1.3341958882863851
507,5.638084352566482,6.337014788648661,-0.6989304360822644,2.5764891620335,0.20700645560587572,1.261839749860161
508,6.79525595789052,7.322513914433367,-0.5272579565428259,3.2137032049047214,0.26200237336898663,1.121670947986743
509,5.680151329973812,6.43019379706727,-0.7500424670936354,2.025045553669141,0.17492824169795,1.356537407429567
510,5.606766744958366,6.362836241466818,-0.7560694965081893,2.414798185229813,0.19047229704129476,1.3091832134387238
511,6.101606898594371,7.105172698389042,-1.0035657997943872,1.7765566927876861,0.12492774290310536,1.5344143769525014
512,5.943830879633213,6.788686983171532,-0.8448561035384046,2.2609915398642997,0.16930136093057768,1.3744521328892167
513,5.984808715790921,6.748638021579113,-0.7638293057882493,2.621844750429073,0.1969428156097901,1.29031066447602
514,6.201417151084131,6.906180662162109,-0.7047635110779993,2.3871052728752105,0.19862131840916397,1.2854894003203412
515,6.18732243497381,6.960910647410687,-0.7735882124368345,2.8044791274899055,0.2016668108920698,1.2768171455714699
516,6.161686256155251,7.050236391325102,-0.8885501351696803,2.136622171873828,0.15723803592868937,1.4144219946023606
517,6.289453286291534,7.116766561574623,-0.8273132752829042,0.6188437419443744,0.07197116113246538,1.7993004868413276
518,5.745384944897312,6.558146720490969,-0.8127617755935717,1.5427493083021737,0.1400589328662275,1.4755716037342197
519,6.17650688940809,6.954776650188117,-0.7782697607801765,1.5959095423993688,0.14846759834757553,1.4449654221180834
520,6.07863918526529,6.839016016986124,-0.7603768317208051,1.9714790376268212,0.17064545657083763,1.3701327810219655
521,5.633728143789556,6.45398077712011,-0.8202526333307105,1.4493939744837725,0.13358591200538195,1.5001099961850635
522,6.352298793266316,7.043824083719636,-0.6915252904532281,2.7056723084909393,0.21307491797684025,1.2451546252122097
523,6.176266269879777,6.795304893805325,-0.6190386239254622,1.5942288049689175,0.1765794485828313,1.3513621613063571
524,5.895875790201005,6.4435287158302135,-0.5476529256293361,2.6523955133658106,0.2397580904364954,1.1755916585102195
525,6.3310492722869345,7.052630324423896,-0.7215810521367985,1.8798518026101512,0.1729877646912662,1.3626661053432196
526,6.462583480710935,7.390786129907342,-0.9282026491964643,2.4708739178742327,0.16447689302880888,1.3901712120090834
527,6.526809245783413,7.314314109926075,-0.7875048641426474,2.43673861103024,0.18586617263557215,1.3229074044961802
528,6.2438470789025065,7.076473930259292,-0.8326268513567356,1.4705065555773515,0.1329583765791114,1.5025374000421723
529,6.241936733032405,6.868244120262533,-0.6263073872300993,3.1821720673184437,0.24103009283925783,1.1724159650454367
530,5.579057997488933,6.4325946181757505,-0.853536620686782,1.3598704983866092,0.1234499327496306,1.5404531565622788
531,6.582696390223434,7.297921482956157,-0.7152250927326804,2.705597545126608,0.20868294119220634,1.2571952546884273
532,6.168059206202104,6.970546872615744,-0.8024876664137537,2.3610352504332077,0.18033828407566102,1.339714184983211
533,6.110193622066179,6.933894445919465,-0.8237008238534145,2.0713096862818645,0.16463695002983084,1.3896441896059015
534,6.250493599276995,7.1003201674644405,-0.8498265681873818,1.6489958766164463,0.14016886527584269,1.4751624827081868
535,6.148814215009013,6.866789168066484,-0.7179749530573645,2.4226747004198153,0.19761158283842262,1.2883861346734535
536,6.36928676603158,6.932567997981204,-0.5632812319495315,2.8332919451983543,0.2427353542214913,1.1681770538687717
537,6.001808598328369,6.76267239136182,-0.7608637930334226,2.2646510261349704,0.18354854661765554,1.3299081172769334
538,6.106841753899078,6.992124598761395,-0.8852828448623313,1.4211587258601632,0.12258836920137153,1.5439998490019002
539,5.995175224158645,6.700994561822506,-0.7058193376637973,2.6865702757688332,0.2097383632694911,1.2542851947880922
540,5.677007990871987,6.613371183890502,-0.9363631930184511,1.3504422408672099,0.11176805803939012,1.590296185566349
541,6.306892838227002,7.036961958046982,-0.7300691198197455,1.9769731230408212,0.17618759027768258,1.3525870549275645
542,6.253300681760281,6.738347050519986,-0.4850463687598676,1.7979513695022824,0.21623616472943089,1.236598533241929
543,6.646548938247195,7.3619115037179,-0.7153625654707412,2.9392875151312516,0.21659541335020013,1.2356319219458076
544,6.195453148173117,7.106767695628898,-0.9113145474559587,1.6109884854286136,0.12927259898139876,1.516976572722972
545,5.943711988762532,6.624602291848506,-0.6808903030860165,2.4573749303184123,0.20584859422567767,1.2650634206734253
546,6.101380686591499,6.769079722931908,-0.6676990363403092,3.2009809586342683,0.23362658097454383,1.1910687897218228
547,6.028627335367235,6.584345803145618,-0.5557184677784335,2.5067503666321755,0.23269031954827452,1.1934573154029327
548,5.915021672542496,6.7825408422190225,-0.8675191696765978,1.75232409808795,0.1427877651122511,1.4654882158603315
549,6.090890690969006,6.775212970007255,-0.6843222790384971,1.9545881245273726,0.1833985560921428,1.3303634343617354
550,5.794108640381426,6.498609771740528,-0.7045011313591658,2.4972738769243925,0.2029841540728096,1.2730955042986711
551,5.8817587552939745,6.455096297673707,-0.5733375423799316,2.7811438050798465,0.23890229953957123,1.177734923402933
552,6.151614524244467,6.8618355122542685,-0.7102209880097234,2.7608351850027724,0.21153920662709302,1.2493442039588987
553,5.585589262026149,6.322794823940024,-0.7372055619136972,2.0204723187154094,0.17696506142749518,1.3501587662061583
554,6.3512744834825,6.987579042215545,-0.6363045587329452,2.847039720469862,0.22850736790445073,1.204212727534025
555,6.025650263199184,6.8752150549265085,-0.8495647917270617,3.619225846922376,0.21318108468681696,1.2448657984242566
556,6.073901788461187,6.877663857530296,-0.8037620690690801,2.836994603387385,0.19755391265527183,1.2885519057605677
557,6.516850267733405,7.163031969113925,-0.6461817013805558,2.8839929669279165,0.22781660899033337,1.206002286019842
558,6.155078433159149,6.786427799778993,-0.6313493666198156,2.791915251601761,0.22761171143285275,1.2065338602310618
559,6.266069288504257,7.011167448962,-0.7450981604577009,1.7136383717609043,0.16036747600875279,1.4038367223389638
560,5.37012657040829,6.478352925122708,-1.1082263547143612,1.840015658204436,0.1147731503245018,1.577097248127471
561,5.891392940329995,6.6588353900120385,-0.7674424496822212,2.1704619908264213,0.17840656186206977,1.345677449899636
562,5.580128741406968,6.33198503378104,-0.7518562923742138,1.3037801330075212,0.1351518143314194,1.4940910829594223
563,5.950815658903837,6.6974868553592675,-0.7466711964552815,1.9022152839952078,0.1696907699479623,1.3731981008503964
564,6.1555676188727535,6.931734238056558,-0.7761666191840959,2.4725379796988918,0.18920424380574472,1.3129368042933633
565,6.498606513787779,7.3817819364489825,-0.8831754226609974,2.126312157370748,0.15762524374841758,1.4131036719291241
566,6.19413680969207,7.045158474210455,-0.8510216645183846,2.732933664734876,0.1860883814059506,1.3222395909485645
567,5.935878972252128,6.688319927350259,-0.7524409550983364,2.468665330773849,0.19321228428760268,1.3011348980564634
568,5.808157348031743,6.534590236465336,-0.7264328884336919,1.9005211208417911,0.17314768955507343,1.3621590706259339
569,6.594717100499354,7.3024602870961335,-0.707743186596872,2.1745716340090873,0.18919040944939322,1.3129778577450821
570,5.903957888256416,6.641579520274329,-0.7376216320178628,0.9959313534868244,0.115332553062138,1.5746703589450683
571,6.271882544961743,7.027892506277633,-0.75600996131584,1.9315902350031564,0.16949996647287707,1.3738122842425082
572,5.8972519612557495,6.676770683523495,-0.7795187222677669,2.6997889922289993,0.19699626616588384,1.290156672599197
573,5.9475465518628585,6.924857700437579,-0.9773111485746995,2.9117801205196017,0.17235201599439678,1.364685191313636
574,5.653211084235197,6.447036265505661,-0.7938251812704493,1.7421307953679879,0.15376250516411177,1.4263667535211484
575,5.899316403269056,6.888599061051538,-0.9892826577822689,1.9356693425357179,0.13399929777953862,1.498515772756353
576,6.122191376618064,6.907697259233673,-0.7855058826157801,1.7371921978247364,0.15486151017625627,1.4225677096706735
577,6.254701410604428,7.117619516043577,-0.8629181054393484,1.4617055741524503,0.1280383000549512,1.521883396859341
578,6.303995365895405,7.151702740322245,-0.8477073744268182,2.3568792560628324,0.1727023596190234,1.3635718409766144
579,6.1572807898549105,6.8141110771646485,-0.6568302873097309,2.5390799997007676,0.21356865996515717,1.2438122794478526
580,6.1271866450834,6.844247901306511,-0.7170612562231327,2.1281113004801178,0.18544950068915156,1.324161239412759
581,5.7276285484413325,6.467775335341409,-0.7401467869001408,1.4390856940217738,0.14557206767889716,1.4553511686039526
582,5.834978154346588,6.655200343740484,-0.8202221893936894,1.808393503322229,0.15287365607304243,1.429454456613719
583,6.046826736692781,6.745318797524812,-0.6984920608319953,2.267287896878358,0.1948642120599195,1.296323045705454
584,5.68845632699187,6.3647919001683295,-0.6763355731764022,2.0983146546488456,0.1916161478862988,1.3058130299513293
585,5.950580329249549,6.883646599277727,-0.9330662700281209,2.014652093538512,0.14534575774295116,1.4561695396894767
586,6.313800103733927,6.9730355120637615,-0.6592354083295504,3.2011294503134806,0.2352390318102177,1.1869710704656156
587,6.099004554344917,6.720184034157429,-0.6211794798125538,3.059947495250558,0.23833065211652021,1.1791695911822624
588,6.131193411201155,6.742012503515342,-0.6108190923141592,2.313588873342848,0.21369176247706761,1.243477947159926
589,5.888632491066135,6.6013525522805185,-0.7127200612144406,1.4765486900976157,0.15245710309730756,1.4309061888742152
590,5.725849741000518,6.555009417188311,-0.8291596761878282,2.6273674570138894,0.18596477832370575,1.3226109877933034
591,5.989024747687397,6.848059819128482,-0.8590350714409851,1.5026781532196516,0.13089973508935573,1.5105633598389892
592,6.306789518296471,7.063986228215898,-0.7571967099195263,1.98137285406181,0.17165732504663456,1.366897853069805
593,6.409075215182172,7.2942240096386985,-0.8851487944566543,2.4010415172676005,0.16846387460681123,1.3771564771844764
594,5.663065194601602,6.372868012384346,-0.7098028177827018,1.7513153688178953,0.16850343050334926,1.3770285197071301
595,5.753966849963506,6.454662124542482,-0.7006952745789476,2.5842354382323975,0.20696637550596456,1.261951120233808
596,6.093406741575807,6.719095500442494,-0.6256887588667723,2.1976102423483397,0.205797108971744,1.2652070693225548
597,6.032232473734,6.707377939122731,-0.6751454653885958,2.101192241918003,0.19197024447568123,1.3047727389049641
598,6.25929088220302,7.225741683761358,-0.9664508015584943,1.97941202604801,0.13905688450497883,1.479312234463536
599,6.075507588469252,6.930339181872776,-0.85483159340356,2.12047842673406,0.16179839781556538,1.399048639530861
600,6.702642692034049,7.413380650596432,-0.710737958562504,2.973554184581708,0.2185546602235024,1.2303804781341754
601,5.987859439539777,6.626792238406532,-0.6389327988667901,2.631269161155931,0.22045910206592562,1.2253082476033403
602,6.332967749356856,7.30109772002311,-0.9681299706662685,1.8223186767740351,0.13176523667348794,1.5071772238418317
603,6.023968708679847,6.634200005171907,-0.6102312964919747,2.2559773509156607,0.21138992872593793,1.249752620114165
604,6.116079110919161,7.023430566894072,-0.9073514559750038,1.8937598043536212,0.14366270992830246,1.462286523546558
605,5.956899792899565,6.702331646302207,-0.7454318534025788,1.2232608475581124,0.130789965127482,1.510994056662026
606,5.797038533423363,6.40965246465519,-0.6126139312318628,1.5995791440468707,0.1781431970128992,1.3464941771275705
607,6.210248659383767,7.0240913644166785,-0.8138427050328119,1.908711060252596,0.15876542777538716,1.409235892743353
608,5.757824310591802,6.516212278074372,-0.7583879674823493,2.002599859474852,0.1724433392368755,1.3643948139337962
609,5.763903244044984,6.6817271027688125,-0.9178238587237502,1.5232867893918112,0.12376213004155073,1.5391727428046138
610,5.880649593178321,6.785416707040335,-0.904767113861908,0.7284278057879519,0.07359313747033945,1.789134622437453
611,6.01204252735103,6.763711045271345,-0.7516685179205069,2.3928383917999128,0.19038083288121288,1.3094533413868528
612,6.563479652187214,7.224165769091728,-0.6606861169045715,2.4136053892004767,0.20796909219005633,1.2591695645998027
613,6.23004557408264,7.038418609421834,-0.8083730353394003,2.4890947050477976,0.18432929786968377,1.3275424788019896
614,6.259012964777655,6.919375268444741,-0.6603623036671706,2.6172914966885976,0.21579733632801476,1.2377808355568327
615,6.19792276524119,6.769684022028267,-0.5717612567871129,2.9400725075206537,0.24447829024112136,1.1638660737816906
616,5.816717864587206,6.742479459623057,-0.9257615950357376,2.4828238893201053,0.16529207518578842,1.3874910604310593
617,6.597998772482713,7.534747658896878,-0.936748886414307,2.9336162299946267,0.17918507601239148,1.3432684136333861
618,6.1057247481440005,6.680539300707922,-0.5748145525637938,2.7172015089587696,0.23639124836678796,1.18405510963907
619,6.481121693295352,7.27728966267855,-0.7961679693830774,2.2257118303296863,0.17586363605326408,1.353601224514497
620,6.209441283768017,7.069723750829889,-0.8602824670617792,1.809671237479968,0.1467052942285874,1.451267834848969
621,5.725504227258414,6.5934972197493185,-0.8679929924908265,1.8875895235456532,0.14926092803937366,1.4421469305979815
622,6.24083450149921,6.98480234437748,-0.7439678428784191,2.9655286622997963,0.21226146331844317,1.2473710860393286
623,6.412444206641128,7.1592631472427275,-0.7468189406015426,1.8050928826116994,0.16482925951702806,1.3890114789364063
624,6.199759355541589,6.915038045197415,-0.7152786896558609,3.12536378172452,0.22248597428232364,1.2199443433607682
625,5.80830996120814,6.539704184532512,-0.7313942233242869,2.9281615190172623,0.2133113733466157,1.2445114896739728
626,6.306649112296798,7.1366735810241355,-0.830024468727288,1.527379028061958,0.13656801663787682,1.4886938066684314
627,6.247787766287745,6.937966778482677,-0.6901790121949034,3.151392109873548,0.22791522986646712,1.2057465512446912
628,6.115446903071886,7.004522774971216,-0.889075871899422,1.7429221450861085,0.13912806518169435,1.4790458347017568
629,6.071822419602556,6.861598035591635,-0.7897756159889013,2.3826230776834016,0.18335381956573926,1.3304992917162406
630,6.230702467935787,7.00997745117605,-0.7792749832403842,2.252067742936301,0.1798391624155684,1.3412504163738912
631,5.752207026194599,6.651889823389583,-0.8996827971950552,1.6112563662115065,0.1309212954435355,1.51047879788148
632,6.632530854248232,7.3973745388264,-0.7648436845779543,2.271871806284132,0.18315585476212914,1.3311007727234765
633,5.872817582039504,6.5259049266447935,-0.6530873446054102,2.1284675486994438,0.19739500010069308,1.2890088781060693
634,5.832818184376054,6.663133743115965,-0.8303155587398123,2.0346693830070244,0.16193172619599908,1.3986041332942691
635,6.383492673526705,7.257011769239002,-0.8735190957122541,2.9685029779367227,0.19028015872194956,1.3097507804233584
636,6.529892814761313,7.269729187375313,-0.7398363726138086,2.105806016816988,0.18038494379499573,1.3395707339761007
637,5.6548201142918675,6.417564079446963,-0.7627439651553232,1.9955918606267424,0.17136834850503838,1.3678202468459144
638,6.283866993842837,7.129236178058948,-0.8453691842162243,1.676570346422622,0.1422811148151242,1.4673490944945076
639,6.1325776687645135,6.805119305364352,-0.6725416365998171,2.4896625631487446,0.20867929468857505,1.2572053274654227
640,6.102697569014724,6.964181579259739,-0.8614840102450216,2.403276925047898,0.17230133883543564,1.3648463773930386
641,6.168540299552221,6.900488667733855,-0.7319483681817474,2.030528025613634,0.17835984187577456,1.3458222689072166
642,6.325792376270572,7.0493196665057685,-0.7235272902350971,2.2451967803988033,0.1893581999006983,1.3124800888461026
643,5.812672928539557,6.532777074610211,-0.7201041460707529,1.7436776163375747,0.16628101425014769,1.3842529531151457
644,6.0575769648701385,6.843076386039245,-0.7854994211691064,2.730258735320305,0.19703056626261933,1.2900578696047666
645,6.428142964975693,6.960662668623806,-0.5325197036479494,1.1266463295584366,0.1615264337627112,1.3999562041171119
646,6.08839085360866,7.035280219807591,-0.946889366198775,1.82494700471144,0.13481397170664744,1.4953850815860255
647,6.53522228244198,7.237734192879559,-0.702511910437579,1.7596644389727096,0.17024460543201217,1.371418269670241
648,6.302278394426837,6.9634584007744795,-0.6611800063476494,2.229252165104718,0.2002655220759154,1.280795451586859
649,5.72932157992547,6.492091965856156,-0.7627703859304802,2.315898231328891,0.18533104376595716,1.3245180761970585
650,6.430404312008266,7.067125268908812,-0.6367209569002625,2.774738144768257,0.22597001736237865,1.2108053419895495
651,6.337567766360978,6.958587486338816,-0.6210197199779941,2.9579992345955084,0.23514806246689077,1.1872017203641447
652,6.150286670944995,6.9804271389039005,-0.8301404679589268,1.947610912914584,0.15797816082485705,1.4119042342560881
653,6.204262976947591,6.984003839576376,-0.7797408626286142,1.778523118431167,0.1579317837759467,1.4120617371809905
654,6.049396504788335,6.897919002435907,-0.8485224976475365,2.219922256454879,0.16701543386018589,1.3818575840086265
655,5.5679570657248565,6.332221819133297,-0.7642647534087246,1.9135831071158407,0.167222319795319,1.38118423825145
656,5.8544687894257255,6.64971465610625,-0.7952458666804887,2.433879041547808,0.18443242647435618,1.3272305591486255
657,6.005103049159986,6.5373517513716255,-0.5322487022115183,2.366949044221382,0.232206021432566,1.1946954995868557
658,6.4075814047237305,7.270639903495601,-0.8630584987718066,2.436854712676464,0.17334323406140997,1.36153958088579
659,6.129436433291646,6.853216709390027,-0.7237802760982959,1.7900993370969047,0.16805998806148528,1.3784642829457716
660,6.363576708246471,7.173215282720152,-0.8096385744738654,2.7269193248712185,0.19277834737594476,1.3024039079373204
661,5.7666413858776355,6.466549192606928,-0.6999078067290156,2.952672697842438,0.21988087739833745,1.226844937093296
662,5.893279134274751,6.816444507631745,-0.9231653733570511,1.5488333333835378,0.12439203174763641,1.5365969833936888
663,6.142850247673339,6.833516020826538,-0.6906657731531141,1.588126953969244,0.16290786790251438,1.3953581394568313
664,5.615266541306953,6.3768237936231404,-0.7615572523163792,2.8905127315115813,0.2066753809927622,1.2627601750227344
665,6.293117101216938,6.958088062839133,-0.6649709616222026,1.168863904965761,0.14008507797644887,1.4754742805231869
666,6.271497274028905,7.07683836873826,-0.8053410947093198,2.264004040939586,0.1759194690044829,1.3534263348395574
667,5.9214549705866535,6.83642363459518,-0.9149686640087111,2.011155158204673,0.14783888999657913,1.447207237913303
668,6.340844346128522,7.016901107811636,-0.6760567616829576,2.136382860360719,0.19338051464638603,1.3006434865308711
669,6.256708416486861,7.142118239633847,-0.8854098231468015,1.585038804399801,0.13157516349894896,1.5079193738479253
670,5.998702888399082,6.566645243024782,-0.5679423546255293,2.2184202015548777,0.21843140714389322,1.2307098382874444
671,6.28351348286971,6.913454303533905,-0.6299408206643875,1.2950066178028585,0.15536556951546068,1.4208321233913446
672,6.312935868486891,6.925038907058985,-0.6121030385720587,3.080302971035451,0.24074921318624923,1.1731161942946298
673,6.188814042109259,6.724027058215492,-0.5352130161063542,4.348147033700673,0.28747537008744267,1.063676287420224
674,5.574811893497797,6.284975301393198,-0.7101634078953794,1.707505847879375,0.16610129427694922,1.3848403354704328
675,6.146794640653768,7.068866473175037,-0.9220718325211692,1.9839883044442246,0.14559499999121825,1.4552682962520262
676,6.101937056687136,6.6235478745041,-0.5216108178169634,2.297052166729433,0.23164457328338667,1.1961332263259654
677,6.6555508515646284,7.3703798830286775,-0.7148290314642054,3.192356007950206,0.22459543968806794,1.2143988884340484
678,6.336570710231642,7.078429520884798,-0.7418588106534116,2.3342585442702735,0.1897662467049083,1.3112709280179222
679,6.471161439388668,7.268397030524271,-0.7972355911356317,1.5118906234353986,0.1407202215029251,1.4731142876041263
680,6.744323514716159,7.465001630976383,-0.7206781162603875,3.139048223356987,0.22191754122687676,1.2214450969538937
681,6.073139429313658,6.84801883404395,-0.7748794047301999,2.2513801719020528,0.18056545825809003,1.3390160183379853
682,5.964334172473643,6.78299754952196,-0.8186633770480967,1.883727994803472,0.1567953619998634,1.415932180145311
683,6.223421294382222,7.219833435120764,-0.9964121407383573,2.306846857041787,0.14828905474518816,1.4456013252172097
684,6.139957862156523,6.764107774627144,-0.624149912470557,2.226186188236479,0.20734035841515927,1.2609125434702515
685,5.7927737054851764,6.756847539780006,-0.9640738342948225,2.0195071127040087,0.1411292290391733,1.4715988768963366
686,6.308350013900524,7.071982302609003,-0.7636322887085498,2.4452727864440185,0.19033544555637574,1.3095874226483224
687,6.598477259118242,7.389282368127548,-0.7908051090093977,2.3057850644768543,0.18008815305839784,1.340483660198427
688,6.042775655787652,6.896463748460208,-0.8536880926726553,1.564560970339059,0.1350870089665342,1.4943391053718245
689,6.05124933317599,6.957379539936499,-0.9061302067605084,1.527365837886201,0.12558451291377948,1.5317484844276077
690,6.791653683196971,7.580308803510535,-0.788655120313706,1.8945100365289633,0.16220686829514633,1.3976877039122833
691,5.915077944825514,6.8011392541574995,-0.8860613093320353,1.2544939452317756,0.11261196376528114,1.5865616286767679
692,5.923275759507549,6.742417893570236,-0.8191421340625311,2.353532229117935,0.1772520620835854,1.3492643810614444
693,5.821617589472924,6.685605016260071,-0.8639874267871619,2.6965196639103084,0.182706639595653,1.3324674226560158
694,6.62283826121349,7.374906829339979,-0.7520685681265604,2.5190198115256877,0.195202576059109,1.295341131474877
695,6.369588121190661,7.196049946797489,-0.8264618256066569,2.2300977937881363,0.1710143022260158,1.3689519275825603
696,5.704279702742513,6.3247678256514295,-0.6204881229089096,1.6271558611523211,0.17821808436212505,1.3462618507453152
697,6.064947260547813,6.83910677454165,-0.774159513993709,2.368992694481417,0.18549625702232334,1.3240204381598513
698,5.668868704623508,6.409694001120501,-0.740825296497178,2.205585069191052,0.18457636952500914,1.3267954091411296
699,6.307928874218321,7.290349987429709,-0.9824211132113305,2.059980192780003,0.14029110699224415,1.4747078414905266
700,6.60563480085513,7.375680613642119,-0.7700458127869751,2.870738508002539,0.20452271295350916,1.2687711069322023
701,6.118091729521909,6.771509672600915,-0.6534179430791482,1.0570047358688015,0.13345138321700778,1.5006296299902377
702,6.557242259804541,7.186737958343835,-0.6294956985393583,1.7803272058145936,0.18495904302055677,1.3256397802165576
703,6.1604206835784385,7.104062235726952,-0.9436415521481649,1.996427124359041,0.14302518197439465,1.4646179497035374
704,6.1782384230637195,6.914362948607925,-0.7361245255440281,1.4417022466579361,0.1463961356669573,1.452379419074769
705,6.3930155666416955,7.20708525282509,-0.8140696861835295,1.1402549004635425,0.11496378148729183,1.5762691788955634
706,5.86657001006053,6.650867243550801,-0.7842972334904061,1.1015938812193546,0.1164690262000974,1.5697682945920837
707,6.801054153072544,7.473032106474223,-0.6719779534016652,2.04773389076702,0.19011495787629162,1.3102391130110205
708,5.99869198976309,6.778611384127773,-0.7799193943646969,1.4232319506143902,0.1382200031282552,1.4824522382903877
709,5.35788345479911,6.080466210955942,-0.7225827561569531,2.989705100252749,0.21690463405173246,1.2348008416972442
710,6.73934054056828,7.294068464616325,-0.5547279240481657,2.2642681980360884,0.22316848503622103,1.2181460287937824
711,5.958917464023232,6.767613980760652,-0.8086965167374274,1.6416375797774485,0.14610773591607074,1.4534179850426503
712,6.081200903591723,6.87420657980323,-0.7930056762113509,2.8252079205721365,0.1990006983426495,1.284403816309768
713,6.282996202490965,7.092055630416306,-0.8090594279253764,1.6210916101908701,0.14494486554888536,1.457621625325496
714,6.072457065459973,6.994755686886785,-0.9222986214269895,1.2597924904017184,0.10825461302374369,1.6060878320104786
715,5.687340394872779,6.703967180652812,-1.016626785779863,1.7033705085050315,0.11983085073126268,1.5554839643796348
716,6.333379384277139,7.133065635855177,-0.7996862515778957,2.4262627658328313,0.18338179429697407,1.3304143342558825
717,5.931725208761025,6.765620119344712,-0.833894910583922,1.4727973112443848,0.13290128195405074,1.5027586906719357
718,5.8401905852095,6.487309950096519,-0.6471193648869757,2.210374443955935,0.2021583893339674,1.2754263153058025
719,5.911620544198756,6.762091034670485,-0.8504704904717073,2.699967531122038,0.18502874510790193,1.325429478626616
720,6.360710508334948,7.204942705100651,-0.8442321967659154,2.392372336933615,0.17466162126694254,1.3573764684501197
721,5.425757692048153,6.442031502003191,-1.0162738099550097,1.6488488821637866,0.11727580009450313,1.5663111151936053
722,6.207732001584889,6.944064734037534,-0.7363327324524107,2.2951769282896173,0.18914856901345578,1.3131020327052128
723,6.281153049302491,7.000605274938069,-0.7194522256356777,2.6519687198347306,0.20599137045047605,1.2646651982299422
724,5.827769863497922,6.5623564644384675,-0.7345866009404745,2.0749690863957113,0.1799262354159022,1.340982189096765
725,6.12816562030959,7.004411107015672,-0.8762454867062388,1.4250370624869255,0.12406573696108542,1.537929976276499
726,6.069756652929543,6.868001137507941,-0.7982444845783903,2.329549444582728,0.17979146990886863,1.341397373449395
727,5.711079062089782,6.616502649547813,-0.9054235874580172,1.7312057276678807,0.13618009372408324,1.490167902406219
728,5.443960075281,6.48594300117467,-1.0419829258933078,1.3839114317297074,0.10087318956462973,1.6406350747492489
729,6.123017432860268,6.856115505863849,-0.7330980730034753,2.391308285784987,0.1936305796769265,1.2999136106485476
730,5.744527727462144,6.383865641510072,-0.6393379140481557,1.9781412518100794,0.1930606955494622,1.3015779676321333
731,6.513835285522662,7.261577387739395,-0.7477421022167619,1.8668639630847466,0.16777019929441903,1.379404088815259
732,6.874099796438275,7.621421526737487,-0.7473217302990633,2.8375996273303734,0.2074357210179141,1.2606479323567297
733,6.237426109654296,6.980740769557025,-0.7433146599028078,1.887715284525214,0.1695634281654006,1.3736079478642131
734,6.038159778761171,7.103626833273276,-1.0654670545120553,1.8275171613174344,0.11938694739254556,1.5573519509107048
735,5.829990162848405,6.609268020463796,-0.7792778576153978,1.8273379895782504,0.16046833644661826,1.4034981728583795
736,6.207226771100993,6.779779641699848,-0.5725528705988836,2.224264764166765,0.21772396718386647,1.2326028658739878
737,6.146023603384053,7.223751220051996,-1.0777276166677439,2.0910716837355103,0.1289187944982002,1.5183793494050846
738,5.933091764108001,6.78186288289473,-0.8487711187867717,2.7949229945774725,0.18858664795556718,1.3147716799845648
739,6.186374237873013,6.93597935215683,-0.7496051142836677,1.7237352365884249,0.16013622191952157,1.4046135608651455
740,6.403363531651182,7.137729772338881,-0.7343662406876774,1.5321783868491217,0.15208713214013767,1.4321981112052438
741,6.384755283837437,7.256901019960937,-0.872145736123457,2.2689656128322255,0.1652788931606194,1.387534320986411
742,5.986228020849028,6.845858287770072,-0.8596302669211582,2.660728075854408,0.18215072165478693,1.3341621482463712
743,5.9596257855564705,6.6560107928280505,-0.6963850072716014,2.650653152741558,0.2101990550093183,1.253018277629306
744,5.9480825725177215,6.60764769181816,-0.6595651193006233,2.1295000591058617,0.1961996232435645,1.292454991294911
745,6.193012675609923,6.696780670555819,-0.5037679949459744,2.497079829394334,0.24349016208920038,1.1663074501462538
746,5.90944809467034,6.55663250148571,-0.6471844068153132,1.7848230715648654,0.18179637297311846,1.3352443891996482
747,5.911473241672882,6.712414596568786,-0.8009413548959401,2.557538768230625,0.1881579618240263,1.3160479126567548
748,6.0718427554814,6.578267550046371,-0.506424794564964,2.930738850505385,0.2579178918464652,1.1313260311496705
749,6.437477312838853,7.258899193925602,-0.8214218810867351,2.079566909752838,0.16537348246626127,1.387223956860473
750,5.923465374460209,6.691095593679586,-0.7676302192194271,1.8762223786980705,0.16483596044073553,1.3889894424869416
751,5.564031779768145,6.2828522246623795,-0.7188204448943907,1.8020885865783214,0.1695514092868197,1.3736466423055171
752,6.225313068323674,6.9354894474208155,-0.71017637909722,2.0672738758660074,0.18395426184494923,1.3286778917914217
753,5.819172009317088,6.611104598410401,-0.7919325890932214,1.396079073575823,0.1347131927507287,1.4957715685624826
754,5.667425560315239,6.457985536967913,-0.7905599766525029,2.1010420748292553,0.1714309109003999,1.3676204531699987
755,5.890785214063287,6.609505037148425,-0.7187198230851664,3.0057431546639215,0.21812200612899474,1.2315372166695955
756,5.571841235265326,6.38065665278228,-0.8088154175168256,2.298763371922732,0.17676520992879344,1.3507822053710756
757,6.15920898137462,6.980092543648427,-0.8208835622738206,2.4365603193812255,0.18022048003653018,1.3400764853685805
758,6.08117697911395,6.791937393074351,-0.7107604139603154,2.000656512251833,0.1807592091946019,1.3384210854990604
759,5.93309756482269,6.827394624233849,-0.8942970594109738,1.4383613200527172,0.12232091958881251,1.5451047857790468
760,5.825073668557495,6.5764477816752365,-0.751374113117663,1.9122669548551237,0.16936659978661361,1.3742418904266962
761,6.03393717462315,6.875715311750236,-0.8417781371272213,0.9349397056771451,0.09659305068449674,1.661599764156847
762,5.773342705862449,6.565755245941164,-0.7924125400786579,2.8183306761388067,0.19886991256390293,1.2847778847902118
763,5.910115876932439,6.716025960993834,-0.8059100840612246,1.4386448716693145,0.1351243804825709,1.494196066278674
764,6.35561730762244,7.0984388367543065,-0.7428215291317883,3.0463986887112853,0.2150450415963433,1.2398117217972093
765,6.2217565048206485,6.9138330103031524,-0.6920765054826461,2.8012441984416476,0.2162979360810026,1.2364322460780561
766,6.066440737348573,6.920815076391188,-0.8543743390425789,2.353508702965609,0.17149361301801677,1.3674202680496084
767,5.9496935162979,6.775389792458229,-0.8256962761604427,2.0257492078381922,0.16227434780663574,1.397463125731853
768,5.73508796584362,6.506170931208567,-0.7710829653649398,1.4888959279763903,0.1435239928739508,1.4627931322881869
769,5.903527367085433,6.590980665158741,-0.6874532980732511,2.2769829745011663,0.1973232601761085,1.2892152631847296
770,6.330238593571055,7.14424013262086,-0.8140015390499684,1.9259914669613423,0.1595587580739611,1.4065571120832494
771,6.1976693872379816,6.886321104344917,-0.6886517171071773,2.051940586845056,0.1871961218227087,1.3189192141497859
772,5.947863246342893,6.750163415789638,-0.8023001694466529,1.9641593679912006,0.1632594832382321,1.394192496422303
773,6.107925767456452,6.88511289772614,-0.7771871302695672,1.6933292208797468,0.15392564204116543,1.4258015200288885
774,5.824913203171734,6.687590521962621,-0.8626773187909293,1.2741046442683697,0.11696300523022435,1.5676492771829993
775,5.910392206802287,6.497327981952646,-0.5869357751500957,2.0654155089426247,0.20764067421321525,1.2600795289731745
776,6.315487247412209,7.085074577088465,-0.769587329676142,2.0669216261323484,0.17346461873077124,1.3611552940051217
777,5.721045393450838,6.411673147200178,-0.6906277537495953,1.65306515322019,0.16659705873219388,1.3832211755209631
778,6.149372611921551,6.806798170199224,-0.6574255582775095,2.267735655744122,0.2026230252980505,1.274113978042045
779,6.150812127327315,7.015557776796344,-0.8647456494691141,1.1450348447549175,0.10844032081396993,1.605243077132704
780,6.293281611461696,7.01017307416077,-0.7168914626993228,1.8891883247872627,0.17428367276286721,1.3585675216375475
781,6.256390665065753,6.946042931035217,-0.6896522659692437,2.4247408052994004,0.20292328188655537,1.2732670865954416
782,6.112297617222582,6.9511844234927,-0.8388868062702386,1.5578678742623921,0.1369245703327381,1.4873417602794872
783,6.265371677955743,7.2079168854132,-0.9425452074574423,1.9087679811176095,0.13927722469836823,1.4784879326567582
784,6.184838939341278,6.9240625841911285,-0.7392236448499716,2.518366717744616,0.1974682155024095,1.2887983048946625
785,5.806223148766792,6.573793080102535,-0.7675699313358564,1.6294681874102857,0.15206261292468448,1.4322838157243056
786,6.153226006803168,6.948822068643993,-0.7955960618407971,2.351148842741747,0.1811088031785904,1.337348816950986
787,6.483183281367944,6.988995003796726,-0.5058117224289163,2.183688414468925,0.2302703394863762,1.1996627653288747
788,6.38252861575849,7.06586484235004,-0.6833362265915639,2.17773370326719,0.19384159943686186,1.2992982362270697
789,6.31759464020435,7.25176640260999,-0.9341717624058674,2.5271613751134723,0.16565094066920866,1.386314337745781
790,6.418166332838171,7.158876191676628,-0.7407098588384997,2.2759845721115646,0.18757151018786325,1.3177973054668464
791,6.187295408665493,6.987091098249417,-0.7997956895837888,2.45814170685291,0.18459702185181093,1.3267329963045624
792,6.0397371984843335,6.85085443215919,-0.8111172336748496,2.584549052032582,0.18743051249404294,1.318218505264923
793,6.422300820790513,7.198606308170051,-0.7763054873794317,2.2898714127330457,0.18191693201275722,1.3348760059622506
794,6.166411605454657,6.855502571206047,-0.6890909657513475,1.8869139930622332,0.179199661519315,1.3432233545557843
795,6.018957098488743,6.869073815141862,-0.8501167166532468,2.2494758018556062,0.1679822182147459,1.3787163766299324
796,6.0144934099592025,6.594117608213553,-0.5796241982541233,2.152846789123391,0.2131255533467606,1.2450168586124837
797,6.360770771760842,7.145272904637979,-0.7845021328771509,2.3519401663969717,0.1830320625107085,1.3314771384164756
798,5.923083774844843,6.543996713568591,-0.6209129387239045,2.7376159846701995,0.2277948458669681,1.2060587308156345
799,6.155096552962521,6.763402915457322,-0.6083063624951137,2.205830366528332,0.20961921310700982,1.254613189440654
800,5.786657548611645,6.659870966165039,-0.8732134175534156,1.8797100082455387,0.14809611522623428,1.44628915879717
801,6.094936442294072,6.902441204942429,-0.8075047626482501,2.8623789436977916,0.19776673465814523,1.287940331417613
802,6.18424598751564,6.7361740147704,-0.5519280272546894,2.5408205506650887,0.23477417507021414,1.1881503639894246
803,5.774703513587626,6.636000729733434,-0.8612972161456582,2.1238659211911397,0.1609246112410341,1.4019686409717786
804,6.131727974146331,6.872520765688167,-0.7407927915417076,1.8189232001639866,0.16656969278893774,1.3833104577803923
805,5.844825100959513,6.657895413525525,-0.8130703125659693,2.3905318463040857,0.17972924594378845,1.341589150528971
806,6.188082493731843,6.815903742002847,-0.6278212482709478,2.7691545664082824,0.2275238761902464,1.2067618392687682
807,5.981394741222191,6.766073196382829,-0.7846784551604742,1.7740482911181275,0.1568902484680395,1.415608202320812
808,6.424781495968789,7.25097724583148,-0.8261957498625634,2.5414240949315534,0.18331096584170514,1.3306294543473816
809,6.051471834352258,6.725310177169058,-0.6738383428169072,2.630581232057306,0.21371010574128602,1.2434281408578631
810,5.382257093196602,6.256449104044586,-0.8741920108479917,2.0509270101778725,0.1557431021970606,1.4195349938070356
811,5.833019139864989,6.740210037378789,-0.9071908975138285,1.7805081194378438,0.13833363274310653,1.4820250387547167
812,6.100755122664184,6.9060796358628185,-0.8053245131986841,1.930239909767657,0.16117082721132037,1.4011446324209553
813,5.947345160567027,6.797364972505564,-0.8500198119384095,2.820918632161451,0.18926128467185924,1.3127675588925556
814,5.874096415516322,6.677488060117605,-0.8033916446013336,2.1190082512389736,0.1700765511216778,1.3719578774978343
815,5.633154757481877,6.358527413185529,-0.7253726557037226,2.1623535884475977,0.18546210754464504,1.3241232727506194
816,5.809726483664251,6.6979061905866235,-0.8881797069225286,2.635586975400603,0.17668090171344808,1.3510453633917
817,6.761844801604655,7.665837511766009,-0.9039927101614467,2.8994449103870465,0.1831771957086434,1.3310359088762271
818,5.809092343971104,6.638322547788279,-0.8292302038171329,1.5572214968384515,0.13834545068536322,1.48198062379002
819,5.795907285818446,6.683331221971047,-0.8874239361525724,2.6192688929414416,0.1762177605981102,1.3524926746554842
820,5.957717646845383,6.8224753556340705,-0.864757708788602,2.7173506868446573,0.18330939166053462,1.3306342361478938
821,5.895605686973811,6.737790671809941,-0.842184984835967,1.7701044772946837,0.14752948676120042,1.4483131674766077
822,6.206902647982149,6.89483195990478,-0.6879293119225167,2.1946164343952645,0.19371990575248066,1.2996530584670882
823,5.764388035788231,6.488179175893231,-0.7237911401048223,1.9710979446089354,0.17702346812155179,1.3499766648785403
824,6.596933121260024,7.219996472078821,-0.6230633508189385,3.261580958354486,0.24398844712757403,1.165075465234931
825,6.294796942885812,6.964738031587276,-0.6699410887013073,2.762362097602523,0.21913401788736342,1.2288340883048927
826,6.760635643907806,7.590811558311573,-0.8301759144039806,2.4192505742868633,0.17801060519186251,1.3469057010298806
827,6.053673021796628,6.784312925579792,-0.7306399037834126,1.4214811711536726,0.14606352553351645,1.4535773311693105
828,6.519204690948543,7.245605831000697,-0.7264011400520758,2.185122847625177,0.18626886984354873,1.3216975949915735
829,5.841796155141099,6.710921383517375,-0.8691252283763333,2.7597370626672735,0.18406735849996916,1.3283353138996525
830,6.159798928528305,6.805211666215323,-0.645412737686911,3.1051286376730864,0.234999127004211,1.1875794779351867
831,6.178476052138437,6.830364187625593,-0.6518881354872974,3.125014785383488,0.2343591836123592,1.1892045522408037
832,6.423699368731848,7.292436572918911,-0.868737204187255,1.5688792581140945,0.13311590269844203,1.5019272324988064
833,6.484224216820637,7.172507470562971,-0.6882832537423837,2.53836880132058,0.20756537673796352,1.2602883066022768
834,6.646485316071692,7.270955566449738,-0.6244702503779536,2.199660881060616,0.20612750669783958,1.2642856822811888
835,6.153817234411706,6.827840054994484,-0.6740228205826497,1.9227139318581905,0.1837604437616996,1.3292653435477975
836,5.856109838832724,6.79908284503936,-0.94297300620633,2.024243491734314,0.14433355982098947,1.4598417917248916
837,6.434797581152923,7.038357422445296,-0.6035598412922809,2.7190730547497566,0.2306096947324431,1.1987897870699282
838,5.951952232460842,6.464317742040949,-0.5123655095801496,2.615204349487925,0.24597619908424923,1.160178351512073
839,5.989973176632946,6.740219254681508,-0.7502460780488036,0.8160850194023332,0.09869004314127235,1.6512377230708137
840,6.454877082437195,7.214702802359804,-0.7598257199226737,2.6254853951246417,0.19778073791551046,1.287900107951067
841,5.8517711351978665,6.738927796090865,-0.8871566608929697,1.432304869631679,0.12296264770332402,1.5424567189071268
842,6.114761079554016,6.7315257231520125,-0.6167646435981169,1.7474627619620122,0.18567908432265673,1.3234701268572306
843,5.940220795248949,6.627064758575104,-0.686843963326055,2.7400958454266373,0.21516358062367516,1.2394913758225663
844,6.040885860055612,6.7143797210982346,-0.6734938610427434,1.9207608798536207,0.18376321973531295,1.3292569264888592
845,6.18319136691777,6.847520565166549,-0.664329198248879,1.648118478158068,0.17111305417196754,1.368636098564976
846,6.370582384128982,7.001726172509494,-0.6311437883803137,2.5483176324834638,0.21891876716777076,1.229408280557441
847,5.92832966781363,6.762033440552033,-0.8337037727383176,1.681903126868761,0.14434211919027903,1.4598106557418713
848,6.085616861822944,7.000587287119297,-0.9149704252965876,2.2361103131284494,0.15734825206782463,1.4140464925511695
849,6.19838983708202,7.200428691521653,-1.002038854439661,1.179320393372123,0.09401354426892182,1.6745958999374126
850,5.98058684163381,6.796540210690802,-0.8159533690568423,2.0080262420105726,0.16304951583928612,1.39488833318286
851,6.196205464314987,7.005169886694903,-0.8089644223798587,2.0123047351084047,0.16438670049042262,1.3904683606844537
852,6.531502131728773,7.1506619929001705,-0.6191598611715108,2.0878192850038673,0.20217853611786166,1.2753693663219938
853,6.135088232581909,6.9964257541182295,-0.8613375215363703,2.4115110664147075,0.17264367436559416,1.3637582178796188
854,5.821420505675649,6.488955498984845,-0.6675349933091184,1.762148185660216,0.17676264104812678,1.350790222443463
855,5.733697540594919,6.702030477561815,-0.9683329369665898,2.465739160430644,0.15831469551949554,1.4107623632983886
856,5.973443817151308,6.760893256894343,-0.7874494397428862,2.8099399929046918,0.19944169899535902,1.283143805896608
857,6.006297178667198,6.85242817039933,-0.8461309917322524,2.7303099794099523,0.18680034697606962,1.3201038516887962
858,6.3850767012959455,7.004139554006402,-0.6190628527103854,1.890433327825555,0.19270382087417456,1.3026220651979905
859,6.212570707255525,6.812154852193993,-0.5995841449384898,2.693181828342574,0.23049810485070374,1.1990767468942158
860,5.690040895075542,6.65508480827412,-0.9650439131983148,1.3257108059234106,0.10677763616387669,1.6128475337810926
861,6.323053213710198,7.0160060722391595,-0.6929528585287699,2.4499198369842112,0.2032956300904727,1.272218123274615
862,5.8803393323917295,6.551072324819026,-0.6707329924274745,2.1951115294242953,0.19697220838962884,1.2902259796374276
863,5.946376816450554,6.8350418226158585,-0.8886650061649561,1.6074867157386024,0.13229216809054894,1.50512412315994
864,5.8881938451582005,6.756490864269823,-0.8682970191114237,2.0897400869152882,0.15835438308429592,1.410627823563158
865,6.695494949267429,7.538899413337093,-0.8434044640696357,2.331856343003526,0.17240469916425724,1.3645176624049091
866,6.1048926180231025,6.714238987395818,-0.6093463693728154,2.240522915311466,0.2109078812203287,1.2510729013051098
867,5.865671317808408,6.775258180204618,-0.9095868623960541,1.8212412690864355,0.1399390874190545,1.4760178983863776
868,6.415222185207783,7.266149965208372,-0.8509277800008022,2.6270162895162876,0.18236351329811107,1.333512996723692
869,6.200484423279265,6.875429942711394,-0.6749455194321854,1.8268259095314114,0.17876823973719919,1.3445573023950883
870,6.032408870531997,6.8515779876253635,-0.8191691170934519,2.6121277111051917,0.18708243848117134,1.3192593028486579
871,6.75820082767588,7.466054949597593,-0.7078541219214003,2.4720748374474297,0.2013953675927418,1.2775862037883536
872,5.740307295057407,6.624173078299579,-0.8838657832420722,2.274214687240871,0.16365707172812427,1.3928767253152563
873,6.373211364743172,7.0866332013328535,-0.7134218365899869,2.328629292137723,0.19466520893300665,1.2969011263206986
874,6.423475256686759,6.961923053861357,-0.5384477971745127,2.1667213408691914,0.22240945652128877,1.2201462023680636
875,5.946424572850235,6.825366592690964,-0.8789420198406788,2.056561878162917,0.15525950324546878,1.4211969771493862
876,6.3761240551919105,7.171056847662628,-0.7949327924709451,2.658706939096408,0.19287287193509278,1.30212730061586
877,6.096777266722954,6.6295950872535006,-0.5328178205306813,3.22821791610102,0.26125435255510443,1.1234313238943445
878,6.028024221195681,6.680248215192671,-0.6522239939970405,2.7835080252252915,0.2232599155208218,1.2179054220967662
879,5.706965409313414,6.640048354590556,-0.9330829452774196,0.7992302442918842,0.07623446538667093,1.7729652491241614
880,6.347942690478492,6.852853315296501,-0.5049106248179669,2.8917739409034517,0.25700274815464863,1.1335037956216507
881,5.716796540407147,6.669002427426124,-0.952205887018863,1.4567218451580075,0.11562977050809335,1.5733846872446828
882,6.313446396260149,7.0059114641560445,-0.6924650678959097,1.8207331642742943,0.17523628229621988,1.3555691837089225
883,6.085049953471996,6.904659718622527,-0.819609765150517,2.462628687684937,0.18143532893774583,1.33634868976695
884,6.052885374014311,6.897766494103495,-0.844881120088985,1.833086695437757,0.15021242218250055,1.4387815612471035
885,5.936980585150211,6.788827575270313,-0.851846990120066,1.4499187663407866,0.12896000108003358,1.518215818315177
886,6.211621063489035,7.164525318485476,-0.9529042549966107,2.7648206509706057,0.17116618348881502,1.3684662365581348
887,6.184172764557859,6.975970717525636,-0.7917979529677268,1.7320260870929651,0.15356938967353734,1.4270364458975824
888,5.911765374017948,6.477780727025804,-0.5660153530077423,2.381144964346433,0.22562104996345322,1.211716162767367
889,6.137079584709925,6.881859592411809,-0.7447800077018201,1.6255135742105438,0.15563855599422133,1.419893955273843
890,6.425908559168436,7.038698629917549,-0.6127900707490426,1.9291587030430968,0.19588191926134632,1.2933734757795043
891,5.986435870133862,6.8690309816117665,-0.88259511147794,1.8288381835005119,0.14426864287375993,1.460077982891293
892,5.840667016014338,6.61680955071561,-0.7761425347011937,2.188579198715331,0.17769021145511327,1.3479010465284171
893,6.124898707495747,6.937306347754175,-0.8124076402582432,2.0923624846638056,0.16741437738924994,1.3805597138886518
894,6.066248946134481,6.800986183141768,-0.7347372370074936,2.2163742689507266,0.18612104894705156,1.3221414634925226
895,5.660368709764969,6.55940898153017,-0.8990402717654433,2.064389184206096,0.1525428523001235,1.4306070971118428
896,5.7555023154670995,6.751430775653832,-0.9959284601868603,2.117187215723753,0.1408041722187839,1.4728029665160491
897,6.350813667542541,7.104210318696369,-0.7533966511539347,3.036561070963284,0.21284599301097754,1.24577776985185
898,6.0377057953603686,6.691475334288237,-0.6537695389279179,2.2859993096395925,0.20409469560581706,1.2699717432380218
899,5.73364773467644,6.567599376307927,-0.8339516416315291,2.656421980135935,0.18621091126243808,1.3218715988108198
900,5.831425815614937,6.400693780300047,-0.5692679646851957,3.005725875770384,0.24706725612767647,1.1575021629280806
901,6.255152085541811,7.015917511212161,-0.7607654256703427,2.5806312510931164,0.19597014359963746,1.293118309173342
902,5.6613951659903865,6.429089794116885,-0.7676946281267192,2.2144553176815194,0.18024887219856664,1.3399891506172572
903,6.357526856748807,7.033157803111111,-0.6756309463621619,1.4752210344775563,0.1588683090861763,1.4088879301150223
904,6.12670635717315,6.955921022762839,-0.829214665589916,2.6053057145880345,0.18515696958960365,1.3250427592810872
905,6.138467418119278,6.779529074958207,-0.6410616568391561,2.7892215682901345,0.2256204149581914,1.211717821076341
906,5.893933839082154,6.657684626525972,-0.7637507874437688,2.359399894189714,0.18692196289311555,1.319739632479804
907,5.98475128951806,6.840776465022218,-0.8560251755041008,0.8229208475573984,0.08627396037166522,1.7153888386450094
908,5.993405114722934,6.817299359620778,-0.8238942448979287,2.1122267373975916,0.1664062836852056,1.383843814828156
909,6.292463476943128,6.994024431522165,-0.7015609545792358,1.7811149999014546,0.17154042169785377,1.3672708606275863
910,6.159108060710212,7.165713498708934,-1.0066054379988145,2.3476789831031972,0.14842188098293518,1.4451281939939788
911,5.829572223216035,6.627917625191296,-0.7983454019752116,1.40227067258472,0.1341064699082128,1.4981030842292835
912,6.074033552969711,6.7591635942335575,-0.6851300412638466,2.75725860639378,0.2160838023468662,1.2370088357881421
913,6.0037337661788275,6.9741048630369225,-0.9703710968581163,1.300134969998183,0.10467758149163708,1.6225876538624564
914,6.0407226532361324,6.832810581976668,-0.7920879287405569,1.2663899704071966,0.1265454671863715,1.5278673859884133
915,6.526648610432192,7.18391263492599,-0.6572640244937702,1.9406422935217158,0.1877976150987492,1.3171223540999406
916,6.4093546609695,7.238417906671396,-0.8290632457019456,2.664829706946474,0.18732317707353485,1.3185393032257584
917,5.384498615668479,6.182591233531889,-0.7980926178631762,1.4043108182363149,0.13426812994161227,1.4974810609926972
918,5.9987025689788585,6.783641125686225,-0.7849385567074023,1.7284018063309539,0.15449804061515746,1.423821878759482
919,6.010793826435945,6.742980864735445,-0.7321870382995712,2.1395350892153253,0.18324006584153138,1.3308448534230566
920,6.344857372533413,7.114090107054446,-0.7692327345209833,1.7649324090822383,0.15898095051577985,1.4085071525779804
921,7.079250740703872,7.671097240622673,-0.5918464999188018,2.772721973796422,0.23483470975298432,1.1879967001768688
922,5.6858617668672355,6.682935585564147,-0.9970738186968902,2.0527914341774505,0.1379705238801279,1.483391125546395
923,6.378673163749925,7.035146021117422,-0.6564728573678167,2.328832230144105,0.20535234372604033,1.2664490941912994
924,6.108969001089479,6.664361267732092,-0.5553922666424569,2.125062027289154,0.2169368973070548,1.2347141781469826
925,5.934194772380595,6.759604237513182,-0.8254094651326795,1.6626871249752533,0.1446168696265868,1.4588119609340253
926,5.967003039655554,6.597246638167052,-0.6302435985114698,2.0389864104652737,0.19772649781952575,1.2880559207762008
927,5.835802148428018,6.416208599263102,-0.5804064508349711,2.5591444225829605,0.2295326869764761,1.2015635082469096
928,5.978859867228282,6.821425204864065,-0.8425653376357332,1.8069080703431197,0.149293182654681,1.4420325805972383
929,6.058894576947539,6.569293209520227,-0.5103986325727874,1.7838734226989175,0.20980806295626891,1.2540933891484654
930,5.799082539214412,6.5273880904536,-0.7283055512391456,2.359833367660027,0.19323160695092031,1.301078439361602
931,6.261174492997741,7.0399468823043865,-0.7787723893065959,1.7169168646503614,0.15490854369280652,1.422405581703253
932,5.840668395410619,6.772920170684587,-0.9322517752739259,0.7008893592260819,0.06877839778303337,1.819872670011471
933,6.12666151574628,6.911696845078994,-0.7850353293329135,1.7778010516429745,0.15702264275332564,1.4151564069497982
934,5.73832768713716,6.659443262663432,-0.9211155755263007,1.756169092517915,0.13516383815719668,1.494045075606582
935,6.193155818806888,6.884308912503565,-0.6911530936965846,2.495555553412487,0.20539875035846694,1.2663194105081614
936,6.244477112670454,7.141722403856955,-0.8972452911864366,1.9292654692737443,0.14678812116552645,1.450970333731613
937,5.942035652736665,6.700244355593634,-0.7582087028570186,2.641216926502853,0.1986370249856787,1.2854444263693101
938,5.719100488759311,6.454849919259823,-0.7357494305006185,1.7951851066043822,0.16623275188152947,1.3844106430637757
939,6.146092184523939,6.610512257034246,-0.4644200725101655,3.174515735683233,0.27437142002276427,1.0930509731561524
940,5.861386598370034,6.610705435281313,-0.7493188369112431,1.5779387200159682,0.15221211456099215,1.431761410770293
941,5.975855470408549,6.867286242866976,-0.8914307724585342,2.442262503336959,0.169058831456607,1.3752342554685948
942,6.020811480980017,6.683539051722073,-0.6627275707421632,1.9429168415599598,0.18687261116941023,1.3198874114794028
943,6.144608206535866,6.7905191451897995,-0.6459109386539694,1.8956261414248239,0.18773948666341292,1.3172958174267615
944,6.712939860912472,7.276406399632586,-0.5634665387201494,2.967384509098167,0.2470533433321247,1.1575362366224866
945,6.077349710741617,6.695147259229232,-0.6177975484874878,2.8085602455027505,0.23085302681050776,1.198164386662665
946,6.798035952688467,7.3926717472566725,-0.5946357945683758,2.3805824537713676,0.21969958733900016,1.2273273304258538
947,6.504032973199189,7.27236609237398,-0.7683331191747129,3.0746705909853134,0.21139921946597617,1.249727195075053
948,6.162871924174867,6.796942347432976,-0.634070423257981,1.8427495226983055,0.18733858126192476,1.3184932557296445
949,5.713837421159285,6.391209117475784,-0.6773716963164134,1.210820906959004,0.14101979748062193,1.4720039997645435
950,5.778643234766621,6.467494707649175,-0.6888514728827886,2.4592079395674773,0.20442431051563084,1.269046974798737
951,5.689405470853915,6.565417679745972,-0.876012208892007,3.10378921282501,0.194125855407346,1.2984700678480887
952,6.14292540890712,6.9036029126277985,-0.760677503720899,1.758382020977507,0.16007653845639236,1.404814189752371
953,5.7800726838581955,6.64705476219252,-0.8669820783343312,2.5185633530766225,0.17579868862472806,1.3538047162450817
954,5.940003252673039,6.6922705322564955,-0.7522672795835206,1.9931343482383816,0.1730599407369462,1.3624372310102593
955,6.293308077279578,6.9800501489413325,-0.6867420716616834,2.085136582132911,0.18907302581282218,1.3133262827609749
956,6.142586865245692,6.9910869134030325,-0.8485000481571205,3.03021458054706,0.19633438557279934,1.2920657215770244
957,5.848602492113303,6.621672270434816,-0.7730697783215419,1.703246463915228,0.15512787037392176,1.4216500398422105
958,6.6310401940993575,7.394099025753073,-0.7630588316537796,2.607239838968969,0.19654516943133138,1.291457251064232
959,5.808323469170334,6.509648055110761,-0.7013245859404833,1.5764167873072132,0.16034374130202828,1.4039164139606684
960,6.447878496338733,6.917910964746676,-0.4700324684081352,3.703644686400512,0.2868383194404516,1.0650831151011773
961,6.311294102398749,6.893117596326947,-0.581823493928141,2.9784150369838294,0.24364620134645792,1.1659214605422112
962,6.681349341733965,7.277814569294877,-0.5964652275608842,2.666664803551253,0.23018469285518306,1.199883232514983
963,6.273805401448287,6.947149588910586,-0.6733441874623622,1.6353489717119487,0.16873397553549313,1.3762831888576488
964,5.687603651014813,6.682036075891405,-0.9944324248765497,2.3904019296335086,0.15174912754953415,1.4333805015289898
965,6.201092441553117,6.914401435820993,-0.7133089942678907,2.285090959008162,0.19288767128293602,1.3020840022873597
966,6.136058632352631,6.773697316224636,-0.6376386838719554,2.6288423002003682,0.22062384203771163,1.2248709640176931
967,5.874701366229845,6.516656637932281,-0.6419552717022725,2.362203701895041,0.2095285608316291,1.254862826006308
968,6.557673168757917,7.392228429211025,-0.834555260453044,2.129034810143118,0.16540786490998227,1.387111175130526
969,6.135565116224386,6.820790864151315,-0.6852257479267791,2.124126216356707,0.19111584201850293,1.3072852787150622
970,6.554747441544139,7.319335866752995,-0.7645884252090127,2.131816830978984,0.17721422001063708,1.3493822472021582
971,5.861873088186728,6.775758549808289,-0.9138854616214758,1.294104126663214,0.11137555315039582,1.5920407299145525
972,6.163761536874761,7.025037303222307,-0.8612757663477169,2.560087996053415,0.17825152335073266,1.3461581349348137
973,5.949318512702819,6.675307337226238,-0.7259888245234833,2.7470610457699074,0.20817466508596463,1.258600503502562
974,5.9843485984011,6.6319261755664005,-0.6475775771652934,2.8997089378018934,0.2280649963026017,1.205358341144583
975,6.556902241659616,7.113818316852617,-0.5569160751927029,1.9499027636350164,0.20834637550362675,1.258125491770047
976,6.359737963857258,7.139866179813717,-0.780128215956438,2.496596102026288,0.18943788997083058,1.3122437933153335
977,5.738767379217068,6.6585061455198815,-0.9197387663027712,2.6728458537686954,0.1730640578435326,1.3624241775833663
978,5.79955727319363,6.591826136236742,-0.7922688630433186,2.4366937863036355,0.18504932458393852,1.3253673984864793
979,6.479102531234746,7.04656030611036,-0.5674577748757201,2.5958393357058647,0.23356582117225486,1.1912235897895496
980,6.566393858547842,7.299677741108242,-0.7332838825604995,2.981793349616595,0.21470861470883262,1.2407215928386912
981,5.646943590971221,6.497886939025351,-0.8509433480542157,2.274074715847153,0.16885652752273247,1.3758873006083132
982,6.0575107499587535,7.022821983228761,-0.9653112332698583,2.6207782810461424,0.1643493741427362,1.3905913721364034
983,5.948367992047695,6.667904251052102,-0.7195362590043715,2.1611625498845193,0.18646119720077414,1.3211204744436609
984,6.497338498350489,7.075758018561517,-0.5784195202111277,3.2151832672783307,0.25151458301953605,1.1466783462996266
985,6.0121108121613975,6.86345664584873,-0.8513458336874464,1.6609328603965068,0.14056415894601026,1.473693406450084
986,5.805281035179648,6.484895738121283,-0.6796147029415351,2.796220960972331,0.21846688627693656,1.230615016322561
987,6.167992762524834,7.06684369088538,-0.8988509283606163,1.9564812542908037,0.14778757844651125,1.4473905232673934
988,6.173241938238123,6.72432758120153,-0.5510856429634714,2.668580374257683,0.23961226259582386,1.1759564917751735
989,5.9044170520637795,6.766207906993516,-0.8617908549294953,1.2076249395171388,0.1128978163195274,1.5853016413255818
990,5.876939002883562,6.835152833634448,-0.9582138307509922,2.066354244875736,0.14396199344380647,1.4611947863074348
991,6.049017081592654,6.9452518863356065,-0.8962348047430169,2.4279514233146244,0.16776517466286994,1.3794203948056147
992,5.688565603649538,6.522484661492735,-0.8339190578431044,1.5150042252320368,0.13528991628167436,1.4935628470292441
993,6.4431665314196085,7.358901992743485,-0.9157354613237203,2.306953867989062,0.16007101736803092,1.4048327520191533
994,6.402547903504699,7.1486450295497495,-0.7460971260450151,1.7656288503113267,0.16292575910653168,1.3952987823827938
995,5.7830311865220825,6.653234565783842,-0.8702033792619659,2.186322914515724,0.1621765446765411,1.3977886467361693
996,6.16649157114354,6.76348068358484,-0.5969891124414062,1.98335073690021,0.2017040037575574,1.2767118288626105
997,6.114443106396054,6.848308268401732,-0.7338651620054861,2.0558589575458335,0.17918436878094196,1.3432705985562767
998,6.40171331780836,6.98734926070553,-0.58563594289717,2.454030472007716,0.2244491088142792,1.2147823643664355
999,6.176737562889018,6.924290691995106,-0.7475531291061088,1.7839589062231163,0.16362269636070897,1.392990391226813
