,logR,logI,logS,d_G,p,sigma
labels,$\ln\mathcal{R}$,$\log\mathcal{I}$,$\ln\mathcal{S}$,$d_\mathrm{G}$,$p$,$\sigma$
samples,,,,,,
0,4.235896144966209,4.408752018707678,-0.1728558737414687,1.7807574553159053,0.29957202830553775,1.037351595184338
1,4.060402245456928,4.2365952613767055,-0.17619301591977887,1.8692900659158482,0.30270490077927126,1.0306501684979124
2,4.095837074074518,4.228959763462146,-0.13312268938762983,1.8450965213346704,0.31545991719983046,1.0038313365805402
3,4.040504241404823,4.235155125296589,-0.194650883891768,1.748215642309292,0.2910766270782793,1.0557627356649202
4,4.258553036097976,4.38527135313045,-0.12671831703247705,1.8944292717793418,0.3197305269699847,0.995011796614181
5,4.1281793889021765,4.19022631610851,-0.06204692720633531,1.9060116255710984,0.3422233765421254,0.9497813256777472
6,4.155505474849975,4.330084669665632,-0.1745791948156601,1.7528202284580034,0.2976461327783234,1.04149443901606
7,4.130167097670594,4.239811160620353,-0.10964406294975859,2.0432493533239757,0.3313390996577113,0.9714201474912939
8,4.224616577913424,4.317881907336573,-0.09326532942314714,1.9962623083752744,0.33497776267843066,0.9641359666491139
9,4.046706858769611,4.207051033495168,-0.16034417472555873,1.6177089743129107,0.2952349701006102,1.0467064887948736
10,4.306507244961996,4.48261019434064,-0.17610294937864523,1.9195528501239263,0.30500225107142404,1.025765246817319
11,4.2226815321395295,4.360911903273965,-0.13823037113443704,1.978802956394155,0.31952240092110623,0.9954398176984637
12,4.129266459722342,4.318540653655311,-0.1892741939329703,1.907210510492349,0.3003675902227017,1.0356454281980587
13,4.087435092085443,4.237883567690518,-0.15044847560507435,1.7876731163055206,0.3071301984848972,1.0212622669194034
14,4.07181494813812,4.204835932806655,-0.13302098466853707,1.9282924019732492,0.31910667595174236,0.9962953222140528
15,4.261955706392492,4.361933113118131,-0.09997740672563893,1.994214167526768,0.3326554640698124,0.9687790047843712
16,4.205131513657627,4.347111158985778,-0.14197964532814566,1.8728769344363405,0.31379637018568984,1.0072880510902689
17,4.380764651933817,4.4934509658695925,-0.11268631393577522,2.0050829833233994,0.3288735955942967,0.9763852349198577
18,4.001820474245545,4.1653082549906975,-0.1634877807451538,1.9389605494348636,0.3098061584511297,1.0156288556615345
19,4.214288206345015,4.340486633192234,-0.1261984268472176,1.8681272877741675,0.31876450255400635,0.9970000152232741
20,4.087236749737408,4.221283017341212,-0.13404626760380722,2.003407613530169,0.3218657566497084,0.9906310779632984
21,4.123718692671994,4.275001410863564,-0.1512827181915668,1.95943198806948,0.3145438562824998,1.0057333494240246
22,4.259102907867974,4.4153723673417895,-0.15626945947381543,1.75050269351288,0.303437669894356,1.0290893933050471
23,4.26090983915114,4.333447029577701,-0.0725371904265586,2.1692882458568707,0.34804629613361726,0.9383855753728813
24,4.250023304874682,4.396761874156637,-0.14673856928195406,1.9606391253369315,0.31604308346892074,1.002622400754939
25,4.0093729182924465,4.199260851976338,-0.18988793368389167,1.7094616821715585,0.29057969244678056,1.0568507850577566
26,4.173745883541618,4.263042864929267,-0.08929698138765119,2.0234752152892996,0.33733551047800664,0.9594432208287386
27,4.080703515566587,4.255292725206252,-0.17458920963966307,1.7569265364360236,0.29784712480353037,1.0410612447167074
28,4.239613233561827,4.374368117471426,-0.13475488390960066,1.8349031291806188,0.3144639372304235,1.0058994575511873
29,4.056001100504941,4.1819933793444415,-0.12599227883949737,1.866876260638623,0.3187781177720921,0.996971965745074
30,4.0424840628724725,4.20498636278955,-0.16250229991707243,1.8206309909119938,0.30478773851762636,1.0262203345493328
31,4.221711096223975,4.383464137070745,-0.16175304084676512,1.7028125505559197,0.2992618647698576,1.0380175925414488
32,4.086853267718522,4.259153721184972,-0.17230045346645184,1.761798648940875,0.29881928034193816,1.0389687281189903
33,4.350081946103644,4.455855239235498,-0.10577329313185402,1.9915759259443586,0.33062704043288393,0.9728516452326554
34,4.418541017221654,4.491952417899454,-0.07341140067779861,2.161092911391491,0.34748440846694895,0.9394798977850092
35,4.257213778848336,4.379971395530377,-0.12275761668204055,1.842897756676904,0.31879868113554816,0.9969296034878695
36,4.26407753684476,4.380857409083148,-0.11677987223838215,2.049670900388506,0.3292559827524127,0.975613599346586
37,4.175296857923844,4.312234987360079,-0.13693812943623485,2.038612702031335,0.32233877067731076,0.9896631941295303
38,4.1619524793874065,4.298662950192246,-0.13671047080483945,1.7405700321423012,0.3094035014109057,1.0164744646147705
39,4.352474817037998,4.413465806247189,-0.060990989209191326,1.9590237335491931,0.34460774929423427,0.9451001489578604
40,4.320110112793029,4.419129537402358,-0.099019424609331,2.043337383711621,0.3348393342032065,0.9644121478981232
41,4.405925138739229,4.488393046575037,-0.08246790783580593,2.0711923101011376,0.34136505475374157,0.9514715486738184
42,4.2472222275477,4.401673849012714,-0.15445162146501445,1.917254489065475,0.3117281815337817,1.0116024342584264
43,4.137537709381552,4.227611572976156,-0.09007386359460412,1.8914605719054247,0.33191452967559787,0.9702647767986471
44,4.082844999831537,4.1798005233641815,-0.09695552353264247,1.8462206905790577,0.32766533277072935,0.978827270636132
45,4.284249280461663,4.365486485901518,-0.08123720543985513,1.9594054289123148,0.33763459293744924,0.9588494511367859
46,4.430868755231427,4.528034953290091,-0.09716619805865889,1.8021724118491962,0.32568057572273545,0.9828514089167237
47,4.183909360278208,4.411921331359385,-0.22801197108117321,1.7001651423368598,0.2783098528210608,1.0841239325863032
48,4.169154882702004,4.353711601961527,-0.18455671925951833,1.8361335871563922,0.29854044231981414,1.039568447590057
49,4.17246584884584,4.327030936340582,-0.15456508749474196,1.8649743238522989,0.3093752059376553,1.0165339144928527
50,4.320255771225239,4.4295504153436385,-0.10929464411839618,2.014129717816389,0.33033979834471383,0.9734296707969129
51,4.127865854537654,4.307119297489156,-0.17925344295150225,1.8991674031071843,0.3031081448640845,1.0297909608672675
52,4.144004208200518,4.3141040984040435,-0.17009989020352734,1.7359289124308637,0.2982365070587467,1.0402225718991756
53,4.108424166901593,4.191051787447905,-0.08262762054631168,2.023536154634061,0.3395802404825554,0.9549949703461957
54,4.291366407831906,4.468580092500747,-0.17721368466883902,1.7833233743671189,0.2983121754947596,1.0400596779705398
55,4.314088754169185,4.4182236998522955,-0.10413494568311066,1.76722000890304,0.3217067965004349,0.9909565514751951
56,4.255535385087396,4.412321906723062,-0.15678652163566653,2.0145341449373566,0.3150921522466786,1.004594488530233
57,4.200663568075719,4.421211836146669,-0.22054826807095296,1.809601598581283,0.28621079211195555,1.0664709759993587
58,3.974431859535817,4.149605287759775,-0.17517342822395676,1.6480317542523855,0.2920281220149686,1.0536828965790794
59,4.2065861078667774,4.35450259768488,-0.14791648981810113,1.8658408760289467,0.31155745176697786,1.011959429936404
60,4.269519139257054,4.431059647123964,-0.16154050786690988,1.9230912957969029,0.3097310478629221,1.0157865382300892
61,4.094158374192728,4.241274945320758,-0.14711657112803067,1.801692221792674,0.3088794134530333,1.01757617718635
62,4.185423602980909,4.358721694478137,-0.1732980914972302,1.8749230494494222,0.30387219678770766,1.0281650475756963
63,4.385787980606559,4.4849204298524326,-0.09913244924587872,2.1181903828448254,0.33752899603187864,0.9590590545108247
64,4.3876671315238065,4.565717554711084,-0.1780504231872797,1.5951098587690344,0.2881827887895212,1.0621165255533596
65,4.139558868628353,4.287492444219185,-0.14793357559083375,1.8313162342864784,0.3099866424503642,1.0152500618112004
66,4.223726395238331,4.323168040830873,-0.09944164559254176,1.937221610591516,0.33058970548441363,0.9729267570495954
67,4.368891702650342,4.471834248079404,-0.102942545429066,1.9207125924562067,0.3287435493450436,0.976647793377929
68,4.14487391923316,4.305977779995463,-0.161103860762303,1.731023899883553,0.3008991992934248,1.034507014441846
69,4.049250737853705,4.207912469590625,-0.15866173173692033,1.9734310790855867,0.31279764377229474,1.0093691169978505
70,4.177133983346967,4.2346943907827965,-0.057560407435829575,1.9340980109158767,0.3448748434088001,0.9445770595333559
71,4.536054539196113,4.661211243174969,-0.12515670397885614,1.8938359768528592,0.32021993383444536,0.9940060257882075
72,4.187976289219134,4.2946425583689924,-0.10666626914985855,1.8787830786174675,0.3257477600262951,0.9827149310606993
73,4.035523626971224,4.2145640435989025,-0.17904041662767867,1.7588040342710602,0.29652401479135737,1.043916518951705
74,4.174454069507598,4.300595093066167,-0.12614102355856716,1.9416566855480522,0.3219109621057814,0.9905385382141452
75,4.312427698685657,4.4054139851015455,-0.09298628641588991,1.973651027003358,0.3342008244153905,0.965687004145565
76,4.153261557960151,4.3589417317795975,-0.20568017381944514,1.7172669019460365,0.28605111515967924,1.0668244509953786
77,4.291741233918846,4.4230407524332245,-0.13129951851437838,1.849278558340484,0.31624789388843,1.0021981650075957
78,4.236805186144285,4.353977740601734,-0.11717255445745067,1.8159572523430931,0.31947080996094945,0.9955459451619598
79,4.172064263692985,4.302971008179685,-0.13090674448670114,1.9859823337590137,0.3221759985493406,0.9899961546679436
80,4.235933989395776,4.344080253344051,-0.10814626394827442,1.9227690529693424,0.3270830560097394,0.9800062044918721
81,3.8834832284795135,4.063706830056495,-0.18022360157698003,1.6522971945488312,0.29062958825643537,1.0567414805747304
82,4.358483911109471,4.55109636248631,-0.19261245137683858,1.8560612463429376,0.2969783172715766,1.0429351746872488
83,3.94111760471342,4.05221167490208,-0.1110940701886598,1.9688224242620045,0.3279670693493084,0.978216880414749
84,4.096276447166809,4.23539004015709,-0.13911359299028092,1.7532125707251751,0.3092141295288291,1.0168724106887865
85,4.196754226479894,4.395158646247098,-0.19840441976720413,1.6963526961618722,0.28721577113071484,1.0642493172299163
86,4.111828390766747,4.267469450204955,-0.15564105943821005,1.7176256755255341,0.302010582587616,1.0321313644975434
87,4.0228859715894325,4.240452742994518,-0.21756677140508884,1.4792220644599716,0.2686546783098215,1.1061659949545881
88,4.390493404214795,4.498548298568742,-0.10805489435394122,1.9160932878916483,0.32683893075307746,0.9805008895440359
89,4.204149204776717,4.361817364333221,-0.15766815955650415,1.6707354818835496,0.2989442566511399,1.0387000527106076
90,4.135360375228676,4.288803703228486,-0.1534433279998133,2.1022708534999097,0.31961732890664285,0.9952445711810854
91,4.239912936234814,4.400595880268862,-0.16068294403405403,1.8978942893878212,0.3088938306262953,1.0175458535754613
92,4.342887174268012,4.523973598705813,-0.18108642443780099,1.871705283504065,0.30128473202636386,1.0336822537229657
93,4.4296095586929,4.595351189390919,-0.16574163069801884,1.9127499343457526,0.30795005275251447,1.0195328777353234
94,4.105440315988383,4.247245902788635,-0.14180558680025257,1.8627073298047216,0.3134010906706622,1.0081111807700047
95,4.256512734639959,4.379069287267757,-0.12255655262779896,1.8923628562973356,0.32101615515083515,0.9923718715223948
96,4.294768486754557,4.428996368527815,-0.13422788177325629,1.9792773432501463,0.3208307023715568,0.992752255560213
97,4.332826190893074,4.417666072935263,-0.08483988204218917,1.9853911089980842,0.3374032232298141,0.9593087607936062
98,4.205294072733527,4.304323628741034,-0.09902955600750474,1.9409974893569002,0.3308797749621114,0.9723433289103988
99,3.894089021521851,4.077819756677985,-0.18373073515613214,1.6912620929089694,0.29158027460508834,1.0546612620633944
100,4.027826045928106,4.159111453621974,-0.13128540769386632,1.709074469627895,0.3096834913315806,1.015886388558581
101,4.121735172367456,4.236085251948183,-0.11435007958072418,1.7996761465889257,0.31969161894443315,0.9950917989582025
102,4.297844348698736,4.41357279979817,-0.1157284510994323,2.0339817343647804,0.3289976971379448,0.9761347413462689
103,4.050901046397887,4.219862885631181,-0.16896183923329744,1.8829368678737977,0.30560230796636156,1.0244933547767812
104,4.143109827970023,4.266099389122583,-0.12298956115256132,1.8187781642477692,0.3176442359599333,0.9993106333280339
105,4.242825583454253,4.352277094168113,-0.10945151071386405,2.0422164965370477,0.3313630086083598,0.9713721163552516
106,3.9276667536387118,4.065575652933862,-0.1379088992951516,1.9075940419951367,0.3166351257554521,1.001396561597592
107,4.1575344987553615,4.32620224139876,-0.16866774264339668,1.760080503490463,0.299898211370098,1.036651695981265
108,4.092617719125973,4.181610313881149,-0.08899259475517596,1.801177590901399,0.3284713813531932,0.9771975082771713
109,4.20707408045988,4.386049439011249,-0.17897535855136937,1.9573751936096153,0.3057699883296144,1.0241382324394257
110,4.412735608875345,4.5598689623084505,-0.14713335343310519,1.7418164346676317,0.3060069953567698,1.0236365066089754
111,4.227577612627571,4.428628279059475,-0.20105066643190384,1.7735637611795383,0.2903665785290234,1.0573177862417358
112,4.045067823177818,4.198399663842026,-0.15333184066420458,1.7985381223863826,0.3067061890418534,1.0221578659545707
113,4.195802995441043,4.327445636702152,-0.13164264126110936,1.903824165082927,0.31851645026977515,0.9975111791134534
114,4.415527039990914,4.486355737535823,-0.07082869754490773,2.002310344978291,0.34280936683783714,0.9486289397644537
115,3.99606124664371,4.14110046698038,-0.14503922033667038,1.923685302789889,0.31502110079409124,1.0047419954059553
116,4.114031667398266,4.265687436730027,-0.15165576933176084,1.8802107188653725,0.3109931113422709,1.0131403837025728
117,4.073290366471352,4.268691411233877,-0.1954010447625265,1.5870621235178852,0.2821488963582726,1.0755045496827957
118,4.238080549145885,4.405272323928544,-0.16719177478265834,1.8068704774416968,0.30263683866565094,1.0307952661148856
119,4.323849043409386,4.407489684449771,-0.08364064104038604,1.9250521052682137,0.3354710702204337,0.9631523569335987
120,4.25490072637258,4.411256009769052,-0.1563552833964721,2.055194283795692,0.3168671119465377,1.0009166382157
121,4.220664417271828,4.339293015440144,-0.11862859816831772,1.7765655476507183,0.31718580406433716,1.0002577168581674
122,4.355730969911751,4.482117943114784,-0.12638697320303294,1.9962417495103226,0.32405250208101727,0.986164284995526
123,4.1163225057316,4.195089012599186,-0.0787665068675878,1.9387923742277007,0.33768329920272755,0.9587527863857122
124,4.0721457918020265,4.371688929234481,-0.2995431374324582,1.6297777551668888,0.25352672478584415,1.1418251051252344
125,4.19329271838705,4.383187378004608,-0.1898946596175577,1.7573583588564494,0.2930271216905336,1.0515041123045814
126,4.185472931914345,4.279099930354126,-0.09362699843978106,1.9188149053990733,0.33181446057668457,0.9704656063593734
127,4.488555918946621,4.539240798825458,-0.05068487987883685,2.0162570395196653,0.3502727565120677,0.9340603630847683
128,4.179244889120334,4.227862275557729,-0.04861738643739244,2.0096006035228835,0.3507607223107384,0.9331147537288712
129,4.193028355071079,4.35467351730077,-0.16164516222968928,1.8283851909641422,0.30542511841303877,1.02486875663255
130,4.161328682088279,4.276482204868938,-0.11515352278065905,1.8810336657928781,0.3229942134982826,0.9883235539006783
131,4.293670574619722,4.382651487823179,-0.08898091320345713,1.8752650776764925,0.33162330630521625,0.9708493443970759
132,4.280985061367496,4.4119162147256015,-0.13093115335810523,2.0362438113151757,0.32416797076499626,0.9859289677261143
133,4.36748811773336,4.463970562733329,-0.09648244499997105,1.9606344993540903,0.3325158791284921,0.9690587464517856
134,4.2558986917626465,4.362531817401593,-0.10663312563894678,2.0492685283812566,0.33255311140448407,0.9689841219689188
135,4.214275505956942,4.3670188144718045,-0.15274330851486084,1.797442898756259,0.3068456445306623,1.0218632155457117
136,4.212377725836331,4.37157522278055,-0.1591974969442198,1.8900522898595806,0.309017710207502,1.0172853364568433
137,4.4233936861910985,4.536284800139122,-0.11289111394802731,2.05343439802075,0.33066398559516613,0.9727773230044212
138,4.156958294761776,4.227125197046244,-0.0701669022844662,1.9454429993972484,0.340906563505047,0.9523755327760685
139,4.318886536490358,4.478304643794533,-0.15941810730417671,1.8502498386875317,0.3071490911972097,1.021222380513954
140,4.070861572474173,4.226910035860272,-0.15604846338609946,1.8386856147481483,0.3077000218071115,1.0200599662084406
141,4.3310367344467915,4.43816283750611,-0.10712610305931847,1.9462567451074895,0.3283793910995686,0.9773833735902645
142,3.9695033934313573,4.129376626539911,-0.15987323310855572,1.6999470652211173,0.2997292426516802,1.0370141929924637
143,4.1973397041646985,4.391475447188747,-0.19413574302404868,1.8223746685312303,0.29490432134968864,1.047423449125122
144,4.523614290630371,4.638171605295741,-0.11455731466537245,1.9919022870502383,0.3277416556115917,0.9786728408648804
145,4.299036371970108,4.4317977856232185,-0.13276141365311034,1.7332793079033495,0.31037133244558984,1.0144431729156063
146,4.189263621790709,4.341341902423408,-0.15207828063269702,1.8482656559722317,0.3094186826053156,1.01644256982191
147,4.314681113291759,4.454029416123512,-0.1393483028317526,1.9700664477382674,0.3188035467288285,0.9969195802184634
148,4.199630225335825,4.311421075026222,-0.11179084969039721,1.9072004601050994,0.3252211746341749,0.9837851250075071
149,4.173291780367653,4.316199607801008,-0.14290782743335484,1.9317453993143046,0.31605159597012117,1.0026047647215048
150,4.250811012553794,4.370547280341387,-0.11973626778759794,1.912114200168336,0.32278583883893514,0.9887492523240528
151,4.307166830355624,4.425301767299405,-0.11813493694378607,1.9385636704891018,0.32441416565265047,0.985427421613182
152,4.416208044369761,4.503202977124084,-0.08699493275432246,1.8858608284931302,0.3327420799981623,0.9686054562321312
153,4.159668570669141,4.250252675925119,-0.09058410525597438,1.901367694160589,0.3321442274083491,0.9698039423238412
154,4.24706887571944,4.366597188095102,-0.11952831237565675,1.8804597825264437,0.3215112136564865,0.9913571546508023
155,4.1573787138630225,4.2615072100134475,-0.10412849615042319,1.8603340955988363,0.3258224786771678,0.9825631694646936
156,4.04078689511291,4.23877731344001,-0.19799041832710174,1.779309425396784,0.2916009587298928,1.0546160533794884
157,3.9999862609728156,4.089494891229227,-0.08950863025641098,1.9113478069574699,0.3329158074810605,0.9682574539715104
158,4.146499487193478,4.320116112988864,-0.17361662579538972,1.7311517371925929,0.2968668183787143,1.0431759317670104
159,4.304925007474265,4.498518860493308,-0.19359385301904553,1.7559994161236832,0.2918007895597192,1.0541793999589133
160,4.227105477869835,4.317356273527017,-0.0902507956571803,2.03094865524048,0.3372944458852312,0.9595247729534948
161,3.9016740016265503,4.066856190233858,-0.16518218860730727,1.7504316785934568,0.3005436205183267,1.0352683197014034
162,3.9949860257327403,4.1756534127757705,-0.1806673870430302,1.7926997111849454,0.2976770295505324,1.0414278350769353
163,4.1401352692723,4.255152782640503,-0.11501751336820121,1.7581929245590127,0.3175593426030095,0.9994859485582431
164,4.3516282242463875,4.465549970493979,-0.11392174624759122,1.9600492869006318,0.32668030714413376,0.9808224463321057
165,4.197326968041382,4.296996107186932,-0.0996691391455542,2.0497838264759927,0.3348648203397288,0.9643612945041435
166,4.331866028101385,4.39778367642078,-0.06591764831939528,2.199514024240958,0.35122936253556597,0.932207379421306
167,4.096390802083193,4.298592190923908,-0.20220138884071304,1.6931120455387498,0.28585801436912717,1.067252094096811
168,4.261713653755568,4.381371287369469,-0.11965763361390103,1.9887240668628774,0.3259441508915123,0.9823160885615007
169,4.0362608315048805,4.258869068469772,-0.2226082369648914,1.7377357464017464,0.28193514715421564,1.0759823566056177
170,4.335758834074579,4.463445063021244,-0.12768622894666848,1.9617046236180826,0.3222327760614928,0.9898800002626893
171,4.145781020436677,4.270856347678657,-0.12507532724198,1.8117585719746678,0.3166291911874889,1.001408841810604
172,4.142648874856897,4.233228231860411,-0.09057935700351294,1.9358848938513935,0.3335327675036938,0.9670225368166823
173,4.270649817990372,4.464221322195665,-0.1935715042052948,1.8401120056051052,0.2959278558631095,1.0452058162931999
174,4.003903880017398,4.161390768663822,-0.15748688864642446,1.7821023518707992,0.3045755993518163,1.0266705962634912
175,4.168115327107505,4.282533739841722,-0.1144184127342136,1.7360762860586414,0.3167236527083223,1.0012133935105798
176,4.211545976470011,4.341413307720354,-0.12986733125034178,1.8038139212518471,0.31466786805217134,1.0054756515066343
177,4.001269973678437,4.246666671037503,-0.24539669735906955,1.6608178675681176,0.270938303376254,1.1009043161355656
178,4.052905430392479,4.194883281182302,-0.1419778507898215,1.8186172532288678,0.31134734432727845,1.0123989413656438
179,4.120571126423941,4.317380280961662,-0.19680915453772485,1.8174619501033682,0.29384011862337983,1.0497346708224187
180,4.510722706260503,4.619705010435303,-0.10898230417480193,2.2996844383987365,0.3405089203548153,0.9531601764082919
181,4.203823221070967,4.281634811513871,-0.07781159044290575,1.915355659422894,0.3370934704667256,0.9599239916597729
182,4.280573135116183,4.411585520559028,-0.131012385442844,2.061324403074039,0.3251153909726639,0.9840002479825193
183,4.031134500139182,4.128725263853844,-0.0975907637146598,1.7685261164674602,0.32402948490499855,0.9862111989517146
184,3.9644625603493617,4.129189453817907,-0.16472689346854352,1.7466585311957825,0.30050372066237097,1.0353537839850393
185,4.424733075334257,4.521959217821036,-0.09722614248678241,2.0100855879972634,0.33418106378538454,0.9657264834929783
186,4.067304418042064,4.204676420356326,-0.13737200231426172,2.0286939677501565,0.32180859544071305,0.9907481043912949
187,4.149760730493633,4.273271999176623,-0.12351126868298579,1.9669141783607795,0.3238072941331002,0.9866641832022262
188,4.06984360985208,4.216693635996783,-0.14685002614470477,1.8324242427285018,0.31038990023853796,1.014404243599255
189,4.37430057668193,4.493611011613237,-0.11931043493130389,1.990682809766672,0.326135614143381,0.9819274037317396
190,4.145161496678022,4.26970777747304,-0.12454628079502328,1.6402002037026167,0.3085007672617969,1.0183729182030254
191,4.297965586762204,4.418358639917867,-0.12039305315566295,1.9374840562326199,0.3236251857024639,0.9870356018995269
192,4.1544674252116325,4.284159956271211,-0.1296925310595789,1.9146367690402464,0.31961558713692034,0.9952481532863547
193,4.039043780138827,4.154009741655806,-0.11496596151697958,1.818561442468675,0.3203315035796534,0.9937768816164505
194,4.395161241426668,4.475717203273839,-0.08055596184717118,1.8537273402095522,0.33364682507375093,0.9667943988263166
195,4.077683189840568,4.187141748733612,-0.10945855889304212,1.9603964423932485,0.3281719889193049,0.977802551385081
196,4.231904801902009,4.328927317447655,-0.09702251554564612,1.877128501933882,0.3289478480424557,0.9762353522186354
197,4.222993342543131,4.379828703666768,-0.15683536112363683,1.872104136598848,0.30896841471652636,1.017388995950016
198,4.131347041931247,4.261040628053007,-0.12969358612176052,1.8567236884540081,0.31710825185815744,1.0004180222375019
199,4.130904623455142,4.2047009413400565,-0.07379631788491281,1.9766676660273106,0.3408387209919534,0.9525093605487848
200,4.198903351525797,4.3200408516767785,-0.1211375001509829,1.8885639827990301,0.32132391563869006,0.9917409375916398
201,4.19141744738494,4.30075911051613,-0.10934166313118965,1.7335236179967293,0.3183467928849958,0.9978609439773067
202,4.511472690981084,4.633317613450131,-0.1218449224690481,2.130350379587125,0.33062904406332666,0.9728476144107165
203,4.238677082260069,4.350243034231064,-0.11156595197099506,1.9087439452713273,0.3253605911321523,0.9835016753979318
204,4.339376063298595,4.487640490391628,-0.14826442709302867,1.8917098186871142,0.31259353779088506,1.0097949548613856
205,4.167290781741042,4.312617485986759,-0.14532670424571492,1.884303429354369,0.31321568317310744,1.008497508584921
206,4.190465574595536,4.4131808008306335,-0.22271522623509554,1.6921033976418762,0.27948342424968575,1.0814805133829346
207,4.25685008424555,4.3455645870348585,-0.08871450278931192,1.9307141495457119,0.3339618055912064,0.9661646358817992
208,3.9478158073935967,4.172079463745592,-0.22426365635199375,1.6193795507379978,0.2749834871834319,1.0916579209199488
209,4.327771871124619,4.476222194093803,-0.14845032296918248,1.8399287468051035,0.3102129632334903,1.01477527300003
210,4.2329284335314314,4.337500161134508,-0.10457172760307643,1.941379537221807,0.32903574714104616,0.9760579513359946
211,4.374784596476851,4.5132494862618495,-0.1384648897849985,1.9200505327746953,0.31698858410951103,1.0006654335955818
212,4.27064537724288,4.45865915033952,-0.18801377309664247,1.7917893269949587,0.29532457294298053,1.0465122916210774
213,4.305345619074704,4.533684390035133,-0.22833877096042698,1.657751160641097,0.27589567378631624,1.0895857255758175
214,4.190395053427271,4.330290784165769,-0.13989573073849826,1.9828618906589446,0.3191541642316137,0.9961975610131145
215,4.278310012548343,4.436457530917758,-0.15814751836941454,1.7041964395715494,0.300510567074328,1.0353391186404006
216,4.247401112494392,4.389959678239475,-0.14255856574508385,1.8385021768268333,0.3120663122833599,1.0108957836278947
217,4.1810700863865735,4.3560164277844775,-0.17494634139790222,1.8156176315540309,0.30058760296705767,1.0351741193886974
218,4.2200582110894524,4.418446038825507,-0.198387827736056,1.8645806387640214,0.29560102060593746,1.0459133922880843
219,4.1949199079667645,4.297340151105037,-0.10242024313827613,1.9145860661698402,0.3286687343911877,0.9767988724521488
220,4.2843997307859505,4.363178574018774,-0.07877884323282558,2.016785040277454,0.3406327808965572,0.9529157074645018
221,4.13434714443211,4.2803578518017735,-0.14601070736966193,1.8205720814913633,0.31011842845858406,1.0149735656860321
222,4.121898681763143,4.30292115422914,-0.1810224724659939,1.7987468614712316,0.29785866402505046,1.041036380381214
223,3.8815487419821837,4.0544267112517,-0.17287796926951415,1.8069845537566924,0.3008311984839448,1.0346525599239913
224,4.336486739471167,4.411949109534864,-0.07546237006369694,1.8607036019691225,0.3357120736651182,0.9626721569799183
225,4.317305247918665,4.417097470392528,-0.09979222247386588,1.9845053413325844,0.33234085115263756,0.9694096265730537
226,4.097547645859039,4.245331643320081,-0.14778399746104753,1.8044070038302822,0.30878849342907566,1.017767430646593
227,4.076252266448042,4.214291314796257,-0.13803904834821878,1.7632092952011407,0.3100501000775143,1.0151169136497988
228,4.158320137472523,4.3447356869375175,-0.18641554946498928,1.7260635028691196,0.2925338969517053,1.052579194176344
229,4.265501951648049,4.414873047514477,-0.14937109586642805,1.6660496669276181,0.30144557249041404,1.0333383794494009
230,4.464211783222134,4.628498069035797,-0.16428628581366667,1.8248112880403804,0.30441266315039306,1.0270165669134588
231,4.375217085655362,4.537820911328194,-0.16260382567283216,1.9026914267831883,0.3084970950376105,1.018380648401305
232,4.100085929830358,4.26701831774728,-0.1669323879169191,1.985659957038691,0.31071964775788047,1.0137131493977793
233,4.218192022320378,4.358466055672044,-0.1402740333516661,1.8215199681670313,0.31203964423305175,1.0109514981530499
234,4.405975634587048,4.50845226296303,-0.1024766283759817,1.9252594485684345,0.3290854615454323,0.9759576296709561
235,4.218877337417372,4.360195367178108,-0.14131802976073615,1.7736795263116703,0.3094628647364956,1.016349751656757
236,4.381777666998379,4.505744657181276,-0.12396699018289326,1.9581691069436822,0.3233019553424269,0.9876951809433759
237,4.100007093585934,4.207596410980334,-0.10758931739439959,1.8045422051075697,0.3222089984039669,0.9899286425380297
238,4.217952877029885,4.339888900949751,-0.12193602391986502,1.882180935297657,0.32078541756849516,0.9928451614918451
239,4.1139312579399006,4.283155649911424,-0.16922439197152173,1.7984878643781466,0.3015872976758993,1.0330354745677033
240,4.267532993049923,4.412322232166638,-0.14478923911671515,1.7491528614874818,0.30713817558895296,1.0212454254121848
241,4.333372392805839,4.453681263381303,-0.1203088705754638,2.0035338593433005,0.32631865599322235,0.9815559536338848
242,4.372289654763141,4.522261967490359,-0.14997231272721834,1.8762749601872528,0.31135976372490193,1.0123729565180766
243,4.232008153448263,4.38250062026039,-0.1504924668121248,1.8021833853185454,0.30780122161017276,1.0198465934853949
244,4.2672122817138325,4.347343935566724,-0.08013165385288801,1.7733294079275312,0.3303603928669462,0.9733882170212059
245,4.214476484167148,4.395753888523209,-0.181277404356063,2.048528821786433,0.3089067479438634,1.0175186854026597
246,4.096123768423362,4.263631927682165,-0.16750815925880502,1.718381536205599,0.2981861236722783,1.0403310491803603
247,4.360861442696021,4.451483963983324,-0.09062252128730108,2.151163760000502,0.3414669217373725,0.9512708082213122
248,4.07831756289037,4.2128430654602615,-0.1345255025698897,1.929072296949073,0.31865021959211887,0.9972354869270105
249,4.186162055176479,4.314892342555178,-0.12873028737869774,1.7595878858968934,0.31298566523723265,1.0089769990764021
250,4.2270706828901625,4.3410691549287685,-0.11399847203860602,1.8164326184850728,0.32056335885838994,0.9933008594245153
251,4.080928909219886,4.152429059061832,-0.07150014984194542,2.0559406026840508,0.3445170222427605,0.9452778918464193
252,4.098018550161567,4.27775228489777,-0.17973373473620669,1.7949624687382322,0.2980815660198437,1.0405562047176249
253,4.188574393678441,4.3403748285133945,-0.15180043483494998,1.852783340995745,0.30971375745349505,1.0158228402329643
254,4.098963444277584,4.2215928038700214,-0.12262935959243748,1.8195703035968256,0.31780046417697666,0.9989880830772035
255,4.16761227945332,4.279557443620084,-0.11194516416676592,1.8680404063347007,0.3235133740454429,0.9872637145067973
256,4.158722135411581,4.3005211757820705,-0.1417990403704934,1.7492854584591608,0.30813370351894953,1.0191459052103888
257,3.9806638977385562,4.127056609569091,-0.14639271183053637,1.9222062850489703,0.314522361170436,1.0057780233118696
258,4.3832624057391785,4.571476686371299,-0.18821428063212053,1.845142286219355,0.29782671436889446,1.0411052260269276
259,4.0538787056852685,4.186659950001771,-0.1327812443165044,1.9188933957895387,0.31878707387503,0.9969535152002836
260,4.252219423204413,4.3850664158724415,-0.13284699266803202,1.8120720278501583,0.314056663396986,1.0067463892343487
261,3.91350430671124,4.077906299620689,-0.1644019929094469,1.8715800550448067,0.30653183381918014,1.0225263796175337
262,4.0273505068404996,4.174364220122352,-0.14701371328185076,1.851429619643854,0.31120151617899855,1.012704105723081
263,4.01637629483642,4.181003011525353,-0.16462671668893236,1.8162080158530927,0.30389934102675625,1.0281073342439109
264,3.750822702906082,3.908871656933427,-0.1580489540273433,1.6482402361606852,0.2976350154641041,1.0415184056569164
265,4.31744312205887,4.455147857990567,-0.13770473593170252,1.9352094282214098,0.31787826557490734,0.9988274923380017
266,4.056585771954478,4.196605769051071,-0.1400199970965872,1.794448332599261,0.3108700555757736,1.0133980811622794
267,4.3061714048029325,4.413523855993648,-0.1073524511907138,1.7129169071858632,0.3180546847307368,0.9984634389720999
268,4.2027815083493545,4.337398885158243,-0.13461737680888675,1.8375895693787028,0.31463037476223776,1.0055535559619238
269,4.048147707383692,4.236291667543566,-0.18814396015987356,1.5964114165564949,0.28499958425783956,1.069155549797603
270,4.216595911662371,4.330935951079989,-0.11434003941761972,1.901078085684217,0.32411442394621026,0.9860380856861062
271,4.033923651502321,4.125287117895808,-0.09136346639348147,1.7823924346802666,0.32681769069066735,0.9805439408510461
272,4.269216008301854,4.355511997941538,-0.08629598963968377,2.145969763122563,0.3427102579992752,0.9488237548480712
273,4.2182880688182545,4.3419633525737735,-0.12367528375551728,1.7469271174004515,0.31408824927107115,1.0066806801345554
274,4.212366434921738,4.326531600721423,-0.11416516579968672,1.8463038241404162,0.32182619889799735,0.9907120632996705
275,4.048115687560171,4.1738911869095014,-0.1257754993493272,1.6925308359647477,0.3107317896814449,1.013687711251857
276,4.222030513716001,4.34820202328208,-0.1261715095660847,1.9008102920172334,0.3201834427680419,0.9940809831971621
277,4.270737262913166,4.401635843966841,-0.1308985810536747,1.9002106090746151,0.31860516918409615,0.9973283252013576
278,4.199368303764026,4.308249906689762,-0.10888160292573801,1.8111322529740672,0.3220625859102834,0.9902282121854413
279,4.383052569154203,4.496583004606804,-0.11353043545260277,1.9309135042577728,0.32562381967087023,0.9829667171413607
280,4.057769145563086,4.263921892264178,-0.2061527467010933,1.7518407264209985,0.2876926650693956,1.063196906345859
281,4.212980714245075,4.368735536738639,-0.15575482249356298,1.9298291967596573,0.3118584655814083,1.0113300972217858
282,4.183827405798252,4.325756113198479,-0.14192870740022911,1.7491140380961578,0.30808244349902514,1.0192539003997514
283,4.290225256471328,4.458892130767459,-0.16866687429613236,1.7868995576494004,0.30120745877380745,1.0338475061458423
284,4.340047423907131,4.510955267227666,-0.17090784332053488,1.7546823778314211,0.29891290139119164,1.0387674535378868
285,4.427683909054275,4.503801914947988,-0.07611800589371498,2.113418231406121,0.3449702146843484,0.9443903426416003
286,3.9717568290299186,4.08965232668726,-0.11789549765734364,1.686105458906546,0.3131096741862952,1.0087184638497209
287,3.9802303340790255,4.116014802153141,-0.13578446807412092,1.8092189423049785,0.31295344554565463,1.0090441820834284
288,4.286721533567655,4.383138207817098,-0.096416674249447,1.9393341829864204,0.3316937147648008,0.970707984318937
289,4.405305315654517,4.525702191748532,-0.12039687609401284,1.9640468580073707,0.3247105512801877,0.9848239559959615
290,4.205913741716565,4.373963910822508,-0.16805016910594262,1.8061050864013177,0.3023262516223189,1.0314576640195716
291,4.202044211853612,4.39372347289794,-0.1916792610443281,1.7636083756451058,0.2927818412238394,1.052038598103399
292,4.07356120406681,4.2805873277586945,-0.207026123691886,1.7144296778544064,0.2854859145993595,1.068076701170268
293,4.105048981407703,4.197187778250114,-0.09213879684241633,2.0290729189392103,0.3365937472075069,0.9609173085448416
294,3.9410362713843066,4.095541895262435,-0.15450562387812994,1.7676026320568257,0.30484551966363327,1.026097731111795
295,4.135121540964101,4.234933386235173,-0.0998118452710699,1.9016950251307403,0.32901964506895653,0.9760904467749157
296,4.194744793446309,4.328971266503356,-0.1342264730570477,1.7288483906924776,0.30966441151254126,1.0159264516485784
297,4.243985306236742,4.373239726382967,-0.1292544201462249,1.8482254976674861,0.3168769333691657,1.0008963251516663
298,4.085187987016529,4.233179868351061,-0.14799188133453,1.8784560106491934,0.31209562226267984,1.0108345532402652
299,4.251344508356298,4.336953003899919,-0.08560849554362093,2.067850255113018,0.3401953640892972,0.9537793108552858
300,4.294808337731603,4.409098329896342,-0.11428999216473912,2.025172933995587,0.32912792065134067,0.9758719566821143
301,4.14586006879613,4.310315975538514,-0.16445590674238275,1.8714922753996293,0.3065107284544735,1.0225709969106649
302,4.140174490234274,4.335174406033155,-0.19499991579888487,1.793007330466672,0.2932067251735967,1.0511129323462232
303,4.026015858083043,4.188299627856394,-0.16228376977335301,2.063554511272296,0.31535526117864815,1.0040484495882218
304,4.1253341163235975,4.309377596684285,-0.1840434803606925,1.7535245156435169,0.29467616481425996,1.0479184851471113
305,4.002211718915288,4.109971029233434,-0.10775931031814423,1.8857676183185337,0.32567423906499327,0.9828642821161239
306,4.330425571993133,4.459828694980655,-0.12940312298752232,1.8641903402118292,0.3175330909557548,0.9995401676595469
307,3.8652828068766256,3.9839055675969837,-0.11862276072035982,1.9380317693827118,0.3242313025585043,0.9857999250494952
308,4.481193141856104,4.6144354279616655,-0.13324228610555977,1.830764345106636,0.31477612619586093,1.0052507443843903
309,4.026592835807894,4.173340691305612,-0.14674785549772196,1.8976384211888133,0.3133424193279082,1.008233416140635
310,4.049966708970175,4.269226893749482,-0.21926018477930498,1.7485263574147458,0.28351121736464197,1.0724650199204235
311,4.303862520861647,4.4444302494048875,-0.14056772854324606,1.9704121455097146,0.3184261189608413,0.9976973905211571
312,4.355725174031083,4.429826978540141,-0.07410180450905557,2.0986000546836827,0.34513426930582614,0.9440692352146872
313,4.1805760078443095,4.258939019324301,-0.07836301147998626,1.9968555076277665,0.3400345924691114,0.9540969052752446
314,4.164091917110093,4.346579737564585,-0.1824878204544902,1.6693682599253492,0.29081877400758893,1.0563271545858723
315,4.27226049155927,4.379818407877051,-0.10755791631778067,1.9969068539896613,0.3302443112871805,0.9736218942075064
316,4.270160813884204,4.385251958802029,-0.11509114491783023,1.9237942226907059,0.324812052808782,0.9846173729265649
317,4.119636612344984,4.261850680155727,-0.14221406781074108,1.7680511263324439,0.3088987814877847,1.017535440654485
318,4.291232914397342,4.367368698483806,-0.07613578408646404,1.831937607648352,0.33428498137455703,0.9655188855774521
319,4.23930040265503,4.423533785223358,-0.18423338256832267,1.7616837401036047,0.29502437891238703,1.0471630607543583
320,4.179650487423793,4.361418423494821,-0.18176793607103292,1.9871142160218929,0.306188565897232,1.0232523098511217
321,4.013043570952424,4.180327552503743,-0.1672839815513214,1.9255422680203251,0.30802715353951565,1.0193703992390704
322,4.174425829186064,4.338311714201956,-0.1638858850158904,1.8391801833726138,0.3052103599422131,1.025323947410291
323,4.130172074425993,4.259993422877959,-0.12982134845196924,1.869266684400971,0.3176178254015606,0.999365171090041
324,4.188649965792085,4.352363362205932,-0.16371339641384708,1.7951874870782847,0.3031937768601525,1.0296085993327138
325,4.226486910161257,4.398692282886867,-0.17220537272561032,1.7044381886430156,0.295957279684695,1.0451421414040536
326,4.013031352061142,4.1475473297883765,-0.1345159777272329,1.7186262607253262,0.3090667891183674,1.017182143250387
327,4.3808019230241735,4.6074367530731655,-0.22663483004899732,1.6227041938936582,0.2744473553567328,1.092878030657265
328,4.200450487432708,4.315185803641653,-0.11473531620894306,1.9100339289777546,0.3243580335450977,0.985541751642942
329,4.142853180858524,4.223263277638275,-0.08041009677975097,1.94895455618123,0.33751392261700436,0.9590889777504842
330,4.210574257179013,4.368816144121703,-0.15824188694269026,1.8428486222429692,0.30718646834209323,1.0211434744519343
331,4.162129482913579,4.314930365536509,-0.15280088262293035,1.7686971983928501,0.30545425447211216,1.024807017729564
332,4.07344805764451,4.199049717584201,-0.12560165993969008,1.7935115115768943,0.31561899025531437,1.0035014238986308
333,4.243354629986791,4.3622660215809494,-0.11891139159416042,1.8748778631778267,0.3214766318838814,0.991428003428603
334,4.21838564030485,4.2848868599718175,-0.06650121966696787,1.8786860481984524,0.33958231153156404,0.954990874995555
335,4.275008513238871,4.4488032521641,-0.17379473892522768,1.8801053230293072,0.303952192009421,1.027994973767098
336,4.340872622895856,4.442000229173012,-0.10112760627715645,2.0387878856407537,0.3339719460478684,0.9661443677123874
337,4.247167976504142,4.390687958738616,-0.14351998223447282,1.7779564915782728,0.3089398622794053,1.0174490415562996
338,4.164222433567109,4.263223257268597,-0.09900082370148766,1.7529097188745126,0.32282773890331934,0.9886636383144188
339,3.911174351161166,4.065867131356296,-0.1546927801951341,1.7650556832837543,0.304661213738664,1.0264888561607877
340,4.321849751983877,4.447901267815383,-0.12605151583150587,2.0788801171814297,0.3273734542066695,0.9794180660525348
341,4.408054878263909,4.551937469938928,-0.1438825916750197,2.0162785809786206,0.31923856503888276,0.9960238337563198
342,4.331570143369899,4.42671116995396,-0.09514102658405932,2.0842986111623016,0.3376250609493098,0.9588683698182794
343,4.209325451786481,4.443380938181643,-0.23405548639516027,1.535707825940535,0.26706136074789755,1.1098553564686886
344,4.19669643389921,4.3680273140372465,-0.17133088013803643,1.8943674820508187,0.30537129711310174,1.0249828134911252
345,4.4203469064057055,4.5349091828051415,-0.11456227639943606,1.9524487454205444,0.32616132843574586,0.9818752130795074
346,4.180501364915981,4.380600478718466,-0.20009911380248724,1.8189008745571984,0.29289530771529987,1.0517913081742212
347,4.206634690731939,4.284559513999064,-0.07792482326712147,1.9462433001803081,0.33826147127530387,0.957606002410027
348,4.0766394868425,4.1566003604318285,-0.07996087358932868,1.8754636263709594,0.3347478280277377,0.9645947539787101
349,4.227693319867101,4.364970373529089,-0.13727705366198606,1.8096445130022243,0.3124801358209721,1.010031630962564
350,4.252552926863346,4.439847277525396,-0.18729435066205014,1.797244044559151,0.2958162414985209,1.0454473949123444
351,4.192954466751197,4.354211146358126,-0.16125667960692525,1.7813755733852465,0.30332158045385615,1.0293364930118587
352,3.8784750475144607,4.019416352276248,-0.1409413047617889,1.8116395430018697,0.3113657418722245,1.0123604488083708
353,4.112232159447424,4.250565404256215,-0.13833324480879128,1.8406846861357868,0.313548244188353,1.007804668642766
354,4.249540339159734,4.41178991503052,-0.16224957587078848,1.7450581719085765,0.30122586223122516,1.0338081469401972
355,4.1947962413094375,4.379329965924128,-0.1845337246146883,1.6887846665515385,0.2911943997782002,1.0555050528815397
356,4.106754682141873,4.2332429645985075,-0.12648828245663424,1.8927085240627575,0.3197325174592909,0.9950077039586019
357,4.072159704168102,4.200779130663743,-0.1286194264956393,1.849687493969455,0.31715197295927705,1.000327644759035
358,4.192232061867824,4.3599991905682876,-0.1677671287004614,1.7408720791709058,0.29923493024443365,1.0380754493175535
359,4.072199155348884,4.173798493233947,-0.10159933788505882,1.9494721513348763,0.33035575710651854,0.9733975479863254
360,4.193145184904123,4.279923203271292,-0.0867780183671698,2.014936544820938,0.3378625637645003,0.9583970866197734
361,4.152424764119766,4.3443462843286715,-0.19192152020890418,1.7563852199506407,0.29234314373437015,1.0529953053151877
362,4.132332920467996,4.250498415620176,-0.11816549515218,1.7471575384958742,0.3159688010138622,1.002776310927795
363,4.253193009468643,4.443079332264879,-0.18988632279623374,1.8147443578959965,0.2958559805598485,1.0453613765203353
364,4.460103479064732,4.603120775912012,-0.14301729684728315,1.9587837145215126,0.31715668139666275,1.0003179122641885
365,4.467246232603828,4.5431658755952915,-0.07591964299146525,1.9824390650235015,0.34032822505078786,0.9535169248037747
366,4.166363925092164,4.34280661600481,-0.1764426909126442,1.858498112521949,0.30212895769503056,1.031878673600476
367,4.054561126719514,4.234564524574586,-0.1800033978550708,1.817803327422312,0.2990962078212894,1.0383734874252422
368,4.130331061378905,4.286377397705032,-0.15604633632612774,1.8381116135621731,0.3076742781920962,1.0201142522343254
369,4.311224077145007,4.487702569679873,-0.1764784925348657,1.7766826313938244,0.29822052048028613,1.0402569902638146
370,4.098932957392244,4.299407190321523,-0.20047423292928102,1.6930242074190227,0.28639229316669407,1.066069350987316
371,4.0868488208765585,4.221287201291369,-0.13443838041481015,1.9016594666674074,0.3175098636979863,0.9995881427580766
372,4.29813639467377,4.397161670535023,-0.09902527586125132,2.1378748049904432,0.3382592617580264,0.9576103825126013
373,4.237467417342239,4.4473271418811455,-0.2098597245389051,1.5648794603941845,0.27629392883198767,1.0886824835754343
374,4.285180379238946,4.37414991085712,-0.08896953161816867,2.0312879481696937,0.3377357478102459,0.958648704422345
375,4.370100934686975,4.438094855347033,-0.06799392066005794,2.1870538411739835,0.3501376174776569,0.9343223913159666
376,4.242277065229417,4.348012116395096,-0.10573505116568072,2.0532000856144483,0.3329952835059922,0.968098290634471
377,4.188778185023325,4.374961374275743,-0.18618318925241795,1.6944328912109388,0.29096687584431224,1.0560029308650136
378,4.264265179746638,4.375582452466424,-0.11131727271978775,1.9164410307605335,0.3257632198867132,0.9826835285686204
379,4.321785302354184,4.46251817781429,-0.1407328754601025,1.8856422726586484,0.3147641017597259,1.0052757227321718
380,4.1088427448732725,4.227065452591302,-0.11822270771802934,1.9266267406858972,0.3238920882129953,0.9864912881294521
381,4.167863772816781,4.3228276433202,-0.15496387050342264,1.7476076406540928,0.3037214971513664,1.0284855232874812
382,3.9835128607491805,4.187722025881073,-0.20420916513188914,1.6973332676220085,0.2854571261642339,1.0681405292431838
383,4.130501223633254,4.244772576655463,-0.11427135302220748,2.009523327568653,0.32852688813127734,0.9770853737605952
384,4.122821064479745,4.222975153535924,-0.10015408905618273,1.909746737685988,0.32923479084250323,0.9756563482119773
385,4.089904072586578,4.222021678244912,-0.13211760565833686,1.868883792799025,0.31684510345561834,1.0009621585676725
386,4.346314181919738,4.464143707355768,-0.11782952543602931,2.0464365829632305,0.32879169383356804,0.9765505836287005
387,4.306069540966562,4.473530176580028,-0.16746063561346602,1.780699567594671,0.30129350025269863,1.0336635042488171
388,4.120966860140329,4.195522696117629,-0.07455583597730353,1.9376577431409725,0.3390896814376036,0.9559654672663632
389,4.295298137731785,4.451251379347881,-0.15595324161609625,1.984382608112691,0.31411006412475684,1.0066353005371853
390,4.3988654102684075,4.588773715351846,-0.18990830508343493,1.746769924620784,0.2924886094904109,1.0526779682362917
391,4.297123055146479,4.449194866256655,-0.15207181111017576,1.9039081870295353,0.3119060630135959,1.0112306214465687
392,4.313907482268662,4.415239371794592,-0.10133188952593031,1.9777186979131187,0.33156221136248115,0.9709720213157531
393,4.228750403984557,4.345853368328016,-0.11710296434345935,1.8456271940185491,0.32080989036662205,0.9927949522351762
394,4.109239333075068,4.233350222757919,-0.12411088968285,1.8233340341208129,0.31747436838460497,0.9996614615462938
395,4.009687876657126,4.158992457897056,-0.14930458123992807,1.7201698901289841,0.3042215893418866,1.0274224402337386
396,4.122637048908499,4.3262108591193575,-0.20357381021085885,1.6779268429170866,0.2846183051542637,1.0700022295367908
397,4.205355693129836,4.370146396368198,-0.1647907032383671,1.7221534357721602,0.2992567347706472,1.0380286117814748
398,4.493370722208167,4.590460972596113,-0.0970902503879465,1.738234689943516,0.32281649209298396,0.9886866181052447
399,4.3116079593038,4.470557293959506,-0.1589493346557056,1.9482948778969362,0.3116399771816576,1.0117868533214356
400,4.301571800502928,4.493820487787253,-0.19224868728432654,1.853316600733974,0.2969616070078986,1.042971252936786
401,4.315294873071982,4.498677921628,-0.1833830485560206,1.7264694527917,0.29351488953891636,1.050442118716039
402,4.217439086168807,4.3908494497834925,-0.1734103636146891,1.93945902259233,0.3067181598036677,1.022132569887369
403,4.1598430090810234,4.311083881854269,-0.1512408727732435,2.0325262681997316,0.3175643533219146,0.9994755999539415
404,3.899795131943592,4.037220502515143,-0.13742537057155246,1.8689957254838365,0.3151097148231937,1.0045580309868964
405,4.203279133073271,4.386454362088419,-0.1831752290151485,1.7939237650519253,0.2969467357074493,1.0430033619194767
406,4.179797964384371,4.2848109150995795,-0.10501295071520644,1.9859785815272133,0.33066048906387097,0.9727843567126455
407,4.36984848397928,4.536119018351488,-0.1662705343722095,1.9485763371814366,0.3093467786666764,1.0165936449011177
408,4.3638877810499865,4.5150182361042726,-0.15113045505428602,1.853126184625527,0.3099456242433056,1.0153361366756177
409,4.342119412208832,4.481575471806932,-0.1394560595980998,2.0246573406561685,0.3209832340395185,0.9924393858578144
410,4.249315874726311,4.467144271494258,-0.21782839676794907,1.7387866440126514,0.28344229740967364,1.072618552079754
411,4.355089449819244,4.464340280477248,-0.10925083065800223,1.7785592976995925,0.32046844907227023,0.9934956915397388
412,4.040632984714063,4.192694046518942,-0.15206106180487922,1.6364195738536402,0.2989914385317455,1.0385986400928988
413,4.16254878878797,4.287347841639252,-0.12479905285128368,1.8394345383228323,0.3179648502128997,0.9986488022942841
414,4.31652940514405,4.461715882222273,-0.14518647707822296,1.6732116738623537,0.30321027033282316,1.029573478835949
415,4.425112708501804,4.49227074719255,-0.06715803869074577,2.0977439160490423,0.3474446124892285,0.9395574463872244
416,4.199021102633346,4.291275188067952,-0.0922540854346039,1.8957098700240094,0.3313429153143292,0.9714124819973966
417,3.923377932465887,4.106853762771162,-0.1834758303052766,1.8146076726255904,0.29785251845459404,1.0410496225744545
418,4.071423746724279,4.25652931847323,-0.18510557174895226,1.7245397444548871,0.29287020130416536,1.0518460197790376
419,4.109320387381289,4.238600721754183,-0.12928033437289344,1.8395420678120136,0.3164813736985635,1.0017147645869675
420,4.029622032836252,4.201083168499495,-0.17146113566324672,1.8181333362746184,0.301811879429377,1.0325556768941773
421,4.306264180045749,4.472044540199604,-0.16578036015385678,1.9571116989037476,0.3098673800433956,1.0155003494777881
422,4.493319162450615,4.699576780724038,-0.20625761827341904,1.8219077471928191,0.29115237218475304,1.0555969998266042
423,4.002543736884413,4.240655870363214,-0.23811213347880056,1.5505316662327608,0.2667261686795338,1.1106334263617939
424,3.944470045927951,4.174569610627251,-0.23009956469929804,1.6900378343300817,0.27713227639493543,1.0867840091660672
425,4.202246542120869,4.400916153469217,-0.19866961134835037,1.8239408529285184,0.29357944361052785,1.0503016569819952
426,4.180986719481628,4.322643426458995,-0.14165670697736843,1.8502160553502147,0.31289017540919983,1.009176123293169
427,4.410496344456679,4.516407254808109,-0.10591091035142597,2.068966796526814,0.333525023813114,0.9670380275737688
428,4.225325803296021,4.355103425107898,-0.12977762181187558,1.7868818900558772,0.31391567926790526,1.0070397360255108
429,4.06872777467724,4.265233133011441,-0.1965053583341998,1.8845402046526623,0.29710825909373095,1.0426546704569781
430,4.180759668843579,4.32706847908871,-0.14630881024513442,1.9535610205937735,0.31588319838396123,1.0029537054996027
431,4.153052966129484,4.276555226714849,-0.12350226058536151,1.9470591073549866,0.32299833661997174,0.9883151323878522
432,4.041281942812295,4.190490049350729,-0.14920810653843475,1.8354151212087615,0.30976065263539804,1.0157243847686046
433,4.232314980703056,4.3582445608101255,-0.12592958010706568,1.9404374532936757,0.3219295981958664,0.9905003908834983
434,4.282949114464832,4.422570275298718,-0.13962116083388665,1.7267120592895697,0.3077566239951976,1.0199406187217608
435,4.221076373978378,4.343575460501742,-0.12249908652336572,1.7956834939716284,0.3167598196420234,1.0011385714106988
436,4.072713729473045,4.208641405215913,-0.13592767574287024,1.8873350160268876,0.3164035280979228,1.0018759113768825
437,4.1254852127831265,4.213117932295082,-0.08763271951195506,2.0309609630458842,0.3381715030852238,0.9577843683979165
438,4.096694434829922,4.246233105900854,-0.14953867107093188,1.8050737032439255,0.3082474654954015,1.0189062726438887
439,4.187597832526806,4.314197603400369,-0.1265997708735611,1.900502681030516,0.3200293417138215,0.9943975884741181
440,4.138555683955524,4.203273140437353,-0.06471745648182647,1.936063885230702,0.3424428567725829,0.9493495566535095
441,4.104259089052381,4.251043282735686,-0.14678419368330253,1.8020390261245955,0.30900429824517484,1.0173135383030745
442,4.084874792872044,4.2674125415742585,-0.18253774870221307,1.7951183823064252,0.2972054224816325,1.0424449783298957
443,4.35621794017159,4.443579958583913,-0.08736201841232116,2.117775924260826,0.3413833430527401,0.9514355066813303
444,4.113400590444926,4.278114900408819,-0.16471430996389103,1.738944255691261,0.3001241324839313,1.0361672288815729
445,4.35297648400583,4.443690920933476,-0.09071443692764802,1.8022528926483998,0.3279191481296322,0.9783137970612804
446,4.129867872138445,4.2686424673743675,-0.13877459523591895,1.99698465546546,0.32008906026091827,0.9942748830850632
447,4.2087040176153865,4.254161422809797,-0.045457405194412104,2.236636397622191,0.35923014955370436,0.9168330146856257
448,4.191454016156144,4.304418189329254,-0.11296417317311125,1.866881761571281,0.32312142057676563,0.9880637645781444
449,4.428894581109501,4.553625157585462,-0.1247305764759652,2.05773196810852,0.3269929201657217,0.9801888240062074
450,4.087979419877109,4.2445747249045676,-0.15659530502745866,1.8427234083323842,0.3077097306387221,1.0200394938005068
451,4.197972001263765,4.3433033082745895,-0.14533130701082797,1.8962973015410896,0.3137408259353902,1.0074036751660302
452,4.16646585753069,4.342863097000367,-0.17639723946967223,1.746014310719052,0.2967260631698649,1.0434799477335022
453,4.011640385285092,4.184636285961594,-0.17299590067650072,1.7537653276170042,0.2981989908250238,1.0403033445640546
454,4.208818858610866,4.317383925587138,-0.1085650669762721,1.9810631317426681,0.3292898213675816,0.9755453429183728
455,4.242875238808012,4.388920380220436,-0.14604514141242575,1.7729103656714127,0.30786888630309095,1.0197039530996503
456,4.365514904274819,4.53106397477062,-0.16554907049580336,1.7362064869663332,0.2997175256461339,1.0370393351208105
457,4.19815683408794,4.3430957123894,-0.1449388783014598,1.9675642906727715,0.31690753903374735,1.0008330279252378
458,4.27362194718106,4.318651367070523,-0.04502941988946674,2.1889061907927623,0.3579172833536724,0.9193409151067625
459,4.367061707675952,4.441980578514527,-0.07491887083857307,2.112975873400365,0.3453561684074329,0.9436350624308942
460,4.057942682422557,4.192067885496335,-0.13412520307377562,1.9761362523101553,0.3207355498916429,0.9929474795254191
461,4.261393194178422,4.418036804691098,-0.15664361051267406,1.7848687274788837,0.3049815295959426,1.025809198094821
462,4.2266203985175155,4.394363928661485,-0.1677435301439658,1.7387994943720564,0.2991389537388448,1.0382816401530677
463,4.322775727886005,4.394109482152124,-0.07133375426611366,1.8545143872627063,0.3369068770135148,0.9602947789558122
464,4.223745591016397,4.339186948315006,-0.11544135729860727,1.9786728469021808,0.32692615324824675,0.9803241180399439
465,4.41763627383098,4.603047370450024,-0.18541109661904542,1.8652842664605798,0.2996407889204721,1.0372040115397618
466,4.069354471509773,4.223266672595021,-0.15391220108524806,1.8423285803725156,0.30855568936924194,1.0182573119389153
467,4.222050936194987,4.369916378544805,-0.14786544234981847,1.9844327756952005,0.31667378183206135,1.0013165755011204
468,4.214971415751958,4.343008830396877,-0.1280374146449148,2.0179409433064484,0.32438016876496084,0.985496665028435
469,4.3311426002041715,4.471544202519735,-0.14040160231556342,1.7132431769987448,0.306831070736466,1.021894003831835
470,4.128005437625455,4.311087870321598,-0.1830824326961462,1.7341859664870514,0.29400363800191687,1.0493791770515644
471,4.011982120651312,4.126856244357895,-0.11487412370658134,1.6682174586154561,0.31326245719165646,1.0084000328276448
472,4.035635765516177,4.175975694116343,-0.14033992860016653,1.6569504316540211,0.3039949794646365,1.0279040177198362
473,4.075910126088787,4.259120853474296,-0.18321072738550725,1.6358285615305448,0.28877580465078784,1.0608109945361521
474,4.317127036595434,4.4364872804510105,-0.11936024385557431,1.8087272990214025,0.31840875061258245,0.9977331980702973
475,4.320326453924033,4.445415714246123,-0.1250892603220919,1.7231656271807978,0.312468470194756,1.010055980970733
476,4.298865669768081,4.470417830083798,-0.1715521603157164,1.8157648048496808,0.3016706225137477,1.0328574311895677
477,4.228586762557257,4.294384351360978,-0.06579758880371855,2.0477764252071724,0.34616878290167263,0.942046598732819
478,4.19912906444969,4.3350560886729825,-0.1359270242232924,1.918038708526482,0.317726529462094,0.9991407164306196
479,4.073571320270994,4.228731078275566,-0.15515975800457227,1.8504985758460606,0.3085273186724582,1.0183170280912421
480,4.077565044656962,4.1813517493813785,-0.10378670472441698,1.8326006487285786,0.3247431366013132,0.9847576314721016
481,4.1644351740053915,4.296775239460195,-0.13234006545480526,1.8223533748282579,0.31469344303887875,1.0054225146878313
482,4.247645271536826,4.345259572357862,-0.09761430082103573,1.9261008690642774,0.3307580227001642,0.9725881737034192
483,4.397960130158499,4.435356491199417,-0.037396361040919146,2.1650762073135823,0.35978632060778737,0.9157723271973537
484,4.310415168617042,4.474986363483414,-0.1645711948663724,1.9053642328251392,0.30799291231678455,1.0194425542256056
485,4.359427176641888,4.49031795919696,-0.13089078255507047,1.7413386250652607,0.31138881879823305,1.0123121678620142
486,4.240407600484187,4.370295095228996,-0.12988749474480699,1.914859997198045,0.3195612432799155,0.9953599227061436
487,4.124950013948994,4.247400334207636,-0.12245032025863978,1.9793667296028357,0.32465715956030655,0.9849326394601166
488,4.1377556970800144,4.271989235884129,-0.1342335388041107,2.0069377150998857,0.32194710719179387,0.9904645519827128
489,4.063681623743837,4.1945750435474105,-0.1308934198035736,1.9375634159402235,0.32018891499878377,0.9940697421656346
490,4.015143483285809,4.198070556748349,-0.1829270734625439,1.6035206529647859,0.2870774856545891,1.0645547065401213
491,4.282812203762465,4.458015759333141,-0.17520355557067901,1.717238762913401,0.29565077569087567,1.045805642141901
492,3.974366191298615,4.1130713835900385,-0.13870519229142175,2.032904472815275,0.32155006263473246,0.9912775694476684
493,4.112052003725453,4.295381990304349,-0.18332998657889732,1.727959534775171,0.2936078715752504,1.0502398077926287
494,4.399276249456634,4.5695084223803955,-0.17023217292376103,1.7471073794707381,0.298753163682088,1.0391108967611373
495,4.216469532594901,4.351982520782729,-0.13551298818783053,2.057799032542892,0.3235427476159854,0.9872037830274413
496,4.12921125698819,4.36919262133033,-0.23998136434214246,1.622805542830105,0.2704096424804494,1.1021196849744264
497,4.342566811914172,4.522228013510536,-0.1796612015963639,1.7660477461504334,0.2966868279603427,1.0435647087158526
498,4.190596948773362,4.365622264507324,-0.1750253157339614,1.7016573371793662,0.29490655921772674,1.0474185948470385
499,3.977493564043674,4.071834025578895,-0.09434046153521791,1.8584665447090973,0.3290814511660347,0.9759657220907754
500,4.254566119134599,4.4201266361021885,-0.165560516967588,1.8451453410142111,0.3049527221249436,1.0258703034624952
501,4.35881058658292,4.4693021202944605,-0.11049153371153864,1.9307330854644658,0.3266270012091268,0.9809305292154044
502,4.285963644769059,4.386584523034622,-0.1006208782655591,1.9950594861085174,0.3324738177512696,0.9691430563728092
503,4.169980054813224,4.319975465543737,-0.14999541073051148,1.7702100593393046,0.3064439971790707,1.0227120819679028
504,4.218476110904683,4.371721987561819,-0.15324587665713452,2.0125425413457094,0.31612422931127343,1.0024542970665677
505,3.916076361418164,4.060350570025004,-0.14427420860683782,1.884452127377532,0.3135629037139788,1.0077741388984653
506,4.472899644323911,4.543475426395253,-0.07057578207134085,2.0123638688472507,0.34326410177015415,0.947735542970536
507,4.134026875163934,4.356901628783576,-0.22287475361964226,1.7037702215172414,0.28006099787745503,1.080182324315729
508,4.070949439804569,4.230084735495942,-0.15913529569137097,1.6668739379286643,0.29825977157759836,1.0401724866665598
509,4.163198211738714,4.299311611626044,-0.13611339988733562,1.8878282892503808,0.3163643623379711,1.0019569975567442
510,4.366890857353689,4.547557383201183,-0.18066652584749576,1.7319437475048618,0.2946565844663386,1.047960981004624
511,4.209855475078236,4.40442236963023,-0.19456689455198983,1.761132789658542,0.2917557019403272,1.0542779040491128
512,4.318176387270289,4.471126292064798,-0.15294990479451087,1.9221666252584502,0.31242054732199115,1.0101560180909193
513,4.0502794394316775,4.247092348227841,-0.19681290879616142,1.7312518179789969,0.28953410955623904,1.0591442074524742
514,4.214690879528384,4.317090163282205,-0.10239928375382235,2.00185642726714,0.33214504320281063,0.9698023059911707
515,4.197682196666016,4.3054427094636205,-0.10776051279760779,1.8920962349386947,0.3259397870540409,0.9823249492101932
516,4.126750169501364,4.291930280257255,-0.16518011075588745,1.8113049301076227,0.3034905644167245,1.0289768266303672
517,4.090864138122712,4.155508361962284,-0.06464422383957213,1.8934099491254583,0.3408180773733146,0.9525500860326794
518,4.052138505020843,4.243288467509674,-0.19114996248882932,1.5446820952245703,0.2810432118856854,1.0779788117846734
519,4.139022019426851,4.214264697566281,-0.07524267813942842,1.9556650611494524,0.3395455822491475,0.9550635068900384
520,4.255762230698459,4.364247991145725,-0.10848576044726954,2.0277947060796757,0.3311308284394156,0.9718386422467021
521,4.334007454637317,4.465332684598683,-0.13132522996136586,1.9110944934869556,0.31893085587046566,0.9966573551192897
522,4.266986034733269,4.360603083991905,-0.0936170492586399,2.029424036029198,0.3361136820941651,0.9618724439892945
523,4.260957575235293,4.354145852531723,-0.09318827729643431,1.8559538028281652,0.3293708672456568,0.975381882418062
524,4.223520152453362,4.37564974701571,-0.15212959456234998,1.8727069362930653,0.31050573724994157,1.0141614139149702
525,4.297927689900104,4.380519487952895,-0.0825917980527926,2.1415559082300737,0.3437819101445613,0.9467191488978535
526,4.185434147831637,4.354989321263342,-0.16955517343170357,1.7715412203035106,0.300176384912674,1.0360552129668943
527,4.042176382555422,4.215480906307051,-0.17330452375162508,1.8745354983322384,0.3038524874049096,1.0282069552675241
528,3.8739598280313787,4.0338771112430285,-0.1599172832116551,1.7413682519407798,0.3017998821876211,1.0325813018564443
529,4.2805267629330865,4.413448104500135,-0.1329213415670516,1.874834150542413,0.3168419883755623,1.0009686016822341
530,4.430908039455486,4.5819425449196105,-0.15103450546412844,1.9708768517341886,0.31510324609420415,1.0045714590416754
531,4.2581749617757625,4.397914163336746,-0.1397392015609782,1.8148586187578148,0.31190932491716317,1.0112238046303539
532,4.258150446642145,4.4856910635345,-0.22754061689235527,1.7456879121435227,0.28085925428336483,1.0783911063521
533,4.26737934447591,4.43432245774646,-0.1669431132705519,1.8041924815606993,0.3025887629468396,1.030897768991963
534,4.236916486267035,4.308205648687475,-0.0712891624204417,1.98491995536636,0.34200814978157446,0.9502048991480958
535,4.259928735363904,4.378911185291334,-0.11898244992742946,1.9901482190773283,0.3262216276074608,0.9817528382006763
536,4.2787030669313575,4.400914560051713,-0.12221149312036061,1.83774353233283,0.31875246181177713,0.9970248216886255
537,4.321764181954301,4.407029643598928,-0.08526546164462445,2.0233897484205663,0.33868611578516516,0.9567645364623008
538,4.200511805765012,4.367575950404393,-0.1670641446393759,1.9107123025397632,0.307443085987754,1.0206019062036762
539,4.249315557963873,4.407651685061709,-0.1583361270978365,1.8304858871866028,0.30658502067417037,1.0224139502420684
540,4.423627806939398,4.568070345338424,-0.14444253839902643,1.843379907570041,0.3116730491955707,1.0117177017964034
541,4.107768389613111,4.250593519190356,-0.1428251295772469,1.732403959788166,0.30697064610831354,1.0215991796583124
542,4.0479285903619635,4.275838055265017,-0.2279094649030533,1.7339918531412604,0.28013708113596203,1.0800114506916223
543,4.317225562502707,4.470516446371398,-0.15329088386869216,1.7578224794082855,0.30476729092765,1.0262637251451125
544,4.11698328115676,4.349335417371614,-0.2323521362148533,1.6659314893955512,0.2751329818676538,1.0913179958643728
545,4.096410126934225,4.232888677600413,-0.1364785506661903,1.9461339691959143,0.31873412864051665,0.9970625930615644
546,4.258573536191688,4.362050800542561,-0.10347726435087523,1.9344794969860635,0.3291235554865141,0.9758807642790536
547,3.996197814159502,4.1629426998680215,-0.16674488570851764,1.793826736584017,0.3021562861520424,1.0318203459302495
548,4.16911744797416,4.3227089703327435,-0.15359152235858886,1.8316374023102178,0.3081675951125543,1.0190745085448663
549,4.089980462091508,4.290237991932972,-0.2002575298414655,1.62951870516126,0.28300904635808544,1.0735842798923922
550,4.2327190878483885,4.419039978833568,-0.18632089098517923,1.9143232453775587,0.301599044085962,1.033010373579882
551,4.102969267184691,4.230809800612826,-0.1278405334281345,2.001042327495713,0.32377319688163264,0.986733715790593
552,4.117338831907873,4.304013872485329,-0.18667504057745532,1.7037154903874976,0.29129635715713115,1.055282030085985
553,4.576786014964516,4.697532824692524,-0.12074680972800422,1.8325492630312805,0.31901133900317996,0.9964916152783211
554,4.081505863672718,4.22843816210736,-0.1469322984346455,1.7420595149080418,0.3060851885742822,1.0234710340417428
555,4.032029322189826,4.1577881399140635,-0.1257588177242397,1.8954097154358456,0.3200887005480506,0.9942756221524588
556,3.879964019721652,4.003422961653123,-0.12345894193146734,1.8956076681859884,0.32085626040756804,0.9926998246851694
557,4.175776915475386,4.312584884727234,-0.1368079692518478,1.853101039664403,0.31460588388361027,1.005604446991106
558,4.289123367328835,4.400691371603426,-0.11156800427459146,1.9002114185011196,0.3250034884898431,0.9842278638447227
559,4.172804923699272,4.2983653647952975,-0.12556044109602027,1.8566281656693553,0.31847214995879375,0.9976024966524409
560,4.047954056465405,4.130454334260812,-0.08250027779540403,2.0660764315485136,0.34117103192479153,0.9518539987778599
561,3.9885704682112477,4.142802744508567,-0.15423227629731784,1.89427953524741,0.3107906489009322,1.0135644065271188
562,4.237677171489794,4.364036176923949,-0.126359005434157,1.8812014605876088,0.31927945237730193,0.9959396836970034
563,4.36357556590971,4.493308361304741,-0.1297327953950287,1.8373049978179337,0.3162313670212143,1.0022323913795708
564,4.285658090053709,4.426298258013403,-0.1406401679596918,1.8863541420656533,0.314825424595914,1.0051483434291162
565,4.368562880100648,4.460842172286431,-0.09227929218577913,2.0909226289180616,0.3388082311373317,0.9565226808372517
566,4.1519346940597055,4.260370398906185,-0.10843570484647813,1.9542349567153252,0.3282645349730019,0.9776154865601768
567,4.5078750653581645,4.6440929312423505,-0.13621786588418772,1.8109117855729906,0.312888143395773,1.0091803610702246
568,4.233371927057186,4.373606229987289,-0.14023430293010364,1.8715254178474492,0.31430470262121213,1.0062305022370264
569,4.302276340843943,4.426268545877087,-0.12399220503314012,2.1002125184277283,0.3288333713391653,0.9764664389789987
570,4.171415635925762,4.283526335747733,-0.1121106998219723,1.762404851342188,0.31874762528514716,0.9970347861250073
571,4.184609980561764,4.313461826433053,-0.12885184587128862,2.0561706635103376,0.32560879034683715,0.9829972536011518
572,4.086378364710776,4.284188154080847,-0.1978097893700692,1.8908658441425885,0.2970009149634174,1.0428863873609888
573,4.428017120658613,4.527975269797907,-0.0999581491392938,1.9566202027601127,0.3311903300433472,0.9717190639103008
574,4.1728177845989665,4.267400244475314,-0.09458245987634939,2.082423007625347,0.3377416300963518,0.9586370319309941
575,4.172835576509514,4.294098628863426,-0.12126305235391399,1.736025703925666,0.31438635226983774,1.0060607409299258
576,4.148667249214019,4.285874545084776,-0.13720729587075908,1.9591557733659402,0.3190413123229297,0.9964298978711774
577,3.9481885078177408,4.149315715158923,-0.20112720734118028,1.84729172375196,0.293943904604655,1.0495090230465505
578,4.048608966944923,4.24184588840795,-0.19323692146302562,1.807443593448601,0.29446035661750813,1.048386965167366
579,4.243916537569523,4.344960647576795,-0.10104411000727254,1.7953666328039466,0.3240420929456002,0.9861855007838843
580,4.328347729118698,4.484457491231244,-0.15610976211254624,1.9687068585232836,0.3134041058069683,1.0081048994678938
581,4.1060640002281525,4.246734015745505,-0.14067001551735459,1.9405237242456606,0.3171447177646265,1.000342641670354
582,4.187137047655981,4.350186039125151,-0.16304899146916796,1.931194279914945,0.30960757541967665,1.0160458036139661
583,4.190843323939313,4.366169764278152,-0.17532644033883926,1.780070968306089,0.29875233809302704,1.0391126721329424
584,4.311771690392335,4.436558177361914,-0.12478648696957606,1.847393621765356,0.3183219986254203,0.9979120699300966
585,4.142587533696937,4.297497357836291,-0.15490982413935583,1.9113784868690011,0.3113257447652781,1.012444135308715
586,4.273173444394254,4.330919811830163,-0.05774636743590733,2.0224884835293437,0.3480407805102581,0.9383963120410045
587,4.228288071658032,4.414854546561879,-0.1865664749038487,1.6784094433713639,0.2899991900197165,1.058123394562256
588,4.2493263641865555,4.360209912479903,-0.1108835482933479,1.9384527443130688,0.32681191379610003,0.9805556503052795
589,4.328066451729318,4.387607055620969,-0.05954060389164795,1.8452121778973085,0.34070671439279243,0.9527698088435876
590,4.419023538761366,4.542919850811068,-0.12389631204970541,1.7715632320723937,0.3151744134004472,1.0044237369727187
591,4.270720649691122,4.419816822722962,-0.14909617303183964,1.8404787196030563,0.3100285542239518,1.0151621196063243
592,4.285526685003149,4.400204447780269,-0.11467776277712005,1.9599773830405276,0.326427751428532,0.9813346287167791
593,4.320376712947884,4.455356404373979,-0.13497969142608923,1.844409479566547,0.3148175553803711,1.0051646883883147
594,4.008321208683985,4.152191168055189,-0.14386995937120162,1.7388722600928999,0.3069411918111008,1.021661388390966
595,4.170576298284726,4.27469578505512,-0.10411948677039362,1.8908349339449364,0.3271133613292373,0.9799448118119197
596,4.102489675972195,4.189966954144901,-0.08747727817270601,1.8921216980756599,0.33283199091896376,0.9684253365013912
597,4.2965049783485165,4.4134080450843,-0.11690306673578021,1.9762840372623094,0.32635026779704507,0.9814918169487707
598,4.128746840633782,4.22669681621139,-0.0979499755776132,1.8378415700684885,0.326965307145986,0.9802447758411946
599,4.036649645792456,4.221627412816178,-0.18497776702372448,1.6035152104735637,0.2864168702005175,1.0660149802156178
600,4.234046399845373,4.290598099861644,-0.05655170001627141,1.9592536689231252,0.34616781907953,0.9420484813626314
601,4.158900936304581,4.28780950362425,-0.1289085673196695,1.8383729446492554,0.31655230161429787,1.0015679606180201
602,4.371820157651162,4.468464824790787,-0.09664466713962838,1.8386353106079554,0.3274471426886274,0.9792688799292587
603,4.231157358357859,4.374982350046726,-0.14382499168886653,1.604981041943197,0.3000642875435279,1.0362955371842681
604,4.140030303587921,4.308842084389467,-0.16881178080154768,1.779851309309156,0.30081951311282407,1.0346775729062494
605,3.9596085504525123,4.118006591889411,-0.15839804143689662,1.7626355051531082,0.303338579585922,1.029300305943614
606,4.322308002990696,4.441780585288838,-0.1194725822981404,1.9223569905106288,0.3233014379092707,0.9876962371542224
607,4.327877743514461,4.422167302922598,-0.09428955940813921,2.235607356282376,0.34310853436122724,0.9480410939450713
608,4.153697599534451,4.2762259687955035,-0.12252836926105459,2.012155193377149,0.3259361036432552,0.982332428331748
609,4.325097918253602,4.479276629845404,-0.15417871159180407,1.8145895096992772,0.30718589995887735,1.0211446743055366
610,4.170062365295949,4.322764951565868,-0.15270258626991762,1.8103303647765765,0.30746502086808114,1.0205556285157984
611,4.131967151653645,4.191785280944138,-0.059818129290487576,2.024092791619005,0.3473821109910191,0.9396792516059951
612,4.033765970415929,4.208986733934997,-0.1752207635190679,1.8096293748414594,0.3002149134250522,1.0359726259637076
613,4.223942347749305,4.30851975899185,-0.0845774112425488,1.9768029485208984,0.33716478822210844,0.9597823081582568
614,4.050597420026624,4.2684288016409715,-0.2178313816143458,1.8374975748968012,0.28839721304163196,1.0616442593227984
615,4.171391996062241,4.308065514567727,-0.13667351850548926,1.8698466270482985,0.3153931889750776,1.0039697614240095
616,4.371583764214685,4.5371631146776545,-0.16557935046297345,1.875771897157132,0.3063481687100789,1.022914720708658
617,4.030182410291936,4.25287380998189,-0.22269139968994978,1.6897604881784893,0.2793643149959072,1.0817484572401204
618,4.137310562921781,4.264987340264486,-0.12767677734270322,1.8189373495590901,0.3160868112201918,1.0025318097685862
619,4.385787404673871,4.462899790710968,-0.07711238603709702,1.9991128665276952,0.340544561281873,0.9530898245217371
620,4.2262562049678865,4.411406654092459,-0.18515044912457057,1.6150905333990133,0.28700862605521466,1.0647068129467794
621,4.210511281654246,4.3676479797244285,-0.1571366980701825,1.9220563204246126,0.31108225847888377,1.012953738080197
622,4.251733244264039,4.414144119764848,-0.1624108755008038,1.761006221061085,0.301959174190528,1.0322411246003818
623,4.015351908162704,4.1644969712788,-0.149145063116098,1.6235396513267268,0.2992761607013363,1.037986885540836
624,4.247645665495072,4.429217995394228,-0.18157232989915428,1.7723180612915792,0.296392304806419,1.0442012153185958
625,4.14334066168695,4.336983892854817,-0.19364323116786863,1.7225389202549195,0.29007655008202776,1.0579537026021093
626,4.207371633470172,4.373000205923538,-0.1656285724533646,1.9179959575086496,0.308216880350719,1.0189706926083044
627,4.130835645151078,4.285992194107801,-0.15515654895671815,1.834600152868326,0.30779913260250685,1.01985099754295
628,4.21113266942863,4.377832154561591,-0.16669948513296617,1.8850639301533052,0.3064130400272952,1.0227775393236982
629,4.1969306803658215,4.357437715762379,-0.16050703539655586,1.6416790236669172,0.29647488944889194,1.0440226954369174
630,4.026096253077466,4.243186489261267,-0.2170902361838003,1.6071974174901076,0.27649671546751586,1.088222904804524
631,4.21074702087497,4.39188054796042,-0.1811335270854464,1.7858712028259847,0.2971969352706423,1.0424632930864914
632,4.411279577056711,4.500979262705534,-0.0896996856488208,1.9216684844679532,0.33326533026799104,0.967557662332133
633,4.35514885840685,4.45415705826865,-0.09900819986179954,1.8474227909862462,0.32701421085038074,0.9801456851160886
634,4.198808673580062,4.286798412601377,-0.08798973902131735,1.9726993812500577,0.3358507451559037,0.9623959542796818
635,3.913171375208436,4.150452351263334,-0.2372809760548975,1.794275867199179,0.28044184287231483,1.079327309297034
636,4.524349439250114,4.637349236445805,-0.11299979719569109,1.8260659657763405,0.321329123853632,0.9917302637261196
637,4.185503181612238,4.348616918556828,-0.16311373694459164,1.876637544349527,0.30716998818679503,1.0211782645588114
638,4.277951388112215,4.419499404355027,-0.14154801624281177,1.982869625073028,0.3186251096169873,0.9972872316080376
639,4.301853582083699,4.416306349140039,-0.114452767056342,1.9994322120640593,0.3280724792313454,0.9780037300985794
640,4.194037413691313,4.364075127000885,-0.17003771330957207,1.7870836690131187,0.3007782349744518,1.034765935517412
641,4.055083695177815,4.159885909328385,-0.10480221415057045,1.8330653193110775,0.3244173619733652,0.9854209117260502
642,4.26627119183927,4.379180807288271,-0.11290961544900213,1.914087782280581,0.3251347882879082,0.9839607979506769
643,4.347049121098441,4.5512826655101,-0.20423354441165742,1.6973339561521765,0.2854495842385592,1.0681572514890798
644,3.97598006071241,4.178540623338724,-0.20256056262631716,1.591029772933969,0.2801084081441678,1.0800758429953987
645,4.079944046476279,4.165639555948355,-0.0856955094720746,1.8999710062761306,0.3337625865897176,0.9665629040431466
646,4.090417737636618,4.2179300877780515,-0.12751235014143703,1.7287809015056688,0.3119205168477116,1.0112004157818189
647,4.28807249291068,4.394302580766792,-0.10623008785611177,1.8433981485079807,0.3243809576529123,0.9854950582014498
648,4.243298080408143,4.443638867207761,-0.2003407867996181,1.8071998406235332,0.2922509131204913,1.0531965635812826
649,4.225902741850931,4.329222710291313,-0.10331996844038116,1.6837422826118837,0.31805057720305036,0.9984719136404037
650,4.342954352305736,4.520311088573034,-0.1773567362672992,1.9054738022879025,0.3039831285442841,1.0279292091324248
651,4.257842862073397,4.352533995284223,-0.09469113321082645,1.834434192167942,0.3279382041068965,0.9782752568454594
652,4.232298992437976,4.331786450455488,-0.09948745801751357,2.1055014198609854,0.3369598057219008,0.9601895887956032
653,4.16245499285018,4.330088820817786,-0.16763382796760595,1.8685774264230508,0.30537033445447515,1.0249848536564838
654,4.160486863601769,4.355013190601061,-0.19452632699929495,1.8881364087923904,0.297881383549652,1.0409874269768742
655,4.198149060889215,4.319508706052871,-0.1213596451636505,1.7888932910608508,0.3168317181358599,1.0009898445545553
656,4.181637667980351,4.371736555524987,-0.19009888754463944,1.7214106618329756,0.29113234427737666,1.055640819534302
657,4.26867260301614,4.3394505238737695,-0.0707779208576298,2.1409743042437563,0.3476915773657726,0.9390762884496389
658,4.147034449787012,4.334779283664136,-0.18774483387712237,1.8975753337446575,0.3004019235266488,1.035571864635402
659,4.264286451125316,4.3612465096944275,-0.09696005856911327,1.9144057773756398,0.33050542768657243,0.9730963303941275
660,4.028046435405394,4.211274514699144,-0.18322807929375529,1.8136461310923115,0.2978840451662194,1.0409816921965263
661,4.1535586987296655,4.335701384140198,-0.18214268541053258,1.759783018856898,0.29558992508866644,1.0459374225153875
662,4.426852293609152,4.572477564258233,-0.14562527064908437,1.998581982163409,0.31796716095979755,0.9986440339006136
663,4.244388402558308,4.383723406229676,-0.13933500367136986,2.002512651957908,0.3201334025484704,0.9941837814156445
664,4.13005806855091,4.283833135083955,-0.15377506653304707,1.8253456016036385,0.3078172222217426,1.0198128615632442
665,4.133772499407901,4.357925194862612,-0.22415269545470906,1.6915404762934951,0.2790156665957869,1.0825332107791321
666,4.275814464906866,4.4168112970348785,-0.1409968321280175,1.856773141125819,0.31339969796933426,1.0081140821374366
667,4.041650900462767,4.25782862185405,-0.21617772139128277,1.5066837492845275,0.27080598680159307,1.101208353688239
668,4.290559753575001,4.391856235488638,-0.10129648191363927,1.8183163635649553,0.3249701905496158,0.9842956035483955
669,4.332192588988005,4.470339412868484,-0.13814682388047927,1.6245447390770904,0.30303589859950075,1.0299448428441351
670,4.359439136060463,4.493820855892618,-0.1343817198321524,1.7691320285932477,0.31154784750181463,1.011979516271694
671,4.018615135862302,4.141864023705943,-0.12324888784364418,1.8552684959662642,0.31918028899119544,0.996143783636781
672,4.350585760836283,4.4808913551043466,-0.13030559426806576,1.8789897487320335,0.3178828592666912,0.9988180112525544
673,4.244014127422688,4.339043123703852,-0.09502899628116168,1.9211664882234247,0.3314336688564419,0.971230178763659
674,3.941126170664515,4.1045676161502,-0.16344144548568096,1.6811161475756577,0.2975924115193543,1.041610256531113
675,4.276836362480101,4.344004194961902,-0.06716783248180036,1.8357114737853601,0.3376067111122544,0.9589047907546469
676,4.06571266707778,4.186250067069026,-0.12053739999124247,1.8368922285366462,0.31927427272047654,0.9959503435368187
677,4.071169813483402,4.158681889215885,-0.08751207573248365,1.7910981928615417,0.3285467402445551,0.9770452716029744
678,4.237380308841609,4.298253768733027,-0.060873459891418236,1.958660841996661,0.34463521749461,0.9450463420392317
679,4.2481314214989085,4.352538040114257,-0.10440661861535006,1.8498906859129551,0.32528049408384996,0.9836645121547555
680,3.9366114675201453,4.1678931879629095,-0.23128172044275885,1.5389522772270308,0.2681067011737364,1.1074331474678585
681,4.228729390553604,4.41715481160979,-0.18842542105618776,1.8194698873992037,0.2965386546432049,1.0438848795549642
682,4.321857186710539,4.433864097259174,-0.11200691054863654,1.8113423840724225,0.3210103333599999,0.9923838104723465
683,4.210358016675511,4.3467581005135,-0.1364000838379873,1.9694435744379177,0.31972698015847784,0.9950190892733676
684,4.073429262617759,4.209055836942976,-0.1356265743252152,2.052547194479714,0.3233024336362487,0.9876942046267072
685,4.136483161908022,4.319991778571294,-0.18350861666327134,1.8044066495333801,0.297350710094678,1.0421315129064914
686,4.308839775332719,4.428403583022392,-0.11956380768967279,1.8109418986621746,0.3184402613534788,0.9976682347257394
687,4.282018598810773,4.405728100575115,-0.12370950176433837,1.9162069877346068,0.32164629916884885,0.9910804483350691
688,4.319466057132165,4.487850387319134,-0.16838433018697074,1.7585708669915858,0.2999147862963093,1.0366161443024533
689,3.9589683642198077,4.10461760621786,-0.14564924199805063,1.8545984429024154,0.3117874513626888,1.0114785312814132
690,4.139674953202591,4.223711448384125,-0.084036495181536,1.846077081354811,0.33211698859216665,0.9698585798375818
691,4.307377563231651,4.41696047707753,-0.10958291384587682,2.0078642282516217,0.3300023759701067,0.9741090913044657
692,4.1347641470813885,4.216390449148938,-0.08162630206754784,1.935102864340518,0.33655750899027603,0.9609893773509356
693,4.216802848397699,4.399608761375791,-0.18280591297809323,1.9414102029424996,0.3038887199701142,1.0281299160335367
694,4.071201182276387,4.269014758585656,-0.19781357630926877,1.7724619280843807,0.2913140568398076,1.0552433189341255
695,4.180297989105317,4.288118636246449,-0.10782064714113204,1.8310093316578069,0.3233011503385293,0.987696824158706
696,3.977556105502246,4.1944491577554315,-0.21689305225318734,1.7750939519427762,0.28558876658764226,1.0678486991557348
697,4.443265964258299,4.458681787839935,-0.015415823581641064,2.057805932091873,0.3641266243157148,0.9075299396756734
698,4.069753768568742,4.164712409471362,-0.09495864090261819,1.990597155176296,0.3341929618820406,0.9657027123554128
699,3.9999626931942815,4.175410600884052,-0.1754479076897688,1.816086886124575,0.3004512854984323,1.035466110019627
700,4.006477917507682,4.0660205144112505,-0.059542596903565226,1.971656058402779,0.3455805717044458,0.94319617071034
701,4.109040288093529,4.259061544402019,-0.1500212563084915,1.7713797972013712,0.3064917416926179,1.0226111371613946
702,4.200288282958117,4.252766572478154,-0.052478289520035304,2.1366268372437567,0.3537238454389397,0.9273904534914594
703,4.149775607908226,4.247503921020361,-0.09772831311213537,1.9651350885324401,0.33227436608691097,0.9695429410508651
704,3.9422776118924903,4.130151812653199,-0.18787420076071015,1.6750931845321704,0.2894071564463163,1.0594230507763116
705,4.0562622872366605,4.2871551371529835,-0.23089284991631942,1.768921507905521,0.2810529799393394,1.07795692427927
706,4.196052570498417,4.369336199982407,-0.17328362948398635,1.8110686412502206,0.30089754952294817,1.0345105452674779
707,4.380701128141163,4.5243339095363355,-0.14363278139517632,1.8337924178181098,0.3115011735200476,1.0120771359302592
708,4.066539875127639,4.187743526864346,-0.12120365173670677,1.7888767566240187,0.31688351231444006,1.000882718541586
709,4.220976736530461,4.427088281812561,-0.20611154528210207,1.7879974568499506,0.2895285488971504,1.0591564193134204
710,4.17119613507866,4.257652463259688,-0.08645632818102911,1.7713993739909055,0.3280460477907568,0.97805717318956
711,4.0464327318010485,4.130376041155556,-0.08394330935450611,2.0026430955289403,0.33835829664836686,0.9574140757790609
712,4.142474930831171,4.309853794175537,-0.1673788633443607,1.7298004890564371,0.2988050806156433,1.0389992595876731
713,4.1787772501386415,4.327022175448904,-0.14824492531026223,1.8070222373656284,0.30876035016996084,1.0178266385251813
714,4.26412660674112,4.287991710292615,-0.023865103551496958,2.0571685980674648,0.36109304158916705,0.9132842919517615
715,4.369305808467311,4.444869350858467,-0.07556354239115848,1.9325789460961484,0.33854482407191827,0.9570444416960491
716,4.406844592289024,4.5525627864656135,-0.14571819417658816,1.923125241538716,0.3147786762569043,1.0052454472260366
717,4.114943196619508,4.240259802259257,-0.12531660563974967,1.6743117800481597,0.30997702086501006,1.015270251600459
718,4.29253632159345,4.388782152773982,-0.09624583118053565,1.9285557249204723,0.33131944557314696,0.9714596326260281
719,4.165332574949628,4.292260551500626,-0.12692797655099497,1.8360981947135881,0.3171079807599049,1.0004185826600522
720,4.1417315709221265,4.3172540320778845,-0.17552246115575798,1.8530273289183636,0.30216471739746,1.0318023516637407
721,4.319776154568541,4.371602172003514,-0.051826017434972727,2.1066792569358688,0.3529636479856957,0.9288561355710098
722,4.1320181211233775,4.227508897586362,-0.09549077646298443,1.9126011753935632,0.3309301574289264,0.972242026408174
723,4.3903235946652766,4.488152489771463,-0.09782889510618276,1.8616910292653097,0.3280240204149168,0.9781017136093859
724,4.183016207179549,4.225670277287558,-0.04265407010800715,1.9094616036609189,0.3492441624078044,0.9360563754502662
725,4.2648572516901995,4.435051289260767,-0.17019403757056395,1.7824562696022612,0.30050399078899,1.0353532053565733
726,4.261623895705356,4.342750924543281,-0.08112702883791911,2.070740659350781,0.34179800386811443,0.9506186378971259
727,4.240444463410378,4.420171050989189,-0.17972658757881277,1.8003038252180206,0.2983425313110445,1.039994337763117
728,4.14367444061432,4.333176853423006,-0.18950241280868596,1.8220057748983969,0.2963249902280084,1.0443467511412432
729,4.136748025623647,4.25842899765276,-0.12168097202911099,1.8549599119136486,0.31968874837744976,0.9950977016453689
730,4.171249733646687,4.300981178674578,-0.1297314450278897,1.8568410567719908,0.3171009335382803,1.0004331510011086
731,4.039105310896617,4.183205899132974,-0.14410058823635552,1.877577772998026,0.31331573902165444,1.0082890066442067
732,4.472548848635317,4.607491741778198,-0.1349428931428811,1.9307480536382187,0.3185853654762988,0.9973691386961673
733,3.9619312031505745,4.206511105690262,-0.2445799025396873,1.7409233766560321,0.2755255616522367,1.090425937144929
734,4.310146392671183,4.492564286868407,-0.1824178941972292,1.8574173746664062,0.30020753862779803,1.0359884335124194
735,4.18583943952584,4.347540243064418,-0.1617008035385794,1.7602485809391295,0.30215169115287926,1.0318301528830052
736,4.101478148281196,4.268209165476656,-0.16673101719545969,1.7655079612479936,0.3007871060193802,1.034746944912243
737,4.2682046791382335,4.378884057778396,-0.11067937864016031,1.8358735691519037,0.3225455525065054,0.989240367160742
738,4.081811721758723,4.215739781642131,-0.13392805988340584,1.840227863629078,0.3149762169948818,1.0048351880060022
739,4.243262796130634,4.332510885544749,-0.089248089414113,1.7649001894767906,0.326775966300736,0.9806285169642646
740,4.070513209479388,4.181731126718835,-0.11121791723944696,1.8131824312156812,0.3213600947445617,0.991666793424878
741,4.379976545249581,4.488671307926432,-0.10869476267685485,2.0112967837570475,0.3304278240852067,0.9732524994964048
742,4.039832730353138,4.189113142974015,-0.14928041262087888,1.8000564080966646,0.3080962239580716,1.0192248664045862
743,3.9983437746585873,4.147567530207042,-0.14922375554845502,1.7513006980881238,0.3057821021258782,1.024112582203543
744,4.209988851134065,4.352582234541932,-0.14259338340786343,2.061118859509743,0.32142487396618585,0.9915340508202937
745,4.115531959490608,4.278977257131463,-0.16344529764085536,1.8733430411922178,0.30691569387800854,1.021715244306745
746,4.360311669013535,4.4514579480032035,-0.09114627898967242,1.9535715342297517,0.33403852617963664,0.9660113009792973
747,4.126928019727182,4.243956557054399,-0.11702853732721863,1.7800368913328217,0.3178879774889353,0.9988074476755993
748,4.26648892028181,4.397955396820497,-0.13146647653868726,1.9540183435608673,0.32068686482413983,0.9930473811214608
749,4.227309629109279,4.3071027080174025,-0.07979307890812493,2.0841344973144222,0.3427201264319727,0.948804355170335
750,4.322757340316216,4.4415997541034615,-0.11884241378724525,2.1864459769315157,0.3335873222766117,0.966913410062593
751,4.177722488398065,4.249373774947219,-0.0716512865491552,1.8271079801774812,0.3356632467932205,0.9627694267087555
752,4.108149101551104,4.220143647590427,-0.11199454603932679,1.711091510815831,0.3163621847165216,1.0019615061524283
753,4.065379275913824,4.117549232155045,-0.052169956241218784,1.9793863275216843,0.34843923592869863,0.9376209600758371
754,4.198052613570572,4.418448647992153,-0.2203960344215794,1.7655299754610239,0.28403993932594024,1.0712880321835037
755,4.1963256924200225,4.328809731600393,-0.132484039180369,1.9102366148815708,0.3185155830202145,0.9975129667207517
756,4.317970230216013,4.415820675770278,-0.09785044555426481,2.0183236483746576,0.334286187138796,0.9655164770461624
757,4.233525058613972,4.365453205142093,-0.131928146528125,2.145077864273547,0.3279652559398745,0.9782205477159261
758,4.13559297989497,4.285908913400253,-0.15031593350528283,1.8705378540385702,0.31099280012562674,1.013141035352617
759,4.282407056632011,4.341595476165069,-0.05918841953305787,2.1414978434868934,0.35160621325744645,0.931478282967913
760,4.1881445103804085,4.286149593076124,-0.0980050826957175,1.7622158254460283,0.3235991124090159,0.987088790749812
761,4.147194743021051,4.356516088837567,-0.2093213458165195,1.8116366948770537,0.2897150804254388,1.0587468603356343
762,4.419304738744917,4.514054527167628,-0.09474978842271042,2.0839295512579015,0.3377408261808972,0.9586386271697664
763,4.145660280524056,4.268293054689448,-0.12263277416539253,1.854156134934307,0.31933649038232415,0.9958223057985799
764,4.043428059828799,4.123330810744274,-0.07990275091547261,1.9739006529624712,0.33864480754052856,0.9568463621966231
765,4.079925545543518,4.279961068767396,-0.20003552322388174,1.6868588309967203,0.2862014648500572,1.0664916199851304
766,4.3081883161251655,4.374457596268681,-0.06626928014351918,1.9556037285677128,0.34264333819509873,0.948955317342095
767,4.448475901721921,4.602909773159612,-0.15443387143769272,1.9516073467805857,0.31321144580729987,1.008506339611096
768,4.103662807211681,4.218924159878717,-0.11526135266703719,1.9273005907960652,0.3249005814576679,0.9844372274782189
769,4.123124455235517,4.218478565474531,-0.09535411023901474,1.8382912045393898,0.32787564717041684,0.9784017820593652
770,4.199406938956533,4.31636181787504,-0.11695487891851286,1.9360155202448333,0.3246991281210346,0.9848472078463092
771,4.238959012506908,4.359268687526639,-0.12030967501973322,1.9500990662657278,0.3241711129651481,0.9859225649004638
772,4.095391551086032,4.258449745030405,-0.16305819394437293,1.8118615571048453,0.30419666450529065,1.0274753973126172
773,4.14784138719103,4.2948978822219575,-0.147056495030931,1.7942161430611785,0.3085479252724208,1.018273653862178
774,4.0391559546956985,4.231256483898524,-0.19210052920282195,1.8135517223017992,0.2951096492446462,1.0469781642235696
775,4.025861941664751,4.171881853081305,-0.1460199114165519,1.8030000694355763,0.30929920312536285,1.0166936171143892
776,4.075489464927213,4.211368613163624,-0.135879148236409,1.763898591601575,0.3108009224622077,1.0135428859279296
777,3.9932285187032663,4.163624405106627,-0.1703958864033588,1.7359964533045424,0.2981447344636632,1.0404201708261336
778,4.183771125171309,4.330553039392984,-0.14678191422167686,2.022816643955192,0.31858188605407933,0.9973763096148799
779,4.2191394048091775,4.309597463865033,-0.09045805905585524,1.8922875453963517,0.3318168350762793,0.9704608405017493
780,4.257967812698195,4.357363741328965,-0.09939592863076996,2.0926604464325607,0.3365274169784868,0.9610492266756845
781,4.337392176914293,4.430047407596551,-0.0926552306822579,1.958294111558871,0.33371358373953347,0.9666608914625062
782,4.028050013431042,4.189332795935193,-0.16128278250414851,1.7174567629186788,0.30015911437567466,1.036092235166405
783,4.082023183110253,4.256554173934258,-0.17453099082400314,1.64258561251064,0.2919421890001633,1.0538705472568481
784,4.133784690816435,4.256770389901306,-0.12298569908487167,1.9369023347108945,0.32274836251978256,0.988825833476846
785,4.495125739917737,4.552628868040476,-0.05750312812273961,1.980380177802135,0.346611117261556,0.9411829409462528
786,4.246840031614174,4.37129527223859,-0.12445524062441393,1.7965564148687756,0.3161431534647833,1.0024150974061712
787,4.310452713345339,4.380704351048862,-0.0702516377035245,2.162720852779276,0.34859037771066187,0.9373270016245675
788,4.359373800714541,4.498794939547268,-0.13942113883273066,1.9604142594082257,0.31838015522403235,0.9977921546948908
789,4.312066163066295,4.434251618803356,-0.12218545573706052,1.9649498641195535,0.3241611503481312,0.9859428657513754
790,4.1728048134145626,4.366544529267649,-0.1937397158530878,1.7653956400498352,0.2922277768941892,1.0532470562963816
791,4.185525894755007,4.318545353492923,-0.1330194587379161,1.9957744632667733,0.3218893095979498,0.9905828618415904
792,4.18657460017628,4.296310743834911,-0.10973614365863682,1.8047620336204728,0.3214873536724698,0.9914060368269275
793,4.004834306413852,4.145361473744196,-0.14052716733034742,2.0606874802249386,0.3220620605686417,0.9902292872291921
794,3.8686047377802426,4.009372192162908,-0.14076745438266514,1.8673793625875952,0.3139472122331968,1.0069741176124296
795,4.1793326347275945,4.30394307891689,-0.1246104441892939,1.9262913250138052,0.32177295885133084,0.9908210702252479
796,3.920732784229565,4.039904526441931,-0.11917174221236593,1.8115567068277336,0.3185998771449467,0.9973392314111135
797,4.306773675615479,4.448662494283643,-0.14188881866816772,1.8209896466632962,0.3114856209504696,1.0121096666137135
798,4.086589964209545,4.1812830166087425,-0.09469305239919379,1.9385896268755793,0.3322462217472433,0.969599380689679
799,4.579401185625067,4.644930877521573,-0.06552969189650426,2.105932416549075,0.3482745162488952,0.9379414187260661
800,4.17733022977749,4.386040252242071,-0.20871002246458303,1.6275300221628672,0.2802501657999116,1.0797575347210773
801,4.599837949737158,4.696178149924827,-0.0963402001876652,2.0482792360316093,0.33591039622277696,0.9622771652317269
802,4.383116443944364,4.477963900484478,-0.09484745654011562,1.8815112959220395,0.3298722237462231,0.9743712809398954
803,4.115166112175705,4.286066630461828,-0.17090051828612474,1.5513125648010835,0.2880213009340204,1.0624723566011829
804,4.180061904142193,4.320538694532067,-0.14047679038987226,2.0391697298096867,0.3212339494274111,0.9919253347696337
805,4.0832438966003055,4.200327267888668,-0.11708337128835922,1.7719729823135255,0.3174971312963968,0.999614442069973
806,4.307417778544903,4.45644411824891,-0.14902633970400458,1.973147467951316,0.3158363916477011,1.0030507165797267
807,4.300009778334133,4.40107147233883,-0.10106169400469867,1.929611611126684,0.32973782508024185,0.9746420952809361
808,4.4078284065304425,4.460804467321403,-0.052976060790960844,2.0938105925360517,0.3521408470105444,0.9304447709785946
809,4.205786593828226,4.339255086955737,-0.1334684931275092,1.8421120022053685,0.3152122701573039,1.0043451665838294
810,4.087151233589666,4.23548644980318,-0.1483352162135141,1.8944703018394073,0.3126920957535483,1.0095893049467162
811,4.1786231090797274,4.261604581796752,-0.0829814727170266,1.9728478205953541,0.3375558221800196,0.9590058022617011
812,4.228739246385694,4.405311839553424,-0.17657259316773377,1.6582512658773503,0.2921248565289062,1.053471703206332
813,4.008159722592077,4.180635324633298,-0.1724756020412208,1.7994848948454063,0.30059945368419233,1.0351487394428514
814,4.307406758018495,4.431833315773299,-0.1244265577548056,2.0035077374571175,0.32497800537865534,0.9842797050361797
815,4.360481151878333,4.527323798790827,-0.1668426469124924,1.801538552854093,0.3024942683259377,1.0310992737993907
816,4.132469025741778,4.265624692735956,-0.13315566699417403,1.7648548616548405,0.3117540156693838,1.0115484263503873
817,4.247032995939265,4.357810399860205,-0.11077740392094171,1.8692966105440094,0.3239597271465445,0.9863533935291731
818,4.178519748305072,4.370142844899433,-0.19162309659435905,1.8192701333609484,0.29553405508122427,1.046058432720469
819,4.398924634343083,4.484073927535882,-0.08514929319279929,1.9307996331802322,0.3351819151710679,0.9637287923297831
820,4.078253753085993,4.1897685933146525,-0.11151484022866143,1.8322519961990489,0.32210402609955585,0.9901434138010946
821,4.0761269690404065,4.224618273209384,-0.14849130416898149,1.8600194685998988,0.31111014611967336,1.0128953575159392
822,4.16284669051958,4.310060629361655,-0.147213938842075,1.9559042750254196,0.3156923975592695,1.0033492162072735
823,4.042564431973109,4.193278094093276,-0.15071366212016457,1.7615784935280336,0.3057925042973408,1.024090556768061
824,4.431716624882545,4.526347542116469,-0.0946309172339248,1.8661253431396654,0.3293041269260284,0.9755164883075534
825,4.267092636635803,4.387072146286585,-0.11997950965078275,1.819338277014011,0.31867836926312665,0.9971774814518093
826,4.202131767619734,4.330540773422922,-0.12840900580319214,1.9393525077206935,0.3210739056987066,0.9922534481154877
827,4.26913849706967,4.468679581271892,-0.19954108420222383,1.629363638900009,0.28322604848066,1.0731004514417468
828,4.021091716125224,4.1654510747897175,-0.14435935866449157,1.8119738668856487,0.31026034733983754,1.014675896842369
829,4.4349922928278405,4.583559165034566,-0.14856687220672526,1.5783489475353552,0.2970011158668213,1.0428859536313662
830,4.169395951719086,4.341255505161091,-0.1718595534420082,1.8797036017855442,0.3045424619178755,1.026740948691932
831,4.236862613446513,4.399823011009571,-0.16296039756305802,1.9066038322093721,0.30855734259383744,1.0182538322557724
832,4.013454259365777,4.257777856314234,-0.24432359694845474,1.7688331542209976,0.2770582218784375,1.086951551099633
833,4.305263069530533,4.417609484611115,-0.11234641508058019,1.5960218448291608,0.3104338485076173,1.0143121075900452
834,4.0775132163516306,4.208394996596687,-0.13088178024505837,1.696203864732615,0.3091817123598569,1.0169405482714544
835,4.155445196138811,4.259589969365028,-0.10414477322621707,1.8218533610157586,0.32415111712562716,0.9859633108859435
836,4.138922916275242,4.264762773927832,-0.12583985765259342,1.87024225356042,0.3189753805973374,0.9965656614539364
837,4.354483130102701,4.456164633254333,-0.1016815031516316,1.9469415312982221,0.3302270501876711,0.9736566460799281
838,4.1928032984385135,4.360225274634161,-0.16742197619564436,1.9139232616989128,0.3074724038531782,1.0205400525613815
839,4.077820668359942,4.2425819559790225,-0.1647612876190827,1.7772326068966855,0.3019921149198268,1.0321707926777046
840,4.121149650841333,4.2560053752107025,-0.13485572436936977,1.876416587273913,0.3162771065534729,1.0021376698108304
841,4.006644473737496,4.167180098474367,-0.16053562473687322,1.9547715651887465,0.31141612348548264,1.0122550447508323
842,4.037102060124899,4.255225082666375,-0.21812302254147653,1.660922431669241,0.27919075317554465,1.0821390347098276
843,4.1792544146258175,4.303887532655264,-0.12463311802945043,1.8406606138078612,0.31807459217450357,0.9984223668667856
844,3.982559845970056,4.191062497496225,-0.20850265152616743,1.6686671528395856,0.2825844782465325,1.0745316255543447
845,4.215137081284412,4.360692572190383,-0.14555549090597353,1.7437922339689296,0.3066241905745025,1.022331158959239
846,4.444689538407155,4.545927461530003,-0.10123792312284863,1.8117848538342125,0.32470318374594576,0.9848389525573286
847,4.266673788780765,4.447728764556785,-0.18105497577602137,1.7300823119422377,0.29443842186779495,1.0484345943692632
848,4.135541662753291,4.259430239740959,-0.12388857698767097,1.8208294050056422,0.31743595286378645,0.9997408183434039
849,4.454484187993754,4.580187159424393,-0.1257029714306377,1.933672394858724,0.3217225848531935,0.99092421986881
850,4.06641489665136,4.223463308924683,-0.15704841227332267,1.8472193430552073,0.30777031184019826,1.0199117596531226
851,4.277457852071248,4.374413625866711,-0.0969557737954645,1.910532326605785,0.3303491346544848,0.9734108779569806
852,4.255907763160011,4.364953634658835,-0.10904587149882161,1.9062979416632766,0.3261015112431741,0.9819966243300575
853,4.100769605234732,4.252021426090745,-0.15125182085601807,1.7735490745231282,0.30619357153206583,1.0232417202464963
854,4.130230682796175,4.253137476633991,-0.12290679383781367,1.8147555183949153,0.3174904732315956,0.9996281948586269
855,4.0530120401830105,4.277870254494645,-0.2248582143116309,1.6368001513883783,0.27578658959344077,1.0898332835392068
856,4.45281770476985,4.570411340374343,-0.11759363560448932,1.9727244429380955,0.3259807291813374,0.982241820409804
857,3.9945052909355505,4.225742924822399,-0.23123763388684893,1.695893470031666,0.27710571708705667,1.08684409379252
858,4.158225627823787,4.301771017083772,-0.14354538925998384,1.9162102887642671,0.31518116497054205,1.0044097238683063
859,4.363412419512792,4.557207246905137,-0.19379482739234533,1.6161790501342148,0.28430847567191136,1.0706908114440918
860,4.181458523288328,4.31490177036124,-0.13344324707291477,1.937073095120911,0.319338706693428,0.9958177451526581
861,4.3554134467834595,4.479002176768254,-0.12358872998479598,1.7701325143599158,0.31521123060530565,1.004347324055239
862,4.124490603845776,4.2910282819370975,-0.16653767809131992,1.702863592199324,0.2977083997312229,1.0413602153409653
863,3.8764033065618664,4.1067383951620515,-0.2303350886001887,1.6542131255956782,0.2750935835636893,1.0914075685551035
864,4.270505653021552,4.3848735110273145,-0.11436785800576388,1.8090510072937187,0.32010797117178824,0.9942360294220279
865,4.209481134546761,4.302326059494935,-0.09284492494817442,1.8029507697562108,0.32720995541829434,0.9797491556274692
866,4.186934468530414,4.318080120412655,-0.13114565188224248,1.6915759606344931,0.30886145773272267,1.017613944724369
867,4.073433191186575,4.195418554126781,-0.12198536294020812,1.8583112367552568,0.3197340670268812,0.99500451789603
868,4.2225748967753995,4.361895889152842,-0.1393209923774421,1.6163267354035353,0.30219981752714464,1.031727443297758
869,4.157881741172173,4.313443016196525,-0.15556127502435402,1.827289107516541,0.30733042426209073,1.0208396316800752
870,4.020552027961085,4.173526986263327,-0.15297495830223795,1.9837134380412467,0.3150231527946187,1.0047377350290345
871,3.973914842035751,4.192365310278947,-0.2184504682431978,1.4680257071380778,0.2676666831143081,1.108451942079627
872,4.289136700932766,4.347338119453339,-0.05820141852057503,1.9898912551952588,0.3467140212462906,0.9409821215687664
873,4.130635905507632,4.254121641044985,-0.12348573553735065,1.7423766457760559,0.3139356899838626,1.0069980942938932
874,4.320811154627429,4.482307466568243,-0.16149631194081593,1.9231117015073194,0.30974591928416145,1.015755316073983
875,4.142939937096547,4.244628435283851,-0.10168849818730408,2.1971581348871787,0.33944237308146674,0.9552676292600973
876,4.250334871738166,4.372091341295552,-0.12175646955738628,1.9012422530670374,0.3216587803991474,0.9910548858754855
877,4.293173487648432,4.402519953331482,-0.10934646568304629,1.8809503266886152,0.3249369593465903,0.9843632119884991
878,4.055840107732718,4.17747911078724,-0.12163900305452202,1.868916813418637,0.32031123156036756,0.9938185128153233
879,4.3151417248092345,4.4817385008661725,-0.16659677605694156,1.859842366520132,0.3052998749218998,1.025134190343831
880,4.31988261031242,4.393401287829081,-0.07351867751665964,2.177630384754367,0.34799520058586764,0.938485041696628
881,4.307060905978838,4.5058452406490135,-0.19878433467017587,1.6953137599633603,0.28704192871629275,1.0646332464441564
882,4.232979926814338,4.387040809173475,-0.1540608823591363,1.85218566346847,0.3089578629863582,1.0174111857487889
883,4.238922737691838,4.355953433100187,-0.11703069540834932,1.8599191195137674,0.3214578054774518,0.991466575778594
884,4.099765901303255,4.26716572115446,-0.16739981985120522,1.6983341965636303,0.297195945195962,1.0424654296152165
885,4.1797509023183865,4.2936444561737686,-0.1138935538553838,2.050995007456078,0.33024506367717815,0.9736203794430752
886,4.086965253129603,4.193557240832674,-0.10659198770306944,1.914478937603139,0.3272624715694284,0.9796427972598325
887,4.115549995400696,4.244607317609904,-0.12905732220920996,1.967977247694769,0.32204342376811995,0.9902674257724604
888,4.14628303964673,4.3533834279243875,-0.20710038827765942,1.816567911181373,0.2906345656894719,1.056730577430886
889,4.120884849818805,4.271017135671673,-0.15013228585286598,1.8108244017132185,0.3083231207572885,1.018746941902869
890,4.094093021381718,4.261163915978581,-0.16707089459686486,1.6531598976680382,0.29493562949768026,1.0473555392057563
891,4.2630616530792915,4.329561860134112,-0.06650020705482262,1.9809258713072402,0.34350934047648074,0.9472540476103949
892,4.2943230413194025,4.438610693725747,-0.14428765240634078,1.9607546016732469,0.3168318799520939,1.0009895098517956
893,4.232576596091296,4.329159650678922,-0.09658305458762584,1.8845734695859422,0.3294076001940537,0.975307804738726
894,4.396432815242968,4.5226537451478555,-0.1262209299048891,1.9382710107048764,0.3217442831969622,0.9908797873913371
895,4.362706812259163,4.513163122373681,-0.15045631011452087,1.8167417221054762,0.30849344618866503,1.0183883294539178
896,4.285963895587067,4.4437413808047355,-0.15777748521766455,1.9266110563552399,0.3110766064007894,1.0129655706781988
897,4.216378249047787,4.337778613037288,-0.12140036398950116,1.8851452081773452,0.32109035829363824,0.9922197129331226
898,4.055096719100889,4.1854996926369585,-0.1304029735360679,1.6875335926731907,0.30891058320112175,1.017510619094498
899,3.8876766711709303,4.106731224459295,-0.2190545532883661,1.7540514269653364,0.2838584788924686,1.0716918138537672
900,4.2406696010961875,4.4033043099495055,-0.162634708853318,1.8236445438979727,0.30488656082280696,1.0260106569314846
901,4.1998067729390955,4.299464299243152,-0.09965752630405689,1.9134030443552419,0.3295521476903567,0.9750163542792065
902,3.9324097457592844,4.102567132363075,-0.17015738660379043,1.8983680742437574,0.3059197622618626,1.0238211424564705
903,4.069618182336101,4.27457621957191,-0.20495803723580863,1.7121366713844282,0.2860059180923841,1.0669245274202015
904,4.186284772490336,4.357758983056221,-0.17147421056588286,1.8105579856703935,0.3014477408636522,1.0333337443377486
905,4.103736269862236,4.247033040288097,-0.14329677042586297,1.700753792065795,0.30524152983368064,1.0252578681663718
906,4.254621771087625,4.466123166284542,-0.2115013951969189,1.6421711388256153,0.2801987664186178,1.079872936291127
907,3.912339464140854,4.105655116604919,-0.19331565246406157,1.8227822841759673,0.29517800492591983,1.046829970539293
908,4.500055192440343,4.69872679430265,-0.19867160186230848,1.8338588105424538,0.2940560968082737,1.0492651588521722
909,4.065442639584789,4.201925559456119,-0.1364829198713302,1.8991164795549436,0.3167334924955088,1.001193036418122
910,4.2039371374766015,4.329508051175872,-0.1255709136992742,1.766959591782995,0.3143950987572689,1.006042557449802
911,4.44432394369828,4.6267948342110055,-0.18247089051272525,2.0071206144088967,0.30682115458040043,1.0219149530449803
912,4.320719985566918,4.397022347016656,-0.07630236144973779,2.119722144474066,0.34512512202023937,0.9440871368191102
913,4.282829855797652,4.434560273698474,-0.1517304179008221,1.9440512129296215,0.3137495059102444,1.007385605548018
914,4.041362690301022,4.160041720180149,-0.1186790298791287,1.9558350568866647,0.32494136413380814,0.984354250248881
915,4.151371968492104,4.3417292007916535,-0.19035723229954726,1.7419861985005571,0.2921048782761172,1.0535153164109035
916,3.9670703147271036,4.182391080684673,-0.21532076595756777,1.6485729681948396,0.2793720674193727,1.0817310153065727
917,4.344600876424178,4.484016498674987,-0.13941562225080872,1.9115486719016772,0.31631619690705737,1.002056725089064
918,4.403301401819868,4.516359588155749,-0.11305818633588416,1.922201604539099,0.3254216379433015,0.9833775851543625
919,4.256520725638393,4.393743895261957,-0.13722316962356018,1.8414282619988196,0.3139461111533999,1.006976408827499
920,4.319038189294994,4.395460543576118,-0.07642235428112443,1.960480258012872,0.3393243031524435,0.9555011913861915
921,4.242442047889431,4.365618653913548,-0.12317660602412062,1.7859961629082362,0.31608667879448626,1.0025320841031182
922,4.315161563033219,4.435131578967396,-0.11997001593417878,1.8745353192072853,0.3211093975743765,0.9921806752966889
923,4.232587683486195,4.383754220740198,-0.15116653725400298,1.8235835403201923,0.308580338268513,1.0182054325717391
924,4.190868491064934,4.3314345351256796,-0.14056604406074769,1.8796368457319828,0.3145545994695407,1.005711022312572
925,4.283286050068413,4.346338512214156,-0.06305246214574467,1.9332006925250491,0.34291528995267434,0.948420769868839
926,4.050332671960473,4.161584688749062,-0.11125201678858687,1.8394565437911456,0.322508865923848,0.9893153708870767
927,3.9664436702379158,4.122203808271819,-0.15576013803390154,1.854813802211595,0.3085308748438802,1.0183095426733337
928,4.183464972751396,4.300547589468205,-0.11708261671680731,1.9613990068945135,0.32569239807586914,0.9828273917208415
929,4.091006102623436,4.199729738711393,-0.10872363608795865,1.7972770966249305,0.32149644506282515,0.9913874109297153
930,4.377602333032297,4.525233207349902,-0.1476308743176027,2.0146111416332357,0.31798200094655804,0.9986134110537189
931,4.295811919166277,4.412991190062333,-0.11717927089605595,1.9889914203351213,0.3267661061095696,0.9806485047795798
932,4.377121198782871,4.512501445989952,-0.13538024720708108,1.7987841643067695,0.3126051548588222,1.0097707126004718
933,4.11153040265753,4.246405804581191,-0.1348754019236651,1.7056023528293887,0.308302485099805,1.0187903982395456
934,4.298292306610258,4.459642675662486,-0.16135036905222577,1.7512281181057006,0.30182207050901305,1.0325339102542277
935,4.31694255807419,4.463966870924506,-0.14702431285031992,1.9238349301049036,0.3143894981346216,1.0060542008067908
936,4.316625997390699,4.438230196126471,-0.12160419873577055,1.924940446877704,0.32270568677414013,0.9889130464834788
937,4.245106131387407,4.4012023476583115,-0.1560962162709032,1.8347111812422696,0.3075014266914483,1.020478825200878
938,4.278244920355417,4.488442930598727,-0.21019801024330675,1.6453399846776335,0.28077896500829935,1.0785711119869366
939,4.006820284012069,4.1563393665838015,-0.1495190825717323,1.7391917492448492,0.3050925365880808,1.0255737698782217
940,3.9506759606120214,4.088020543345235,-0.13734458273321337,1.605302937158572,0.30227979181212056,1.031556789108185
941,4.111206378876777,4.2932736405116545,-0.1820672616348773,1.7844549929448084,0.2968331166655359,1.0432487150282466
942,4.099198572150958,4.228220411936213,-0.12902183978525272,1.8796087275963798,0.3183323022315443,0.9978908234987552
943,3.9889872862030495,4.153796920141635,-0.16480963393858872,1.8178147966176814,0.3039165640379173,1.0280707169286614
944,4.411795242060024,4.497136610464074,-0.08534136840405182,1.910400437969919,0.3343040845025693,0.9654807274649444
945,4.486827240123916,4.615031460106308,-0.1282042199823863,1.8614569878722742,0.31780894995281217,0.998970566240271
946,4.217432458780007,4.35031171701054,-0.13287925823053115,1.718741151133627,0.30962230985629535,1.0160148609001998
947,4.203153792154489,4.412485968804533,-0.20933217665004378,1.7594571108426056,0.28710328359438864,1.0644977268995153
948,4.274280731334529,4.438757712692419,-0.16447698135788613,1.8197430823831544,0.30411374074132397,1.027651603777898
949,4.206519012853492,4.316507972159019,-0.10998895930552877,1.8328854011300635,0.32264817120310635,0.9890305983551447
950,4.349222523331961,4.507945403819213,-0.1587228804872538,1.8556720266444904,0.3076195860038374,1.0202295926182579
951,3.88533677690429,4.06397336158384,-0.17863658467954835,1.7533760460990804,0.2963816176195994,1.0442243198100767
952,4.1860724515667345,4.265205992233981,-0.0791335406672431,2.039209232257198,0.341333364681795,0.9515340053767779
953,4.338356923014925,4.5316002181623185,-0.19324329514739347,1.8637236079861879,0.29714292931383607,1.0425798420315124
954,4.135964963385914,4.275617278255328,-0.13965231486941576,1.8139366655656115,0.311895439130825,1.0112528238561291
955,4.082557920013973,4.217842373052126,-0.13528445303815317,1.7619569940530955,0.3109064907632662,1.013321773334835
956,3.903674625104345,4.111416852420565,-0.2077422273162206,1.7548501954161724,0.2873569198072972,1.063937707159418
957,4.416366332531852,4.424888703742822,-0.008522371210972324,2.0588387924474647,0.3666354793265063,0.9027935418799476
958,4.1952144580611845,4.3194535053730485,-0.12423904731186752,1.8428473273972017,0.31830283721302305,0.9979515826958528
959,4.102068368499407,4.225033185876112,-0.12296481737670106,1.7807818998014504,0.3159168525041414,1.0028839602064954
960,4.124528434548272,4.279238767673244,-0.1547103331249744,1.9689228261766045,0.3138558330356655,1.007164284757253
961,4.374134085545667,4.498511969025597,-0.12437788347993006,1.874125616060332,0.31962821087930693,0.9952221917198198
962,4.325387132185289,4.480220483110268,-0.15483335092498152,1.9826640556919068,0.31439197088217435,1.0060490600968217
963,4.229348834384759,4.380568480877275,-0.1512196464925175,1.8879440218661117,0.3114765332050222,1.0121286755806667
964,4.207958127759224,4.350340481326085,-0.14238235356686246,1.865762763840344,0.3133494633602737,1.0082187398684848
965,4.166035542582194,4.2809165041483395,-0.11488096156614347,1.884729321803733,0.3232427131600609,0.9878161162554219
966,4.234435996678106,4.367545518651528,-0.13310952197342374,1.9424179673738378,0.3196708975922585,0.9951344086217749
967,4.198373849831882,4.345658071137334,-0.14728422130545127,1.9683824826174625,0.316192685063732,1.0023125045014192
968,3.933876260105916,4.048272613295855,-0.11439635318994235,1.742921661152284,0.3170549643961177,1.0005281857388666
969,4.133256019131655,4.203823112902014,-0.07056709377036086,1.9436116569185424,0.34069795143231474,0.952787100404023
970,4.234689275450667,4.381564224082772,-0.14687494863210304,1.6684628854975019,0.3024019200471809,1.0312962421046448
971,4.281820901994274,4.449575663884375,-0.16775476189010163,1.8569535097422065,0.30479991350998303,1.026194499651031
972,4.30803998923851,4.465146509105675,-0.15710651986716329,2.0511207291330686,0.31647017557472595,1.0017379440215894
973,4.243335807994343,4.437312916016508,-0.19397710802216395,1.72345354619452,0.2900191165759481,1.0580796820618612
974,4.2891861277091055,4.395678163613268,-0.10649203590416079,1.9919564713736087,0.3304037952745214,0.973300859768676
975,4.1022905133642995,4.254183742882248,-0.15189322951795248,1.717965839282157,0.303258449037817,1.0294708964297639
976,4.36750248596853,4.486220772949902,-0.11871828698136966,1.95486749585353,0.3248890779073853,0.9844606340518952
977,4.113204657583339,4.28624938380766,-0.17304472622431888,1.9016581520603957,0.30516042709300356,1.0254298128988868
978,4.2104759557261895,4.307906435380523,-0.09743047965432794,1.8600853851824755,0.32809218637707505,0.9779638850233882
979,4.161614028173823,4.316254237526773,-0.15464020935294798,2.0639056098909,0.3177481428255376,0.9990960946565322
980,4.218045434823229,4.446240569697493,-0.2281951348742659,1.6903573875232212,0.27772540124276557,1.0854432146482473
981,4.275112168426255,4.403643993415398,-0.1285318249891425,1.8985569383320655,0.3193108170260387,0.9958751370249456
982,4.226975115919687,4.342266666294013,-0.11529155037432659,2.001166562440928,0.32786551898867067,0.9784222683970255
983,4.450504757036691,4.619587700274095,-0.1690829432373988,1.7923943439773993,0.30133958808032046,1.0335649586459241
984,4.147730910485625,4.353750884418669,-0.20601997393304572,1.7159216443150802,0.28587546695279903,1.067213435393251
985,4.312719820632442,4.494247486310573,-0.1815276656781286,1.691685816168894,0.2923050095343926,1.0530785135430594
986,4.2439520161288025,4.46551210428948,-0.2215600881606754,1.7732159901967748,0.2840793658854277,1.07120032418615
987,4.076397517747183,4.182145633006141,-0.10574811525895456,1.9885062845105868,0.330515468522164,0.9730761260003707
988,4.394188006893484,4.564253284052007,-0.1700652771585247,1.9248565374698519,0.30712397028765304,1.0212754162821889
989,4.1419265903294376,4.211515303758216,-0.0695887134287787,1.9004833417498181,0.33936331546032344,0.955424012731309
990,4.151349141121163,4.313537982508129,-0.16218884138696765,1.821972463002136,0.30495111666981756,1.0258737090086454
991,4.130630930670635,4.222914791453804,-0.09228386078317286,2.087436478153016,0.33868170488553895,0.9567732735191407
992,4.286805957741014,4.405548802056916,-0.11874284431590354,2.041554293968426,0.3283081446462408,0.9775273494845311
993,4.301089422708956,4.378534493514894,-0.07744507080593621,2.0410037271112795,0.34196884062270205,0.9502822793016749
994,4.261886479292362,4.346417420851448,-0.08453094155908758,2.0276630612399686,0.33909136070459645,0.9559621435546789
995,4.1467327523830635,4.286382754091217,-0.13965000170815145,1.6340191614594692,0.30302827058990195,1.029961091657073
996,4.3107285289143435,4.357559385998052,-0.04683085708370527,2.013383559487089,0.3515186330477696,0.9316476810064043
997,3.977782610787476,4.12445091962664,-0.1466683088391605,1.7406471542557194,0.3061031407397653,1.0234330476060722
998,4.301975122376885,4.358967896819773,-0.05699277444288242,1.9464120999703125,0.34553616227486705,0.9432830129939387
999,4.42399715755153,4.48940980935856,-0.06541265180702993,2.0866205637102047,0.34765401521472444,0.9391494562009843
