,logR,logI,logS,d_G,p,sigma
labels,$\ln\mathcal{R}$,$\log\mathcal{I}$,$\ln\mathcal{S}$,$d_\mathrm{G}$,$p$,$\sigma$
samples,,,,,,
0,10.43954331180423,11.670506143425676,-1.2309628316206727,3.540000965940582,0.15584956571806446,1.419169637067318
1,10.69222354995047,12.01259279078463,-1.3203692408351344,3.9222752866762693,0.15432572901329353,1.4244172314979395
2,10.795244437067524,12.13291654143785,-1.3376721043705402,4.7545875102619135,0.17025852851381512,1.3713735817703332
3,11.057939902540895,12.382897327227113,-1.3249574246856355,3.679503255934115,0.14794375465016638,1.4468328114861686
4,10.829882907105386,12.130045017921432,-1.300162110816018,3.982872877461338,0.15817979650861863,1.4112198581961521
5,10.945034585331015,12.310133570162371,-1.3650989848301833,3.5932755957101215,0.14116069961712474,1.471482415440775
6,11.177656534941818,12.616379995424033,-1.4387234604810146,3.8762818166802404,0.13969335030152852,1.4769339238894552
7,11.176392052280718,12.474441317057966,-1.2980492647775463,4.930726605068255,0.17860600701494378,1.3450595423745049
8,11.111076726006942,12.464356747695916,-1.3532800216889882,3.8032596851881664,0.14762858094388487,1.4479587728774888
9,10.619631634395702,11.958384235709325,-1.33875260131299,4.929736133144166,0.17357434940343144,1.3608080749532336
10,11.042317648962964,12.283380205060325,-1.2410625560969493,4.116845539599392,0.16862760025991083,1.3766269953015882
11,11.16371306138619,12.454483855723367,-1.2907707943377318,4.700266876987804,0.17493415632753173,1.356518804771527
12,11.22788983398361,12.467812110124456,-1.2399222761405326,4.368099101812536,0.17438167558759446,1.3582584940351008
13,11.054180693672535,12.177414076256333,-1.1232333825837486,4.807222211208389,0.19914398735956643,1.2839941927554872
14,10.771166733146785,12.036905251626315,-1.2657385184793384,4.606323762289325,0.17615314261185483,1.352694830534489
15,10.597662292367133,11.848747844365917,-1.2510855519985853,4.657065346059419,0.1790642051188267,1.3436419256679157
16,10.345924060565196,11.605139865213502,-1.2592158046500117,3.4771900343807083,0.15071055110261367,1.4370261930465327
17,11.039894618462242,12.48772669129621,-1.447832072834899,4.631353180898666,0.1549046417100698,1.42241903070058
18,10.469890423842955,11.765162810369851,-1.2952723865264488,3.814517324869641,0.15478397193313323,1.4228350713235807
19,11.309171662718583,12.581142724914976,-1.271971062196826,4.640198907866726,0.17606509135403822,1.3529703858809545
20,10.951329870707852,12.079802516953137,-1.1284726462454273,4.463067206505745,0.19125586309945872,1.3068729535617825
21,11.142719148302533,12.533497805656822,-1.3907786573545309,4.892261646570354,0.16662387345834365,1.3831337023187593
22,11.177799726387931,12.39120432812755,-1.213404601739967,5.086891686216321,0.1924483791096967,1.30337027640686
23,10.687354123616316,12.012408525233646,-1.3250544016163985,4.379975115204548,0.1640311041010559,1.3916411078565736
24,10.252471481293398,11.616948436142636,-1.364476954850943,4.132603502487866,0.15392158405683742,1.4258155745304288
25,10.832033976974273,12.17920858971111,-1.3471746127361257,3.7026566869804967,0.14591180943687734,1.454124437692891
26,11.03510253335655,12.485319564593816,-1.4502170312362068,4.161507072873963,0.1448139060815168,1.4580966448164803
27,10.914454083320308,12.280504240986488,-1.3660501576659954,4.920838821619338,0.17011037032096957,1.3718492548730365
28,10.633656516394623,11.889882265535434,-1.2562257491399578,4.0566558945182525,0.16532514220768812,1.3873825530426027
29,11.076715299687677,12.315077924639333,-1.2383626249520603,5.228748341455134,0.1918531759799183,1.3051165150781674
30,10.951513145181636,12.369002837571571,-1.4174896923896085,3.701800398579774,0.13793434944954955,1.4835273725654985
31,11.036138099209822,12.446718589288608,-1.410580490078246,3.4225435783177645,0.13181741410624326,1.5069736396562585
32,10.997800833710173,12.25075771648359,-1.2529568827731055,4.29073236906865,0.1710249838423536,1.36891775899192
33,10.639548552116977,11.797153196115069,-1.1576046439986385,4.291198539598353,0.18351260931466976,1.330017184837865
34,10.905106756121242,12.193046993121527,-1.2879402370008393,3.992601410506019,0.15989944537310816,1.4054098299008042
35,11.035084344828576,12.369945101340875,-1.334860756512171,4.738354108219841,0.17027469967072853,1.3713216818251432
36,11.06754490233918,12.430367812434902,-1.3628229100950193,4.960286457284489,0.17125740349097854,1.3681746852552659
37,11.026415199114965,11.998843815927906,-0.9724286168129765,4.919032795475191,0.22320617182440675,1.2180468444274999
38,11.381069828144902,12.524618481262877,-1.14354865311725,4.612344543499944,0.19235483990058044,1.3036444435046384
39,10.326856333397629,11.667846668299546,-1.3409903349029264,3.7180205961647665,0.14700605976474018,1.4501881460152752
40,10.873398938315333,12.216025015433956,-1.3426260771193483,3.5599971420451872,0.14290799749877678,1.4650473579558394
41,10.881609805162881,12.05076311434292,-1.1691533091807287,4.581028620685181,0.18822776996984442,1.3158399421517906
42,11.211107941115117,12.43442482194768,-1.223316880832499,4.326430778658445,0.17560779813283842,1.3544031345304628
43,10.943507465980403,12.110639774462271,-1.1671323084810865,5.069937283655237,0.19828780953958328,1.2864449785127425
44,10.397732134821055,11.667730771407136,-1.269998636586024,4.043364060085564,0.16329505641289072,1.3940746729612925
45,11.028986416169502,12.524107721678725,-1.4951213055101107,4.121139548509326,0.13906082522282034,1.4792974832450978
46,10.690277695865845,12.058813807774776,-1.3685361119096342,4.130489304354999,0.15340021563404518,1.4276236396676936
47,10.150365479994363,11.468653388087766,-1.3182879080932253,3.8634441369725074,0.1531852591020394,1.428370452759059
48,10.80960762880288,12.132381247994068,-1.322773619191139,4.136285520944689,0.1589538614028959,1.4085987070336237
49,11.044253626652718,12.22851078515599,-1.1842571585038968,4.00065680724717,0.173281419306965,1.3617353550417586
50,11.229752585068965,12.336483033039116,-1.1067304479702216,4.493178192037524,0.19492069495795,1.2961590484519834
51,10.708559914048166,12.020057741818498,-1.311497827770836,4.215736674960425,0.16209351468005664,1.3980651141819067
52,10.636865999986114,11.894243648719943,-1.2573776487333816,3.397564436633047,0.14883518846216298,1.443658045318274
53,11.352548405966374,12.746620250833914,-1.3940718448675398,3.722185579340909,0.14102848831837003,1.4719718168762432
54,10.947385240698097,12.290722859810202,-1.3433376191114803,4.07994564995148,0.15522631267229725,1.4213111871460775
55,10.090644696905585,11.365375428930996,-1.2747307320250911,3.2421467798564976,0.14253991155296292,1.4663979241071925
56,11.19011406444126,12.524671353370245,-1.334557288929318,4.000898287181107,0.15446251923982635,1.4239445671469513
57,10.92964358851161,12.37098814251415,-1.4413445540021712,3.3491099277224734,0.1266567620227689,1.5274193733902606
58,10.530153735738097,11.843053010633227,-1.3128992748943347,4.276975296941286,0.16327365391942233,1.3941455587727114
59,10.936514468479729,12.402175962364943,-1.4656614938858183,3.6433325068864413,0.13133037371505463,1.5088763928130327
60,11.176139528300993,12.431959496902579,-1.255819968601827,4.971185581529882,0.1847265916055166,1.3263415449366793
61,10.8306082925955,12.201720753905612,-1.371112461309167,3.9022421658333712,0.1478979443288044,1.4469963554228824
62,11.260768034635404,12.597430754264494,-1.336662719629203,4.217423235284002,0.15909525575754382,1.4081209592800161
63,10.96325471424818,12.047364644452344,-1.0841099302042494,5.193499297517313,0.21209880406911874,1.2478150276665467
64,10.381768542468237,11.724243805169458,-1.342475262701555,3.656489197745554,0.14532632181656704,1.4562398684376916
65,10.466501638875272,11.864260229963875,-1.3977585910888592,3.7834139369541155,0.14207347020298172,1.4681132235724486
66,10.677906679745249,12.171486671166697,-1.4935799914219388,3.952438879289989,0.13550945127160255,1.4927239889167476
67,10.848632825089155,12.247979329986705,-1.3993465048979488,4.163824333686424,0.15058065942739537,1.4374834945516237
68,10.65704968998027,11.965266931952272,-1.3082172419717608,3.836204737752828,0.1537425284069749,1.4264359999275629
69,11.025349196163845,12.23465238496592,-1.2093031888025507,5.037522841173841,0.19204490732391605,1.3045535690667782
70,10.809332122905218,12.113619807991242,-1.3042876850859102,3.476599519447092,0.14526741205081037,1.4564530769790272
71,11.01940079486296,12.288832587827777,-1.2694317929654062,4.362486095196198,0.17051618018198844,1.37054710979273
72,10.33000952797731,11.81168864814606,-1.4816791201701562,3.368150562861988,0.12294208247916953,1.542541412888232
73,10.994397396570932,12.280911081117601,-1.2865136845466623,3.8426541437650172,0.15652698794130374,1.416849314925092
74,10.273740808911427,11.649892771204179,-1.3761519622930791,3.788686205373441,0.14464654347426836,1.4587041860096424
75,10.95958970193162,12.137643097933449,-1.1780533960027242,4.689221997981003,0.18928046130910162,1.312710668523228
76,10.588349276051233,11.910201916791124,-1.3218526407408717,3.348308610408754,0.13985720036790614,1.476323008220725
77,10.912271538356364,12.029782523750875,-1.1175109853948015,4.188207820086284,0.18666645432086423,1.3205050402968783
78,10.665471070474197,11.982087948264073,-1.3166168777906933,4.284086388313817,0.16297722325991804,1.3951280688136969
79,10.67027012145438,11.97019217535317,-1.299922053899536,3.8964424897692904,0.15617883868465787,1.4180408501506956
80,10.698287707223173,12.113558986940333,-1.4152712797167624,4.288325009282669,0.15147151509811657,1.4343531321845895
81,10.470271488031287,11.786947331413565,-1.3166758433826544,4.67993286582608,0.17131549262592474,1.367989085219319
82,11.160425359183975,12.53318867418664,-1.372763315002885,3.6809414623971257,0.14244135100337837,1.466760012860866
83,11.130280752256041,12.190136008206593,-1.0598552559504242,5.244296391961733,0.216495780231445,1.2358998838069903
84,10.591161141852282,11.853844020606203,-1.2626828787551858,3.7322311603699845,0.15676512579205745,1.4160354490771272
85,10.318718498576274,11.837213086097968,-1.5184945875207632,3.2942508802322585,0.11738936087327916,1.5658259861714905
86,10.917448276412799,12.117173674689553,-1.1997253982772236,4.401890904857341,0.18033515908609407,1.3397237934607171
87,10.913051431575624,12.232483345633,-1.3194319140575317,3.8845851148353105,0.15354974140427327,1.4271046187045684
88,11.517854588450902,12.692911866863433,-1.1750572784130782,4.690319465698433,0.18970441938553678,1.3114540170313254
89,10.927181389293693,12.107124755155539,-1.179943365861618,4.380310502045484,0.18248409404248464,1.3331453971141638
90,10.51174174157488,11.706459919354337,-1.1947181777777587,3.6458691482710144,0.16319539746242778,1.3944048065662216
91,10.578589842457333,11.807192016268871,-1.2286021738118507,3.541743283118585,0.1561913022291187,1.417998159115467
92,10.14369486596199,11.388542030093902,-1.2448471641318974,3.7921204201644763,0.16046092103550105,1.4035230580470637
93,10.634110331386111,12.134042412771016,-1.4999320813840313,4.343945740752808,0.1432837902375132,1.4636712656155575
94,10.518486023389343,11.712110695924565,-1.1936246725344972,3.575529490283003,0.1615264544701593,1.3999561349708893
95,10.882318564748786,12.170992120846861,-1.2886735560978195,4.499970340071803,0.17105145089943252,1.3688331024696567
96,10.582131027103898,12.164961900776063,-1.5828308736727195,4.422816546026304,0.13621301721043202,1.4900426683412011
97,10.924613320242244,12.192862042878318,-1.2682487226356898,4.34123596352525,0.17020255528422903,1.3715532515909312
98,10.712911498025207,11.964763686921444,-1.2518521888960095,4.12636174041247,0.167477147727503,1.380355716795582
99,10.749149084464008,12.224163277155263,-1.4750141926915603,4.03146187500894,0.13925171841123954,1.4785833013263376
100,10.875236107772182,12.274865766212109,-1.3996296584400625,3.7901519102840435,0.14202268756353295,1.468300233443685
101,10.77873168284161,12.021371664783366,-1.2426399819414655,4.4474129592261455,0.1757461704871226,1.353969305821445
102,10.823123092080024,12.12528126951942,-1.3021581774391962,4.863943619898604,0.17678787271930452,1.3507114821286939
103,10.88235536430959,12.165241757329142,-1.2828863930189982,4.5102345869598945,0.1719893823290174,1.3658393823764283
104,10.51435728830431,11.969761962080227,-1.4554046737757744,4.437193542209718,0.15009607747104808,1.4391921903555012
105,10.692622689274614,12.226237226038684,-1.5336145367637073,3.7809997930664387,0.12748474742250585,1.5240959373651677
106,10.519862444703833,11.910285143113917,-1.3904226984104753,4.499853355850028,0.15879610557851245,1.40913211718234
107,10.635172622434695,11.891864232700904,-1.2566916102659889,4.115075233021317,0.16660921242700116,1.3831815272410752
108,10.577254887812089,11.955017607516545,-1.377762719704151,3.7205329092600934,0.14283126403475793,1.4653286848249605
109,10.945995208186943,12.339443960091408,-1.3934487519036338,4.031640346937463,0.1483049065522361,1.4455448435773652
110,10.629446759813547,11.99606779547036,-1.3666210356559532,4.138382521709442,0.15379980185459882,1.4262374884879112
111,10.882290674177895,12.009293633016746,-1.1270029588395118,5.400670695390692,0.20988907176262936,1.2538705200510594
112,11.107733793635745,12.414633535902489,-1.3068997422669781,4.729458119360187,0.173521680442546,1.3609747140455555
113,11.245667409960262,12.483623087201131,-1.2379556772402793,3.8405386121835114,0.1625094049685594,1.3966813831577123
114,11.492078854896064,12.492523328687916,-1.0004444737924132,5.295181535607142,0.22608818856203275,1.2104971373487905
115,10.44354833024856,11.638199782179804,-1.194651451932259,4.7946740074919525,0.18921178360041307,1.3129144308846963
116,10.816244764723635,12.089911364063532,-1.2736665993397764,4.911418808670042,0.1812918671622672,1.3367879391852218
117,10.801656516921796,12.060031428324542,-1.258374911402825,4.105123248647175,0.16616991148681723,1.384616016102283
118,10.880501228973955,12.229089200848335,-1.3485879718746219,3.9765293649242075,0.15224253753423825,1.4316551513277274
119,10.804149369207082,12.252130411269903,-1.4479810420634749,3.6692592019634365,0.133836342347041,1.4991437559513683
120,11.131237017182613,12.422574226198115,-1.291337209014273,3.9759648346068666,0.15909518836147785,1.408121186923441
121,10.371270188479613,11.81875771722327,-1.4474875287442046,4.037781178668547,0.1423884852089229,1.466954308874205
122,10.790587936146878,12.106053137078774,-1.3154652009316123,4.9171469938856625,0.1761819489271608,1.352604703813298
123,11.075726532302653,12.387994251021837,-1.3122677187193403,4.067409216772113,0.1586608265640111,1.4095898473939432
124,10.781895628353524,12.10636011621149,-1.3244644878577674,3.8602801581591457,0.15237371762135618,1.4311971588077026
125,10.628831202996409,12.030664080783026,-1.4018328777865463,3.701176922248866,0.13965550288450485,1.477075116538504
126,10.835599585252496,12.153871162192992,-1.3182715769398783,4.1782844222920055,0.16043823851817596,1.4035991831233299
127,11.13259639718028,12.224084779276957,-1.0914883820969408,4.4952246581606445,0.1971048279029515,1.2898439986976595
128,10.635796244295236,11.825723906185303,-1.1899276618905787,4.413134083415265,0.18187244158955984,1.3350119309276467
129,11.34959379758304,12.494913848667387,-1.1453200510832175,4.851709595424538,0.19699542469135406,1.2901590966632752
130,10.53417034612714,11.833066481908972,-1.2988961357805238,3.889533039544304,0.15613938773863112,1.4181759974284462
131,10.536623591596182,11.873459727641986,-1.3368361360453491,3.6468871084299934,0.14574596165960882,1.454723003144539
132,11.2253185107392,12.567757975706733,-1.3424394649673559,3.7546662847345935,0.14772531544930417,1.4476129926139956
133,10.461481172886053,11.726133937297014,-1.2646527644119487,3.8598015529452745,0.1596306980939344,1.4063146961356792
134,10.70295924511531,11.905900705876029,-1.202941460760485,4.565832379311754,0.18341348741500965,1.3303180958944087
135,10.976470302566597,12.370035429675504,-1.393565127108559,4.057784624394639,0.14888119810192868,1.4434945803719785
136,10.808261937834615,12.061404161114922,-1.2531422232796103,3.692676124675206,0.15696542869896077,1.415351614408206
137,11.248559611917628,12.313944231544895,-1.0653846196282757,3.9607068586536016,0.18864736012927744,1.314591108060646
138,10.88648867419299,11.994823200901372,-1.1083345267079494,3.801541210469292,0.1786956862087128,1.344781871642975
139,10.819459757317347,12.141557368942365,-1.3220976116244856,4.543185882012933,0.16783990512024968,1.3791779165183802
140,11.504166942197955,12.677988121729129,-1.1738211795309326,4.123211998759709,0.17752737796372012,1.3484074224985843
141,10.945664151259663,12.270467057548004,-1.3248029062888236,3.855231994026724,0.15221355514418478,1.431756378827526
142,10.580794398317195,12.123289941848952,-1.5424955435319134,3.4798984531766006,0.11956199547281482,1.5566146836010633
143,10.708130798009662,12.072350268251377,-1.3642194702424604,4.190715138316133,0.15524176318969055,1.4212580190347741
144,10.943190419047752,12.209786047774244,-1.266595628727373,4.165097866075461,0.16650196401689035,1.3835314724808279
145,10.60082743258856,11.936285069350774,-1.3354576367619302,4.978087758515288,0.17490871130025692,1.3565988376556761
146,10.68452081844218,11.920741699781644,-1.236220881337431,4.243032729453734,0.17209864319886448,1.3654914351998344
147,10.470301148881774,11.655965327660056,-1.1856641787780973,4.222469110548833,0.17821959923867547,1.3462571518256408
148,10.546082231050534,11.723025743539672,-1.1769435124888332,3.9117922907965443,0.17212374020427534,1.3654115357661698
149,10.891908466087372,12.10049905653323,-1.208590590445965,4.38456546885098,0.1787955546336013,1.344472774305042
150,11.029227723848564,12.21894796035427,-1.189720236505309,4.506219351598828,0.18389968576874333,1.3288432624399646
151,10.57511605169195,12.066620152372906,-1.491504100680686,4.4637262820592625,0.1466703958307836,1.4513932227855195
152,10.730411756187024,12.137045097345528,-1.40663334115834,4.813655663744553,0.16323744058874626,1.3942655145548952
153,10.680197229771622,11.854021039095592,-1.1738238093230393,4.2852848652106434,0.18120292029168036,1.3370604051490862
154,10.85617268455728,12.19101720426471,-1.3348445197079855,3.899552402099868,0.1520701959709242,1.4322573088042814
155,11.112985077646883,12.358214163502154,-1.2452290858545894,4.352570499212598,0.17336478563982224,1.3614713369233422
156,10.373459155729435,11.747664927609513,-1.3742057718800424,3.7760391861266633,0.1445675999957242,1.4589909448523712
157,10.69184101362309,12.199114389261283,-1.5072733756378511,3.9566532174449414,0.134160487664898,1.497895174318203
158,10.77948425499919,11.887726553481066,-1.108242298481855,5.253428564935,0.20981645450751044,1.2540702996619668
159,10.828153215771565,11.98417014630165,-1.1560169305303134,5.029684973282935,0.19902165977066213,1.2843438799438773
160,10.92254321033026,12.122932679980295,-1.2003894696499628,4.481933880702018,0.18197188396717628,1.3347081534740601
161,10.604960576713822,11.95051534817727,-1.3455547714629574,3.8345889973005214,0.1492751827089381,1.4420963922033339
162,10.977698812202036,12.118015749751692,-1.1403169375498692,4.746290589709645,0.19555833877883214,1.2943100721914578
163,10.633318704524683,12.069582689869016,-1.4362639853443397,4.8242150566881,0.16002962891043732,1.4049719181878406
164,10.771551035796548,12.001604877083423,-1.230053841287372,4.567673902372608,0.17991414278386275,1.3410194345280047
165,10.775487063116017,12.139601116476548,-1.3641140533600264,4.254472506415148,0.15665338863558606,1.4164172079358155
166,11.231311214608397,12.5650859478448,-1.3337747332361687,4.4652938608298705,0.1647910536246069,1.3891371345352985
167,10.568653119810662,11.808204381599737,-1.2395512617886197,3.7892995208865656,0.16105796633108468,1.4015222246853358
168,10.68926000427193,11.922184546075826,-1.2329245418040955,4.357426642522151,0.17504736799370113,1.3561628225578186
169,10.315113484350988,11.43404823209913,-1.1189347477493357,4.403823836814301,0.19128847815153824,1.3067769427337645
170,10.724861844139852,12.063367259255571,-1.3385054151158329,4.215020102302267,0.15882193291615315,1.409044761333188
171,10.685721454427878,11.95221938127522,-1.266497926847478,3.8727658641700238,0.15971302356094022,1.4060373857570017
172,10.262004995944991,11.594063423189844,-1.332058427244192,3.8490066226281385,0.15120533345439038,1.4352869903459158
173,10.885224294119254,12.274487427499515,-1.389263133381064,3.663025519713777,0.14014034010587384,1.475268617368264
174,11.04821863419322,12.329997512221695,-1.2817788780275805,4.374890663322027,0.16923984870565553,1.3746504213597281
175,10.787938475214943,11.94999689241103,-1.1620584171969313,4.587489073588529,0.18931953629687195,1.3125947598606242
176,10.872413317250832,12.381325143237952,-1.508911825987525,4.000172396358014,0.1349531252622695,1.4948517950075504
177,10.907630267052738,12.167599620506707,-1.259969353453016,4.48449956425792,0.17432912930178968,1.3584241695844999
178,10.70577805292207,12.00574133253437,-1.2999632796127116,4.152519410928413,0.16208792185131396,1.39808374063166
179,11.000781378092071,12.193360419672238,-1.192579041578938,4.968576883795311,0.1929255464751656,1.3019732022698818
180,11.070606682708714,12.273540639654279,-1.2029339569462536,4.323831326392908,0.17820546628959763,1.3463009912673194
181,11.02165696711738,12.41817405961828,-1.396517092501199,3.827567965346187,0.1432544764304731,1.463778508398066
182,10.886285737406908,12.257618048528663,-1.3713323111214777,4.011443883716055,0.1503896866080829,1.4381563870178973
183,10.730313925154334,12.103097560666946,-1.3727836355119507,4.513632657161827,0.1611488863335774,1.4012180231316014
184,10.690266178516069,12.123120416064431,-1.4328542375487814,4.7381219655445435,0.1587299501053322,1.4093559240163063
185,11.192449847961072,12.437947733241963,-1.245497885281111,4.380287898798674,0.1739335654041296,1.3596725594121368
186,11.0329540482998,12.248372724280422,-1.2154186759817094,4.331359900500869,0.17674081890499016,1.3508583294203962
187,10.75934115936245,11.98022752855232,-1.2208863691894294,3.803388180707657,0.16377214340292034,1.3924963591267239
188,11.084222402288944,12.290069740671832,-1.2058473383822275,4.335166068476214,0.17807343941591963,1.3467106546493026
189,10.574182607037912,11.943991631860307,-1.369809024821734,4.150289981076899,0.15369262084639862,1.4266090268317217
190,10.796138112801529,12.12308526309463,-1.3269471502926535,4.132916131605656,0.15837632398866738,1.4105534554693815
191,11.120041947316096,12.405329485542367,-1.28528753822593,4.389676172727697,0.1691220203703003,1.3750303993019846
192,10.93586344612315,12.365890126181696,-1.4300266800591999,4.463483857535106,0.15349143077383534,1.4273069758052397
193,10.50496395569273,11.799703381575249,-1.294739425883563,4.143481334390078,0.1625244395646512,1.3966314108078504
194,10.6918769812509,11.99727557327347,-1.3053985920223568,3.4897031165491654,0.14547396405107685,1.4557058065087873
195,11.289847548596228,12.529372008870652,-1.2395244602739695,4.687202585108908,0.18116590954154202,1.3371738073551422
196,10.736167362546368,11.979833467746445,-1.2436661051997362,4.472564521841049,0.17615217947614834,1.3526978441004633
197,10.702800421749927,12.069529173655539,-1.3667287519047022,3.5714608236832177,0.1404331692544111,1.4741798663999288
198,10.751982452305967,12.177501783912213,-1.4255193316057557,3.998981996513141,0.14394970777849425,1.4612395681309964
199,9.9769428437384,11.253466399321084,-1.2765235555816616,4.156325418317024,0.16506506135127055,1.3882364337425162
200,10.882863892451425,12.211682670341219,-1.328818777890774,3.4595066616184518,0.1419506779853955,1.4685655007529268
201,10.879406930744082,12.159575004901697,-1.2801680741567907,3.810147415309695,0.15651905617289613,1.4168764388878448
202,11.178328947369593,12.473986007011149,-1.295657059642508,4.441473831997044,0.1689452014478466,1.3756009854368811
203,10.942274829730124,12.207831382435423,-1.2655565527047656,3.9647928044869456,0.16201533091562964,1.3983255427071188
204,10.750607775839782,12.095842285981135,-1.3452345101413812,5.0213213969264086,0.17454683045515704,1.3577380124043028
205,10.188047534229483,11.520892246369066,-1.332844712138467,3.5578849502502212,0.14398941970746765,1.4610948268670902
206,11.054761094319403,12.402222889832004,-1.3474617955134818,3.715888766332842,0.1462005785677507,1.453083475190474
207,10.4169929701183,11.9078968291753,-1.4909038590567434,3.3759964610731803,0.12219572692652134,1.5456226534246091
208,10.801665144791443,12.173844572875097,-1.3721794280845643,4.646773480192474,0.1639527234315845,1.3918998627421857
209,10.95659733183031,12.208379507255465,-1.2517821754236138,4.074704576645855,0.16630139529741939,1.384186371479204
210,10.990970340107125,12.273810441905994,-1.282840101799593,4.571328421011772,0.1732743600463303,1.361757715820745
211,10.49217017358653,11.813105122610857,-1.3209349490243767,4.227319961413347,0.16120542104994084,1.40102893376348
212,10.582295340735001,12.06040033749926,-1.4781049967641593,4.2478508502371355,0.14361890166882563,1.462446475201476
213,10.667646769180394,11.945245290861294,-1.2775985216821937,4.700119257627955,0.17658167754088147,1.3513551996966418
214,10.928889633263609,12.18178282474748,-1.2528931914848727,4.811081592626985,0.18195251688955782,1.3347673065357768
215,10.674667483623963,12.178110794553263,-1.5034433109294696,3.704906848044793,0.12882649748355454,1.518745783717769
216,11.023971078247015,12.361499654776473,-1.3375285765296212,4.302651248237062,0.16085834669055138,1.4021905705312343
217,10.54701534650114,11.901528447716544,-1.3545131012151614,4.843604368807421,0.169988422868004,1.3722410094278013
218,10.955501546582965,12.187927216753025,-1.2324256701704144,3.549369788179785,0.15590885182111078,1.4189662637679588
219,10.737307556855669,11.906766612370753,-1.1694590555161994,4.881622808544327,0.19431366971036187,1.2979233666337
220,10.746606159956102,11.930951688923962,-1.184345528967242,4.69949838963425,0.18865064228886513,1.3145813473867547
221,11.402684622017588,12.87509981233626,-1.4724151903183156,3.893477983111767,0.13643454637274557,1.489200624668579
222,11.233459802570835,12.447361282838692,-1.2139014802687598,4.491215377149741,0.18039823132206664,1.3395298877410744
223,10.582402629263854,11.999405781930797,-1.4170031526664388,3.2858783654438284,0.12761898672594257,1.5235586998810773
224,10.565930914056409,11.687448704442339,-1.1215177903859512,4.020095756332772,0.18219648464418697,1.3340224942113863
225,10.716929378403549,12.101542013924934,-1.38461263552108,4.024613022344397,0.1491574944323339,1.442513753686248
226,10.954377497579955,12.250144249745986,-1.2957667521668554,4.06358227753854,0.16058083247206104,1.4031207568816888
227,10.321646207349588,11.66173801048685,-1.3400918031384208,3.778695627640822,0.14857910844023967,1.4445685626312428
228,10.829822160422665,12.081595827009721,-1.2517736665859047,4.454450898761788,0.17473035210352728,1.3571600794116179
229,11.141981154459174,12.560059958752795,-1.4180788042931454,3.864335543802113,0.14169763302730246,1.4694984828200515
230,11.261987075321414,12.6451154711173,-1.383128395795211,4.393472313976053,0.1574153195576639,1.4138180937934435
231,11.179818720865043,12.477998161322354,-1.2981794404577158,4.329929095463738,0.16623276742852572,1.3844105922607868
232,10.415828229920336,11.568343649063195,-1.1525154191431284,4.907534949034421,0.19711979714131378,1.2898008949630042
233,10.675579257163847,12.001175863906056,-1.3255966067426925,4.136106996707909,0.15861027487464835,1.4097609699659188
234,10.708832453622492,11.931336080935836,-1.2225036273139267,4.450455170354578,0.17840720874295785,1.3456754449462678
235,10.965165461453509,12.241839931846606,-1.276674470393118,4.331664532234395,0.168938119693427,1.37562384724588
236,10.468470229273336,11.732055125200915,-1.2635848959280338,4.135278392795524,0.16620364162266052,1.38450577305336
237,10.754426615917438,11.985342674230523,-1.2309160583126868,3.885349677509966,0.16448509898766378,1.3901441827176904
238,10.656706449120904,11.947414282857132,-1.2907078337357234,3.552605396189442,0.1488382567280227,1.4436471430562319
239,10.526925701005823,11.863968098918207,-1.3370423979113184,4.015984106016681,0.15451436569731294,1.423765500236078
240,10.852366532054404,12.234079989261659,-1.3817134572072973,4.111549965029159,0.15144790614744813,1.4344359100814157
241,11.039712161766076,12.303379543041814,-1.2636673812748995,4.377364500745337,0.17156444586197292,1.3671941903664195
242,10.884105119319358,12.255343701216475,-1.3712385818971597,4.75032587952521,0.16614535997572846,1.3846962704609207
243,10.936228600487922,12.167629453823047,-1.2314008533339802,4.2283450613387465,0.17238820450563747,1.3645701101829117
244,11.214113996352282,12.647273196365347,-1.4331592000125966,3.6355718901068386,0.1346293466151648,1.496093288581919
245,10.747384290503689,12.08046017100466,-1.333075880501383,4.006154637830214,0.1547596987471466,1.4229187892404755
246,10.998954326339046,12.185173371118339,-1.1862190447791363,4.416735659425871,0.1824422584941272,1.33327291556884
247,10.870290046946977,12.108688656129168,-1.238398609181786,4.421903605917992,0.17574204210238217,1.3539822455560562
248,10.94417811866144,12.176587519627326,-1.2324094009663895,4.220806406305542,0.17208968331747476,1.3655199622067136
249,10.730666781771944,12.025742969477491,-1.2950761877063997,3.9806598811366456,0.15874787198591833,1.4092952865457016
250,10.868694600313503,12.212007205233078,-1.343312604919447,5.148596763153222,0.17717949734004163,1.349490413881239
251,10.775253803832967,12.133669412771866,-1.35841560893914,3.8431347956199566,0.1479792061308095,1.4467062754134905
252,10.930999692663974,12.255969902232778,-1.3249702095681641,4.462033810213095,0.16578838915861938,1.3858641510995977
253,10.886891394142296,12.06934963834469,-1.1824582442022802,4.217894649795735,0.17854112468627634,1.3452605000655729
254,10.696978806329682,11.973399009634946,-1.2764202033049514,4.657311912733851,0.17585602525388327,1.3536250675899328
255,10.805101185516762,12.184991099131835,-1.3798899136163527,4.221988774590461,0.15410015092874496,1.4251973888510008
256,10.415214035594474,11.64910792002948,-1.233893884435929,4.6152237144656905,0.1804092165164036,1.3394961206296634
257,10.838580220597507,12.149351280697346,-1.3107710600997962,4.209802369928424,0.16205017560539786,1.398209464041951
258,10.746904180881685,12.165897683988383,-1.4189935031063214,3.5905428662325427,0.1350791045734917,1.4943693632724373
259,11.152493618486844,12.389155241662287,-1.236661623175678,4.743428812294983,0.18267940891013196,1.3325503467615154
260,10.997658441880887,12.415912394292647,-1.41825395241176,3.701060694036034,0.13783242117357783,1.4839114224146632
261,11.051154679110297,12.194501318150373,-1.1433466390408284,4.2995926500585036,0.18563360069210277,1.3236069954114005
262,11.225036170696441,12.572830617800278,-1.3477944471023875,3.925521130166892,0.15115249958690777,1.4354724989513539
263,10.746212304698858,12.026533566543812,-1.2803212618446196,3.7048633023045436,0.1539221392797216,1.4258136515441031
264,10.818663543254772,12.014726411495786,-1.1960628682400056,4.286276554058947,0.17827638382364316,1.346081036002648
265,11.020266777180879,12.301755042451845,-1.2814882652701272,4.103068042121137,0.16324057354340113,1.3942551359255808
266,10.639698650697866,11.990342009490966,-1.3506433587936044,4.205409970049445,0.15716609635081236,1.414667197526081
267,10.8618084424633,12.308885193270093,-1.447076750807355,4.157306996679342,0.1450693525891858,1.4571703875046897
268,10.834569078473507,12.045962667067506,-1.211393588593637,4.194559802844891,0.1742130649765832,1.358790246215446
269,10.963965034248687,12.233839952561162,-1.2698749183127802,4.220656914052018,0.16733878921489462,1.3808054438928472
270,11.13730698087413,12.47175819771055,-1.3344512168368965,4.38387710048084,0.16297973333561622,1.3951197435923741
271,10.81580511823715,12.051163931453068,-1.2353588132154982,4.197277512572651,0.17118254721376766,1.3684139273471747
272,10.580859028182132,11.913574076746613,-1.3327150485647508,4.204093356259074,0.15927309855120633,1.4075205143503884
273,10.66150962480053,12.07164523117602,-1.4101356063756612,3.993516151199003,0.1455494530586555,1.4554329026758406
274,11.1689900680921,12.33023770342146,-1.161247635329346,4.706323528973453,0.19189265594243704,1.3050005634027755
275,11.201478849066845,12.313825834802394,-1.1123469857357122,4.523866577120497,0.19479303340654974,1.2965297615301823
276,10.831852315648504,12.146848853715419,-1.3149965380662252,4.116556418293603,0.15944756085108513,1.4069319755458947
277,10.982862495122319,12.280767915040315,-1.2979054199186066,3.594731498224327,0.14904405543258142,1.442916283796977
278,10.778851379951377,12.066499795156652,-1.2876484152056946,4.424744512139927,0.1695812913629598,1.3735504416020696
279,10.576747482426,11.884781177438136,-1.3080336950124547,4.291136107945013,0.1641773914989781,1.3911584243544162
280,11.24075704471936,12.521797271391442,-1.281040226672303,3.490570556394257,0.14840651995401924,1.445182893918952
281,10.64959503805214,11.86558634132546,-1.2159913032737677,5.113961525275592,0.19262209058541746,1.302861380996906
282,11.210408485712762,12.403304387686873,-1.1928959019733156,4.183302438059981,0.17637801197374278,1.3519915702853935
283,10.902099457313781,11.93103171704415,-1.0289322597309365,5.119244194233902,0.2186447259736069,1.2301398864187971
284,11.023508114555554,12.29649093299593,-1.2729828184401413,4.023293504814841,0.1624590955217348,1.3968486282677663
285,10.485926471941568,11.851701007734526,-1.3657745357922977,3.6237407998381137,0.1418370066423693,1.468984451195719
286,10.98586825109571,12.37346467666486,-1.3875964255685176,3.951423156099519,0.14714459075795686,1.4496914152778926
287,10.87766105907933,12.059271146734247,-1.1816100876549172,4.200916574761573,0.17826935931518065,1.3461028200588425
288,10.745422037175487,12.125751653236364,-1.3803296160613172,4.168048841106446,0.1528630349169528,1.4294914350771444
289,10.751569268347268,12.055027128828506,-1.3034578604820126,4.167412484851193,0.1619953901278246,1.398391980245772
290,10.68257789108877,11.987060595890398,-1.3044827048024672,4.170218867588989,0.16193319196236633,1.3985992480811074
291,10.61533039742055,11.947327207960711,-1.3319968105397493,4.0282183677016175,0.15539508113715816,1.4207306409936404
292,10.896355035562848,12.205579758773908,-1.3092247232107184,3.7976543678355306,0.15269492397833354,1.4300769881908437
293,10.497294943326708,11.81197723107919,-1.3146822877524755,4.200597483501294,0.16137027887486483,1.400477826317654
294,10.690043255368366,12.116428730618516,-1.426385475250754,3.8119255116474733,0.13955756150890794,1.4774406310020494
295,11.043076217942982,12.291415809505729,-1.2483395915633082,4.525460556648442,0.17667566323152412,1.3510617177746964
296,10.821540426822068,12.091493718599125,-1.2699532917777105,4.360800415107139,0.17041408473369296,1.3708744904360672
297,10.634389628116807,12.032979616229696,-1.3985899881126898,3.2809081878319617,0.12947448042713536,1.516177481683862
298,10.412995774990051,11.7325624183905,-1.3195666434021405,3.2834914735590317,0.13839595319600115,1.4817908548790777
299,11.11622684795104,12.242776436673985,-1.1265495887237194,4.357818611360742,0.1892265422219985,1.3128706384016529
300,10.559545076943252,11.85055626232868,-1.2910111853861963,3.438556054484586,0.14585650378858342,1.4543239848174048
301,10.958774230645687,12.236338761586488,-1.277564530941163,4.575906755360226,0.174030807381571,1.3593654697359654
302,11.053439550302684,12.3820157181232,-1.3285761678216659,4.105141690092447,0.1575548349788999,1.4133432092946079
303,10.844128177875902,11.995478350106644,-1.1513501722320143,4.3202254803907,0.18500440891417833,1.3255028978908314
304,10.644876228178802,12.17038239636451,-1.5255061681855295,3.8032625139088125,0.12881913710423262,1.518775014413979
305,10.345738434721099,11.660936932061816,-1.3151984973410435,4.003814930530858,0.15684573585166872,1.415760166506045
306,11.245405450282234,12.48951396976554,-1.244108519483234,3.4572707372293436,0.15204784772137572,1.4323354311237055
307,10.907870201855005,12.071437682795327,-1.1635674809404009,4.385563606217321,0.18479217465289854,1.3261434852972953
308,10.916672086648688,12.216940226281785,-1.3002681396328626,3.880517214050194,0.1557589488368879,1.419480600015301
309,10.83761715372377,12.151443358992417,-1.3138262052698337,4.628178915475635,0.1706086478985452,1.370250728279196
310,10.55107842124373,11.870785859145684,-1.3197074379004334,4.30802890776461,0.16312452949920786,1.394639658665643
311,11.350653653992524,12.517770542754938,-1.1671168887623935,4.864458097193548,0.19428916928604195,1.2979946619468097
312,11.164989378181346,12.490167530088051,-1.3251781519065844,3.5086641700516026,0.14363485351026006,1.4623882278932572
313,11.009654991098543,12.204742907526324,-1.1950879164278376,5.231978787455731,0.19759091394224013,1.2884455426801151
314,10.818621085175366,12.125248332973094,-1.3066272477972234,3.7621610658282414,0.15214665114420378,1.4319901120994363
315,10.804377001500072,12.044998013352782,-1.240621011852454,3.7858616542718977,0.16083887226463311,1.4022558063314305
316,10.577117743765413,11.908954289746355,-1.331836545981787,4.750086734108926,0.1708775171103342,1.3693896201860476
317,10.489703775534437,11.606016272873,-1.116312497339095,4.51893397025656,0.19413629395193638,1.298439672516111
318,10.447410746997704,11.834595839542622,-1.387185092544314,3.0447309743229916,0.12435930647138654,1.536730550880804
319,11.134050988653982,12.446116820352302,-1.3120658316993286,4.089351467437938,0.1591853644435956,1.4078166647743124
320,10.405095323898351,11.588528190181087,-1.1834328662816915,3.921871414077616,0.17151042134912428,1.3673666144572019
321,10.822332220405698,12.15423385507394,-1.3319016346686112,4.6397511586305935,0.1686383647820967,1.376592196808405
322,10.629571157649409,11.803472613499814,-1.173901455849773,4.273147874090229,0.18092159153994886,1.3379228378927432
323,10.28044625466184,11.765781165741615,-1.4853349110780982,3.5821669952747115,0.12780311937034197,1.5228224993696782
324,10.639686141042077,12.0661904193963,-1.426504278354514,3.3325019971142638,0.12780725719759542,1.5228059649577996
325,10.654776937005337,12.075432263416594,-1.4206553264120885,2.885315553890454,0.11639801459531167,1.570073492506025
326,10.835103120017195,12.032920719221238,-1.1978175992035176,4.215178487251833,0.1764529080298647,1.3517574874721363
327,11.264358556248155,12.55094985622928,-1.28659129998141,4.15633586806074,0.16381770754518976,1.3923458037995198
328,10.808002019963098,12.192247011208607,-1.3842449912453958,3.377221126345532,0.13354791710643077,1.5002567150561819
329,10.747212764981597,12.108341765467408,-1.3611290004855618,3.5695510174807943,0.14102290043090537,1.4719925091089683
330,10.918225853566511,12.167397282127993,-1.2491714285615672,4.82566280861546,0.1827201298493566,1.3324263449238392
331,11.135626861790954,12.436949051765339,-1.301322189973689,4.222338540559342,0.16348235381199996,1.393454636046198
332,10.536880375188886,12.042833893998,-1.5059535188083828,4.253163950007767,0.1407323625375732,1.4730692552125153
333,10.475463485547081,11.6864925562585,-1.2110290707105378,4.025929773551663,0.17037744411968597,1.37099201855838
334,11.2678713172035,12.538375658917147,-1.270504341713604,4.948555676867638,0.18241657090738383,1.333351224351188
335,10.874850561260175,12.24612423854348,-1.37127367728408,3.4379368716922407,0.13655146047803673,1.4887566535292234
336,10.499868252284543,11.739914340805484,-1.2400460885201028,5.043661948488417,0.18815146491225013,1.3160672709728154
337,10.885630843252258,12.092153125107401,-1.2065222818555412,4.0138065650774895,0.17067749973557172,1.370030119556264
338,10.683373002536356,12.092966423958366,-1.4095934214228691,4.286949285517789,0.1520887279799584,1.432192533467877
339,10.672780718466058,11.950759076235258,-1.2779783577689159,4.380125157174515,0.1698273159322135,1.3727588864153335
340,10.524054630833163,11.788927640730542,-1.2648730098981105,4.383269213198316,0.17154022791002516,1.3672714791110607
341,10.575107299840894,12.053200984415227,-1.47809368457456,3.8273004654299143,0.1343165833830941,1.4972947383182933
342,10.068065427005351,11.268595985284122,-1.2005305582788424,3.443592957587299,0.1571660272080407,1.414667433237128
343,11.068493170449003,12.324269667614573,-1.2557764971652432,4.099906521750638,0.16637731027638936,1.3839384233106498
344,10.72553445201622,11.992940905295661,-1.2674064532784541,3.5712775615009846,0.15213949073328406,1.4320151320737347
345,10.591570532914304,11.90969309382826,-1.3181225609132525,4.241610694782729,0.16186143881254217,1.398838431404253
346,10.803232040951045,12.014813411434083,-1.2115813704831453,4.0500207897356635,0.1708690354624672,1.3694167688724457
347,10.90255604367296,12.126970241868179,-1.224414198195518,4.990472633954866,0.18915807097432766,1.313073830801146
348,10.469407132380113,11.861683582157987,-1.3922764497783646,4.309861428187739,0.15456973593724596,1.4235743133105978
349,10.659727974844756,11.822799595489762,-1.1630716206445868,3.744340392710342,0.16984024434362213,1.3727173145500493
350,10.988387448884097,12.18209093702513,-1.1937034881402724,4.855652701970907,0.19055628511937414,1.3089352492717887
351,11.150312179462091,12.347697227332162,-1.1973850478698296,4.036428468548223,0.17239950294191275,1.3645341843373942
352,10.750545336803881,12.215961198060498,-1.465415861256588,4.256639861145805,0.14519226025725396,1.456725165447587
353,11.248968211019857,12.434149591832096,-1.185181380812537,4.816144157774374,0.1909021924684874,1.3079148489125016
354,11.0392215549072,12.342556010678436,-1.3033344557725286,3.893269984989214,0.15569049898337683,1.4197155851214776
355,10.525196809357041,11.908703931530304,-1.3835071221728867,4.694155185009636,0.16357217669271182,1.3931574727017393
356,10.761947205954058,11.929030920724763,-1.1670837147703423,4.147963438460959,0.1789965710960641,1.3438510083510304
357,10.375152221770733,11.527965145392379,-1.1528129236221503,5.035442310653,0.19956809831849512,1.2827830379130523
358,10.585289294330252,11.970662688423403,-1.3853733940932216,3.5830697227564237,0.1386174530254399,1.4809591737540277
359,11.089892577818247,12.36639131978724,-1.2764987419686804,4.587354381010165,0.17440267621733618,1.3581922906308301
360,10.896736094866284,12.072256568897075,-1.175520474030236,4.929307141532465,0.19443768757825255,1.2975625804792894
361,11.355029917361136,12.589062128417815,-1.234032211057638,4.908550974152215,0.18631116421649888,1.3215706436628194
362,10.424961500698302,11.570196878825499,-1.1452353781278362,4.329019218249984,0.18603017060018948,1.322414477370871
363,10.622769615721992,11.87020066218924,-1.2474310464667724,4.0282605358903965,0.16577454498773284,1.3859094823548672
364,10.955795216925182,12.14273188561937,-1.1869366686942158,3.3829028060600486,0.15727526897919808,1.4142951207583911
365,10.993358822666707,12.37803683371839,-1.3846780110516193,4.588481486026691,0.16129340142931045,1.4007347689625056
366,11.150094036496668,12.389276011906361,-1.2391819754093376,4.742120186311942,0.18232764753316286,1.3336223710247022
367,10.980103447230178,12.251049844098759,-1.2709463968685668,3.5033420219308127,0.1499596317858587,1.439674073592456
368,11.1107156085872,12.342558989665427,-1.2318433810778515,4.767151625770769,0.18378200134092887,1.3291999810577748
369,10.649135220431091,11.85988693949625,-1.2107517190652288,3.488023492043041,0.15704239333426231,1.4150890328671117
370,10.79291233895212,12.18654828168465,-1.3936359427316347,3.6967101593968277,0.14046480048805962,1.4740623646857
371,10.553368211148083,11.842330306512977,-1.288962095365605,3.472853468777867,0.1469950372690142,1.4502276847612545
372,10.986012729711476,12.255353293624083,-1.2693405639120101,3.902799736833714,0.1600781624009849,1.4048087300346175
373,10.67641897435253,12.030340185635048,-1.3539212112827954,3.7846664254906415,0.14710980389144793,1.4498161169497326
374,10.652621074541386,12.009724388604162,-1.3571033140642612,3.0160182239520985,0.1268240895806467,1.5267463798714442
375,10.528442833333358,11.679992382984345,-1.1515495496523727,4.341207851839483,0.1854417165828361,1.324184682891664
376,10.632117618298182,12.04342324302852,-1.4113056247306304,4.606752694078333,0.15857049127152234,1.4098956705128554
377,10.420197890647543,11.758504415885156,-1.3383065252382949,4.4245641693720525,0.16338319538219365,1.3937828273905455
378,10.329794731313925,11.447109162017142,-1.1173144307022085,4.36780798105784,0.19072349628494473,1.3084418189469254
379,10.425428064037916,11.589036743820785,-1.1636086797825556,4.450159660084477,0.1861891947174626,1.321936806743243
380,10.715854704346313,12.072219783155589,-1.3563650788100858,4.617104404611197,0.1652291538440535,1.3876975780541938
381,11.25044365605929,12.568937070168076,-1.3184934141081612,4.270831106557752,0.16245907232578496,1.3968487053877265
382,11.055903635607066,12.282824514769203,-1.2269208791622077,4.620701554430379,0.18142548890273705,1.3363788096240095
383,10.667454390569148,12.03879708859862,-1.3713426980302756,4.059579743355007,0.1514813518184914,1.4343186454952315
384,10.671189358450576,11.882225433778501,-1.2110360753276836,4.947414871690835,0.19007342280340842,1.3103619395719854
385,11.021902105547198,12.534620664782686,-1.512718559235509,3.9716200323760784,0.13392268432053595,1.4988109452903169
386,10.916700153237727,12.108062654679472,-1.1913625014421996,4.208597753564895,0.17715349707262285,1.3495714192167563
387,10.8897050039822,12.225049848746544,-1.3353448447642222,4.065913922391314,0.15585709531522593,1.4191438045051865
388,10.638911175842551,11.947940037344857,-1.3090288615021564,3.8976830736172197,0.1551076839794066,1.4217195445171218
389,10.682461038424591,11.807207343298998,-1.1247463048748614,4.785633782987254,0.19849967529072693,1.2858377992923489
390,10.986802647815168,12.221636053065254,-1.234833405250356,4.360337202042583,0.1748654428786137,1.3567349508648183
391,10.738255765066171,12.074549575673352,-1.336293810607458,4.082737851104623,0.15612609176367187,1.4182215513443421
392,10.56344506265934,12.050039164173093,-1.4865941015141289,2.952735727341345,0.11164977432789741,1.590821404950043
393,11.166955047229678,12.344483617476982,-1.1775285702469773,4.316260387350095,0.1813969212145098,1.3364662607647235
394,10.960588346514598,12.160492437276048,-1.1999040907603558,4.336599223226168,0.17888445172877596,1.3441977417535076
395,11.09920506246901,12.261366347973329,-1.1621612855042258,3.9538411272446936,0.1751008392205834,1.355994747629598
396,10.781366745575653,12.00987427513688,-1.2285075295612842,4.223539468930385,0.17265234398141352,1.3637306812998875
397,10.47225439874903,11.850660292558018,-1.3784058938090311,3.687589546401618,0.14196183828373993,1.4685243819230316
398,10.780312451360189,12.008921259060926,-1.2286088077016757,4.40125003548501,0.17655639924156055,1.3514341541725599
399,11.075586599899836,12.276344617127634,-1.2007580172275993,4.992278737106078,0.19230077008894228,1.3038029689505912
400,11.074941129097098,12.259728709042626,-1.1847875799467147,4.911988012275756,0.19285686219151907,1.302174142938021
401,10.81303130298231,12.120357370492705,-1.307326067510985,4.05351158102442,0.15894152567075678,1.4086404026491715
402,10.79253584674818,12.096692604722563,-1.3041567579730327,4.159814768345825,0.1617395168778658,1.3992450319281775
403,10.58911206270379,11.81565297719132,-1.226540914486577,4.126293941725697,0.17070087900583075,1.3699552250113067
404,10.723570632207995,11.849694675995977,-1.1261240437879678,3.6810134791900957,0.17320443204078212,1.361979255222002
405,11.23215469837298,12.495794137040654,-1.2636394386690881,4.507976279800182,0.174361462485681,1.3583222204213408
406,11.249511584606736,12.475897972481157,-1.22638638787339,4.262294087618745,0.17379191993038592,1.3601201046552163
407,11.279283410915852,12.710098639090027,-1.4308152281746516,3.9186151716102966,0.14153553236433494,1.4700968241787626
408,10.73025966748439,11.905979890378681,-1.1757202228936876,4.217884017694875,0.17943662484077147,1.3424916843595198
409,10.604161930458687,11.691178057983592,-1.0870161275242936,4.87946225882142,0.20565634513598335,1.2655999468508086
410,10.544568220399853,11.946303334499376,-1.40173511410012,4.048388242684489,0.1477389643353485,1.4475642182109432
411,10.783941301739034,12.067378020713441,-1.2834367189734621,4.831712811281797,0.17849009501402535,1.3454185905997902
412,10.941016143264207,12.19495273232885,-1.253936589064324,3.677518012565736,0.15648762568838062,1.4169839307552736
413,10.33245994439578,11.784889918697402,-1.4524299742997755,4.137411703930461,0.1440441065345898,1.4608955554729874
414,10.794755973120957,12.08797757411611,-1.293221600995821,3.687695977127028,0.1519318386437041,1.432741102223395
415,10.962776946230335,12.19253369318102,-1.2297567469495334,4.310089098533428,0.17441662976066893,1.358148306095137
416,10.305609902364196,11.594776445790536,-1.2891665434262904,3.7185615315940126,0.15318499229019011,1.4283713802256899
417,11.036669052469662,12.395203174231597,-1.3585341217622044,3.844291620143583,0.14799280006467752,1.4466577610728468
418,10.367901048079986,11.665341046575968,-1.2974399984959746,4.118523024107155,0.16162872417476806,1.3996147180219356
419,10.882480015344228,12.146513521243484,-1.2640335058986238,4.695625103821746,0.17820419354569272,1.3463049393588873
420,10.935345815771981,12.475592380144064,-1.5402465643710457,3.1730337181566775,0.11221826737485974,1.5883011067062436
421,10.72035091782702,12.095386051720716,-1.3750351338940163,4.161807396224603,0.15333952066001488,1.4278344286064628
422,10.536610179587953,11.89385576203339,-1.3572455824451026,4.175944107681312,0.15573452505205224,1.4195644367177453
423,10.995396045605887,12.319293618039524,-1.3238975724325428,3.954170797594383,0.15464987302545108,1.4232977014900043
424,10.640003738399102,12.003060610668875,-1.363056872269226,3.666579208515092,0.14319930281014495,1.4639804034117117
425,10.991087199893556,12.132046580546827,-1.1409593806529301,4.85084220420865,0.19757493662052086,1.288491468947248
426,10.838560901769526,11.968445149552387,-1.1298842477817743,3.9789419385457645,0.1800676496184704,1.340546769902518
427,10.500806836243939,11.765648064600882,-1.2648412283569996,4.401200754621284,0.17193145433723908,1.3660239243082446
428,11.262167138715014,12.609162436212479,-1.3469952974974149,4.461267717640572,0.16311684541689156,1.3946651278676852
429,10.606749469334247,12.037151631376666,-1.4304021620428102,4.084461533621644,0.14531849258912727,1.4562682004713952
430,10.715269571308383,12.033025120904796,-1.317755549596768,4.499519221049027,0.16745661476693022,1.3804224404670453
431,10.895986519876644,12.179160809857663,-1.2831742899807068,4.100132665620826,0.16296515228502723,1.395168106222903
432,10.64252623059194,11.833093046316378,-1.1905668157251057,4.209936314060471,0.17728869328549945,1.3491503042544066
433,10.726064382758452,12.037109595927042,-1.3110452131686543,3.9683239268678285,0.15652267750598398,1.4168640550253246
434,10.732463753842168,12.210932635139606,-1.4784688812978857,3.84155376762412,0.13460362134151033,1.4961920282428287
435,10.796160523889668,12.160781709214348,-1.3646211853256318,3.6272628548230994,0.14205537854995973,1.4681798411950124
436,10.756033839955236,12.05278416089996,-1.2967503209447386,3.6592247418598767,0.15079952598546156,1.4367131180815669
437,10.923573798443542,12.21388212228321,-1.2903083238397812,4.4888735994883735,0.17061394097225796,1.3702337663329307
438,10.51631166023337,11.786130699235315,-1.269819039001959,4.80288271797877,0.17963406189578865,1.3418826075812664
439,10.20728275428057,11.430363237408649,-1.223080483126978,4.367614770242987,0.1765403840934772,1.3514841803952895
440,10.852653587926326,12.195620530648263,-1.3429669427214321,4.8037069004250785,0.17059438243764333,1.3702964446975712
441,10.557105489340685,11.856198530838427,-1.2990930414971444,4.303311069843083,0.16553985785126354,1.386678373995821
442,10.797891653655753,12.133420324772345,-1.3355286711157532,4.055472657264083,0.1555975045631812,1.4200349562164891
443,11.222741759429411,12.512071945890916,-1.2893301864614841,4.224085506577051,0.16499640617170142,1.388462006940158
444,10.907563969989425,12.062635264320264,-1.15507129433081,4.624462479764823,0.19103841813400885,1.3075133670901888
445,10.984560539175547,12.107984467655548,-1.1234239284794967,5.330767658927394,0.20912169760175287,1.2559842028198962
446,10.991414474727137,12.48438657386317,-1.4929720991349313,3.8113449082466353,0.13237867737085804,1.504787659832988
447,10.872157499216812,12.153325546987318,-1.2811680477707341,4.481406920719271,0.17159529103955787,1.3670957634343794
448,10.86526367006347,12.115722900352871,-1.2504592302884703,4.053630969103766,0.1659813931933412,1.385232476431322
449,10.59435881653819,12.002544750728866,-1.408185934190442,3.4094635279844603,0.13174610897110375,1.5072518713295615
450,10.81156334755444,12.180363329618892,-1.368799982064047,3.9068854228448338,0.14827292197605776,1.4456588126896706
451,10.947623453055641,12.224221034815272,-1.2765975817592334,4.495466106478146,0.17246501901912725,1.3643258963691818
452,10.902990373869144,12.225654125764713,-1.3226637518955613,4.662405222245136,0.17022569821622174,1.3714789591665595
453,10.775081890959811,12.183772876795011,-1.4086909858342551,3.986199789262292,0.14554613054529505,1.4554449117685873
454,10.476332058064983,11.834115580623234,-1.3577835225578383,3.473339061043916,0.13897820047426795,1.4796068383892997
455,10.802183593698757,12.059415099073654,-1.2572315053739658,4.313907186511658,0.17099370314524234,1.369017824891181
456,10.913872122895484,12.191058841302002,-1.2771867184064831,3.870900559149792,0.15834777050808024,1.4106502382389479
457,10.791546683947601,11.982657537100572,-1.1911108531521677,4.804101987000747,0.18987121061361742,1.3109601993984794
458,10.680293704701327,11.951441266534133,-1.2711475618325494,3.517365050660084,0.15029796932786219,1.4384797843217578
459,11.158938771688483,12.515332179508825,-1.3563934078201783,4.7185100600203445,0.167279513147262,1.3809982031267936
460,10.593108825179044,11.815955707424031,-1.2228468822440846,4.182184169412551,0.17244934112517576,1.3643757339641154
461,10.715769359199768,12.107181494946175,-1.391412135745668,3.6706993265417225,0.1400853822633483,1.4754731479203052
462,10.857471880440173,12.052522471069253,-1.1950505906288527,4.401587795864904,0.18094457368346548,1.3378523472126937
463,11.42648074106448,12.794667720029516,-1.368186978965241,4.514556581354533,0.16171069758060982,1.3993411759364855
464,10.358521894919178,11.640005301849627,-1.2814834069295102,3.681272969678677,0.15319509341055093,1.4283362685041792
465,10.737101481111424,12.26524103790014,-1.5281395567890286,3.947909662238537,0.1317949885735173,1.5070611312061297
466,10.96719464475693,12.172560572361164,-1.2053659276043618,4.265262019594747,0.17658772143969279,1.351336323374527
467,11.24383339749231,12.589209492276922,-1.3453760947841147,3.781415370795113,0.14802642535125562,1.4465377730098925
468,10.78784120167613,12.196274426132938,-1.4084332244565303,4.444587075726764,0.15556182216022593,1.4201575388891237
469,10.847524534956321,12.124617565681739,-1.2770930307251547,4.037028496855946,0.16226779261990545,1.397484938920957
470,11.203999105735349,12.38207174044667,-1.1780726347114978,4.1381421895947526,0.17730579235974794,1.3490970603656873
471,11.267857136483983,12.552796433478065,-1.284939296995617,4.6179980734394945,0.17397894845633607,1.3595292240061587
472,11.156211090704275,12.374988187714031,-1.2187770970103884,4.629664663627235,0.18267062018086833,1.33257711255031
473,10.997551823565047,12.361082464016263,-1.3635306404503353,4.776035656578582,0.16757417695506652,1.3800404948427856
474,10.930516714193729,12.076895171588475,-1.146378457395258,4.350462125413101,0.18634842062752266,1.3214588319868554
475,10.73059102884865,12.11998594651373,-1.3893949176654132,3.6514613370698896,0.1398442412913177,1.476371306129072
476,11.157402215406293,12.43897996965562,-1.281577754249156,4.37240913948936,0.1692112616021188,1.374742592059112
477,10.32369365188326,11.509754986265762,-1.1860613343833393,4.892960508140517,0.19231203799041205,1.3037699302700905
478,10.665093762402577,11.98682418005832,-1.3217304176559992,4.126407210099684,0.1588570980204873,1.4089258396232063
479,10.763126701781331,12.117420009744144,-1.3542933079625072,3.99696941219171,0.1520435377175591,1.4323504985215532
480,10.621992090338537,11.99595431789939,-1.3739622275606962,4.03782603107919,0.15068517867524625,1.43711549654882
481,11.104778531406666,12.59667224924663,-1.4918937178399574,3.5699293551948763,0.126830044437531,1.5267224421024765
482,11.011885929236016,12.31699577897573,-1.3051098497398925,5.053986884515817,0.1800976404035021,1.34045445990321
483,10.725904865226696,12.062332833935507,-1.3364279687093585,4.3091787870166325,0.16113207842466645,1.4012742495240924
484,11.231683345419626,12.61340875731738,-1.3817254118957862,4.109538407647353,0.1514016028466904,1.434598287643579
485,10.230884686611645,11.633207979953411,-1.402323293342306,3.2781882186401745,0.1289986494880103,1.5180624763996384
486,11.138347766975059,12.309173272221294,-1.1708255052462846,4.048759528730955,0.17619461147336637,1.3525650898041246
487,10.93808520218765,12.13638238204895,-1.1982971798597646,4.630096662782853,0.18536773901346257,1.3244075182873094
488,10.944358399816267,12.260698395430055,-1.316339995612907,3.71048448957508,0.14972504015028482,1.440503359816239
489,10.64041259546768,11.91192927094012,-1.2715166754715028,4.70851362861738,0.17751901708519738,1.3484334323062594
490,10.827439017258186,12.102565859023052,-1.2751268417632673,4.967711932342551,0.18220268328837042,1.3340035799287404
491,10.712736166631586,11.849687918672878,-1.136951752040659,4.073526923722838,0.18134111982917728,1.3366371089318694
492,10.960737817176707,12.288120666937608,-1.3273828497603972,3.4066357165865497,0.14074732943387153,1.4730137455096304
493,10.716902274099922,11.97238768275244,-1.2554854086511114,4.444627458401497,0.17404826509217294,1.3593103519449585
494,11.08266722679484,12.377570690446333,-1.2949034636530996,4.5613784003334175,0.17156395663008514,1.367195751611612
495,10.718393027812382,12.103845285620451,-1.385452257808538,3.7375549404826103,0.14236852126330965,1.46702769615104
496,10.642166512668084,12.006983565233561,-1.3648170525657406,4.202238691567555,0.155425809224161,1.4206249910507962
497,11.242596563374647,12.397053098257636,-1.1544565348822289,3.5250622129017692,0.16533375081929616,1.3873543070954122
498,11.034723591018448,12.107460461471476,-1.0727368704529,4.799480945129039,0.20608863607858746,1.2643940258815525
499,11.047728838982877,12.229749526085953,-1.1820206871034316,4.895919255095251,0.192910080793414,1.3020184436158602
500,10.80308042654626,12.177885167814104,-1.3748047412682354,3.318111131508843,0.13305858579013813,1.5021491812270933
501,10.508389793416356,11.847346766233706,-1.338956972816959,4.474733877236837,0.16436508778251024,1.3905395842308905
502,11.214719849257492,12.52840997915417,-1.3136901298967132,4.358851931478396,0.1649581867233913,1.3885876112325921
503,11.081490077092823,12.488330028642132,-1.4068399515490455,3.6197012554768655,0.13712712110805658,1.4865749001238866
504,10.404795794553976,11.73045632211926,-1.3256605275664697,3.6375459984334952,0.1468231939332754,1.450844396650645
505,10.924393455091305,12.17480689894952,-1.250413443857724,5.262946225746857,0.19092807625199623,1.3078385484701947
506,11.24394319604373,12.387834016240994,-1.1438908201971572,4.065111485478603,0.1801999110535985,1.340139762279264
507,10.92052862296434,12.19167842001199,-1.2711497970476557,4.142806386845232,0.16542847254729645,1.3870435861518176
508,10.727002212427507,11.992962954291649,-1.265960741863637,4.203361755232255,0.16744229486459622,1.3804689778941035
509,10.824107146144271,12.086219574115354,-1.2621124279712603,3.777011767533299,0.15793715341369793,1.4120434993493287
510,10.95892560964505,12.237266856707116,-1.278341247062599,4.987821833968203,0.1821850139884127,1.3340574965476533
511,10.671258426254028,11.979868211997257,-1.3086097857421919,3.712263618922435,0.15068979047817627,1.4370992635029163
512,11.026878336843694,12.416183383089965,-1.3893050462465908,4.145766801561022,0.1513336476863466,1.43483666299737
513,10.632200744233089,12.039014837007933,-1.4068140927747663,3.8437888695559437,0.14247701196749143,1.4666289804932864
514,10.522277172310098,11.803092483230465,-1.2808153109208433,4.723903498668227,0.17665969693199918,1.351111566310849
515,10.676897969010426,12.069716537074804,-1.392818568065195,3.4917725672699156,0.13551317701761628,1.4927097616503622
516,11.001680581303773,12.351832807036153,-1.350152225731108,3.7209559255813076,0.14601137536912406,1.4537653418666687
517,10.947318218572875,12.37567442268547,-1.4283562041136975,3.899701444259291,0.14137383564900935,1.4706941993053677
518,10.663702555977508,11.852017515332868,-1.188314959355921,4.474373415997329,0.18340612197437786,1.330340460469162
519,10.593433372440742,11.78718359270151,-1.1937502202608812,3.171293134972668,0.15051414663980586,1.4377177783909725
520,11.122309469256763,12.302029399576597,-1.1797199303200614,4.428189920586544,0.18355498895554048,1.3298885668396707
521,11.552504442407482,12.788069925412422,-1.2355654830043932,4.264633044728658,0.17266388404889743,1.363694029147478
522,11.252633554469796,12.402135624924547,-1.1495020704542185,4.813270866726754,0.195656115479273,1.2940269400489368
523,11.459073865087632,12.545342854927625,-1.086268989841301,4.5718199179059305,0.1994720212835475,1.2830572450273297
524,11.377021517785508,12.470097967849355,-1.0930764500626537,4.782617067937499,0.20286264421401345,1.2734380451385965
525,10.339656134264189,11.65489298745615,-1.3152368531909815,4.142116520705278,0.15999491784208436,1.405088653024877
526,10.669421581349454,12.012460351476726,-1.3430387701255313,4.155858298790712,0.15696834921032934,1.4153416486690757
527,10.657550058630406,12.005105195680997,-1.3475551370511312,3.198280912295285,0.1329104652454429,1.5027230925769042
528,10.60850688200837,11.894849104886454,-1.2863422228783747,4.330605684447198,0.1677111012022975,1.3795958978197669
529,10.922181470937105,12.167988394662878,-1.2458069237254676,4.92975103153808,0.18520556526769094,1.32489624864254
530,10.615479461890502,11.927460107958872,-1.3119806460681502,4.155593855448245,0.16069248772414169,1.4027463591639273
531,10.937967657468946,12.3185979102944,-1.3806302528246306,3.8500772243319084,0.14558590450183032,1.4553011641617872
532,11.083884529766621,12.387889839924355,-1.3040053101576632,4.178956428834214,0.16218717573266442,1.3977532559075059
533,11.23190804522612,12.601138811952488,-1.3692307667270143,4.408544866261767,0.15936332901040534,1.407216066089962
534,11.043710395629134,12.13804692485266,-1.0943365292232556,4.1164334322026015,0.1882405894595776,1.3158017568659155
535,10.31868183141789,11.48580535867648,-1.1671235272597187,4.391380772563181,0.18444094945820316,1.3272047865663463
536,10.983138097835692,12.152409794671726,-1.1692716968354944,4.712940083137626,0.19094535429689344,1.3077876203363379
537,10.869577634887648,12.145611651945345,-1.2760340170580093,4.942058062898679,0.18159014807979265,1.3358749555897458
538,10.94541631289114,12.11562198326881,-1.1702056703770722,5.267243884809766,0.2015714454805374,1.2770872505678708
539,10.971243427704323,12.29371002939093,-1.322466601686756,4.234975233619522,0.16118934140567504,1.4010827095983887
540,10.508614543679798,11.72351853698136,-1.2149039933019594,4.841459475413487,0.1874778599169562,1.318077039107473
541,10.990792328512654,12.343354428930759,-1.352562100418254,3.624952048456004,0.14338090933216766,1.4633160815256192
542,10.762632852740282,12.213946498173286,-1.4513136454324922,3.627179467288542,0.13247125778846094,1.504427772441221
543,11.238769197762778,12.599587167464598,-1.360817969701202,3.8455198756919096,0.14775710543652687,1.4474993961711278
544,10.321709786920948,11.695077541342151,-1.3733677544214515,3.7193776511443026,0.1433036699904435,1.463598546324966
545,10.75884808572657,12.002469924419024,-1.243621838691979,3.7391958611311225,0.15931120644843663,1.4073919178768939
546,11.293206812188075,12.747505090693906,-1.4542982785051208,3.8242506098461675,0.13679678585348845,1.487826004483541
547,10.745030391948532,12.161709531315132,-1.416679139367261,4.5123617582867706,0.15602253782690628,1.4185764427382002
548,10.980121656620142,12.28687367816702,-1.3067520215463446,4.591781636948836,0.1707293178183287,1.369864132785297
549,11.22383236067428,12.535398793934554,-1.3115664332590313,4.437027876065432,0.16689259976101609,1.3822576652553054
550,10.954220642954098,12.405260816310772,-1.451040173356887,3.502695783863224,0.1294733491233255,1.5161819569356016
551,10.995082136116181,12.158555100977459,-1.1634729648612847,4.017303624527422,0.17643573347593652,1.351811158892272
552,10.747037136731635,12.060931545529051,-1.3138944087968412,4.55960333596582,0.16918429903232474,1.3748295356313545
553,10.640737759133955,11.871107650484198,-1.2303698913501648,4.361044635753565,0.1754552897440138,1.3548815784028214
554,11.140865001412678,12.413889477484709,-1.2730244760714413,4.747364555682527,0.17811484905974612,1.3465821412197523
555,10.807587021069523,12.182009069049435,-1.3744220479802607,3.7134095860088117,0.14303945206469998,1.4645656771365176
556,11.526800952605228,12.84213214507443,-1.3153311924697846,4.752140504433076,0.1729381887715807,1.362823354758479
557,10.522852648362388,11.774478539670937,-1.251625891308322,3.730803184923083,0.15810255128412617,1.4114819597762591
558,10.468908747372481,11.839618118834785,-1.3707093714629082,4.096993638227797,0.15239754373632214,1.4311140062679288
559,10.705765639807325,11.960496464408095,-1.2547308245993918,4.389222198824008,0.17295189103889208,1.3627798892897998
560,11.017596632293063,12.384853960618145,-1.3672573283256497,4.237308323418791,0.1559094549537635,1.4189641951010483
561,10.879910901238802,12.19041604210338,-1.3105051408638246,4.155954964446858,0.1608797789388265,1.4021187832773414
562,10.669666834390156,12.116657345049852,-1.4469905106598162,4.6330137723962945,0.15503281010250725,1.421977406102411
563,10.802490224180403,12.14824318064582,-1.3457529564657307,4.222696748293513,0.15812755311413654,1.4113971151922948
564,10.910349241325932,12.094607423576448,-1.184258182249323,3.5961472154017837,0.16327554711614672,1.3941392881561185
565,10.544769849336191,12.0615109415293,-1.516741092193115,3.1355806794883847,0.11353322792955775,1.5825098393005301
566,10.716985507941828,11.90273723213864,-1.1857517241978712,3.8326460564839255,0.16903797975539178,1.3753015384807212
567,10.658730140430563,11.986283387176059,-1.327553246745083,4.454342296069033,0.16531243089110995,1.3874242625094757
568,11.074145240923755,12.394603862909861,-1.3204586219853809,4.243774279096268,0.16162619124442437,1.3996231719806564
569,10.515576475790041,12.032163777341026,-1.5165873015521356,4.375851136409816,0.142162837835977,1.4677842469599154
570,11.083506672401128,12.258181931087918,-1.1746752586868752,4.410536134125342,0.18384583473115287,1.3290064717805037
571,10.79808167575895,12.271859078223976,-1.4737774024652026,3.1506845849709713,0.11818811882817534,1.5624240766500548
572,10.279447546343292,11.732118201419297,-1.4526706550759627,3.157635807475277,0.12052210279315748,1.552585872991221
573,11.06068582278742,12.20917900741199,-1.1484931846243853,4.478651993570493,0.18884926704746366,1.3139908986856679
574,10.926890712286806,12.290223237182737,-1.363332524895668,4.396896489809318,0.1598120190540165,1.4057040661129052
575,10.80849770624529,11.984450654781952,-1.1759529485361782,4.205481971957612,0.17912486156818114,1.3434544632863001
576,11.053708334161385,12.26245351699378,-1.20874518283199,3.9306826369722963,0.1684178098413227,1.3773055183153615
577,10.92029822337274,12.3970485523568,-1.4767503289849628,4.209902867623244,0.1429546377632678,1.4648764180219804
578,11.298587907605835,12.64222208900565,-1.3436341814012849,4.096004382316105,0.15555425022575436,1.4201835541187782
579,10.754371664211178,12.013339120045138,-1.2589674558339539,4.392818024416849,0.17249265913405984,1.3642380409803108
580,11.492254787946806,12.650627373012355,-1.1583725850659903,4.235390590266814,0.18215703263507643,1.3341428876023795
581,10.886008315357614,12.216457649630776,-1.330449334272089,3.9971240804177306,0.1548642524577948,1.4225582557993186
582,11.048966530136497,12.423031497002825,-1.3740649668652622,4.087609541645374,0.1517970432670919,1.4332127633084628
583,11.192154044570927,12.613964237616443,-1.4218101930455305,3.861666332591339,0.14122124919732973,1.4712583990270354
584,11.140894708981179,12.453093616323677,-1.3121989073433724,4.498207868637895,0.16810887327695206,1.3783058646357764
585,10.796959416856154,12.228095738441155,-1.4311363215856545,4.1429922847695355,0.14652845244035945,1.451903452532154
586,11.742923622766213,13.278488333924784,-1.5355647111582584,3.902285168075938,0.13001778448691304,1.51403175997429
587,10.399543084581566,11.597447395202167,-1.197904310620288,4.4233273064756435,0.18103946633871879,1.337561363448261
588,10.180775383624606,11.757423134543401,-1.5766477509196193,3.580721075431171,0.11860117923252506,1.5606719227920596
589,11.12779200314337,12.546939393623703,-1.4191473904793384,4.067051022901946,0.1461905143670854,1.4531197284075335
590,10.9511030113553,12.284997973022271,-1.333894961666374,4.578842522815554,0.16714580521974587,1.3814331950766654
591,10.876408485139947,12.39835375069623,-1.5219452655546775,4.36295120899579,0.14132663867007983,1.4708686636244483
592,10.556360823626093,11.977006989842032,-1.4206461662161018,3.872683306164074,0.14160561076275163,1.4698380882133213
593,10.735059541268058,12.153727509672578,-1.418667968405316,4.517587007176569,0.1559025478762682,1.418987885846016
594,11.137455988920848,12.481592221290455,-1.344136232370147,3.8029094952497537,0.1486862428906027,1.4441874900424778
595,11.27194108823089,12.604591408874754,-1.3326503206435518,4.15374742354051,0.1581599816032338,1.41128708311422
596,10.825106425977467,12.202768475258367,-1.3776620492799339,4.080438406268549,0.15121920299810543,1.435238300226656
597,10.299205978071697,11.704370625283403,-1.4051646472125867,3.2579814604590354,0.12816254640459696,1.5213878087889063
598,11.060797930420378,12.1343623075715,-1.0735643771513423,4.265162905111531,0.1945876858943384,1.2971264389480488
599,10.619656966460681,11.960330947046558,-1.3406739805859615,4.176766285748744,0.15771548196647503,1.4127967913839636
600,11.036687954331612,12.44727913481384,-1.4105911804836069,3.6288985447599416,0.13693681541774227,1.4872953753669294
601,10.971492977439922,12.392721028655018,-1.4212280512156212,3.900674947295805,0.142186880980804,1.4676957673937874
602,10.956143718418318,12.120514108496842,-1.164370390079057,4.992744293199392,0.19717630764787047,1.2896381952610974
603,10.39243553095541,11.694350024393287,-1.3019144934378346,3.942127811896002,0.15701453943403196,1.4151840512207685
604,10.53243136106623,11.811573102329433,-1.2791417412627197,3.6269059704840423,0.152119282660635,1.4320857481441303
605,10.764979418061486,12.067198635261157,-1.3022192171993083,4.1357726026959405,0.16143462556996685,1.4002628354702142
606,10.361489680511951,11.780274357334058,-1.418784676821815,4.308729995989186,0.15150927690553015,1.43422075185375
607,11.442207907685699,12.617379572828469,-1.1751716651433526,4.505756540773923,0.18582819205682857,1.323021608212415
608,11.152347478707199,12.394329854447797,-1.2419823757409176,4.475474053658649,0.17642989968889164,1.3518293906818157
609,10.834836547789493,12.174347314985674,-1.3395107671958613,4.880888623502802,0.17253168783929174,1.3641140043572233
610,10.55122669022414,11.793042482173597,-1.2418157919491932,4.830260912934641,0.1837575409718361,1.3292741452283556
611,10.212368559472381,11.388033831192843,-1.1756652717213,4.103651948299035,0.17682984746090039,1.3505805103719666
612,11.051341781808262,12.436308833825493,-1.384967052016691,4.558055733731486,0.16063561505252594,1.402937037652613
613,10.425708693101953,11.773597010697678,-1.347888317595789,4.299296553761163,0.15954803220138616,1.4065932620869706
614,10.812556063575286,12.172507001546876,-1.3599509379719166,4.171393970190611,0.1553153526165748,1.4210048392170416
615,10.399209709976205,11.681269309088044,-1.2820595991115624,3.6751876928231937,0.1529735218273148,1.429106860999836
616,10.923031242637009,12.311734412226137,-1.3887031695885526,4.069270980867067,0.14969620420522597,1.4406053638631529
617,10.865245833029732,12.052225748223158,-1.18697991519457,4.055197505994407,0.1742048078709702,1.3588162967590054
618,10.991198606220607,12.184339180678919,-1.1931405744571748,4.7945400676588665,0.18940954372644542,1.3123278366816056
619,11.333609119527793,12.560821103046479,-1.2272119835179183,4.8114537084461855,0.18527272247687265,1.324693823819789
620,10.958243896679889,12.047896783795906,-1.089652887115335,4.889685165521655,0.20548582058968473,1.266076149540371
621,10.617922143116559,11.778441193534661,-1.1605190504187703,4.439823396150807,0.18638270573028987,1.3213559522154599
622,10.776944796682002,12.175746072072421,-1.3988012753907242,4.104928957511209,0.149338475375634,1.441872039347411
623,11.033144152324823,12.2873946553361,-1.2542505030114626,4.33102487840997,0.17174642732491005,1.3666136790160552
624,10.537251793221841,11.96512074807513,-1.4278689548536931,4.0557153602514315,0.14496121794852918,1.4575623345820807
625,10.851451103068868,12.200899957934254,-1.3494488548649315,3.3812427103581335,0.13755404816651834,1.4849614051463416
626,10.868747869362707,12.18279031551701,-1.3140424461544171,4.329524539811983,0.1642805811557856,1.3908181391265562
627,10.793061943092582,11.975785047077615,-1.1827231039860635,4.503889287287652,0.1847800784416712,1.3261800117279499
628,10.581858994611068,12.010590615145532,-1.4287316205345633,4.541845819103564,0.15525258636472192,1.42122077686419
629,11.154652956343782,12.38713847031628,-1.232485513973188,4.335503546974346,0.17462419014329214,1.3574943416339331
630,11.102289233187477,12.409808440605552,-1.3075192074193183,4.58014777627284,0.17039400518466485,1.3709388950817496
631,10.491328018056194,11.704768157877297,-1.2134401398197951,4.0406490455339785,0.170409668053446,1.3708886563384353
632,10.851694438549131,12.223477298404461,-1.3717828598564665,3.95164219135056,0.14896579116406658,1.443194135263014
633,10.919726554077826,12.259701684805258,-1.339975130726998,4.612086515723231,0.16709473325767918,1.3815994164812506
634,10.655863145647274,12.201168452584305,-1.5453053069368252,3.749390054517642,0.12558175129845706,1.5317596713158568
635,10.886187085596177,12.250497447910455,-1.364310362314427,4.54515009714704,0.16280400317994914,1.395702825271308
636,11.037223366777582,12.354252522938552,-1.3170291561609702,4.040209213706946,0.15746336620734452,1.4136545159590024
637,10.67299453364005,12.058796140049047,-1.385801606408677,4.187570921672272,0.1526602660611031,1.4301977673808757
638,11.259423397003886,12.352388670502307,-1.0929652734976116,4.499040551097446,0.19697834630847388,1.2902082965756663
639,10.889477567045034,12.237473405676965,-1.3479958386315047,4.537557567457835,0.16459212425849842,1.389791749269958
640,10.807116452927332,12.008432137029125,-1.201315684101246,4.212948813890918,0.1759438778282693,1.3533498902819006
641,10.711131739724735,12.05705451815664,-1.3459227784323957,3.2397839632282768,0.1342134167722324,1.4976915173144587
642,10.888921728732313,12.22162486112304,-1.332703132390634,3.72426565820707,0.14812863013539432,1.4461731944968685
643,10.948269934699894,12.07350773152276,-1.125237796823967,5.255705188847383,0.20749730705016955,1.260477091002884
644,10.696734870494694,11.933994027025754,-1.237259156530854,4.185781309572363,0.17068013100859214,1.3700216899959798
645,10.463069837226541,11.877387350667583,-1.4143175134404373,3.6397174064396545,0.13678882940096243,1.487856167306524
646,10.958194177565858,12.271541435004849,-1.3133472574400002,3.773644022927826,0.1516210423092858,1.4338290867506998
647,10.970301207722443,12.334221086271768,-1.363919878550405,4.196722303666441,0.15540945918041427,1.4206812041345795
648,10.65663631801992,12.037184323677991,-1.3805480056589658,4.218418169695131,0.15394558327702287,1.4257324592584313
649,10.923609673371104,12.250987353666623,-1.3273776802961947,4.412139485866922,0.16443759240367303,1.3903006769047084
650,11.17638374180926,12.451232817892397,-1.2748490760832283,4.013319760960659,0.16199593302891918,1.398390171358243
651,10.996732220810301,12.289868746484643,-1.2931365256754361,3.8900491134254196,0.1568516426921664,1.4157399989215664
652,11.382555522680306,12.720812816081796,-1.338257293402421,4.382871652112723,0.16250048407606127,1.3967110362822666
653,11.627000916093422,12.862387802308447,-1.235386886215565,4.858241845411003,0.18514358493977096,1.3250831175282067
654,10.750532815458357,11.896665427230566,-1.146132611772373,5.35985155877419,0.2065271819471014,1.2631725320836937
655,10.849549913591474,12.11165161552988,-1.2621017019382634,4.094564837898282,0.1654603074149198,1.3869391865292315
656,11.004343146780158,12.377600999614742,-1.373257852835195,5.14283447665435,0.17346048997931984,1.361168361752506
657,10.594381817297219,11.981649874715998,-1.3872680574195329,4.104086216141525,0.150640996297743,1.4372710329199536
658,10.925382882768574,12.17742893444619,-1.2520460516780076,4.003814252518858,0.16462198348196377,1.3896934538545296
659,10.746875860837392,12.135022179250143,-1.3881463184125096,4.33614691939097,0.15561130687566233,1.419987545728102
660,10.67728100867673,12.15414803076839,-1.4768670220919375,4.031147364584896,0.1390451927427467,1.4793560019218446
661,10.839454517906162,12.152395220748886,-1.3129407028427522,3.7838935126357782,0.15191766703723042,1.4327906749500674
662,11.184567044308025,12.351484913197886,-1.1669178688898683,5.328981785201627,0.20314461121296448,1.2726433983578123
663,11.191850111736969,12.604540066782334,-1.4126899550456073,4.2579571853069424,0.151111456629532,1.4356166417863376
664,11.554513520652037,12.810921655488649,-1.2564081348373293,4.133946184731192,0.1670752207104502,1.381662933088955
665,10.593189368143541,11.989806273109828,-1.3966169049672317,4.938867564377581,0.16683691752080707,1.3824391000127083
666,11.038818224574172,12.243451885043363,-1.2046336604698809,4.383125805748264,0.1792823431951532,1.342967977184683
667,10.674894602827337,11.923802652545753,-1.2489080497189207,3.666547628659316,0.1568376708016892,1.415787703743527
668,10.711708913712684,12.053805732358683,-1.3420968186455866,3.7689287562988323,0.1481093486712474,1.4462419594186977
669,10.740023588766164,12.123274044634826,-1.383250455869529,4.373598929425031,0.1569792674522709,1.4153043933047786
670,10.90889109886568,12.102947975675953,-1.1940568768095545,4.558340895108637,0.18442849574987344,1.3272424455318121
671,10.783893185533927,12.362322890244322,-1.5784297047102882,3.9568551486212673,0.12689079726172475,1.5264782734352922
672,10.747753398119968,12.004537537431283,-1.2567841393120034,3.7360903903709737,0.15759157499141632,1.4132182061427476
673,10.665974197213401,12.000486786043226,-1.3345125888308758,3.915542583234643,0.15248471132873406,1.4308098778609466
674,11.258669254053459,12.587180199981098,-1.328510945927519,3.7121506988312944,0.14832612113099505,1.445469261038119
675,10.93399532963933,12.09469344462665,-1.160698114987099,5.290274201827456,0.20327909084466522,1.272264687220101
676,11.077790180412123,12.362433487635549,-1.2846433072236323,4.038208262611697,0.16136255214954787,1.400503646685813
677,10.467084046225793,11.77985359953373,-1.3127695533084989,3.793250825515141,0.15216414855950017,1.4319289762398943
678,10.969160650020896,12.330134461233804,-1.360973811212716,3.7804660866140196,0.14619310253027748,1.4531104051556423
679,10.843348703568992,12.02672666240909,-1.1833779588414473,3.8680342752148036,0.17021449512305908,1.3715149218991682
680,10.631384429425381,12.004251959508082,-1.372867530082658,3.7970714480367675,0.1452215554135984,1.456619088963163
681,10.776293915405333,12.040429339632531,-1.264135424226879,4.644762214081313,0.17714983759071148,1.3495828212550545
682,11.0987010046819,12.467535554216774,-1.3688345495347676,3.902981051317699,0.14817797505594552,1.4459972431682502
683,10.547004809713073,11.914780236883125,-1.3677754271702725,4.220171682288505,0.15547334277304073,1.420461591452076
684,10.301852449630061,11.741361598684293,-1.439509149053265,3.968656256421955,0.14171446185810957,1.4694363948553897
685,10.49668021308291,11.874344657369278,-1.3776644442850738,4.219132765691972,0.15429632534465273,1.4245188743704202
686,10.778030211190455,12.206062256305891,-1.428032045114378,4.75259467182625,0.15956709582623982,1.406529012163667
687,10.931470159188322,12.22128362455637,-1.2898134653678426,4.12315086046355,0.16266996074359347,1.396147904182869
688,10.400738534546619,11.727195470640986,-1.3264569360944733,3.945566479656593,0.154143775072147,1.425046447955801
689,10.865826411122654,12.159595034084717,-1.2937686229615792,4.484167772473402,0.17008494439309976,1.3719309179522285
690,10.61441566540627,11.823317041112759,-1.2089013757067733,4.552346248970565,0.1823469866727121,1.3335633934466526
691,10.590340448725257,11.827114610624761,-1.2367741619009394,3.795785527406812,0.16156734532768738,1.3998196054471699
692,10.941032629045296,12.225818096452421,-1.2847854674064365,4.586453807008294,0.173345481751955,1.361532463184741
693,10.92032891173669,12.165400925949868,-1.2450720142142018,4.584526635525622,0.17833236095708183,1.3459074653235206
694,11.344472176465317,12.697823512358092,-1.3533513358934215,4.139694012761435,0.15538666494688927,1.4207595804793804
695,10.960652173469427,11.99874098755992,-1.03808881409077,3.9821468173244057,0.19310177546978483,1.301457872373987
696,10.965546747939626,12.54528121158721,-1.5797344636484922,3.641386779040449,0.11970360204548737,1.5560188836879192
697,10.08809202276909,11.446272193253016,-1.3581801704840473,3.987214368502549,0.15136477444807417,1.434727465396516
698,10.24295539885945,11.54922458330374,-1.3062691844452274,4.14427480735479,0.16113242802140837,1.4012730799959863
699,10.90382855898217,12.194234668284423,-1.2904061093022392,4.423441572095749,0.16921090666736588,1.3747437365151354
700,10.638952129322135,11.96227341689822,-1.3233212875766185,3.9386171627560778,0.15435566654395685,1.4243137582833354
701,10.267255643338942,11.56425803340165,-1.297002390063426,3.594759560860666,0.14915291996092842,1.442529981345929
702,10.84263296977035,12.018732755296888,-1.1760997855271853,4.443554802407197,0.18437028285983023,1.3274185013781
703,10.699482524339075,12.08331695624652,-1.3838344319065072,4.07256034579067,0.15032974554645995,1.4383677235905528
704,10.98696143862064,12.124737545467468,-1.1377761068470136,4.793777093829423,0.19686818888487814,1.2905257164181656
705,10.733207140971828,11.788672770217673,-1.0554656292461004,5.085479446905923,0.21415721295156298,1.2422150916029138
706,10.454205916764224,11.887960289937794,-1.4337543731744518,4.643426184540935,0.15674056841936254,1.4161193335948605
707,10.552992666446627,11.788053112167908,-1.2350604457215013,4.007925274397461,0.16686867147440865,1.3823356274995124
708,10.724040232020272,12.119991143366953,-1.3959509113474269,3.81892436627688,0.14311513605095205,1.4642885070637635
709,10.710284563075149,11.885281935348061,-1.1749973722726281,4.341327606135236,0.1822884435788143,1.333741943541022
710,10.511075418659786,11.793973015988989,-1.282897597329793,3.9412210767454674,0.15931509217719544,1.4073788066525885
711,10.657998073944256,12.163811584675884,-1.5058135107319686,4.280636399333034,0.14132689543631646,1.470867714363196
712,10.791036192274916,12.15750014704863,-1.36646395477419,4.064497677185177,0.15215987180994697,1.4319439186818668
713,10.604433636688483,11.984144357111525,-1.379710720422736,4.143990715051141,0.15240183551523168,1.4310990291195758
714,10.954933449530401,12.369355811542057,-1.414422362012374,3.9565479007378777,0.14422693739371079,1.46022976538838
715,10.57399409757629,11.993850351371492,-1.4198562537949329,4.080228463563461,0.14640468329898065,1.452348661807699
716,10.96186673653294,12.340664289809915,-1.3787975532759447,4.232321858895997,0.1544530083057151,1.4239774208973133
717,10.947425616051916,12.163158223863768,-1.2157326078122423,3.96413925099527,0.1683125059406116,1.3776463408033988
718,11.060423219832884,12.46973879278562,-1.4093155729533464,4.838751541559798,0.16341630109722408,1.3936732384793598
719,10.68754142968912,12.080010119456482,-1.3924686897662468,3.698767804546886,0.14064540381084753,1.4733918603485752
720,10.798821229450297,12.08341157632109,-1.2845903468705728,4.838861475587102,0.17848688433957657,1.345428538432013
721,11.142999545208042,12.457036177026822,-1.3140366318175438,3.706433109511959,0.14989948463362857,1.4398866006175124
722,10.964243572378038,12.444234471953244,-1.4799908995755686,4.31514001859337,0.14483893431418093,1.4580058363470805
723,10.881544072355538,12.268563109145624,-1.3870190367897521,4.15587539763926,0.15182068511241367,1.4331300153190605
724,10.608040944738534,11.81279060800778,-1.2047496632694674,4.1322924941811525,0.17365991869235006,1.360537423197711
725,10.6468204218517,11.824261336706726,-1.177440914854742,4.419854015078448,0.18367850847905354,1.329513822808032
726,11.119424481226744,12.492536935765656,-1.3731124545392959,4.178666828128412,0.15393621354232176,1.42576490780944
727,10.65536464865447,11.959745704316823,-1.304381055662816,4.238145754500753,0.16345817596841958,1.3935346452494257
728,11.304765967774912,12.53847389592432,-1.23370792814967,4.334260069679182,0.17443974346974261,1.3580754525497265
729,10.771512852768794,11.97990691744458,-1.2083940646753035,4.342774652014441,0.17790754296282374,1.3472257318623437
730,10.720755320174177,12.112241592732218,-1.3914862725578132,3.7296398836250706,0.14149792699802077,1.4702357072739565
731,10.578583286197428,11.755170982722497,-1.1765876965246207,3.613316433507581,0.1647210800889676,1.3893673278235683
732,11.112120273883122,12.28462637241963,-1.1725060985363598,4.425306670506583,0.18445660047206153,1.3271574618871185
733,10.424711497519567,11.635309807343866,-1.2105983098244906,4.221304226741607,0.17491998929243052,1.3565633636311438
734,10.73566885042412,12.18276943023465,-1.4471005798113765,3.834731945174788,0.13781971757096015,1.483959302949777
735,10.702481835150067,12.086798674970481,-1.3843168398198031,3.95489364809146,0.1475993758357202,1.448063201405268
736,10.814977742115772,12.063689874141005,-1.2487121320245933,3.8113078725350213,0.16044482900936266,1.4035770638562182
737,10.997131162590378,12.48365194882033,-1.4865207862294483,4.303077124454674,0.14387544576907213,1.4615103190336303
738,9.938909880343019,11.30368435021429,-1.364774469871918,4.272281126131912,0.1569635852958668,1.4153579047742983
739,11.222485534800327,12.635837875649536,-1.4133523408481778,5.172679192730339,0.16927723164945607,1.3745299086809737
740,10.73228829749398,12.119316617335784,-1.387028319842102,3.4822027820042685,0.135915084215416,1.4911767954715192
741,10.741607780673732,12.066809834153815,-1.3252020534800977,3.963871517776372,0.154719875774679,1.4230561597839488
742,10.804542803480146,12.115415661134435,-1.3108728576526119,4.287660787237073,0.1637546851193929,1.3925540540286463
743,10.909127725298205,12.259800733991,-1.3506730086928656,5.7010392956133735,0.1861187812106905,1.3221482749561235
744,10.636280593424928,11.936639660474285,-1.3003590670496123,4.433304685636493,0.16819034422301182,1.3780419252548672
745,10.7712449672171,12.27561584033765,-1.5043708731191145,3.3828138044226783,0.12100091648585344,1.5505860535221072
746,10.885240778280533,12.379552077811326,-1.494311299531546,4.101797376810982,0.13872693141496464,1.480548485479713
747,10.658637157537598,11.847969917062947,-1.1893327595244045,5.081037876500529,0.19552199680720736,1.2944153341485254
748,10.910781562057238,12.230777126764302,-1.3199955647069146,4.038497766087275,0.1570671467379176,1.4150046019964297
749,11.032201913799256,12.277355363704672,-1.2451534499050467,3.9374718044134163,0.16392712007296237,1.3919844062548268
750,10.475444848882873,11.93038221015243,-1.4549373612708223,4.264387355940425,0.1465117316023906,1.4519635821509898
751,10.848456501267648,12.16516053286265,-1.316704031595691,4.349355478368299,0.16438584705405582,1.3904711730055177
752,11.259270310420035,12.640955865224832,-1.3816855548038802,4.4207997335771445,0.1581613813257218,1.411282334144891
753,10.956984920457145,12.451885556742262,-1.4949006362849104,3.6903118606787384,0.12937154932356576,1.516584784562053
754,10.49973468115688,11.96391863100331,-1.464183949845392,4.027734326608803,0.14034060632283615,1.4745238303266825
755,11.204807507108782,12.55413452740931,-1.3493270203007341,4.733268399111935,0.16842379543346606,1.3772861503867777
756,10.909237438409875,12.246256487694048,-1.3370190492842084,4.019919362727411,0.15460745006352397,1.42344412065443
757,10.892123752632799,12.319768588124617,-1.427644835492174,4.536871369974964,0.15527438306287408,1.421145781162125
758,11.086186604402357,12.33719365681565,-1.2510070524149342,4.795157407097387,0.1818756498931081,1.3350021282503202
759,10.954589691981639,12.107880294239429,-1.1532906022575844,3.4711576923535254,0.16405329419614198,1.3915678695278086
760,10.749240425508034,12.127139189323785,-1.3778987638152103,4.262852721100696,0.15522267641453996,1.421323700771132
761,10.637685710560547,12.08492767762128,-1.447241967061018,3.4684084243583424,0.12902913546457548,1.5179415450293183
762,11.194291504541908,12.634680977359587,-1.440389472818424,4.080730086000308,0.1441259756519842,1.4605973438775564
763,11.213517954423807,12.521162353222572,-1.307644398798402,4.035810634234933,0.15849641678283075,1.4101465423754587
764,10.695006454056895,11.909073873764164,-1.2140674197080443,3.559332729879472,0.15848562010926687,1.4101831154337936
765,11.174412968723047,12.507460943034964,-1.3330479743126489,4.524332577333357,0.1661170656323196,1.3847887705105888
766,10.860269653218822,12.031697636880622,-1.1714279836623973,4.409096275767126,0.18424925686542643,1.3277846574533179
767,10.884438524095387,12.064078637652884,-1.17964011355798,4.474140335541168,0.18455531548808737,1.326859041295523
768,10.563208034804958,11.874044239959943,-1.310836205155283,3.6884966852189685,0.149839093939068,1.4401000536395576
769,10.798915265871003,12.314051894847154,-1.5151366289765065,3.7450167284623213,0.12855005171754041,1.5198445407387275
770,10.934640090988907,12.304913480500616,-1.3702733895124766,4.06459637483907,0.1517188748340993,1.4334864277737558
771,10.976294487613742,12.159600566854174,-1.1833060792405377,4.579982268204255,0.18631116783893828,1.3215706327905707
772,11.072545276023376,12.211714213329657,-1.1391689373049303,4.299683342080607,0.1862056923956361,1.3218872689080625
773,10.640559232670896,11.84989818032139,-1.2093389476503944,4.6314478164202075,0.18394213680520943,1.3287146286636262
774,11.047342812582357,12.29957685593913,-1.2522340433570207,3.9649795192036983,0.1636863225725481,1.3927800183691452
775,10.327853506393623,11.710067501093661,-1.3822139946996685,3.911192806733336,0.1468309955640944,1.450816386175399
776,10.478265728170228,11.646090494128984,-1.1678247659601766,4.35022768667514,0.18344480871702282,1.330222998681858
777,11.16446746033482,12.43416684877625,-1.2696993884410404,4.633500708971379,0.1762139103156946,1.3525047186266332
778,10.882670953841554,12.24771335994506,-1.365042406102475,4.179267530202232,0.15489231268618883,1.4224615269436562
779,10.540870977980305,11.849299571110805,-1.3084285931299746,4.455199503827858,0.16766316122972516,1.3797515292813456
780,10.551804150208156,11.876587832475778,-1.32478368226748,4.487893854410409,0.1663560946223424,1.384007707822238
781,10.769236291202034,12.204223065981886,-1.4349867747796452,4.207330218510613,0.1475016630606853,1.4484127072349178
782,11.1864357569156,12.39225576591646,-1.2058200090004902,3.376071498793138,0.15467629119428147,1.4232065368925055
783,10.471516860258745,11.794030736505093,-1.3225138762463757,4.421270416480358,0.16522206945355336,1.3877208338321496
784,10.82369965234004,12.10483960110438,-1.2811399487645758,4.244602808948255,0.1664667641269064,1.3836463645842718
785,10.532619894576712,11.90634092454679,-1.3737210299696017,3.4965739844481263,0.13776563439369865,1.4841631833234745
786,10.750354305798211,12.069730935011087,-1.3193766292124565,3.6478593121485154,0.14781995211409593,1.4472748785524312
787,10.630057182272068,12.012923278932256,-1.3828660966601092,3.5138172969465806,0.13717405855131354,1.4863973189985533
788,10.944324987607544,12.157593159956392,-1.2132681723487622,4.632233790113586,0.18344356587141342,1.3302267719596785
789,10.431305363485919,11.744667931623397,-1.3133625681384729,4.137958456010807,0.16012834199398412,1.4046400463816249
790,11.001955860725431,12.301150566581697,-1.29919470585628,4.227069434765529,0.16384821361665777,1.3922450217420215
791,11.04093652172098,12.512390411651566,-1.4714538899315812,3.885559626002898,0.1363574147745593,1.4894936859835504
792,10.577302229179551,11.9495642673375,-1.372262038158624,3.4966408371326345,0.13793147173269904,1.4835382123524867
793,10.561021344305956,11.930112581004678,-1.3690912366992052,3.940650322999005,0.14902294392805418,1.442991222257415
794,10.929368433819874,12.195037168666914,-1.2656687348471678,4.129650710841732,0.165814656930119,1.3857781479214262
795,10.787558638224183,12.148918333988803,-1.3613596957648042,4.656602559522682,0.165437205882334,1.3870149444500024
796,10.741968284622928,11.97007508425422,-1.2281067996318598,4.773482381079214,0.18439434366107724,1.3273457282328032
797,10.79653721980587,12.085586857589327,-1.2890496377831369,3.8170508944701282,0.15560114817279191,1.4200224402274988
798,10.712121775117268,11.985839514490877,-1.273717739373751,3.870422416813941,0.158763793711845,1.4092414208093869
799,10.551015743310856,11.82827162878452,-1.2772558854740055,4.065242677249877,0.16289835535168656,1.3953897009437102
800,10.527586522695785,11.873456881904282,-1.345870359208675,4.000302036634032,0.15310995407753475,1.4286322698878633
801,10.565817504174376,12.02760629253661,-1.4617887883623553,3.937552487782515,0.13857812577038459,1.481106763799933
802,11.002881048992023,12.20703650643916,-1.204155457446177,4.118146841412187,0.17341245786723686,1.3613204033688804
803,10.540627948857875,11.93153151432486,-1.3909035654660329,4.626877813704791,0.1613469450218946,1.4005558038119454
804,11.121840629069013,12.437900126856938,-1.3160594977898654,3.8787767669765003,0.15381568112374208,1.4261824604283395
805,10.908547533686871,12.102442606461992,-1.1938950727753763,4.574961567055343,0.1847992882188968,1.3261220055813185
806,10.986093718704907,12.227064676487686,-1.2409709577832473,5.062598728147096,0.18839372278918315,1.315345768413278
807,10.921541682541758,12.361436924577568,-1.4398952420369824,3.9245898622429003,0.1406712827299287,1.473295837026272
808,10.87058162823898,12.234130879839803,-1.3635492516013983,4.661061454559773,0.16526673455532617,1.3875742252013807
809,10.80686975921246,12.298733903228097,-1.4918641440153806,3.4884530914300598,0.12486467404242545,1.534670954026056
810,10.663880751332655,12.047080349557632,-1.383199598225474,4.152718107519373,0.1521917070615842,1.4318326978575147
811,10.576436849725653,12.085349639684033,-1.5089127899591404,4.585852585846565,0.14725311853637454,1.449302516835689
812,11.027511031163087,12.178240187027825,-1.1507291558655197,3.7631476667778045,0.17195978251484936,1.365933673064687
813,10.691192759335465,11.94887459446175,-1.2576818351253678,4.023813423731667,0.16438046355463112,1.3904889134554892
814,10.751967979669573,11.986421026521995,-1.2344530468517405,4.481603518208331,0.177528073409701,1.3484052590808786
815,10.83828369420091,12.19998015174918,-1.3616964575485326,3.926469547239325,0.1495513721925998,1.4411179183455394
816,10.791386593288664,12.147209883374913,-1.3558232900859366,4.212908219579607,0.15671898423815211,1.4161930703392245
817,11.051132231072117,12.428437966726676,-1.3773057356547724,4.059698742499716,0.15079325887284095,1.4367351654935345
818,10.586335453262947,11.925495626019966,-1.339160172757147,3.9664375728538683,0.15312066540508107,1.4285950232508637
819,10.771253759547037,11.931896789870443,-1.1606430303236266,4.130564310301503,0.17945974641362078,1.342420330496113
820,10.709056566424735,11.929390796294562,-1.2203342298707867,4.159223366639619,0.17225237074059815,1.3650021612388317
821,10.57426794803716,11.917041580335827,-1.3427736322983037,4.539303734078608,0.16525543005586127,1.3876113282462728
822,10.999486292683216,12.309983140381199,-1.3104968476973227,4.516286732338749,0.16869713968721947,1.3764022244428928
823,11.340739272140965,12.569032137694919,-1.2282928655540672,4.736180978769655,0.18361619424756181,1.3297028536813544
824,10.668767875121304,11.890050888392551,-1.2212830132702948,4.372443471103395,0.17687860368594333,1.3504284077585555
825,11.151307348216434,12.442051055508514,-1.2907437072917674,3.957615489579224,0.1587383976142137,1.4093273417958339
826,10.958191223246033,12.279582024294882,-1.3213908010484374,3.5370500032329524,0.1448006232573236,1.4581448429931076
827,11.351546102897302,12.280021010766589,-0.9284749078697132,5.255310667361856,0.2362448972633476,1.1844249280538537
828,11.187737619007677,12.471345333062132,-1.2836077140536872,4.7761482418728,0.17736102815340224,1.348925090721921
829,10.592429643164834,11.855476910411454,-1.263047267246293,3.5895845462382425,0.15314096201774433,1.4285244510139756
830,10.68871616825065,11.97470433944956,-1.2859881711992784,3.754741317342628,0.1544594727763401,1.4239550904203162
831,11.131800356696587,12.458806273905473,-1.327005917209135,4.142371605478079,0.1585816915492793,1.4098577456808215
832,11.118627090768243,12.561970708795265,-1.4433436180270292,4.161483871539277,0.14557397149939322,1.4553442882333811
833,10.503598145782163,11.714871135430641,-1.2112729896480232,4.035091424631316,0.17056034797141548,1.3704055262715724
834,10.549669278423536,11.875895677374238,-1.3262263989518033,3.8885827375089708,0.15283409376151497,1.429592206106416
835,10.983039125472644,12.305254414960046,-1.3222152894877581,3.910607061219979,0.15383097714920452,1.4261294576261738
836,10.356204588338116,11.63378456172029,-1.277579973381762,4.409328333318982,0.17050634947756946,1.370578626671371
837,11.077529800064369,12.482000696544546,-1.404470896480234,3.4696721812085656,0.1336736551065304,1.499771295914934
838,10.467220622474926,11.905564911510737,-1.43834428903574,3.6104492842540985,0.1334612833802674,1.5005913755919722
839,10.7486966934229,12.088687832877135,-1.3399911394535593,4.084860292381812,0.1557345252727677,1.4195644359600756
840,10.703134302161672,11.953391143470256,-1.2502568413083281,4.155124845281659,0.1683331708874312,1.377579444823896
841,10.600041941041965,11.934348101516079,-1.3343061604728064,4.245251743252471,0.15999051550225665,1.405103459654012
842,11.056248220049312,12.246066559132878,-1.1898183390840131,4.397811605823263,0.18155412222561562,1.335985165053119
843,11.293699746092827,12.577220021240976,-1.2835202751484758,4.252558602484417,0.16634741421105842,1.3840360575817983
844,10.702363615254328,11.929029552407897,-1.2266659371534843,4.07327840986034,0.16946418615698908,1.3739275163603701
845,10.76757263437041,11.843438234617622,-1.075865600247198,4.537305360740792,0.20021855983186543,1.280929130321298
846,11.03582224259928,12.144459171662206,-1.108636929063323,4.78302088339032,0.20068664674791042,1.2795977353383814
847,11.167775066883152,12.412142922069044,-1.2443678551862831,4.181056393223081,0.1696672345180505,1.3732738317910078
848,11.185972540867553,12.3907716854617,-1.2047991445951993,4.92044171577653,0.19036704814527533,1.309494061165175
849,10.932657934373239,12.276432695892211,-1.3437747615180342,4.033837579051179,0.15412582906844915,1.4251085377566388
850,10.95002939249109,12.247599982025555,-1.297570589534189,4.042858279216375,0.15988426008427478,1.4054609277687853
851,10.784580918627327,12.00716410446536,-1.2225831858377205,4.423649245165935,0.17782022762676877,1.347496973147371
852,10.861852515786197,12.059993791209841,-1.1981412754230405,4.885531282451405,0.19055983240981786,1.3089247781171471
853,10.41987878249067,11.685146810465106,-1.265268027975253,3.6368976175850847,0.15406710744788346,1.4253117419402945
854,10.748638545616743,12.13261004077114,-1.3839714951536735,4.19373290400438,0.15300734293147494,1.428989181424625
855,10.485406494160927,11.789364285810649,-1.3039577916497365,3.447137104569851,0.14454271178843606,1.459081375090018
856,11.154614741279076,12.38357640167991,-1.2289616603993636,4.447660713373283,0.1775110573666702,1.3484581949953243
857,11.302828558244912,12.572525430184136,-1.2696968719401411,4.248567267193781,0.1679823327838135,1.3787160051858356
858,10.401198121736272,11.946504735771924,-1.5453066140353258,3.7657295444608803,0.12595385623816424,1.5302540541906922
859,11.26216827940145,12.366666973148853,-1.10449869374861,4.519164488905137,0.19578857354219717,1.2936435464036211
860,10.67011426148376,11.921838930066883,-1.2517246685829377,3.246457318660937,0.14542959932605073,1.4558662420898636
861,10.963839747027052,12.293374036758472,-1.3295342897317823,4.288374726442328,0.1615082011749288,1.4000170888948344
862,10.868619480134768,12.198386778392845,-1.3297672982571385,4.101046835010033,0.15731964203011994,1.4141439466632855
863,11.093564118083052,12.431475753341623,-1.3379116352589335,3.854788167358887,0.15065174002488096,1.4372332082987984
864,10.608316818183923,11.922812191525871,-1.3144953733417424,3.2993874411616133,0.13940939455109447,1.477993961391591
865,10.64217801228726,12.192070270669014,-1.5498922583810781,3.3339641141346945,0.11530184569635303,1.574803338045495
866,11.27630269535068,12.411061217846942,-1.1347585224957584,4.684082010609275,0.19504792570612467,1.2957897635154108
867,10.936882382868973,12.358201287870024,-1.4213189050005894,4.002087182683384,0.14448861804569282,1.459277963552889
868,10.600111444175056,11.916178570538726,-1.3160671263622135,3.6012380710168586,0.14704750994445395,1.4500394805466696
869,11.194280921776155,12.38270145752842,-1.1884205357519022,3.3756667155331446,0.1568876277994105,1.41561714826676
870,10.812368670707585,11.976864973321533,-1.1644963026137702,3.78776492405909,0.17073580535355778,1.3698433541840558
871,10.825916217293454,12.075720004504639,-1.2498037872092027,4.260971519538765,0.17076622309680725,1.369745938606021
872,10.948142060232314,12.360527519211658,-1.4123854589788607,3.87136759612655,0.14249548663297648,1.4665611072277538
873,10.9094492113026,12.181521297515445,-1.2720720862125745,4.369815004615374,0.17034369882421496,1.3711002764358862
874,11.182290236390074,12.305990638180752,-1.1237004017903018,4.3195055986317055,0.1887715215109733,1.314221957051336
875,10.858130299641672,12.057487287190519,-1.1993569875485264,4.648087745591418,0.18560045038685072,1.3237067663601543
876,11.326012495517645,12.58271579696359,-1.2567033014456683,4.669030055968026,0.17859275676078204,1.3451005774938996
877,10.91589424518854,12.404574302793002,-1.4886800576032329,3.9531724797552243,0.13604560985964714,1.4906796938026237
878,10.66793851876075,12.058026483725534,-1.3900879649645503,4.323515265022291,0.1551158238886073,1.4216915168065007
879,10.830503172777682,12.1170155270745,-1.2865123542960646,4.8744778595953715,0.1789486546641726,1.343999171965635
880,11.003279101966584,12.350825111831028,-1.3475460098643453,4.974378565864484,0.17336862949719853,1.3614591658566135
881,10.64025666884929,11.993478451842101,-1.3532217829924775,3.8846213561273704,0.14956067016624291,1.4410850018291306
882,11.19090351914376,12.443816134349007,-1.252912615205787,4.411046235376579,0.17365405994879893,1.360555950958046
883,10.706368593699082,11.89451350604034,-1.1881449123411585,4.708416089679103,0.1883271246353097,1.3155440455754175
884,10.981206338331432,12.226786239379571,-1.2455799010485862,4.286322137325579,0.17186508189806876,1.3662354250261033
885,10.635439268766206,11.913148961114082,-1.2777096923482532,4.548345991096076,0.17343748847651796,1.3612411671512379
886,10.814519058978405,12.012185223989299,-1.1976661650105598,4.397429789240924,0.18050933928188198,1.3391884261627802
887,11.014291382546546,12.423404423500841,-1.4091130409551624,4.0477619013260835,0.1468890230753178,1.4506080836286757
888,10.60334409230829,11.909341646793962,-1.305997554485657,4.292932594680604,0.16446573215862548,1.3902079759990862
889,10.466835143613864,12.019302966294383,-1.5524678226793185,2.913528916183168,0.10434383618296132,1.6241498257573153
890,10.406074231823297,11.724138773790784,-1.3180645419661232,4.017900143881061,0.15682583583080262,1.4158281149103642
891,10.772829133119487,12.21409092313963,-1.4412617900206897,3.5200533684469697,0.1309420244758528,1.5103975066381001
892,10.22786428382635,11.709185381205728,-1.481321097377986,4.655491331870875,0.15165332472421852,1.4337159987981696
893,10.791168038075668,12.241389578658051,-1.4502215405818788,4.193241426448251,0.14550268594726734,1.4556019598650631
894,10.95119592883104,12.170937403767333,-1.2197414749371092,3.7361452054180084,0.1622560001972715,1.3975241813300223
895,10.704462206753234,12.088635076464016,-1.38417286971071,3.6904162574255537,0.14137779181410065,1.470679577316842
896,10.357192818947553,11.849606116645397,-1.492413297697567,3.4386966337423566,0.12359164098878557,1.5398716561143089
897,10.76769578841224,11.947050159013322,-1.1793543706007767,4.329119486891072,0.1814380391129966,1.3363403942684267
898,10.967200108739164,12.364743765103931,-1.3975436563650874,4.786695158337004,0.16376723916852456,1.3925125658258977
899,10.166357009445093,11.422997325053252,-1.2566403156079105,4.128025575072845,0.16691114735905832,1.3821972399479614
900,11.683854636863472,12.892726585875785,-1.2088719490120639,4.400280020262079,0.17910033928027264,1.3435302451970703
901,10.560619669886293,11.74494957355244,-1.1843299036663666,4.0900277590135605,0.17536560484328842,1.355163079552018
902,11.041744783311444,12.388612990154193,-1.3468682068423732,3.9292099063713195,0.1513472058862871,1.4347890965855317
903,10.698776412663321,12.082554920109871,-1.38377850744655,4.6002279565808735,0.16163888351389316,1.3995808110146675
904,11.060731897689877,12.358107976414523,-1.2973760787244828,4.177393858282665,0.16296361981224208,1.3951731893393695
905,11.351706675679381,12.516132185867576,-1.1644255101882663,4.484560886633805,0.18681851130224247,1.3200494414636117
906,10.498358837569796,11.916345948147146,-1.4179871105779966,4.2674683030570275,0.15071489343981878,1.4370109104417181
907,10.95287537774395,12.25599663358605,-1.3031212558416883,4.300501535186331,0.164983681012917,1.3885038244353265
908,10.839268794810707,12.037715129596862,-1.1984463347862402,4.3270488121049535,0.17886572168218773,1.3442556808896124
909,10.787532307072908,12.138509609686885,-1.3509773026144103,4.334533018934842,0.1599423760838149,1.4052653896854077
910,10.917630066814965,12.29095146545393,-1.3733213986388364,4.5903949707165665,0.16266865662186789,1.3961522357901455
911,10.731258908652237,12.22785032751969,-1.4965914188678653,3.494979231339709,0.12453874425829559,1.5359985162160523
912,10.417362173504372,11.856582876478264,-1.4392207029750352,2.867856783559894,0.11401783972799094,1.5803888662386323
913,10.925960919470455,12.188073191231574,-1.2621122717609978,4.02908207588068,0.16394799503919336,1.3919154753706224
914,10.873024383138656,12.161480053170287,-1.2884556700309986,3.97017381107694,0.15931267058226112,1.4073869775687673
915,10.717956850100492,11.851025859958007,-1.1330690098566265,4.818700230848483,0.19801629136743415,1.2872238077258984
916,10.576209151386067,12.18967786887498,-1.6134687174890132,3.265480210713669,0.1076536245599322,1.6088295178819945
917,10.877525210797941,12.058623436477149,-1.1810982256802163,4.82099157179689,0.191544629757503,1.3060233127854401
918,10.815076868334401,11.956417231205172,-1.141340362871233,4.388620037251755,0.18787340298053717,1.3168962520349659
919,11.003161001432929,12.274529995293342,-1.271368993860051,4.491164300303408,0.17303083711020778,1.3625295116732217
920,10.785836489998402,12.042178379963673,-1.2563418899653698,4.748230072392397,0.18024997404082432,1.3399857615385986
921,10.734860757127464,12.180647531471479,-1.4457867743440147,3.800626056093707,0.1371706971696169,1.4864100347488594
922,10.46952161709207,11.802985600533496,-1.3334639834411064,4.955976853574391,0.1747261308244865,1.3571733676629023
923,10.42353016870213,11.70946380470432,-1.2859336360024827,4.344908222255601,0.16807305259844965,1.3784219423846904
924,10.521858395101773,11.834937982534228,-1.3130795874330943,4.260716732959681,0.1628946993362363,1.3954018315281655
925,10.293511924685774,11.552006595507635,-1.2584946708229836,4.344042501936235,0.17149342876410256,1.3674208562252559
926,10.518542946044292,11.867124647117599,-1.3485817010741812,4.505235067276285,0.16384893018726238,1.3922426545976794
927,10.654653957482807,11.92462453923838,-1.2699705817558424,4.36016540802013,0.17039812527078774,1.3709256795460085
928,10.4254431516719,11.671501660680512,-1.246058509008435,4.308291551366686,0.17228871090025097,1.3648865478980852
929,10.280023140315208,11.586021201343819,-1.3059980610296407,3.912432302954617,0.1558215992763553,1.4192655927026268
930,10.522376601831567,11.969285213356905,-1.446908611525032,3.6908640429004436,0.13446637462496558,1.4967190601507834
931,9.9052945884104,11.220536783005741,-1.3152421945951573,3.564055257906684,0.14620830168659743,1.4530556563025359
932,10.550202425408244,11.909754840251395,-1.3595524148440745,3.708484535316863,0.14462261750772504,1.4587910834014917
933,10.864410814153345,12.326289009036778,-1.4618781948829564,3.881328182502804,0.13729048375388078,1.4859570430534301
934,10.710241714127662,11.901213187559321,-1.190971473431091,4.400788115365588,0.1814662175744618,1.3362541490634563
935,10.197617017469312,11.415600927217014,-1.2179839097470904,4.007790389551387,0.16905314229569737,1.3752526122923765
936,11.18436965242465,12.487449363936427,-1.3030797115125097,4.639555604051539,0.17216634260419642,1.3652759256885652
937,10.984585715947944,12.254915659145553,-1.2703299431987034,4.092613083672418,0.16438720727106673,1.3904666907000303
938,10.866618787123954,12.291528728351388,-1.4249099412272699,3.7391038618671786,0.13800597923612148,1.483257613558359
939,10.879020825067457,12.196083806440726,-1.3170629813730557,4.378530117096844,0.1649708127283898,1.3885461147405356
940,11.003525093821665,12.104045442580741,-1.1005203487584367,4.791590611369317,0.20199636394366832,1.275884463516825
941,10.935708605998954,12.25337597194222,-1.3176673659427252,3.821861346930703,0.15226708881531226,1.4315694119460187
942,10.955313722903085,12.262195042607402,-1.306881319704189,4.3261841182617395,0.16508276507922476,1.3881782778957512
943,10.863265702626379,12.079287482185372,-1.2160217795590142,4.604283263436978,0.18250292162531792,1.3330880160477332
944,10.733479793315311,12.099839276608279,-1.366359483292399,4.107001099291997,0.1531288638688357,1.4285665159663963
945,10.592506140949737,12.013763719350322,-1.4212575784013097,4.061283808899688,0.14582495150433114,1.4544378538861684
946,11.16133697430898,12.287666615635679,-1.126329641328084,5.152423915887315,0.2054243627137856,1.2662478457083302
947,10.502456158771494,11.729345380926823,-1.226889222155478,4.14309281924918,0.17104010022346902,1.3688694071086798
948,10.571497860929341,11.922684162878234,-1.3511863019484736,4.968515922358259,0.17281583332292072,1.3632115971983254
949,11.0884540220258,12.444702296762578,-1.3562482747374816,4.454937743336755,0.16187952035092842,1.398778150516006
950,11.470524529528959,12.715736251890903,-1.2452117223610912,4.3546520128266515,0.17341240782829556,1.3613205617793556
951,10.655041842306602,12.14134065510931,-1.4862988128033976,3.393503672884524,0.1231006946632444,1.5418884848435275
952,10.809382770452359,12.076632729278849,-1.2672499588270512,4.362697937725233,0.1707950672548026,1.3696535745830942
953,10.868619908700495,12.33441536012407,-1.4657954514232188,4.456979872144977,0.14935197059145197,1.441824212382479
954,11.220986434398512,12.641067142288485,-1.4200807078896105,4.64778377027228,0.15839031878386142,1.410506024569387
955,10.781037917191426,12.094029096038618,-1.3129911788473692,3.6378021253168455,0.14832596848038,1.4454698048667531
956,10.944934580595074,12.092821573635334,-1.147886993040629,4.435594442293354,0.18800339520574053,1.3165085959268785
957,10.827354992958064,12.0914797129849,-1.2641247200272119,4.483043957100801,0.17377231230917714,1.3601820786697285
958,10.83727469356647,12.163830107930941,-1.32655541436543,3.3384539555425494,0.13905293817399794,1.4793270070161286
959,11.034270866863992,12.415289335547186,-1.3810184686835782,4.2003250879143685,0.15349425921401957,1.4272971588370502
960,10.633940406109033,11.900042575820294,-1.2661021697103934,3.9942718248217446,0.16263868560213543,1.3962517909926346
961,10.770407608713796,12.026934399319934,-1.256526790605676,4.323337661129651,0.1712897063679205,1.3680714688274234
962,10.869719140602612,11.958982765672708,-1.0892636250709984,4.7527693780797495,0.20279608414657563,1.273625743817375
963,10.71338425660808,11.951118090722353,-1.2377338341138966,4.126898039595124,0.16928160691025712,1.3745158053074673
964,11.009653979977813,12.155211972067782,-1.1455579920902892,4.875994687149564,0.1974454574842243,1.288863752610596
965,10.563927883895232,11.77990672246213,-1.2159788385661159,5.773054553304004,0.20438414724170698,1.2691595989210336
966,10.364588864496838,11.746142971506053,-1.3815541070098334,4.354590284405347,0.15677203781414717,1.4160118403824862
967,10.795492955723532,12.13930216403358,-1.3438092083097217,4.8943673354068284,0.1722732978621179,1.3649355810305688
968,10.004693175612303,11.297156715805215,-1.2924635401932392,3.231348040929195,0.1401431354168961,1.4752582160161833
969,11.003443654785698,12.317074903718321,-1.313631248933234,4.543437732547686,0.16888012992281248,1.3758110808857542
970,10.967329457673188,12.219656078539579,-1.2523266208672794,4.255622631162449,0.17032739990637288,1.371152570554121
971,11.115751607612694,12.306342018733837,-1.190590411121775,4.227406799564282,0.17767986152985893,1.3479332222104565
972,10.56043672043863,11.580168342376567,-1.0197316219373533,4.508586195233029,0.20774513538209308,1.2597899799685457
973,11.143374096096451,12.380107778596589,-1.2367336825000166,4.459287856721364,0.17675829045436509,1.350803800160125
974,10.93892715869326,12.191016997819965,-1.252089839126711,4.041249999413441,0.16548874249915685,1.386845948974085
975,10.817997539643258,11.973086348397644,-1.1550888087540443,4.679644059097296,0.19217914891711102,1.3041596657258172
976,10.836515313924721,12.011045404079503,-1.1745300901548035,4.325259386725962,0.1819961718028078,1.334633977491493
977,10.238090043675513,11.525261834125942,-1.2871717904508841,4.3638893586859915,0.16833095261891806,1.3775866254444293
978,10.969072703624008,12.33422750718021,-1.365154803556834,4.004865305610039,0.15095651390360545,1.4361610695569758
979,10.673256312339547,11.868253342270265,-1.1949970299310735,4.5701997677534685,0.18455348848501785,1.3268645633469764
980,10.950638014448415,12.127978599448838,-1.1773405850008203,4.326682097795221,0.18165253682891336,1.3356841357366764
981,10.903400631356746,12.331765950537857,-1.4283653191814665,4.533701235246969,0.15512747858161718,1.4216513887744082
982,10.640150226669832,11.878238490873606,-1.238088264203725,4.408483600015211,0.1754924319840217,1.3547650285257653
983,11.119291352535512,12.52262405834216,-1.4033327058059513,4.347989559995545,0.15411090358985569,1.4251601812932346
984,10.624960561913142,11.86996769882768,-1.245007136915774,4.070705903208655,0.16706573713770428,1.381693805718868
985,10.682987893147512,11.943638595683673,-1.2606507025366227,4.1755515644131,0.16748388330093092,1.3803338302925428
986,11.046298684357609,12.273971886430054,-1.2276732020718555,3.879278707775498,0.16475186577335693,1.3892660424951835
987,10.861508821463687,12.024759501999505,-1.1632506805362937,3.981392946703062,0.1756134583440507,1.3543853834840818
988,10.814761717711846,12.064227438452257,-1.2494657207398632,5.163795798076286,0.18921036660513157,1.3129186355928864
989,10.452665506625564,11.86346606416415,-1.4108005575380957,3.633006388982732,0.13701355294813544,1.48700476311373
990,10.957157186938204,12.232906570407927,-1.2757493834697016,4.418509180205081,0.17093261389770273,1.3692132868787004
991,10.3539027032147,11.697828928757993,-1.3439262255424183,4.33184319354206,0.16072482965909637,1.4026379482598361
992,10.960903838793385,12.236182656219178,-1.2752788174266243,4.383755016386429,0.17024341588626996,1.3714220877954189
993,11.227713215303922,12.431933280604781,-1.2042200653013424,3.7240451517486566,0.1639445086063153,1.3919269874034979
994,10.57524001240283,11.851264525917948,-1.2760245135150399,4.957238313645485,0.18188620031159644,1.3349698933185097
995,10.396217247731258,11.456316765304209,-1.0600995175727803,4.659576889886068,0.20504254414316375,1.2673153776851958
996,11.103037956269802,12.434471224853802,-1.3314332685831687,4.1397591650126895,0.1579922484377142,1.4118563976934257
997,11.389413950764649,12.536301489466886,-1.1468875387026856,4.816290085948003,0.19607337248835457,1.292819852547418
998,10.842764379373804,11.991225229825567,-1.1484608504515563,4.13982346312255,0.18131695030515446,1.336711121335747
999,10.744572195519979,11.924475100034982,-1.1799029045150746,4.513220485797943,0.18535473579054568,1.3244466934200008
