,logR,logI,logS,d_G,p,sigma
labels,$\ln\mathcal{R}$,$\log\mathcal{I}$,$\ln\mathcal{S}$,$d_\mathrm{G}$,$p$,$\sigma$
samples,,,,,,
0,10.674864941421564,11.348569841258989,-0.6737048998372757,4.1473090977196705,0.2568254484709232,1.1339263371380472
1,9.998961499016222,10.855844801948205,-0.856883302931692,3.834620303966471,0.21752048998286863,1.2331481659979702
2,10.05807126867774,10.941981634520769,-0.8839103658431213,4.2734480128070835,0.2235131764331891,1.2172393134366186
3,10.115624174297754,10.610624976635815,-0.49500080233815424,4.404445183432209,0.2966012544489378,1.043749601714191
4,10.52701848877371,11.461213231813549,-0.9341947430395976,3.645371345140976,0.20027511302810533,1.2807681536114275
5,10.8450616391973,11.592389538599218,-0.7473278994018528,4.8217768212270045,0.25767114774435174,1.13191267875424
6,11.023721951359338,11.740844786963226,-0.7171228356039592,5.234634603591076,0.27038480629923456,1.1021768223376058
7,9.966513078611687,10.772788002253062,-0.8062749236410127,3.957090454627256,0.22898355473824458,1.2029813060010877
8,10.237222198595308,10.993087804118712,-0.7558656055234678,4.669634805778035,0.25322961551125006,1.1425400331377527
9,10.765357588257874,11.456153341281425,-0.6907957530233944,4.299439329822739,0.25704397798696466,1.1334055654722481
10,10.49448796329364,11.2974789902043,-0.802991026910604,3.9055485497622975,0.22829090611628453,1.204773102965235
11,10.595718144066385,11.396457354394695,-0.8007392103284019,3.2071865236238892,0.20981486740655433,1.2540746665441842
12,10.411644947033555,11.103332933779196,-0.6916879867458192,4.312719149378918,0.2571679128482351,1.1331103562686338
13,9.58492381542749,10.222687689375018,-0.637763873947506,4.567566123826957,0.27225627119879864,1.0978814221814248
14,10.230555990622978,11.167110356098977,-0.9365543654757857,3.3897309931482837,0.19294392148396605,1.3019194538108652
15,10.738266463919107,11.660182181739078,-0.9219157178199566,3.8853122077833433,0.20832199956780395,1.258192906938705
16,10.172350202530769,10.969737672235414,-0.7973874697045176,4.185429086025483,0.23583121587825712,1.1854711474146362
17,10.084122327399545,10.802311165607133,-0.7181888382076522,2.3862931688110756,0.1961283949113918,1.2926608180834978
18,10.398329910479223,10.965527158086577,-0.567197247607055,3.890157034175953,0.27127645446936327,1.1001277731910828
19,10.612127010649491,11.232511049686881,-0.6203840390376172,4.201203306082181,0.2679471643297719,1.1078023977954803
20,10.196414186267138,10.83403103464676,-0.6376168483795936,4.604304090049116,0.2730036635973983,1.096171650219564
21,10.388743632625282,11.087915597916162,-0.6991719652908159,4.031827700551368,0.24955177831534245,1.1514387536754194
22,10.860668261624486,11.41353775503973,-0.5528694934150735,5.337012912566067,0.3015572788074365,1.0330996250600901
23,10.256179884777456,11.06366902707057,-0.8074891422934343,4.306404398530514,0.23682525901772142,1.1829593478611486
24,10.24175885228249,10.989199459110122,-0.7474406068276949,3.7006406582441898,0.23280582812329934,1.1931622697053348
25,10.406938446362691,11.101483816803412,-0.6945453704406646,3.7434167839619263,0.24343256812057057,1.1664499625224687
26,10.117606458352274,10.947446253987668,-0.8298397956352801,3.6550267580780833,0.21741090181216866,1.2334420041673007
27,10.171017868357584,10.737347704607028,-0.5663298362492242,5.016166298328699,0.2937996504418248,1.0498226697832471
28,10.407939674226217,11.273902953177352,-0.8659632789513125,4.518706951273227,0.23174316553650434,1.1958805775477175
29,10.52351394586356,11.372039679108266,-0.8485257332447418,4.088953507036212,0.2250487039637795,1.2132121920055308
30,10.420621198665348,11.288955135483459,-0.8683339368180896,4.0687288865702165,0.22132931607274534,1.2230010066806378
31,9.970870963291535,10.846164280353076,-0.8752933170617325,4.04075063830825,0.21953725587454428,1.2277595194725108
32,10.271395494362995,10.998008720167501,-0.7266132258046127,4.372551635314572,0.25221010471614785,1.1449977130804863
33,9.947287026030725,10.78609452642836,-0.8388075003977065,3.434296219848047,0.2099359700559421,1.2537415232756668
34,10.549845052167374,11.479907656767974,-0.9300626046006073,4.060682129809731,0.21128839652736325,1.2500305258005227
35,10.360720833693794,11.078817144564535,-0.7180963108708056,4.519223709622992,0.2567768021901494,1.1340423066038572
36,9.812302974687217,10.571660873726092,-0.7593578990392871,3.827841905908471,0.23391659343065868,1.1903303068382112
37,10.208670153178563,11.015728657852915,-0.8070585046746146,4.350131067063664,0.23785542168191887,1.1803641307179467
38,9.931049457405951,10.685246520780357,-0.7541970633747042,5.520477753179911,0.2688875234185452,1.1056280969545584
39,10.200697735246766,10.922057933158047,-0.7213601979110535,4.697341153775312,0.2597700221374864,1.1269348624950724
40,10.57221139969636,11.283496914573359,-0.7112855148770905,4.156309693478182,0.25020773516878114,1.1498449563988127
41,10.448290492265532,11.174520343000761,-0.726229850735308,4.784359488383476,0.2606075290063385,1.124956356023521
42,10.340590479943447,11.012478292604552,-0.6718878126612253,4.341348995497011,0.26137265385148867,1.1231526844743496
43,10.504750470566368,11.173948212811485,-0.66919774224516,3.8565825295542595,0.2509051569778308,1.1481536079383117
44,10.51811815689064,11.309647656049155,-0.7915294991585142,3.945603396575315,0.2312211206194816,1.1972192193281987
45,10.661181975646404,11.189561823129257,-0.5283798474827108,4.45969378821027,0.29101696253441467,1.0558933064764198
46,10.249896209444504,11.102941628977685,-0.8530454195331458,4.488226855546255,0.23319914520269389,1.1921583907095152
47,10.351329048125653,11.145303813675799,-0.7939747655502742,3.6572074699990367,0.22355690419702648,1.2171243584775093
48,10.294645073190285,10.924519901499824,-0.6298748283093119,4.6207038961073685,0.2747520990098929,1.0921843064624808
49,10.746870389025734,11.520505953166126,-0.7736355641404771,4.035830814191257,0.23645139439203736,1.1839031720231814
50,10.52225790736691,11.13895584882351,-0.6166979414567777,4.233840613475614,0.2693464095382233,1.1045689545661201
51,10.036884130646175,10.937420982528028,-0.9005368518817249,3.515924699703369,0.202116713204811,1.2755441344949994
52,10.432570621127642,11.116118587877988,-0.6835479667504387,4.416080089914271,0.26082215592645436,1.1244500348216182
53,9.79513830014196,10.552057924944467,-0.7569196248025492,4.169111037327266,0.24242700902814296,1.1689419782095671
54,10.155505880050331,11.073550250261373,-0.9180443702111916,3.6877771970975317,0.20391863407074065,1.270466147237596
55,10.465090592513551,11.172901310597812,-0.7078107180841471,3.9145988391757527,0.24522117884092476,1.1620351709424563
56,10.201944241792834,10.925110513852648,-0.7231662720598706,4.795853530522276,0.26136242047176367,1.123176784086863
57,10.411687412523296,11.21575748951076,-0.8040700769875002,4.191636804848891,0.2348387423984531,1.187986464534726
58,9.952753870985251,10.831378475759873,-0.8786246047745863,3.8600547358808015,0.21460700355940887,1.2409966036111055
59,10.009293362802854,10.70948446587229,-0.7001911030693009,4.5904651084714665,0.2613936618325199,1.1231032127163292
60,10.997228768599715,11.829535127684391,-0.8323063590846687,4.122706734519827,0.22852074236166184,1.2041781161941905
61,10.817716442755117,11.613020236382912,-0.7953037936279088,4.207925286061965,0.23669398181433363,1.1832906381077963
62,10.50428589845058,11.292644708368254,-0.7883588099177814,4.4864349217090975,0.24393039765508595,1.1652188986543044
63,10.818126736042476,11.40852353999605,-0.5903968039538086,4.3759649290594815,0.27731565300508043,1.0863692667001943
64,10.115651537973125,10.822978293281341,-0.7073267553080314,5.27974210949241,0.27285066324185864,1.0965214005116362
65,9.993872360266213,10.6831625859536,-0.6892902256875004,4.121973727485479,0.2534084918401181,1.1421095367322223
66,10.602924864606056,11.365847760386227,-0.7629228957800933,3.496772618354811,0.22466876343506384,1.2142068027432558
67,10.490729910402369,11.379522523134472,-0.8887926127320043,4.101805605286426,0.21879791001182672,1.2297308509318858
68,10.946260137418111,11.857871006615841,-0.9116108691978297,3.7269629456512057,0.20595097024077805,1.2647778596007089
69,10.330314215925345,11.053467055213634,-0.723152839288332,4.218760972687601,0.24948233362391958,1.1516076567162177
70,10.458234728124015,11.147920842786032,-0.6896861146617539,3.5954611769610025,0.24052434253842406,1.1736772087069378
71,10.283419364245791,10.95830218253914,-0.6748828182930993,4.11527487997369,0.255891355538763,1.1361558231547872
72,10.361608132809469,11.094455243302487,-0.7328471104929122,4.095498398196959,0.24498188730481243,1.1626244968144803
73,10.16526468345467,10.80337309368618,-0.6381084102313253,3.840824119077041,0.25636236010859254,1.1350309278015593
74,10.53291736874542,11.262045655567757,-0.7291282868222879,4.297410812011901,0.2501492687225267,1.1499868954419992
75,10.228727565216449,10.941723007865829,-0.7129954426493441,3.749749832076972,0.24022854931337947,1.1744157260190684
76,9.947388041710727,10.618738619809573,-0.6713505780987816,4.139447238673348,0.25708251222588,1.1333137674651803
77,10.212090742278978,10.991008222303815,-0.7789174800250294,4.183013980039146,0.23893339969811192,1.1776569406158723
78,10.347409646111945,10.951326732707432,-0.6039170865956294,3.4166668687017854,0.25209862823830104,1.145266863105502
79,10.950649881316966,11.760488617087756,-0.8098387357708816,4.266043163039203,0.23553605045294895,1.1862184283779147
80,9.998399033664672,10.781012731639972,-0.782613697975421,4.06251052914774,0.2355277627653688,1.1862394201776447
81,11.445088541669637,12.155336056577124,-0.7102475149076781,4.6574875338406265,0.260941724738705,1.1241680879020113
82,10.814982447380888,11.322112827714104,-0.5071303803333649,5.287682921722801,0.3094252042729195,1.0164288685009453
83,10.336673684154793,10.984161478988373,-0.6474877948337507,3.755559266246685,0.252500968006234,1.1442958398313283
84,10.572645340178841,11.475191966503875,-0.90254662632492,4.04761853526308,0.21532142943172358,1.2390649944346859
85,9.948896386942469,10.835300674894906,-0.8864042879524732,3.5654629934611286,0.2057266505841705,1.2654036971018807
86,10.323238135491582,11.019941733958117,-0.6967035984664562,5.2275405885901876,0.27380471076710644,1.0943426856245706
87,10.230657780325718,10.876712085745009,-0.646054305419284,4.136353085621792,0.26170148279162786,1.1223786391824115
88,10.601653416857179,11.201003340749363,-0.599349923892305,4.531520695446442,0.2787203612955019,1.08319841911157
89,9.840655001751319,10.355413480704225,-0.5147584789528992,4.92429480592876,0.3020871158961173,1.0319679841882428
90,9.81301045390649,10.878712790283945,-1.0657023363771714,4.208040198475846,0.19441426736461945,1.297630700376925
91,10.655691719347377,11.489169223951688,-0.8334775046041614,4.343861045030177,0.23330625238780925,1.1918852247803962
92,9.7872786223212,10.524157376237735,-0.7368787539164714,4.179395470731269,0.2461735227464387,1.1596937327636774
93,10.07285113751789,10.746445891819842,-0.6735947543020302,3.834022294626923,0.2495408687164101,1.1514652857740002
94,10.565282556132505,11.069534325802213,-0.504251769669736,4.1588172690062315,0.28981102908732387,1.0585362592815377
95,10.65275406435001,11.41396910343217,-0.7612150390821171,5.240020301839355,0.2629578429019506,1.1194274098872243
96,10.27743371395798,11.014997941578944,-0.7375642276210783,4.31390393197923,0.24902092246593394,1.1527307340221686
97,10.225525241106542,10.812449374786826,-0.5869241336804407,4.4957692652428705,0.2803753857125315,1.079476451925887
98,10.457710093360337,11.05205778889307,-0.5943476955328606,4.564174637296556,0.280301912893547,1.0796413669935665
99,10.13698109295763,10.935113854416645,-0.7981327614588736,3.832357093480681,0.22731407802269707,1.2073066307569091
100,9.699227218920331,10.291727327156234,-0.5925001082359813,4.020210235476423,0.2692932906859211,1.1046914933052154
101,10.03561949297671,10.68422577732154,-0.6486062843446234,3.8371334726593282,0.25428826246094144,1.1399952922305945
102,10.764686511228664,11.408523179239115,-0.6438366680106355,4.872867144231606,0.2769367125957502,1.0872265214566104
103,10.001328574751032,10.669333588133416,-0.6680050133825262,4.123324056193098,0.2573377000133669,1.1327060884588964
104,10.790836138860303,11.440570781881352,-0.64973464302102,4.66357392754011,0.2719305890445273,1.0986274737189294
105,10.60363359140445,11.028853568403104,-0.42521997699850544,4.729358275552514,0.31665323076728086,1.0013590984046878
106,10.392848015132248,11.179796350675193,-0.786948335543002,4.248248463125638,0.23902150018645532,1.177436069948679
107,10.427966563821546,11.135539011688113,-0.7075724478665961,3.9040426590053947,0.245010564136223,1.1625538503775847
108,10.53460651956323,11.300790394603123,-0.7661838750398147,3.5761009139581574,0.22623863859912444,1.2101049119449203
109,10.211542632720128,10.888214833585597,-0.6766722008653687,3.732135252881392,0.24644724648064295,1.1590219292114936
110,10.410706058752911,11.012870289386374,-0.6021642306332069,4.271149379654137,0.2728996585509627,1.0964093853658428
111,10.727500102332332,11.550334098783889,-0.8228339964516636,4.52989150894404,0.23905226417805403,1.177358957193235
112,10.884261607732359,11.619532415937055,-0.7352708082048593,5.526512341111982,0.2721745488958869,1.098068568890135
113,10.533743527940377,11.352241450469354,-0.8184979225291045,4.726483882543583,0.24378392060776857,1.1655809328154096
114,10.263845568160722,10.929664427102924,-0.6658188589424299,3.97235138459866,0.25428595491045614,1.1400008310186196
115,10.778995203722506,11.250459847888305,-0.47146464416596245,4.409019340741487,0.3014591162842857,1.0333094286179594
116,10.7812209770799,11.25176360355503,-0.4705426264752077,4.868212692339824,0.30982715095103625,1.0155847898079031
117,10.373116256076063,10.970974966866716,-0.5978587107906606,4.221645695789796,0.2726741586087732,1.0969250469700178
118,10.181923733731427,10.917125987603004,-0.7352022538718757,3.3572102688820245,0.22570937113483366,1.2114855454938596
119,10.610477999933554,11.304020964903184,-0.6935429649697653,4.944145193529764,0.2693386674566372,1.1045868135752464
120,10.582863536274207,11.281289803988006,-0.6984262677135575,4.664158314261844,0.2631676448691098,1.1189355278123831
121,10.60524872228564,11.425129982087835,-0.8198812598020595,4.7121314546085316,0.24326807649268484,1.1668571164300776
122,10.106474515789959,10.901122719784848,-0.7946482039949387,3.9976671020493626,0.23193551856522396,1.1953878805735991
123,10.601964888794445,11.243805861043587,-0.641840972249156,4.789414203655291,0.2757595305164192,1.0898947023177423
124,10.78262192384648,11.541582129536852,-0.7589602056905278,4.865170711368187,0.2565055117371554,1.13468932470989
125,10.184317953164626,10.980483284497357,-0.7961653313329862,4.189062782342248,0.2361213179520017,1.1847373300237782
126,10.474936099534379,11.13632311765588,-0.6613870181215589,4.938638204099231,0.2749630147483944,1.0917044815168864
127,10.63894648749704,11.20002710612211,-0.5610806186250556,3.032547149815098,0.24958288614432175,1.1513631040169805
128,10.598964995990517,11.222883161998414,-0.6239181660080249,5.028853572679633,0.28335013453965807,1.0728239017235597
129,10.396082853403986,11.151435974711976,-0.7553531213079623,3.5209220129805985,0.2266615062877222,1.2090034855446343
130,10.287984743594624,10.83585006240158,-0.5478653188069984,4.652565413299492,0.29086299001947225,1.056230345511366
131,10.396955417615008,11.029943455929523,-0.6329880383143518,4.572413836265969,0.2732342041544724,1.095644900445452
132,10.340385926904563,11.149766112400886,-0.8093801854961384,4.3549303653767915,0.2375693691079565,1.1810839654176797
133,10.296708007104034,10.991299695218952,-0.6945916881147696,4.194676342494045,0.25407116134244195,1.140516550877331
134,10.24708120970752,10.854560187583314,-0.607478977875644,5.045613442430923,0.2866522476391656,1.0654944238147706
135,10.389439410800723,11.096384874736348,-0.7069454639356536,4.273109117715595,0.2535678696679408,1.141726145030139
136,10.356153353544304,11.145757612576904,-0.7896042590325578,3.4681447475030858,0.21922998584088244,1.2285782194376869
137,10.564567258315154,11.22030987233818,-0.6557426140229836,4.621431801617614,0.2700153084217886,1.103027303273637
138,10.338352826086638,11.19125414733789,-0.8529013212514656,3.5096509925218733,0.20967933508706976,1.254447669752259
139,10.240216786022646,11.058104797807108,-0.8178880117845893,3.520729972176561,0.2158355179211671,1.2376778970396611
140,10.693543221608824,11.350059134023954,-0.6565159124149886,4.073131784914384,0.25833392067711564,1.130337780555655
141,10.842605000645452,11.582156507616705,-0.7395515069713383,3.096878379103238,0.21720652574894672,1.233990281286153
142,10.129128845820905,10.799872581050796,-0.6707437352299621,4.207743657675259,0.25870528569545187,1.129456557652111
143,10.450701805296948,11.34746390189476,-0.8967620965977403,3.634737522731264,0.2059097404477635,1.2648928509286967
144,10.311957690194621,11.12898965420759,-0.8170319640130401,4.508929131549333,0.23957896036482895,1.1760398295212775
145,10.293773774085256,10.952567007128561,-0.6587932330432977,4.560886225693334,0.2682649663909107,1.107066989471634
146,10.689629862054634,11.242400374261646,-0.5527705122069619,3.7255517919974217,0.2702487933065159,1.1024897935235203
147,9.96052678560898,10.65504569611237,-0.6945189105031204,4.563427612681291,0.2618634375870834,1.121997653526885
148,10.969875998786737,11.538658295249018,-0.5687822964623592,4.331422483532119,0.2805684034332276,1.0790433494695397
149,10.828068692650167,11.398536474962828,-0.5704677823130169,4.385407094324986,0.2813365016212168,1.0773218555190798
150,10.634762153908358,11.596693771758016,-0.9619316178498138,4.7245901148929335,0.2209256672526852,1.2240704102781792
151,10.695127126160632,11.277348654479962,-0.5822215283192236,3.966458161901599,0.270075720113768,1.1028881978743181
152,10.006852557406209,10.72534488776559,-0.7184923303591404,4.243353811556364,0.2508543303722064,1.1482767588289111
153,10.663495298700699,11.478740807667297,-0.8152455089666546,4.032947344171287,0.22927769605833348,1.2022215656124413
154,10.402395951003545,11.29964086145684,-0.8972449104530824,4.326852372747471,0.22256893827714794,1.2197255349068574
155,10.029835244531004,10.890770379349792,-0.8609351348188738,3.1634241286122204,0.1984012851424248,1.28611971347607
156,10.87195696238371,11.572190082313679,-0.7002331199298624,4.59908908775677,0.2615584869511848,1.1227151608926615
157,10.279787477344488,11.199869202852273,-0.9200817255077709,4.613727597191499,0.2251143957785528,1.2130403452099179
158,10.373420252197892,11.256534820959342,-0.8831145687613571,4.4409329018463275,0.22732048928788587,1.2072899770541645
159,10.250183151630498,11.017336995120917,-0.767153843490405,4.487842532772849,0.24758076071744162,1.1562454826553294
160,10.161552445779197,11.040029801910965,-0.8784773561314978,3.9642919215615144,0.21718865492930525,1.2340382407497543
161,10.78595093865454,11.490520577966965,-0.7045696393124672,3.8419351823166537,0.24404730835483515,1.1649300505352265
162,10.733260430583758,11.39638711546571,-0.6631266848817177,5.179151371631399,0.2788870536144721,1.0828228670566509
163,10.634081555164702,11.239366821661601,-0.6052852664970487,3.9990513449223286,0.2663442920541419,1.1115206836823348
164,10.558574320277447,11.274557072402434,-0.7159827521250008,4.674276323291167,0.2602614579549815,1.1257733718682417
165,10.798918273441704,11.34983139023073,-0.5509131167889336,5.304778141694172,0.3014166596651857,1.0334001855865322
166,10.182987036811372,10.918115589561243,-0.735128552749984,3.8136237479492507,0.23784827111876727,1.1803821172421942
167,10.14661138140389,11.040465392158819,-0.8938540107549215,4.577199973872368,0.22849356688725578,1.2042484442675045
168,10.40262611565311,11.276836496987219,-0.8742103813340236,3.2166009793576045,0.1978305271606627,1.2877571083823913
169,10.411357559712886,11.20832822840001,-0.7969706686872087,4.292677322219589,0.23830055217226828,1.1792452005141636
170,10.682575404751905,11.56205586440353,-0.8794804596514041,4.877157259555691,0.2368329808558807,1.182939865126366
171,10.157821613961804,10.852896910680048,-0.695075296718187,4.9719780752302185,0.2695763114569363,1.1040387899001607
172,10.14917912836825,10.884277599622134,-0.7350984712538775,2.7248822104143073,0.20574832675210217,1.2653432003461116
173,10.093052720942868,10.857518920315112,-0.7644661993720092,4.413321589239995,0.24647300949511153,1.158958725655973
174,10.498651110479504,11.05533640355075,-0.5566852930712685,4.371336998567532,0.2837280192760943,1.0719822176548797
175,9.932682353475801,10.703402286009915,-0.7707199325343481,3.387413844163227,0.22026056532735533,1.225835552404583
176,10.308671704179805,11.044424383955718,-0.7357526797759419,4.8678277757227875,0.26054430630720987,1.1251055581708138
177,9.893270099721239,10.825690893741875,-0.9324207940207998,3.3445666733155583,0.19230514680927685,1.3037901357739923
178,10.57616600362292,11.165574434349235,-0.5894084307262801,4.263955866366064,0.27519023417911936,1.0911878473992076
179,10.739818861278653,11.501413691901124,-0.7615948306224709,4.370564154754245,0.246054985261484,1.1599848232493344
180,10.283126652315222,10.9119262206797,-0.6287995683646841,4.78715999890575,0.27810658547321443,1.0845825537079266
181,10.467562990087917,11.250136229690643,-0.7825732396026979,4.568038234148059,0.24660720808210224,1.158629575519621
182,10.175259251005517,10.861344546543695,-0.6860852955380778,4.61615300051071,0.2644249378174564,1.1159934512033298
183,10.329838418199532,11.106093369820098,-0.7762549516203308,4.581648490734718,0.24796154569412476,1.1553147798117012
184,10.80058797478421,11.376689727853734,-0.5761017530694517,5.354317574169432,0.29752301967341205,1.0417598789045923
185,10.564393257226474,11.196575699179004,-0.6321824419526365,4.632355968541283,0.2745510766142627,1.0926418586024185
186,10.025385175050705,10.700591486892943,-0.6752063118419755,4.035963098942318,0.2540265435343004,1.140623716394896
187,10.193528792635224,11.000463373288316,-0.8069345806532056,4.147296133351055,0.23334347463675037,1.1917903140605048
188,10.344746372695571,11.003325650993876,-0.658579278298248,4.359077438259057,0.2641840555089276,1.1165563695893927
189,10.685449320682554,11.417753744663731,-0.732304423981077,4.193074842878147,0.24728810350974564,1.1569614675924975
190,10.299163586511558,11.057886215363755,-0.7587226288521833,5.119660977053172,0.26124772542696073,1.1234469355944723
191,10.967658994916636,11.633100696543845,-0.6654417016272873,4.568875527950475,0.267213292376985,1.1095029039732394
192,10.620342433190789,11.385903661242967,-0.7655612280520927,4.321629716175433,0.24431121234091271,1.1642783871244466
193,10.018165403185666,10.809302114122577,-0.7911367109370531,4.714545843929123,0.24811854184415283,1.154931345899204
194,10.266581950055869,11.085060273033786,-0.8184783229783079,4.332759418394932,0.23555975356953757,1.1861583938797104
195,10.356302604416786,11.163214478440981,-0.806911874024081,4.330271012766779,0.23744648388858547,1.1813933869408575
196,11.214228717183804,11.73442067843379,-0.5201919612500205,4.447121301681264,0.29239236310940986,1.0528879201849721
197,10.881465279282228,11.650927058252467,-0.7694617789704807,4.303958293693491,0.24325235977890378,1.1668960289691055
198,9.808030552144945,10.845388255114731,-1.0373577029695298,3.6957829386866194,0.18606672597923135,1.3223046469988657
199,10.341935895599253,11.112705923651465,-0.7707700280523113,3.695776431356567,0.2285775327458848,1.204031166198247
200,10.325156221101569,11.09227311405741,-0.76711689295621,4.130732428713845,0.23978115639126646,1.1755339662499849
201,10.319930616960054,11.079376614704284,-0.7594459977442511,4.270253130861125,0.24424498886243437,1.1644418676159527
202,10.32827943256996,11.179240231701659,-0.8509607991315988,3.855135374764444,0.21900762232138835,1.2291712057951067
203,9.835315715591268,10.637287340655337,-0.8019716250639704,3.7881226867034243,0.22554957815247603,1.211902831507067
204,10.870719942438999,11.433587637515505,-0.5628676950766476,4.602852865539198,0.2870425919888037,1.064631781315291
205,10.302697775200276,10.940204338375242,-0.6375065631750658,3.5755543798411757,0.24981794203986288,1.1507916955671624
206,10.594818315495449,11.426827915219132,-0.8320095997237331,4.820690902664715,0.2434147227751554,1.1664941244292466
207,9.938260844116375,10.947411990450032,-1.0091511463338065,3.4621935177701495,0.18397403364750417,1.3286179903338964
208,10.851378919408152,11.792381882293721,-0.9410029628857046,4.524946238255957,0.21999293139002585,1.2265469161919527
209,10.107260201296985,10.891620301522355,-0.7843601002255127,4.779370659307059,0.25053851938361166,1.1490423471814164
210,10.159486704245072,11.030850625677363,-0.8713639214322484,4.456726197149312,0.229551992721977,1.201513706920853
211,10.569145854576053,11.429575758946203,-0.8604299043699939,4.2725593940146105,0.22729632762134555,1.207352740393483
212,10.898461504191918,11.639023778428683,-0.7405622742367086,5.002350685454569,0.26221852731716616,1.1211629029050734
213,10.263416561968032,11.008252662891376,-0.7448361009235214,4.643975043348529,0.2546220880948845,1.1391943824206645
214,10.864195952304616,11.515164667710327,-0.6509687154057247,3.861752197499328,0.2544375098910232,1.1396371295201582
215,10.280928394334868,11.08332064434381,-0.8023922500090066,4.367224243545479,0.23901326511390758,1.1774567130983302
216,11.052092797434288,11.925256067068812,-0.8731632696344604,4.961999505206485,0.23947780928092216,1.1762930069020097
217,10.60977475184075,11.49447716618204,-0.8847024143415183,3.6455762622052674,0.20813448326012357,1.2587117016525093
218,10.393116201356296,11.270139719809737,-0.8770235184533703,3.719030326251886,0.21129295011419028,1.2500180600247002
219,10.893446330575106,11.588136771223372,-0.6946904406481735,4.389089465735825,0.25824828611172673,1.1305411098947962
220,10.44349539928692,11.210823845183253,-0.7673284458962826,4.610575037353598,0.2500755053691122,1.1501660038608363
221,10.187658392114034,10.803726558964062,-0.6160681668500274,5.5110265348642535,0.29270926471632297,1.0521968057617452
222,10.303851654047211,10.802258875894548,-0.4984072218471738,4.628662809660728,0.300113370571376,1.0361903012990388
223,10.202198420104313,10.98840034048877,-0.7862019203844284,4.893532314033415,0.2524298466325091,1.144467408555397
224,10.834569800118405,11.409999100286601,-0.5754293001682527,5.154674597425345,0.29442242962054693,1.0484693214971326
225,9.989773000534004,10.81893438566944,-0.8291613851354214,3.780914987616793,0.22076962768367725,1.2244841877924073
226,10.69219861924751,11.215758490481068,-0.5235598712338287,4.6481542835701575,0.29550872208076556,1.0461133071287336
227,10.243125773268392,11.000732485759809,-0.7576067124912242,4.9253514894102395,0.2578732913732492,1.1314320423852076
228,10.614523091547998,11.389389793141962,-0.7748667015939645,4.294803913568387,0.2421212488369163,1.1697011658133138
229,10.494496547031194,11.342044729573363,-0.8475481825423685,4.066328630865982,0.22467911006904343,1.214179701347601
230,10.602548647372831,11.131554971769692,-0.5290063243969598,4.371303863831756,0.289163567227463,1.0599583076643793
231,10.69813820428033,11.53777514290493,-0.8396369386243805,3.7417122999621135,0.21802130440638018,1.231806688041005
232,10.737796656831623,11.605532788065783,-0.8677361312340963,4.700610495679385,0.23521370855183854,1.1870352704452116
233,10.269012277864821,11.200896221873005,-0.93188394400795,4.552071285993993,0.22198201487610866,1.2212747379535187
234,10.28496680044157,11.097473225520094,-0.8125064250784817,4.238602497745539,0.23447423123641561,1.1889121684158386
235,10.305253247243972,10.909779426753754,-0.6045261795100032,4.706836616303324,0.2811074998379634,1.0778347697558799
236,10.225751636990825,10.87970369272887,-0.653952055738273,4.3436011398392935,0.26471130573849916,1.1153246971533315
237,10.61275260523519,11.318163978355496,-0.7054113731201141,3.5460296615382205,0.23632287110525044,1.184227873763926
238,10.612202126322362,11.393431428632386,-0.7812293023100665,4.526287578058927,0.24597377387624145,1.160184309417671
239,10.261655882422819,10.82868488315253,-0.5670290007296899,3.8590368222127225,0.27058417283087205,1.1017182671983485
240,10.262749673497073,11.045732132683757,-0.7829824591865417,4.263949109481178,0.2400484588966115,1.17486567795993
241,10.130735272130668,10.822834221651707,-0.6920989495208687,3.254617325908338,0.2306295430690146,1.198738756266162
242,9.823065851929758,10.643906786050206,-0.820840934120497,4.095701162479479,0.22980949612033524,1.2008497328995567
243,10.422782924643005,11.150559886899519,-0.7277769622564847,4.2610885799082325,0.2495952406958962,1.1513330613951778
244,10.35497623061713,11.057646452203851,-0.7026702215866862,4.240431170796413,0.2536217809792302,1.141596496529018
245,10.467295480776219,11.040196745941667,-0.5729012651654557,4.943199563093245,0.2913077764493891,1.0552570546574094
246,10.966980268604974,11.488880357989228,-0.5219000893841894,5.073392245692261,0.3031937632941603,1.029608628220081
247,10.330844739623561,10.758111453323092,-0.427266713699737,4.279441145175792,0.3081463776597241,1.019119205020074
248,9.936129005787397,10.68965195789637,-0.7535229521090514,4.629782951966764,0.25283578993702155,1.1434885886413284
249,10.026873907980761,10.706306529852423,-0.6794326218716833,3.913861690558811,0.250386904173571,1.149410131848787
250,10.27544716574528,10.993330046297697,-0.7178828805524518,5.0184334873415,0.2664296951572668,1.1113221810047975
251,10.861336641867073,11.460782380000925,-0.5994457381336815,4.200455242809657,0.2719171300571391,1.0986583178517773
252,10.298365269386867,10.967996532234583,-0.6696312628478154,4.783804101085998,0.270619143816318,1.1016378556856623
253,10.271748796803994,11.25711657119776,-0.9853677743935805,3.9550388484886945,0.20025766591877806,1.280817812662219
254,10.456544974430134,11.142417585877947,-0.685872611448076,4.140342598687045,0.2544439998817905,1.1396215582122908
255,9.967671060984802,10.836565897998636,-0.8688948370138405,2.743697542784954,0.1835530072714143,1.3298945805637479
256,10.600056764911304,11.347462436288776,-0.7474056713774644,3.205481664636526,0.219099889981754,1.2289250992046037
257,10.146996447704513,10.811459022284414,-0.6644625745800568,4.201772794260837,0.25972944964548983,1.1270308220515364
258,10.71556872943609,11.427705912114586,-0.7121371826785889,3.1838433455801187,0.22483334934355664,1.213775801289265
259,9.704453360138931,10.402657221056767,-0.6982038609178289,2.9946265648572883,0.221547214505431,1.2224243001577266
260,10.538597532636803,11.28898595155847,-0.7503884189216024,5.059988986251305,0.2615879395849239,1.1226458376361796
261,10.569572034709498,11.210496101601226,-0.6409240668915572,4.543437966141283,0.2711961314292429,1.1003121699713923
262,10.452765229852165,11.35587066436619,-0.903105434514373,4.3286733273362366,0.22167711210850477,1.222080696647337
263,10.320657896717993,11.057455776575441,-0.7367978798574768,3.7595310374501665,0.23619704132816127,1.184545891613827
264,10.51935955920624,11.227114948331536,-0.7077553891253956,4.732958030901482,0.26285622703389333,1.1196657463362898
265,10.78980512273927,11.350642435061975,-0.5608373123225192,4.1498089920547265,0.27832066336836403,1.08409954771906
266,10.180044054224826,10.66641068429708,-0.4863666300723253,4.243308285305165,0.2951800969924947,1.0468254353453805
267,10.314835731326529,11.1805703553641,-0.8657346240374864,3.932717226266444,0.2184931596908866,1.2305448048052272
268,10.066117788872479,10.65514708860842,-0.589029299736012,4.527745025538408,0.28060151093192653,1.078969081603952
269,9.849988875012631,10.584688692969987,-0.7346998179575621,5.220686282006877,0.2671235285168006,1.1097111224006648
270,10.631207913085635,11.33943799338871,-0.7082300803031103,4.002960901125213,0.24724023664186492,1.1570786301816243
271,10.423000062722284,11.179643956041996,-0.7566438933199606,4.94694137929023,0.258441339155246,1.1300827938993738
272,10.242245850348244,11.095343511535635,-0.8530976611873484,5.133153269000356,0.24589861555574627,1.1603689680924811
273,10.419168739839396,10.935179529599825,-0.5160107897604576,4.919535830595876,0.30176360529731644,1.0326587899536437
274,9.887384419330491,10.629743890398618,-0.7423594710683119,4.683921722340639,0.2558455384107238,1.1362653244724232
275,10.261118708340408,11.016706317946163,-0.7555876096057546,4.3641225649305575,0.24695734565844382,1.157771380243481
276,10.50428101886735,11.167316193229812,-0.6630351743626761,4.700007068254305,0.27021363018569516,1.1025707228019184
277,10.746281262521169,11.592069462981062,-0.845788200459765,4.356619540113652,0.23155375464377725,1.1963660223135146
278,10.130979430694541,10.978618518781136,-0.8476390880864528,4.520582915544008,0.23476643134700512,1.1881700230097387
279,10.272230972935294,10.968511113710793,-0.6962801407755705,4.412374825886953,0.25845094322297585,1.1300599996390495
280,10.497175331173029,11.206934527755525,-0.709759196582354,4.264000930570891,0.25286561337926067,1.143416720858878
281,10.201436356967069,11.077403001452762,-0.8759666444859704,4.517964361284921,0.2301123023311871,1.2000696219966411
282,10.065902723255821,10.751718364844645,-0.6858156415883059,4.758599696440971,0.26724167872163784,1.1094370683298087
283,10.488485585443076,11.290897393970301,-0.8024118085274949,3.9698047840002495,0.22994577992502852,1.2004985384522426
284,10.497702601493646,11.077971570790357,-0.5802689692966396,4.6066249118717515,0.2837877859306143,1.071849165543523
285,11.23944634012867,11.987275569671997,-0.7478292295436404,3.8243190530187725,0.23585913564972924,1.1854004961867288
286,11.093417912000294,11.707022736496594,-0.6136048244961785,4.760892383188082,0.28042537463756645,1.0793642649407624
287,10.472826716838316,11.109466579203822,-0.6366398623658824,3.8773698864764796,0.2575170822284876,1.132279175588989
288,10.48571184059995,11.37697629024333,-0.891264449643586,4.543532534090723,0.22820038498108483,1.2050075559476081
289,10.34752705995459,11.164506913881933,-0.8169798539272506,4.109477123931963,0.23077793573875405,1.1983573321234715
290,9.928926621807367,10.779729644638234,-0.8508030228310872,3.5572514778678404,0.21131883412803526,1.2499472043402584
291,10.253946084469934,11.056856919850933,-0.8029108353809988,4.659323878276677,0.24503462397744175,1.1624945825429829
292,10.466934717376606,11.16064275009322,-0.6937080327165859,4.143621669785453,0.2530930029173287,1.1428689573188042
293,10.683487397336538,11.393550777194836,-0.7100633798579565,4.183126081366304,0.2510271560710026,1.1478580799131888
294,10.584558669754305,11.280826139299489,-0.6962674695450914,4.250725398720576,0.2550003550206177,1.1382877319209466
295,10.29517901480256,11.170972954205947,-0.8757939394033656,4.297535616027439,0.22535944357238014,1.212399627163219
296,10.067370659335783,10.766444457077444,-0.6990737977414483,4.226055645901113,0.2539538291804628,1.1407983938242592
297,10.414270054600482,11.067311171951733,-0.6530411173512221,3.648566912366494,0.24875257419627547,1.1533845644077172
298,10.133029683551857,10.872825131619027,-0.7397954480670705,4.550066856666739,0.2536004710855645,1.141647741287538
299,10.178634599681917,11.125843597502314,-0.9472089978200984,4.206896063175165,0.21202475318320682,1.2480172142958974
300,10.8990273006026,11.526505498770444,-0.6274781981678643,4.667081957097746,0.2760879932465029,1.0891494343114843
301,10.391853172231894,11.06411424761092,-0.6722610753793106,4.581428192822408,0.26622634389580047,1.1117949029596408
302,10.052783020299902,10.710856578446549,-0.6580735581467252,3.0716146031318736,0.2315349109889265,1.1964143324945262
303,10.043928159617625,10.95950157618427,-0.9155734165667582,4.162635416148806,0.2159484494216272,1.2373735076627672
304,10.799587056643649,11.335391518821933,-0.5358044621782483,5.39277195408328,0.3056104068008711,1.0244761996675151
305,10.524647877194528,11.018760698998971,-0.4941128218047197,4.824364422943624,0.3044177983188567,1.0270056612753118
306,10.192126932133196,10.771645034629888,-0.579518102496877,4.093895754035572,0.27345427481687806,1.0951423562241895
307,10.379535666711835,11.072611896396328,-0.6930762296842659,4.32744491995393,0.2572324898793448,1.1329565747997574
308,9.962991246209302,10.901890194501714,-0.9388989482924899,3.4538164331871464,0.1943708614815998,1.297756966400584
309,10.175870576543165,11.117754816629525,-0.9418842400864378,3.8168846614415948,0.20349337333711312,1.2716616181846196
310,10.656052699069395,11.369894608016725,-0.7138419089469608,3.475232078519369,0.23286874869786395,1.1930015942041998
311,10.54910945580571,11.154776136550542,-0.6056666807448892,4.709537313238219,0.2809450524630199,1.0781987885660684
312,10.4839876173254,11.223503504197819,-0.7395158868723684,4.259607465429841,0.2474920724166012,1.1564623956990616
313,10.091997803765597,10.902932980368721,-0.8109351766029249,4.802055998197275,0.2465310501382632,1.1588163534173985
314,10.399217681497593,11.136310054823507,-0.7370923733258223,4.346183173639865,0.24980071888578673,1.150833551386752
315,10.598915475092216,11.277382624127323,-0.6784671490352139,4.391761397588045,0.2612353008155529,1.1234762053163656
316,10.829946555412224,11.373259666620402,-0.5433131112081355,4.340930558038188,0.28573436418161036,1.0675260336763779
317,10.234390035056894,10.871783680309544,-0.6373936452528142,4.431695859358182,0.2696001544799644,1.103983824523328
318,10.372509765929298,10.955485880998335,-0.5829761150689592,4.909177307740155,0.28882059967013946,1.0607124512379722
319,10.337993873086024,11.033664800336833,-0.695670927251058,4.119453167291663,0.2521926234443939,1.1450399145700023
320,10.600890722107241,11.434603732348716,-0.8337130102413539,4.0936016298898,0.22761023280533896,1.2065376975347195
321,10.195816618762937,11.159699173460222,-0.9638825546974203,3.942639436965866,0.20321912711783896,1.2724335298851817
322,10.353977724710948,11.270512788294216,-0.9165350635835239,3.9585504046443774,0.21096510101840518,1.2509160677772082
323,10.032491936483328,11.069752347590072,-1.0372604111068995,3.7559212993182456,0.18762186208809473,1.3176469468060958
324,9.843246003499079,10.630723960936631,-0.7874779574376589,3.2933262060149886,0.21464219583313768,1.2409013450306905
325,10.509717976742767,11.296758514028955,-0.7870405372862024,4.682505695954518,0.24817077592421105,1.1548038115069839
326,10.48083765253762,11.009615557901935,-0.5287779053644499,4.812664449612722,0.29744391536051984,1.04193047170542
327,10.483531516466318,11.403424109430706,-0.9198925929642883,5.147792940388648,0.23560601651775082,1.1860412328721024
328,10.352916794612046,10.918168633319393,-0.5652518387075816,5.0489721266812175,0.29455853755736805,1.0481738038289943
329,10.392170642917453,11.249771941441157,-0.8576012985236048,4.34714818912623,0.2294109374450014,1.2018776434372438
330,10.99785580470996,11.625114603394895,-0.627258798685034,5.302686057297077,0.28737371076799983,1.0639006450904254
331,10.164464097283716,10.996324725670124,-0.8318606283864938,3.772499374479654,0.220104254711568,1.2262509464298161
332,10.49107666619614,11.29392434662741,-0.8028476804313414,4.222039125638933,0.23573181280682998,1.1857227358145301
333,10.261532597506747,11.022119270700852,-0.7605866731939841,3.599703956027721,0.22784986026132759,1.2059160530053121
334,10.913526822496696,11.622742687487222,-0.7092158649904832,4.304374658935441,0.253839012219406,1.1410742827751985
335,10.663014599664283,11.336190087312477,-0.6731754876482228,3.6152040937088863,0.24410720947458234,1.1647820921010261
336,10.38161514576257,11.04543730788291,-0.6638221621203684,5.007341197293304,0.27576125407098195,1.0898907900655497
337,10.634758513218348,11.468282294554523,-0.8335237813362255,4.167319067954928,0.22934534921606614,1.2020469217631964
338,10.393059625343202,11.231620596402255,-0.8385609710589961,3.649417164839047,0.21580551408117787,1.2377587870287965
339,10.267380430978282,10.95262893256847,-0.6852485015904222,5.1979439322268455,0.27530111756542014,1.0909358349726594
340,10.071480465455469,10.863829932129196,-0.7923494666736133,3.6588180825146637,0.22387849314005126,1.2162794340013094
341,10.071153656533287,10.889672825335548,-0.8185191688023679,3.8924706625888206,0.22534060412352402,1.2124488683619492
342,10.53030670309261,11.389788371262686,-0.8594816681697921,4.440604419768178,0.2311334954985939,1.1974441204035728
343,10.331562368843041,10.841557488674436,-0.5099951198315011,3.5095472000554544,0.27363528024539513,1.0947292269453928
344,10.945990706402544,11.812355713238109,-0.8663650068353945,3.292004829251919,0.20132724078616399,1.2777793405902718
345,10.182211043161605,10.936078467616941,-0.7538674244551657,4.810306789804272,0.25632726416108065,1.13511469756849
346,10.395669743964508,11.171974750959432,-0.7763050069947894,3.8717176845566854,0.2320454267741227,1.1951064896693708
347,9.948159428169337,10.708412779258406,-0.7602533510892044,2.9656857894185222,0.2093659626623844,1.2553107818786573
348,10.322645999303521,11.155926842073068,-0.8332808427694545,3.6920417267853125,0.21780061671446593,1.232397547213705
349,10.178089406299822,10.950904920947284,-0.7728155146471636,4.243084468116525,0.24133112100502013,1.1716661434581237
350,9.982647405506558,10.783085345803645,-0.8004379402973427,4.019308239254425,0.2314622931172921,1.1966005317612807
351,10.433049530821908,11.031581942662836,-0.5985324118410063,3.757637734084767,0.2619587749476892,1.1217734561710997
352,10.649289042851823,11.433472124995863,-0.7841830821439544,3.6242471228482493,0.2243802031782635,1.2149630009422088
353,10.256349488042023,11.00044084934422,-0.7440913613022531,3.5764619254737013,0.23015254200705182,1.1999660086446542
354,10.469195142540347,11.269338277632446,-0.8001431350921848,4.4299351998506005,0.240740962505085,1.17313677183047
355,10.256549474377497,11.018675894494589,-0.7621264201170561,4.074276370975873,0.23934718407315095,1.1766200685100021
356,10.391089715482739,11.366037908077832,-0.9749481925953205,4.447668332334832,0.2131338632326924,1.24499425167899
357,10.409762851361737,10.893960202390797,-0.4841973510290245,4.999354386915972,0.3092958828639641,1.0167005944796068
358,10.229122154330643,10.955714426195005,-0.726592271864547,3.087746449889451,0.2192649186532706,1.2284851018625333
359,10.213266632439517,10.918659885984074,-0.7053932535447984,5.774696257360645,0.2811600876370081,1.077716959433321
360,9.795535734288595,10.732831696685306,-0.9372959623965471,3.283295234174421,0.18978328717375165,1.3112204738664628
361,10.100162412784247,10.873911460137588,-0.7737490473534763,4.261433572625606,0.2415776047851579,1.171052674926142
362,10.704740405364536,11.471403854811552,-0.7666634494469236,4.659874434794389,0.25118223436786213,1.1474825661714474
363,10.445185972954395,11.038175239317031,-0.5929892663627925,4.932133122868731,0.2873550053845709,1.0639419328869875
364,10.282924272982772,11.104047662942431,-0.8211233899596664,3.307721059068278,0.20930329219551522,1.2554835054840103
365,11.16895041603141,11.856061650525934,-0.6871112344945232,4.953308087245979,0.2706428645710676,1.1015833167595557
366,10.183673608519374,10.691725558126937,-0.5080519496077613,4.814052737929508,0.3015026992995914,1.033216272671811
367,10.079189671259318,10.915625029593674,-0.8364353583344837,4.465630638239123,0.23544558423550904,1.1864475976371167
368,10.15049125545568,10.88795902295185,-0.7374677674961276,3.7908161029519256,0.2368632415704289,1.1828635195660304
369,10.537443024550274,11.289892010410828,-0.7524489858606103,4.125953343330867,0.2422267980448265,1.1694390161118307
370,9.818421907178962,10.825595378392055,-1.0071734712132638,3.877659285087038,0.19509637949675343,1.2956491737202642
371,10.640388497749772,11.09387175043356,-0.45348325268400913,3.975690562033087,0.2964588288246543,1.0440574104325906
372,10.238993468111065,11.073357364007105,-0.8343638958961037,3.2511863642229244,0.20542359234832702,1.2662499981315005
373,9.766356939710139,10.35825298362369,-0.5918960439134935,4.696032717414845,0.28327443443239864,1.0729926042540656
374,10.73770879606025,11.437452947827484,-0.6997441517671632,4.477982509384308,0.25919137107053375,1.128304435117563
375,10.398471023485744,11.131312974277986,-0.7328419507923627,3.450269488841574,0.22874272429276826,1.2036038666239326
376,10.495975054831778,11.17450166414066,-0.6785266093088467,4.961636651091229,0.27231724914637473,1.097741805761307
377,10.699649052340309,11.556201631989925,-0.8565525796495876,4.57137653072839,0.23437413751128525,1.1891665424207363
378,9.835098051037338,10.654219615288891,-0.819121564251418,4.753629089552621,0.24421991877869206,1.1645037642050409
379,10.192943259715666,10.964019216182738,-0.7710759564670298,3.8885862697206584,0.23336658254952494,1.191731398017839
380,10.354133849786539,10.97396671551898,-0.6198328657324055,4.5918776243691894,0.2760566255092843,1.0892205802493409
381,11.024953435589513,11.68471824831035,-0.6597648127208231,4.319573870315789,0.263133311330822,1.1190160044884625
382,10.290633651623128,10.979255313997246,-0.6886216623743167,4.103310600361883,0.25310821618268514,1.1428323219947527
383,11.005427402379045,11.826661448309206,-0.821234045930396,4.653182301138518,0.24185635425537585,1.1703594315712627
384,10.991774851726067,11.540632492025228,-0.5488576402995022,4.621080648334974,0.29008545129310304,1.0579341794433963
385,10.556088089142921,11.229210576454673,-0.6731224873117299,4.798389174014943,0.2702669252909174,1.1024480648838644
386,10.891042880054673,11.609514940616197,-0.7184720605616803,4.602585731474363,0.25839923137499843,1.1301827392872121
387,10.432223719191942,10.892801102176183,-0.4605773829841837,5.105967036052064,0.3156446887089276,1.003448136334307
388,10.734040192559977,11.324881151789516,-0.5908409592295811,5.202099041660084,0.2923530680750504,1.0529736517545878
389,10.598107641946743,11.205188319146547,-0.6070806771995194,3.402983567869267,0.2511014777087233,1.1476780938766324
390,9.933038010380304,10.6518342131921,-0.718796202811518,3.9683876788012356,0.24452404764835328,1.163753188571137
391,10.374255295137463,11.016520060094638,-0.6422647649569626,3.8707738484096907,0.2562946555730256,1.135192537449653
392,10.03340452438204,10.835166348334067,-0.8017618239521198,4.045275542770469,0.23185031313213375,1.1956060917022562
393,10.402434364315813,11.198723766224862,-0.7962894019090072,4.640800967948202,0.2457719303505491,1.16068031426336
394,10.53846225582095,11.18213834083107,-0.6436760850103838,4.486589790767269,0.26955116431174364,1.1040967652872673
395,9.99151688823179,10.764753433318393,-0.7732365450865473,3.190043161137634,0.21406910769515694,1.2424539858802148
396,10.704928073441923,11.377958507563694,-0.6730304341217561,4.0888043665402165,0.2556339476491926,1.136771195760882
397,9.969703325349318,10.658200279593974,-0.6884969542447834,3.4937237251893833,0.2380302347397212,1.1799245247367498
398,10.136782143530926,10.84755060597745,-0.710768462446822,4.272903310219629,0.2528791535000636,1.1433840941648687
399,9.493466012497155,10.391126682665938,-0.8976606701687615,2.8499688452381555,0.18254895756717401,1.3329477301996373
400,10.906461468527713,11.746388736264525,-0.8399272677365843,4.3151377905508745,0.23160781109944578,1.1962274512525932
401,10.028092609963213,10.816691603289865,-0.7885989933265591,4.104840309389214,0.2354847802226178,1.1863482986103548
402,10.031405632123668,10.863491529466227,-0.8320858973424947,4.136185890627104,0.22886896824053685,1.203277460562139
403,10.510638986220673,11.22381313699567,-0.713174150775103,3.6912711099904243,0.23871021867024272,1.1782167196711881
404,10.129691942561866,10.987962600400774,-0.8582706578388297,3.590377584282031,0.21097690685524273,1.2508837130325385
405,10.529148059824482,11.229119964333218,-0.6999719045086294,4.96360971070251,0.2685621920904079,1.1063797372010797
406,9.768786895910925,10.478990313100372,-0.7102034171896321,4.524876092291198,0.25828949386426847,1.1304432610341026
407,10.584403858542945,11.360393671798608,-0.7759898132555918,4.159971752342571,0.23891462098046962,1.1777040268741337
408,10.567023296525694,11.324776682810455,-0.7577533862847758,3.778281737231719,0.23295972615719437,1.1927693264106425
409,10.488475568746825,11.34453592181357,-0.8560603530668232,4.1299433656951905,0.22476443847070793,1.2139562308896823
410,10.43095912253455,11.05628814129842,-0.6253290187639777,4.47169872720109,0.27265588636680615,1.096966843763768
411,10.589232948973748,11.2783122126656,-0.6890792636918377,4.785892299329639,0.2671798330006797,1.1095805115304034
412,9.681615090469567,10.49183106669702,-0.8102159762277097,4.494867032391934,0.24042267016463337,1.173930985471985
413,10.672109152773945,11.185589301449998,-0.5134801486763081,5.253675120142898,0.30768576426555716,1.0200900309723753
414,10.573175866757655,11.386613659733268,-0.8134377929754919,2.665172220896224,0.18995580651926822,1.310709859032318
415,10.754279794797075,11.626901023150015,-0.8726212283529549,5.301812690363231,0.24581766827888407,1.1605678940895745
416,10.455464102788827,11.092631598577949,-0.6371674957888445,4.506142268756861,0.27114684968076047,1.1004253240979736
417,10.32332358697602,11.002745813648485,-0.6794222266726138,3.841465001116564,0.24864360690363313,1.1536502039536067
418,10.23506881127253,10.937304485500565,-0.7022356742281772,3.6797491059907195,0.24040664144203214,1.1739710004604287
419,10.471302558954793,11.341149527096487,-0.8698469681417009,4.443739130983797,0.22951866292298753,1.2015996867274552
420,10.168470640448849,10.978698972429253,-0.8102283319803973,2.9188452650296135,0.19917047777736369,1.283918487591903
421,10.457783596570952,11.27797992565829,-0.8201963290873664,4.7627384269897775,0.2442222547721136,1.1644979965836877
422,10.086611014284362,10.922095233584518,-0.8354842193000422,4.205919299836811,0.229899332126288,1.20061821475661
423,10.078603043093953,10.886996938588343,-0.8083938954941914,3.825354482997696,0.22539102663532562,1.212317084215361
424,9.94354163921287,10.811532785542699,-0.8679911463300414,4.100133432538293,0.2221219193557677,1.2209051895972614
425,9.90714470470164,10.65695242129124,-0.7498077165896575,4.138151079947605,0.24296753028170248,1.1676015361510172
426,10.70220227215771,11.399294666502012,-0.6970923943440539,4.442565437209517,0.25893413643754803,1.1289139475454395
427,10.090390793486339,10.830303631612946,-0.739912838126429,4.662685164648451,0.2558489890894136,1.1362570769978249
428,10.351911506756668,10.764300485546233,-0.4123889787895223,5.499227671242714,0.3309050912645555,0.9722924249395558
429,10.3483817689056,11.007274490322363,-0.6588927214168052,4.584337510800662,0.26871172803756915,1.10603417416373
430,10.39100813563812,11.08464983177237,-0.6936416961341365,4.444310742783703,0.25958944672645184,1.1273620280436214
431,10.298089358096721,10.971535792727078,-0.6734464346302502,4.484015665673372,0.26405118024840263,1.1168670375414176
432,10.630037418783676,11.080980236881654,-0.45094281809792847,4.575866014142271,0.30872338231343016,1.0179044170421556
433,10.191742566355632,11.030114850222713,-0.8383722838671019,4.745235117207908,0.2408821453634107,1.1727847244652672
434,10.404574994112298,11.09687180954688,-0.6922968154344744,4.343975773309854,0.25772537480224944,1.1317837175610184
435,10.715900664379777,11.528081739931334,-0.8121810755515071,4.793562672564793,0.24615780303229534,1.1597323297466704
436,10.317257511368897,10.973934557792855,-0.6566770464241927,3.6143473322406443,0.24718284704707014,1.1572191222627068
437,10.49439861419717,11.226170812418427,-0.7317721982210514,3.2968693973614727,0.22459484567512852,1.2144004447484318
438,10.49652624628391,11.23770457571192,-0.7411783294278393,4.331661903860027,0.24877104697759922,1.1533395396849804
439,10.250675236141777,11.137646403311141,-0.886971167169122,3.743187809002549,0.21030597503647044,1.2527245315042694
440,10.213146245073066,10.870441583758666,-0.6572953386857989,4.479051734435178,0.2668946619130289,1.1102422247629926
441,10.21946764508414,10.895100363487888,-0.6756327184039037,4.973950187108841,0.27305480305375324,1.0960547781655523
442,10.145976193668847,11.040271919252096,-0.8942957255833335,3.7636369331783754,0.20965178868119297,1.2545235025179513
443,10.155726530695919,11.036820600091527,-0.8810940693956582,4.127093621537053,0.22062677019869173,1.2248631936645937
444,10.611660143879025,11.326241178216211,-0.7145810343372432,4.611421928038471,0.25926204578196466,1.1281370461598061
445,10.60439802573308,11.25911861701265,-0.6547205912795562,4.443393404038918,0.2666399753118978,1.1108336127875442
446,10.408666250593459,11.227621180618616,-0.8189549300250292,3.7028997381249127,0.22048956727901137,1.225227363490199
447,10.338305560944836,11.122013872680657,-0.7837083117360635,3.7184484286510333,0.22691360495076165,1.2083475515736766
448,10.213250388215673,10.993848117604717,-0.7805977293892283,4.500813672339756,0.24555115729720117,1.161223163202355
449,10.411109023329008,11.299498488557202,-0.8883894652281015,3.5244859919933127,0.20429742617463503,1.2694028333231961
450,10.951766415289857,11.658305167162329,-0.7065387518723583,4.138692643465859,0.25066401012876693,1.1487380521560644
451,9.714667285359727,10.56714332999422,-0.8524760446343862,3.6446954728645515,0.21337285097907682,1.244344360803985
452,10.27696300223295,11.155321957894817,-0.8783589556617244,3.406451304140713,0.20265054672651764,1.2740363141833824
453,10.571208100678067,11.146097854297519,-0.5748897536193454,4.402100513861853,0.2808190306380522,1.0784812819339817
454,10.531194624666913,11.19262194352724,-0.6614273188602056,4.092668144581342,0.25786393266325175,1.1314542887948533
455,11.078133580668354,11.833288799948772,-0.7551552192803683,3.7665001212290967,0.23311992388031277,1.1923604938422785
456,10.082463236517132,10.679209933018381,-0.5967466965016683,4.764785382986069,0.28363941308102014,1.0721795070806914
457,9.821210975144258,10.610215405008045,-0.7890044298637804,4.704798021599803,0.24828408285231848,1.154527226587552
458,9.929277639748879,10.512505737137413,-0.5832280973888828,4.889493483143266,0.2884253328386657,1.0615823434481904
459,10.15064205014949,10.742516721145652,-0.5918746709960487,5.425498011794893,0.2957512634516918,1.0455880617842581
460,10.526041652343682,11.152169995929665,-0.6261283435858331,4.692538956200359,0.2768226457664835,1.0874847246834871
461,10.108107751779134,10.827858467012728,-0.719750715233431,3.875511030037881,0.24212260524156756,1.1696977964380308
462,10.581982588888767,11.427898671946696,-0.8459160830582277,4.324770381479414,0.23083338092973374,1.1982148621705946
463,10.600812681975302,11.172956554331623,-0.5721438723567189,4.696177286678477,0.2870158413757406,1.0646908736145093
464,10.64360969068628,11.289372308795468,-0.6457626181093019,5.379803671856312,0.28531934553783517,1.0684460688435595
465,10.54680178190154,11.210784409963718,-0.6639826280622856,4.826052309719433,0.27242791641026826,1.0974884742564925
466,9.837197704644613,10.659069219327709,-0.8218715146831528,4.673955612194675,0.24217112706234173,1.1695772746024924
467,10.380483983082403,11.119715597457326,-0.7392316143748303,3.582442436976482,0.23117842843094097,1.19732878672293
468,10.399342537208785,11.101458856452982,-0.7021163192443964,5.013524155374615,0.269092126731137,1.105155704542498
469,10.422087311918748,11.189439777342013,-0.7673524654230732,4.797529288304254,0.25377554835683935,1.141226814756924
470,10.33060332349567,11.210542225409032,-0.8799389019131922,4.551826502776478,0.23018646199703563,1.1998786778904122
471,10.126164625199298,10.740537869732751,-0.6143732445334535,4.586561573692581,0.2769717959384799,1.0871471208985752
472,10.288870350068809,10.980159427682391,-0.6912890776134191,4.6725210580225855,0.26460248665475217,1.1155787632240937
473,10.581811674857025,11.310988952956482,-0.7291772780990868,3.3963983621302667,0.22790244211288938,1.2057797068461518
474,9.89322237164254,10.726081355141165,-0.8328589834986815,4.018082943087219,0.22597338484751434,1.210796557592915
475,11.092566033818802,11.699326087970402,-0.606760054151664,2.990319270589925,0.239005756440929,1.1774755357936442
476,10.663790714731139,11.325611792735746,-0.6618210780047775,3.850491103714919,0.25213220050106544,1.1451857971378039
477,10.794261603539216,11.646309555380387,-0.8520479518410866,4.224727968588095,0.22759218119937893,1.2065845461230544
478,10.12001091399873,11.025169253460685,-0.9051583394621048,4.326546816595279,0.2213042442922064,1.223067389654764
479,10.401609700874932,11.199546221030044,-0.79793652015519,3.9578627267941258,0.23042105626078,1.1992749394305897
480,10.812119756245128,11.640733029401257,-0.8286132731559519,4.334504500847601,0.23390832012555576,1.1903513648497686
481,9.920246867671157,10.777226891123941,-0.8569800234529339,3.7364765373013675,0.21501713644506495,1.2398871526192152
482,9.868247100943908,10.743558078969844,-0.8753109780261639,4.494252618529899,0.2297156040607399,1.201091772789354
483,10.675695247680668,11.306028824274858,-0.6303335765942393,4.2865829324934275,0.26789994782752447,1.1079117100419937
484,10.238469928279418,10.881077610112097,-0.6426076818327147,4.302893875207566,0.2659536924783046,1.1124291141639493
485,10.068432272242152,10.895946154893014,-0.8275138826506918,4.304794652878449,0.23343699584524488,1.1915518974510755
486,10.481826124576063,11.252614254666309,-0.7707881300898407,4.823217917839646,0.25368757802756586,1.1414382906349894
487,10.974010518276035,11.709877147603269,-0.7358666293275746,4.31364143408711,0.24931366461291438,1.1520180295277285
488,10.321202842980828,11.149969718997784,-0.8287668760169709,4.9146814738881055,0.24576455381686124,1.1606984465675587
489,10.296467728972974,10.874529814945529,-0.5780620859725332,4.020856035144497,0.27211878624277575,1.098196289240952
490,10.362572097134834,11.223389067818541,-0.8608169706837998,3.446923488289819,0.2066454325448249,1.262843487896702
491,10.975995449090195,11.799831423416425,-0.8238359743263572,4.537630028411424,0.2390474715166002,1.1773709699766293
492,10.32548740551363,10.914211628878757,-0.588724223365034,4.65575286493463,0.28311604659637063,1.0733456805041854
493,10.408592508705514,11.067298965485382,-0.6587064567797825,6.282213674166986,0.29640229956124786,1.0441796082913126
494,10.140439620283477,10.906010785135972,-0.7655711648526449,4.091747585232227,0.23915273941560589,1.1771071555894734
495,10.45022893805606,10.982006222723033,-0.5317772846669868,4.391886306680007,0.2890227383519662,1.060267900113731
496,10.45782542241125,11.017082762869276,-0.559257340458089,4.628945099022712,0.2882275297405251,1.062017964717422
497,10.266538922430872,11.198599705835623,-0.9320607834049497,4.16845179822371,0.21349498064855768,1.2440124505385368
498,9.861995330996141,10.713575486394863,-0.8515801553987785,4.342185821856926,0.23028673406455769,1.1996205698913605
499,10.153970338767412,11.040474035826204,-0.8865036970587425,4.44239215629139,0.2268085618869666,1.2086207992846016
500,10.390576538157692,11.234080470900896,-0.8435039327430331,4.664463931842956,0.23841710729233398,1.178952458222695
501,10.432128988872027,11.093875534209847,-0.6617465453375644,4.360947695859082,0.26364152332072643,1.1178255118319924
502,10.872999904412953,11.333264838285846,-0.4602649338730771,5.019828306011679,0.3143460924250403,1.0061444432863875
503,10.050863556790436,10.610416558302777,-0.5595530015120858,5.0931566578545855,0.29637039487662525,1.0442485827135484
504,10.648926459144494,11.356794030383607,-0.7078675712391487,5.2123904932395355,0.271601998578885,1.0993808076435128
505,10.252035805524091,11.062270198600064,-0.8102343930759162,3.955808250011515,0.2282815458538534,1.2047973433103176
506,10.579932536271716,11.48149392679348,-0.9015613905219197,4.142802811618083,0.21771067849603257,1.232638467145038
507,10.135877737777836,11.00991028959577,-0.874032551818118,3.9909436244390655,0.21855206643115518,1.2303874079601969
508,9.610232463237143,10.439529641667587,-0.8292971784305792,3.6677557676832713,0.2178351798415111,1.2323049810573208
509,10.23066633799829,11.07791703875225,-0.8472507007541026,3.905080440076496,0.22085416545587377,1.2242599889606918
510,10.410932334832186,11.080588576661238,-0.6696562418289886,4.702393054421751,0.2690629539466633,1.1052230442025375
511,10.353074489826103,11.022426945769322,-0.6693524559429989,3.8828889224177736,0.2515104584335186,1.146688322460583
512,10.173728140454504,10.898217380482134,-0.7244892400274239,4.07974614362654,0.24610579984464134,1.1598600267067607
513,10.58061894904461,11.142287346460034,-0.5616683974151329,3.8378509557066174,0.2711520621868865,1.10041335517574
514,10.271044009569213,11.332476149283803,-1.061432139714725,4.559653399049719,0.20275847039979106,1.2737318340274448
515,10.376538730808196,11.125638312708592,-0.7490995819002819,3.765530083116065,0.23416406824325964,1.1897006540251096
516,10.842617084514021,11.704957591332086,-0.8623405068178727,3.4861711840585805,0.20748174400701277,1.2605202598404894
517,10.08460476835251,10.748178478772072,-0.6635737104195414,4.948212867088376,0.2747439294589667,1.092202896925821
518,10.403382147427127,11.098288859612826,-0.6949067121856842,3.973052564964153,0.24895406787179825,1.152893579100745
519,10.070699194954049,10.744925804969274,-0.6742266100152392,3.790678398000342,0.24836007162865226,1.1543417856350204
520,10.025894998734774,10.71393149940474,-0.6880365006700231,3.814395398075188,0.24639343402261482,1.1591539604812418
521,10.41706092067,11.310928754833117,-0.8938678341628474,4.424337011792474,0.22524190474556505,1.2127068897682969
522,9.961243711374326,10.699682351148905,-0.7384386397745857,4.353248342612023,0.24971622036165433,1.1510389294589374
523,9.919090102252657,10.803317208752024,-0.884227106499111,4.342786752326159,0.2250036544161359,1.2133300602829558
524,10.636976909814283,11.125480093310006,-0.48850318349582267,4.305527497276376,0.29598501100071556,1.0450821330756563
525,10.547209465306995,11.310897673838081,-0.7636882085309935,4.462090151464405,0.24763771779444022,1.1561062062351137
526,10.683977527708866,11.364210433427974,-0.6802329057190946,4.638413473309555,0.26591435441018385,1.1125206549151485
527,10.60099061394033,11.422664376421576,-0.8216737624816233,5.064934809943004,0.2497522464050695,1.1509513603437493
528,10.16674296702934,10.87446773285934,-0.7077247658301076,4.282682308935158,0.2536362798469838,1.1415616322321507
529,10.227119919686292,10.974532718055162,-0.747412798368714,4.285458109389413,0.24667516404774745,1.1584629471496042
530,10.571477438506125,11.302398758202575,-0.7309213196965629,4.121775596062502,0.2459241821945945,1.1603061482297712
531,9.991827260659537,10.842372296697842,-0.8505450360385112,3.288822736071996,0.20383527170124557,1.2707003481268946
532,10.607403205702784,11.373144073314148,-0.7657408676111572,4.566055046740686,0.24944076901042997,1.1517087656854181
533,10.114611127175184,10.872965364545909,-0.7583542373706678,3.9877751822702265,0.23797490801155488,1.1800636313285173
534,10.00374025950271,10.706234384463915,-0.7024941249610492,4.3396742916776425,0.2558001395803796,1.1363738395134213
535,10.25466653037154,11.013397107393455,-0.7587305770218791,3.4416522133412,0.22388940849519637,1.2162507708526427
536,10.644612707117066,11.415822714381395,-0.7712100072644716,5.435954204984618,0.2646395023425991,1.1154923325229082
537,10.674320347053825,11.638646455946382,-0.9643261088924646,3.9720929673679564,0.20386695835278285,1.2706113184305552
538,10.724975745185365,11.038176916730091,-0.31320117154473337,4.337928968529393,0.3339533185721459,0.9661815995590547
539,10.158050650271779,10.94292622492296,-0.7848755746515508,4.1447401212389074,0.23704010556926244,1.1824174425262222
540,10.097932049168438,10.873574613920464,-0.775642564752161,4.268765901104299,0.24141412603808973,1.1714595046620244
541,10.685716913616606,11.377357977381255,-0.691641063764564,5.027244988724348,0.27117943330506356,1.1003505083815242
542,10.584976826808205,11.413227790706298,-0.8282509638981992,4.512474519801454,0.237788809216139,1.180531702486419
543,10.011271608116548,10.786473322468314,-0.7752017143516241,3.826929549966959,0.2311292602351034,1.197454992283322
544,10.582495064715776,11.226862313264544,-0.6443672485486331,3.321468746858425,0.24157715717624498,1.1710537885715644
545,10.22417028173675,11.074276658891488,-0.8501063771548161,4.7681386645107615,0.2394221221572141,1.1764324218771491
546,10.413722084328928,10.980549732173113,-0.566827647844093,4.45152722284724,0.28335719633655215,1.0728081656145194
547,10.50530025832234,11.174947293775102,-0.6696470354527264,4.784535733274321,0.27063011052105357,1.1016126405537576
548,10.50249372943279,11.254495364907893,-0.7520016354751533,4.528237009566432,0.25103225172106775,1.1478457384991387
549,10.229515040734785,10.99773069864533,-0.7682156579105595,4.140183878932156,0.23980678563478322,1.1754698673145982
550,10.64903845385891,11.167802391722692,-0.5187639378639233,4.61486292223703,0.2958381939672719,1.0453998760731884
551,10.266684499945658,11.082337504267333,-0.8156530043218027,4.4662631215324,0.23890933232410738,1.177717288263618
552,10.470389925198905,11.168525626904927,-0.6981357017057235,4.486508552645539,0.25965420900841923,1.1272088040406376
553,9.473607339734262,10.230804720688955,-0.7571973809547217,3.9632678905934213,0.23759360097709353,1.1810229635995648
554,9.781045142101565,10.494061103671608,-0.7130159615701359,3.5370916370520433,0.234695363208946,1.1883504654188706
555,10.345664289280766,11.043025664100714,-0.6973613748200478,5.0376956169515665,0.27036097089320404,1.1022316607317226
556,10.221747948992633,10.947890329174516,-0.7261423801817273,4.630494295323071,0.25761002184996645,1.1320580691306004
557,9.466805807272639,10.513765273669872,-1.0469594663973112,3.697828226115373,0.1847307946789428,1.3263288501691046
558,9.943161207522625,10.692962393798087,-0.7498011862753629,4.383622279840118,0.2483809541374144,1.154290831478845
559,10.757609040184551,11.252298252732377,-0.49468921254810994,3.9902440948886877,0.28817678854440926,1.0621297444114062
560,10.51714227033165,11.297247971705058,-0.7801057013734862,3.964225490429719,0.23363370349068316,1.1910506452844787
561,10.28708746838095,10.947888793206982,-0.6608013248260249,4.371206145967452,0.2640298274410194,1.1169169713575786
562,10.466809324858222,10.959355929017068,-0.49254660415886065,4.729990399903581,0.30308669149918127,1.0298366532267906
563,10.21663259206878,10.885647706585022,-0.6690151145164691,4.2706738675467655,0.26038968586952055,1.1254705596052488
564,10.80406018954898,11.575822935020003,-0.7717627454708236,3.7353792832260773,0.22942063926822118,1.2018526066791018
565,10.459419672092398,11.34663546878311,-0.8872157966907253,4.853640292873624,0.2351414667372395,1.187218446084248
566,10.538686434291893,11.38785847233341,-0.8491720380416155,2.9854479383596555,0.19480195805379646,1.2965038396848467
567,10.23660822231648,11.122110738100783,-0.8855025157843102,3.8522523838139584,0.2133011036469339,1.244539411562953
568,10.464897064431288,11.189509298747115,-0.7246122343156003,4.568259075332417,0.2566273749955104,1.1343986264124324
569,10.308591116485676,11.25333889208726,-0.9447477756016269,4.451280321200926,0.21783631069702356,1.2323019526049903
570,10.31213000628043,10.855187784211363,-0.5430577779311534,4.656630784214318,0.29186804868000327,1.0540324762237414
571,9.965865293621963,10.743083257065994,-0.7772179634444001,4.282111482616809,0.2414380956213618,1.1713998423366487
572,9.927381676359463,10.770701627742366,-0.8433199513829095,5.160198308167111,0.2479703749471637,1.1552932114947227
573,10.01893201594601,10.914328341802157,-0.8953963258563817,3.178822844281658,0.1932895779927226,1.300909079240941
574,9.939480419006603,10.949898266741723,-1.010417847735198,4.3459999851689695,0.20558276659875382,1.2658053852730349
575,10.673265205045372,11.386370124989622,-0.7131049199442714,4.9698314326741375,0.2663760571586843,1.111446846843472
576,9.951991154677106,10.736241419708836,-0.7842502650316874,4.420341339974559,0.24323126594281524,1.1669482573407841
577,10.265516245926054,10.996480219505766,-0.7309639735794917,4.1686734475060305,0.24697818591027806,1.1577203271885637
578,10.262555637700306,10.999331662541348,-0.7367760248409922,3.5318493898585857,0.23026342170575817,1.1996805705619367
579,10.662380852497908,11.425611104458167,-0.7632302519600671,4.476893111828851,0.2480269152710879,1.155155106136079
580,10.755836453038345,11.630348373791765,-0.8745119207535481,4.953464457720841,0.23909913905931426,1.1772414744798423
581,10.38374861687669,10.983381016035128,-0.599632399158736,4.8356074673355,0.2843934835387717,1.0705018348059925
582,10.432998608823826,11.188560632875852,-0.7555620240518692,4.08566745897166,0.24075643971961408,1.1730981714333022
583,10.322190507514396,11.145582916378903,-0.8233924088642652,4.418580171833234,0.23660151129174334,1.1835240740625987
584,10.667656609908025,11.478596435746379,-0.8109398258386591,4.659621051541979,0.24369853868684474,1.1657920341380825
585,10.228747024011117,10.950337515201195,-0.7215904911902271,4.802245832882779,0.26175984034453526,1.1222413389507548
586,9.948167120092538,10.805491355684172,-0.8573242355917046,3.559096530805462,0.21029277066258062,1.252760802615028
587,10.871582049229463,11.213324080445144,-0.34174203121574465,5.444172369195968,0.3443576823658557,0.945590126061998
588,10.819726737595492,11.1433819373182,-0.32365519972267975,4.106001214690604,0.32745059890840855,0.9792618831695759
589,10.682145271353537,11.325525899347266,-0.6433806279935652,4.454480779939107,0.2689555467344958,1.1054710159238572
590,9.70920679573226,10.641476448710929,-0.9322696529786754,4.208125271904887,0.21437322674093753,1.2416296776581044
591,10.22839846041882,10.988373027953582,-0.7599745675349823,3.531844471253425,0.22614128417591461,1.2103586950607175
592,10.311064143765979,11.009149954647281,-0.6980858108815937,4.164020860552938,0.25275723806566075,1.1436779092393927
593,10.646655999960675,11.285352314972233,-0.6386963150116571,5.175369441694983,0.2831923868595001,1.073175487010677
594,10.129013879624498,10.762783634932628,-0.6337697553080943,4.047724686396474,0.26202032559205063,1.1216287423199995
595,10.131160808942585,10.786625140573296,-0.6554643316305828,4.388190249114071,0.265364599333143,1.1138009267098559
596,10.462917319454508,11.30429007855388,-0.8413727590989311,3.768364213208958,0.21841303934210274,1.2307589326467006
597,10.349427698702247,11.017756806499282,-0.6683291077970352,4.405188440618996,0.26336038382967486,1.1184838885389596
598,10.374572022605552,11.124320799711807,-0.749748777106106,3.7769552539089943,0.23433705588030676,1.189260799662147
599,10.46372106396564,11.357759799175373,-0.8940387352099606,4.103736040473546,0.2180019764357755,1.231858418687076
600,10.448060202140258,11.100039829855877,-0.6519796277157184,4.701653659909592,0.272252991019182,1.0978889331577923
601,10.666531541068597,11.314593937058849,-0.6480623959903369,4.012956071874964,0.25853838687915154,1.1298524881794247
602,10.156357792142334,10.903789407251654,-0.7474316151092353,4.027549957435763,0.24082966906951467,1.1729155600691947
603,10.494536267528591,11.14814266187,-0.6536063943415229,4.993326456752577,0.2773440923285885,1.0863049622824688
604,10.646834830910738,11.301934508073668,-0.6550996771629798,3.880931532343876,0.2541222447748074,1.1403938719467754
605,10.46134275362272,10.97311746446135,-0.511774710838381,4.720908365339383,0.2991337159887288,1.038292893927934
606,10.772458114958344,11.489121271823567,-0.716663156865252,4.473707327281421,0.2560933137650207,1.135673312415659
607,10.653770399907334,11.629357821370522,-0.9755874214631604,4.082633760216325,0.20479151030860412,1.2680180344352547
608,9.781597956932846,10.64591138155259,-0.8643134246194677,4.260122260122646,0.22638474130199637,1.2097241981936069
609,10.353050336054938,11.040629030949678,-0.6875786948946825,4.914054664272513,0.2698414244920242,1.1034278117294043
610,10.722917885027872,11.43608239314123,-0.7131645081133229,5.457577837154151,0.2748147569849934,1.0920417358009378
611,10.596234683030051,11.410179620876132,-0.813944937846145,4.586549773259399,0.24170684615186033,1.1707311847385387
612,10.27430992984603,11.048889829243134,-0.7745798993971675,5.141202894292505,0.25895910380053766,1.1288547694897872
613,10.365736638099069,10.960353313415734,-0.5946166753165016,4.117305190833076,0.2710421161108469,1.1006658460448486
614,10.260762070870104,11.013917838925916,-0.7531557680556489,4.356592453619648,0.24721787720850588,1.1571333642754782
615,9.969188828606892,10.512359348790188,-0.5431705201835939,4.353331848394891,0.286011543348458,1.0669120712617837
616,9.794236924471424,10.477045662549106,-0.6828087380774832,4.580030919836862,0.2642957747880328,1.116295248580912
617,10.465645056789644,11.267298593316216,-0.8016535365266009,3.1873761821330007,0.20906402231099228,1.2561432925314253
618,10.409366624389467,11.166928865955459,-0.7575622415661201,4.245263496994063,0.244020040237957,1.1649974124462739
619,10.21521306741636,11.075005020598969,-0.8597919531828211,4.1758179819724965,0.22521050468226056,1.2127889932190186
620,10.134486830242512,10.859953916496107,-0.7254670862537296,3.776637760248729,0.23865451434830995,1.1783564939396467
621,9.991636088893191,10.751370665478223,-0.7597345765850605,3.070428194591269,0.2127841042699213,1.2459463170370666
622,10.527813913113622,11.101353798539943,-0.5735398854262712,4.587293062317226,0.28470231161965354,1.0698156164033172
623,10.521840393353731,11.074778709735359,-0.5529383163816419,4.22883270609735,0.2815441831827628,1.07685693889406
624,10.675940032274301,11.402626786487122,-0.726686754212551,4.492342136222607,0.25470978795719956,1.1389840953020158
625,10.64048306131588,11.379372226775278,-0.7388891654593408,4.903044152516671,0.260665411069918,1.124819779442728
626,10.42110149458438,11.17267615436975,-0.7515746597855468,4.605803950041178,0.252688864999164,1.14384273092061
627,10.817486415850798,11.328822778240617,-0.5113363623895566,4.468490494779871,0.294560920143112,1.0481686315720038
628,10.458198303015823,11.235659818077142,-0.7774615150613045,4.520829713882247,0.24650266439360952,1.1588859800005467
629,10.329838642071653,11.165363244528503,-0.8355246024568714,4.88246196646271,0.24403850330634924,1.1649518015471525
630,10.354413262634697,11.066872357770624,-0.7124590951357277,3.984389617397195,0.24604150753225768,1.1600179265032702
631,10.04297252482218,10.824898769363944,-0.7819262445416371,3.876755305454065,0.23119678602785504,1.1972816710950658
632,10.345723363763117,11.277398282401936,-0.9316749186389188,4.651289706208939,0.2240831467292555,1.2157421906093213
633,10.443637081853584,11.259530648487914,-0.8158935666342586,4.594014275407318,0.24153562371963122,1.1711571296167185
634,10.98023748983417,11.808288118250903,-0.8280506284165767,4.081595352453185,0.22827364707790423,1.2048177993831608
635,10.347562016377314,11.208438196076305,-0.860876179699062,3.3610767736511526,0.20421662908462998,1.269629519813457
636,10.331046154855702,11.220959938361947,-0.8899137835062447,4.500929736861881,0.2275152177520924,1.2067843159040466
637,10.423503651011178,11.159095764701942,-0.7355921136909274,4.353610367152882,0.25022374182891083,1.149806101054907
638,10.68531669550146,11.245741363787015,-0.5604246682855774,4.537268549677631,0.2862626729016498,1.0663561567805908
639,10.521281200827506,11.361392056660964,-0.8401108558334727,4.3164331881005324,0.2316060971812106,1.196231844444957
640,10.302240325219717,10.978080251649207,-0.6758399264294894,4.025801677929181,0.25367566746803866,1.1414669268948907
641,10.687531845232915,11.56061797574505,-0.8730861305123199,3.706304382302033,0.21160366982125897,1.2491679006034475
642,10.233488529257901,10.908634078883022,-0.6751455496250856,4.56197977110164,0.2653171102183519,1.113911605227939
643,10.472701555621715,11.234498197770503,-0.7617966421487381,4.145622825066873,0.2410448839179286,1.172379107013777
644,10.330666008008738,11.107407120829958,-0.7767411128213553,4.976343805632009,0.255581800377999,1.1368959141704036
645,10.314216837466692,10.904350017041754,-0.5901331795746501,3.933624707176076,0.2677779401177838,1.1081942348277931
646,10.261297994741543,10.989483511185565,-0.7281855164440003,4.089026673672322,0.24566099305174044,1.1609530502383334
647,10.879336573590653,11.516165201805133,-0.6368286282145164,5.083958247729569,0.28196281182282207,1.0759205022085148
648,10.59743848172059,11.350782940144537,-0.7533444584241806,5.310850150741139,0.2655129761641563,1.1134552063360859
649,10.001625987629158,10.870972366115833,-0.8693463784866253,3.696079950682961,0.21194780278922348,1.2482273717352532
650,10.51560721065869,11.224064333346245,-0.7084571226873777,4.496104537649099,0.2580107890650496,1.1311052637895131
651,10.053371910106197,10.833971139093844,-0.7805992289875121,3.7964304191272937,0.22943142468803884,1.2018247744497927
652,10.127793294510983,10.755981503857615,-0.6281882093469449,3.929601395932167,0.26035672957593603,1.125548376563572
653,10.272139256066229,11.076757077559304,-0.8046178214931388,3.4321508207182347,0.2156501330097018,1.2381778221490676
654,10.708325165938621,11.355363814986521,-0.6470386490479996,3.980373800948179,0.257977762888514,1.1311837431582674
655,10.062599529835897,10.780226382119938,-0.7176268522839564,4.318140702886765,0.252636439665972,1.1439691296808563
656,10.413049813441038,11.153606484403458,-0.740556670962178,4.234123335858634,0.2467465209409381,1.1582880143007277
657,9.907064194461217,10.692149473139235,-0.7850852786780251,4.960618981553139,0.2538843734264199,1.1409652758199746
658,10.144568649298098,11.101828147433476,-0.9572594981352722,3.7880906881887277,0.2003918324530126,1.2804360207148842
659,10.145023423462025,10.957653126227154,-0.8126297027652072,3.8068964221419606,0.22421022854290718,1.2154087601587338
660,10.46179192137254,11.21427527255602,-0.7524833511836277,4.448067643167743,0.24928031280624025,1.1520991976689885
661,10.01763282331979,10.71899365646615,-0.701360833146282,3.525588148964747,0.2365172287785351,1.1837368961024284
662,10.398487878642644,11.026709925018078,-0.6282220463754129,4.2880672512788784,0.26832738010936175,1.1069226316332423
663,10.36157222263967,11.213763678426435,-0.8521914557866239,4.269241713029988,0.2285697236948248,1.2040513712466538
664,10.02864890287049,10.910247137384413,-0.8815982345140583,4.446613207447886,0.22768615332714,1.2063406931186205
665,10.06413577896581,10.748463031070532,-0.6843272521043673,3.4930794641010827,0.2387868388333787,1.17802450060209
666,9.942384616837334,10.411659686830024,-0.4692750699928183,4.60809649047042,0.30557691796372094,1.0245471383301064
667,10.140249685092048,11.052981137292274,-0.9127314522002052,3.9080688027104813,0.21033280301930798,1.2526508427608942
668,10.561156035502226,11.603572864266209,-1.0424168287638622,4.0903453117559465,0.19504645436311072,1.295794033051909
669,11.073818743081464,11.866778632726021,-0.7929598896444077,4.663009766135598,0.24678081987798195,1.1582039423835493
670,10.39693743801229,11.150916548987706,-0.7539791109754788,4.790457058836623,0.2559251341783051,1.1360751021227555
671,9.996677699848878,10.727420577116678,-0.7307428772678577,3.742182799902512,0.23684057960516042,1.1829206933917162
672,10.134995040140328,10.724635151491494,-0.5896401113511729,4.732410316604071,0.2843757692658321,1.070541211346238
673,10.778232563192095,11.337341481467785,-0.5591089182757969,4.5070199151205514,0.28593321076987704,1.0670855401333077
674,9.992270007796268,10.744659074757944,-0.7523890669615412,4.792872521218577,0.2562448323890732,1.1353114835358227
675,10.39078001323276,11.147382786762474,-0.7566027735294938,4.645178738699297,0.25261413325305954,1.1440229165309228
676,9.892073631748989,10.654010146836956,-0.7619365150878821,3.913858418101267,0.23557506656336075,1.186119611889961
677,10.510574472732632,11.228843606806027,-0.7182691340735801,4.464897598251525,0.2556264886623562,1.1367890340185782
678,10.475978744268904,11.237526355345612,-0.761547611076594,3.5405843925697376,0.22610019746745794,1.210465823121104
679,10.645206570616555,11.30530795900604,-0.6601013883891937,5.694983970938733,0.2877484103806402,1.063073964292551
680,10.258387480062428,10.861665754808588,-0.6032782747463443,5.212940115536689,0.2902491066494501,1.0575753035494158
681,10.187393528752072,11.048091050404015,-0.8606975216521278,3.352998266108674,0.20401521477045398,1.2701948974575143
682,10.495947176428334,11.225070320528967,-0.7291231441006403,4.449645597760778,0.2533941806646589,1.1421439712280084
683,10.302674270608012,11.061202512512818,-0.758528241904969,4.4679882819424215,0.24865171915439646,1.1536304251725487
684,9.995960311340585,10.787800851626518,-0.7918405402861026,4.069054107344368,0.2340987066904951,1.1898669082816553
685,10.870211523257357,11.655280670124458,-0.7850691468672721,4.556982883931923,0.24595585952553978,1.160228320118537
686,10.41214127201727,11.36358529391482,-0.9514440218974869,3.8947693105604664,0.20395543508911987,1.2703627794558645
687,10.443488751382464,11.209804857147613,-0.7663161057650996,4.337201576914907,0.24451922875259435,1.1637650762659757
688,10.745299367874512,11.265847848490242,-0.5205484806158438,5.340673450953393,0.30768730804343114,1.0200867755757963
689,10.738931540923549,11.543268184898867,-0.804336643975148,4.83891750967415,0.2483462884385818,1.1543754188117583
690,10.630709270287642,11.191643641663209,-0.5609343713754242,4.59232200077356,0.2872149464373591,1.0642511381865294
691,10.460353890404239,11.013313799364031,-0.5529599089600197,5.150470630662557,0.29855630306127223,1.0395343245826736
692,10.44757845136144,11.189960807049236,-0.7423823556878233,5.278682835479941,0.26681762981268864,1.1104210540683643
693,10.688282468144852,11.307758634305632,-0.6194761661606663,4.122912576853551,0.26640900563976183,1.1113702656903137
694,10.14426239793477,10.859009278230186,-0.7147468802957064,5.09971802797455,0.26843354136637676,1.106677142280238
695,10.471413197078963,10.884106647980683,-0.4126934509017701,5.333141393235266,0.3285291828924037,0.9770807381600616
696,10.384552970406848,11.074198394398817,-0.6896454239918057,4.002492437070419,0.25060356131324124,1.1488846176046215
697,10.672604615317713,11.253114159007051,-0.5805095436892316,4.677180005697995,0.2850732586797121,1.0689920345210382
698,10.428244942880045,11.15765465217073,-0.7294097092908487,3.9410346828259257,0.24197364234809005,1.1700679069091722
699,10.32179868685478,11.21117367772376,-0.8893749908688733,4.0695922979946495,0.2179476998334995,1.2320037057689437
700,10.189911763662739,11.276009678693928,-1.0860979150311323,4.193890999693473,0.1911893868372798,1.307068680914705
701,10.582708470372726,11.236043791421093,-0.6533353210486439,3.7230550320800724,0.2505861302228511,1.14892688597164
702,10.266012084003368,11.214513085364946,-0.9485010013618194,3.6473230616900416,0.19810642999264522,1.2869651653744656
703,10.510175497772597,11.189785827916655,-0.6796103301439871,4.559013599588894,0.26445167072440207,1.1159310008138037
704,9.994259945968796,10.729742930418087,-0.7354829844493906,3.1373137782301477,0.2191810437266369,1.2287086983972946
705,9.971770658488484,10.901724157874735,-0.9299534993861016,3.987246255796059,0.20955056107391482,1.2548022349583543
706,9.948421175133607,10.720851568122942,-0.7724303929894631,4.314018810484111,0.24296104389612583,1.1676176093441817
707,10.529053338107705,11.405009387782851,-0.8759560496750964,4.2223560794463815,0.22364363801141718,1.2168963934331505
708,10.080834909266176,10.819381496621123,-0.7385465873546764,5.667028243567081,0.2738770208089673,1.0941777661891425
709,10.55561443660179,11.20944687169479,-0.6538324350929088,4.851106426611764,0.2747246533956973,1.0922467626380847
710,10.675071132521115,11.219573606639447,-0.5445024741181896,4.612923424415072,0.29077640436637325,1.0564199303997923
711,10.698695628563318,11.515706244639052,-0.8170106160757769,4.814266434313602,0.2457618481159288,1.1607050975638253
712,10.836934032473327,11.63341199587644,-0.7964779634032766,4.3233292453311805,0.23905762681851658,1.1773455159615447
713,10.285183006126207,11.094857800917556,-0.8096747947915901,4.375006626069283,0.23795569812527587,1.1801119356002214
714,9.633585532648457,10.450419465460339,-0.81683393281196,3.8747648400591537,0.2251889808754169,1.2128452774086451
715,10.032479121767555,10.827399822660109,-0.7949207008925896,3.824203522214134,0.2276605257319195,1.2064071883412038
716,10.591225596221992,11.150107384833849,-0.5588817886120978,3.6207974722864655,0.2664272015490115,1.111327976285
717,10.50013001995001,11.342638912970994,-0.8425088930212041,2.8318595054207414,0.19086820327514048,1.308015054118252
718,10.346921353501447,10.888311226129094,-0.5413898726278603,5.187976616884612,0.30134600454466925,1.03355123967291
719,10.408785652008763,11.123805921299283,-0.7150202692903349,3.7256161101451823,0.23925159215111869,1.1768594929619636
720,10.539282374708481,11.216580862665982,-0.6772984879576143,4.210486010451845,0.2575649212825163,1.1321653579716937
721,10.240326023135257,11.010564133605623,-0.7702381104702454,4.796314294554211,0.2532609054604472,1.1424647132568155
722,10.229327518715198,11.145113217644546,-0.9157856989293123,4.106023355824576,0.21459907256152747,1.2410180728212705
723,10.44306757586276,11.339668860208302,-0.8966012843457065,4.547057531911264,0.22742495395275844,1.2070186700569627
724,10.38961535880242,11.025266645845345,-0.6356512870429469,4.765136723097189,0.2764382869241831,1.0883552988227874
725,10.297794204716983,11.204090221375697,-0.9062960166586436,3.620355427423071,0.20400787239094162,1.2702155154674022
726,11.012384737200708,11.724595552505452,-0.712210815304843,4.991290296257684,0.2669239323194697,1.1101742830943708
727,10.225934576264653,10.967851513177589,-0.7419169369129577,4.2211107636037575,0.2462186626301083,1.159582909350241
728,10.408560125708508,11.187870259932748,-0.779310134223806,4.098014006622694,0.2369215509459954,1.1827164287326537
729,9.907736627394232,10.849609913502103,-0.9418732861079206,4.696765650532193,0.22343662688530158,1.2174405915998052
730,10.908249256395838,11.5875886177251,-0.6793393613293119,5.186617481746943,0.27614585236537664,1.089018217078999
731,10.774087941626139,11.603979069758157,-0.8298911281319761,4.285611670022355,0.23261662841702865,1.1936456003232896
732,11.051271925810514,11.76979795898254,-0.7185260331721111,4.660590842156886,0.2595442725859616,1.1274689232516075
733,10.405067822950176,11.216227170690043,-0.811159347739931,4.754913839571323,0.2455669553942385,1.1611843066040977
734,10.668960912737592,11.499018545482745,-0.8300576327453655,4.308099592438737,0.2330870524957166,1.1924443670008613
735,9.840638850397344,10.695842113139431,-0.8552032627421795,4.07460985972487,0.22361407514391637,1.2169740872859451
736,10.388544283482933,10.99202321408443,-0.6034789306015682,4.15082023770092,0.27007171767320565,1.102897413329066
737,10.490852162123137,11.087879424736737,-0.5970272626134374,5.38870825486617,0.29423363716076256,1.048879379497487
738,10.299949462865133,11.035324737702151,-0.735375274836997,4.175274843633112,0.2463463546821123,1.1592694883209922
739,10.087500534066866,10.891337156756673,-0.8038366226899143,4.290072489673847,0.23708104540290115,1.1823142197685839
740,9.97267266661527,10.803718644205741,-0.8310459775905201,3.37485814525974,0.20955966597738557,1.2547771604166504
741,10.67244628482911,11.394079962523183,-0.7216336776941716,3.2199484282865747,0.22417618334379807,1.2154980728755838
742,10.12359507023928,10.857242050880753,-0.7336469806416517,3.637495120919766,0.23362788231197415,1.1910654745669633
743,10.274403117973979,11.05418732321402,-0.7797842052400483,4.58318651053219,0.24739195454397025,1.1567073284878808
744,10.720396926997072,11.615132005597818,-0.8947350786006609,3.5964185854150195,0.20521699216893216,1.2668274568422877
745,10.202648479885173,10.996844297721868,-0.7941958178366804,3.906052692419088,0.22980458457908867,1.2008623923851858
746,10.038489245171721,10.81272704934418,-0.7742378041723441,4.384138413448678,0.2441687960557401,1.164629997082729
747,10.523907472744103,11.153681128134554,-0.6297736553904087,4.575896269964392,0.273897775926296,1.0941304349376688
748,10.60041068909334,11.283492611475634,-0.683081922382371,4.932751116165761,0.2709820225976717,1.1008038802991371
749,10.434046845410311,11.13460540230712,-0.7005585568970218,3.6316411402384183,0.2394700464512189,1.1763124400899194
750,10.252513520055917,11.005359675777964,-0.7528461557221817,3.4491949514253406,0.22514008478378386,1.2129731536846158
751,10.131546261321208,10.953908238989843,-0.8223619776688338,4.224295724184696,0.2325000841180014,1.193943463872592
752,10.805178905077927,11.566060054125717,-0.760881149047691,4.596950523499476,0.2509053973614077,1.1481530255396164
753,10.009453137681593,10.57560336456979,-0.5661502268881122,4.797880276821676,0.29001257109634015,1.0580940405306964
754,10.497143392151319,11.034178080112358,-0.5370346879610679,4.031985561792624,0.28048727608673485,1.07922536225428
755,10.664317947220415,11.015444738807734,-0.3511267915873759,5.039120853939028,0.33684960990273083,0.9604086031969257
756,10.246654101283529,11.152366267135573,-0.9057121658520373,3.0963917482622776,0.18914474611796514,1.3131133793875238
757,10.043671419560841,10.652622411284913,-0.608950991724214,4.585756550624652,0.2779708692639492,1.0848888898963962
758,10.374871293871255,11.209640860997613,-0.8347695671263864,4.12169470820929,0.22808763114568623,1.2052996850891946
759,9.831114050384375,10.638177105056005,-0.8070630546717439,3.952792888392281,0.22874617909748596,1.2035949324557844
760,10.454278057767286,10.831419331757576,-0.3771412739902189,5.0614787310629055,0.3317852014196821,0.9705243342164368
761,10.471707560563235,11.236055652307396,-0.7643480917440684,3.8182421376983804,0.23280396169843992,1.193167036323428
762,10.547560886618957,11.15406273453645,-0.6065018479173432,5.10523715945936,0.28785268535220115,1.0628440368853642
763,10.843655858527544,11.514001074573105,-0.6703452160456891,4.940182582841572,0.2733862476372121,1.0952976707279516
764,10.412597703670034,10.841982787040497,-0.42938508337033454,4.8453437596214,0.31772667903128665,0.999140407631367
765,10.5387665621048,11.23375513860304,-0.6949885764984174,4.618192232492074,0.2628730261916268,1.1196263401138438
766,10.131822525322267,10.810955964144146,-0.6791334388219639,4.8175377233666765,0.26955069947734966,1.1040978369728272
767,10.166024870692244,10.718418620581627,-0.5523937498892337,3.807209563489227,0.2722827156227139,1.0978208718318605
768,10.369289283202878,11.199915781152779,-0.8306264979496518,3.6942867243685455,0.21830320801536282,1.2310525571122657
769,10.530162338951985,11.079732389622702,-0.5495700506710364,5.2119174907586725,0.3001904736780831,1.0360250124629689
770,9.789544407650627,10.597608399514545,-0.8080639918639463,3.293023888922523,0.21109394840035123,1.2505630230788232
771,10.994924024145238,11.669939582780376,-0.675015558635323,5.115824264419601,0.27568302417718127,1.090068378897934
772,10.207133102859306,11.355256248100485,-1.1481231452414704,3.49015084211511,0.1652479875398541,1.3876357567311677
773,10.354368682250087,11.064837638491309,-0.7104689562413569,4.0896701959325945,0.24884366317579587,1.1531625708996276
774,10.891580282331123,11.431981827706661,-0.5404015453755164,4.8308742192148735,0.2955215094003025,1.0460856078213456
775,10.412214699647055,11.272530432802174,-0.8603157331551756,4.597190274477239,0.2342983107607452,1.1893592965890591
776,10.256410934450631,10.924364086575974,-0.6679531521253921,4.505718732035621,0.2654898328302963,1.113509121911364
777,10.498703744258709,11.394837251726354,-0.8961335074677663,4.524221675969798,0.2270177256425794,1.208076792228294
778,10.30093891027116,11.173548305912458,-0.8726093956413479,4.104768827993688,0.22147967082502384,1.2226030229008693
779,10.62310760406979,11.209516729245568,-0.5864091251760328,4.879269322486277,0.2876476170723042,1.063296268026088
780,10.593940180070721,11.227376118090387,-0.633435938019602,4.657797136867565,0.27481012157592827,1.092052282354589
781,10.641338855086932,11.3459825360062,-0.7046436809191619,4.307733480558017,0.25472986316326884,1.1389359659676621
782,10.535808254213524,11.304144945438726,-0.7683366912251586,5.712472067563699,0.269626841005327,1.1039223079693596
783,10.367835423232808,11.19579527838496,-0.827959855151903,3.95052242602096,0.22517046538600322,1.2128936980015796
784,9.963103028887762,10.752877979249927,-0.7897749503617888,3.682426981812224,0.22493660948200403,1.213505508820275
785,10.318621961893658,10.975284270311722,-0.6566623084179355,4.390942265685432,0.26520145359009273,1.1141812126079669
786,10.028506970130255,10.757814821715069,-0.7293078515845082,5.083796572683038,0.26563115794737213,1.1131799360884311
787,10.83273665300192,11.350845007819121,-0.5181083548168317,4.340568930270386,0.290719064045398,1.0565455016433671
788,10.094995009012909,10.919279951509122,-0.8242849424964334,3.8903718556137896,0.2243192024548855,1.2151229478269403
789,10.560283279327113,11.366429989109673,-0.8061467097827517,4.2660985486958864,0.23615955329848926,1.1846406607360012
790,10.06162315011932,10.867117749791948,-0.8054945996727838,4.860476427401547,0.248569798206645,1.1538301804267819
791,10.362750353563914,11.009390972796506,-0.6466406192325849,5.559210284951842,0.2880177427159856,1.0624801984854082
792,10.416435858671893,11.227175120484436,-0.8107392618123868,4.1027984099970105,0.23167421504530247,1.1960572594418444
793,10.523440250692719,11.300396242893601,-0.7769559922010103,3.75005603314629,0.22889116700736445,1.203220078491731
794,10.010281374350487,10.642959541219728,-0.6326781668688,4.485782299263629,0.27157091020047985,1.0994521138730446
795,10.153671175980097,10.749156754924694,-0.5954855789443627,4.617896680991436,0.2811209195168647,1.077804704769543
796,9.911115726597817,10.564966852090425,-0.6538511254925652,4.073736455836652,0.25884364330925064,1.1291284689912602
797,10.16355833017531,10.807943084925743,-0.6443847547502628,4.780377065221611,0.2751266604810853,1.091332367050755
798,10.118922860961565,10.88805256749379,-0.7691297065321123,4.60631980003744,0.24968093456685891,1.1511247077964741
799,9.813382892040753,10.467065214422245,-0.6536823223809733,4.7308203051324895,0.27249940644615633,1.0973248618702638
800,10.396001476935343,11.381130930002119,-0.9851294530667474,4.098222369326653,0.20371409224340856,1.2710409178944844
801,10.047265783665015,10.781518390095858,-0.7342526064308004,4.855200292312684,0.26056506141128916,1.125056574487371
802,10.175756701091931,10.889561647193386,-0.7138049461013907,4.52220924651359,0.25759675701828516,1.1320896232216013
803,10.764203397881946,11.456356138388895,-0.6921527405070265,4.365492120468456,0.25820756867624317,1.130637805118105
804,10.050089933903909,10.744489447705686,-0.6943995138017272,4.488482269462079,0.26036368228951334,1.1255319591313044
805,9.862636208040275,10.53332757471598,-0.6706913666755554,4.702256755995045,0.2688736618625588,1.1056601097296987
806,10.241538771772529,11.112628410792066,-0.8710896390198286,4.234034389077173,0.2246960952139931,1.21413521334031
807,10.673631955020145,11.508709764533368,-0.8350778095132227,4.044798186920314,0.22623732574508415,1.2101083337691039
808,9.956539363203891,10.83075068940877,-0.8742113262048861,4.128121119534402,0.22176360612650017,1.2218519837541815
809,9.935493307984078,10.685574700716284,-0.750081392732227,3.620684657443846,0.2302590621397311,1.1996917915654581
810,10.526528958630596,11.1336650024888,-0.6071360438581905,4.598145000811467,0.2785507903523297,1.083580613426313
811,10.896101843037403,11.525583064265032,-0.6294812212277066,5.1337803906147705,0.28414898702402935,1.071045465698452
812,10.22433835288405,11.007818652881856,-0.783480299997791,4.431717920296606,0.24360458316894698,1.1660243931845884
813,10.468972911044265,11.239252615312221,-0.770279704268205,3.8271136349799093,0.2319896185894611,1.1952493599407565
814,10.515336024042316,11.045676997637063,-0.5303409735945479,3.9698216249722478,0.2804575402629772,1.0792920848428533
815,10.507753498917399,11.201092159636712,-0.6933386607192915,5.129383700306821,0.2726915563621306,1.0968852523038755
816,10.719739461333692,11.439521165872168,-0.7197817045382635,4.1807013320236095,0.2492352065151732,1.1522089847217654
817,10.491337072374453,11.184364868065554,-0.6930277956912505,4.895597531127176,0.26853609339807605,1.1064400622846338
818,10.182725691774184,11.042373483102264,-0.8596477913276885,4.027864756325734,0.2217802871520505,1.221807882094159
819,10.279894855908314,10.952717451247292,-0.6728225953390847,3.9809959237170744,0.2531914186541748,1.1426319878304365
820,10.268890777514006,11.119331223352223,-0.8504404458381032,4.47364275322176,0.2333151126973805,1.1918626314491025
821,10.644473444808117,11.230814290721039,-0.5863408459131279,4.243542386885483,0.2753511504591997,1.090822144397821
822,10.427065140529638,11.100832749894348,-0.6737676093646314,4.585804042061021,0.26604082740992957,1.1122263820002525
823,10.177522691506628,10.840099145745196,-0.6625764542384331,5.0472834818249765,0.2766926587931092,1.0877790533792502
824,10.298323028505482,11.032855230884874,-0.7345322023795688,4.684493375818384,0.25721637156159516,1.1329949558850885
825,10.388584482545301,11.082878827262018,-0.6942943447168091,3.9785351650485694,0.24919461038965668,1.1523078060731775
826,10.15101810988438,10.799155524398767,-0.6481374145141672,4.6235834724276295,0.271446943937773,1.0997365061747169
827,10.439046730721547,11.259654887778428,-0.820608157056995,3.992768914160621,0.22741972306115904,1.2070322531834996
828,10.344081335250284,11.271098718298706,-0.9270173830484509,3.831641708917253,0.2061837163561586,1.2641290360319004
829,10.289852088759634,11.107150496250714,-0.8172984074910801,4.573723188454281,0.24088357359540835,1.172781163831392
830,10.431979302336348,11.061274041633585,-0.6292947392973929,4.502080696079094,0.27252613873133763,1.097263689798951
831,10.46512802355858,11.177812796697769,-0.7126847731394719,3.401792968013673,0.23104796381704093,1.197663706828745
832,9.82486057461745,10.615273175001047,-0.7904126003836609,4.682968803234058,0.2476108053688245,1.156172012054253
833,10.198862314992883,10.98315574370822,-0.784293428715273,5.201330229174257,0.2584063252371196,1.1301659007815128
834,10.872056870175246,11.674488690615842,-0.8024318204404608,4.346784324610752,0.23856251093991784,1.17858740094179
835,10.139660381699404,10.827586300033314,-0.6879259183338036,4.853288315018773,0.2686537126697249,1.1061682263566293
836,10.411290931135799,11.400872774747942,-0.9895818436120862,4.418278251443727,0.21028511236936215,1.2527818399451787
837,10.199613426385557,10.90887496312305,-0.7092615367375856,4.440342567555948,0.25671430163272424,1.1341913261239152
838,10.781734686748795,11.458505455025506,-0.6767707682765831,4.000630578559456,0.2529210437540942,1.1432831618195427
839,10.123814409240712,11.117771231819777,-0.9939568225790936,3.627791435892995,0.19068568448449952,1.3085533714729733
840,10.153343604385672,10.942139384618041,-0.7887957802324763,4.546033978186003,0.2450979137209532,1.1623386971836867
841,10.569643939863571,11.270041024933587,-0.7003970850703354,4.579413440312969,0.2611356229128646,1.1237110599381608
842,10.60535764272652,11.33623179837804,-0.7308741556512359,4.72283526031552,0.25860618790508755,1.1296916238833115
843,10.006625793039465,10.837962205350475,-0.8313364123112024,4.365597735076008,0.2341359129102217,1.189772266161493
844,10.057670876649698,10.87441927941035,-0.8167484027605951,3.8300041810440852,0.22409242161565068,1.2157178510871887
845,9.836533904472507,10.654951364457435,-0.8184174599848575,4.364267698252064,0.2362577352577764,1.1843924809097166
846,10.064990117772258,10.70886586101054,-0.6438757432381408,3.782781012567863,0.25385645071041163,1.1410323749490061
847,10.188107319197915,10.747829818722966,-0.5597224995251509,4.08238515507475,0.277081445231545,1.086899006989723
848,10.464366586984287,11.207800429499951,-0.7434338425157421,3.2286114057735027,0.22049821842860678,1.2252043964410686
849,10.426971713688207,11.182868339431511,-0.7558966257433894,4.184852789013551,0.24296053121894828,1.167618879765535
850,10.671219448733272,11.389720298908653,-0.7185008501751327,3.8038529104728482,0.2405866052614428,1.1735218367176732
851,10.189013373126844,11.086451120068272,-0.8974377469414776,3.8720767892393724,0.21187734577109388,1.2484198436255247
852,10.409027676935128,11.151980433716798,-0.7429527567817331,4.311669656827405,0.24802713513231733,1.1551545691461849
853,10.061638231174019,10.937113181930027,-0.8754749507559154,3.236713551886389,0.19822175050264146,1.2866343919971956
854,9.94877365744799,10.66569267576195,-0.7169190183140017,3.4933797817378753,0.23280396742802287,1.1931670216907408
855,10.265982854343864,11.225278429676901,-0.9592955753330443,4.429646249100937,0.21512923032960882,1.239584192737047
856,9.948642509485243,10.554782260631494,-0.6061397511462019,4.46854076226224,0.27619292390367206,1.088911478558678
857,10.460047461975481,11.33244862273678,-0.8724011607612283,3.4444431150126285,0.2046822139582559,1.2683241563134242
858,10.019427715548208,10.892240322656345,-0.8728126071080169,3.633088869256671,0.2097326022559981,1.2543010505091352
859,10.15990713703275,10.676462010627429,-0.5165548735947141,4.111811562160405,0.2863315480396641,1.0662037484822975
860,10.034902587073365,10.815209552495052,-0.780306965421687,4.356087501317905,0.24252445967303746,1.1687001545604159
861,10.095930337170675,11.053831727030637,-0.9579013898596713,3.3455283185389035,0.18840255782930238,1.3153194684656486
862,9.82295343174599,10.697103179912748,-0.8741497481664737,3.178237412539506,0.1966926918468778,1.2910316818426406
863,9.943491446936722,10.830480425341495,-0.8869889784048155,3.95414017102442,0.21556845006490719,1.2383981937403754
864,10.399358253854988,11.265595471261125,-0.8662372174062511,3.4456787759319027,0.205722533677294,1.2654151876409176
865,10.38550089792955,11.103017468826604,-0.71751657089726,5.046680642465557,0.2670037825525748,1.109988962966388
866,10.392728795766406,11.189589010975087,-0.7968602152088806,4.587278723329636,0.2445851858340958,1.163602381553849
867,11.197154276262726,11.729716724433604,-0.5325624481708928,4.887704292436418,0.2980209286268557,1.0406868060815242
868,10.40002827768706,11.199433506205377,-0.7994052285182534,4.114097439396648,0.23385561608564506,1.1904855246328137
869,10.109283964842124,10.976850242095718,-0.8675662772534452,4.660260472209533,0.23442125610578865,1.189046787611795
870,10.399666266532567,11.118280309507913,-0.7186140429753323,3.9221601261098336,0.2434542395955612,1.1663963351449156
871,10.185407058011723,10.73513146500584,-0.5497244069940734,3.329752981166905,0.260608274423442,1.124954597028882
872,10.823222843635111,11.543080166724646,-0.7198573230893999,4.485621066962587,0.2557748036156204,1.1364344048929778
873,10.342085702914918,11.196720935894579,-0.85463523297949,4.262530461846563,0.22801898541339216,1.205477586797637
874,10.33281557196904,11.147682688296616,-0.8148671163278323,4.421900792077388,0.2380953492935956,1.1797608381055293
875,10.78273287358218,11.672054478550915,-0.8893216049686998,3.9799868550456914,0.21581884647141122,1.2377228420664441
876,10.692948699138359,11.580199233133623,-0.8872505339952568,3.7552018975738655,0.21056872090963408,1.2520031369423097
877,10.066040581735141,11.002261785395032,-0.9362212036596702,4.041174950880137,0.2098639250607642,1.2539396962676082
878,9.819535036258802,10.430734480096437,-0.6111994438376769,4.384078027854876,0.273529834414312,1.0949698752362511
879,10.396231077098609,11.114391501616542,-0.7181604245176914,4.423382747764418,0.25477950876394023,1.1388169543723476
880,10.436047778587525,11.26056747220954,-0.8245196936218235,3.4044110372079004,0.21149342204024402,1.2494694459208893
881,10.793844328600816,11.590361529299319,-0.7965172006984176,4.61687883969768,0.24524786811100333,1.1619694657693012
882,10.14554623584593,10.874540279313852,-0.7289940434675373,3.977433212699381,0.24291428054018874,1.1677334973612592
883,10.567663366365768,11.171113172828765,-0.6034498064632317,5.168787041331669,0.28948355960875655,1.0592552268878603
884,11.19766533839368,11.827216021982213,-0.6295506835883771,4.4739477923425,0.27191439021865565,1.0986645969025781
885,10.408197834084266,11.262759270717599,-0.8545614366332757,4.941583281013287,0.24207827742163926,1.1698079157788182
886,10.175876457817939,10.857514040481224,-0.6816375826631429,3.613442040075629,0.24248567542469202,1.168796389434445
887,10.293928942429492,10.898886531631707,-0.6049575892022858,4.800276209687965,0.28275846428941775,1.0741432911165012
888,10.819380125078059,11.439771776699647,-0.6203916516215031,4.2142411898970416,0.26822694052944057,1.107154951497431
889,10.403701663262272,11.188211387596073,-0.7845097243337023,3.344550470994676,0.21663600993606752,1.2355227634399177
890,9.960578103716788,10.539990916851831,-0.5794128131351499,4.123365916257711,0.27411871203302335,1.0936267504335242
891,10.04956653876491,10.8104512722044,-0.760884733439525,4.574886279692169,0.25045567312371625,1.1492432944570157
892,10.725410355782405,11.564998436891468,-0.8395880811087864,4.431386111035536,0.23419408539971515,1.1896243131229418
893,10.326159172929582,11.10019800280141,-0.7740388298718699,3.336063084526881,0.21821692475041485,1.2312833023532883
894,10.260742571076097,11.024451793475006,-0.763709222398802,4.0408646130855175,0.23829246360151757,1.1792655196887607
895,10.628586380256483,11.442669773671856,-0.8140833934153306,4.036273942382884,0.229552229894081,1.201513095127459
896,10.009339171827268,10.796019480924489,-0.7866803090971644,4.302055020454116,0.24025743890425966,1.1743435681399907
897,10.830149473772853,11.43303943197036,-0.6028899581974656,6.269692595071188,0.3058736029096236,1.023918856552732
898,10.611907084573094,11.29235668669585,-0.6804496021229625,4.482122252156213,0.26274433556689825,1.1199282574374874
899,10.136795874642193,10.795182182374166,-0.6583863077319165,5.323993077429961,0.2821644464791767,1.0754697991085282
900,10.78425531820233,11.487685518065998,-0.7034301998637602,4.488372380252386,0.25874692383311027,1.1293578079721622
901,10.804027658923477,11.6815784295644,-0.8775507706409371,4.312467668707075,0.22540775545335417,1.2122733664708754
902,10.508332048398987,11.207844116968506,-0.6995120685694474,3.8795617508886586,0.2458835218187182,1.1604060571074675
903,10.140411219864635,11.039065855520032,-0.8986546356554754,4.557449638029368,0.22731718489317154,1.2072985604051278
904,10.179700780503826,10.906738530998641,-0.727037750494901,4.813616860999616,0.2610271152330531,1.1239667891883234
905,10.321774044888915,11.038977979276314,-0.7172039343877259,3.4767908834836483,0.23229955418334922,1.1944562257281746
906,10.35350982561511,11.011700882415976,-0.6581910568006606,3.9278717394332325,0.2546603610640194,1.1391026051309507
907,10.485386936336116,11.167646921932832,-0.6822599855966018,3.890344496111048,0.24930295736932526,1.1520440868708863
908,10.458022779418005,11.20889034561694,-0.7508675661988491,4.314686467848549,0.24670976945304599,1.1583781068803292
909,10.256102181902524,11.037947201949745,-0.7818450200470579,3.969115603640901,0.23345090167224267,1.191516452665189
910,10.60058084482569,11.5428416357957,-0.9422607909696126,4.647605853456572,0.22236697552951595,1.2202582915517797
911,10.458178822453764,11.135189280106392,-0.6770104576523863,4.4385112627895715,0.26247109153336723,1.1205696460268006
912,10.672913134934678,11.570739305291301,-0.8978261703568933,3.756575557983883,0.20890595750327284,1.2565794565771138
913,10.504920053651293,11.321863978632432,-0.8169439249811603,3.9963849674042855,0.22812260155313935,1.2052090707370462
914,10.577883388984791,11.259059581953085,-0.6811761929684508,4.533563272839345,0.2636576829924272,1.1177876835930791
915,10.30613222112277,11.03511351644023,-0.7289812953172259,4.501655063158488,0.25449870083328935,1.1394903262673952
916,10.470904174670412,11.188722458861964,-0.7178182841914804,4.190026933906356,0.24979369196933424,1.150850628823324
917,10.230349011521302,11.11444485226934,-0.8840958407477046,5.009461458110053,0.23863812513196533,1.1783976224340942
918,10.323837985352728,11.039070709312025,-0.7152327239593887,3.8931747446849663,0.2433644086505368,1.1666186491304413
919,10.284350429559826,11.001967122318963,-0.7176166927595204,4.104842627243503,0.24790827847250546,1.1554449136974092
920,9.79436167715301,10.53455167406408,-0.7401899969108854,4.117460047872509,0.24418638615622487,1.1645865612888076
921,10.575685396687621,11.411912915252888,-0.8362275185654653,3.7895795031044877,0.21980773485093932,1.227039527177468
922,10.440982567039217,10.774521549308705,-0.3335389822693742,5.366253154821042,0.34502250830837833,0.944287976702725
923,10.435231234012807,11.08018864221096,-0.6449574081982519,4.039556046597365,0.25972948826055964,1.1270307307166203
924,10.707027009130233,11.195935311288185,-0.48890830215782444,4.479631127773143,0.2992594312882569,1.0380228196450305
925,10.738311250974792,11.468658947637909,-0.7303476966631024,3.810764692947462,0.23863096995848862,1.1784155788605213
926,10.24755670093862,11.051960664591252,-0.8044039636527032,4.68933508123007,0.24538835840296008,1.1616236813967427
927,10.127676831603257,10.810658634800223,-0.6829818031972081,4.785012519229287,0.2682498483136347,1.107101959821928
928,10.684960233764858,11.447438381826021,-0.7624781480610636,4.130054740926461,0.24057109022941575,1.1735605506746898
929,10.509743313284051,11.318667077247309,-0.8089237639633211,4.215440895984429,0.2345568677807905,1.1887022173190163
930,9.884377936852733,10.70464146993476,-0.8202635330819703,4.715615129768828,0.2432743983660894,1.166841464792092
931,10.325915437631355,11.129371148494027,-0.8034557108626359,4.912617311533374,0.2499075049062881,1.1505740718075814
932,9.946020795481335,10.664289573420138,-0.7182687779388743,4.613554550559346,0.25865462336984063,1.1295767240970955
933,10.460241380746883,11.001410718473277,-0.5411693377261599,4.116888650610342,0.2815039838040246,1.0769469111874674
934,10.997586408543274,11.613645650758226,-0.6160592422149875,5.216887674047811,0.2879840219567117,1.062554518223536
935,10.335257110298588,11.116554588543298,-0.7812974782448237,3.2762709187456096,0.2152177500061944,1.2393450280281433
936,10.057892077409523,10.887395424381378,-0.8295033469719328,3.964718448260669,0.22525528674506187,1.212671901611724
937,10.88862242037715,11.73762736306811,-0.8490049426909536,3.6745985615292973,0.2147306190761193,1.2406620503354735
938,10.498720599829202,11.247364791959601,-0.7486441921305413,3.714433546901084,0.23294631485182432,1.1928035617744341
939,9.978506778725777,10.710729652497417,-0.7322228737716614,3.311174076797137,0.22492716387220849,1.2135302298484334
940,10.183483884458045,10.957341416393025,-0.7738575319349366,4.532173374757338,0.2473532711566042,1.1568019838246797
941,9.925825195396673,10.550492507208826,-0.624667311812118,3.7404560129697337,0.2564757921520289,1.134760233738991
942,10.640927085216962,11.175353781483526,-0.5344266962665642,5.04381312257194,0.3003090909552114,1.0357707833877585
943,10.84177186177283,11.549914356586303,-0.7081424948137283,3.7918285738837554,0.24216186031724773,1.169600290668824
944,10.297330229742219,10.854044378968918,-0.5567141492267638,4.252212746179389,0.28128977749175044,1.0774264844004229
945,10.314657206706332,10.86225090963936,-0.5475937029329998,5.636712385673469,0.3070563964240992,1.0214180938371915
946,10.590553807870155,11.280623272352852,-0.6900694644825762,4.983370297424731,0.2706659267048537,1.1015302952806654
947,10.184372513377074,10.919502358539258,-0.7351298451621915,4.012685508041223,0.2426545011370475,1.168377563247505
948,9.991289920550916,10.974479513017858,-0.9831895924671699,4.21787057680563,0.20677720183905643,1.262476987571086
949,10.118634827756186,10.806588007214234,-0.6879531794581908,4.069617028888484,0.25246281458806563,1.1443878745467517
950,10.347306886477671,10.980973270037463,-0.6336663835597847,4.108489664222379,0.26340537880972836,1.118378486029783
951,10.396820198093454,11.120882866509515,-0.7240626684160816,3.559310602867235,0.23328700722613951,1.191934301043662
952,10.428518406771335,11.029465988248798,-0.600947581477385,4.456805277869005,0.2769396022111236,1.0872199814252785
953,10.548608422316764,11.231908603182344,-0.6833001808654444,4.395917719851628,0.2604462697767031,1.1253369686193557
954,9.827335064749949,10.962976590724242,-1.1356415259740515,2.8140013328560123,0.14721336681583017,1.4494449377098821
955,9.998183754807432,10.702819340625613,-0.7046355858178686,4.561064163563412,0.260012362322262,1.1263619104033995
956,9.928469568219388,10.641672470613837,-0.7132029023946416,4.684025123675628,0.26094245248087405,1.1241663721373014
957,10.3265352594907,11.160488434717362,-0.8339531752262701,3.9405115236438775,0.22392671691920646,1.2161528084366393
958,10.440577572977535,11.13294154707317,-0.6923639740955423,4.169067811935946,0.2539058968982359,1.1409135577735505
959,10.39722347573036,11.14635937705749,-0.7491359013272358,4.8510631106871,0.2579196356023528,1.1313218866600667
960,10.636786228584814,11.34142956333051,-0.7046433347456968,3.9223454610346877,0.24598066787327008,1.160167373335576
961,10.379789286533995,11.12658632673244,-0.746797040198544,4.308058943517992,0.2472760552985726,1.1569909562155178
962,10.284321674100855,10.91197003560583,-0.6276483615049528,4.096486755480587,0.2642736823250356,1.1163468791654727
963,10.237368520975568,10.75606507047517,-0.5186965494997366,4.0042975450238565,0.2835766210582968,1.072319344269202
964,10.533373333814442,11.244247130999593,-0.7108737971855135,4.051803096944806,0.24790010856559025,1.1554648748272456
965,11.030604541662687,12.012697441829115,-0.9820929001664354,3.714976972645051,0.1947410746172618,1.2966806943447617
966,10.471584426379312,11.294092223588432,-0.8225077972092549,5.11272164921678,0.25049336270188954,1.1491518709613313
967,10.07517032986846,10.92221659345061,-0.8470462635823424,3.380734106479931,0.20705772326457975,1.261697315482513
968,11.006336124240423,11.665371171813693,-0.6590350475737523,3.8904354011871334,0.25361310897818884,1.1416173500770064
969,10.546375749703774,11.104872639923553,-0.5584968902196579,4.321885655799743,0.28237443370509824,1.0750006580678948
970,9.911348178821644,10.743524503749764,-0.8321763249282412,4.288455811722677,0.23230020668516316,1.1944545567495561
971,10.529514372827752,11.183979846529493,-0.6544654737015208,4.878966879877357,0.2751225115069599,1.0913417995469772
972,10.927983018506783,11.555374290760962,-0.6273912722542718,4.180796063486643,0.26618094755678456,1.1119004678093924
973,10.595038391228517,11.222845093757623,-0.6278067025291421,5.1140487337728935,0.28411532967808845,1.0711203266171359
974,10.250406859181911,11.212839891253868,-0.9624330320718855,4.664539183042045,0.21961959259571467,1.2275402786692744
975,10.826936572041067,11.701781968891229,-0.8748453968501053,5.122971002982073,0.24222929986567654,1.1694328033823278
976,9.963012236629883,10.69254839077222,-0.7295361541423517,3.0570891736504713,0.21777562080569743,1.2324644972508558
977,10.654550185643647,11.329249681310504,-0.6746994956668004,5.448319006911596,0.281326003217213,1.0773453634641401
978,10.685240450096789,11.292877921661212,-0.6076374715644306,4.205621449722614,0.27046278805152496,1.1019974319756156
979,10.526882492734675,10.983785744419091,-0.45690325168448,5.041913969874557,0.31536397396118787,1.0040303727741415
980,10.153094770815077,10.80851559258981,-0.6554208217744417,4.617772296518034,0.27000239820186867,1.1030570334213288
981,10.422849613946145,11.113041011724622,-0.6901913977785625,4.329190925606731,0.2577904923464168,1.1316288818020912
982,10.327627782689778,11.334870906631178,-1.0072431239416346,3.948190513485496,0.1968164896554665,1.2906747331656052
983,10.446563660394649,11.15774449670268,-0.7111808363081309,3.6607245802934223,0.2382859132084104,1.1792819751876864
984,10.658422763333991,11.504240623982351,-0.8458178606479123,2.6992638742847177,0.1857675716675372,1.3232039232817374
985,10.550857763723233,11.331037621827914,-0.780179858104475,4.544314239651396,0.2465256142112553,1.1588296866127554
986,10.7434080820118,11.516225898777275,-0.7728178167653823,4.448933575644126,0.2457916830574191,1.1606317618884352
987,10.202563533195079,10.987914419573574,-0.78535088637841,4.195160026213248,0.23810427528695566,1.1797384021785267
988,10.166823706754375,10.971357274988652,-0.8045335682343193,3.9803392230064745,0.22983778655045892,1.2007768181311342
989,10.343829490912984,10.962166342438326,-0.6183368515251004,4.281523263208975,0.2700497727096084,1.1029479423697277
990,9.950636239136092,10.528082673938389,-0.5774464348023685,4.5327145682504515,0.28290564985086275,1.0738149014157974
991,10.4779885299555,11.036853280534782,-0.5588647505792323,4.469853312305755,0.2852570677322698,1.0685842076141947
992,10.412757907900076,11.348095897453252,-0.9353379895530907,4.6041792834630115,0.2225376799718893,1.219807968408357
993,10.346135434800889,11.22988453699028,-0.8837491021893129,3.868628455701785,0.21399136918688436,1.2426648299868572
994,10.351217109929966,11.03131040920724,-0.6800932992773596,4.238073321569264,0.2576581262735631,1.1319436488359031
995,10.646402103293557,11.792371530273098,-1.145969426979491,4.0274757903807235,0.17903234193391163,1.343740419664851
996,10.549186117698472,11.46499503319637,-0.9158089154977915,4.171411316371813,0.21611365551738432,1.2369284266282257
997,10.567013669842826,11.187637422790171,-0.6206237529472673,4.490923045419777,0.27391991059749843,1.0940799603671048
998,10.433610377005497,11.144151141079664,-0.7105407640740395,4.950219312934532,0.26646413874936853,1.1112421360553548
999,10.518497817360075,11.308519183345982,-0.7900213659859219,3.972771514603558,0.23213287599181806,1.1948826666542782
